[boot] entered __main__, sending Bark start notification...
[boot] Bark call returned, continuing setup...
BetterLViT
Paper experiment M2 / m2_text_regroup: R2 + image-value context regrouping with regroup_text anchors
Controlled factors: decoder_fusion=fam_eppa_v4b, RACE=False, LoRA=False, loss=dice_focal, seed=1219
Local runtime: batch_size=16, train_drop_last=True, deterministic=True, MIOpen=True, MIOPEN_FIND_MODE=unset
transformer head num: 4
transformer layers num: 4
transformer expand ratio: 4
total params: 149270999 (149.27M)
trainable params: 39641501 (39.64M, 26.56%)
Objective: dice_focal (boundary_weight=0.0)
Optimizer groups: decay=176 tensors, no_decay=328 tensors; EPPA residual gates are protected from L2 decay
log dir: 

========= Epoch [1/80] =========
M2_Test_session_09.13_22h33
Training with batch size : 16
   [Train] Epoch: [1][20/357]  Loss:0.281 (Avg 0.3745) IoU:0.455 (Avg 0.2759) Dice:0.5963 (Avg 0.3942) LR 3.00e-04   (AvgTime 0.6)   
   [Train] Epoch: [1][40/357]  Loss:0.251 (Avg 0.3414) IoU:0.491 (Avg 0.3288) Dice:0.6183 (Avg 0.4507) LR 3.00e-04   (AvgTime 0.6)   
   [Train] Epoch: [1][60/357]  Loss:0.320 (Avg 0.3223) IoU:0.319 (Avg 0.3576) Dice:0.4543 (Avg 0.4808) LR 3.00e-04   (AvgTime 0.6)   
   [Train] Epoch: [1][80/357]  Loss:0.206 (Avg 0.3086) IoU:0.542 (Avg 0.3779) Dice:0.6809 (Avg 0.5039) LR 3.00e-04   (AvgTime 0.6)   
   [Train] Epoch: [1][100/357]  Loss:0.270 (Avg 0.2972) IoU:0.415 (Avg 0.3942) Dice:0.5397 (Avg 0.5214) LR 3.00e-04   (AvgTime 0.6)   
   [Train] Epoch: [1][120/357]  Loss:0.246 (Avg 0.2858) IoU:0.453 (Avg 0.4118) Dice:0.5763 (Avg 0.5400) LR 3.00e-04   (AvgTime 0.6)   
   [Train] Epoch: [1][140/357]  Loss:0.204 (Avg 0.2800) IoU:0.479 (Avg 0.4186) Dice:0.6126 (Avg 0.5477) LR 3.00e-04   (AvgTime 0.6)   
   [Train] Epoch: [1][160/357]  Loss:0.256 (Avg 0.2737) IoU:0.428 (Avg 0.4281) Dice:0.5594 (Avg 0.5574) LR 3.00e-04   (AvgTime 0.6)   
   [Train] Epoch: [1][180/357]  Loss:0.258 (Avg 0.2688) IoU:0.383 (Avg 0.4351) Dice:0.5248 (Avg 0.5645) LR 3.00e-04   (AvgTime 0.6)   
   [Train] Epoch: [1][200/357]  Loss:0.217 (Avg 0.2639) IoU:0.527 (Avg 0.4420) Dice:0.6490 (Avg 0.5713) LR 3.00e-04   (AvgTime 0.6)   
   [Train] Epoch: [1][220/357]  Loss:0.225 (Avg 0.2596) IoU:0.489 (Avg 0.4475) Dice:0.6129 (Avg 0.5770) LR 3.00e-04   (AvgTime 0.6)   
   [Train] Epoch: [1][240/357]  Loss:0.259 (Avg 0.2558) IoU:0.421 (Avg 0.4521) Dice:0.5603 (Avg 0.5817) LR 3.00e-04   (AvgTime 0.6)   
   [Train] Epoch: [1][260/357]  Loss:0.199 (Avg 0.2528) IoU:0.548 (Avg 0.4559) Dice:0.6709 (Avg 0.5854) LR 3.00e-04   (AvgTime 0.6)   
   [Train] Epoch: [1][280/357]  Loss:0.201 (Avg 0.2504) IoU:0.506 (Avg 0.4594) Dice:0.6595 (Avg 0.5890) LR 3.00e-04   (AvgTime 0.6)   
   [Train] Epoch: [1][300/357]  Loss:0.195 (Avg 0.2474) IoU:0.551 (Avg 0.4638) Dice:0.6881 (Avg 0.5933) LR 3.00e-04   (AvgTime 0.6)   
   [Train] Epoch: [1][320/357]  Loss:0.151 (Avg 0.2438) IoU:0.596 (Avg 0.4693) Dice:0.7388 (Avg 0.5987) LR 3.00e-04   (AvgTime 0.6)   
   [Train] Epoch: [1][340/357]  Loss:0.205 (Avg 0.2409) IoU:0.599 (Avg 0.4734) Dice:0.7352 (Avg 0.6028) LR 3.00e-04   (AvgTime 0.6)   
   [Train] Epoch: [1][357/357]  Loss:0.181 (Avg 0.2378) IoU:0.567 (Avg 0.4781) Dice:0.6888 (Avg 0.6073) LR 3.00e-04   (AvgTime 0.6)   
   [Train] Loss components: dice=0.390300, focal=0.085395, total=0.237848
Validation
[ WARN:0@211.844] global loadsave.cpp:848 imwrite_ Unsupported depth image for selected encoder is fallbacked to CV_8U.
   [Val] Epoch: [1][20/90]  Loss:0.245 (Avg 0.2007) IoU:0.424 (Avg 0.5327) Dice:0.5594 (Avg 0.6617) (AvgTime 0.3)   
   [Val] Epoch: [1][40/90]  Loss:0.243 (Avg 0.2133) IoU:0.423 (Avg 0.5153) Dice:0.5744 (Avg 0.6430) (AvgTime 0.3)   
   [Val] Epoch: [1][60/90]  Loss:0.246 (Avg 0.2133) IoU:0.435 (Avg 0.5075) Dice:0.5652 (Avg 0.6362) (AvgTime 0.3)   
   [Val] Epoch: [1][80/90]  Loss:0.239 (Avg 0.2187) IoU:0.449 (Avg 0.4922) Dice:0.5836 (Avg 0.6226) (AvgTime 0.3)   
   [Val] Epoch: [1][90/90]  Loss:0.308 (Avg 0.2212) IoU:0.349 (Avg 0.4873) Dice:0.4752 (Avg 0.6176) (AvgTime 0.3)   
   [Val] Loss components: dice=0.354602, focal=0.087728, total=0.221165
	 No iou improvement; selected epoch 1
	 early_stopping_count: 0/80
--- Epoch History (1..1) ---
Epoch |  TrainLoss |  TrainDice |  TrainIoU |    ValLoss |    ValDice |    ValIoU |         LR | Best
    1 |     0.2378 |     0.6073 |    0.4781 |     0.2212 |     0.6176 |    0.4873 |   3.00e-04 |    *
--- R2 + image-value context regrouping with regroup_text anchors validation statistics ---
up4: ca=0.9397+/-0.1157, sa=0.9967+/-0.0083, amp=0.0000, suppress=0.0000, guide_abs=0.4469
up4 residuals: local_mean=-2.248e-02, global_mean=-0.0109, local_strength=0.1026, global_strength=0.1002, gain=[0.9562,1.0225], saturation=0.0020, text_film=0.0252
up4 haar: reconstruction_error=4.768e-07, skip_low/high=0.8648/0.1352, plam_low/high=1.0000/0.0000
up4 strengths: plam=0.9961, region=0.1026, detail=0.1002; residual_std region/detail/refine=0.2131/0.2921/0.0589
up4 guide_mix: entropy=0.9583, raw_low=0.3024, plam_low=0.2747, decoder_low=0.3074, detail=0.1155; agreement plam/decoder=0.3216/0.3416, support=0.7203+/-0.0678
up4 adaptive_frequency: ALPF strength=0.2054, weights=0.2174/0.5566/0.2261, sum=1.0000, entropy=0.8714, delta_std=0.1264; AHPF strength=0.0812, weights=0.3147/0.5036/0.1817, sum=1.0000, entropy=0.9254, residual_std=0.1238, scaled_std=0.0101
up3: ca=0.9371+/-0.1780, sa=0.9994+/-0.0069, amp=0.0000, suppress=0.0000, guide_abs=0.4094
up3 residuals: local_mean=-1.187e-02, global_mean=0.0060, local_strength=0.1042, global_strength=0.1025, gain=[0.9661,1.0319], saturation=0.0000, text_film=0.0679
up3 haar: reconstruction_error=6.855e-07, skip_low/high=0.8577/0.1423, plam_low/high=1.0000/0.0000
up3 strengths: plam=0.9959, region=0.1042, detail=0.1025; residual_std region/detail/refine=0.1904/0.2797/0.0612
up3 guide_mix: entropy=0.9565, raw_low=0.3049, plam_low=0.2788, decoder_low=0.3038, detail=0.1125; agreement plam/decoder=0.7228/0.1288, support=0.5791+/-0.0160
up3 adaptive_frequency: ALPF strength=0.2042, weights=0.2613/0.6026/0.1362, sum=1.0000, entropy=0.8365, delta_std=0.0627; AHPF strength=0.0835, weights=0.2725/0.4529/0.2746, sum=1.0000, entropy=0.8998, residual_std=0.1488, scaled_std=0.0124
up2: ca=0.9242+/-0.1677, sa=0.9991+/-0.0041, amp=0.0000, suppress=0.0000, guide_abs=0.3582
up2 residuals: local_mean=-7.152e-04, global_mean=-0.0085, local_strength=0.1014, global_strength=0.1009, gain=[0.9697,1.0229], saturation=0.0000, text_film=0.0434
up2 haar: reconstruction_error=9.537e-07, skip_low/high=0.8771/0.1229, plam_low/high=1.0000/0.0000
up2 strengths: plam=0.9938, region=0.1014, detail=0.1009; residual_std region/detail/refine=0.0428/0.2327/0.0590
up2 guide_mix: entropy=0.9337, raw_low=0.3072, plam_low=0.2999, decoder_low=0.3092, detail=0.0837; agreement plam/decoder=0.3731/-0.1417, support=0.5162+/-0.0135
up1: ca=0.9527+/-0.1546, sa=0.9969+/-0.0123, amp=0.0000, suppress=0.0000, guide_abs=0.3477
up1 residuals: local_mean=-2.336e-02, global_mean=-0.0064, local_strength=0.1089, global_strength=0.0995, gain=[0.9095,1.0842], saturation=0.0000, text_film=0.0683
up1 haar: reconstruction_error=1.907e-06, skip_low/high=0.8573/0.1427, plam_low/high=1.0000/0.0000
up1 strengths: plam=0.9930, region=0.1089, detail=0.0995; residual_std region/detail/refine=0.2968/0.2947/0.0669
up1 guide_mix: entropy=0.9134, raw_low=0.3136, plam_low=0.3065, decoder_low=0.3157, detail=0.0642; agreement plam/decoder=0.4667/-0.0448, support=0.5841+/-0.0603

========= Epoch [2/80] =========
M2_Test_session_09.13_22h33
Training with batch size : 16
   [Train] Epoch: [2][20/357]  Loss:0.187 (Avg 0.1875) IoU:0.537 (Avg 0.5489) Dice:0.6611 (Avg 0.6746) LR 3.00e-04   (AvgTime 0.6)   
   [Train] Epoch: [2][40/357]  Loss:0.168 (Avg 0.1888) IoU:0.590 (Avg 0.5479) Dice:0.7121 (Avg 0.6731) LR 3.00e-04   (AvgTime 0.6)   
   [Train] Epoch: [2][60/357]  Loss:0.212 (Avg 0.1897) IoU:0.527 (Avg 0.5440) Dice:0.6519 (Avg 0.6712) LR 3.00e-04   (AvgTime 0.6)   
   [Train] Epoch: [2][80/357]  Loss:0.233 (Avg 0.1911) IoU:0.498 (Avg 0.5428) Dice:0.6349 (Avg 0.6705) LR 3.00e-04   (AvgTime 0.6)   
   [Train] Epoch: [2][100/357]  Loss:0.177 (Avg 0.1870) IoU:0.589 (Avg 0.5507) Dice:0.6961 (Avg 0.6774) LR 3.00e-04   (AvgTime 0.6)   
   [Train] Epoch: [2][120/357]  Loss:0.188 (Avg 0.1842) IoU:0.582 (Avg 0.5560) Dice:0.6813 (Avg 0.6824) LR 3.00e-04   (AvgTime 0.6)   
   [Train] Epoch: [2][140/357]  Loss:0.186 (Avg 0.1831) IoU:0.556 (Avg 0.5595) Dice:0.6837 (Avg 0.6856) LR 3.00e-04   (AvgTime 0.5)   
   [Train] Epoch: [2][160/357]  Loss:0.260 (Avg 0.1823) IoU:0.403 (Avg 0.5611) Dice:0.5324 (Avg 0.6871) LR 3.00e-04   (AvgTime 0.5)   
   [Train] Epoch: [2][180/357]  Loss:0.209 (Avg 0.1825) IoU:0.500 (Avg 0.5612) Dice:0.6162 (Avg 0.6868) LR 3.00e-04   (AvgTime 0.5)   
   [Train] Epoch: [2][200/357]  Loss:0.155 (Avg 0.1817) IoU:0.609 (Avg 0.5621) Dice:0.7309 (Avg 0.6878) LR 3.00e-04   (AvgTime 0.5)   
   [Train] Epoch: [2][220/357]  Loss:0.168 (Avg 0.1811) IoU:0.609 (Avg 0.5631) Dice:0.7296 (Avg 0.6883) LR 3.00e-04   (AvgTime 0.5)   
   [Train] Epoch: [2][240/357]  Loss:0.186 (Avg 0.1805) IoU:0.566 (Avg 0.5643) Dice:0.6633 (Avg 0.6896) LR 3.00e-04   (AvgTime 0.5)   
   [Train] Epoch: [2][260/357]  Loss:0.177 (Avg 0.1801) IoU:0.560 (Avg 0.5651) Dice:0.6900 (Avg 0.6903) LR 3.00e-04   (AvgTime 0.5)   
   [Train] Epoch: [2][280/357]  Loss:0.166 (Avg 0.1792) IoU:0.569 (Avg 0.5661) Dice:0.7016 (Avg 0.6913) LR 3.00e-04   (AvgTime 0.5)   
   [Train] Epoch: [2][300/357]  Loss:0.180 (Avg 0.1781) IoU:0.571 (Avg 0.5678) Dice:0.6961 (Avg 0.6928) LR 3.00e-04   (AvgTime 0.5)   
   [Train] Epoch: [2][320/357]  Loss:0.161 (Avg 0.1773) IoU:0.579 (Avg 0.5696) Dice:0.7118 (Avg 0.6946) LR 3.00e-04   (AvgTime 0.5)   
   [Train] Epoch: [2][340/357]  Loss:0.140 (Avg 0.1765) IoU:0.673 (Avg 0.5709) Dice:0.7889 (Avg 0.6957) LR 3.00e-04   (AvgTime 0.5)   
   [Train] Epoch: [2][357/357]  Loss:0.131 (Avg 0.1754) IoU:0.654 (Avg 0.5727) Dice:0.7600 (Avg 0.6971) LR 3.00e-04   (AvgTime 0.5)   
   [Train] Loss components: dice=0.279088, focal=0.071742, total=0.175415
Validation
   [Val] Epoch: [2][20/90]  Loss:0.182 (Avg 0.1535) IoU:0.539 (Avg 0.6200) Dice:0.6672 (Avg 0.7367) (AvgTime 0.3)   
   [Val] Epoch: [2][40/90]  Loss:0.173 (Avg 0.1623) IoU:0.543 (Avg 0.6017) Dice:0.6837 (Avg 0.7188) (AvgTime 0.2)   
   [Val] Epoch: [2][60/90]  Loss:0.202 (Avg 0.1599) IoU:0.524 (Avg 0.6015) Dice:0.6481 (Avg 0.7182) (AvgTime 0.2)   
   [Val] Epoch: [2][80/90]  Loss:0.178 (Avg 0.1628) IoU:0.539 (Avg 0.5908) Dice:0.6697 (Avg 0.7097) (AvgTime 0.2)   
   [Val] Epoch: [2][90/90]  Loss:0.245 (Avg 0.1642) IoU:0.428 (Avg 0.5868) Dice:0.5480 (Avg 0.7061) (AvgTime 0.2)   
   [Val] Loss components: dice=0.270665, focal=0.057762, total=0.164214
	 No iou improvement; selected epoch 1
	 early_stopping_count: 1/80
--- Epoch History (1..2) ---
Epoch |  TrainLoss |  TrainDice |  TrainIoU |    ValLoss |    ValDice |    ValIoU |         LR | Best
    1 |     0.2378 |     0.6073 |    0.4781 |     0.2212 |     0.6176 |    0.4873 |   3.00e-04 |    *
    2 |     0.1754 |     0.6971 |    0.5727 |     0.1642 |     0.7061 |    0.5868 |   3.00e-04 |     
--- R2 + image-value context regrouping with regroup_text anchors validation statistics ---
up4: ca=0.9189+/-0.1240, sa=0.9967+/-0.0117, amp=0.0000, suppress=0.0000, guide_abs=0.3486
up4 residuals: local_mean=-3.328e-02, global_mean=-0.0010, local_strength=0.1044, global_strength=0.0990, gain=[0.9258,1.0355], saturation=0.0163, text_film=0.0250
up4 haar: reconstruction_error=4.768e-07, skip_low/high=0.8268/0.1732, plam_low/high=1.0000/0.0000
up4 strengths: plam=0.9936, region=0.1044, detail=0.0990; residual_std region/detail/refine=0.3465/0.3525/0.0506
up4 guide_mix: entropy=0.9712, raw_low=0.3039, plam_low=0.2604, decoder_low=0.2977, detail=0.1381; agreement plam/decoder=0.5285/0.0385, support=0.7046+/-0.0818
up4 adaptive_frequency: ALPF strength=0.2083, weights=0.2258/0.5151/0.2591, sum=1.0000, entropy=0.8358, delta_std=0.1375; AHPF strength=0.0814, weights=0.3088/0.5144/0.1768, sum=1.0000, entropy=0.9165, residual_std=0.1564, scaled_std=0.0127
up3: ca=0.9599+/-0.1819, sa=0.9973+/-0.0115, amp=0.0000, suppress=0.0000, guide_abs=0.3402
up3 residuals: local_mean=-2.312e-02, global_mean=-0.0026, local_strength=0.1072, global_strength=0.1046, gain=[0.9323,1.0522], saturation=0.0000, text_film=0.0469
up3 haar: reconstruction_error=9.537e-07, skip_low/high=0.8238/0.1762, plam_low/high=1.0000/0.0000
up3 strengths: plam=0.9916, region=0.1072, detail=0.1046; residual_std region/detail/refine=0.3451/0.3206/0.0940
up3 guide_mix: entropy=0.9670, raw_low=0.2967, plam_low=0.2748, decoder_low=0.2997, detail=0.1288; agreement plam/decoder=0.3470/0.0347, support=0.5888+/-0.0574
up3 adaptive_frequency: ALPF strength=0.2080, weights=0.2126/0.6543/0.1331, sum=1.0000, entropy=0.7899, delta_std=0.0682; AHPF strength=0.0855, weights=0.2717/0.3969/0.3314, sum=1.0000, entropy=0.9080, residual_std=0.1716, scaled_std=0.0147
up2: ca=0.9079+/-0.1476, sa=0.9996+/-0.0060, amp=0.0000, suppress=0.0000, guide_abs=0.3274
up2 residuals: local_mean=-1.679e-03, global_mean=-0.0026, local_strength=0.1046, global_strength=0.1018, gain=[0.9562,1.0417], saturation=0.0000, text_film=0.0216
up2 haar: reconstruction_error=9.537e-07, skip_low/high=0.8424/0.1576, plam_low/high=1.0000/0.0000
up2 strengths: plam=0.9898, region=0.1046, detail=0.1018; residual_std region/detail/refine=0.1230/0.2695/0.0468
up2 guide_mix: entropy=0.9512, raw_low=0.2910, plam_low=0.3031, decoder_low=0.3012, detail=0.1046; agreement plam/decoder=0.6354/-0.1496, support=0.5365+/-0.0368
up1: ca=0.9398+/-0.1405, sa=0.9967+/-0.0147, amp=0.0000, suppress=0.0000, guide_abs=0.2723
up1 residuals: local_mean=-2.983e-02, global_mean=-0.0004, local_strength=0.1123, global_strength=0.0997, gain=[0.8967,1.0905], saturation=0.0000, text_film=0.0278
up1 haar: reconstruction_error=2.608e-06, skip_low/high=0.8101/0.1899, plam_low/high=1.0000/0.0000
up1 strengths: plam=0.9884, region=0.1123, detail=0.0997; residual_std region/detail/refine=0.4450/0.3319/0.0595
up1 guide_mix: entropy=0.9295, raw_low=0.3000, plam_low=0.3339, decoder_low=0.2854, detail=0.0808; agreement plam/decoder=0.5623/-0.2679, support=0.5886+/-0.0749

========= Epoch [3/80] =========
M2_Test_session_09.13_22h33
Training with batch size : 16
   [Train] Epoch: [3][20/357]  Loss:0.143 (Avg 0.1560) IoU:0.642 (Avg 0.6036) Dice:0.7446 (Avg 0.7226) LR 3.00e-04   (AvgTime 0.5)   
   [Train] Epoch: [3][40/357]  Loss:0.146 (Avg 0.1574) IoU:0.621 (Avg 0.6028) Dice:0.7479 (Avg 0.7226) LR 3.00e-04   (AvgTime 0.5)   
   [Train] Epoch: [3][60/357]  Loss:0.168 (Avg 0.1579) IoU:0.581 (Avg 0.6031) Dice:0.7106 (Avg 0.7231) LR 3.00e-04   (AvgTime 0.5)   
   [Train] Epoch: [3][80/357]  Loss:0.167 (Avg 0.1584) IoU:0.564 (Avg 0.6041) Dice:0.6864 (Avg 0.7237) LR 3.00e-04   (AvgTime 0.5)   
   [Train] Epoch: [3][100/357]  Loss:0.169 (Avg 0.1586) IoU:0.558 (Avg 0.6038) Dice:0.6814 (Avg 0.7239) LR 3.00e-04   (AvgTime 0.5)   
   [Train] Epoch: [3][120/357]  Loss:0.123 (Avg 0.1585) IoU:0.663 (Avg 0.6033) Dice:0.7719 (Avg 0.7236) LR 3.00e-04   (AvgTime 0.5)   
   [Train] Epoch: [3][140/357]  Loss:0.155 (Avg 0.1568) IoU:0.620 (Avg 0.6055) Dice:0.7400 (Avg 0.7256) LR 3.00e-04   (AvgTime 0.5)   
   [Train] Epoch: [3][160/357]  Loss:0.142 (Avg 0.1573) IoU:0.629 (Avg 0.6051) Dice:0.7535 (Avg 0.7253) LR 3.00e-04   (AvgTime 0.5)   
   [Train] Epoch: [3][180/357]  Loss:0.240 (Avg 0.1564) IoU:0.402 (Avg 0.6061) Dice:0.5365 (Avg 0.7263) LR 3.00e-04   (AvgTime 0.5)   
   [Train] Epoch: [3][200/357]  Loss:0.148 (Avg 0.1557) IoU:0.617 (Avg 0.6071) Dice:0.7407 (Avg 0.7271) LR 3.00e-04   (AvgTime 0.5)   
   [Train] Epoch: [3][220/357]  Loss:0.220 (Avg 0.1564) IoU:0.480 (Avg 0.6052) Dice:0.6260 (Avg 0.7256) LR 3.00e-04   (AvgTime 0.5)   
   [Train] Epoch: [3][240/357]  Loss:0.138 (Avg 0.1559) IoU:0.662 (Avg 0.6056) Dice:0.7624 (Avg 0.7262) LR 3.00e-04   (AvgTime 0.5)   
   [Train] Epoch: [3][260/357]  Loss:0.151 (Avg 0.1559) IoU:0.627 (Avg 0.6054) Dice:0.7399 (Avg 0.7260) LR 3.00e-04   (AvgTime 0.5)   
   [Train] Epoch: [3][280/357]  Loss:0.196 (Avg 0.1567) IoU:0.534 (Avg 0.6041) Dice:0.6560 (Avg 0.7247) LR 3.00e-04   (AvgTime 0.5)   
   [Train] Epoch: [3][300/357]  Loss:0.160 (Avg 0.1564) IoU:0.566 (Avg 0.6047) Dice:0.6977 (Avg 0.7251) LR 3.00e-04   (AvgTime 0.5)   
   [Train] Epoch: [3][320/357]  Loss:0.191 (Avg 0.1566) IoU:0.501 (Avg 0.6040) Dice:0.6535 (Avg 0.7246) LR 3.00e-04   (AvgTime 0.5)   
   [Train] Epoch: [3][340/357]  Loss:0.155 (Avg 0.1568) IoU:0.677 (Avg 0.6039) Dice:0.7876 (Avg 0.7244) LR 3.00e-04   (AvgTime 0.5)   
   [Train] Epoch: [3][357/357]  Loss:0.157 (Avg 0.1564) IoU:0.620 (Avg 0.6043) Dice:0.7284 (Avg 0.7248) LR 3.00e-04   (AvgTime 0.5)   
   [Train] Loss components: dice=0.248495, focal=0.064381, total=0.156438
Validation
   [Val] Epoch: [3][20/90]  Loss:0.147 (Avg 0.1323) IoU:0.629 (Avg 0.6684) Dice:0.7547 (Avg 0.7807) (AvgTime 0.2)   
   [Val] Epoch: [3][40/90]  Loss:0.152 (Avg 0.1412) IoU:0.595 (Avg 0.6483) Dice:0.7279 (Avg 0.7616) (AvgTime 0.2)   
   [Val] Epoch: [3][60/90]  Loss:0.165 (Avg 0.1362) IoU:0.594 (Avg 0.6545) Dice:0.7110 (Avg 0.7659) (AvgTime 0.2)   
   [Val] Epoch: [3][80/90]  Loss:0.138 (Avg 0.1366) IoU:0.629 (Avg 0.6511) Dice:0.7545 (Avg 0.7637) (AvgTime 0.2)   
   [Val] Epoch: [3][90/90]  Loss:0.174 (Avg 0.1373) IoU:0.563 (Avg 0.6492) Dice:0.6974 (Avg 0.7621) (AvgTime 0.2)   
   [Val] Loss components: dice=0.223265, focal=0.051283, total=0.137274
	 No iou improvement; selected epoch 1
	 early_stopping_count: 2/80
--- Epoch History (1..3) ---
Epoch |  TrainLoss |  TrainDice |  TrainIoU |    ValLoss |    ValDice |    ValIoU |         LR | Best
    1 |     0.2378 |     0.6073 |    0.4781 |     0.2212 |     0.6176 |    0.4873 |   3.00e-04 |    *
    2 |     0.1754 |     0.6971 |    0.5727 |     0.1642 |     0.7061 |    0.5868 |   3.00e-04 |     
    3 |     0.1564 |     0.7248 |    0.6043 |     0.1373 |     0.7621 |    0.6492 |   3.00e-04 |     
--- R2 + image-value context regrouping with regroup_text anchors validation statistics ---
up4: ca=0.9175+/-0.1349, sa=0.9970+/-0.0105, amp=0.0000, suppress=0.0000, guide_abs=0.3771
up4 residuals: local_mean=-2.293e-02, global_mean=-0.0070, local_strength=0.1052, global_strength=0.0977, gain=[0.9331,1.0299], saturation=0.0388, text_film=0.0159
up4 haar: reconstruction_error=5.811e-07, skip_low/high=0.8182/0.1818, plam_low/high=1.0000/0.0000
up4 strengths: plam=0.9904, region=0.1052, detail=0.0977; residual_std region/detail/refine=0.3620/0.4070/0.0765
up4 guide_mix: entropy=0.9721, raw_low=0.2948, plam_low=0.2619, decoder_low=0.3040, detail=0.1393; agreement plam/decoder=0.7551/0.4092, support=0.7830+/-0.0740
up4 adaptive_frequency: ALPF strength=0.2102, weights=0.2366/0.5531/0.2103, sum=1.0000, entropy=0.8838, delta_std=0.1509; AHPF strength=0.0811, weights=0.3848/0.4520/0.1633, sum=1.0000, entropy=0.9083, residual_std=0.1536, scaled_std=0.0125
up3: ca=0.9846+/-0.1833, sa=0.9963+/-0.0115, amp=0.0000, suppress=0.0000, guide_abs=0.3781
up3 residuals: local_mean=-1.833e-02, global_mean=-0.0167, local_strength=0.1089, global_strength=0.1060, gain=[0.9297,1.0542], saturation=0.0000, text_film=0.0545
up3 haar: reconstruction_error=9.537e-07, skip_low/high=0.8319/0.1681, plam_low/high=1.0000/0.0000
up3 strengths: plam=0.9876, region=0.1089, detail=0.1060; residual_std region/detail/refine=0.3743/0.3793/0.1937
up3 guide_mix: entropy=0.9688, raw_low=0.3134, plam_low=0.2739, decoder_low=0.2797, detail=0.1331; agreement plam/decoder=0.6811/0.1095, support=0.6527+/-0.0495
up3 adaptive_frequency: ALPF strength=0.2112, weights=0.1936/0.6735/0.1329, sum=1.0000, entropy=0.7661, delta_std=0.0737; AHPF strength=0.0865, weights=0.2888/0.3842/0.3270, sum=1.0000, entropy=0.9047, residual_std=0.1767, scaled_std=0.0153
up2: ca=0.9120+/-0.1332, sa=0.9999+/-0.0057, amp=0.0000, suppress=0.0000, guide_abs=0.2806
up2 residuals: local_mean=-4.020e-04, global_mean=-0.0003, local_strength=0.1053, global_strength=0.1026, gain=[0.9522,1.0449], saturation=0.0000, text_film=0.0167
up2 haar: reconstruction_error=9.537e-07, skip_low/high=0.8502/0.1498, plam_low/high=1.0000/0.0000
up2 strengths: plam=0.9860, region=0.1053, detail=0.1026; residual_std region/detail/refine=0.1337/0.2690/0.0658
up2 guide_mix: entropy=0.9525, raw_low=0.2935, plam_low=0.3148, decoder_low=0.2847, detail=0.1069; agreement plam/decoder=0.6970/-0.2675, support=0.5363+/-0.0388
up1: ca=0.9137+/-0.1349, sa=0.9977+/-0.0146, amp=0.0000, suppress=0.0000, guide_abs=0.2682
up1 residuals: local_mean=-2.396e-02, global_mean=0.0032, local_strength=0.1135, global_strength=0.0998, gain=[0.8981,1.0931], saturation=0.0008, text_film=0.0325
up1 haar: reconstruction_error=2.027e-06, skip_low/high=0.8108/0.1892, plam_low/high=1.0000/0.0000
up1 strengths: plam=0.9845, region=0.1135, detail=0.0998; residual_std region/detail/refine=0.4654/0.3441/0.0475
up1 guide_mix: entropy=0.9342, raw_low=0.3162, plam_low=0.3229, decoder_low=0.2749, detail=0.0860; agreement plam/decoder=0.7245/-0.1613, support=0.5893+/-0.0780

========= Epoch [4/80] =========
M2_Test_session_09.13_22h33
Training with batch size : 16
   [Train] Epoch: [4][20/357]  Loss:0.177 (Avg 0.1384) IoU:0.584 (Avg 0.6419) Dice:0.7058 (Avg 0.7584) LR 2.99e-04   (AvgTime 0.6)   
   [Train] Epoch: [4][40/357]  Loss:0.172 (Avg 0.1428) IoU:0.528 (Avg 0.6303) Dice:0.6776 (Avg 0.7474) LR 2.99e-04   (AvgTime 0.6)   
   [Train] Epoch: [4][60/357]  Loss:0.190 (Avg 0.1492) IoU:0.502 (Avg 0.6192) Dice:0.6482 (Avg 0.7370) LR 2.99e-04   (AvgTime 0.6)   
   [Train] Epoch: [4][80/357]  Loss:0.126 (Avg 0.1509) IoU:0.690 (Avg 0.6173) Dice:0.7916 (Avg 0.7361) LR 2.99e-04   (AvgTime 0.6)   
   [Train] Epoch: [4][100/357]  Loss:0.121 (Avg 0.1523) IoU:0.667 (Avg 0.6153) Dice:0.7878 (Avg 0.7342) LR 2.99e-04   (AvgTime 0.6)   
   [Train] Epoch: [4][120/357]  Loss:0.139 (Avg 0.1535) IoU:0.607 (Avg 0.6127) Dice:0.7381 (Avg 0.7319) LR 2.99e-04   (AvgTime 0.6)   
   [Train] Epoch: [4][140/357]  Loss:0.195 (Avg 0.1543) IoU:0.557 (Avg 0.6114) Dice:0.6589 (Avg 0.7308) LR 2.99e-04   (AvgTime 0.6)   
   [Train] Epoch: [4][160/357]  Loss:0.155 (Avg 0.1548) IoU:0.582 (Avg 0.6095) Dice:0.7085 (Avg 0.7289) LR 2.99e-04   (AvgTime 0.6)   
   [Train] Epoch: [4][180/357]  Loss:0.155 (Avg 0.1538) IoU:0.623 (Avg 0.6106) Dice:0.7324 (Avg 0.7298) LR 2.99e-04   (AvgTime 0.6)   
   [Train] Epoch: [4][200/357]  Loss:0.101 (Avg 0.1538) IoU:0.724 (Avg 0.6110) Dice:0.8320 (Avg 0.7299) LR 2.99e-04   (AvgTime 0.6)   
   [Train] Epoch: [4][220/357]  Loss:0.176 (Avg 0.1526) IoU:0.497 (Avg 0.6127) Dice:0.6420 (Avg 0.7315) LR 2.99e-04   (AvgTime 0.6)   
   [Train] Epoch: [4][240/357]  Loss:0.125 (Avg 0.1515) IoU:0.645 (Avg 0.6140) Dice:0.7669 (Avg 0.7325) LR 2.99e-04   (AvgTime 0.6)   
   [Train] Epoch: [4][260/357]  Loss:0.236 (Avg 0.1518) IoU:0.515 (Avg 0.6144) Dice:0.6420 (Avg 0.7328) LR 2.99e-04   (AvgTime 0.6)   
   [Train] Epoch: [4][280/357]  Loss:0.131 (Avg 0.1523) IoU:0.669 (Avg 0.6142) Dice:0.7863 (Avg 0.7327) LR 2.99e-04   (AvgTime 0.6)   
   [Train] Epoch: [4][300/357]  Loss:0.122 (Avg 0.1525) IoU:0.674 (Avg 0.6137) Dice:0.7983 (Avg 0.7321) LR 2.99e-04   (AvgTime 0.6)   
   [Train] Epoch: [4][320/357]  Loss:0.184 (Avg 0.1522) IoU:0.559 (Avg 0.6138) Dice:0.6785 (Avg 0.7323) LR 2.99e-04   (AvgTime 0.6)   
   [Train] Epoch: [4][340/357]  Loss:0.130 (Avg 0.1513) IoU:0.631 (Avg 0.6151) Dice:0.7566 (Avg 0.7336) LR 2.99e-04   (AvgTime 0.6)   
   [Train] Epoch: [4][357/357]  Loss:0.168 (Avg 0.1512) IoU:0.600 (Avg 0.6154) Dice:0.7291 (Avg 0.7340) LR 2.99e-04   (AvgTime 0.6)   
   [Train] Loss components: dice=0.238567, focal=0.063884, total=0.151225
Validation
   [Val] Epoch: [4][20/90]  Loss:0.167 (Avg 0.1417) IoU:0.605 (Avg 0.6556) Dice:0.7298 (Avg 0.7718) (AvgTime 0.3)   
   [Val] Epoch: [4][40/90]  Loss:0.162 (Avg 0.1495) IoU:0.593 (Avg 0.6390) Dice:0.7203 (Avg 0.7547) (AvgTime 0.2)   
   [Val] Epoch: [4][60/90]  Loss:0.172 (Avg 0.1425) IoU:0.592 (Avg 0.6471) Dice:0.7119 (Avg 0.7609) (AvgTime 0.2)   
   [Val] Epoch: [4][80/90]  Loss:0.137 (Avg 0.1437) IoU:0.642 (Avg 0.6423) Dice:0.7673 (Avg 0.7575) (AvgTime 0.2)   
   [Val] Epoch: [4][90/90]  Loss:0.253 (Avg 0.1450) IoU:0.451 (Avg 0.6397) Dice:0.5854 (Avg 0.7555) (AvgTime 0.2)   
   [Val] Loss components: dice=0.218052, focal=0.071879, total=0.144965
	 No iou improvement; selected epoch 1
	 early_stopping_count: 3/80
--- Epoch History (1..4) ---
Epoch |  TrainLoss |  TrainDice |  TrainIoU |    ValLoss |    ValDice |    ValIoU |         LR | Best
    1 |     0.2378 |     0.6073 |    0.4781 |     0.2212 |     0.6176 |    0.4873 |   3.00e-04 |    *
    2 |     0.1754 |     0.6971 |    0.5727 |     0.1642 |     0.7061 |    0.5868 |   3.00e-04 |     
    3 |     0.1564 |     0.7248 |    0.6043 |     0.1373 |     0.7621 |    0.6492 |   3.00e-04 |     
    4 |     0.1512 |     0.7340 |    0.6154 |     0.1450 |     0.7555 |    0.6397 |   2.99e-04 |     
--- R2 + image-value context regrouping with regroup_text anchors validation statistics ---
up4: ca=0.9253+/-0.1442, sa=0.9983+/-0.0090, amp=0.0000, suppress=0.0000, guide_abs=0.2881
up4 residuals: local_mean=-1.245e-02, global_mean=-0.0058, local_strength=0.1059, global_strength=0.0973, gain=[0.9483,1.0274], saturation=0.0357, text_film=0.0184
up4 haar: reconstruction_error=4.768e-07, skip_low/high=0.8350/0.1650, plam_low/high=1.0000/0.0000
up4 strengths: plam=0.9866, region=0.1059, detail=0.0973; residual_std region/detail/refine=0.3717/0.4030/0.0832
up4 guide_mix: entropy=0.9680, raw_low=0.2978, plam_low=0.2652, decoder_low=0.3053, detail=0.1317; agreement plam/decoder=0.8517/0.3244, support=0.7956+/-0.0765
up4 adaptive_frequency: ALPF strength=0.2113, weights=0.1956/0.6415/0.1629, sum=1.0000, entropy=0.8170, delta_std=0.1491; AHPF strength=0.0811, weights=0.3278/0.5106/0.1616, sum=1.0000, entropy=0.9095, residual_std=0.1608, scaled_std=0.0130
up3: ca=0.9985+/-0.2037, sa=0.9962+/-0.0110, amp=0.0000, suppress=0.0000, guide_abs=0.2854
up3 residuals: local_mean=-1.655e-02, global_mean=-0.0193, local_strength=0.1100, global_strength=0.1072, gain=[0.9380,1.0410], saturation=0.0000, text_film=0.0397
up3 haar: reconstruction_error=9.537e-07, skip_low/high=0.8360/0.1640, plam_low/high=1.0000/0.0000
up3 strengths: plam=0.9835, region=0.1100, detail=0.1072; residual_std region/detail/refine=0.3886/0.4098/0.2437
up3 guide_mix: entropy=0.9677, raw_low=0.3265, plam_low=0.2646, decoder_low=0.2751, detail=0.1338; agreement plam/decoder=0.7849/0.0235, support=0.6268+/-0.0607
up3 adaptive_frequency: ALPF strength=0.2133, weights=0.1823/0.6276/0.1902, sum=1.0000, entropy=0.8254, delta_std=0.0731; AHPF strength=0.0874, weights=0.4681/0.3800/0.1519, sum=1.0000, entropy=0.8972, residual_std=0.1317, scaled_std=0.0115
up2: ca=0.9143+/-0.1448, sa=1.0004+/-0.0058, amp=0.0000, suppress=0.0000, guide_abs=0.2654
up2 residuals: local_mean=-6.276e-05, global_mean=0.0039, local_strength=0.1058, global_strength=0.1035, gain=[0.9544,1.0447], saturation=0.0000, text_film=0.0169
up2 haar: reconstruction_error=1.259e-06, skip_low/high=0.8139/0.1861, plam_low/high=1.0000/0.0000
up2 strengths: plam=0.9810, region=0.1058, detail=0.1035; residual_std region/detail/refine=0.1361/0.2864/0.0907
up2 guide_mix: entropy=0.9508, raw_low=0.2650, plam_low=0.2993, decoder_low=0.3285, detail=0.1073; agreement plam/decoder=0.7633/0.0284, support=0.5368+/-0.0382
up1: ca=0.9041+/-0.1449, sa=0.9980+/-0.0147, amp=0.0000, suppress=0.0000, guide_abs=0.2432
up1 residuals: local_mean=-2.302e-02, global_mean=0.0057, local_strength=0.1141, global_strength=0.0996, gain=[0.8993,1.0930], saturation=0.0003, text_film=0.0377
up1 haar: reconstruction_error=2.772e-06, skip_low/high=0.7977/0.2023, plam_low/high=1.0000/0.0000
up1 strengths: plam=0.9811, region=0.1141, detail=0.0996; residual_std region/detail/refine=0.5075/0.3444/0.0550
up1 guide_mix: entropy=0.9305, raw_low=0.2926, plam_low=0.3211, decoder_low=0.3055, detail=0.0808; agreement plam/decoder=0.7099/-0.1861, support=0.5921+/-0.0825

========= Epoch [5/80] =========
M2_Test_session_09.13_22h33
Training with batch size : 16
   [Train] Epoch: [5][20/357]  Loss:0.134 (Avg 0.1570) IoU:0.661 (Avg 0.6040) Dice:0.7846 (Avg 0.7240) LR 2.98e-04   (AvgTime 0.6)   
   [Train] Epoch: [5][40/357]  Loss:0.138 (Avg 0.1560) IoU:0.596 (Avg 0.6172) Dice:0.7362 (Avg 0.7363) LR 2.98e-04   (AvgTime 0.6)   
   [Train] Epoch: [5][60/357]  Loss:0.149 (Avg 0.1531) IoU:0.567 (Avg 0.6193) Dice:0.7065 (Avg 0.7374) LR 2.98e-04   (AvgTime 0.6)   
   [Train] Epoch: [5][80/357]  Loss:0.142 (Avg 0.1529) IoU:0.629 (Avg 0.6149) Dice:0.7611 (Avg 0.7340) LR 2.98e-04   (AvgTime 0.6)   
   [Train] Epoch: [5][100/357]  Loss:0.145 (Avg 0.1511) IoU:0.632 (Avg 0.6174) Dice:0.7520 (Avg 0.7361) LR 2.98e-04   (AvgTime 0.6)   
   [Train] Epoch: [5][120/357]  Loss:0.182 (Avg 0.1508) IoU:0.578 (Avg 0.6192) Dice:0.6958 (Avg 0.7374) LR 2.98e-04   (AvgTime 0.6)   
   [Train] Epoch: [5][140/357]  Loss:0.129 (Avg 0.1502) IoU:0.677 (Avg 0.6187) Dice:0.7893 (Avg 0.7371) LR 2.98e-04   (AvgTime 0.6)   
   [Train] Epoch: [5][160/357]  Loss:0.117 (Avg 0.1495) IoU:0.668 (Avg 0.6192) Dice:0.7923 (Avg 0.7381) LR 2.98e-04   (AvgTime 0.6)   
   [Train] Epoch: [5][180/357]  Loss:0.151 (Avg 0.1488) IoU:0.586 (Avg 0.6207) Dice:0.7176 (Avg 0.7393) LR 2.98e-04   (AvgTime 0.6)   
   [Train] Epoch: [5][200/357]  Loss:0.086 (Avg 0.1476) IoU:0.758 (Avg 0.6231) Dice:0.8574 (Avg 0.7412) LR 2.98e-04   (AvgTime 0.6)   
   [Train] Epoch: [5][220/357]  Loss:0.117 (Avg 0.1469) IoU:0.656 (Avg 0.6240) Dice:0.7742 (Avg 0.7418) LR 2.98e-04   (AvgTime 0.6)   
   [Train] Epoch: [5][240/357]  Loss:0.141 (Avg 0.1468) IoU:0.617 (Avg 0.6238) Dice:0.7242 (Avg 0.7416) LR 2.98e-04   (AvgTime 0.6)   
   [Train] Epoch: [5][260/357]  Loss:0.126 (Avg 0.1463) IoU:0.637 (Avg 0.6242) Dice:0.7617 (Avg 0.7418) LR 2.98e-04   (AvgTime 0.6)   
   [Train] Epoch: [5][280/357]  Loss:0.104 (Avg 0.1452) IoU:0.717 (Avg 0.6258) Dice:0.8170 (Avg 0.7432) LR 2.98e-04   (AvgTime 0.6)   
   [Train] Epoch: [5][300/357]  Loss:0.146 (Avg 0.1445) IoU:0.602 (Avg 0.6273) Dice:0.7374 (Avg 0.7446) LR 2.98e-04   (AvgTime 0.6)   
   [Train] Epoch: [5][320/357]  Loss:0.155 (Avg 0.1438) IoU:0.611 (Avg 0.6283) Dice:0.7228 (Avg 0.7452) LR 2.98e-04   (AvgTime 0.6)   
   [Train] Epoch: [5][340/357]  Loss:0.110 (Avg 0.1435) IoU:0.703 (Avg 0.6289) Dice:0.8054 (Avg 0.7457) LR 2.98e-04   (AvgTime 0.6)   
   [Train] Epoch: [5][357/357]  Loss:0.155 (Avg 0.1427) IoU:0.647 (Avg 0.6307) Dice:0.7553 (Avg 0.7474) LR 2.98e-04   (AvgTime 0.6)   
   [Train] Loss components: dice=0.225218, focal=0.060210, total=0.142714
Validation
   [Val] Epoch: [5][20/90]  Loss:0.170 (Avg 0.1439) IoU:0.555 (Avg 0.6184) Dice:0.6830 (Avg 0.7394) (AvgTime 0.3)   
   [Val] Epoch: [5][40/90]  Loss:0.164 (Avg 0.1541) IoU:0.540 (Avg 0.5998) Dice:0.6814 (Avg 0.7212) (AvgTime 0.2)   
   [Val] Epoch: [5][60/90]  Loss:0.170 (Avg 0.1475) IoU:0.567 (Avg 0.6078) Dice:0.6880 (Avg 0.7279) (AvgTime 0.2)   
   [Val] Epoch: [5][80/90]  Loss:0.152 (Avg 0.1475) IoU:0.571 (Avg 0.6023) Dice:0.6996 (Avg 0.7240) (AvgTime 0.2)   
   [Val] Epoch: [5][90/90]  Loss:0.179 (Avg 0.1478) IoU:0.527 (Avg 0.6010) Dice:0.6711 (Avg 0.7229) (AvgTime 0.2)   
   [Val] Loss components: dice=0.245248, focal=0.050429, total=0.147839
	 No iou improvement; selected epoch 1
	 early_stopping_count: 4/80
--- Epoch History (1..5) ---
Epoch |  TrainLoss |  TrainDice |  TrainIoU |    ValLoss |    ValDice |    ValIoU |         LR | Best
    1 |     0.2378 |     0.6073 |    0.4781 |     0.2212 |     0.6176 |    0.4873 |   3.00e-04 |    *
    2 |     0.1754 |     0.6971 |    0.5727 |     0.1642 |     0.7061 |    0.5868 |   3.00e-04 |     
    3 |     0.1564 |     0.7248 |    0.6043 |     0.1373 |     0.7621 |    0.6492 |   3.00e-04 |     
    4 |     0.1512 |     0.7340 |    0.6154 |     0.1450 |     0.7555 |    0.6397 |   2.99e-04 |     
    5 |     0.1427 |     0.7474 |    0.6307 |     0.1478 |     0.7229 |    0.6010 |   2.98e-04 |     
--- R2 + image-value context regrouping with regroup_text anchors validation statistics ---
up4: ca=0.9057+/-0.1279, sa=1.0013+/-0.0079, amp=0.0000, suppress=0.0000, guide_abs=0.2829
up4 residuals: local_mean=9.348e-03, global_mean=0.0013, local_strength=0.1063, global_strength=0.0970, gain=[0.9708,1.0350], saturation=0.0255, text_film=0.0176
up4 haar: reconstruction_error=9.537e-07, skip_low/high=0.8166/0.1834, plam_low/high=1.0000/0.0000
up4 strengths: plam=0.9831, region=0.1063, detail=0.0970; residual_std region/detail/refine=0.2531/0.4014/0.1144
up4 guide_mix: entropy=0.9744, raw_low=0.2977, plam_low=0.2720, decoder_low=0.2879, detail=0.1424; agreement plam/decoder=0.6829/0.1037, support=0.6999+/-0.1179
up4 adaptive_frequency: ALPF strength=0.2130, weights=0.1989/0.6590/0.1421, sum=1.0000, entropy=0.7920, delta_std=0.1414; AHPF strength=0.0808, weights=0.3132/0.5158/0.1709, sum=1.0000, entropy=0.9105, residual_std=0.1752, scaled_std=0.0142
up3: ca=0.9836+/-0.1788, sa=0.9970+/-0.0106, amp=0.0000, suppress=0.0000, guide_abs=0.2846
up3 residuals: local_mean=-1.568e-02, global_mean=-0.0118, local_strength=0.1107, global_strength=0.1082, gain=[0.9331,1.0456], saturation=0.0000, text_film=0.0320
up3 haar: reconstruction_error=9.537e-07, skip_low/high=0.8123/0.1877, plam_low/high=1.0000/0.0000
up3 strengths: plam=0.9804, region=0.1107, detail=0.1082; residual_std region/detail/refine=0.4300/0.4668/0.3089
up3 guide_mix: entropy=0.9721, raw_low=0.3032, plam_low=0.2630, decoder_low=0.2947, detail=0.1391; agreement plam/decoder=0.7166/0.1513, support=0.6292+/-0.0765
up3 adaptive_frequency: ALPF strength=0.2164, weights=0.1854/0.6235/0.1911, sum=1.0000, entropy=0.7986, delta_std=0.0817; AHPF strength=0.0880, weights=0.4034/0.3585/0.2381, sum=1.0000, entropy=0.8932, residual_std=0.1730, scaled_std=0.0152
up2: ca=0.9190+/-0.1264, sa=1.0012+/-0.0063, amp=0.0000, suppress=0.0000, guide_abs=0.2589
up2 residuals: local_mean=1.177e-03, global_mean=0.0106, local_strength=0.1061, global_strength=0.1044, gain=[0.9546,1.0480], saturation=0.0000, text_film=0.0158
up2 haar: reconstruction_error=9.537e-07, skip_low/high=0.8177/0.1823, plam_low/high=1.0000/0.0000
up2 strengths: plam=0.9764, region=0.1061, detail=0.1044; residual_std region/detail/refine=0.1328/0.3219/0.1353
up2 guide_mix: entropy=0.9604, raw_low=0.2800, plam_low=0.2924, decoder_low=0.3094, detail=0.1182; agreement plam/decoder=0.7753/0.0206, support=0.5372+/-0.0372
up1: ca=0.9099+/-0.1376, sa=0.9982+/-0.0146, amp=0.0000, suppress=0.0004, guide_abs=0.2571
up1 residuals: local_mean=-2.146e-02, global_mean=0.0064, local_strength=0.1149, global_strength=0.0993, gain=[0.8989,1.0957], saturation=0.0000, text_film=0.0295
up1 haar: reconstruction_error=2.325e-06, skip_low/high=0.7610/0.2390, plam_low/high=1.0000/0.0000
up1 strengths: plam=0.9779, region=0.1149, detail=0.0993; residual_std region/detail/refine=0.4231/0.3854/0.0523
up1 guide_mix: entropy=0.9316, raw_low=0.2550, plam_low=0.3529, decoder_low=0.3044, detail=0.0877; agreement plam/decoder=0.5803/-0.1441, support=0.6416+/-0.0906

========= Epoch [6/80] =========
M2_Test_session_09.13_22h33
Training with batch size : 16
   [Train] Epoch: [6][20/357]  Loss:0.217 (Avg 0.1441) IoU:0.458 (Avg 0.6281) Dice:0.6067 (Avg 0.7458) LR 2.97e-04   (AvgTime 0.6)   
   [Train] Epoch: [6][40/357]  Loss:0.143 (Avg 0.1452) IoU:0.617 (Avg 0.6246) Dice:0.7321 (Avg 0.7438) LR 2.97e-04   (AvgTime 0.6)   
   [Train] Epoch: [6][60/357]  Loss:0.149 (Avg 0.1464) IoU:0.603 (Avg 0.6202) Dice:0.7367 (Avg 0.7402) LR 2.97e-04   (AvgTime 0.6)   
   [Train] Epoch: [6][80/357]  Loss:0.128 (Avg 0.1447) IoU:0.688 (Avg 0.6258) Dice:0.7852 (Avg 0.7448) LR 2.97e-04   (AvgTime 0.6)   
   [Train] Epoch: [6][100/357]  Loss:0.203 (Avg 0.1445) IoU:0.504 (Avg 0.6272) Dice:0.6348 (Avg 0.7452) LR 2.97e-04   (AvgTime 0.6)   
   [Train] Epoch: [6][120/357]  Loss:0.111 (Avg 0.1438) IoU:0.692 (Avg 0.6281) Dice:0.7984 (Avg 0.7452) LR 2.97e-04   (AvgTime 0.6)   
   [Train] Epoch: [6][140/357]  Loss:0.188 (Avg 0.1437) IoU:0.598 (Avg 0.6281) Dice:0.7046 (Avg 0.7452) LR 2.97e-04   (AvgTime 0.6)   
   [Train] Epoch: [6][160/357]  Loss:0.137 (Avg 0.1429) IoU:0.621 (Avg 0.6292) Dice:0.7473 (Avg 0.7462) LR 2.97e-04   (AvgTime 0.6)   
   [Train] Epoch: [6][180/357]  Loss:0.126 (Avg 0.1416) IoU:0.659 (Avg 0.6319) Dice:0.7661 (Avg 0.7481) LR 2.97e-04   (AvgTime 0.6)   
   [Train] Epoch: [6][200/357]  Loss:0.128 (Avg 0.1406) IoU:0.669 (Avg 0.6343) Dice:0.7708 (Avg 0.7500) LR 2.97e-04   (AvgTime 0.6)   
   [Train] Epoch: [6][220/357]  Loss:0.134 (Avg 0.1400) IoU:0.639 (Avg 0.6349) Dice:0.7551 (Avg 0.7505) LR 2.97e-04   (AvgTime 0.6)   
   [Train] Epoch: [6][240/357]  Loss:0.111 (Avg 0.1400) IoU:0.684 (Avg 0.6353) Dice:0.7997 (Avg 0.7512) LR 2.97e-04   (AvgTime 0.6)   
   [Train] Epoch: [6][260/357]  Loss:0.149 (Avg 0.1390) IoU:0.624 (Avg 0.6371) Dice:0.7449 (Avg 0.7528) LR 2.97e-04   (AvgTime 0.6)   
   [Train] Epoch: [6][280/357]  Loss:0.123 (Avg 0.1391) IoU:0.636 (Avg 0.6366) Dice:0.7625 (Avg 0.7523) LR 2.97e-04   (AvgTime 0.6)   
   [Train] Epoch: [6][300/357]  Loss:0.115 (Avg 0.1391) IoU:0.689 (Avg 0.6369) Dice:0.7949 (Avg 0.7527) LR 2.97e-04   (AvgTime 0.6)   
   [Train] Epoch: [6][320/357]  Loss:0.104 (Avg 0.1391) IoU:0.706 (Avg 0.6369) Dice:0.8204 (Avg 0.7525) LR 2.97e-04   (AvgTime 0.6)   
   [Train] Epoch: [6][340/357]  Loss:0.164 (Avg 0.1390) IoU:0.546 (Avg 0.6374) Dice:0.6788 (Avg 0.7529) LR 2.97e-04   (AvgTime 0.6)   
   [Train] Epoch: [6][357/357]  Loss:0.110 (Avg 0.1390) IoU:0.701 (Avg 0.6372) Dice:0.8138 (Avg 0.7527) LR 2.97e-04   (AvgTime 0.6)   
   [Train] Loss components: dice=0.219524, focal=0.058534, total=0.139029
Validation
   [Val] Epoch: [6][20/90]  Loss:0.157 (Avg 0.1310) IoU:0.588 (Avg 0.6463) Dice:0.7132 (Avg 0.7669) (AvgTime 0.3)   
   [Val] Epoch: [6][40/90]  Loss:0.142 (Avg 0.1409) IoU:0.597 (Avg 0.6254) Dice:0.7309 (Avg 0.7464) (AvgTime 0.2)   
   [Val] Epoch: [6][60/90]  Loss:0.159 (Avg 0.1351) IoU:0.602 (Avg 0.6326) Dice:0.7205 (Avg 0.7525) (AvgTime 0.2)   
   [Val] Epoch: [6][80/90]  Loss:0.121 (Avg 0.1348) IoU:0.646 (Avg 0.6311) Dice:0.7684 (Avg 0.7513) (AvgTime 0.2)   
   [Val] Epoch: [6][90/90]  Loss:0.160 (Avg 0.1355) IoU:0.556 (Avg 0.6298) Dice:0.7014 (Avg 0.7500) (AvgTime 0.2)   
   [Val] Loss components: dice=0.222422, focal=0.048602, total=0.135512
	 Saving best model by iou: 0.629805
	 Saving to Covid19/BetterLViT/m2_text_regroup/M2_Test_session_09.13_22h33/models//best_model-BetterLViT.pth.tar
	 early_stopping_count: 0/80
--- Epoch History (1..6) ---
Epoch |  TrainLoss |  TrainDice |  TrainIoU |    ValLoss |    ValDice |    ValIoU |         LR | Best
    1 |     0.2378 |     0.6073 |    0.4781 |     0.2212 |     0.6176 |    0.4873 |   3.00e-04 |     
    2 |     0.1754 |     0.6971 |    0.5727 |     0.1642 |     0.7061 |    0.5868 |   3.00e-04 |     
    3 |     0.1564 |     0.7248 |    0.6043 |     0.1373 |     0.7621 |    0.6492 |   3.00e-04 |     
    4 |     0.1512 |     0.7340 |    0.6154 |     0.1450 |     0.7555 |    0.6397 |   2.99e-04 |     
    5 |     0.1427 |     0.7474 |    0.6307 |     0.1478 |     0.7229 |    0.6010 |   2.98e-04 |     
    6 |     0.1390 |     0.7527 |    0.6372 |     0.1355 |     0.7500 |    0.6298 |   2.97e-04 |    *
--- R2 + image-value context regrouping with regroup_text anchors validation statistics ---
up4: ca=0.9197+/-0.1406, sa=1.0027+/-0.0082, amp=0.0000, suppress=0.0000, guide_abs=0.2671
up4 residuals: local_mean=1.122e-02, global_mean=0.0134, local_strength=0.1070, global_strength=0.0973, gain=[0.9747,1.0347], saturation=0.0592, text_film=0.0255
up4 haar: reconstruction_error=5.662e-07, skip_low/high=0.8124/0.1876, plam_low/high=1.0000/0.0000
up4 strengths: plam=0.9795, region=0.1070, detail=0.0973; residual_std region/detail/refine=0.3709/0.4101/0.1813
up4 guide_mix: entropy=0.9749, raw_low=0.3084, plam_low=0.2576, decoder_low=0.2882, detail=0.1459; agreement plam/decoder=0.6172/0.1444, support=0.7275+/-0.1133
up4 adaptive_frequency: ALPF strength=0.2141, weights=0.2340/0.6229/0.1431, sum=1.0000, entropy=0.8296, delta_std=0.1255; AHPF strength=0.0807, weights=0.2983/0.5218/0.1798, sum=1.0000, entropy=0.9167, residual_std=0.1681, scaled_std=0.0136
up3: ca=0.9847+/-0.1947, sa=0.9966+/-0.0105, amp=0.0000, suppress=0.0000, guide_abs=0.2778
up3 residuals: local_mean=-1.365e-02, global_mean=-0.0177, local_strength=0.1113, global_strength=0.1090, gain=[0.9432,1.0428], saturation=0.0000, text_film=0.0422
up3 haar: reconstruction_error=9.537e-07, skip_low/high=0.8101/0.1899, plam_low/high=1.0000/0.0000
up3 strengths: plam=0.9768, region=0.1113, detail=0.1090; residual_std region/detail/refine=0.4284/0.4935/0.3608
up3 guide_mix: entropy=0.9742, raw_low=0.3079, plam_low=0.2667, decoder_low=0.2821, detail=0.1433; agreement plam/decoder=0.6175/-0.0103, support=0.6103+/-0.0823
up3 adaptive_frequency: ALPF strength=0.2189, weights=0.2028/0.6083/0.1889, sum=1.0000, entropy=0.8149, delta_std=0.0719; AHPF strength=0.0885, weights=0.4012/0.3615/0.2373, sum=1.0000, entropy=0.8865, residual_std=0.1658, scaled_std=0.0147
up2: ca=0.9322+/-0.1315, sa=1.0021+/-0.0062, amp=0.0000, suppress=0.0000, guide_abs=0.2087
up2 residuals: local_mean=1.711e-03, global_mean=0.0185, local_strength=0.1066, global_strength=0.1050, gain=[0.9541,1.0549], saturation=0.0000, text_film=0.0158
up2 haar: reconstruction_error=9.537e-07, skip_low/high=0.8125/0.1875, plam_low/high=1.0000/0.0000
up2 strengths: plam=0.9709, region=0.1066, detail=0.1050; residual_std region/detail/refine=0.1339/0.3320/0.1500
up2 guide_mix: entropy=0.9619, raw_low=0.2797, plam_low=0.2844, decoder_low=0.3148, detail=0.1211; agreement plam/decoder=0.8888/-0.1127, support=0.5357+/-0.0341
up1: ca=0.9130+/-0.1490, sa=0.9984+/-0.0142, amp=0.0000, suppress=0.0000, guide_abs=0.2421
up1 residuals: local_mean=-2.112e-02, global_mean=0.0084, local_strength=0.1156, global_strength=0.0991, gain=[0.9018,1.0950], saturation=0.0022, text_film=0.0330
up1 haar: reconstruction_error=1.907e-06, skip_low/high=0.7571/0.2429, plam_low/high=1.0000/0.0000
up1 strengths: plam=0.9746, region=0.1156, detail=0.0991; residual_std region/detail/refine=0.4542/0.3646/0.0576
up1 guide_mix: entropy=0.9256, raw_low=0.2388, plam_low=0.3502, decoder_low=0.3269, detail=0.0841; agreement plam/decoder=0.6710/-0.2660, support=0.6450+/-0.0926

========= Epoch [7/80] =========
M2_Test_session_09.13_22h33
Training with batch size : 16
   [Train] Epoch: [7][20/357]  Loss:0.147 (Avg 0.1287) IoU:0.575 (Avg 0.6535) Dice:0.7098 (Avg 0.7690) LR 2.96e-04   (AvgTime 0.6)   
   [Train] Epoch: [7][40/357]  Loss:0.122 (Avg 0.1333) IoU:0.656 (Avg 0.6449) Dice:0.7841 (Avg 0.7610) LR 2.96e-04   (AvgTime 0.6)   
   [Train] Epoch: [7][60/357]  Loss:0.127 (Avg 0.1344) IoU:0.658 (Avg 0.6452) Dice:0.7649 (Avg 0.7603) LR 2.96e-04   (AvgTime 0.6)   
   [Train] Epoch: [7][80/357]  Loss:0.139 (Avg 0.1340) IoU:0.589 (Avg 0.6454) Dice:0.7293 (Avg 0.7606) LR 2.96e-04   (AvgTime 0.6)   
   [Train] Epoch: [7][100/357]  Loss:0.117 (Avg 0.1357) IoU:0.685 (Avg 0.6428) Dice:0.7911 (Avg 0.7583) LR 2.96e-04   (AvgTime 0.6)   
   [Train] Epoch: [7][120/357]  Loss:0.127 (Avg 0.1357) IoU:0.676 (Avg 0.6430) Dice:0.7926 (Avg 0.7585) LR 2.96e-04   (AvgTime 0.6)   
   [Train] Epoch: [7][140/357]  Loss:0.133 (Avg 0.1351) IoU:0.697 (Avg 0.6451) Dice:0.7868 (Avg 0.7600) LR 2.96e-04   (AvgTime 0.6)   
   [Train] Epoch: [7][160/357]  Loss:0.115 (Avg 0.1355) IoU:0.667 (Avg 0.6438) Dice:0.7879 (Avg 0.7591) LR 2.96e-04   (AvgTime 0.6)   
   [Train] Epoch: [7][180/357]  Loss:0.159 (Avg 0.1365) IoU:0.582 (Avg 0.6420) Dice:0.7000 (Avg 0.7574) LR 2.96e-04   (AvgTime 0.6)   
   [Train] Epoch: [7][200/357]  Loss:0.127 (Avg 0.1363) IoU:0.669 (Avg 0.6423) Dice:0.7840 (Avg 0.7576) LR 2.96e-04   (AvgTime 0.6)   
   [Train] Epoch: [7][220/357]  Loss:0.125 (Avg 0.1356) IoU:0.673 (Avg 0.6433) Dice:0.7759 (Avg 0.7585) LR 2.96e-04   (AvgTime 0.6)   
   [Train] Epoch: [7][240/357]  Loss:0.113 (Avg 0.1350) IoU:0.674 (Avg 0.6443) Dice:0.7878 (Avg 0.7596) LR 2.96e-04   (AvgTime 0.6)   
   [Train] Epoch: [7][260/357]  Loss:0.120 (Avg 0.1351) IoU:0.676 (Avg 0.6447) Dice:0.7909 (Avg 0.7598) LR 2.96e-04   (AvgTime 0.6)   
   [Train] Epoch: [7][280/357]  Loss:0.128 (Avg 0.1344) IoU:0.670 (Avg 0.6461) Dice:0.7760 (Avg 0.7608) LR 2.96e-04   (AvgTime 0.6)   
   [Train] Epoch: [7][300/357]  Loss:0.083 (Avg 0.1340) IoU:0.768 (Avg 0.6467) Dice:0.8600 (Avg 0.7612) LR 2.96e-04   (AvgTime 0.6)   
   [Train] Epoch: [7][320/357]  Loss:0.123 (Avg 0.1343) IoU:0.673 (Avg 0.6461) Dice:0.7905 (Avg 0.7605) LR 2.96e-04   (AvgTime 0.6)   
   [Train] Epoch: [7][340/357]  Loss:0.107 (Avg 0.1348) IoU:0.704 (Avg 0.6450) Dice:0.8141 (Avg 0.7597) LR 2.96e-04   (AvgTime 0.6)   
   [Train] Epoch: [7][357/357]  Loss:0.135 (Avg 0.1353) IoU:0.640 (Avg 0.6439) Dice:0.7635 (Avg 0.7589) LR 2.96e-04   (AvgTime 0.6)   
   [Train] Loss components: dice=0.213622, focal=0.056949, total=0.135285
Validation
   [Val] Epoch: [7][20/90]  Loss:0.141 (Avg 0.1331) IoU:0.637 (Avg 0.6635) Dice:0.7635 (Avg 0.7802) (AvgTime 0.3)   
   [Val] Epoch: [7][40/90]  Loss:0.143 (Avg 0.1402) IoU:0.625 (Avg 0.6454) Dice:0.7495 (Avg 0.7627) (AvgTime 0.2)   
   [Val] Epoch: [7][60/90]  Loss:0.160 (Avg 0.1356) IoU:0.609 (Avg 0.6495) Dice:0.7265 (Avg 0.7652) (AvgTime 0.2)   
   [Val] Epoch: [7][80/90]  Loss:0.127 (Avg 0.1360) IoU:0.656 (Avg 0.6467) Dice:0.7790 (Avg 0.7634) (AvgTime 0.2)   
   [Val] Epoch: [7][90/90]  Loss:0.159 (Avg 0.1369) IoU:0.563 (Avg 0.6439) Dice:0.7027 (Avg 0.7611) (AvgTime 0.2)   
   [Val] Loss components: dice=0.218495, focal=0.055342, total=0.136919
	 Saving best model by iou: 0.643930
	 Saving to Covid19/BetterLViT/m2_text_regroup/M2_Test_session_09.13_22h33/models//best_model-BetterLViT.pth.tar
	 early_stopping_count: 0/80
--- Epoch History (1..7) ---
Epoch |  TrainLoss |  TrainDice |  TrainIoU |    ValLoss |    ValDice |    ValIoU |         LR | Best
    1 |     0.2378 |     0.6073 |    0.4781 |     0.2212 |     0.6176 |    0.4873 |   3.00e-04 |     
    2 |     0.1754 |     0.6971 |    0.5727 |     0.1642 |     0.7061 |    0.5868 |   3.00e-04 |     
    3 |     0.1564 |     0.7248 |    0.6043 |     0.1373 |     0.7621 |    0.6492 |   3.00e-04 |     
    4 |     0.1512 |     0.7340 |    0.6154 |     0.1450 |     0.7555 |    0.6397 |   2.99e-04 |     
    5 |     0.1427 |     0.7474 |    0.6307 |     0.1478 |     0.7229 |    0.6010 |   2.98e-04 |     
    6 |     0.1390 |     0.7527 |    0.6372 |     0.1355 |     0.7500 |    0.6298 |   2.97e-04 |     
    7 |     0.1353 |     0.7589 |    0.6439 |     0.1369 |     0.7611 |    0.6439 |   2.96e-04 |    *
--- R2 + image-value context regrouping with regroup_text anchors validation statistics ---
up4: ca=0.9067+/-0.1420, sa=1.0034+/-0.0113, amp=0.0000, suppress=0.0000, guide_abs=0.2479
up4 residuals: local_mean=2.006e-02, global_mean=0.0098, local_strength=0.1075, global_strength=0.0977, gain=[0.9660,1.0476], saturation=0.0776, text_film=0.0175
up4 haar: reconstruction_error=9.537e-07, skip_low/high=0.8168/0.1832, plam_low/high=1.0000/0.0000
up4 strengths: plam=0.9762, region=0.1075, detail=0.0977; residual_std region/detail/refine=0.3593/0.4302/0.2215
up4 guide_mix: entropy=0.9680, raw_low=0.2820, plam_low=0.3147, decoder_low=0.2715, detail=0.1318; agreement plam/decoder=0.8019/0.2758, support=0.7936+/-0.0998
up4 adaptive_frequency: ALPF strength=0.2151, weights=0.2229/0.6263/0.1509, sum=1.0000, entropy=0.8304, delta_std=0.1263; AHPF strength=0.0805, weights=0.3430/0.4915/0.1655, sum=1.0000, entropy=0.9213, residual_std=0.1534, scaled_std=0.0123
up3: ca=0.9995+/-0.1942, sa=0.9981+/-0.0090, amp=0.0000, suppress=0.0000, guide_abs=0.2577
up3 residuals: local_mean=-1.286e-02, global_mean=-0.0050, local_strength=0.1119, global_strength=0.1096, gain=[0.9432,1.0498], saturation=0.0000, text_film=0.0364
up3 haar: reconstruction_error=9.537e-07, skip_low/high=0.8179/0.1821, plam_low/high=1.0000/0.0000
up3 strengths: plam=0.9731, region=0.1119, detail=0.1096; residual_std region/detail/refine=0.4521/0.4837/0.3682
up3 guide_mix: entropy=0.9662, raw_low=0.2916, plam_low=0.3010, decoder_low=0.2802, detail=0.1271; agreement plam/decoder=0.6019/-0.0220, support=0.6386+/-0.0811
up3 adaptive_frequency: ALPF strength=0.2215, weights=0.1622/0.6254/0.2123, sum=1.0000, entropy=0.8051, delta_std=0.0736; AHPF strength=0.0890, weights=0.3817/0.3958/0.2226, sum=1.0000, entropy=0.9160, residual_std=0.1502, scaled_std=0.0134
up2: ca=0.9308+/-0.1212, sa=1.0026+/-0.0055, amp=0.0000, suppress=0.0000, guide_abs=0.1692
up2 residuals: local_mean=2.220e-03, global_mean=0.0226, local_strength=0.1070, global_strength=0.1054, gain=[0.9594,1.0604], saturation=0.0000, text_film=0.0152
up2 haar: reconstruction_error=9.537e-07, skip_low/high=0.8219/0.1781, plam_low/high=1.0000/0.0000
up2 strengths: plam=0.9657, region=0.1070, detail=0.1054; residual_std region/detail/refine=0.1379/0.2864/0.1356
up2 guide_mix: entropy=0.9472, raw_low=0.2553, plam_low=0.3216, decoder_low=0.3191, detail=0.1039; agreement plam/decoder=0.6789/-0.5339, support=0.5393+/-0.0408
up1: ca=0.9110+/-0.1588, sa=0.9990+/-0.0134, amp=0.0000, suppress=0.0000, guide_abs=0.2457
up1 residuals: local_mean=-1.679e-02, global_mean=0.0093, local_strength=0.1160, global_strength=0.0990, gain=[0.9033,1.0940], saturation=0.0008, text_film=0.0316
up1 haar: reconstruction_error=2.712e-06, skip_low/high=0.8046/0.1954, plam_low/high=1.0000/0.0000
up1 strengths: plam=0.9719, region=0.1160, detail=0.0990; residual_std region/detail/refine=0.3875/0.3568/0.0602
up1 guide_mix: entropy=0.9353, raw_low=0.3243, plam_low=0.3307, decoder_low=0.2548, detail=0.0903; agreement plam/decoder=0.7629/-0.3175, support=0.6443+/-0.0893

========= Epoch [8/80] =========
M2_Test_session_09.13_22h33
Training with batch size : 16
   [Train] Epoch: [8][20/357]  Loss:0.145 (Avg 0.1294) IoU:0.613 (Avg 0.6514) Dice:0.7391 (Avg 0.7675) LR 2.94e-04   (AvgTime 0.6)   
   [Train] Epoch: [8][40/357]  Loss:0.131 (Avg 0.1292) IoU:0.622 (Avg 0.6505) Dice:0.7556 (Avg 0.7655) LR 2.94e-04   (AvgTime 0.6)   
   [Train] Epoch: [8][60/357]  Loss:0.117 (Avg 0.1276) IoU:0.692 (Avg 0.6554) Dice:0.7921 (Avg 0.7686) LR 2.94e-04   (AvgTime 0.6)   
   [Train] Epoch: [8][80/357]  Loss:0.118 (Avg 0.1291) IoU:0.700 (Avg 0.6535) Dice:0.8000 (Avg 0.7660) LR 2.94e-04   (AvgTime 0.6)   
   [Train] Epoch: [8][100/357]  Loss:0.165 (Avg 0.1318) IoU:0.558 (Avg 0.6475) Dice:0.6812 (Avg 0.7614) LR 2.94e-04   (AvgTime 0.6)   
   [Train] Epoch: [8][120/357]  Loss:0.131 (Avg 0.1321) IoU:0.684 (Avg 0.6474) Dice:0.7846 (Avg 0.7616) LR 2.94e-04   (AvgTime 0.6)   
   [Train] Epoch: [8][140/357]  Loss:0.154 (Avg 0.1320) IoU:0.613 (Avg 0.6479) Dice:0.7365 (Avg 0.7620) LR 2.94e-04   (AvgTime 0.6)   
   [Train] Epoch: [8][160/357]  Loss:0.129 (Avg 0.1312) IoU:0.662 (Avg 0.6488) Dice:0.7780 (Avg 0.7630) LR 2.94e-04   (AvgTime 0.6)   
   [Train] Epoch: [8][180/357]  Loss:0.090 (Avg 0.1322) IoU:0.745 (Avg 0.6472) Dice:0.8461 (Avg 0.7619) LR 2.94e-04   (AvgTime 0.6)   
   [Train] Epoch: [8][200/357]  Loss:0.140 (Avg 0.1327) IoU:0.659 (Avg 0.6465) Dice:0.7680 (Avg 0.7613) LR 2.94e-04   (AvgTime 0.6)   
   [Train] Epoch: [8][220/357]  Loss:0.141 (Avg 0.1327) IoU:0.598 (Avg 0.6466) Dice:0.7242 (Avg 0.7616) LR 2.94e-04   (AvgTime 0.6)   
   [Train] Epoch: [8][240/357]  Loss:0.097 (Avg 0.1333) IoU:0.708 (Avg 0.6461) Dice:0.8092 (Avg 0.7606) LR 2.94e-04   (AvgTime 0.6)   
   [Train] Epoch: [8][260/357]  Loss:0.097 (Avg 0.1334) IoU:0.729 (Avg 0.6457) Dice:0.8368 (Avg 0.7603) LR 2.94e-04   (AvgTime 0.6)   
   [Train] Epoch: [8][280/357]  Loss:0.181 (Avg 0.1336) IoU:0.537 (Avg 0.6453) Dice:0.6740 (Avg 0.7598) LR 2.94e-04   (AvgTime 0.6)   
   [Train] Epoch: [8][300/357]  Loss:0.159 (Avg 0.1332) IoU:0.583 (Avg 0.6460) Dice:0.6997 (Avg 0.7605) LR 2.94e-04   (AvgTime 0.6)   
   [Train] Epoch: [8][320/357]  Loss:0.214 (Avg 0.1329) IoU:0.484 (Avg 0.6467) Dice:0.6329 (Avg 0.7611) LR 2.94e-04   (AvgTime 0.6)   
   [Train] Epoch: [8][340/357]  Loss:0.146 (Avg 0.1326) IoU:0.587 (Avg 0.6473) Dice:0.7133 (Avg 0.7615) LR 2.94e-04   (AvgTime 0.6)   
   [Train] Epoch: [8][357/357]  Loss:0.157 (Avg 0.1328) IoU:0.665 (Avg 0.6475) Dice:0.7714 (Avg 0.7617) LR 2.94e-04   (AvgTime 0.6)   
   [Train] Loss components: dice=0.209977, focal=0.055627, total=0.132802
Validation
   [Val] Epoch: [8][20/90]  Loss:0.146 (Avg 0.1272) IoU:0.622 (Avg 0.6593) Dice:0.7482 (Avg 0.7773) (AvgTime 0.3)   
   [Val] Epoch: [8][40/90]  Loss:0.144 (Avg 0.1379) IoU:0.596 (Avg 0.6354) Dice:0.7263 (Avg 0.7544) (AvgTime 0.3)   
   [Val] Epoch: [8][60/90]  Loss:0.154 (Avg 0.1329) IoU:0.611 (Avg 0.6412) Dice:0.7244 (Avg 0.7585) (AvgTime 0.3)   
   [Val] Epoch: [8][80/90]  Loss:0.130 (Avg 0.1339) IoU:0.638 (Avg 0.6354) Dice:0.7608 (Avg 0.7540) (AvgTime 0.2)   
   [Val] Epoch: [8][90/90]  Loss:0.160 (Avg 0.1354) IoU:0.549 (Avg 0.6330) Dice:0.6935 (Avg 0.7518) (AvgTime 0.2)   
   [Val] Loss components: dice=0.221074, focal=0.049752, total=0.135413
	 No iou improvement; selected epoch 7
	 early_stopping_count: 1/80
--- Epoch History (1..8) ---
Epoch |  TrainLoss |  TrainDice |  TrainIoU |    ValLoss |    ValDice |    ValIoU |         LR | Best
    1 |     0.2378 |     0.6073 |    0.4781 |     0.2212 |     0.6176 |    0.4873 |   3.00e-04 |     
    2 |     0.1754 |     0.6971 |    0.5727 |     0.1642 |     0.7061 |    0.5868 |   3.00e-04 |     
    3 |     0.1564 |     0.7248 |    0.6043 |     0.1373 |     0.7621 |    0.6492 |   3.00e-04 |     
    4 |     0.1512 |     0.7340 |    0.6154 |     0.1450 |     0.7555 |    0.6397 |   2.99e-04 |     
    5 |     0.1427 |     0.7474 |    0.6307 |     0.1478 |     0.7229 |    0.6010 |   2.98e-04 |     
    6 |     0.1390 |     0.7527 |    0.6372 |     0.1355 |     0.7500 |    0.6298 |   2.97e-04 |     
    7 |     0.1353 |     0.7589 |    0.6439 |     0.1369 |     0.7611 |    0.6439 |   2.96e-04 |    *
    8 |     0.1328 |     0.7617 |    0.6475 |     0.1354 |     0.7518 |    0.6330 |   2.94e-04 |     
--- R2 + image-value context regrouping with regroup_text anchors validation statistics ---
up4: ca=0.9135+/-0.1258, sa=1.0039+/-0.0113, amp=0.0000, suppress=0.0000, guide_abs=0.2210
up4 residuals: local_mean=2.975e-02, global_mean=0.0051, local_strength=0.1081, global_strength=0.0984, gain=[0.9619,1.0506], saturation=0.0622, text_film=0.0184
up4 haar: reconstruction_error=7.004e-07, skip_low/high=0.8269/0.1731, plam_low/high=1.0000/0.0000
up4 strengths: plam=0.9727, region=0.1081, detail=0.0984; residual_std region/detail/refine=0.3440/0.4415/0.2199
up4 guide_mix: entropy=0.9691, raw_low=0.2846, plam_low=0.2804, decoder_low=0.3028, detail=0.1322; agreement plam/decoder=0.8545/0.5110, support=0.7765+/-0.1057
up4 adaptive_frequency: ALPF strength=0.2162, weights=0.1841/0.6705/0.1454, sum=1.0000, entropy=0.7817, delta_std=0.1628; AHPF strength=0.0804, weights=0.3127/0.5179/0.1694, sum=1.0000, entropy=0.9116, residual_std=0.1626, scaled_std=0.0131
up3: ca=1.0046+/-0.2019, sa=0.9988+/-0.0084, amp=0.0000, suppress=0.0000, guide_abs=0.2744
up3 residuals: local_mean=-8.521e-03, global_mean=-0.0028, local_strength=0.1124, global_strength=0.1101, gain=[0.9582,1.0382], saturation=0.0000, text_film=0.0261
up3 haar: reconstruction_error=9.537e-07, skip_low/high=0.8138/0.1862, plam_low/high=1.0000/0.0000
up3 strengths: plam=0.9698, region=0.1124, detail=0.1101; residual_std region/detail/refine=0.4129/0.5137/0.3949
up3 guide_mix: entropy=0.9717, raw_low=0.3079, plam_low=0.2698, decoder_low=0.2843, detail=0.1380; agreement plam/decoder=0.6972/-0.0255, support=0.6328+/-0.0892
up3 adaptive_frequency: ALPF strength=0.2247, weights=0.1618/0.5726/0.2656, sum=1.0000, entropy=0.7803, delta_std=0.0841; AHPF strength=0.0894, weights=0.4207/0.3695/0.2098, sum=1.0000, entropy=0.8834, residual_std=0.1553, scaled_std=0.0139
up2: ca=0.9209+/-0.1237, sa=1.0023+/-0.0056, amp=0.0000, suppress=0.0000, guide_abs=0.1654
up2 residuals: local_mean=4.226e-03, global_mean=0.0180, local_strength=0.1075, global_strength=0.1058, gain=[0.9600,1.0555], saturation=0.0000, text_film=0.0159
up2 haar: reconstruction_error=9.537e-07, skip_low/high=0.8188/0.1812, plam_low/high=1.0000/0.0000
up2 strengths: plam=0.9606, region=0.1075, detail=0.1058; residual_std region/detail/refine=0.1311/0.2983/0.1313
up2 guide_mix: entropy=0.9501, raw_low=0.2588, plam_low=0.2817, decoder_low=0.3494, detail=0.1101; agreement plam/decoder=0.8742/-0.4111, support=0.5363+/-0.0290
up1: ca=0.8856+/-0.1352, sa=0.9992+/-0.0133, amp=0.0000, suppress=0.0000, guide_abs=0.2126
up1 residuals: local_mean=-1.699e-02, global_mean=0.0115, local_strength=0.1166, global_strength=0.0986, gain=[0.9037,1.0934], saturation=0.0006, text_film=0.0375
up1 haar: reconstruction_error=2.638e-06, skip_low/high=0.7625/0.2375, plam_low/high=1.0000/0.0000
up1 strengths: plam=0.9698, region=0.1166, detail=0.0986; residual_std region/detail/refine=0.4066/0.3498/0.0649
up1 guide_mix: entropy=0.9302, raw_low=0.2547, plam_low=0.3415, decoder_low=0.3187, detail=0.0852; agreement plam/decoder=0.6669/-0.3018, support=0.6274+/-0.0921

========= Epoch [9/80] =========
M2_Test_session_09.13_22h33
Training with batch size : 16
   [Train] Epoch: [9][20/357]  Loss:0.099 (Avg 0.1328) IoU:0.749 (Avg 0.6523) Dice:0.8315 (Avg 0.7676) LR 2.92e-04   (AvgTime 0.6)   
   [Train] Epoch: [9][40/357]  Loss:0.083 (Avg 0.1311) IoU:0.748 (Avg 0.6503) Dice:0.8466 (Avg 0.7660) LR 2.92e-04   (AvgTime 0.6)   
   [Train] Epoch: [9][60/357]  Loss:0.130 (Avg 0.1277) IoU:0.667 (Avg 0.6558) Dice:0.7686 (Avg 0.7701) LR 2.92e-04   (AvgTime 0.6)   
   [Train] Epoch: [9][80/357]  Loss:0.163 (Avg 0.1280) IoU:0.626 (Avg 0.6550) Dice:0.7337 (Avg 0.7685) LR 2.92e-04   (AvgTime 0.6)   
   [Train] Epoch: [9][100/357]  Loss:0.156 (Avg 0.1312) IoU:0.580 (Avg 0.6481) Dice:0.7082 (Avg 0.7630) LR 2.92e-04   (AvgTime 0.6)   
   [Train] Epoch: [9][120/357]  Loss:0.134 (Avg 0.1304) IoU:0.597 (Avg 0.6496) Dice:0.7288 (Avg 0.7644) LR 2.92e-04   (AvgTime 0.6)   
   [Train] Epoch: [9][140/357]  Loss:0.140 (Avg 0.1298) IoU:0.693 (Avg 0.6523) Dice:0.8092 (Avg 0.7668) LR 2.92e-04   (AvgTime 0.6)   
   [Train] Epoch: [9][160/357]  Loss:0.109 (Avg 0.1284) IoU:0.675 (Avg 0.6562) Dice:0.7998 (Avg 0.7702) LR 2.92e-04   (AvgTime 0.6)   
   [Train] Epoch: [9][180/357]  Loss:0.130 (Avg 0.1284) IoU:0.628 (Avg 0.6565) Dice:0.7567 (Avg 0.7704) LR 2.92e-04   (AvgTime 0.6)   
   [Train] Epoch: [9][200/357]  Loss:0.150 (Avg 0.1290) IoU:0.627 (Avg 0.6557) Dice:0.7391 (Avg 0.7695) LR 2.92e-04   (AvgTime 0.6)   
   [Train] Epoch: [9][220/357]  Loss:0.115 (Avg 0.1285) IoU:0.683 (Avg 0.6566) Dice:0.7989 (Avg 0.7703) LR 2.92e-04   (AvgTime 0.6)   
   [Train] Epoch: [9][240/357]  Loss:0.128 (Avg 0.1289) IoU:0.673 (Avg 0.6554) Dice:0.7698 (Avg 0.7690) LR 2.92e-04   (AvgTime 0.6)   
   [Train] Epoch: [9][260/357]  Loss:0.113 (Avg 0.1286) IoU:0.697 (Avg 0.6557) Dice:0.8015 (Avg 0.7692) LR 2.92e-04   (AvgTime 0.6)   
   [Train] Epoch: [9][280/357]  Loss:0.168 (Avg 0.1291) IoU:0.549 (Avg 0.6543) Dice:0.6788 (Avg 0.7679) LR 2.92e-04   (AvgTime 0.6)   
   [Train] Epoch: [9][300/357]  Loss:0.108 (Avg 0.1292) IoU:0.691 (Avg 0.6546) Dice:0.8070 (Avg 0.7680) LR 2.92e-04   (AvgTime 0.6)   
   [Train] Epoch: [9][320/357]  Loss:0.150 (Avg 0.1294) IoU:0.649 (Avg 0.6545) Dice:0.7704 (Avg 0.7677) LR 2.92e-04   (AvgTime 0.6)   
   [Train] Epoch: [9][340/357]  Loss:0.101 (Avg 0.1293) IoU:0.716 (Avg 0.6546) Dice:0.8241 (Avg 0.7678) LR 2.92e-04   (AvgTime 0.6)   
   [Train] Epoch: [9][357/357]  Loss:0.101 (Avg 0.1294) IoU:0.726 (Avg 0.6543) Dice:0.8223 (Avg 0.7676) LR 2.92e-04   (AvgTime 0.6)   
   [Train] Loss components: dice=0.204566, focal=0.054265, total=0.129415
Validation
   [Val] Epoch: [9][20/90]  Loss:0.152 (Avg 0.1253) IoU:0.615 (Avg 0.6729) Dice:0.7383 (Avg 0.7834) (AvgTime 0.3)   
   [Val] Epoch: [9][40/90]  Loss:0.134 (Avg 0.1315) IoU:0.612 (Avg 0.6560) Dice:0.7418 (Avg 0.7674) (AvgTime 0.3)   
   [Val] Epoch: [9][60/90]  Loss:0.153 (Avg 0.1253) IoU:0.622 (Avg 0.6665) Dice:0.7330 (Avg 0.7747) (AvgTime 0.3)   
   [Val] Epoch: [9][80/90]  Loss:0.116 (Avg 0.1252) IoU:0.673 (Avg 0.6642) Dice:0.7872 (Avg 0.7737) (AvgTime 0.3)   
   [Val] Epoch: [9][90/90]  Loss:0.167 (Avg 0.1259) IoU:0.584 (Avg 0.6623) Dice:0.7167 (Avg 0.7724) (AvgTime 0.2)   
   [Val] Loss components: dice=0.201682, focal=0.050056, total=0.125869
	 Saving best model by iou: 0.662333
	 Saving to Covid19/BetterLViT/m2_text_regroup/M2_Test_session_09.13_22h33/models//best_model-BetterLViT.pth.tar
	 early_stopping_count: 0/80
--- Epoch History (1..9) ---
Epoch |  TrainLoss |  TrainDice |  TrainIoU |    ValLoss |    ValDice |    ValIoU |         LR | Best
    1 |     0.2378 |     0.6073 |    0.4781 |     0.2212 |     0.6176 |    0.4873 |   3.00e-04 |     
    2 |     0.1754 |     0.6971 |    0.5727 |     0.1642 |     0.7061 |    0.5868 |   3.00e-04 |     
    3 |     0.1564 |     0.7248 |    0.6043 |     0.1373 |     0.7621 |    0.6492 |   3.00e-04 |     
    4 |     0.1512 |     0.7340 |    0.6154 |     0.1450 |     0.7555 |    0.6397 |   2.99e-04 |     
    5 |     0.1427 |     0.7474 |    0.6307 |     0.1478 |     0.7229 |    0.6010 |   2.98e-04 |     
    6 |     0.1390 |     0.7527 |    0.6372 |     0.1355 |     0.7500 |    0.6298 |   2.97e-04 |     
    7 |     0.1353 |     0.7589 |    0.6439 |     0.1369 |     0.7611 |    0.6439 |   2.96e-04 |     
    8 |     0.1328 |     0.7617 |    0.6475 |     0.1354 |     0.7518 |    0.6330 |   2.94e-04 |     
    9 |     0.1294 |     0.7676 |    0.6543 |     0.1259 |     0.7724 |    0.6623 |   2.92e-04 |    *
--- R2 + image-value context regrouping with regroup_text anchors validation statistics ---
up4: ca=0.9051+/-0.1186, sa=1.0052+/-0.0118, amp=0.0000, suppress=0.0000, guide_abs=0.1709
up4 residuals: local_mean=3.716e-02, global_mean=0.0106, local_strength=0.1089, global_strength=0.0989, gain=[0.9711,1.0769], saturation=0.1082, text_film=0.0158
up4 haar: reconstruction_error=4.768e-07, skip_low/high=0.8109/0.1891, plam_low/high=1.0000/0.0000
up4 strengths: plam=0.9697, region=0.1089, detail=0.0989; residual_std region/detail/refine=0.4071/0.4314/0.2106
up4 guide_mix: entropy=0.9727, raw_low=0.2859, plam_low=0.2794, decoder_low=0.2963, detail=0.1384; agreement plam/decoder=0.8559/0.5184, support=0.8138+/-0.1015
up4 adaptive_frequency: ALPF strength=0.2176, weights=0.1957/0.6747/0.1296, sum=1.0000, entropy=0.7724, delta_std=0.1278; AHPF strength=0.0804, weights=0.3587/0.4810/0.1603, sum=1.0000, entropy=0.9199, residual_std=0.1451, scaled_std=0.0117
up3: ca=1.0016+/-0.1897, sa=0.9993+/-0.0073, amp=0.0000, suppress=0.0000, guide_abs=0.2776
up3 residuals: local_mean=-6.067e-03, global_mean=0.0002, local_strength=0.1128, global_strength=0.1107, gain=[0.9643,1.0329], saturation=0.0000, text_film=0.0461
up3 haar: reconstruction_error=9.537e-07, skip_low/high=0.8120/0.1880, plam_low/high=1.0000/0.0000
up3 strengths: plam=0.9663, region=0.1128, detail=0.1107; residual_std region/detail/refine=0.4574/0.5315/0.4241
up3 guide_mix: entropy=0.9730, raw_low=0.3050, plam_low=0.2680, decoder_low=0.2867, detail=0.1403; agreement plam/decoder=0.5967/0.0317, support=0.6393+/-0.0878
up3 adaptive_frequency: ALPF strength=0.2275, weights=0.1589/0.5596/0.2815, sum=1.0000, entropy=0.8132, delta_std=0.0730; AHPF strength=0.0900, weights=0.5262/0.2981/0.1757, sum=1.0000, entropy=0.8342, residual_std=0.1270, scaled_std=0.0114
up2: ca=0.9335+/-0.1168, sa=1.0027+/-0.0054, amp=0.0000, suppress=0.0000, guide_abs=0.1952
up2 residuals: local_mean=3.919e-03, global_mean=0.0215, local_strength=0.1080, global_strength=0.1063, gain=[0.9591,1.0557], saturation=0.0000, text_film=0.0155
up2 haar: reconstruction_error=9.537e-07, skip_low/high=0.8158/0.1842, plam_low/high=1.0000/0.0000
up2 strengths: plam=0.9551, region=0.1080, detail=0.1063; residual_std region/detail/refine=0.1415/0.2953/0.1372
up2 guide_mix: entropy=0.9588, raw_low=0.2788, plam_low=0.2707, decoder_low=0.3315, detail=0.1190; agreement plam/decoder=0.5256/-0.3117, support=0.5406+/-0.0378
up1: ca=0.9048+/-0.1318, sa=0.9996+/-0.0136, amp=0.0000, suppress=0.0000, guide_abs=0.2016
up1 residuals: local_mean=-1.534e-02, global_mean=0.0137, local_strength=0.1172, global_strength=0.0982, gain=[0.9047,1.0935], saturation=0.0045, text_film=0.0433
up1 haar: reconstruction_error=2.682e-06, skip_low/high=0.7565/0.2435, plam_low/high=1.0000/0.0000
up1 strengths: plam=0.9673, region=0.1172, detail=0.0982; residual_std region/detail/refine=0.4364/0.3606/0.0676
up1 guide_mix: entropy=0.9454, raw_low=0.2799, plam_low=0.3310, decoder_low=0.2899, detail=0.0992; agreement plam/decoder=0.6335/-0.3275, support=0.6355+/-0.0953

========= Epoch [10/80] =========
M2_Test_session_09.13_22h33
Training with batch size : 16
   [Train] Epoch: [10][20/357]  Loss:0.137 (Avg 0.1169) IoU:0.620 (Avg 0.6816) Dice:0.7413 (Avg 0.7900) LR 2.91e-04   (AvgTime 0.6)   
   [Train] Epoch: [10][40/357]  Loss:0.124 (Avg 0.1220) IoU:0.672 (Avg 0.6699) Dice:0.7826 (Avg 0.7798) LR 2.91e-04   (AvgTime 0.6)   
   [Train] Epoch: [10][60/357]  Loss:0.106 (Avg 0.1220) IoU:0.727 (Avg 0.6698) Dice:0.8213 (Avg 0.7796) LR 2.91e-04   (AvgTime 0.6)   
   [Train] Epoch: [10][80/357]  Loss:0.170 (Avg 0.1238) IoU:0.552 (Avg 0.6659) Dice:0.6822 (Avg 0.7772) LR 2.91e-04   (AvgTime 0.6)   
   [Train] Epoch: [10][100/357]  Loss:0.126 (Avg 0.1260) IoU:0.650 (Avg 0.6612) Dice:0.7566 (Avg 0.7732) LR 2.91e-04   (AvgTime 0.6)   
   [Train] Epoch: [10][120/357]  Loss:0.105 (Avg 0.1267) IoU:0.710 (Avg 0.6591) Dice:0.8104 (Avg 0.7715) LR 2.91e-04   (AvgTime 0.6)   
   [Train] Epoch: [10][140/357]  Loss:0.101 (Avg 0.1272) IoU:0.715 (Avg 0.6583) Dice:0.8210 (Avg 0.7707) LR 2.91e-04   (AvgTime 0.6)   
   [Train] Epoch: [10][160/357]  Loss:0.144 (Avg 0.1278) IoU:0.589 (Avg 0.6566) Dice:0.7194 (Avg 0.7692) LR 2.91e-04   (AvgTime 0.6)   
   [Train] Epoch: [10][180/357]  Loss:0.180 (Avg 0.1285) IoU:0.570 (Avg 0.6549) Dice:0.6890 (Avg 0.7678) LR 2.91e-04   (AvgTime 0.6)   
   [Train] Epoch: [10][200/357]  Loss:0.147 (Avg 0.1286) IoU:0.555 (Avg 0.6547) Dice:0.6923 (Avg 0.7677) LR 2.91e-04   (AvgTime 0.6)   
   [Train] Epoch: [10][220/357]  Loss:0.095 (Avg 0.1286) IoU:0.736 (Avg 0.6544) Dice:0.8386 (Avg 0.7676) LR 2.91e-04   (AvgTime 0.6)   
   [Train] Epoch: [10][240/357]  Loss:0.139 (Avg 0.1289) IoU:0.660 (Avg 0.6541) Dice:0.7499 (Avg 0.7670) LR 2.91e-04   (AvgTime 0.6)   
   [Train] Epoch: [10][260/357]  Loss:0.108 (Avg 0.1302) IoU:0.678 (Avg 0.6520) Dice:0.7941 (Avg 0.7651) LR 2.91e-04   (AvgTime 0.6)   
   [Train] Epoch: [10][280/357]  Loss:0.125 (Avg 0.1298) IoU:0.648 (Avg 0.6527) Dice:0.7624 (Avg 0.7659) LR 2.91e-04   (AvgTime 0.6)   
   [Train] Epoch: [10][300/357]  Loss:0.189 (Avg 0.1297) IoU:0.522 (Avg 0.6528) Dice:0.6482 (Avg 0.7659) LR 2.91e-04   (AvgTime 0.6)   
   [Train] Epoch: [10][320/357]  Loss:0.097 (Avg 0.1303) IoU:0.747 (Avg 0.6518) Dice:0.8442 (Avg 0.7653) LR 2.91e-04   (AvgTime 0.6)   
   [Train] Epoch: [10][340/357]  Loss:0.109 (Avg 0.1298) IoU:0.701 (Avg 0.6528) Dice:0.8075 (Avg 0.7664) LR 2.91e-04   (AvgTime 0.6)   
   [Train] Epoch: [10][357/357]  Loss:0.133 (Avg 0.1295) IoU:0.664 (Avg 0.6539) Dice:0.7742 (Avg 0.7672) LR 2.91e-04   (AvgTime 0.6)   
   [Train] Loss components: dice=0.204663, focal=0.054273, total=0.129468
Validation
   [Val] Epoch: [10][20/90]  Loss:0.137 (Avg 0.1218) IoU:0.654 (Avg 0.6872) Dice:0.7750 (Avg 0.7964) (AvgTime 0.3)   
   [Val] Epoch: [10][40/90]  Loss:0.119 (Avg 0.1294) IoU:0.662 (Avg 0.6687) Dice:0.7811 (Avg 0.7786) (AvgTime 0.2)   
   [Val] Epoch: [10][60/90]  Loss:0.152 (Avg 0.1217) IoU:0.623 (Avg 0.6815) Dice:0.7354 (Avg 0.7884) (AvgTime 0.2)   
   [Val] Epoch: [10][80/90]  Loss:0.102 (Avg 0.1208) IoU:0.713 (Avg 0.6801) Dice:0.8211 (Avg 0.7878) (AvgTime 0.2)   
   [Val] Epoch: [10][90/90]  Loss:0.153 (Avg 0.1216) IoU:0.569 (Avg 0.6776) Dice:0.7065 (Avg 0.7861) (AvgTime 0.2)   
   [Val] Loss components: dice=0.187836, focal=0.055271, total=0.121553
	 Saving best model by iou: 0.677640
	 Saving to Covid19/BetterLViT/m2_text_regroup/M2_Test_session_09.13_22h33/models//best_model-BetterLViT.pth.tar
	 early_stopping_count: 0/80
--- Epoch History (1..10) ---
Epoch |  TrainLoss |  TrainDice |  TrainIoU |    ValLoss |    ValDice |    ValIoU |         LR | Best
    1 |     0.2378 |     0.6073 |    0.4781 |     0.2212 |     0.6176 |    0.4873 |   3.00e-04 |     
    2 |     0.1754 |     0.6971 |    0.5727 |     0.1642 |     0.7061 |    0.5868 |   3.00e-04 |     
    3 |     0.1564 |     0.7248 |    0.6043 |     0.1373 |     0.7621 |    0.6492 |   3.00e-04 |     
    4 |     0.1512 |     0.7340 |    0.6154 |     0.1450 |     0.7555 |    0.6397 |   2.99e-04 |     
    5 |     0.1427 |     0.7474 |    0.6307 |     0.1478 |     0.7229 |    0.6010 |   2.98e-04 |     
    6 |     0.1390 |     0.7527 |    0.6372 |     0.1355 |     0.7500 |    0.6298 |   2.97e-04 |     
    7 |     0.1353 |     0.7589 |    0.6439 |     0.1369 |     0.7611 |    0.6439 |   2.96e-04 |     
    8 |     0.1328 |     0.7617 |    0.6475 |     0.1354 |     0.7518 |    0.6330 |   2.94e-04 |     
    9 |     0.1294 |     0.7676 |    0.6543 |     0.1259 |     0.7724 |    0.6623 |   2.92e-04 |     
   10 |     0.1295 |     0.7672 |    0.6539 |     0.1216 |     0.7861 |    0.6776 |   2.91e-04 |    *
--- R2 + image-value context regrouping with regroup_text anchors validation statistics ---
up4: ca=0.9058+/-0.1457, sa=1.0070+/-0.0131, amp=0.0000, suppress=0.0000, guide_abs=0.2124
up4 residuals: local_mean=5.363e-02, global_mean=0.0113, local_strength=0.1096, global_strength=0.0992, gain=[0.9787,1.0761], saturation=0.1265, text_film=0.0153
up4 haar: reconstruction_error=5.960e-07, skip_low/high=0.8180/0.1820, plam_low/high=1.0000/0.0000
up4 strengths: plam=0.9661, region=0.1096, detail=0.0992; residual_std region/detail/refine=0.3913/0.4171/0.1911
up4 guide_mix: entropy=0.9688, raw_low=0.2908, plam_low=0.3097, decoder_low=0.2663, detail=0.1332; agreement plam/decoder=0.7777/0.3281, support=0.8473+/-0.0797
up4 adaptive_frequency: ALPF strength=0.2198, weights=0.1462/0.7127/0.1410, sum=1.0000, entropy=0.7238, delta_std=0.1300; AHPF strength=0.0803, weights=0.2765/0.5417/0.1818, sum=1.0000, entropy=0.9044, residual_std=0.1603, scaled_std=0.0129
up3: ca=0.9960+/-0.2002, sa=1.0001+/-0.0078, amp=0.0000, suppress=0.0000, guide_abs=0.2716
up3 residuals: local_mean=-2.495e-03, global_mean=0.0030, local_strength=0.1133, global_strength=0.1113, gain=[0.9638,1.0419], saturation=0.0000, text_film=0.0324
up3 haar: reconstruction_error=9.537e-07, skip_low/high=0.8158/0.1842, plam_low/high=1.0000/0.0000
up3 strengths: plam=0.9624, region=0.1133, detail=0.1113; residual_std region/detail/refine=0.4500/0.5334/0.4164
up3 guide_mix: entropy=0.9734, raw_low=0.3168, plam_low=0.2776, decoder_low=0.2622, detail=0.1434; agreement plam/decoder=0.5354/0.0327, support=0.6408+/-0.0885
up3 adaptive_frequency: ALPF strength=0.2306, weights=0.1356/0.5200/0.3444, sum=1.0000, entropy=0.8375, delta_std=0.0776; AHPF strength=0.0904, weights=0.5754/0.2660/0.1586, sum=1.0000, entropy=0.8220, residual_std=0.1170, scaled_std=0.0106
up2: ca=0.9363+/-0.1395, sa=1.0028+/-0.0051, amp=0.0000, suppress=0.0000, guide_abs=0.1961
up2 residuals: local_mean=4.306e-03, global_mean=0.0220, local_strength=0.1085, global_strength=0.1068, gain=[0.9588,1.0515], saturation=0.0000, text_film=0.0152
up2 haar: reconstruction_error=9.537e-07, skip_low/high=0.8121/0.1879, plam_low/high=1.0000/0.0000
up2 strengths: plam=0.9485, region=0.1085, detail=0.1068; residual_std region/detail/refine=0.1435/0.3110/0.1521
up2 guide_mix: entropy=0.9602, raw_low=0.2754, plam_low=0.2905, decoder_low=0.3154, detail=0.1187; agreement plam/decoder=0.7059/-0.2695, support=0.5416+/-0.0349
up1: ca=0.8954+/-0.1353, sa=1.0000+/-0.0132, amp=0.0000, suppress=0.0000, guide_abs=0.2026
up1 residuals: local_mean=-1.246e-02, global_mean=0.0145, local_strength=0.1177, global_strength=0.0980, gain=[0.9057,1.0926], saturation=0.0071, text_film=0.0272
up1 haar: reconstruction_error=2.593e-06, skip_low/high=0.7457/0.2543, plam_low/high=1.0000/0.0000
up1 strengths: plam=0.9647, region=0.1177, detail=0.0980; residual_std region/detail/refine=0.4766/0.3555/0.0725
up1 guide_mix: entropy=0.9341, raw_low=0.2566, plam_low=0.3735, decoder_low=0.2755, detail=0.0944; agreement plam/decoder=0.6322/-0.2286, support=0.6318+/-0.1050

========= Epoch [11/80] =========
M2_Test_session_09.13_22h33
Training with batch size : 16
   [Train] Epoch: [11][20/357]  Loss:0.148 (Avg 0.1235) IoU:0.620 (Avg 0.6630) Dice:0.7253 (Avg 0.7732) LR 2.88e-04   (AvgTime 0.6)   
   [Train] Epoch: [11][40/357]  Loss:0.080 (Avg 0.1190) IoU:0.768 (Avg 0.6757) Dice:0.8590 (Avg 0.7837) LR 2.88e-04   (AvgTime 0.6)   
   [Train] Epoch: [11][60/357]  Loss:0.123 (Avg 0.1208) IoU:0.667 (Avg 0.6711) Dice:0.7791 (Avg 0.7812) LR 2.88e-04   (AvgTime 0.6)   
   [Train] Epoch: [11][80/357]  Loss:0.130 (Avg 0.1255) IoU:0.672 (Avg 0.6675) Dice:0.7923 (Avg 0.7784) LR 2.88e-04   (AvgTime 0.6)   
   [Train] Epoch: [11][100/357]  Loss:0.108 (Avg 0.1240) IoU:0.712 (Avg 0.6696) Dice:0.8145 (Avg 0.7811) LR 2.88e-04   (AvgTime 0.6)   
   [Train] Epoch: [11][120/357]  Loss:0.125 (Avg 0.1251) IoU:0.670 (Avg 0.6666) Dice:0.7684 (Avg 0.7784) LR 2.88e-04   (AvgTime 0.6)   
   [Train] Epoch: [11][140/357]  Loss:0.141 (Avg 0.1277) IoU:0.620 (Avg 0.6611) Dice:0.7296 (Avg 0.7731) LR 2.88e-04   (AvgTime 0.6)   
   [Train] Epoch: [11][160/357]  Loss:0.147 (Avg 0.1279) IoU:0.595 (Avg 0.6609) Dice:0.7194 (Avg 0.7729) LR 2.88e-04   (AvgTime 0.6)   
   [Train] Epoch: [11][180/357]  Loss:0.123 (Avg 0.1285) IoU:0.659 (Avg 0.6594) Dice:0.7786 (Avg 0.7716) LR 2.88e-04   (AvgTime 0.6)   
   [Train] Epoch: [11][200/357]  Loss:0.102 (Avg 0.1287) IoU:0.710 (Avg 0.6585) Dice:0.8115 (Avg 0.7709) LR 2.88e-04   (AvgTime 0.6)   
   [Train] Epoch: [11][220/357]  Loss:0.152 (Avg 0.1289) IoU:0.636 (Avg 0.6589) Dice:0.7370 (Avg 0.7711) LR 2.88e-04   (AvgTime 0.6)   
   [Train] Epoch: [11][240/357]  Loss:0.158 (Avg 0.1296) IoU:0.606 (Avg 0.6574) Dice:0.7338 (Avg 0.7701) LR 2.88e-04   (AvgTime 0.6)   
   [Train] Epoch: [11][260/357]  Loss:0.136 (Avg 0.1293) IoU:0.650 (Avg 0.6573) Dice:0.7586 (Avg 0.7701) LR 2.88e-04   (AvgTime 0.6)   
   [Train] Epoch: [11][280/357]  Loss:0.105 (Avg 0.1294) IoU:0.700 (Avg 0.6567) Dice:0.7963 (Avg 0.7697) LR 2.88e-04   (AvgTime 0.6)   
   [Train] Epoch: [11][300/357]  Loss:0.105 (Avg 0.1287) IoU:0.704 (Avg 0.6582) Dice:0.8074 (Avg 0.7708) LR 2.88e-04   (AvgTime 0.6)   
   [Train] Epoch: [11][320/357]  Loss:0.138 (Avg 0.1278) IoU:0.610 (Avg 0.6596) Dice:0.7372 (Avg 0.7718) LR 2.88e-04   (AvgTime 0.6)   
   [Train] Epoch: [11][340/357]  Loss:0.112 (Avg 0.1281) IoU:0.674 (Avg 0.6589) Dice:0.7842 (Avg 0.7713) LR 2.88e-04   (AvgTime 0.6)   
   [Train] Epoch: [11][357/357]  Loss:0.137 (Avg 0.1289) IoU:0.634 (Avg 0.6573) Dice:0.7564 (Avg 0.7699) LR 2.88e-04   (AvgTime 0.6)   
   [Train] Loss components: dice=0.203170, focal=0.054579, total=0.128875
Validation
   [Val] Epoch: [11][20/90]  Loss:0.144 (Avg 0.1193) IoU:0.627 (Avg 0.6839) Dice:0.7499 (Avg 0.7936) (AvgTime 0.3)   
   [Val] Epoch: [11][40/90]  Loss:0.133 (Avg 0.1267) IoU:0.625 (Avg 0.6666) Dice:0.7518 (Avg 0.7774) (AvgTime 0.3)   
   [Val] Epoch: [11][60/90]  Loss:0.159 (Avg 0.1216) IoU:0.616 (Avg 0.6727) Dice:0.7319 (Avg 0.7818) (AvgTime 0.3)   
   [Val] Epoch: [11][80/90]  Loss:0.112 (Avg 0.1221) IoU:0.683 (Avg 0.6682) Dice:0.7990 (Avg 0.7784) (AvgTime 0.2)   
   [Val] Epoch: [11][90/90]  Loss:0.149 (Avg 0.1227) IoU:0.588 (Avg 0.6660) Dice:0.7185 (Avg 0.7768) (AvgTime 0.2)   
   [Val] Loss components: dice=0.198715, focal=0.046672, total=0.122693
	 No iou improvement; selected epoch 10
	 early_stopping_count: 1/80
--- Epoch History (1..11) ---
Epoch |  TrainLoss |  TrainDice |  TrainIoU |    ValLoss |    ValDice |    ValIoU |         LR | Best
    1 |     0.2378 |     0.6073 |    0.4781 |     0.2212 |     0.6176 |    0.4873 |   3.00e-04 |     
    2 |     0.1754 |     0.6971 |    0.5727 |     0.1642 |     0.7061 |    0.5868 |   3.00e-04 |     
    3 |     0.1564 |     0.7248 |    0.6043 |     0.1373 |     0.7621 |    0.6492 |   3.00e-04 |     
    4 |     0.1512 |     0.7340 |    0.6154 |     0.1450 |     0.7555 |    0.6397 |   2.99e-04 |     
    5 |     0.1427 |     0.7474 |    0.6307 |     0.1478 |     0.7229 |    0.6010 |   2.98e-04 |     
    6 |     0.1390 |     0.7527 |    0.6372 |     0.1355 |     0.7500 |    0.6298 |   2.97e-04 |     
    7 |     0.1353 |     0.7589 |    0.6439 |     0.1369 |     0.7611 |    0.6439 |   2.96e-04 |     
    8 |     0.1328 |     0.7617 |    0.6475 |     0.1354 |     0.7518 |    0.6330 |   2.94e-04 |     
    9 |     0.1294 |     0.7676 |    0.6543 |     0.1259 |     0.7724 |    0.6623 |   2.92e-04 |     
   10 |     0.1295 |     0.7672 |    0.6539 |     0.1216 |     0.7861 |    0.6776 |   2.91e-04 |    *
   11 |     0.1289 |     0.7699 |    0.6573 |     0.1227 |     0.7768 |    0.6660 |   2.88e-04 |     
--- R2 + image-value context regrouping with regroup_text anchors validation statistics ---
up4: ca=0.9327+/-0.1327, sa=1.0056+/-0.0143, amp=0.0000, suppress=0.0000, guide_abs=0.2081
up4 residuals: local_mean=5.076e-02, global_mean=-0.0007, local_strength=0.1104, global_strength=0.1001, gain=[0.9642,1.0763], saturation=0.1418, text_film=0.0165
up4 haar: reconstruction_error=5.960e-07, skip_low/high=0.8161/0.1839, plam_low/high=1.0000/0.0000
up4 strengths: plam=0.9637, region=0.1104, detail=0.1001; residual_std region/detail/refine=0.4452/0.4272/0.2231
up4 guide_mix: entropy=0.9729, raw_low=0.3011, plam_low=0.2604, decoder_low=0.2976, detail=0.1410; agreement plam/decoder=0.8655/0.4207, support=0.8667+/-0.0683
up4 adaptive_frequency: ALPF strength=0.2206, weights=0.1989/0.6582/0.1429, sum=1.0000, entropy=0.7955, delta_std=0.1293; AHPF strength=0.0803, weights=0.2970/0.5216/0.1814, sum=1.0000, entropy=0.9180, residual_std=0.1504, scaled_std=0.0121
up3: ca=0.9995+/-0.1989, sa=1.0008+/-0.0074, amp=0.0000, suppress=0.0000, guide_abs=0.2445
up3 residuals: local_mean=5.849e-05, global_mean=0.0064, local_strength=0.1138, global_strength=0.1116, gain=[0.9656,1.0486], saturation=0.0000, text_film=0.0363
up3 haar: reconstruction_error=9.537e-07, skip_low/high=0.8145/0.1855, plam_low/high=1.0000/0.0000
up3 strengths: plam=0.9580, region=0.1138, detail=0.1116; residual_std region/detail/refine=0.4441/0.5266/0.4192
up3 guide_mix: entropy=0.9721, raw_low=0.3137, plam_low=0.2564, decoder_low=0.2888, detail=0.1411; agreement plam/decoder=0.6944/0.1064, support=0.6299+/-0.0898
up3 adaptive_frequency: ALPF strength=0.2327, weights=0.1545/0.5250/0.3205, sum=1.0000, entropy=0.8101, delta_std=0.0774; AHPF strength=0.0910, weights=0.5092/0.3091/0.1817, sum=1.0000, entropy=0.8497, residual_std=0.1357, scaled_std=0.0123
up2: ca=0.9289+/-0.1234, sa=1.0028+/-0.0053, amp=0.0000, suppress=0.0000, guide_abs=0.1585
up2 residuals: local_mean=4.700e-03, global_mean=0.0212, local_strength=0.1092, global_strength=0.1071, gain=[0.9540,1.0560], saturation=0.0000, text_film=0.0152
up2 haar: reconstruction_error=9.537e-07, skip_low/high=0.8057/0.1943, plam_low/high=1.0000/0.0000
up2 strengths: plam=0.9422, region=0.1092, detail=0.1071; residual_std region/detail/refine=0.1478/0.3188/0.1430
up2 guide_mix: entropy=0.9627, raw_low=0.2762, plam_low=0.2700, decoder_low=0.3287, detail=0.1251; agreement plam/decoder=0.7792/-0.5030, support=0.5427+/-0.0347
up1: ca=0.8680+/-0.1454, sa=1.0002+/-0.0133, amp=0.0000, suppress=0.0000, guide_abs=0.2141
up1 residuals: local_mean=-1.072e-02, global_mean=0.0156, local_strength=0.1184, global_strength=0.0974, gain=[0.9043,1.0937], saturation=0.0044, text_film=0.0270
up1 haar: reconstruction_error=2.041e-06, skip_low/high=0.7405/0.2595, plam_low/high=1.0000/0.0000
up1 strengths: plam=0.9624, region=0.1184, detail=0.0974; residual_std region/detail/refine=0.4262/0.3692/0.0769
up1 guide_mix: entropy=0.9375, raw_low=0.2509, plam_low=0.3477, decoder_low=0.3069, detail=0.0945; agreement plam/decoder=0.6523/-0.1939, support=0.6632+/-0.1004

========= Epoch [12/80] =========
M2_Test_session_09.13_22h33
Training with batch size : 16
   [Train] Epoch: [12][20/357]  Loss:0.091 (Avg 0.1282) IoU:0.732 (Avg 0.6510) Dice:0.8386 (Avg 0.7655) LR 2.86e-04   (AvgTime 0.6)   
   [Train] Epoch: [12][40/357]  Loss:0.148 (Avg 0.1276) IoU:0.655 (Avg 0.6595) Dice:0.7528 (Avg 0.7720) LR 2.86e-04   (AvgTime 0.6)   
   [Train] Epoch: [12][60/357]  Loss:0.099 (Avg 0.1281) IoU:0.708 (Avg 0.6581) Dice:0.8177 (Avg 0.7710) LR 2.86e-04   (AvgTime 0.6)   
   [Train] Epoch: [12][80/357]  Loss:0.118 (Avg 0.1265) IoU:0.655 (Avg 0.6603) Dice:0.7735 (Avg 0.7733) LR 2.86e-04   (AvgTime 0.6)   
   [Train] Epoch: [12][100/357]  Loss:0.144 (Avg 0.1267) IoU:0.571 (Avg 0.6579) Dice:0.7207 (Avg 0.7715) LR 2.86e-04   (AvgTime 0.6)   
   [Train] Epoch: [12][120/357]  Loss:0.090 (Avg 0.1268) IoU:0.744 (Avg 0.6592) Dice:0.8374 (Avg 0.7720) LR 2.86e-04   (AvgTime 0.6)   
   [Train] Epoch: [12][140/357]  Loss:0.113 (Avg 0.1270) IoU:0.678 (Avg 0.6586) Dice:0.7949 (Avg 0.7713) LR 2.86e-04   (AvgTime 0.6)   
   [Train] Epoch: [12][160/357]  Loss:0.099 (Avg 0.1277) IoU:0.741 (Avg 0.6579) Dice:0.8374 (Avg 0.7705) LR 2.86e-04   (AvgTime 0.6)   
   [Train] Epoch: [12][180/357]  Loss:0.105 (Avg 0.1276) IoU:0.672 (Avg 0.6584) Dice:0.7957 (Avg 0.7711) LR 2.86e-04   (AvgTime 0.6)   
   [Train] Epoch: [12][200/357]  Loss:0.102 (Avg 0.1267) IoU:0.681 (Avg 0.6597) Dice:0.7994 (Avg 0.7721) LR 2.86e-04   (AvgTime 0.6)   
   [Train] Epoch: [12][220/357]  Loss:0.121 (Avg 0.1274) IoU:0.648 (Avg 0.6587) Dice:0.7586 (Avg 0.7710) LR 2.86e-04   (AvgTime 0.6)   
   [Train] Epoch: [12][240/357]  Loss:0.105 (Avg 0.1276) IoU:0.736 (Avg 0.6583) Dice:0.8409 (Avg 0.7708) LR 2.86e-04   (AvgTime 0.6)   
   [Train] Epoch: [12][260/357]  Loss:0.110 (Avg 0.1283) IoU:0.720 (Avg 0.6570) Dice:0.8117 (Avg 0.7697) LR 2.86e-04   (AvgTime 0.6)   
   [Train] Epoch: [12][280/357]  Loss:0.135 (Avg 0.1278) IoU:0.632 (Avg 0.6583) Dice:0.7391 (Avg 0.7709) LR 2.86e-04   (AvgTime 0.6)   
   [Train] Epoch: [12][300/357]  Loss:0.158 (Avg 0.1274) IoU:0.586 (Avg 0.6591) Dice:0.7028 (Avg 0.7715) LR 2.86e-04   (AvgTime 0.6)   
   [Train] Epoch: [12][320/357]  Loss:0.136 (Avg 0.1273) IoU:0.618 (Avg 0.6594) Dice:0.7431 (Avg 0.7717) LR 2.86e-04   (AvgTime 0.6)   
   [Train] Epoch: [12][340/357]  Loss:0.143 (Avg 0.1267) IoU:0.583 (Avg 0.6604) Dice:0.7180 (Avg 0.7726) LR 2.86e-04   (AvgTime 0.6)   
   [Train] Epoch: [12][357/357]  Loss:0.121 (Avg 0.1259) IoU:0.654 (Avg 0.6616) Dice:0.7690 (Avg 0.7736) LR 2.86e-04   (AvgTime 0.6)   
   [Train] Loss components: dice=0.199071, focal=0.052825, total=0.125948
Validation
   [Val] Epoch: [12][20/90]  Loss:0.146 (Avg 0.1196) IoU:0.642 (Avg 0.6952) Dice:0.7634 (Avg 0.8029) (AvgTime 0.3)   
   [Val] Epoch: [12][40/90]  Loss:0.116 (Avg 0.1262) IoU:0.683 (Avg 0.6776) Dice:0.7958 (Avg 0.7861) (AvgTime 0.2)   
   [Val] Epoch: [12][60/90]  Loss:0.156 (Avg 0.1196) IoU:0.626 (Avg 0.6880) Dice:0.7391 (Avg 0.7934) (AvgTime 0.2)   
   [Val] Epoch: [12][80/90]  Loss:0.105 (Avg 0.1182) IoU:0.709 (Avg 0.6878) Dice:0.8154 (Avg 0.7936) (AvgTime 0.2)   
   [Val] Epoch: [12][90/90]  Loss:0.153 (Avg 0.1186) IoU:0.583 (Avg 0.6867) Dice:0.7182 (Avg 0.7928) (AvgTime 0.2)   
   [Val] Loss components: dice=0.183579, focal=0.053709, total=0.118644
	 Saving best model by iou: 0.686692
	 Saving to Covid19/BetterLViT/m2_text_regroup/M2_Test_session_09.13_22h33/models//best_model-BetterLViT.pth.tar
	 early_stopping_count: 0/80
--- Epoch History (1..12) ---
Epoch |  TrainLoss |  TrainDice |  TrainIoU |    ValLoss |    ValDice |    ValIoU |         LR | Best
    1 |     0.2378 |     0.6073 |    0.4781 |     0.2212 |     0.6176 |    0.4873 |   3.00e-04 |     
    2 |     0.1754 |     0.6971 |    0.5727 |     0.1642 |     0.7061 |    0.5868 |   3.00e-04 |     
    3 |     0.1564 |     0.7248 |    0.6043 |     0.1373 |     0.7621 |    0.6492 |   3.00e-04 |     
    4 |     0.1512 |     0.7340 |    0.6154 |     0.1450 |     0.7555 |    0.6397 |   2.99e-04 |     
    5 |     0.1427 |     0.7474 |    0.6307 |     0.1478 |     0.7229 |    0.6010 |   2.98e-04 |     
    6 |     0.1390 |     0.7527 |    0.6372 |     0.1355 |     0.7500 |    0.6298 |   2.97e-04 |     
    7 |     0.1353 |     0.7589 |    0.6439 |     0.1369 |     0.7611 |    0.6439 |   2.96e-04 |     
    8 |     0.1328 |     0.7617 |    0.6475 |     0.1354 |     0.7518 |    0.6330 |   2.94e-04 |     
    9 |     0.1294 |     0.7676 |    0.6543 |     0.1259 |     0.7724 |    0.6623 |   2.92e-04 |     
   10 |     0.1295 |     0.7672 |    0.6539 |     0.1216 |     0.7861 |    0.6776 |   2.91e-04 |     
   11 |     0.1289 |     0.7699 |    0.6573 |     0.1227 |     0.7768 |    0.6660 |   2.88e-04 |     
   12 |     0.1259 |     0.7736 |    0.6616 |     0.1186 |     0.7928 |    0.6867 |   2.86e-04 |    *
--- R2 + image-value context regrouping with regroup_text anchors validation statistics ---
up4: ca=0.9216+/-0.1250, sa=1.0074+/-0.0138, amp=0.0000, suppress=0.0000, guide_abs=0.2092
up4 residuals: local_mean=5.441e-02, global_mean=0.0148, local_strength=0.1109, global_strength=0.1006, gain=[0.9677,1.0844], saturation=0.0602, text_film=0.0232
up4 haar: reconstruction_error=9.537e-07, skip_low/high=0.8248/0.1752, plam_low/high=1.0000/0.0000
up4 strengths: plam=0.9611, region=0.1109, detail=0.1006; residual_std region/detail/refine=0.4232/0.4027/0.2171
up4 guide_mix: entropy=0.9694, raw_low=0.2906, plam_low=0.2639, decoder_low=0.3110, detail=0.1346; agreement plam/decoder=0.8146/0.3033, support=0.8034+/-0.0925
up4 adaptive_frequency: ALPF strength=0.2228, weights=0.1557/0.7159/0.1284, sum=1.0000, entropy=0.7185, delta_std=0.1411; AHPF strength=0.0803, weights=0.2842/0.5369/0.1789, sum=1.0000, entropy=0.9044, residual_std=0.1468, scaled_std=0.0118
up3: ca=0.9974+/-0.1916, sa=1.0005+/-0.0068, amp=0.0000, suppress=0.0000, guide_abs=0.2521
up3 residuals: local_mean=1.326e-03, global_mean=0.0025, local_strength=0.1141, global_strength=0.1121, gain=[0.9677,1.0378], saturation=0.0013, text_film=0.0337
up3 haar: reconstruction_error=9.537e-07, skip_low/high=0.8105/0.1895, plam_low/high=1.0000/0.0000
up3 strengths: plam=0.9542, region=0.1141, detail=0.1121; residual_std region/detail/refine=0.4402/0.5435/0.4405
up3 guide_mix: entropy=0.9739, raw_low=0.3181, plam_low=0.2669, decoder_low=0.2706, detail=0.1444; agreement plam/decoder=0.6850/-0.0028, support=0.6372+/-0.0864
up3 adaptive_frequency: ALPF strength=0.2355, weights=0.1574/0.5010/0.3416, sum=1.0000, entropy=0.8189, delta_std=0.0755; AHPF strength=0.0913, weights=0.5467/0.2937/0.1595, sum=1.0000, entropy=0.8246, residual_std=0.1202, scaled_std=0.0110
up2: ca=0.9310+/-0.1263, sa=1.0029+/-0.0047, amp=0.0000, suppress=0.0000, guide_abs=0.4352
up2 residuals: local_mean=3.556e-03, global_mean=0.0238, local_strength=0.1096, global_strength=0.1074, gain=[0.9581,1.0509], saturation=0.0000, text_film=0.0366
up2 haar: reconstruction_error=9.537e-07, skip_low/high=0.8193/0.1807, plam_low/high=1.0000/0.0000
up2 strengths: plam=0.9359, region=0.1096, detail=0.1074; residual_std region/detail/refine=0.0896/0.2883/0.1313
up2 guide_mix: entropy=0.9546, raw_low=0.2685, plam_low=0.2699, decoder_low=0.3458, detail=0.1157; agreement plam/decoder=0.7483/0.4059, support=0.5753+/-0.0145
up1: ca=0.8667+/-0.1467, sa=1.0003+/-0.0130, amp=0.0000, suppress=0.0000, guide_abs=0.2217
up1 residuals: local_mean=-9.495e-03, global_mean=0.0148, local_strength=0.1191, global_strength=0.0969, gain=[0.9063,1.0923], saturation=0.0116, text_film=0.0271
up1 haar: reconstruction_error=1.907e-06, skip_low/high=0.7653/0.2347, plam_low/high=1.0000/0.0000
up1 strengths: plam=0.9601, region=0.1191, detail=0.0969; residual_std region/detail/refine=0.5092/0.3600/0.0824
up1 guide_mix: entropy=0.9486, raw_low=0.3144, plam_low=0.3213, decoder_low=0.2595, detail=0.1048; agreement plam/decoder=0.7478/-0.2075, support=0.6309+/-0.1050

========= Epoch [13/80] =========
M2_Test_session_09.13_22h33
Training with batch size : 16
   [Train] Epoch: [13][20/357]  Loss:0.110 (Avg 0.1235) IoU:0.673 (Avg 0.6728) Dice:0.7906 (Avg 0.7831) LR 2.83e-04   (AvgTime 0.6)   
   [Train] Epoch: [13][40/357]  Loss:0.123 (Avg 0.1229) IoU:0.678 (Avg 0.6706) Dice:0.7882 (Avg 0.7821) LR 2.83e-04   (AvgTime 0.6)   
   [Train] Epoch: [13][60/357]  Loss:0.140 (Avg 0.1269) IoU:0.661 (Avg 0.6624) Dice:0.7802 (Avg 0.7741) LR 2.83e-04   (AvgTime 0.6)   
   [Train] Epoch: [13][80/357]  Loss:0.117 (Avg 0.1240) IoU:0.701 (Avg 0.6676) Dice:0.8134 (Avg 0.7790) LR 2.83e-04   (AvgTime 0.6)   
   [Train] Epoch: [13][100/357]  Loss:0.134 (Avg 0.1229) IoU:0.671 (Avg 0.6692) Dice:0.7709 (Avg 0.7804) LR 2.83e-04   (AvgTime 0.6)   
   [Train] Epoch: [13][120/357]  Loss:0.080 (Avg 0.1217) IoU:0.755 (Avg 0.6718) Dice:0.8521 (Avg 0.7823) LR 2.83e-04   (AvgTime 0.6)   
   [Train] Epoch: [13][140/357]  Loss:0.153 (Avg 0.1204) IoU:0.561 (Avg 0.6737) Dice:0.7019 (Avg 0.7842) LR 2.83e-04   (AvgTime 0.6)   
   [Train] Epoch: [13][160/357]  Loss:0.146 (Avg 0.1209) IoU:0.614 (Avg 0.6720) Dice:0.7263 (Avg 0.7828) LR 2.83e-04   (AvgTime 0.6)   
   [Train] Epoch: [13][180/357]  Loss:0.100 (Avg 0.1201) IoU:0.754 (Avg 0.6734) Dice:0.8472 (Avg 0.7841) LR 2.83e-04   (AvgTime 0.6)   
   [Train] Epoch: [13][200/357]  Loss:0.108 (Avg 0.1208) IoU:0.713 (Avg 0.6719) Dice:0.7986 (Avg 0.7827) LR 2.83e-04   (AvgTime 0.6)   
   [Train] Epoch: [13][220/357]  Loss:0.154 (Avg 0.1221) IoU:0.606 (Avg 0.6697) Dice:0.7381 (Avg 0.7808) LR 2.83e-04   (AvgTime 0.6)   
   [Train] Epoch: [13][240/357]  Loss:0.104 (Avg 0.1225) IoU:0.705 (Avg 0.6690) Dice:0.8183 (Avg 0.7804) LR 2.83e-04   (AvgTime 0.6)   
   [Train] Epoch: [13][260/357]  Loss:0.102 (Avg 0.1232) IoU:0.703 (Avg 0.6674) Dice:0.8159 (Avg 0.7792) LR 2.83e-04   (AvgTime 0.6)   
   [Train] Epoch: [13][280/357]  Loss:0.127 (Avg 0.1238) IoU:0.655 (Avg 0.6661) Dice:0.7584 (Avg 0.7780) LR 2.83e-04   (AvgTime 0.6)   
   [Train] Epoch: [13][300/357]  Loss:0.158 (Avg 0.1243) IoU:0.580 (Avg 0.6652) Dice:0.7111 (Avg 0.7772) LR 2.83e-04   (AvgTime 0.5)   
   [Train] Epoch: [13][320/357]  Loss:0.111 (Avg 0.1244) IoU:0.689 (Avg 0.6650) Dice:0.7962 (Avg 0.7769) LR 2.83e-04   (AvgTime 0.6)   
   [Train] Epoch: [13][340/357]  Loss:0.103 (Avg 0.1250) IoU:0.708 (Avg 0.6636) Dice:0.8230 (Avg 0.7756) LR 2.83e-04   (AvgTime 0.5)   
   [Train] Epoch: [13][357/357]  Loss:0.137 (Avg 0.1252) IoU:0.602 (Avg 0.6628) Dice:0.7331 (Avg 0.7750) LR 2.83e-04   (AvgTime 0.5)   
   [Train] Loss components: dice=0.197668, focal=0.052790, total=0.125229
Validation
   [Val] Epoch: [13][20/90]  Loss:0.152 (Avg 0.1304) IoU:0.623 (Avg 0.6536) Dice:0.7492 (Avg 0.7716) (AvgTime 0.3)   
   [Val] Epoch: [13][40/90]  Loss:0.160 (Avg 0.1405) IoU:0.571 (Avg 0.6303) Dice:0.7042 (Avg 0.7498) (AvgTime 0.2)   
   [Val] Epoch: [13][60/90]  Loss:0.154 (Avg 0.1337) IoU:0.626 (Avg 0.6393) Dice:0.7394 (Avg 0.7569) (AvgTime 0.2)   
   [Val] Epoch: [13][80/90]  Loss:0.135 (Avg 0.1341) IoU:0.615 (Avg 0.6368) Dice:0.7388 (Avg 0.7550) (AvgTime 0.2)   
   [Val] Epoch: [13][90/90]  Loss:0.162 (Avg 0.1353) IoU:0.539 (Avg 0.6352) Dice:0.6835 (Avg 0.7535) (AvgTime 0.2)   
   [Val] Loss components: dice=0.213903, focal=0.056636, total=0.135269
	 No iou improvement; selected epoch 12
	 early_stopping_count: 1/80
--- Epoch History (1..13) ---
Epoch |  TrainLoss |  TrainDice |  TrainIoU |    ValLoss |    ValDice |    ValIoU |         LR | Best
    1 |     0.2378 |     0.6073 |    0.4781 |     0.2212 |     0.6176 |    0.4873 |   3.00e-04 |     
    2 |     0.1754 |     0.6971 |    0.5727 |     0.1642 |     0.7061 |    0.5868 |   3.00e-04 |     
    3 |     0.1564 |     0.7248 |    0.6043 |     0.1373 |     0.7621 |    0.6492 |   3.00e-04 |     
    4 |     0.1512 |     0.7340 |    0.6154 |     0.1450 |     0.7555 |    0.6397 |   2.99e-04 |     
    5 |     0.1427 |     0.7474 |    0.6307 |     0.1478 |     0.7229 |    0.6010 |   2.98e-04 |     
    6 |     0.1390 |     0.7527 |    0.6372 |     0.1355 |     0.7500 |    0.6298 |   2.97e-04 |     
    7 |     0.1353 |     0.7589 |    0.6439 |     0.1369 |     0.7611 |    0.6439 |   2.96e-04 |     
    8 |     0.1328 |     0.7617 |    0.6475 |     0.1354 |     0.7518 |    0.6330 |   2.94e-04 |     
    9 |     0.1294 |     0.7676 |    0.6543 |     0.1259 |     0.7724 |    0.6623 |   2.92e-04 |     
   10 |     0.1295 |     0.7672 |    0.6539 |     0.1216 |     0.7861 |    0.6776 |   2.91e-04 |     
   11 |     0.1289 |     0.7699 |    0.6573 |     0.1227 |     0.7768 |    0.6660 |   2.88e-04 |     
   12 |     0.1259 |     0.7736 |    0.6616 |     0.1186 |     0.7928 |    0.6867 |   2.86e-04 |    *
   13 |     0.1252 |     0.7750 |    0.6628 |     0.1353 |     0.7535 |    0.6352 |   2.83e-04 |     
--- R2 + image-value context regrouping with regroup_text anchors validation statistics ---
up4: ca=0.9043+/-0.1474, sa=1.0073+/-0.0150, amp=0.0000, suppress=0.0000, guide_abs=0.2754
up4 residuals: local_mean=5.596e-02, global_mean=0.0117, local_strength=0.1116, global_strength=0.1008, gain=[0.9574,1.0777], saturation=0.1020, text_film=0.0195
up4 haar: reconstruction_error=9.537e-07, skip_low/high=0.8070/0.1930, plam_low/high=1.0000/0.0000
up4 strengths: plam=0.9583, region=0.1116, detail=0.1008; residual_std region/detail/refine=0.4657/0.4148/0.1964
up4 guide_mix: entropy=0.9733, raw_low=0.2904, plam_low=0.2749, decoder_low=0.2948, detail=0.1399; agreement plam/decoder=0.7011/0.1701, support=0.8499+/-0.0654
up4 adaptive_frequency: ALPF strength=0.2240, weights=0.2033/0.6782/0.1185, sum=1.0000, entropy=0.7602, delta_std=0.1259; AHPF strength=0.0802, weights=0.2478/0.5693/0.1830, sum=1.0000, entropy=0.8860, residual_std=0.1636, scaled_std=0.0131
up3: ca=1.0057+/-0.2092, sa=1.0017+/-0.0075, amp=0.0000, suppress=0.0000, guide_abs=0.2327
up3 residuals: local_mean=3.192e-03, global_mean=0.0107, local_strength=0.1144, global_strength=0.1126, gain=[0.9628,1.0451], saturation=0.0005, text_film=0.0324
up3 haar: reconstruction_error=9.537e-07, skip_low/high=0.8035/0.1965, plam_low/high=1.0000/0.0000
up3 strengths: plam=0.9504, region=0.1144, detail=0.1126; residual_std region/detail/refine=0.4292/0.5450/0.4400
up3 guide_mix: entropy=0.9732, raw_low=0.3100, plam_low=0.2676, decoder_low=0.2811, detail=0.1414; agreement plam/decoder=0.6980/0.2443, support=0.6375+/-0.0850
up3 adaptive_frequency: ALPF strength=0.2389, weights=0.1241/0.4580/0.4179, sum=1.0000, entropy=0.8178, delta_std=0.0834; AHPF strength=0.0921, weights=0.5634/0.2669/0.1697, sum=1.0000, entropy=0.8179, residual_std=0.1235, scaled_std=0.0114
up2: ca=0.9317+/-0.1356, sa=1.0032+/-0.0048, amp=0.0000, suppress=0.0000, guide_abs=0.2705
up2 residuals: local_mean=4.696e-03, global_mean=0.0247, local_strength=0.1100, global_strength=0.1078, gain=[0.9551,1.0523], saturation=0.0000, text_film=0.0461
up2 haar: reconstruction_error=1.311e-06, skip_low/high=0.8141/0.1859, plam_low/high=1.0000/0.0000
up2 strengths: plam=0.9293, region=0.1100, detail=0.1078; residual_std region/detail/refine=0.1521/0.2949/0.1392
up2 guide_mix: entropy=0.9499, raw_low=0.2629, plam_low=0.2582, decoder_low=0.3643, detail=0.1145; agreement plam/decoder=0.4340/-0.1692, support=0.5550+/-0.0369
up1: ca=0.8656+/-0.1564, sa=1.0004+/-0.0128, amp=0.0000, suppress=0.0000, guide_abs=0.2255
up1 residuals: local_mean=-9.787e-03, global_mean=0.0160, local_strength=0.1196, global_strength=0.0962, gain=[0.9074,1.0914], saturation=0.0118, text_film=0.0325
up1 haar: reconstruction_error=2.628e-06, skip_low/high=0.7613/0.2387, plam_low/high=1.0000/0.0000
up1 strengths: plam=0.9580, region=0.1196, detail=0.0962; residual_std region/detail/refine=0.4734/0.3612/0.0853
up1 guide_mix: entropy=0.9480, raw_low=0.3019, plam_low=0.3090, decoder_low=0.2884, detail=0.1007; agreement plam/decoder=0.4932/-0.0277, support=0.6494+/-0.1098

========= Epoch [14/80] =========
M2_Test_session_09.13_22h33
Training with batch size : 16
   [Train] Epoch: [14][20/357]  Loss:0.130 (Avg 0.1281) IoU:0.668 (Avg 0.6589) Dice:0.7857 (Avg 0.7737) LR 2.80e-04   (AvgTime 0.6)   
   [Train] Epoch: [14][40/357]  Loss:0.089 (Avg 0.1265) IoU:0.762 (Avg 0.6595) Dice:0.8561 (Avg 0.7738) LR 2.80e-04   (AvgTime 0.6)   
   [Train] Epoch: [14][60/357]  Loss:0.161 (Avg 0.1246) IoU:0.606 (Avg 0.6634) Dice:0.7105 (Avg 0.7763) LR 2.80e-04   (AvgTime 0.6)   
   [Train] Epoch: [14][80/357]  Loss:0.144 (Avg 0.1239) IoU:0.647 (Avg 0.6650) Dice:0.7559 (Avg 0.7768) LR 2.80e-04   (AvgTime 0.6)   
   [Train] Epoch: [14][100/357]  Loss:0.116 (Avg 0.1239) IoU:0.688 (Avg 0.6649) Dice:0.7991 (Avg 0.7762) LR 2.80e-04   (AvgTime 0.6)   
   [Train] Epoch: [14][120/357]  Loss:0.147 (Avg 0.1252) IoU:0.668 (Avg 0.6631) Dice:0.7758 (Avg 0.7743) LR 2.80e-04   (AvgTime 0.6)   
   [Train] Epoch: [14][140/357]  Loss:0.111 (Avg 0.1248) IoU:0.663 (Avg 0.6637) Dice:0.7864 (Avg 0.7748) LR 2.80e-04   (AvgTime 0.6)   
   [Train] Epoch: [14][160/357]  Loss:0.131 (Avg 0.1249) IoU:0.614 (Avg 0.6628) Dice:0.7451 (Avg 0.7744) LR 2.80e-04   (AvgTime 0.6)   
   [Train] Epoch: [14][180/357]  Loss:0.136 (Avg 0.1247) IoU:0.674 (Avg 0.6638) Dice:0.7815 (Avg 0.7751) LR 2.80e-04   (AvgTime 0.6)   
   [Train] Epoch: [14][200/357]  Loss:0.126 (Avg 0.1256) IoU:0.644 (Avg 0.6624) Dice:0.7741 (Avg 0.7740) LR 2.80e-04   (AvgTime 0.6)   
   [Train] Epoch: [14][220/357]  Loss:0.122 (Avg 0.1254) IoU:0.675 (Avg 0.6637) Dice:0.7884 (Avg 0.7750) LR 2.80e-04   (AvgTime 0.6)   
   [Train] Epoch: [14][240/357]  Loss:0.109 (Avg 0.1252) IoU:0.712 (Avg 0.6646) Dice:0.8165 (Avg 0.7757) LR 2.80e-04   (AvgTime 0.6)   
   [Train] Epoch: [14][260/357]  Loss:0.093 (Avg 0.1243) IoU:0.725 (Avg 0.6661) Dice:0.8310 (Avg 0.7771) LR 2.80e-04   (AvgTime 0.6)   
   [Train] Epoch: [14][280/357]  Loss:0.150 (Avg 0.1236) IoU:0.652 (Avg 0.6676) Dice:0.7564 (Avg 0.7782) LR 2.80e-04   (AvgTime 0.6)   
   [Train] Epoch: [14][300/357]  Loss:0.114 (Avg 0.1233) IoU:0.679 (Avg 0.6680) Dice:0.7888 (Avg 0.7785) LR 2.80e-04   (AvgTime 0.6)   
   [Train] Epoch: [14][320/357]  Loss:0.146 (Avg 0.1233) IoU:0.564 (Avg 0.6675) Dice:0.6891 (Avg 0.7782) LR 2.80e-04   (AvgTime 0.6)   
   [Train] Epoch: [14][340/357]  Loss:0.106 (Avg 0.1230) IoU:0.726 (Avg 0.6682) Dice:0.8287 (Avg 0.7788) LR 2.80e-04   (AvgTime 0.6)   
   [Train] Epoch: [14][357/357]  Loss:0.110 (Avg 0.1232) IoU:0.693 (Avg 0.6678) Dice:0.8039 (Avg 0.7784) LR 2.80e-04   (AvgTime 0.6)   
   [Train] Loss components: dice=0.194453, focal=0.051884, total=0.123168
Validation
   [Val] Epoch: [14][20/90]  Loss:0.136 (Avg 0.1153) IoU:0.649 (Avg 0.6846) Dice:0.7671 (Avg 0.7967) (AvgTime 0.3)   
   [Val] Epoch: [14][40/90]  Loss:0.115 (Avg 0.1230) IoU:0.663 (Avg 0.6650) Dice:0.7800 (Avg 0.7791) (AvgTime 0.2)   
   [Val] Epoch: [14][60/90]  Loss:0.141 (Avg 0.1173) IoU:0.634 (Avg 0.6726) Dice:0.7434 (Avg 0.7839) (AvgTime 0.2)   
   [Val] Epoch: [14][80/90]  Loss:0.109 (Avg 0.1162) IoU:0.677 (Avg 0.6723) Dice:0.7933 (Avg 0.7843) (AvgTime 0.2)   
   [Val] Epoch: [14][90/90]  Loss:0.137 (Avg 0.1165) IoU:0.595 (Avg 0.6714) Dice:0.7316 (Avg 0.7837) (AvgTime 0.2)   
   [Val] Loss components: dice=0.191700, focal=0.041202, total=0.116451
	 No iou improvement; selected epoch 12
	 early_stopping_count: 2/80
--- Epoch History (1..14) ---
Epoch |  TrainLoss |  TrainDice |  TrainIoU |    ValLoss |    ValDice |    ValIoU |         LR | Best
    1 |     0.2378 |     0.6073 |    0.4781 |     0.2212 |     0.6176 |    0.4873 |   3.00e-04 |     
    2 |     0.1754 |     0.6971 |    0.5727 |     0.1642 |     0.7061 |    0.5868 |   3.00e-04 |     
    3 |     0.1564 |     0.7248 |    0.6043 |     0.1373 |     0.7621 |    0.6492 |   3.00e-04 |     
    4 |     0.1512 |     0.7340 |    0.6154 |     0.1450 |     0.7555 |    0.6397 |   2.99e-04 |     
    5 |     0.1427 |     0.7474 |    0.6307 |     0.1478 |     0.7229 |    0.6010 |   2.98e-04 |     
    6 |     0.1390 |     0.7527 |    0.6372 |     0.1355 |     0.7500 |    0.6298 |   2.97e-04 |     
    7 |     0.1353 |     0.7589 |    0.6439 |     0.1369 |     0.7611 |    0.6439 |   2.96e-04 |     
    8 |     0.1328 |     0.7617 |    0.6475 |     0.1354 |     0.7518 |    0.6330 |   2.94e-04 |     
    9 |     0.1294 |     0.7676 |    0.6543 |     0.1259 |     0.7724 |    0.6623 |   2.92e-04 |     
   10 |     0.1295 |     0.7672 |    0.6539 |     0.1216 |     0.7861 |    0.6776 |   2.91e-04 |     
   11 |     0.1289 |     0.7699 |    0.6573 |     0.1227 |     0.7768 |    0.6660 |   2.88e-04 |     
   12 |     0.1259 |     0.7736 |    0.6616 |     0.1186 |     0.7928 |    0.6867 |   2.86e-04 |    *
   13 |     0.1252 |     0.7750 |    0.6628 |     0.1353 |     0.7535 |    0.6352 |   2.83e-04 |     
   14 |     0.1232 |     0.7784 |    0.6678 |     0.1165 |     0.7837 |    0.6714 |   2.80e-04 |     
--- R2 + image-value context regrouping with regroup_text anchors validation statistics ---
up4: ca=0.9256+/-0.1275, sa=1.0074+/-0.0153, amp=0.0000, suppress=0.0000, guide_abs=0.2150
up4 residuals: local_mean=4.811e-02, global_mean=0.0212, local_strength=0.1122, global_strength=0.1015, gain=[0.9625,1.0935], saturation=0.0622, text_film=0.0165
up4 haar: reconstruction_error=9.537e-07, skip_low/high=0.8073/0.1927, plam_low/high=1.0000/0.0000
up4 strengths: plam=0.9556, region=0.1122, detail=0.1015; residual_std region/detail/refine=0.4042/0.4201/0.2223
up4 guide_mix: entropy=0.9761, raw_low=0.2917, plam_low=0.2801, decoder_low=0.2832, detail=0.1450; agreement plam/decoder=0.8933/0.0565, support=0.8109+/-0.0829
up4 adaptive_frequency: ALPF strength=0.2257, weights=0.1912/0.6685/0.1403, sum=1.0000, entropy=0.7829, delta_std=0.1181; AHPF strength=0.0800, weights=0.2943/0.5275/0.1782, sum=1.0000, entropy=0.9127, residual_std=0.1519, scaled_std=0.0122
up3: ca=1.0123+/-0.1928, sa=1.0016+/-0.0067, amp=0.0000, suppress=0.0000, guide_abs=0.2606
up3 residuals: local_mean=5.291e-03, global_mean=0.0084, local_strength=0.1147, global_strength=0.1130, gain=[0.9681,1.0360], saturation=0.0010, text_film=0.0314
up3 haar: reconstruction_error=9.537e-07, skip_low/high=0.8036/0.1964, plam_low/high=1.0000/0.0000
up3 strengths: plam=0.9470, region=0.1147, detail=0.1130; residual_std region/detail/refine=0.4240/0.5582/0.4512
up3 guide_mix: entropy=0.9754, raw_low=0.3184, plam_low=0.2625, decoder_low=0.2710, detail=0.1482; agreement plam/decoder=0.5993/-0.0095, support=0.6685+/-0.0800
up3 adaptive_frequency: ALPF strength=0.2421, weights=0.1539/0.4546/0.3915, sum=1.0000, entropy=0.7878, delta_std=0.0762; AHPF strength=0.0924, weights=0.5197/0.3097/0.1706, sum=1.0000, entropy=0.8434, residual_std=0.1244, scaled_std=0.0115
up2: ca=0.9605+/-0.1235, sa=1.0028+/-0.0046, amp=0.0000, suppress=0.0000, guide_abs=0.2094
up2 residuals: local_mean=4.593e-03, global_mean=0.0214, local_strength=0.1105, global_strength=0.1080, gain=[0.9627,1.0467], saturation=0.0000, text_film=0.0238
up2 haar: reconstruction_error=9.537e-07, skip_low/high=0.8070/0.1930, plam_low/high=1.0000/0.0000
up2 strengths: plam=0.9241, region=0.1105, detail=0.1080; residual_std region/detail/refine=0.1499/0.2910/0.1380
up2 guide_mix: entropy=0.9546, raw_low=0.2690, plam_low=0.2482, decoder_low=0.3610, detail=0.1218; agreement plam/decoder=0.5963/-0.3930, support=0.5496+/-0.0307
up1: ca=0.8728+/-0.1503, sa=1.0004+/-0.0129, amp=0.0000, suppress=0.0000, guide_abs=0.2215
up1 residuals: local_mean=-9.411e-03, global_mean=0.0167, local_strength=0.1199, global_strength=0.0956, gain=[0.9075,1.0915], saturation=0.0109, text_film=0.0345
up1 haar: reconstruction_error=1.907e-06, skip_low/high=0.7440/0.2560, plam_low/high=1.0000/0.0000
up1 strengths: plam=0.9564, region=0.1199, detail=0.0956; residual_std region/detail/refine=0.4298/0.3669/0.0880
up1 guide_mix: entropy=0.9493, raw_low=0.2836, plam_low=0.3256, decoder_low=0.2871, detail=0.1037; agreement plam/decoder=0.6280/-0.1955, support=0.6699+/-0.1101

========= Epoch [15/80] =========
M2_Test_session_09.13_22h33
Training with batch size : 16
   [Train] Epoch: [15][20/357]  Loss:0.094 (Avg 0.1125) IoU:0.705 (Avg 0.6926) Dice:0.8143 (Avg 0.8005) LR 2.77e-04   (AvgTime 0.6)   
   [Train] Epoch: [15][40/357]  Loss:0.187 (Avg 0.1176) IoU:0.532 (Avg 0.6776) Dice:0.6490 (Avg 0.7881) LR 2.77e-04   (AvgTime 0.6)   
   [Train] Epoch: [15][60/357]  Loss:0.170 (Avg 0.1227) IoU:0.602 (Avg 0.6674) Dice:0.6992 (Avg 0.7786) LR 2.77e-04   (AvgTime 0.6)   
   [Train] Epoch: [15][80/357]  Loss:0.102 (Avg 0.1218) IoU:0.691 (Avg 0.6678) Dice:0.7979 (Avg 0.7787) LR 2.77e-04   (AvgTime 0.6)   
   [Train] Epoch: [15][100/357]  Loss:0.108 (Avg 0.1251) IoU:0.689 (Avg 0.6608) Dice:0.7954 (Avg 0.7730) LR 2.77e-04   (AvgTime 0.6)   
   [Train] Epoch: [15][120/357]  Loss:0.134 (Avg 0.1240) IoU:0.652 (Avg 0.6644) Dice:0.7667 (Avg 0.7756) LR 2.77e-04   (AvgTime 0.6)   
   [Train] Epoch: [15][140/357]  Loss:0.109 (Avg 0.1235) IoU:0.684 (Avg 0.6659) Dice:0.7968 (Avg 0.7767) LR 2.77e-04   (AvgTime 0.6)   
   [Train] Epoch: [15][160/357]  Loss:0.111 (Avg 0.1235) IoU:0.690 (Avg 0.6658) Dice:0.8031 (Avg 0.7766) LR 2.77e-04   (AvgTime 0.6)   
   [Train] Epoch: [15][180/357]  Loss:0.108 (Avg 0.1234) IoU:0.701 (Avg 0.6654) Dice:0.8172 (Avg 0.7762) LR 2.77e-04   (AvgTime 0.6)   
   [Train] Epoch: [15][200/357]  Loss:0.125 (Avg 0.1241) IoU:0.649 (Avg 0.6632) Dice:0.7607 (Avg 0.7744) LR 2.77e-04   (AvgTime 0.6)   
   [Train] Epoch: [15][220/357]  Loss:0.111 (Avg 0.1242) IoU:0.691 (Avg 0.6624) Dice:0.7973 (Avg 0.7740) LR 2.77e-04   (AvgTime 0.6)   
   [Train] Epoch: [15][240/357]  Loss:0.125 (Avg 0.1239) IoU:0.660 (Avg 0.6632) Dice:0.7660 (Avg 0.7749) LR 2.77e-04   (AvgTime 0.6)   
   [Train] Epoch: [15][260/357]  Loss:0.149 (Avg 0.1242) IoU:0.595 (Avg 0.6637) Dice:0.7256 (Avg 0.7752) LR 2.77e-04   (AvgTime 0.6)   
   [Train] Epoch: [15][280/357]  Loss:0.122 (Avg 0.1257) IoU:0.682 (Avg 0.6612) Dice:0.7929 (Avg 0.7730) LR 2.77e-04   (AvgTime 0.6)   
   [Train] Epoch: [15][300/357]  Loss:0.158 (Avg 0.1260) IoU:0.602 (Avg 0.6602) Dice:0.7097 (Avg 0.7723) LR 2.77e-04   (AvgTime 0.6)   
   [Train] Epoch: [15][320/357]  Loss:0.149 (Avg 0.1257) IoU:0.641 (Avg 0.6614) Dice:0.7604 (Avg 0.7732) LR 2.77e-04   (AvgTime 0.6)   
   [Train] Epoch: [15][340/357]  Loss:0.134 (Avg 0.1255) IoU:0.643 (Avg 0.6617) Dice:0.7556 (Avg 0.7736) LR 2.77e-04   (AvgTime 0.6)   
   [Train] Epoch: [15][357/357]  Loss:0.148 (Avg 0.1251) IoU:0.632 (Avg 0.6624) Dice:0.7465 (Avg 0.7742) LR 2.77e-04   (AvgTime 0.6)   
   [Train] Loss components: dice=0.197889, focal=0.052356, total=0.125123
Validation
   [Val] Epoch: [15][20/90]  Loss:0.136 (Avg 0.1136) IoU:0.639 (Avg 0.6893) Dice:0.7619 (Avg 0.7999) (AvgTime 0.3)   
   [Val] Epoch: [15][40/90]  Loss:0.124 (Avg 0.1250) IoU:0.651 (Avg 0.6662) Dice:0.7692 (Avg 0.7773) (AvgTime 0.2)   
   [Val] Epoch: [15][60/90]  Loss:0.149 (Avg 0.1197) IoU:0.633 (Avg 0.6728) Dice:0.7440 (Avg 0.7820) (AvgTime 0.2)   
   [Val] Epoch: [15][80/90]  Loss:0.108 (Avg 0.1185) IoU:0.680 (Avg 0.6722) Dice:0.7921 (Avg 0.7820) (AvgTime 0.2)   
   [Val] Epoch: [15][90/90]  Loss:0.141 (Avg 0.1190) IoU:0.604 (Avg 0.6712) Dice:0.7377 (Avg 0.7813) (AvgTime 0.2)   
   [Val] Loss components: dice=0.188616, focal=0.049305, total=0.118961
	 No iou improvement; selected epoch 12
	 early_stopping_count: 3/80
--- Epoch History (1..15) ---
Epoch |  TrainLoss |  TrainDice |  TrainIoU |    ValLoss |    ValDice |    ValIoU |         LR | Best
    1 |     0.2378 |     0.6073 |    0.4781 |     0.2212 |     0.6176 |    0.4873 |   3.00e-04 |     
    2 |     0.1754 |     0.6971 |    0.5727 |     0.1642 |     0.7061 |    0.5868 |   3.00e-04 |     
    3 |     0.1564 |     0.7248 |    0.6043 |     0.1373 |     0.7621 |    0.6492 |   3.00e-04 |     
    4 |     0.1512 |     0.7340 |    0.6154 |     0.1450 |     0.7555 |    0.6397 |   2.99e-04 |     
    5 |     0.1427 |     0.7474 |    0.6307 |     0.1478 |     0.7229 |    0.6010 |   2.98e-04 |     
    6 |     0.1390 |     0.7527 |    0.6372 |     0.1355 |     0.7500 |    0.6298 |   2.97e-04 |     
    7 |     0.1353 |     0.7589 |    0.6439 |     0.1369 |     0.7611 |    0.6439 |   2.96e-04 |     
    8 |     0.1328 |     0.7617 |    0.6475 |     0.1354 |     0.7518 |    0.6330 |   2.94e-04 |     
    9 |     0.1294 |     0.7676 |    0.6543 |     0.1259 |     0.7724 |    0.6623 |   2.92e-04 |     
   10 |     0.1295 |     0.7672 |    0.6539 |     0.1216 |     0.7861 |    0.6776 |   2.91e-04 |     
   11 |     0.1289 |     0.7699 |    0.6573 |     0.1227 |     0.7768 |    0.6660 |   2.88e-04 |     
   12 |     0.1259 |     0.7736 |    0.6616 |     0.1186 |     0.7928 |    0.6867 |   2.86e-04 |    *
   13 |     0.1252 |     0.7750 |    0.6628 |     0.1353 |     0.7535 |    0.6352 |   2.83e-04 |     
   14 |     0.1232 |     0.7784 |    0.6678 |     0.1165 |     0.7837 |    0.6714 |   2.80e-04 |     
   15 |     0.1251 |     0.7742 |    0.6624 |     0.1190 |     0.7813 |    0.6712 |   2.77e-04 |     
--- R2 + image-value context regrouping with regroup_text anchors validation statistics ---
up4: ca=0.9161+/-0.1401, sa=1.0088+/-0.0137, amp=0.0000, suppress=0.0000, guide_abs=0.1763
up4 residuals: local_mean=5.690e-02, global_mean=0.0265, local_strength=0.1128, global_strength=0.1024, gain=[0.9806,1.0959], saturation=0.1786, text_film=0.0172
up4 haar: reconstruction_error=9.537e-07, skip_low/high=0.8246/0.1754, plam_low/high=1.0000/0.0000
up4 strengths: plam=0.9525, region=0.1128, detail=0.1024; residual_std region/detail/refine=0.4464/0.4174/0.2545
up4 guide_mix: entropy=0.9708, raw_low=0.2855, plam_low=0.2881, decoder_low=0.2917, detail=0.1347; agreement plam/decoder=0.8140/0.3321, support=0.8765+/-0.0689
up4 adaptive_frequency: ALPF strength=0.2266, weights=0.1828/0.6792/0.1379, sum=1.0000, entropy=0.7680, delta_std=0.1196; AHPF strength=0.0799, weights=0.2691/0.5638/0.1671, sum=1.0000, entropy=0.8810, residual_std=0.1391, scaled_std=0.0111
up3: ca=0.9936+/-0.2141, sa=1.0029+/-0.0054, amp=0.0000, suppress=0.0000, guide_abs=0.2393
up3 residuals: local_mean=8.631e-03, global_mean=0.0169, local_strength=0.1150, global_strength=0.1135, gain=[0.9753,1.0319], saturation=0.0000, text_film=0.0270
up3 haar: reconstruction_error=9.537e-07, skip_low/high=0.8087/0.1913, plam_low/high=1.0000/0.0000
up3 strengths: plam=0.9430, region=0.1150, detail=0.1135; residual_std region/detail/refine=0.4003/0.5561/0.4584
up3 guide_mix: entropy=0.9751, raw_low=0.3215, plam_low=0.2654, decoder_low=0.2650, detail=0.1482; agreement plam/decoder=0.4808/-0.0279, support=0.6470+/-0.0890
up3 adaptive_frequency: ALPF strength=0.2448, weights=0.1479/0.4744/0.3778, sum=1.0000, entropy=0.7966, delta_std=0.0784; AHPF strength=0.0930, weights=0.5379/0.2939/0.1682, sum=1.0000, entropy=0.8147, residual_std=0.1173, scaled_std=0.0109
up2: ca=0.9276+/-0.1481, sa=1.0029+/-0.0047, amp=0.0000, suppress=0.0000, guide_abs=0.2634
up2 residuals: local_mean=4.333e-03, global_mean=0.0220, local_strength=0.1110, global_strength=0.1085, gain=[0.9625,1.0489], saturation=0.0000, text_film=0.0322
up2 haar: reconstruction_error=9.537e-07, skip_low/high=0.8044/0.1956, plam_low/high=1.0000/0.0000
up2 strengths: plam=0.9178, region=0.1110, detail=0.1085; residual_std region/detail/refine=0.1448/0.2942/0.1474
up2 guide_mix: entropy=0.9553, raw_low=0.2649, plam_low=0.2441, decoder_low=0.3656, detail=0.1254; agreement plam/decoder=0.6952/-0.4936, support=0.5514+/-0.0214
up1: ca=0.8471+/-0.1514, sa=1.0008+/-0.0127, amp=0.0000, suppress=0.0000, guide_abs=0.2131
up1 residuals: local_mean=-7.048e-03, global_mean=0.0180, local_strength=0.1206, global_strength=0.0949, gain=[0.9079,1.0910], saturation=0.0201, text_film=0.0386
up1 haar: reconstruction_error=2.753e-06, skip_low/high=0.7408/0.2592, plam_low/high=1.0000/0.0000
up1 strengths: plam=0.9541, region=0.1206, detail=0.0949; residual_std region/detail/refine=0.5208/0.3636/0.0928
up1 guide_mix: entropy=0.9471, raw_low=0.2704, plam_low=0.3290, decoder_low=0.2988, detail=0.1019; agreement plam/decoder=0.4529/-0.2589, support=0.6656+/-0.1087

========= Epoch [16/80] =========
M2_Test_session_09.13_22h33
Training with batch size : 16
   [Train] Epoch: [16][20/357]  Loss:0.110 (Avg 0.1146) IoU:0.719 (Avg 0.6860) Dice:0.8163 (Avg 0.7940) LR 2.74e-04   (AvgTime 0.6)   
   [Train] Epoch: [16][40/357]  Loss:0.108 (Avg 0.1151) IoU:0.689 (Avg 0.6839) Dice:0.8050 (Avg 0.7925) LR 2.74e-04   (AvgTime 0.6)   
   [Train] Epoch: [16][60/357]  Loss:0.127 (Avg 0.1156) IoU:0.701 (Avg 0.6828) Dice:0.8089 (Avg 0.7913) LR 2.74e-04   (AvgTime 0.6)   
   [Train] Epoch: [16][80/357]  Loss:0.168 (Avg 0.1159) IoU:0.593 (Avg 0.6823) Dice:0.6929 (Avg 0.7905) LR 2.74e-04   (AvgTime 0.6)   
   [Train] Epoch: [16][100/357]  Loss:0.136 (Avg 0.1154) IoU:0.614 (Avg 0.6824) Dice:0.7317 (Avg 0.7907) LR 2.74e-04   (AvgTime 0.6)   
   [Train] Epoch: [16][120/357]  Loss:0.106 (Avg 0.1166) IoU:0.723 (Avg 0.6794) Dice:0.8219 (Avg 0.7883) LR 2.74e-04   (AvgTime 0.6)   
   [Train] Epoch: [16][140/357]  Loss:0.096 (Avg 0.1156) IoU:0.732 (Avg 0.6817) Dice:0.8313 (Avg 0.7905) LR 2.74e-04   (AvgTime 0.6)   
   [Train] Epoch: [16][160/357]  Loss:0.149 (Avg 0.1166) IoU:0.645 (Avg 0.6797) Dice:0.7468 (Avg 0.7888) LR 2.74e-04   (AvgTime 0.6)   
   [Train] Epoch: [16][180/357]  Loss:0.138 (Avg 0.1176) IoU:0.607 (Avg 0.6777) Dice:0.7257 (Avg 0.7874) LR 2.74e-04   (AvgTime 0.6)   
   [Train] Epoch: [16][200/357]  Loss:0.116 (Avg 0.1184) IoU:0.656 (Avg 0.6761) Dice:0.7830 (Avg 0.7859) LR 2.74e-04   (AvgTime 0.6)   
   [Train] Epoch: [16][220/357]  Loss:0.092 (Avg 0.1181) IoU:0.751 (Avg 0.6774) Dice:0.8490 (Avg 0.7867) LR 2.74e-04   (AvgTime 0.6)   
   [Train] Epoch: [16][240/357]  Loss:0.099 (Avg 0.1191) IoU:0.736 (Avg 0.6753) Dice:0.8346 (Avg 0.7849) LR 2.74e-04   (AvgTime 0.6)   
   [Train] Epoch: [16][260/357]  Loss:0.165 (Avg 0.1197) IoU:0.561 (Avg 0.6737) Dice:0.6822 (Avg 0.7837) LR 2.74e-04   (AvgTime 0.6)   
   [Train] Epoch: [16][280/357]  Loss:0.135 (Avg 0.1202) IoU:0.621 (Avg 0.6721) Dice:0.7356 (Avg 0.7825) LR 2.74e-04   (AvgTime 0.6)   
   [Train] Epoch: [16][300/357]  Loss:0.142 (Avg 0.1212) IoU:0.609 (Avg 0.6702) Dice:0.7375 (Avg 0.7811) LR 2.74e-04   (AvgTime 0.6)   
   [Train] Epoch: [16][320/357]  Loss:0.090 (Avg 0.1208) IoU:0.726 (Avg 0.6711) Dice:0.8322 (Avg 0.7818) LR 2.74e-04   (AvgTime 0.6)   
   [Train] Epoch: [16][340/357]  Loss:0.116 (Avg 0.1210) IoU:0.663 (Avg 0.6709) Dice:0.7845 (Avg 0.7815) LR 2.74e-04   (AvgTime 0.6)   
   [Train] Epoch: [16][357/357]  Loss:0.127 (Avg 0.1215) IoU:0.632 (Avg 0.6697) Dice:0.7603 (Avg 0.7804) LR 2.74e-04   (AvgTime 0.6)   
   [Train] Loss components: dice=0.192123, focal=0.050931, total=0.121527
Validation
   [Val] Epoch: [16][20/90]  Loss:0.133 (Avg 0.1213) IoU:0.667 (Avg 0.6932) Dice:0.7853 (Avg 0.8032) (AvgTime 0.3)   
   [Val] Epoch: [16][40/90]  Loss:0.108 (Avg 0.1270) IoU:0.696 (Avg 0.6762) Dice:0.8096 (Avg 0.7861) (AvgTime 0.3)   
   [Val] Epoch: [16][60/90]  Loss:0.152 (Avg 0.1209) IoU:0.628 (Avg 0.6855) Dice:0.7397 (Avg 0.7918) (AvgTime 0.3)   
   [Val] Epoch: [16][80/90]  Loss:0.111 (Avg 0.1212) IoU:0.699 (Avg 0.6830) Dice:0.8083 (Avg 0.7905) (AvgTime 0.2)   
   [Val] Epoch: [16][90/90]  Loss:0.183 (Avg 0.1217) IoU:0.552 (Avg 0.6820) Dice:0.6768 (Avg 0.7897) (AvgTime 0.2)   
   [Val] Loss components: dice=0.186266, focal=0.057155, total=0.121710
	 No iou improvement; selected epoch 12
	 early_stopping_count: 4/80
--- Epoch History (1..16) ---
Epoch |  TrainLoss |  TrainDice |  TrainIoU |    ValLoss |    ValDice |    ValIoU |         LR | Best
    1 |     0.2378 |     0.6073 |    0.4781 |     0.2212 |     0.6176 |    0.4873 |   3.00e-04 |     
    2 |     0.1754 |     0.6971 |    0.5727 |     0.1642 |     0.7061 |    0.5868 |   3.00e-04 |     
    3 |     0.1564 |     0.7248 |    0.6043 |     0.1373 |     0.7621 |    0.6492 |   3.00e-04 |     
    4 |     0.1512 |     0.7340 |    0.6154 |     0.1450 |     0.7555 |    0.6397 |   2.99e-04 |     
    5 |     0.1427 |     0.7474 |    0.6307 |     0.1478 |     0.7229 |    0.6010 |   2.98e-04 |     
    6 |     0.1390 |     0.7527 |    0.6372 |     0.1355 |     0.7500 |    0.6298 |   2.97e-04 |     
    7 |     0.1353 |     0.7589 |    0.6439 |     0.1369 |     0.7611 |    0.6439 |   2.96e-04 |     
    8 |     0.1328 |     0.7617 |    0.6475 |     0.1354 |     0.7518 |    0.6330 |   2.94e-04 |     
    9 |     0.1294 |     0.7676 |    0.6543 |     0.1259 |     0.7724 |    0.6623 |   2.92e-04 |     
   10 |     0.1295 |     0.7672 |    0.6539 |     0.1216 |     0.7861 |    0.6776 |   2.91e-04 |     
   11 |     0.1289 |     0.7699 |    0.6573 |     0.1227 |     0.7768 |    0.6660 |   2.88e-04 |     
   12 |     0.1259 |     0.7736 |    0.6616 |     0.1186 |     0.7928 |    0.6867 |   2.86e-04 |    *
   13 |     0.1252 |     0.7750 |    0.6628 |     0.1353 |     0.7535 |    0.6352 |   2.83e-04 |     
   14 |     0.1232 |     0.7784 |    0.6678 |     0.1165 |     0.7837 |    0.6714 |   2.80e-04 |     
   15 |     0.1251 |     0.7742 |    0.6624 |     0.1190 |     0.7813 |    0.6712 |   2.77e-04 |     
   16 |     0.1215 |     0.7804 |    0.6697 |     0.1217 |     0.7897 |    0.6820 |   2.74e-04 |     
--- R2 + image-value context regrouping with regroup_text anchors validation statistics ---
up4: ca=0.8975+/-0.1492, sa=1.0095+/-0.0148, amp=0.0000, suppress=0.0000, guide_abs=0.1955
up4 residuals: local_mean=6.206e-02, global_mean=0.0263, local_strength=0.1133, global_strength=0.1032, gain=[0.9802,1.0927], saturation=0.0755, text_film=0.0164
up4 haar: reconstruction_error=7.153e-07, skip_low/high=0.8269/0.1731, plam_low/high=1.0000/0.0000
up4 strengths: plam=0.9497, region=0.1133, detail=0.1032; residual_std region/detail/refine=0.4278/0.3858/0.2548
up4 guide_mix: entropy=0.9651, raw_low=0.2790, plam_low=0.2523, decoder_low=0.3361, detail=0.1326; agreement plam/decoder=0.6931/0.3419, support=0.8024+/-0.0938
up4 adaptive_frequency: ALPF strength=0.2277, weights=0.1544/0.7093/0.1363, sum=1.0000, entropy=0.7273, delta_std=0.1227; AHPF strength=0.0799, weights=0.2323/0.6031/0.1647, sum=1.0000, entropy=0.8447, residual_std=0.1315, scaled_std=0.0105
up3: ca=0.9948+/-0.2026, sa=1.0041+/-0.0062, amp=0.0000, suppress=0.0000, guide_abs=0.2631
up3 residuals: local_mean=8.797e-03, global_mean=0.0268, local_strength=0.1154, global_strength=0.1140, gain=[0.9605,1.0512], saturation=0.0023, text_film=0.0298
up3 haar: reconstruction_error=9.537e-07, skip_low/high=0.8192/0.1808, plam_low/high=1.0000/0.0000
up3 strengths: plam=0.9402, region=0.1154, detail=0.1140; residual_std region/detail/refine=0.4645/0.5952/0.5071
up3 guide_mix: entropy=0.9709, raw_low=0.3324, plam_low=0.2421, decoder_low=0.2806, detail=0.1449; agreement plam/decoder=0.5413/0.0222, support=0.6521+/-0.0940
up3 adaptive_frequency: ALPF strength=0.2475, weights=0.1206/0.4230/0.4564, sum=1.0000, entropy=0.8255, delta_std=0.0782; AHPF strength=0.0929, weights=0.5890/0.2692/0.1418, sum=1.0000, entropy=0.8179, residual_std=0.0984, scaled_std=0.0091
up2: ca=0.9255+/-0.1428, sa=1.0029+/-0.0046, amp=0.0000, suppress=0.0000, guide_abs=0.2248
up2 residuals: local_mean=4.126e-03, global_mean=0.0221, local_strength=0.1114, global_strength=0.1089, gain=[0.9645,1.0517], saturation=0.0000, text_film=0.0251
up2 haar: reconstruction_error=9.537e-07, skip_low/high=0.8145/0.1855, plam_low/high=1.0000/0.0000
up2 strengths: plam=0.9131, region=0.1114, detail=0.1089; residual_std region/detail/refine=0.1489/0.2813/0.1466
up2 guide_mix: entropy=0.9487, raw_low=0.2857, plam_low=0.2177, decoder_low=0.3738, detail=0.1228; agreement plam/decoder=0.4192/-0.2323, support=0.5503+/-0.0239
up1: ca=0.8437+/-0.1552, sa=1.0011+/-0.0124, amp=0.0000, suppress=0.0000, guide_abs=0.2293
up1 residuals: local_mean=-5.609e-03, global_mean=0.0187, local_strength=0.1211, global_strength=0.0941, gain=[0.9097,1.0892], saturation=0.0318, text_film=0.0293
up1 haar: reconstruction_error=2.705e-06, skip_low/high=0.7826/0.2174, plam_low/high=1.0000/0.0000
up1 strengths: plam=0.9528, region=0.1211, detail=0.0941; residual_std region/detail/refine=0.5237/0.3667/0.0959
up1 guide_mix: entropy=0.9475, raw_low=0.3649, plam_low=0.2706, decoder_low=0.2534, detail=0.1110; agreement plam/decoder=0.6179/0.1299, support=0.6742+/-0.1147

========= Epoch [17/80] =========
M2_Test_session_09.13_22h33
Training with batch size : 16
   [Train] Epoch: [17][20/357]  Loss:0.135 (Avg 0.1141) IoU:0.629 (Avg 0.6882) Dice:0.7347 (Avg 0.7960) LR 2.71e-04   (AvgTime 0.6)   
   [Train] Epoch: [17][40/357]  Loss:0.117 (Avg 0.1155) IoU:0.669 (Avg 0.6816) Dice:0.7804 (Avg 0.7918) LR 2.71e-04   (AvgTime 0.6)   
   [Train] Epoch: [17][60/357]  Loss:0.143 (Avg 0.1157) IoU:0.606 (Avg 0.6826) Dice:0.7269 (Avg 0.7922) LR 2.71e-04   (AvgTime 0.6)   
   [Train] Epoch: [17][80/357]  Loss:0.121 (Avg 0.1162) IoU:0.697 (Avg 0.6804) Dice:0.8034 (Avg 0.7903) LR 2.71e-04   (AvgTime 0.6)   
   [Train] Epoch: [17][100/357]  Loss:0.093 (Avg 0.1197) IoU:0.734 (Avg 0.6745) Dice:0.8336 (Avg 0.7846) LR 2.71e-04   (AvgTime 0.6)   
   [Train] Epoch: [17][120/357]  Loss:0.106 (Avg 0.1195) IoU:0.692 (Avg 0.6741) Dice:0.7989 (Avg 0.7841) LR 2.71e-04   (AvgTime 0.6)   
   [Train] Epoch: [17][140/357]  Loss:0.138 (Avg 0.1203) IoU:0.630 (Avg 0.6721) Dice:0.7429 (Avg 0.7824) LR 2.71e-04   (AvgTime 0.6)   
   [Train] Epoch: [17][160/357]  Loss:0.113 (Avg 0.1202) IoU:0.666 (Avg 0.6727) Dice:0.7777 (Avg 0.7834) LR 2.71e-04   (AvgTime 0.6)   
   [Train] Epoch: [17][180/357]  Loss:0.128 (Avg 0.1210) IoU:0.654 (Avg 0.6714) Dice:0.7731 (Avg 0.7819) LR 2.71e-04   (AvgTime 0.6)   
   [Train] Epoch: [17][200/357]  Loss:0.095 (Avg 0.1209) IoU:0.700 (Avg 0.6711) Dice:0.8142 (Avg 0.7818) LR 2.71e-04   (AvgTime 0.6)   
   [Train] Epoch: [17][220/357]  Loss:0.152 (Avg 0.1208) IoU:0.597 (Avg 0.6710) Dice:0.7108 (Avg 0.7815) LR 2.71e-04   (AvgTime 0.6)   
   [Train] Epoch: [17][240/357]  Loss:0.136 (Avg 0.1206) IoU:0.616 (Avg 0.6719) Dice:0.7363 (Avg 0.7823) LR 2.71e-04   (AvgTime 0.6)   
   [Train] Epoch: [17][260/357]  Loss:0.093 (Avg 0.1210) IoU:0.710 (Avg 0.6713) Dice:0.8232 (Avg 0.7816) LR 2.71e-04   (AvgTime 0.6)   
   [Train] Epoch: [17][280/357]  Loss:0.147 (Avg 0.1211) IoU:0.617 (Avg 0.6712) Dice:0.7265 (Avg 0.7813) LR 2.71e-04   (AvgTime 0.6)   
   [Train] Epoch: [17][300/357]  Loss:0.142 (Avg 0.1218) IoU:0.632 (Avg 0.6698) Dice:0.7419 (Avg 0.7800) LR 2.71e-04   (AvgTime 0.6)   
   [Train] Epoch: [17][320/357]  Loss:0.146 (Avg 0.1245) IoU:0.602 (Avg 0.6657) Dice:0.7305 (Avg 0.7766) LR 2.71e-04   (AvgTime 0.6)   
   [Train] Epoch: [17][340/357]  Loss:0.104 (Avg 0.1254) IoU:0.759 (Avg 0.6642) Dice:0.8576 (Avg 0.7754) LR 2.71e-04   (AvgTime 0.6)   
   [Train] Epoch: [17][357/357]  Loss:0.115 (Avg 0.1251) IoU:0.717 (Avg 0.6651) Dice:0.8208 (Avg 0.7760) LR 2.71e-04   (AvgTime 0.6)   
   [Train] Loss components: dice=0.196782, focal=0.053446, total=0.125114
Validation
   [Val] Epoch: [17][20/90]  Loss:0.163 (Avg 0.1321) IoU:0.608 (Avg 0.6601) Dice:0.7309 (Avg 0.7735) (AvgTime 0.3)   
   [Val] Epoch: [17][40/90]  Loss:0.137 (Avg 0.1378) IoU:0.619 (Avg 0.6472) Dice:0.7478 (Avg 0.7601) (AvgTime 0.3)   
   [Val] Epoch: [17][60/90]  Loss:0.153 (Avg 0.1323) IoU:0.623 (Avg 0.6531) Dice:0.7335 (Avg 0.7642) (AvgTime 0.2)   
   [Val] Epoch: [17][80/90]  Loss:0.133 (Avg 0.1335) IoU:0.626 (Avg 0.6477) Dice:0.7495 (Avg 0.7598) (AvgTime 0.2)   
   [Val] Epoch: [17][90/90]  Loss:0.159 (Avg 0.1343) IoU:0.586 (Avg 0.6458) Dice:0.7263 (Avg 0.7581) (AvgTime 0.2)   
   [Val] Loss components: dice=0.209978, focal=0.058709, total=0.134344
	 No iou improvement; selected epoch 12
	 early_stopping_count: 5/80
--- Epoch History (1..17) ---
Epoch |  TrainLoss |  TrainDice |  TrainIoU |    ValLoss |    ValDice |    ValIoU |         LR | Best
    1 |     0.2378 |     0.6073 |    0.4781 |     0.2212 |     0.6176 |    0.4873 |   3.00e-04 |     
    2 |     0.1754 |     0.6971 |    0.5727 |     0.1642 |     0.7061 |    0.5868 |   3.00e-04 |     
    3 |     0.1564 |     0.7248 |    0.6043 |     0.1373 |     0.7621 |    0.6492 |   3.00e-04 |     
    4 |     0.1512 |     0.7340 |    0.6154 |     0.1450 |     0.7555 |    0.6397 |   2.99e-04 |     
    5 |     0.1427 |     0.7474 |    0.6307 |     0.1478 |     0.7229 |    0.6010 |   2.98e-04 |     
    6 |     0.1390 |     0.7527 |    0.6372 |     0.1355 |     0.7500 |    0.6298 |   2.97e-04 |     
    7 |     0.1353 |     0.7589 |    0.6439 |     0.1369 |     0.7611 |    0.6439 |   2.96e-04 |     
    8 |     0.1328 |     0.7617 |    0.6475 |     0.1354 |     0.7518 |    0.6330 |   2.94e-04 |     
    9 |     0.1294 |     0.7676 |    0.6543 |     0.1259 |     0.7724 |    0.6623 |   2.92e-04 |     
   10 |     0.1295 |     0.7672 |    0.6539 |     0.1216 |     0.7861 |    0.6776 |   2.91e-04 |     
   11 |     0.1289 |     0.7699 |    0.6573 |     0.1227 |     0.7768 |    0.6660 |   2.88e-04 |     
   12 |     0.1259 |     0.7736 |    0.6616 |     0.1186 |     0.7928 |    0.6867 |   2.86e-04 |    *
   13 |     0.1252 |     0.7750 |    0.6628 |     0.1353 |     0.7535 |    0.6352 |   2.83e-04 |     
   14 |     0.1232 |     0.7784 |    0.6678 |     0.1165 |     0.7837 |    0.6714 |   2.80e-04 |     
   15 |     0.1251 |     0.7742 |    0.6624 |     0.1190 |     0.7813 |    0.6712 |   2.77e-04 |     
   16 |     0.1215 |     0.7804 |    0.6697 |     0.1217 |     0.7897 |    0.6820 |   2.74e-04 |     
   17 |     0.1251 |     0.7760 |    0.6651 |     0.1343 |     0.7581 |    0.6458 |   2.71e-04 |     
--- R2 + image-value context regrouping with regroup_text anchors validation statistics ---
up4: ca=0.8767+/-0.2659, sa=1.0113+/-0.0156, amp=0.0013, suppress=0.0000, guide_abs=0.2982
up4 residuals: local_mean=6.427e-02, global_mean=0.0428, local_strength=0.1140, global_strength=0.1035, gain=[0.9831,1.1110], saturation=0.1490, text_film=0.0220
up4 haar: reconstruction_error=9.537e-07, skip_low/high=0.8298/0.1702, plam_low/high=1.0000/0.0000
up4 strengths: plam=0.9473, region=0.1140, detail=0.1035; residual_std region/detail/refine=0.5025/0.3931/0.2645
up4 guide_mix: entropy=0.9597, raw_low=0.2634, plam_low=0.3365, decoder_low=0.2782, detail=0.1219; agreement plam/decoder=0.6218/0.3567, support=0.8515+/-0.0821
up4 adaptive_frequency: ALPF strength=0.2276, weights=0.1998/0.6681/0.1321, sum=1.0000, entropy=0.7809, delta_std=0.0996; AHPF strength=0.0800, weights=0.2728/0.5472/0.1800, sum=1.0000, entropy=0.9010, residual_std=0.1232, scaled_std=0.0099
up3: ca=1.0002+/-0.2398, sa=1.0042+/-0.0055, amp=0.0000, suppress=0.0000, guide_abs=0.2853
up3 residuals: local_mean=9.668e-03, global_mean=0.0270, local_strength=0.1156, global_strength=0.1145, gain=[0.9755,1.0344], saturation=0.0000, text_film=0.0319
up3 haar: reconstruction_error=9.537e-07, skip_low/high=0.8088/0.1912, plam_low/high=1.0000/0.0000
up3 strengths: plam=0.9363, region=0.1156, detail=0.1145; residual_std region/detail/refine=0.4678/0.5772/0.4924
up3 guide_mix: entropy=0.9722, raw_low=0.2992, plam_low=0.2841, decoder_low=0.2790, detail=0.1377; agreement plam/decoder=0.5134/0.0408, support=0.6644+/-0.0747
up3 adaptive_frequency: ALPF strength=0.2493, weights=0.1689/0.4896/0.3415, sum=1.0000, entropy=0.8250, delta_std=0.0730; AHPF strength=0.0935, weights=0.4988/0.3234/0.1778, sum=1.0000, entropy=0.8446, residual_std=0.1220, scaled_std=0.0114
up2: ca=0.9180+/-0.1688, sa=1.0035+/-0.0049, amp=0.0000, suppress=0.0000, guide_abs=0.1888
up2 residuals: local_mean=4.275e-03, global_mean=0.0281, local_strength=0.1119, global_strength=0.1093, gain=[0.9590,1.0495], saturation=0.0000, text_film=0.0219
up2 haar: reconstruction_error=9.537e-07, skip_low/high=0.7971/0.2029, plam_low/high=1.0000/0.0000
up2 strengths: plam=0.9061, region=0.1119, detail=0.1093; residual_std region/detail/refine=0.1622/0.3067/0.1573
up2 guide_mix: entropy=0.9589, raw_low=0.2676, plam_low=0.2723, decoder_low=0.3391, detail=0.1210; agreement plam/decoder=0.7180/-0.2024, support=0.5525+/-0.0358
up1: ca=0.8489+/-0.1684, sa=1.0012+/-0.0124, amp=0.0000, suppress=0.0000, guide_abs=0.2198
up1 residuals: local_mean=-4.944e-03, global_mean=0.0202, local_strength=0.1217, global_strength=0.0931, gain=[0.9102,1.0890], saturation=0.0127, text_film=0.0381
up1 haar: reconstruction_error=2.846e-06, skip_low/high=0.7438/0.2562, plam_low/high=1.0000/0.0000
up1 strengths: plam=0.9509, region=0.1217, detail=0.0931; residual_std region/detail/refine=0.4783/0.3618/0.1009
up1 guide_mix: entropy=0.9298, raw_low=0.2438, plam_low=0.3764, decoder_low=0.2886, detail=0.0912; agreement plam/decoder=0.6065/-0.0547, support=0.6639+/-0.1042

========= Epoch [18/80] =========
M2_Test_session_09.13_22h33
Training with batch size : 16
   [Train] Epoch: [18][20/357]  Loss:0.131 (Avg 0.1331) IoU:0.644 (Avg 0.6550) Dice:0.7643 (Avg 0.7669) LR 2.67e-04   (AvgTime 0.6)   
   [Train] Epoch: [18][40/357]  Loss:0.136 (Avg 0.1318) IoU:0.623 (Avg 0.6536) Dice:0.7454 (Avg 0.7656) LR 2.67e-04   (AvgTime 0.6)   
   [Train] Epoch: [18][60/357]  Loss:0.153 (Avg 0.1287) IoU:0.629 (Avg 0.6587) Dice:0.7429 (Avg 0.7707) LR 2.67e-04   (AvgTime 0.6)   
   [Train] Epoch: [18][80/357]  Loss:0.153 (Avg 0.1260) IoU:0.638 (Avg 0.6626) Dice:0.7176 (Avg 0.7742) LR 2.67e-04   (AvgTime 0.6)   
   [Train] Epoch: [18][100/357]  Loss:0.112 (Avg 0.1247) IoU:0.688 (Avg 0.6638) Dice:0.7992 (Avg 0.7755) LR 2.67e-04   (AvgTime 0.6)   
   [Train] Epoch: [18][120/357]  Loss:0.080 (Avg 0.1225) IoU:0.749 (Avg 0.6680) Dice:0.8472 (Avg 0.7790) LR 2.67e-04   (AvgTime 0.6)   
   [Train] Epoch: [18][140/357]  Loss:0.102 (Avg 0.1218) IoU:0.710 (Avg 0.6689) Dice:0.8192 (Avg 0.7796) LR 2.67e-04   (AvgTime 0.6)   
   [Train] Epoch: [18][160/357]  Loss:0.166 (Avg 0.1218) IoU:0.562 (Avg 0.6691) Dice:0.6773 (Avg 0.7795) LR 2.67e-04   (AvgTime 0.6)   
   [Train] Epoch: [18][180/357]  Loss:0.092 (Avg 0.1212) IoU:0.748 (Avg 0.6702) Dice:0.8429 (Avg 0.7805) LR 2.67e-04   (AvgTime 0.6)   
   [Train] Epoch: [18][200/357]  Loss:0.164 (Avg 0.1203) IoU:0.592 (Avg 0.6721) Dice:0.7076 (Avg 0.7819) LR 2.67e-04   (AvgTime 0.6)   
   [Train] Epoch: [18][220/357]  Loss:0.128 (Avg 0.1204) IoU:0.667 (Avg 0.6723) Dice:0.7805 (Avg 0.7823) LR 2.67e-04   (AvgTime 0.6)   
   [Train] Epoch: [18][240/357]  Loss:0.098 (Avg 0.1210) IoU:0.728 (Avg 0.6717) Dice:0.8303 (Avg 0.7817) LR 2.67e-04   (AvgTime 0.6)   
   [Train] Epoch: [18][260/357]  Loss:0.191 (Avg 0.1211) IoU:0.569 (Avg 0.6719) Dice:0.6668 (Avg 0.7819) LR 2.67e-04   (AvgTime 0.6)   
   [Train] Epoch: [18][280/357]  Loss:0.154 (Avg 0.1204) IoU:0.572 (Avg 0.6733) Dice:0.6976 (Avg 0.7831) LR 2.67e-04   (AvgTime 0.6)   
   [Train] Epoch: [18][300/357]  Loss:0.109 (Avg 0.1199) IoU:0.694 (Avg 0.6748) Dice:0.7976 (Avg 0.7843) LR 2.67e-04   (AvgTime 0.6)   
   [Train] Epoch: [18][320/357]  Loss:0.116 (Avg 0.1198) IoU:0.696 (Avg 0.6750) Dice:0.7981 (Avg 0.7844) LR 2.67e-04   (AvgTime 0.6)   
   [Train] Epoch: [18][340/357]  Loss:0.137 (Avg 0.1196) IoU:0.610 (Avg 0.6749) Dice:0.7295 (Avg 0.7845) LR 2.67e-04   (AvgTime 0.6)   
   [Train] Epoch: [18][357/357]  Loss:0.180 (Avg 0.1198) IoU:0.532 (Avg 0.6743) Dice:0.6493 (Avg 0.7841) LR 2.67e-04   (AvgTime 0.6)   
   [Train] Loss components: dice=0.189177, focal=0.050461, total=0.119819
Validation
   [Val] Epoch: [18][20/90]  Loss:0.138 (Avg 0.1145) IoU:0.645 (Avg 0.6930) Dice:0.7659 (Avg 0.8012) (AvgTime 0.3)   
   [Val] Epoch: [18][40/90]  Loss:0.110 (Avg 0.1210) IoU:0.693 (Avg 0.6764) Dice:0.8041 (Avg 0.7857) (AvgTime 0.3)   
   [Val] Epoch: [18][60/90]  Loss:0.146 (Avg 0.1154) IoU:0.633 (Avg 0.6864) Dice:0.7434 (Avg 0.7924) (AvgTime 0.2)   
   [Val] Epoch: [18][80/90]  Loss:0.100 (Avg 0.1144) IoU:0.713 (Avg 0.6863) Dice:0.8192 (Avg 0.7930) (AvgTime 0.2)   
   [Val] Epoch: [18][90/90]  Loss:0.136 (Avg 0.1146) IoU:0.615 (Avg 0.6860) Dice:0.7465 (Avg 0.7928) (AvgTime 0.2)   
   [Val] Loss components: dice=0.181880, focal=0.047337, total=0.114608
	 No iou improvement; selected epoch 12
	 early_stopping_count: 6/80
--- Epoch History (1..18) ---
Epoch |  TrainLoss |  TrainDice |  TrainIoU |    ValLoss |    ValDice |    ValIoU |         LR | Best
    1 |     0.2378 |     0.6073 |    0.4781 |     0.2212 |     0.6176 |    0.4873 |   3.00e-04 |     
    2 |     0.1754 |     0.6971 |    0.5727 |     0.1642 |     0.7061 |    0.5868 |   3.00e-04 |     
    3 |     0.1564 |     0.7248 |    0.6043 |     0.1373 |     0.7621 |    0.6492 |   3.00e-04 |     
    4 |     0.1512 |     0.7340 |    0.6154 |     0.1450 |     0.7555 |    0.6397 |   2.99e-04 |     
    5 |     0.1427 |     0.7474 |    0.6307 |     0.1478 |     0.7229 |    0.6010 |   2.98e-04 |     
    6 |     0.1390 |     0.7527 |    0.6372 |     0.1355 |     0.7500 |    0.6298 |   2.97e-04 |     
    7 |     0.1353 |     0.7589 |    0.6439 |     0.1369 |     0.7611 |    0.6439 |   2.96e-04 |     
    8 |     0.1328 |     0.7617 |    0.6475 |     0.1354 |     0.7518 |    0.6330 |   2.94e-04 |     
    9 |     0.1294 |     0.7676 |    0.6543 |     0.1259 |     0.7724 |    0.6623 |   2.92e-04 |     
   10 |     0.1295 |     0.7672 |    0.6539 |     0.1216 |     0.7861 |    0.6776 |   2.91e-04 |     
   11 |     0.1289 |     0.7699 |    0.6573 |     0.1227 |     0.7768 |    0.6660 |   2.88e-04 |     
   12 |     0.1259 |     0.7736 |    0.6616 |     0.1186 |     0.7928 |    0.6867 |   2.86e-04 |    *
   13 |     0.1252 |     0.7750 |    0.6628 |     0.1353 |     0.7535 |    0.6352 |   2.83e-04 |     
   14 |     0.1232 |     0.7784 |    0.6678 |     0.1165 |     0.7837 |    0.6714 |   2.80e-04 |     
   15 |     0.1251 |     0.7742 |    0.6624 |     0.1190 |     0.7813 |    0.6712 |   2.77e-04 |     
   16 |     0.1215 |     0.7804 |    0.6697 |     0.1217 |     0.7897 |    0.6820 |   2.74e-04 |     
   17 |     0.1251 |     0.7760 |    0.6651 |     0.1343 |     0.7581 |    0.6458 |   2.71e-04 |     
   18 |     0.1198 |     0.7841 |    0.6743 |     0.1146 |     0.7928 |    0.6860 |   2.67e-04 |     
--- R2 + image-value context regrouping with regroup_text anchors validation statistics ---
up4: ca=0.9123+/-0.1318, sa=1.0079+/-0.0143, amp=0.0003, suppress=0.0000, guide_abs=0.2175
up4 residuals: local_mean=5.663e-02, global_mean=0.0182, local_strength=0.1143, global_strength=0.1040, gain=[0.9746,1.1041], saturation=0.1612, text_film=0.0177
up4 haar: reconstruction_error=9.537e-07, skip_low/high=0.8264/0.1736, plam_low/high=1.0000/0.0000
up4 strengths: plam=0.9456, region=0.1143, detail=0.1040; residual_std region/detail/refine=0.4575/0.3974/0.2525
up4 guide_mix: entropy=0.9687, raw_low=0.2860, plam_low=0.2632, decoder_low=0.3167, detail=0.1341; agreement plam/decoder=0.8079/0.4690, support=0.8717+/-0.0702
up4 adaptive_frequency: ALPF strength=0.2288, weights=0.1727/0.6883/0.1390, sum=1.0000, entropy=0.7590, delta_std=0.1138; AHPF strength=0.0799, weights=0.2986/0.5312/0.1702, sum=1.0000, entropy=0.9059, residual_std=0.1229, scaled_std=0.0098
up3: ca=1.0104+/-0.1964, sa=1.0036+/-0.0045, amp=0.0000, suppress=0.0000, guide_abs=0.2613
up3 residuals: local_mean=8.379e-03, global_mean=0.0228, local_strength=0.1159, global_strength=0.1147, gain=[0.9711,1.0409], saturation=0.0008, text_film=0.0417
up3 haar: reconstruction_error=9.537e-07, skip_low/high=0.8124/0.1876, plam_low/high=1.0000/0.0000
up3 strengths: plam=0.9324, region=0.1159, detail=0.1147; residual_std region/detail/refine=0.4421/0.5533/0.4703
up3 guide_mix: entropy=0.9725, raw_low=0.3102, plam_low=0.2525, decoder_low=0.2951, detail=0.1423; agreement plam/decoder=0.5102/-0.0070, support=0.6629+/-0.0919
up3 adaptive_frequency: ALPF strength=0.2517, weights=0.1524/0.4783/0.3693, sum=1.0000, entropy=0.7621, delta_std=0.0778; AHPF strength=0.0940, weights=0.4796/0.3307/0.1897, sum=1.0000, entropy=0.8453, residual_std=0.1227, scaled_std=0.0115
up2: ca=0.9032+/-0.1323, sa=1.0028+/-0.0045, amp=0.0000, suppress=0.0000, guide_abs=0.1635
up2 residuals: local_mean=3.799e-03, global_mean=0.0218, local_strength=0.1121, global_strength=0.1096, gain=[0.9602,1.0472], saturation=0.0000, text_film=0.0193
up2 haar: reconstruction_error=9.537e-07, skip_low/high=0.8049/0.1951, plam_low/high=1.0000/0.0000
up2 strengths: plam=0.9007, region=0.1121, detail=0.1096; residual_std region/detail/refine=0.1563/0.2944/0.1480
up2 guide_mix: entropy=0.9513, raw_low=0.2837, plam_low=0.2090, decoder_low=0.3762, detail=0.1311; agreement plam/decoder=0.5548/-0.4154, support=0.5503+/-0.0322
up1: ca=0.8471+/-0.1585, sa=1.0017+/-0.0127, amp=0.0000, suppress=0.0000, guide_abs=0.2131
up1 residuals: local_mean=-2.257e-03, global_mean=0.0214, local_strength=0.1220, global_strength=0.0922, gain=[0.9099,1.0893], saturation=0.0200, text_film=0.0406
up1 haar: reconstruction_error=2.444e-06, skip_low/high=0.7472/0.2528, plam_low/high=1.0000/0.0000
up1 strengths: plam=0.9491, region=0.1220, detail=0.0922; residual_std region/detail/refine=0.5487/0.3839/0.1039
up1 guide_mix: entropy=0.9521, raw_low=0.2868, plam_low=0.3017, decoder_low=0.3055, detail=0.1060; agreement plam/decoder=0.6461/0.1425, support=0.6537+/-0.1145

========= Epoch [19/80] =========
M2_Test_session_09.13_22h33
Training with batch size : 16
   [Train] Epoch: [19][20/357]  Loss:0.133 (Avg 0.1182) IoU:0.638 (Avg 0.6776) Dice:0.7658 (Avg 0.7874) LR 2.63e-04   (AvgTime 0.6)   
   [Train] Epoch: [19][40/357]  Loss:0.101 (Avg 0.1156) IoU:0.688 (Avg 0.6795) Dice:0.8017 (Avg 0.7888) LR 2.63e-04   (AvgTime 0.6)   
   [Train] Epoch: [19][60/357]  Loss:0.091 (Avg 0.1175) IoU:0.743 (Avg 0.6769) Dice:0.8344 (Avg 0.7860) LR 2.63e-04   (AvgTime 0.6)   
   [Train] Epoch: [19][80/357]  Loss:0.100 (Avg 0.1188) IoU:0.721 (Avg 0.6739) Dice:0.8182 (Avg 0.7838) LR 2.63e-04   (AvgTime 0.6)   
   [Train] Epoch: [19][100/357]  Loss:0.073 (Avg 0.1179) IoU:0.810 (Avg 0.6775) Dice:0.8907 (Avg 0.7868) LR 2.63e-04   (AvgTime 0.6)   
   [Train] Epoch: [19][120/357]  Loss:0.111 (Avg 0.1188) IoU:0.678 (Avg 0.6751) Dice:0.7865 (Avg 0.7845) LR 2.63e-04   (AvgTime 0.6)   
   [Train] Epoch: [19][140/357]  Loss:0.104 (Avg 0.1174) IoU:0.720 (Avg 0.6791) Dice:0.8200 (Avg 0.7877) LR 2.63e-04   (AvgTime 0.6)   
   [Train] Epoch: [19][160/357]  Loss:0.172 (Avg 0.1178) IoU:0.554 (Avg 0.6789) Dice:0.6553 (Avg 0.7871) LR 2.63e-04   (AvgTime 0.6)   
   [Train] Epoch: [19][180/357]  Loss:0.097 (Avg 0.1190) IoU:0.727 (Avg 0.6763) Dice:0.8273 (Avg 0.7850) LR 2.63e-04   (AvgTime 0.6)   
   [Train] Epoch: [19][200/357]  Loss:0.145 (Avg 0.1206) IoU:0.616 (Avg 0.6731) Dice:0.7184 (Avg 0.7822) LR 2.63e-04   (AvgTime 0.6)   
   [Train] Epoch: [19][220/357]  Loss:0.082 (Avg 0.1201) IoU:0.765 (Avg 0.6742) Dice:0.8585 (Avg 0.7832) LR 2.63e-04   (AvgTime 0.6)   
   [Train] Epoch: [19][240/357]  Loss:0.126 (Avg 0.1197) IoU:0.669 (Avg 0.6747) Dice:0.7822 (Avg 0.7837) LR 2.63e-04   (AvgTime 0.6)   
   [Train] Epoch: [19][260/357]  Loss:0.109 (Avg 0.1187) IoU:0.666 (Avg 0.6766) Dice:0.7855 (Avg 0.7855) LR 2.63e-04   (AvgTime 0.6)   
   [Train] Epoch: [19][280/357]  Loss:0.128 (Avg 0.1193) IoU:0.667 (Avg 0.6753) Dice:0.7643 (Avg 0.7843) LR 2.63e-04   (AvgTime 0.6)   
   [Train] Epoch: [19][300/357]  Loss:0.106 (Avg 0.1193) IoU:0.702 (Avg 0.6753) Dice:0.8058 (Avg 0.7843) LR 2.63e-04   (AvgTime 0.6)   
   [Train] Epoch: [19][320/357]  Loss:0.107 (Avg 0.1192) IoU:0.693 (Avg 0.6756) Dice:0.8013 (Avg 0.7846) LR 2.63e-04   (AvgTime 0.6)   
   [Train] Epoch: [19][340/357]  Loss:0.144 (Avg 0.1191) IoU:0.591 (Avg 0.6753) Dice:0.7272 (Avg 0.7846) LR 2.63e-04   (AvgTime 0.6)   
   [Train] Epoch: [19][357/357]  Loss:0.106 (Avg 0.1188) IoU:0.682 (Avg 0.6759) Dice:0.7924 (Avg 0.7853) LR 2.63e-04   (AvgTime 0.6)   
   [Train] Loss components: dice=0.187739, focal=0.049927, total=0.118833
Validation
   [Val] Epoch: [19][20/90]  Loss:0.130 (Avg 0.1118) IoU:0.645 (Avg 0.6915) Dice:0.7663 (Avg 0.8012) (AvgTime 0.3)   
   [Val] Epoch: [19][40/90]  Loss:0.116 (Avg 0.1204) IoU:0.657 (Avg 0.6721) Dice:0.7756 (Avg 0.7829) (AvgTime 0.2)   
   [Val] Epoch: [19][60/90]  Loss:0.139 (Avg 0.1157) IoU:0.632 (Avg 0.6759) Dice:0.7415 (Avg 0.7850) (AvgTime 0.2)   
   [Val] Epoch: [19][80/90]  Loss:0.104 (Avg 0.1153) IoU:0.680 (Avg 0.6731) Dice:0.7918 (Avg 0.7833) (AvgTime 0.2)   
   [Val] Epoch: [19][90/90]  Loss:0.136 (Avg 0.1158) IoU:0.588 (Avg 0.6716) Dice:0.7256 (Avg 0.7821) (AvgTime 0.2)   
   [Val] Loss components: dice=0.187995, focal=0.043615, total=0.115805
	 No iou improvement; selected epoch 12
	 early_stopping_count: 7/80
--- Epoch History (1..19) ---
Epoch |  TrainLoss |  TrainDice |  TrainIoU |    ValLoss |    ValDice |    ValIoU |         LR | Best
    1 |     0.2378 |     0.6073 |    0.4781 |     0.2212 |     0.6176 |    0.4873 |   3.00e-04 |     
    2 |     0.1754 |     0.6971 |    0.5727 |     0.1642 |     0.7061 |    0.5868 |   3.00e-04 |     
    3 |     0.1564 |     0.7248 |    0.6043 |     0.1373 |     0.7621 |    0.6492 |   3.00e-04 |     
    4 |     0.1512 |     0.7340 |    0.6154 |     0.1450 |     0.7555 |    0.6397 |   2.99e-04 |     
    5 |     0.1427 |     0.7474 |    0.6307 |     0.1478 |     0.7229 |    0.6010 |   2.98e-04 |     
    6 |     0.1390 |     0.7527 |    0.6372 |     0.1355 |     0.7500 |    0.6298 |   2.97e-04 |     
    7 |     0.1353 |     0.7589 |    0.6439 |     0.1369 |     0.7611 |    0.6439 |   2.96e-04 |     
    8 |     0.1328 |     0.7617 |    0.6475 |     0.1354 |     0.7518 |    0.6330 |   2.94e-04 |     
    9 |     0.1294 |     0.7676 |    0.6543 |     0.1259 |     0.7724 |    0.6623 |   2.92e-04 |     
   10 |     0.1295 |     0.7672 |    0.6539 |     0.1216 |     0.7861 |    0.6776 |   2.91e-04 |     
   11 |     0.1289 |     0.7699 |    0.6573 |     0.1227 |     0.7768 |    0.6660 |   2.88e-04 |     
   12 |     0.1259 |     0.7736 |    0.6616 |     0.1186 |     0.7928 |    0.6867 |   2.86e-04 |    *
   13 |     0.1252 |     0.7750 |    0.6628 |     0.1353 |     0.7535 |    0.6352 |   2.83e-04 |     
   14 |     0.1232 |     0.7784 |    0.6678 |     0.1165 |     0.7837 |    0.6714 |   2.80e-04 |     
   15 |     0.1251 |     0.7742 |    0.6624 |     0.1190 |     0.7813 |    0.6712 |   2.77e-04 |     
   16 |     0.1215 |     0.7804 |    0.6697 |     0.1217 |     0.7897 |    0.6820 |   2.74e-04 |     
   17 |     0.1251 |     0.7760 |    0.6651 |     0.1343 |     0.7581 |    0.6458 |   2.71e-04 |     
   18 |     0.1198 |     0.7841 |    0.6743 |     0.1146 |     0.7928 |    0.6860 |   2.67e-04 |     
   19 |     0.1188 |     0.7853 |    0.6759 |     0.1158 |     0.7821 |    0.6716 |   2.63e-04 |     
--- R2 + image-value context regrouping with regroup_text anchors validation statistics ---
up4: ca=0.9120+/-0.1350, sa=1.0065+/-0.0132, amp=0.0000, suppress=0.0000, guide_abs=0.1959
up4 residuals: local_mean=5.720e-02, global_mean=0.0030, local_strength=0.1146, global_strength=0.1045, gain=[0.9702,1.0864], saturation=0.0888, text_film=0.0187
up4 haar: reconstruction_error=9.537e-07, skip_low/high=0.8259/0.1741, plam_low/high=1.0000/0.0000
up4 strengths: plam=0.9441, region=0.1146, detail=0.1045; residual_std region/detail/refine=0.4358/0.3806/0.2611
up4 guide_mix: entropy=0.9723, raw_low=0.2921, plam_low=0.2850, decoder_low=0.2855, detail=0.1374; agreement plam/decoder=0.7219/0.4557, support=0.8543+/-0.0746
up4 adaptive_frequency: ALPF strength=0.2300, weights=0.1634/0.6874/0.1491, sum=1.0000, entropy=0.7598, delta_std=0.0978; AHPF strength=0.0801, weights=0.2682/0.5541/0.1777, sum=1.0000, entropy=0.8949, residual_std=0.1175, scaled_std=0.0094
up3: ca=0.9872+/-0.2004, sa=1.0026+/-0.0049, amp=0.0000, suppress=0.0000, guide_abs=0.2577
up3 residuals: local_mean=8.243e-03, global_mean=0.0138, local_strength=0.1161, global_strength=0.1151, gain=[0.9720,1.0328], saturation=0.0000, text_film=0.0323
up3 haar: reconstruction_error=9.537e-07, skip_low/high=0.8137/0.1863, plam_low/high=1.0000/0.0000
up3 strengths: plam=0.9293, region=0.1161, detail=0.1151; residual_std region/detail/refine=0.4315/0.5824/0.5054
up3 guide_mix: entropy=0.9734, raw_low=0.3152, plam_low=0.2559, decoder_low=0.2850, detail=0.1440; agreement plam/decoder=0.4403/0.0756, support=0.6718+/-0.0951
up3 adaptive_frequency: ALPF strength=0.2534, weights=0.1202/0.4474/0.4324, sum=1.0000, entropy=0.8079, delta_std=0.0755; AHPF strength=0.0945, weights=0.6488/0.2334/0.1178, sum=1.0000, entropy=0.7371, residual_std=0.0809, scaled_std=0.0076
up2: ca=0.9240+/-0.1426, sa=1.0032+/-0.0047, amp=0.0000, suppress=0.0000, guide_abs=0.1641
up2 residuals: local_mean=4.671e-03, global_mean=0.0248, local_strength=0.1125, global_strength=0.1100, gain=[0.9639,1.0481], saturation=0.0000, text_film=0.0211
up2 haar: reconstruction_error=9.537e-07, skip_low/high=0.8094/0.1906, plam_low/high=1.0000/0.0000
up2 strengths: plam=0.8957, region=0.1125, detail=0.1100; residual_std region/detail/refine=0.1609/0.2832/0.1442
up2 guide_mix: entropy=0.9448, raw_low=0.2874, plam_low=0.1952, decoder_low=0.3875, detail=0.1299; agreement plam/decoder=0.5769/-0.2792, support=0.5520+/-0.0341
up1: ca=0.8480+/-0.1535, sa=1.0017+/-0.0128, amp=0.0000, suppress=0.0000, guide_abs=0.2353
up1 residuals: local_mean=-2.354e-03, global_mean=0.0224, local_strength=0.1224, global_strength=0.0914, gain=[0.9102,1.0889], saturation=0.0342, text_film=0.0460
up1 haar: reconstruction_error=2.727e-06, skip_low/high=0.7456/0.2544, plam_low/high=1.0000/0.0000
up1 strengths: plam=0.9476, region=0.1224, detail=0.0914; residual_std region/detail/refine=0.5635/0.3994/0.1065
up1 guide_mix: entropy=0.9592, raw_low=0.3169, plam_low=0.2733, decoder_low=0.2924, detail=0.1174; agreement plam/decoder=0.6437/0.1198, support=0.6757+/-0.1190

========= Epoch [20/80] =========
M2_Test_session_09.13_22h33
Training with batch size : 16
   [Train] Epoch: [20][20/357]  Loss:0.110 (Avg 0.1091) IoU:0.704 (Avg 0.6947) Dice:0.8102 (Avg 0.8008) LR 2.59e-04   (AvgTime 0.6)   
   [Train] Epoch: [20][40/357]  Loss:0.081 (Avg 0.1081) IoU:0.755 (Avg 0.7010) Dice:0.8495 (Avg 0.8050) LR 2.59e-04   (AvgTime 0.6)   
   [Train] Epoch: [20][60/357]  Loss:0.118 (Avg 0.1131) IoU:0.672 (Avg 0.6908) Dice:0.7859 (Avg 0.7964) LR 2.59e-04   (AvgTime 0.6)   
   [Train] Epoch: [20][80/357]  Loss:0.117 (Avg 0.1110) IoU:0.705 (Avg 0.6940) Dice:0.8108 (Avg 0.7996) LR 2.59e-04   (AvgTime 0.6)   
   [Train] Epoch: [20][100/357]  Loss:0.091 (Avg 0.1120) IoU:0.735 (Avg 0.6912) Dice:0.8369 (Avg 0.7970) LR 2.59e-04   (AvgTime 0.6)   
   [Train] Epoch: [20][120/357]  Loss:0.108 (Avg 0.1121) IoU:0.684 (Avg 0.6908) Dice:0.7938 (Avg 0.7969) LR 2.59e-04   (AvgTime 0.6)   
   [Train] Epoch: [20][140/357]  Loss:0.154 (Avg 0.1137) IoU:0.616 (Avg 0.6864) Dice:0.7305 (Avg 0.7934) LR 2.59e-04   (AvgTime 0.6)   
   [Train] Epoch: [20][160/357]  Loss:0.125 (Avg 0.1130) IoU:0.691 (Avg 0.6880) Dice:0.8080 (Avg 0.7950) LR 2.59e-04   (AvgTime 0.6)   
   [Train] Epoch: [20][180/357]  Loss:0.101 (Avg 0.1128) IoU:0.733 (Avg 0.6887) Dice:0.8280 (Avg 0.7959) LR 2.59e-04   (AvgTime 0.6)   
   [Train] Epoch: [20][200/357]  Loss:0.097 (Avg 0.1124) IoU:0.741 (Avg 0.6899) Dice:0.8432 (Avg 0.7969) LR 2.59e-04   (AvgTime 0.6)   
   [Train] Epoch: [20][220/357]  Loss:0.112 (Avg 0.1130) IoU:0.700 (Avg 0.6886) Dice:0.8008 (Avg 0.7956) LR 2.59e-04   (AvgTime 0.6)   
   [Train] Epoch: [20][240/357]  Loss:0.123 (Avg 0.1133) IoU:0.649 (Avg 0.6879) Dice:0.7591 (Avg 0.7948) LR 2.59e-04   (AvgTime 0.6)   
   [Train] Epoch: [20][260/357]  Loss:0.101 (Avg 0.1139) IoU:0.718 (Avg 0.6865) Dice:0.8264 (Avg 0.7935) LR 2.59e-04   (AvgTime 0.6)   
   [Train] Epoch: [20][280/357]  Loss:0.120 (Avg 0.1154) IoU:0.651 (Avg 0.6833) Dice:0.7673 (Avg 0.7909) LR 2.59e-04   (AvgTime 0.6)   
   [Train] Epoch: [20][300/357]  Loss:0.117 (Avg 0.1158) IoU:0.675 (Avg 0.6824) Dice:0.7751 (Avg 0.7902) LR 2.59e-04   (AvgTime 0.6)   
   [Train] Epoch: [20][320/357]  Loss:0.103 (Avg 0.1159) IoU:0.710 (Avg 0.6820) Dice:0.8187 (Avg 0.7899) LR 2.59e-04   (AvgTime 0.6)   
   [Train] Epoch: [20][340/357]  Loss:0.141 (Avg 0.1163) IoU:0.628 (Avg 0.6812) Dice:0.7427 (Avg 0.7892) LR 2.59e-04   (AvgTime 0.6)   
   [Train] Epoch: [20][357/357]  Loss:0.107 (Avg 0.1162) IoU:0.695 (Avg 0.6812) Dice:0.7941 (Avg 0.7892) LR 2.59e-04   (AvgTime 0.6)   
   [Train] Loss components: dice=0.183978, focal=0.048404, total=0.116191
Validation
   [Val] Epoch: [20][20/90]  Loss:0.131 (Avg 0.1185) IoU:0.667 (Avg 0.6959) Dice:0.7856 (Avg 0.8045) (AvgTime 0.3)   
   [Val] Epoch: [20][40/90]  Loss:0.110 (Avg 0.1239) IoU:0.678 (Avg 0.6783) Dice:0.7931 (Avg 0.7875) (AvgTime 0.3)   
   [Val] Epoch: [20][60/90]  Loss:0.141 (Avg 0.1166) IoU:0.652 (Avg 0.6872) Dice:0.7584 (Avg 0.7936) (AvgTime 0.2)   
   [Val] Epoch: [20][80/90]  Loss:0.105 (Avg 0.1171) IoU:0.686 (Avg 0.6823) Dice:0.7997 (Avg 0.7901) (AvgTime 0.2)   
   [Val] Epoch: [20][90/90]  Loss:0.135 (Avg 0.1173) IoU:0.627 (Avg 0.6811) Dice:0.7555 (Avg 0.7890) (AvgTime 0.2)   
   [Val] Loss components: dice=0.184918, focal=0.049733, total=0.117325
	 No iou improvement; selected epoch 12
	 early_stopping_count: 8/80
--- Epoch History (1..20) ---
Epoch |  TrainLoss |  TrainDice |  TrainIoU |    ValLoss |    ValDice |    ValIoU |         LR | Best
    1 |     0.2378 |     0.6073 |    0.4781 |     0.2212 |     0.6176 |    0.4873 |   3.00e-04 |     
    2 |     0.1754 |     0.6971 |    0.5727 |     0.1642 |     0.7061 |    0.5868 |   3.00e-04 |     
    3 |     0.1564 |     0.7248 |    0.6043 |     0.1373 |     0.7621 |    0.6492 |   3.00e-04 |     
    4 |     0.1512 |     0.7340 |    0.6154 |     0.1450 |     0.7555 |    0.6397 |   2.99e-04 |     
    5 |     0.1427 |     0.7474 |    0.6307 |     0.1478 |     0.7229 |    0.6010 |   2.98e-04 |     
    6 |     0.1390 |     0.7527 |    0.6372 |     0.1355 |     0.7500 |    0.6298 |   2.97e-04 |     
    7 |     0.1353 |     0.7589 |    0.6439 |     0.1369 |     0.7611 |    0.6439 |   2.96e-04 |     
    8 |     0.1328 |     0.7617 |    0.6475 |     0.1354 |     0.7518 |    0.6330 |   2.94e-04 |     
    9 |     0.1294 |     0.7676 |    0.6543 |     0.1259 |     0.7724 |    0.6623 |   2.92e-04 |     
   10 |     0.1295 |     0.7672 |    0.6539 |     0.1216 |     0.7861 |    0.6776 |   2.91e-04 |     
   11 |     0.1289 |     0.7699 |    0.6573 |     0.1227 |     0.7768 |    0.6660 |   2.88e-04 |     
   12 |     0.1259 |     0.7736 |    0.6616 |     0.1186 |     0.7928 |    0.6867 |   2.86e-04 |    *
   13 |     0.1252 |     0.7750 |    0.6628 |     0.1353 |     0.7535 |    0.6352 |   2.83e-04 |     
   14 |     0.1232 |     0.7784 |    0.6678 |     0.1165 |     0.7837 |    0.6714 |   2.80e-04 |     
   15 |     0.1251 |     0.7742 |    0.6624 |     0.1190 |     0.7813 |    0.6712 |   2.77e-04 |     
   16 |     0.1215 |     0.7804 |    0.6697 |     0.1217 |     0.7897 |    0.6820 |   2.74e-04 |     
   17 |     0.1251 |     0.7760 |    0.6651 |     0.1343 |     0.7581 |    0.6458 |   2.71e-04 |     
   18 |     0.1198 |     0.7841 |    0.6743 |     0.1146 |     0.7928 |    0.6860 |   2.67e-04 |     
   19 |     0.1188 |     0.7853 |    0.6759 |     0.1158 |     0.7821 |    0.6716 |   2.63e-04 |     
   20 |     0.1162 |     0.7892 |    0.6812 |     0.1173 |     0.7890 |    0.6811 |   2.59e-04 |     
--- R2 + image-value context regrouping with regroup_text anchors validation statistics ---
up4: ca=0.8983+/-0.1270, sa=1.0078+/-0.0141, amp=0.0000, suppress=0.0000, guide_abs=0.1741
up4 residuals: local_mean=6.150e-02, global_mean=0.0107, local_strength=0.1150, global_strength=0.1053, gain=[0.9737,1.0975], saturation=0.0796, text_film=0.0183
up4 haar: reconstruction_error=9.537e-07, skip_low/high=0.8206/0.1794, plam_low/high=1.0000/0.0000
up4 strengths: plam=0.9426, region=0.1150, detail=0.1053; residual_std region/detail/refine=0.4369/0.3902/0.2732
up4 guide_mix: entropy=0.9662, raw_low=0.2673, plam_low=0.3108, decoder_low=0.2932, detail=0.1286; agreement plam/decoder=0.7153/0.4700, support=0.8477+/-0.0789
up4 adaptive_frequency: ALPF strength=0.2303, weights=0.1759/0.6845/0.1396, sum=1.0000, entropy=0.7637, delta_std=0.1042; AHPF strength=0.0800, weights=0.2675/0.5576/0.1749, sum=1.0000, entropy=0.8900, residual_std=0.1188, scaled_std=0.0095
up3: ca=0.9866+/-0.1871, sa=1.0028+/-0.0055, amp=0.0000, suppress=0.0000, guide_abs=0.2477
up3 residuals: local_mean=8.525e-03, global_mean=0.0151, local_strength=0.1164, global_strength=0.1155, gain=[0.9701,1.0323], saturation=0.0010, text_film=0.0334
up3 haar: reconstruction_error=9.537e-07, skip_low/high=0.8047/0.1953, plam_low/high=1.0000/0.0000
up3 strengths: plam=0.9265, region=0.1164, detail=0.1155; residual_std region/detail/refine=0.4270/0.5806/0.4925
up3 guide_mix: entropy=0.9752, raw_low=0.3041, plam_low=0.2782, decoder_low=0.2732, detail=0.1445; agreement plam/decoder=0.5003/0.0878, support=0.6722+/-0.0850
up3 adaptive_frequency: ALPF strength=0.2550, weights=0.1251/0.4240/0.4510, sum=1.0000, entropy=0.8089, delta_std=0.0784; AHPF strength=0.0949, weights=0.5897/0.2618/0.1485, sum=1.0000, entropy=0.7867, residual_std=0.1027, scaled_std=0.0098
up2: ca=0.8976+/-0.1433, sa=1.0026+/-0.0046, amp=0.0000, suppress=0.0000, guide_abs=0.1926
up2 residuals: local_mean=4.552e-03, global_mean=0.0189, local_strength=0.1131, global_strength=0.1102, gain=[0.9583,1.0444], saturation=0.0000, text_film=0.0198
up2 haar: reconstruction_error=9.537e-07, skip_low/high=0.8038/0.1962, plam_low/high=1.0000/0.0000
up2 strengths: plam=0.8911, region=0.1131, detail=0.1102; residual_std region/detail/refine=0.1651/0.3042/0.1432
up2 guide_mix: entropy=0.9572, raw_low=0.2922, plam_low=0.2161, decoder_low=0.3584, detail=0.1334; agreement plam/decoder=0.6640/-0.2464, support=0.5544+/-0.0339
up1: ca=0.8456+/-0.1691, sa=1.0017+/-0.0125, amp=0.0000, suppress=0.0000, guide_abs=0.2338
up1 residuals: local_mean=-3.224e-03, global_mean=0.0236, local_strength=0.1226, global_strength=0.0907, gain=[0.9121,1.0871], saturation=0.0361, text_film=0.0428
up1 haar: reconstruction_error=1.907e-06, skip_low/high=0.7311/0.2689, plam_low/high=1.0000/0.0000
up1 strengths: plam=0.9467, region=0.1226, detail=0.0907; residual_std region/detail/refine=0.5128/0.3809/0.1088
up1 guide_mix: entropy=0.9405, raw_low=0.2558, plam_low=0.3369, decoder_low=0.3111, detail=0.0962; agreement plam/decoder=0.5552/-0.1180, support=0.7054+/-0.1128

========= Epoch [21/80] =========
M2_Test_session_09.13_22h33
Training with batch size : 16
   [Train] Epoch: [21][20/357]  Loss:0.113 (Avg 0.1158) IoU:0.660 (Avg 0.6760) Dice:0.7813 (Avg 0.7870) LR 2.55e-04   (AvgTime 0.6)   
   [Train] Epoch: [21][40/357]  Loss:0.110 (Avg 0.1129) IoU:0.690 (Avg 0.6849) Dice:0.8066 (Avg 0.7947) LR 2.55e-04   (AvgTime 0.6)   
   [Train] Epoch: [21][60/357]  Loss:0.074 (Avg 0.1120) IoU:0.760 (Avg 0.6875) Dice:0.8578 (Avg 0.7966) LR 2.55e-04   (AvgTime 0.6)   
   [Train] Epoch: [21][80/357]  Loss:0.103 (Avg 0.1137) IoU:0.728 (Avg 0.6845) Dice:0.8200 (Avg 0.7929) LR 2.55e-04   (AvgTime 0.6)   
   [Train] Epoch: [21][100/357]  Loss:0.133 (Avg 0.1155) IoU:0.642 (Avg 0.6805) Dice:0.7626 (Avg 0.7896) LR 2.55e-04   (AvgTime 0.6)   
   [Train] Epoch: [21][120/357]  Loss:0.092 (Avg 0.1158) IoU:0.734 (Avg 0.6791) Dice:0.8308 (Avg 0.7885) LR 2.55e-04   (AvgTime 0.6)   
   [Train] Epoch: [21][140/357]  Loss:0.100 (Avg 0.1155) IoU:0.692 (Avg 0.6793) Dice:0.8004 (Avg 0.7887) LR 2.55e-04   (AvgTime 0.6)   
   [Train] Epoch: [21][160/357]  Loss:0.098 (Avg 0.1154) IoU:0.722 (Avg 0.6806) Dice:0.8158 (Avg 0.7895) LR 2.55e-04   (AvgTime 0.6)   
   [Train] Epoch: [21][180/357]  Loss:0.074 (Avg 0.1156) IoU:0.750 (Avg 0.6802) Dice:0.8523 (Avg 0.7888) LR 2.55e-04   (AvgTime 0.6)   
   [Train] Epoch: [21][200/357]  Loss:0.104 (Avg 0.1160) IoU:0.684 (Avg 0.6799) Dice:0.8014 (Avg 0.7886) LR 2.55e-04   (AvgTime 0.6)   
   [Train] Epoch: [21][220/357]  Loss:0.082 (Avg 0.1149) IoU:0.758 (Avg 0.6824) Dice:0.8482 (Avg 0.7908) LR 2.55e-04   (AvgTime 0.6)   
   [Train] Epoch: [21][240/357]  Loss:0.100 (Avg 0.1152) IoU:0.739 (Avg 0.6814) Dice:0.8322 (Avg 0.7903) LR 2.55e-04   (AvgTime 0.6)   
   [Train] Epoch: [21][260/357]  Loss:0.097 (Avg 0.1151) IoU:0.710 (Avg 0.6815) Dice:0.8176 (Avg 0.7904) LR 2.55e-04   (AvgTime 0.6)   
   [Train] Epoch: [21][280/357]  Loss:0.163 (Avg 0.1155) IoU:0.623 (Avg 0.6809) Dice:0.7374 (Avg 0.7898) LR 2.55e-04   (AvgTime 0.6)   
   [Train] Epoch: [21][300/357]  Loss:0.111 (Avg 0.1155) IoU:0.706 (Avg 0.6817) Dice:0.8030 (Avg 0.7903) LR 2.55e-04   (AvgTime 0.6)   
   [Train] Epoch: [21][320/357]  Loss:0.093 (Avg 0.1163) IoU:0.749 (Avg 0.6802) Dice:0.8486 (Avg 0.7889) LR 2.55e-04   (AvgTime 0.6)   
   [Train] Epoch: [21][340/357]  Loss:0.104 (Avg 0.1163) IoU:0.718 (Avg 0.6801) Dice:0.8248 (Avg 0.7888) LR 2.55e-04   (AvgTime 0.6)   
   [Train] Epoch: [21][357/357]  Loss:0.107 (Avg 0.1166) IoU:0.688 (Avg 0.6797) Dice:0.7922 (Avg 0.7883) LR 2.55e-04   (AvgTime 0.6)   
   [Train] Loss components: dice=0.184715, focal=0.048501, total=0.116608
Validation
   [Val] Epoch: [21][20/90]  Loss:0.140 (Avg 0.1163) IoU:0.634 (Avg 0.6756) Dice:0.7555 (Avg 0.7887) (AvgTime 0.3)   
   [Val] Epoch: [21][40/90]  Loss:0.116 (Avg 0.1243) IoU:0.660 (Avg 0.6589) Dice:0.7793 (Avg 0.7723) (AvgTime 0.3)   
   [Val] Epoch: [21][60/90]  Loss:0.147 (Avg 0.1170) IoU:0.617 (Avg 0.6702) Dice:0.7306 (Avg 0.7812) (AvgTime 0.3)   
   [Val] Epoch: [21][80/90]  Loss:0.101 (Avg 0.1158) IoU:0.708 (Avg 0.6701) Dice:0.8154 (Avg 0.7817) (AvgTime 0.2)   
   [Val] Epoch: [21][90/90]  Loss:0.142 (Avg 0.1159) IoU:0.595 (Avg 0.6698) Dice:0.7284 (Avg 0.7814) (AvgTime 0.2)   
   [Val] Loss components: dice=0.191717, focal=0.040134, total=0.115926
	 No iou improvement; selected epoch 12
	 early_stopping_count: 9/80
--- Epoch History (1..21) ---
Epoch |  TrainLoss |  TrainDice |  TrainIoU |    ValLoss |    ValDice |    ValIoU |         LR | Best
    1 |     0.2378 |     0.6073 |    0.4781 |     0.2212 |     0.6176 |    0.4873 |   3.00e-04 |     
    2 |     0.1754 |     0.6971 |    0.5727 |     0.1642 |     0.7061 |    0.5868 |   3.00e-04 |     
    3 |     0.1564 |     0.7248 |    0.6043 |     0.1373 |     0.7621 |    0.6492 |   3.00e-04 |     
    4 |     0.1512 |     0.7340 |    0.6154 |     0.1450 |     0.7555 |    0.6397 |   2.99e-04 |     
    5 |     0.1427 |     0.7474 |    0.6307 |     0.1478 |     0.7229 |    0.6010 |   2.98e-04 |     
    6 |     0.1390 |     0.7527 |    0.6372 |     0.1355 |     0.7500 |    0.6298 |   2.97e-04 |     
    7 |     0.1353 |     0.7589 |    0.6439 |     0.1369 |     0.7611 |    0.6439 |   2.96e-04 |     
    8 |     0.1328 |     0.7617 |    0.6475 |     0.1354 |     0.7518 |    0.6330 |   2.94e-04 |     
    9 |     0.1294 |     0.7676 |    0.6543 |     0.1259 |     0.7724 |    0.6623 |   2.92e-04 |     
   10 |     0.1295 |     0.7672 |    0.6539 |     0.1216 |     0.7861 |    0.6776 |   2.91e-04 |     
   11 |     0.1289 |     0.7699 |    0.6573 |     0.1227 |     0.7768 |    0.6660 |   2.88e-04 |     
   12 |     0.1259 |     0.7736 |    0.6616 |     0.1186 |     0.7928 |    0.6867 |   2.86e-04 |    *
   13 |     0.1252 |     0.7750 |    0.6628 |     0.1353 |     0.7535 |    0.6352 |   2.83e-04 |     
   14 |     0.1232 |     0.7784 |    0.6678 |     0.1165 |     0.7837 |    0.6714 |   2.80e-04 |     
   15 |     0.1251 |     0.7742 |    0.6624 |     0.1190 |     0.7813 |    0.6712 |   2.77e-04 |     
   16 |     0.1215 |     0.7804 |    0.6697 |     0.1217 |     0.7897 |    0.6820 |   2.74e-04 |     
   17 |     0.1251 |     0.7760 |    0.6651 |     0.1343 |     0.7581 |    0.6458 |   2.71e-04 |     
   18 |     0.1198 |     0.7841 |    0.6743 |     0.1146 |     0.7928 |    0.6860 |   2.67e-04 |     
   19 |     0.1188 |     0.7853 |    0.6759 |     0.1158 |     0.7821 |    0.6716 |   2.63e-04 |     
   20 |     0.1162 |     0.7892 |    0.6812 |     0.1173 |     0.7890 |    0.6811 |   2.59e-04 |     
   21 |     0.1166 |     0.7883 |    0.6797 |     0.1159 |     0.7814 |    0.6698 |   2.55e-04 |     
--- R2 + image-value context regrouping with regroup_text anchors validation statistics ---
up4: ca=0.9248+/-0.1232, sa=1.0097+/-0.0142, amp=0.0000, suppress=0.0000, guide_abs=0.1816
up4 residuals: local_mean=6.831e-02, global_mean=0.0210, local_strength=0.1155, global_strength=0.1058, gain=[0.9833,1.0925], saturation=0.2643, text_film=0.0196
up4 haar: reconstruction_error=9.537e-07, skip_low/high=0.8287/0.1713, plam_low/high=1.0000/0.0000
up4 strengths: plam=0.9409, region=0.1155, detail=0.1058; residual_std region/detail/refine=0.4848/0.3749/0.2618
up4 guide_mix: entropy=0.9647, raw_low=0.2732, plam_low=0.2727, decoder_low=0.3261, detail=0.1280; agreement plam/decoder=0.7522/0.5153, support=0.9013+/-0.0613
up4 adaptive_frequency: ALPF strength=0.2310, weights=0.1595/0.7020/0.1385, sum=1.0000, entropy=0.7408, delta_std=0.1047; AHPF strength=0.0800, weights=0.2857/0.5401/0.1742, sum=1.0000, entropy=0.9034, residual_std=0.1072, scaled_std=0.0086
up3: ca=0.9974+/-0.1910, sa=1.0048+/-0.0049, amp=0.0000, suppress=0.0000, guide_abs=0.2644
up3 residuals: local_mean=1.140e-02, global_mean=0.0298, local_strength=0.1165, global_strength=0.1160, gain=[0.9714,1.0359], saturation=0.0013, text_film=0.0317
up3 haar: reconstruction_error=9.537e-07, skip_low/high=0.8147/0.1853, plam_low/high=1.0000/0.0000
up3 strengths: plam=0.9237, region=0.1165, detail=0.1160; residual_std region/detail/refine=0.4293/0.6038/0.5245
up3 guide_mix: entropy=0.9742, raw_low=0.3327, plam_low=0.2548, decoder_low=0.2617, detail=0.1507; agreement plam/decoder=0.4054/0.0378, support=0.6824+/-0.0888
up3 adaptive_frequency: ALPF strength=0.2578, weights=0.1274/0.4272/0.4455, sum=1.0000, entropy=0.7816, delta_std=0.0729; AHPF strength=0.0953, weights=0.5428/0.2921/0.1650, sum=1.0000, entropy=0.8314, residual_std=0.1041, scaled_std=0.0099
up2: ca=0.8912+/-0.1416, sa=1.0028+/-0.0043, amp=0.0000, suppress=0.0000, guide_abs=0.1969
up2 residuals: local_mean=4.789e-03, global_mean=0.0202, local_strength=0.1133, global_strength=0.1104, gain=[0.9626,1.0454], saturation=0.0000, text_film=0.0212
up2 haar: reconstruction_error=9.537e-07, skip_low/high=0.8103/0.1897, plam_low/high=1.0000/0.0000
up2 strengths: plam=0.8873, region=0.1133, detail=0.1104; residual_std region/detail/refine=0.1630/0.2740/0.1365
up2 guide_mix: entropy=0.9400, raw_low=0.2850, plam_low=0.1870, decoder_low=0.3980, detail=0.1300; agreement plam/decoder=0.5286/-0.1985, support=0.5520+/-0.0343
up1: ca=0.8236+/-0.1489, sa=1.0017+/-0.0124, amp=0.0000, suppress=0.0000, guide_abs=0.2250
up1 residuals: local_mean=-3.789e-03, global_mean=0.0245, local_strength=0.1231, global_strength=0.0899, gain=[0.9120,1.0872], saturation=0.0300, text_film=0.0372
up1 haar: reconstruction_error=2.265e-06, skip_low/high=0.7547/0.2453, plam_low/high=1.0000/0.0000
up1 strengths: plam=0.9454, region=0.1231, detail=0.0899; residual_std region/detail/refine=0.5179/0.3897/0.1110
up1 guide_mix: entropy=0.9557, raw_low=0.3172, plam_low=0.2708, decoder_low=0.2995, detail=0.1126; agreement plam/decoder=0.5558/0.1207, support=0.6852+/-0.1152

========= Epoch [22/80] =========
M2_Test_session_09.13_22h33
Training with batch size : 16
   [Train] Epoch: [22][20/357]  Loss:0.109 (Avg 0.1210) IoU:0.704 (Avg 0.6683) Dice:0.8151 (Avg 0.7787) LR 2.51e-04   (AvgTime 0.6)   
   [Train] Epoch: [22][40/357]  Loss:0.107 (Avg 0.1138) IoU:0.711 (Avg 0.6831) Dice:0.8091 (Avg 0.7916) LR 2.51e-04   (AvgTime 0.6)   
   [Train] Epoch: [22][60/357]  Loss:0.151 (Avg 0.1130) IoU:0.602 (Avg 0.6840) Dice:0.7336 (Avg 0.7925) LR 2.51e-04   (AvgTime 0.6)   
   [Train] Epoch: [22][80/357]  Loss:0.191 (Avg 0.1159) IoU:0.482 (Avg 0.6783) Dice:0.6133 (Avg 0.7873) LR 2.51e-04   (AvgTime 0.6)   
   [Train] Epoch: [22][100/357]  Loss:0.109 (Avg 0.1158) IoU:0.670 (Avg 0.6793) Dice:0.7789 (Avg 0.7881) LR 2.51e-04   (AvgTime 0.6)   
   [Train] Epoch: [22][120/357]  Loss:0.123 (Avg 0.1167) IoU:0.665 (Avg 0.6782) Dice:0.7717 (Avg 0.7875) LR 2.51e-04   (AvgTime 0.6)   
   [Train] Epoch: [22][140/357]  Loss:0.129 (Avg 0.1171) IoU:0.655 (Avg 0.6774) Dice:0.7544 (Avg 0.7862) LR 2.51e-04   (AvgTime 0.6)   
   [Train] Epoch: [22][160/357]  Loss:0.118 (Avg 0.1177) IoU:0.669 (Avg 0.6764) Dice:0.7803 (Avg 0.7856) LR 2.51e-04   (AvgTime 0.6)   
   [Train] Epoch: [22][180/357]  Loss:0.118 (Avg 0.1179) IoU:0.675 (Avg 0.6759) Dice:0.7813 (Avg 0.7852) LR 2.51e-04   (AvgTime 0.6)   
   [Train] Epoch: [22][200/357]  Loss:0.093 (Avg 0.1182) IoU:0.745 (Avg 0.6759) Dice:0.8409 (Avg 0.7853) LR 2.51e-04   (AvgTime 0.6)   
   [Train] Epoch: [22][220/357]  Loss:0.120 (Avg 0.1178) IoU:0.714 (Avg 0.6766) Dice:0.7960 (Avg 0.7858) LR 2.51e-04   (AvgTime 0.6)   
   [Train] Epoch: [22][240/357]  Loss:0.127 (Avg 0.1181) IoU:0.646 (Avg 0.6766) Dice:0.7567 (Avg 0.7857) LR 2.51e-04   (AvgTime 0.6)   
   [Train] Epoch: [22][260/357]  Loss:0.125 (Avg 0.1177) IoU:0.652 (Avg 0.6772) Dice:0.7598 (Avg 0.7864) LR 2.51e-04   (AvgTime 0.6)   
   [Train] Epoch: [22][280/357]  Loss:0.102 (Avg 0.1176) IoU:0.709 (Avg 0.6773) Dice:0.8110 (Avg 0.7864) LR 2.51e-04   (AvgTime 0.6)   
   [Train] Epoch: [22][300/357]  Loss:0.101 (Avg 0.1177) IoU:0.684 (Avg 0.6776) Dice:0.7990 (Avg 0.7867) LR 2.51e-04   (AvgTime 0.6)   
   [Train] Epoch: [22][320/357]  Loss:0.117 (Avg 0.1169) IoU:0.690 (Avg 0.6793) Dice:0.7982 (Avg 0.7882) LR 2.51e-04   (AvgTime 0.6)   
   [Train] Epoch: [22][340/357]  Loss:0.116 (Avg 0.1168) IoU:0.681 (Avg 0.6799) Dice:0.7864 (Avg 0.7886) LR 2.51e-04   (AvgTime 0.6)   
   [Train] Epoch: [22][357/357]  Loss:0.139 (Avg 0.1165) IoU:0.630 (Avg 0.6807) Dice:0.7217 (Avg 0.7891) LR 2.51e-04   (AvgTime 0.6)   
   [Train] Loss components: dice=0.184179, focal=0.048834, total=0.116506
Validation
   [Val] Epoch: [22][20/90]  Loss:0.160 (Avg 0.1329) IoU:0.633 (Avg 0.6727) Dice:0.7589 (Avg 0.7859) (AvgTime 0.3)   
   [Val] Epoch: [22][40/90]  Loss:0.121 (Avg 0.1381) IoU:0.647 (Avg 0.6567) Dice:0.7734 (Avg 0.7697) (AvgTime 0.3)   
   [Val] Epoch: [22][60/90]  Loss:0.160 (Avg 0.1331) IoU:0.611 (Avg 0.6633) Dice:0.7232 (Avg 0.7737) (AvgTime 0.2)   
   [Val] Epoch: [22][80/90]  Loss:0.140 (Avg 0.1339) IoU:0.637 (Avg 0.6592) Dice:0.7523 (Avg 0.7709) (AvgTime 0.2)   
   [Val] Epoch: [22][90/90]  Loss:0.179 (Avg 0.1344) IoU:0.569 (Avg 0.6587) Dice:0.7108 (Avg 0.7703) (AvgTime 0.2)   
   [Val] Loss components: dice=0.197869, focal=0.070950, total=0.134409
	 No iou improvement; selected epoch 12
	 early_stopping_count: 10/80
--- Epoch History (1..22) ---
Epoch |  TrainLoss |  TrainDice |  TrainIoU |    ValLoss |    ValDice |    ValIoU |         LR | Best
    1 |     0.2378 |     0.6073 |    0.4781 |     0.2212 |     0.6176 |    0.4873 |   3.00e-04 |     
    2 |     0.1754 |     0.6971 |    0.5727 |     0.1642 |     0.7061 |    0.5868 |   3.00e-04 |     
    3 |     0.1564 |     0.7248 |    0.6043 |     0.1373 |     0.7621 |    0.6492 |   3.00e-04 |     
    4 |     0.1512 |     0.7340 |    0.6154 |     0.1450 |     0.7555 |    0.6397 |   2.99e-04 |     
    5 |     0.1427 |     0.7474 |    0.6307 |     0.1478 |     0.7229 |    0.6010 |   2.98e-04 |     
    6 |     0.1390 |     0.7527 |    0.6372 |     0.1355 |     0.7500 |    0.6298 |   2.97e-04 |     
    7 |     0.1353 |     0.7589 |    0.6439 |     0.1369 |     0.7611 |    0.6439 |   2.96e-04 |     
    8 |     0.1328 |     0.7617 |    0.6475 |     0.1354 |     0.7518 |    0.6330 |   2.94e-04 |     
    9 |     0.1294 |     0.7676 |    0.6543 |     0.1259 |     0.7724 |    0.6623 |   2.92e-04 |     
   10 |     0.1295 |     0.7672 |    0.6539 |     0.1216 |     0.7861 |    0.6776 |   2.91e-04 |     
   11 |     0.1289 |     0.7699 |    0.6573 |     0.1227 |     0.7768 |    0.6660 |   2.88e-04 |     
   12 |     0.1259 |     0.7736 |    0.6616 |     0.1186 |     0.7928 |    0.6867 |   2.86e-04 |    *
   13 |     0.1252 |     0.7750 |    0.6628 |     0.1353 |     0.7535 |    0.6352 |   2.83e-04 |     
   14 |     0.1232 |     0.7784 |    0.6678 |     0.1165 |     0.7837 |    0.6714 |   2.80e-04 |     
   15 |     0.1251 |     0.7742 |    0.6624 |     0.1190 |     0.7813 |    0.6712 |   2.77e-04 |     
   16 |     0.1215 |     0.7804 |    0.6697 |     0.1217 |     0.7897 |    0.6820 |   2.74e-04 |     
   17 |     0.1251 |     0.7760 |    0.6651 |     0.1343 |     0.7581 |    0.6458 |   2.71e-04 |     
   18 |     0.1198 |     0.7841 |    0.6743 |     0.1146 |     0.7928 |    0.6860 |   2.67e-04 |     
   19 |     0.1188 |     0.7853 |    0.6759 |     0.1158 |     0.7821 |    0.6716 |   2.63e-04 |     
   20 |     0.1162 |     0.7892 |    0.6812 |     0.1173 |     0.7890 |    0.6811 |   2.59e-04 |     
   21 |     0.1166 |     0.7883 |    0.6797 |     0.1159 |     0.7814 |    0.6698 |   2.55e-04 |     
   22 |     0.1165 |     0.7891 |    0.6807 |     0.1344 |     0.7703 |    0.6587 |   2.51e-04 |     
--- R2 + image-value context regrouping with regroup_text anchors validation statistics ---
up4: ca=0.9056+/-0.1234, sa=1.0083+/-0.0134, amp=0.0000, suppress=0.0000, guide_abs=0.1596
up4 residuals: local_mean=5.939e-02, global_mean=0.0173, local_strength=0.1157, global_strength=0.1064, gain=[0.9804,1.0959], saturation=0.0847, text_film=0.0186
up4 haar: reconstruction_error=9.537e-07, skip_low/high=0.8376/0.1624, plam_low/high=1.0000/0.0000
up4 strengths: plam=0.9397, region=0.1157, detail=0.1064; residual_std region/detail/refine=0.4379/0.3658/0.2733
up4 guide_mix: entropy=0.9676, raw_low=0.2951, plam_low=0.3199, decoder_low=0.2504, detail=0.1346; agreement plam/decoder=0.8309/0.2823, support=0.8282+/-0.0787
up4 adaptive_frequency: ALPF strength=0.2319, weights=0.1510/0.7198/0.1292, sum=1.0000, entropy=0.7127, delta_std=0.0796; AHPF strength=0.0800, weights=0.2606/0.5549/0.1845, sum=1.0000, entropy=0.8929, residual_std=0.1062, scaled_std=0.0085
up3: ca=0.9955+/-0.1958, sa=1.0034+/-0.0045, amp=0.0000, suppress=0.0000, guide_abs=0.2739
up3 residuals: local_mean=1.131e-02, global_mean=0.0184, local_strength=0.1167, global_strength=0.1162, gain=[0.9758,1.0303], saturation=0.0000, text_film=0.0324
up3 haar: reconstruction_error=9.537e-07, skip_low/high=0.8182/0.1818, plam_low/high=1.0000/0.0000
up3 strengths: plam=0.9216, region=0.1167, detail=0.1162; residual_std region/detail/refine=0.4309/0.5739/0.4928
up3 guide_mix: entropy=0.9738, raw_low=0.3272, plam_low=0.2621, decoder_low=0.2636, detail=0.1472; agreement plam/decoder=0.5117/0.0940, support=0.7009+/-0.0911
up3 adaptive_frequency: ALPF strength=0.2592, weights=0.1526/0.5113/0.3361, sum=1.0000, entropy=0.8477, delta_std=0.0591; AHPF strength=0.0956, weights=0.5304/0.3028/0.1668, sum=1.0000, entropy=0.8397, residual_std=0.1034, scaled_std=0.0099
up2: ca=0.9013+/-0.1482, sa=1.0027+/-0.0041, amp=0.0000, suppress=0.0000, guide_abs=0.1692
up2 residuals: local_mean=4.843e-03, global_mean=0.0196, local_strength=0.1139, global_strength=0.1106, gain=[0.9554,1.0495], saturation=0.0000, text_film=0.0228
up2 haar: reconstruction_error=9.537e-07, skip_low/high=0.8187/0.1813, plam_low/high=1.0000/0.0000
up2 strengths: plam=0.8832, region=0.1139, detail=0.1106; residual_std region/detail/refine=0.1664/0.2664/0.1294
up2 guide_mix: entropy=0.9432, raw_low=0.2987, plam_low=0.1898, decoder_low=0.3831, detail=0.1285; agreement plam/decoder=0.8167/-0.1778, support=0.5526+/-0.0302
up1: ca=0.7765+/-0.1734, sa=1.0017+/-0.0121, amp=0.0000, suppress=0.0000, guide_abs=0.2342
up1 residuals: local_mean=-3.884e-03, global_mean=0.0240, local_strength=0.1234, global_strength=0.0890, gain=[0.9136,1.0848], saturation=0.0512, text_film=0.0328
up1 haar: reconstruction_error=2.712e-06, skip_low/high=0.7484/0.2516, plam_low/high=1.0000/0.0000
up1 strengths: plam=0.9446, region=0.1234, detail=0.0890; residual_std region/detail/refine=0.5711/0.3788/0.1152
up1 guide_mix: entropy=0.9566, raw_low=0.3111, plam_low=0.2891, decoder_low=0.2873, detail=0.1125; agreement plam/decoder=0.5808/-0.0584, support=0.7093+/-0.1148

========= Epoch [23/80] =========
M2_Test_session_09.13_22h33
Training with batch size : 16
   [Train] Epoch: [23][20/357]  Loss:0.126 (Avg 0.1101) IoU:0.626 (Avg 0.6964) Dice:0.7380 (Avg 0.7992) LR 2.46e-04   (AvgTime 0.6)   
   [Train] Epoch: [23][40/357]  Loss:0.117 (Avg 0.1129) IoU:0.707 (Avg 0.6918) Dice:0.8112 (Avg 0.7959) LR 2.46e-04   (AvgTime 0.6)   
   [Train] Epoch: [23][60/357]  Loss:0.110 (Avg 0.1135) IoU:0.660 (Avg 0.6893) Dice:0.7821 (Avg 0.7955) LR 2.46e-04   (AvgTime 0.6)   
   [Train] Epoch: [23][80/357]  Loss:0.126 (Avg 0.1161) IoU:0.667 (Avg 0.6841) Dice:0.7773 (Avg 0.7905) LR 2.46e-04   (AvgTime 0.6)   
   [Train] Epoch: [23][100/357]  Loss:0.083 (Avg 0.1164) IoU:0.747 (Avg 0.6822) Dice:0.8448 (Avg 0.7896) LR 2.46e-04   (AvgTime 0.6)   
   [Train] Epoch: [23][120/357]  Loss:0.105 (Avg 0.1160) IoU:0.699 (Avg 0.6825) Dice:0.8022 (Avg 0.7902) LR 2.46e-04   (AvgTime 0.6)   
   [Train] Epoch: [23][140/357]  Loss:0.114 (Avg 0.1168) IoU:0.676 (Avg 0.6814) Dice:0.7879 (Avg 0.7891) LR 2.46e-04   (AvgTime 0.6)   
   [Train] Epoch: [23][160/357]  Loss:0.134 (Avg 0.1163) IoU:0.626 (Avg 0.6816) Dice:0.7430 (Avg 0.7892) LR 2.46e-04   (AvgTime 0.6)   
   [Train] Epoch: [23][180/357]  Loss:0.124 (Avg 0.1157) IoU:0.643 (Avg 0.6831) Dice:0.7678 (Avg 0.7904) LR 2.46e-04   (AvgTime 0.6)   
   [Train] Epoch: [23][200/357]  Loss:0.097 (Avg 0.1159) IoU:0.712 (Avg 0.6825) Dice:0.8178 (Avg 0.7900) LR 2.46e-04   (AvgTime 0.6)   
   [Train] Epoch: [23][220/357]  Loss:0.124 (Avg 0.1160) IoU:0.650 (Avg 0.6819) Dice:0.7685 (Avg 0.7895) LR 2.46e-04   (AvgTime 0.6)   
   [Train] Epoch: [23][240/357]  Loss:0.138 (Avg 0.1164) IoU:0.641 (Avg 0.6808) Dice:0.7675 (Avg 0.7888) LR 2.46e-04   (AvgTime 0.6)   
   [Train] Epoch: [23][260/357]  Loss:0.093 (Avg 0.1158) IoU:0.721 (Avg 0.6817) Dice:0.8199 (Avg 0.7897) LR 2.46e-04   (AvgTime 0.6)   
   [Train] Epoch: [23][280/357]  Loss:0.121 (Avg 0.1149) IoU:0.680 (Avg 0.6835) Dice:0.7901 (Avg 0.7912) LR 2.46e-04   (AvgTime 0.6)   
   [Train] Epoch: [23][300/357]  Loss:0.113 (Avg 0.1149) IoU:0.685 (Avg 0.6836) Dice:0.8066 (Avg 0.7912) LR 2.46e-04   (AvgTime 0.6)   
   [Train] Epoch: [23][320/357]  Loss:0.074 (Avg 0.1151) IoU:0.786 (Avg 0.6834) Dice:0.8763 (Avg 0.7908) LR 2.46e-04   (AvgTime 0.6)   
   [Train] Epoch: [23][340/357]  Loss:0.112 (Avg 0.1149) IoU:0.677 (Avg 0.6839) Dice:0.7878 (Avg 0.7912) LR 2.46e-04   (AvgTime 0.6)   
   [Train] Epoch: [23][357/357]  Loss:0.130 (Avg 0.1151) IoU:0.647 (Avg 0.6838) Dice:0.7653 (Avg 0.7912) LR 2.46e-04   (AvgTime 0.6)   
   [Train] Loss components: dice=0.182143, focal=0.047996, total=0.115069
Validation
   [Val] Epoch: [23][20/90]  Loss:0.141 (Avg 0.1115) IoU:0.644 (Avg 0.7052) Dice:0.7632 (Avg 0.8106) (AvgTime 0.3)   
   [Val] Epoch: [23][40/90]  Loss:0.105 (Avg 0.1178) IoU:0.686 (Avg 0.6873) Dice:0.7975 (Avg 0.7936) (AvgTime 0.3)   
   [Val] Epoch: [23][60/90]  Loss:0.139 (Avg 0.1110) IoU:0.654 (Avg 0.6974) Dice:0.7565 (Avg 0.8005) (AvgTime 0.3)   
   [Val] Epoch: [23][80/90]  Loss:0.104 (Avg 0.1108) IoU:0.701 (Avg 0.6954) Dice:0.8070 (Avg 0.7996) (AvgTime 0.2)   
   [Val] Epoch: [23][90/90]  Loss:0.147 (Avg 0.1108) IoU:0.603 (Avg 0.6952) Dice:0.7317 (Avg 0.7995) (AvgTime 0.2)   
   [Val] Loss components: dice=0.176186, focal=0.045314, total=0.110750
	 Saving best model by iou: 0.695173
	 Saving to Covid19/BetterLViT/m2_text_regroup/M2_Test_session_09.13_22h33/models//best_model-BetterLViT.pth.tar
	 early_stopping_count: 0/80
--- Epoch History (1..23) ---
Epoch |  TrainLoss |  TrainDice |  TrainIoU |    ValLoss |    ValDice |    ValIoU |         LR | Best
    1 |     0.2378 |     0.6073 |    0.4781 |     0.2212 |     0.6176 |    0.4873 |   3.00e-04 |     
    2 |     0.1754 |     0.6971 |    0.5727 |     0.1642 |     0.7061 |    0.5868 |   3.00e-04 |     
    3 |     0.1564 |     0.7248 |    0.6043 |     0.1373 |     0.7621 |    0.6492 |   3.00e-04 |     
    4 |     0.1512 |     0.7340 |    0.6154 |     0.1450 |     0.7555 |    0.6397 |   2.99e-04 |     
    5 |     0.1427 |     0.7474 |    0.6307 |     0.1478 |     0.7229 |    0.6010 |   2.98e-04 |     
    6 |     0.1390 |     0.7527 |    0.6372 |     0.1355 |     0.7500 |    0.6298 |   2.97e-04 |     
    7 |     0.1353 |     0.7589 |    0.6439 |     0.1369 |     0.7611 |    0.6439 |   2.96e-04 |     
    8 |     0.1328 |     0.7617 |    0.6475 |     0.1354 |     0.7518 |    0.6330 |   2.94e-04 |     
    9 |     0.1294 |     0.7676 |    0.6543 |     0.1259 |     0.7724 |    0.6623 |   2.92e-04 |     
   10 |     0.1295 |     0.7672 |    0.6539 |     0.1216 |     0.7861 |    0.6776 |   2.91e-04 |     
   11 |     0.1289 |     0.7699 |    0.6573 |     0.1227 |     0.7768 |    0.6660 |   2.88e-04 |     
   12 |     0.1259 |     0.7736 |    0.6616 |     0.1186 |     0.7928 |    0.6867 |   2.86e-04 |     
   13 |     0.1252 |     0.7750 |    0.6628 |     0.1353 |     0.7535 |    0.6352 |   2.83e-04 |     
   14 |     0.1232 |     0.7784 |    0.6678 |     0.1165 |     0.7837 |    0.6714 |   2.80e-04 |     
   15 |     0.1251 |     0.7742 |    0.6624 |     0.1190 |     0.7813 |    0.6712 |   2.77e-04 |     
   16 |     0.1215 |     0.7804 |    0.6697 |     0.1217 |     0.7897 |    0.6820 |   2.74e-04 |     
   17 |     0.1251 |     0.7760 |    0.6651 |     0.1343 |     0.7581 |    0.6458 |   2.71e-04 |     
   18 |     0.1198 |     0.7841 |    0.6743 |     0.1146 |     0.7928 |    0.6860 |   2.67e-04 |     
   19 |     0.1188 |     0.7853 |    0.6759 |     0.1158 |     0.7821 |    0.6716 |   2.63e-04 |     
   20 |     0.1162 |     0.7892 |    0.6812 |     0.1173 |     0.7890 |    0.6811 |   2.59e-04 |     
   21 |     0.1166 |     0.7883 |    0.6797 |     0.1159 |     0.7814 |    0.6698 |   2.55e-04 |     
   22 |     0.1165 |     0.7891 |    0.6807 |     0.1344 |     0.7703 |    0.6587 |   2.51e-04 |     
   23 |     0.1151 |     0.7912 |    0.6838 |     0.1108 |     0.7995 |    0.6952 |   2.46e-04 |    *
--- R2 + image-value context regrouping with regroup_text anchors validation statistics ---
up4: ca=0.9175+/-0.1117, sa=1.0077+/-0.0136, amp=0.0000, suppress=0.0000, guide_abs=0.1655
up4 residuals: local_mean=5.774e-02, global_mean=0.0127, local_strength=0.1161, global_strength=0.1071, gain=[0.9731,1.0944], saturation=0.0449, text_film=0.0186
up4 haar: reconstruction_error=9.537e-07, skip_low/high=0.8252/0.1748, plam_low/high=1.0000/0.0000
up4 strengths: plam=0.9379, region=0.1161, detail=0.1071; residual_std region/detail/refine=0.4288/0.4044/0.2887
up4 guide_mix: entropy=0.9744, raw_low=0.3011, plam_low=0.2614, decoder_low=0.2938, detail=0.1437; agreement plam/decoder=0.7919/0.5077, support=0.8274+/-0.0737
up4 adaptive_frequency: ALPF strength=0.2331, weights=0.1706/0.6878/0.1416, sum=1.0000, entropy=0.7603, delta_std=0.1025; AHPF strength=0.0798, weights=0.2943/0.5353/0.1704, sum=1.0000, entropy=0.9034, residual_std=0.1173, scaled_std=0.0094
up3: ca=0.9930+/-0.1905, sa=1.0038+/-0.0047, amp=0.0000, suppress=0.0000, guide_abs=0.2580
up3 residuals: local_mean=1.118e-02, global_mean=0.0215, local_strength=0.1169, global_strength=0.1165, gain=[0.9630,1.0459], saturation=0.0005, text_film=0.0315
up3 haar: reconstruction_error=9.537e-07, skip_low/high=0.8079/0.1921, plam_low/high=1.0000/0.0000
up3 strengths: plam=0.9190, region=0.1169, detail=0.1165; residual_std region/detail/refine=0.4218/0.5641/0.4729
up3 guide_mix: entropy=0.9761, raw_low=0.3263, plam_low=0.2517, decoder_low=0.2689, detail=0.1532; agreement plam/decoder=0.4649/0.0246, support=0.6824+/-0.0954
up3 adaptive_frequency: ALPF strength=0.2613, weights=0.1574/0.5086/0.3340, sum=1.0000, entropy=0.8097, delta_std=0.0723; AHPF strength=0.0959, weights=0.4738/0.3411/0.1851, sum=1.0000, entropy=0.8766, residual_std=0.1240, scaled_std=0.0119
up2: ca=0.9204+/-0.1344, sa=1.0028+/-0.0044, amp=0.0000, suppress=0.0000, guide_abs=0.1787
up2 residuals: local_mean=5.452e-03, global_mean=0.0194, local_strength=0.1145, global_strength=0.1108, gain=[0.9570,1.0468], saturation=0.0000, text_film=0.0249
up2 haar: reconstruction_error=9.537e-07, skip_low/high=0.7999/0.2001, plam_low/high=1.0000/0.0000
up2 strengths: plam=0.8791, region=0.1145, detail=0.1108; residual_std region/detail/refine=0.1700/0.2945/0.1319
up2 guide_mix: entropy=0.9485, raw_low=0.2938, plam_low=0.1841, decoder_low=0.3815, detail=0.1406; agreement plam/decoder=0.8331/-0.1029, support=0.5642+/-0.0267
up1: ca=0.8079+/-0.1573, sa=1.0019+/-0.0121, amp=0.0000, suppress=0.0000, guide_abs=0.2218
up1 residuals: local_mean=-3.834e-03, global_mean=0.0268, local_strength=0.1238, global_strength=0.0884, gain=[0.9136,1.0855], saturation=0.0449, text_film=0.0366
up1 haar: reconstruction_error=2.574e-06, skip_low/high=0.7315/0.2685, plam_low/high=1.0000/0.0000
up1 strengths: plam=0.9434, region=0.1238, detail=0.0884; residual_std region/detail/refine=0.5619/0.3831/0.1169
up1 guide_mix: entropy=0.9541, raw_low=0.2732, plam_low=0.2950, decoder_low=0.3214, detail=0.1104; agreement plam/decoder=0.5048/0.0462, support=0.6936+/-0.1160

========= Epoch [24/80] =========
M2_Test_session_09.13_22h33
Training with batch size : 16
   [Train] Epoch: [24][20/357]  Loss:0.091 (Avg 0.1054) IoU:0.756 (Avg 0.7066) Dice:0.8502 (Avg 0.8102) LR 2.42e-04   (AvgTime 0.6)   
   [Train] Epoch: [24][40/357]  Loss:0.098 (Avg 0.1156) IoU:0.718 (Avg 0.6857) Dice:0.8248 (Avg 0.7922) LR 2.42e-04   (AvgTime 0.6)   
   [Train] Epoch: [24][60/357]  Loss:0.123 (Avg 0.1151) IoU:0.667 (Avg 0.6861) Dice:0.7696 (Avg 0.7934) LR 2.42e-04   (AvgTime 0.6)   
   [Train] Epoch: [24][80/357]  Loss:0.101 (Avg 0.1151) IoU:0.726 (Avg 0.6848) Dice:0.8256 (Avg 0.7929) LR 2.42e-04   (AvgTime 0.6)   
   [Train] Epoch: [24][100/357]  Loss:0.079 (Avg 0.1133) IoU:0.761 (Avg 0.6866) Dice:0.8560 (Avg 0.7949) LR 2.42e-04   (AvgTime 0.6)   
   [Train] Epoch: [24][120/357]  Loss:0.129 (Avg 0.1133) IoU:0.693 (Avg 0.6876) Dice:0.7930 (Avg 0.7954) LR 2.42e-04   (AvgTime 0.6)   
   [Train] Epoch: [24][140/357]  Loss:0.139 (Avg 0.1142) IoU:0.617 (Avg 0.6861) Dice:0.7364 (Avg 0.7941) LR 2.42e-04   (AvgTime 0.6)   
   [Train] Epoch: [24][160/357]  Loss:0.126 (Avg 0.1144) IoU:0.684 (Avg 0.6848) Dice:0.7840 (Avg 0.7933) LR 2.42e-04   (AvgTime 0.6)   
   [Train] Epoch: [24][180/357]  Loss:0.097 (Avg 0.1144) IoU:0.726 (Avg 0.6849) Dice:0.8285 (Avg 0.7930) LR 2.42e-04   (AvgTime 0.6)   
   [Train] Epoch: [24][200/357]  Loss:0.093 (Avg 0.1145) IoU:0.724 (Avg 0.6848) Dice:0.8293 (Avg 0.7930) LR 2.42e-04   (AvgTime 0.6)   
   [Train] Epoch: [24][220/357]  Loss:0.089 (Avg 0.1140) IoU:0.735 (Avg 0.6855) Dice:0.8307 (Avg 0.7936) LR 2.42e-04   (AvgTime 0.6)   
   [Train] Epoch: [24][240/357]  Loss:0.121 (Avg 0.1140) IoU:0.687 (Avg 0.6850) Dice:0.7973 (Avg 0.7930) LR 2.42e-04   (AvgTime 0.6)   
   [Train] Epoch: [24][260/357]  Loss:0.134 (Avg 0.1137) IoU:0.608 (Avg 0.6858) Dice:0.7297 (Avg 0.7937) LR 2.42e-04   (AvgTime 0.6)   
   [Train] Epoch: [24][280/357]  Loss:0.094 (Avg 0.1141) IoU:0.744 (Avg 0.6852) Dice:0.8312 (Avg 0.7931) LR 2.42e-04   (AvgTime 0.6)   
   [Train] Epoch: [24][300/357]  Loss:0.121 (Avg 0.1140) IoU:0.683 (Avg 0.6853) Dice:0.7937 (Avg 0.7931) LR 2.42e-04   (AvgTime 0.6)   
   [Train] Epoch: [24][320/357]  Loss:0.130 (Avg 0.1136) IoU:0.642 (Avg 0.6863) Dice:0.7594 (Avg 0.7940) LR 2.42e-04   (AvgTime 0.6)   
   [Train] Epoch: [24][340/357]  Loss:0.095 (Avg 0.1137) IoU:0.743 (Avg 0.6861) Dice:0.8337 (Avg 0.7937) LR 2.42e-04   (AvgTime 0.6)   
   [Train] Epoch: [24][357/357]  Loss:0.160 (Avg 0.1139) IoU:0.579 (Avg 0.6855) Dice:0.7059 (Avg 0.7933) LR 2.42e-04   (AvgTime 0.6)   
   [Train] Loss components: dice=0.180139, focal=0.047731, total=0.113935
Validation
   [Val] Epoch: [24][20/90]  Loss:0.152 (Avg 0.1156) IoU:0.623 (Avg 0.7057) Dice:0.7461 (Avg 0.8110) (AvgTime 0.3)   
   [Val] Epoch: [24][40/90]  Loss:0.109 (Avg 0.1219) IoU:0.691 (Avg 0.6888) Dice:0.7976 (Avg 0.7950) (AvgTime 0.3)   
   [Val] Epoch: [24][60/90]  Loss:0.140 (Avg 0.1135) IoU:0.650 (Avg 0.7019) Dice:0.7556 (Avg 0.8046) (AvgTime 0.3)   
   [Val] Epoch: [24][80/90]  Loss:0.087 (Avg 0.1127) IoU:0.738 (Avg 0.6993) Dice:0.8393 (Avg 0.8026) (AvgTime 0.2)   
   [Val] Epoch: [24][90/90]  Loss:0.143 (Avg 0.1130) IoU:0.599 (Avg 0.6980) Dice:0.7285 (Avg 0.8017) (AvgTime 0.2)   
   [Val] Loss components: dice=0.170660, focal=0.055426, total=0.113043
	 Saving best model by iou: 0.697961
	 Saving to Covid19/BetterLViT/m2_text_regroup/M2_Test_session_09.13_22h33/models//best_model-BetterLViT.pth.tar
	 early_stopping_count: 0/80
--- Epoch History (1..24) ---
Epoch |  TrainLoss |  TrainDice |  TrainIoU |    ValLoss |    ValDice |    ValIoU |         LR | Best
    1 |     0.2378 |     0.6073 |    0.4781 |     0.2212 |     0.6176 |    0.4873 |   3.00e-04 |     
    2 |     0.1754 |     0.6971 |    0.5727 |     0.1642 |     0.7061 |    0.5868 |   3.00e-04 |     
    3 |     0.1564 |     0.7248 |    0.6043 |     0.1373 |     0.7621 |    0.6492 |   3.00e-04 |     
    4 |     0.1512 |     0.7340 |    0.6154 |     0.1450 |     0.7555 |    0.6397 |   2.99e-04 |     
    5 |     0.1427 |     0.7474 |    0.6307 |     0.1478 |     0.7229 |    0.6010 |   2.98e-04 |     
    6 |     0.1390 |     0.7527 |    0.6372 |     0.1355 |     0.7500 |    0.6298 |   2.97e-04 |     
    7 |     0.1353 |     0.7589 |    0.6439 |     0.1369 |     0.7611 |    0.6439 |   2.96e-04 |     
    8 |     0.1328 |     0.7617 |    0.6475 |     0.1354 |     0.7518 |    0.6330 |   2.94e-04 |     
    9 |     0.1294 |     0.7676 |    0.6543 |     0.1259 |     0.7724 |    0.6623 |   2.92e-04 |     
   10 |     0.1295 |     0.7672 |    0.6539 |     0.1216 |     0.7861 |    0.6776 |   2.91e-04 |     
   11 |     0.1289 |     0.7699 |    0.6573 |     0.1227 |     0.7768 |    0.6660 |   2.88e-04 |     
   12 |     0.1259 |     0.7736 |    0.6616 |     0.1186 |     0.7928 |    0.6867 |   2.86e-04 |     
   13 |     0.1252 |     0.7750 |    0.6628 |     0.1353 |     0.7535 |    0.6352 |   2.83e-04 |     
   14 |     0.1232 |     0.7784 |    0.6678 |     0.1165 |     0.7837 |    0.6714 |   2.80e-04 |     
   15 |     0.1251 |     0.7742 |    0.6624 |     0.1190 |     0.7813 |    0.6712 |   2.77e-04 |     
   16 |     0.1215 |     0.7804 |    0.6697 |     0.1217 |     0.7897 |    0.6820 |   2.74e-04 |     
   17 |     0.1251 |     0.7760 |    0.6651 |     0.1343 |     0.7581 |    0.6458 |   2.71e-04 |     
   18 |     0.1198 |     0.7841 |    0.6743 |     0.1146 |     0.7928 |    0.6860 |   2.67e-04 |     
   19 |     0.1188 |     0.7853 |    0.6759 |     0.1158 |     0.7821 |    0.6716 |   2.63e-04 |     
   20 |     0.1162 |     0.7892 |    0.6812 |     0.1173 |     0.7890 |    0.6811 |   2.59e-04 |     
   21 |     0.1166 |     0.7883 |    0.6797 |     0.1159 |     0.7814 |    0.6698 |   2.55e-04 |     
   22 |     0.1165 |     0.7891 |    0.6807 |     0.1344 |     0.7703 |    0.6587 |   2.51e-04 |     
   23 |     0.1151 |     0.7912 |    0.6838 |     0.1108 |     0.7995 |    0.6952 |   2.46e-04 |     
   24 |     0.1139 |     0.7933 |    0.6855 |     0.1130 |     0.8017 |    0.6980 |   2.42e-04 |    *
--- R2 + image-value context regrouping with regroup_text anchors validation statistics ---
up4: ca=0.9203+/-0.1144, sa=1.0095+/-0.0133, amp=0.0003, suppress=0.0000, guide_abs=0.1697
up4 residuals: local_mean=6.480e-02, global_mean=0.0214, local_strength=0.1163, global_strength=0.1075, gain=[0.9773,1.1025], saturation=0.1867, text_film=0.0190
up4 haar: reconstruction_error=9.537e-07, skip_low/high=0.8251/0.1749, plam_low/high=1.0000/0.0000
up4 strengths: plam=0.9357, region=0.1163, detail=0.1075; residual_std region/detail/refine=0.4369/0.3681/0.2600
up4 guide_mix: entropy=0.9717, raw_low=0.2942, plam_low=0.2828, decoder_low=0.2865, detail=0.1364; agreement plam/decoder=0.8416/0.4319, support=0.9031+/-0.0470
up4 adaptive_frequency: ALPF strength=0.2344, weights=0.1794/0.6848/0.1358, sum=1.0000, entropy=0.7628, delta_std=0.0858; AHPF strength=0.0799, weights=0.2782/0.5451/0.1766, sum=1.0000, entropy=0.9009, residual_std=0.1051, scaled_std=0.0084
up3: ca=0.9864+/-0.1863, sa=1.0043+/-0.0043, amp=0.0000, suppress=0.0000, guide_abs=0.2613
up3 residuals: local_mean=1.196e-02, global_mean=0.0252, local_strength=0.1171, global_strength=0.1169, gain=[0.9746,1.0359], saturation=0.0018, text_film=0.0389
up3 haar: reconstruction_error=9.537e-07, skip_low/high=0.8130/0.1870, plam_low/high=1.0000/0.0000
up3 strengths: plam=0.9163, region=0.1171, detail=0.1169; residual_std region/detail/refine=0.4193/0.5813/0.5005
up3 guide_mix: entropy=0.9745, raw_low=0.3247, plam_low=0.2526, decoder_low=0.2739, detail=0.1488; agreement plam/decoder=0.3885/0.1438, support=0.6873+/-0.0862
up3 adaptive_frequency: ALPF strength=0.2631, weights=0.1372/0.4345/0.4282, sum=1.0000, entropy=0.7881, delta_std=0.0676; AHPF strength=0.0962, weights=0.5809/0.2704/0.1487, sum=1.0000, entropy=0.7804, residual_std=0.0967, scaled_std=0.0093
up2: ca=0.8832+/-0.1390, sa=1.0032+/-0.0043, amp=0.0000, suppress=0.0000, guide_abs=0.1995
up2 residuals: local_mean=5.666e-03, global_mean=0.0226, local_strength=0.1146, global_strength=0.1110, gain=[0.9623,1.0473], saturation=0.0000, text_film=0.0203
up2 haar: reconstruction_error=9.537e-07, skip_low/high=0.8052/0.1948, plam_low/high=1.0000/0.0000
up2 strengths: plam=0.8743, region=0.1146, detail=0.1110; residual_std region/detail/refine=0.1712/0.2890/0.1316
up2 guide_mix: entropy=0.9512, raw_low=0.3027, plam_low=0.1877, decoder_low=0.3698, detail=0.1398; agreement plam/decoder=0.8084/-0.2070, support=0.5552+/-0.0336
up1: ca=0.8100+/-0.1528, sa=1.0020+/-0.0121, amp=0.0000, suppress=0.0000, guide_abs=0.2302
up1 residuals: local_mean=-3.222e-03, global_mean=0.0273, local_strength=0.1240, global_strength=0.0877, gain=[0.9141,1.0849], saturation=0.0461, text_film=0.0427
up1 haar: reconstruction_error=2.787e-06, skip_low/high=0.7271/0.2729, plam_low/high=1.0000/0.0000
up1 strengths: plam=0.9425, region=0.1240, detail=0.0877; residual_std region/detail/refine=0.5778/0.3879/0.1190
up1 guide_mix: entropy=0.9493, raw_low=0.2623, plam_low=0.3096, decoder_low=0.3228, detail=0.1052; agreement plam/decoder=0.4983/0.2227, support=0.6839+/-0.1145

========= Epoch [25/80] =========
M2_Test_session_09.13_22h33
Training with batch size : 16
   [Train] Epoch: [25][20/357]  Loss:0.116 (Avg 0.1143) IoU:0.684 (Avg 0.6843) Dice:0.8008 (Avg 0.7930) LR 2.37e-04   (AvgTime 0.6)   
   [Train] Epoch: [25][40/357]  Loss:0.135 (Avg 0.1143) IoU:0.661 (Avg 0.6882) Dice:0.7841 (Avg 0.7944) LR 2.37e-04   (AvgTime 0.6)   
   [Train] Epoch: [25][60/357]  Loss:0.156 (Avg 0.1152) IoU:0.621 (Avg 0.6843) Dice:0.7353 (Avg 0.7908) LR 2.37e-04   (AvgTime 0.6)   
   [Train] Epoch: [25][80/357]  Loss:0.111 (Avg 0.1128) IoU:0.708 (Avg 0.6886) Dice:0.8146 (Avg 0.7946) LR 2.37e-04   (AvgTime 0.6)   
   [Train] Epoch: [25][100/357]  Loss:0.113 (Avg 0.1137) IoU:0.752 (Avg 0.6872) Dice:0.8461 (Avg 0.7938) LR 2.37e-04   (AvgTime 0.6)   
   [Train] Epoch: [25][120/357]  Loss:0.079 (Avg 0.1134) IoU:0.765 (Avg 0.6889) Dice:0.8552 (Avg 0.7952) LR 2.37e-04   (AvgTime 0.6)   
   [Train] Epoch: [25][140/357]  Loss:0.120 (Avg 0.1143) IoU:0.678 (Avg 0.6869) Dice:0.7777 (Avg 0.7933) LR 2.37e-04   (AvgTime 0.6)   
   [Train] Epoch: [25][160/357]  Loss:0.085 (Avg 0.1134) IoU:0.740 (Avg 0.6878) Dice:0.8407 (Avg 0.7945) LR 2.37e-04   (AvgTime 0.6)   
   [Train] Epoch: [25][180/357]  Loss:0.115 (Avg 0.1132) IoU:0.685 (Avg 0.6879) Dice:0.7849 (Avg 0.7945) LR 2.37e-04   (AvgTime 0.6)   
   [Train] Epoch: [25][200/357]  Loss:0.108 (Avg 0.1134) IoU:0.698 (Avg 0.6876) Dice:0.8038 (Avg 0.7943) LR 2.37e-04   (AvgTime 0.6)   
   [Train] Epoch: [25][220/357]  Loss:0.117 (Avg 0.1135) IoU:0.669 (Avg 0.6871) Dice:0.7859 (Avg 0.7938) LR 2.37e-04   (AvgTime 0.6)   
   [Train] Epoch: [25][240/357]  Loss:0.104 (Avg 0.1132) IoU:0.670 (Avg 0.6877) Dice:0.7839 (Avg 0.7944) LR 2.37e-04   (AvgTime 0.6)   
   [Train] Epoch: [25][260/357]  Loss:0.124 (Avg 0.1132) IoU:0.683 (Avg 0.6881) Dice:0.7982 (Avg 0.7948) LR 2.37e-04   (AvgTime 0.6)   
   [Train] Epoch: [25][280/357]  Loss:0.095 (Avg 0.1135) IoU:0.734 (Avg 0.6877) Dice:0.8382 (Avg 0.7946) LR 2.37e-04   (AvgTime 0.6)   
   [Train] Epoch: [25][300/357]  Loss:0.156 (Avg 0.1136) IoU:0.573 (Avg 0.6870) Dice:0.6857 (Avg 0.7941) LR 2.37e-04   (AvgTime 0.6)   
   [Train] Epoch: [25][320/357]  Loss:0.126 (Avg 0.1135) IoU:0.673 (Avg 0.6874) Dice:0.7795 (Avg 0.7942) LR 2.37e-04   (AvgTime 0.6)   
   [Train] Epoch: [25][340/357]  Loss:0.179 (Avg 0.1139) IoU:0.624 (Avg 0.6866) Dice:0.7281 (Avg 0.7934) LR 2.37e-04   (AvgTime 0.6)   
   [Train] Epoch: [25][357/357]  Loss:0.114 (Avg 0.1139) IoU:0.668 (Avg 0.6864) Dice:0.7826 (Avg 0.7934) LR 2.37e-04   (AvgTime 0.6)   
   [Train] Loss components: dice=0.179989, focal=0.047723, total=0.113856
Validation
   [Val] Epoch: [25][20/90]  Loss:0.150 (Avg 0.1155) IoU:0.638 (Avg 0.7032) Dice:0.7601 (Avg 0.8089) (AvgTime 0.3)   
   [Val] Epoch: [25][40/90]  Loss:0.119 (Avg 0.1234) IoU:0.654 (Avg 0.6841) Dice:0.7752 (Avg 0.7904) (AvgTime 0.2)   
   [Val] Epoch: [25][60/90]  Loss:0.159 (Avg 0.1165) IoU:0.628 (Avg 0.6951) Dice:0.7376 (Avg 0.7981) (AvgTime 0.2)   
   [Val] Epoch: [25][80/90]  Loss:0.099 (Avg 0.1152) IoU:0.697 (Avg 0.6948) Dice:0.8065 (Avg 0.7984) (AvgTime 0.2)   
   [Val] Epoch: [25][90/90]  Loss:0.153 (Avg 0.1150) IoU:0.561 (Avg 0.6949) Dice:0.6973 (Avg 0.7985) (AvgTime 0.2)   
   [Val] Loss components: dice=0.175368, focal=0.054636, total=0.115002
	 No iou improvement; selected epoch 24
	 early_stopping_count: 1/80
--- Epoch History (1..25) ---
Epoch |  TrainLoss |  TrainDice |  TrainIoU |    ValLoss |    ValDice |    ValIoU |         LR | Best
    1 |     0.2378 |     0.6073 |    0.4781 |     0.2212 |     0.6176 |    0.4873 |   3.00e-04 |     
    2 |     0.1754 |     0.6971 |    0.5727 |     0.1642 |     0.7061 |    0.5868 |   3.00e-04 |     
    3 |     0.1564 |     0.7248 |    0.6043 |     0.1373 |     0.7621 |    0.6492 |   3.00e-04 |     
    4 |     0.1512 |     0.7340 |    0.6154 |     0.1450 |     0.7555 |    0.6397 |   2.99e-04 |     
    5 |     0.1427 |     0.7474 |    0.6307 |     0.1478 |     0.7229 |    0.6010 |   2.98e-04 |     
    6 |     0.1390 |     0.7527 |    0.6372 |     0.1355 |     0.7500 |    0.6298 |   2.97e-04 |     
    7 |     0.1353 |     0.7589 |    0.6439 |     0.1369 |     0.7611 |    0.6439 |   2.96e-04 |     
    8 |     0.1328 |     0.7617 |    0.6475 |     0.1354 |     0.7518 |    0.6330 |   2.94e-04 |     
    9 |     0.1294 |     0.7676 |    0.6543 |     0.1259 |     0.7724 |    0.6623 |   2.92e-04 |     
   10 |     0.1295 |     0.7672 |    0.6539 |     0.1216 |     0.7861 |    0.6776 |   2.91e-04 |     
   11 |     0.1289 |     0.7699 |    0.6573 |     0.1227 |     0.7768 |    0.6660 |   2.88e-04 |     
   12 |     0.1259 |     0.7736 |    0.6616 |     0.1186 |     0.7928 |    0.6867 |   2.86e-04 |     
   13 |     0.1252 |     0.7750 |    0.6628 |     0.1353 |     0.7535 |    0.6352 |   2.83e-04 |     
   14 |     0.1232 |     0.7784 |    0.6678 |     0.1165 |     0.7837 |    0.6714 |   2.80e-04 |     
   15 |     0.1251 |     0.7742 |    0.6624 |     0.1190 |     0.7813 |    0.6712 |   2.77e-04 |     
   16 |     0.1215 |     0.7804 |    0.6697 |     0.1217 |     0.7897 |    0.6820 |   2.74e-04 |     
   17 |     0.1251 |     0.7760 |    0.6651 |     0.1343 |     0.7581 |    0.6458 |   2.71e-04 |     
   18 |     0.1198 |     0.7841 |    0.6743 |     0.1146 |     0.7928 |    0.6860 |   2.67e-04 |     
   19 |     0.1188 |     0.7853 |    0.6759 |     0.1158 |     0.7821 |    0.6716 |   2.63e-04 |     
   20 |     0.1162 |     0.7892 |    0.6812 |     0.1173 |     0.7890 |    0.6811 |   2.59e-04 |     
   21 |     0.1166 |     0.7883 |    0.6797 |     0.1159 |     0.7814 |    0.6698 |   2.55e-04 |     
   22 |     0.1165 |     0.7891 |    0.6807 |     0.1344 |     0.7703 |    0.6587 |   2.51e-04 |     
   23 |     0.1151 |     0.7912 |    0.6838 |     0.1108 |     0.7995 |    0.6952 |   2.46e-04 |     
   24 |     0.1139 |     0.7933 |    0.6855 |     0.1130 |     0.8017 |    0.6980 |   2.42e-04 |    *
   25 |     0.1139 |     0.7934 |    0.6864 |     0.1150 |     0.7985 |    0.6949 |   2.37e-04 |     
--- R2 + image-value context regrouping with regroup_text anchors validation statistics ---
up4: ca=0.9186+/-0.1302, sa=1.0095+/-0.0128, amp=0.0000, suppress=0.0000, guide_abs=0.2257
up4 residuals: local_mean=6.198e-02, global_mean=0.0232, local_strength=0.1167, global_strength=0.1080, gain=[0.9783,1.0886], saturation=0.0837, text_film=0.0356
up4 haar: reconstruction_error=9.537e-07, skip_low/high=0.8362/0.1638, plam_low/high=1.0000/0.0000
up4 strengths: plam=0.9341, region=0.1167, detail=0.1080; residual_std region/detail/refine=0.4493/0.3884/0.2963
up4 guide_mix: entropy=0.9709, raw_low=0.3033, plam_low=0.2798, decoder_low=0.2813, detail=0.1356; agreement plam/decoder=0.6743/0.3961, support=0.8714+/-0.0540
up4 adaptive_frequency: ALPF strength=0.2351, weights=0.1755/0.6879/0.1367, sum=1.0000, entropy=0.7595, delta_std=0.0910; AHPF strength=0.0799, weights=0.2942/0.5334/0.1724, sum=1.0000, entropy=0.9062, residual_std=0.1028, scaled_std=0.0082
up3: ca=0.9947+/-0.1983, sa=1.0052+/-0.0039, amp=0.0000, suppress=0.0000, guide_abs=0.2793
up3 residuals: local_mean=1.329e-02, global_mean=0.0314, local_strength=0.1173, global_strength=0.1172, gain=[0.9806,1.0305], saturation=0.0000, text_film=0.0270
up3 haar: reconstruction_error=9.537e-07, skip_low/high=0.8080/0.1920, plam_low/high=1.0000/0.0000
up3 strengths: plam=0.9141, region=0.1173, detail=0.1172; residual_std region/detail/refine=0.3979/0.5687/0.4953
up3 guide_mix: entropy=0.9754, raw_low=0.3181, plam_low=0.2606, decoder_low=0.2731, detail=0.1482; agreement plam/decoder=0.3225/0.0857, support=0.6919+/-0.0828
up3 adaptive_frequency: ALPF strength=0.2650, weights=0.1324/0.4309/0.4366, sum=1.0000, entropy=0.8012, delta_std=0.0698; AHPF strength=0.0966, weights=0.5918/0.2675/0.1407, sum=1.0000, entropy=0.7950, residual_std=0.0886, scaled_std=0.0086
up2: ca=0.8847+/-0.1415, sa=1.0034+/-0.0040, amp=0.0000, suppress=0.0000, guide_abs=0.1645
up2 residuals: local_mean=5.060e-03, global_mean=0.0258, local_strength=0.1149, global_strength=0.1113, gain=[0.9657,1.0479], saturation=0.0000, text_film=0.0209
up2 haar: reconstruction_error=9.537e-07, skip_low/high=0.7992/0.2008, plam_low/high=1.0000/0.0000
up2 strengths: plam=0.8704, region=0.1149, detail=0.1113; residual_std region/detail/refine=0.1652/0.2774/0.1304
up2 guide_mix: entropy=0.9418, raw_low=0.2972, plam_low=0.1742, decoder_low=0.3905, detail=0.1382; agreement plam/decoder=0.5855/-0.2432, support=0.5554+/-0.0276
up1: ca=0.8122+/-0.1576, sa=1.0021+/-0.0120, amp=0.0000, suppress=0.0000, guide_abs=0.2408
up1 residuals: local_mean=-2.636e-03, global_mean=0.0285, local_strength=0.1242, global_strength=0.0871, gain=[0.9145,1.0847], saturation=0.0505, text_film=0.0354
up1 haar: reconstruction_error=2.682e-06, skip_low/high=0.7562/0.2438, plam_low/high=1.0000/0.0000
up1 strengths: plam=0.9415, region=0.1242, detail=0.0871; residual_std region/detail/refine=0.5651/0.3945/0.1207
up1 guide_mix: entropy=0.9553, raw_low=0.3177, plam_low=0.2769, decoder_low=0.2939, detail=0.1115; agreement plam/decoder=0.4077/0.2038, support=0.7082+/-0.1187

========= Epoch [26/80] =========
M2_Test_session_09.13_22h33
Training with batch size : 16
   [Train] Epoch: [26][20/357]  Loss:0.080 (Avg 0.1106) IoU:0.763 (Avg 0.6895) Dice:0.8606 (Avg 0.7963) LR 2.32e-04   (AvgTime 0.6)   
   [Train] Epoch: [26][40/357]  Loss:0.121 (Avg 0.1112) IoU:0.704 (Avg 0.6914) Dice:0.8141 (Avg 0.7966) LR 2.32e-04   (AvgTime 0.6)   
   [Train] Epoch: [26][60/357]  Loss:0.101 (Avg 0.1108) IoU:0.719 (Avg 0.6929) Dice:0.8210 (Avg 0.7987) LR 2.32e-04   (AvgTime 0.6)   
   [Train] Epoch: [26][80/357]  Loss:0.115 (Avg 0.1105) IoU:0.673 (Avg 0.6930) Dice:0.7749 (Avg 0.7987) LR 2.32e-04   (AvgTime 0.6)   
   [Train] Epoch: [26][100/357]  Loss:0.104 (Avg 0.1107) IoU:0.723 (Avg 0.6928) Dice:0.8149 (Avg 0.7990) LR 2.32e-04   (AvgTime 0.6)   
   [Train] Epoch: [26][120/357]  Loss:0.100 (Avg 0.1102) IoU:0.705 (Avg 0.6935) Dice:0.8163 (Avg 0.7998) LR 2.32e-04   (AvgTime 0.6)   
   [Train] Epoch: [26][140/357]  Loss:0.109 (Avg 0.1121) IoU:0.686 (Avg 0.6899) Dice:0.7995 (Avg 0.7961) LR 2.32e-04   (AvgTime 0.6)   
   [Train] Epoch: [26][160/357]  Loss:0.076 (Avg 0.1122) IoU:0.780 (Avg 0.6892) Dice:0.8598 (Avg 0.7958) LR 2.32e-04   (AvgTime 0.6)   
   [Train] Epoch: [26][180/357]  Loss:0.117 (Avg 0.1118) IoU:0.692 (Avg 0.6901) Dice:0.7853 (Avg 0.7965) LR 2.32e-04   (AvgTime 0.6)   
   [Train] Epoch: [26][200/357]  Loss:0.112 (Avg 0.1130) IoU:0.684 (Avg 0.6874) Dice:0.8053 (Avg 0.7943) LR 2.32e-04   (AvgTime 0.6)   
   [Train] Epoch: [26][220/357]  Loss:0.102 (Avg 0.1125) IoU:0.680 (Avg 0.6888) Dice:0.7959 (Avg 0.7956) LR 2.32e-04   (AvgTime 0.6)   
   [Train] Epoch: [26][240/357]  Loss:0.093 (Avg 0.1126) IoU:0.735 (Avg 0.6883) Dice:0.8341 (Avg 0.7951) LR 2.32e-04   (AvgTime 0.6)   
   [Train] Epoch: [26][260/357]  Loss:0.134 (Avg 0.1133) IoU:0.656 (Avg 0.6871) Dice:0.7720 (Avg 0.7939) LR 2.32e-04   (AvgTime 0.6)   
   [Train] Epoch: [26][280/357]  Loss:0.099 (Avg 0.1129) IoU:0.709 (Avg 0.6877) Dice:0.8210 (Avg 0.7946) LR 2.32e-04   (AvgTime 0.6)   
   [Train] Epoch: [26][300/357]  Loss:0.149 (Avg 0.1129) IoU:0.589 (Avg 0.6877) Dice:0.7257 (Avg 0.7946) LR 2.32e-04   (AvgTime 0.6)   
   [Train] Epoch: [26][320/357]  Loss:0.088 (Avg 0.1126) IoU:0.726 (Avg 0.6881) Dice:0.8326 (Avg 0.7951) LR 2.32e-04   (AvgTime 0.6)   
   [Train] Epoch: [26][340/357]  Loss:0.107 (Avg 0.1130) IoU:0.734 (Avg 0.6874) Dice:0.8337 (Avg 0.7946) LR 2.32e-04   (AvgTime 0.6)   
   [Train] Epoch: [26][357/357]  Loss:0.108 (Avg 0.1126) IoU:0.709 (Avg 0.6882) Dice:0.8024 (Avg 0.7952) LR 2.32e-04   (AvgTime 0.6)   
   [Train] Loss components: dice=0.178386, focal=0.046830, total=0.112608
Validation
   [Val] Epoch: [26][20/90]  Loss:0.131 (Avg 0.1085) IoU:0.664 (Avg 0.7044) Dice:0.7809 (Avg 0.8107) (AvgTime 0.3)   
   [Val] Epoch: [26][40/90]  Loss:0.107 (Avg 0.1154) IoU:0.683 (Avg 0.6858) Dice:0.7979 (Avg 0.7936) (AvgTime 0.2)   
   [Val] Epoch: [26][60/90]  Loss:0.144 (Avg 0.1089) IoU:0.639 (Avg 0.6959) Dice:0.7481 (Avg 0.8009) (AvgTime 0.2)   
   [Val] Epoch: [26][80/90]  Loss:0.097 (Avg 0.1084) IoU:0.707 (Avg 0.6943) Dice:0.8150 (Avg 0.7999) (AvgTime 0.2)   
   [Val] Epoch: [26][90/90]  Loss:0.136 (Avg 0.1089) IoU:0.612 (Avg 0.6928) Dice:0.7425 (Avg 0.7988) (AvgTime 0.2)   
   [Val] Loss components: dice=0.176279, focal=0.041520, total=0.108900
	 No iou improvement; selected epoch 24
	 early_stopping_count: 2/80
--- Epoch History (1..26) ---
Epoch |  TrainLoss |  TrainDice |  TrainIoU |    ValLoss |    ValDice |    ValIoU |         LR | Best
    1 |     0.2378 |     0.6073 |    0.4781 |     0.2212 |     0.6176 |    0.4873 |   3.00e-04 |     
    2 |     0.1754 |     0.6971 |    0.5727 |     0.1642 |     0.7061 |    0.5868 |   3.00e-04 |     
    3 |     0.1564 |     0.7248 |    0.6043 |     0.1373 |     0.7621 |    0.6492 |   3.00e-04 |     
    4 |     0.1512 |     0.7340 |    0.6154 |     0.1450 |     0.7555 |    0.6397 |   2.99e-04 |     
    5 |     0.1427 |     0.7474 |    0.6307 |     0.1478 |     0.7229 |    0.6010 |   2.98e-04 |     
    6 |     0.1390 |     0.7527 |    0.6372 |     0.1355 |     0.7500 |    0.6298 |   2.97e-04 |     
    7 |     0.1353 |     0.7589 |    0.6439 |     0.1369 |     0.7611 |    0.6439 |   2.96e-04 |     
    8 |     0.1328 |     0.7617 |    0.6475 |     0.1354 |     0.7518 |    0.6330 |   2.94e-04 |     
    9 |     0.1294 |     0.7676 |    0.6543 |     0.1259 |     0.7724 |    0.6623 |   2.92e-04 |     
   10 |     0.1295 |     0.7672 |    0.6539 |     0.1216 |     0.7861 |    0.6776 |   2.91e-04 |     
   11 |     0.1289 |     0.7699 |    0.6573 |     0.1227 |     0.7768 |    0.6660 |   2.88e-04 |     
   12 |     0.1259 |     0.7736 |    0.6616 |     0.1186 |     0.7928 |    0.6867 |   2.86e-04 |     
   13 |     0.1252 |     0.7750 |    0.6628 |     0.1353 |     0.7535 |    0.6352 |   2.83e-04 |     
   14 |     0.1232 |     0.7784 |    0.6678 |     0.1165 |     0.7837 |    0.6714 |   2.80e-04 |     
   15 |     0.1251 |     0.7742 |    0.6624 |     0.1190 |     0.7813 |    0.6712 |   2.77e-04 |     
   16 |     0.1215 |     0.7804 |    0.6697 |     0.1217 |     0.7897 |    0.6820 |   2.74e-04 |     
   17 |     0.1251 |     0.7760 |    0.6651 |     0.1343 |     0.7581 |    0.6458 |   2.71e-04 |     
   18 |     0.1198 |     0.7841 |    0.6743 |     0.1146 |     0.7928 |    0.6860 |   2.67e-04 |     
   19 |     0.1188 |     0.7853 |    0.6759 |     0.1158 |     0.7821 |    0.6716 |   2.63e-04 |     
   20 |     0.1162 |     0.7892 |    0.6812 |     0.1173 |     0.7890 |    0.6811 |   2.59e-04 |     
   21 |     0.1166 |     0.7883 |    0.6797 |     0.1159 |     0.7814 |    0.6698 |   2.55e-04 |     
   22 |     0.1165 |     0.7891 |    0.6807 |     0.1344 |     0.7703 |    0.6587 |   2.51e-04 |     
   23 |     0.1151 |     0.7912 |    0.6838 |     0.1108 |     0.7995 |    0.6952 |   2.46e-04 |     
   24 |     0.1139 |     0.7933 |    0.6855 |     0.1130 |     0.8017 |    0.6980 |   2.42e-04 |    *
   25 |     0.1139 |     0.7934 |    0.6864 |     0.1150 |     0.7985 |    0.6949 |   2.37e-04 |     
   26 |     0.1126 |     0.7952 |    0.6882 |     0.1089 |     0.7988 |    0.6928 |   2.32e-04 |     
--- R2 + image-value context regrouping with regroup_text anchors validation statistics ---
up4: ca=0.9210+/-0.1206, sa=1.0081+/-0.0126, amp=0.0000, suppress=0.0000, guide_abs=0.1545
up4 residuals: local_mean=5.872e-02, global_mean=0.0137, local_strength=0.1170, global_strength=0.1088, gain=[0.9676,1.0908], saturation=0.0459, text_film=0.0196
up4 haar: reconstruction_error=9.537e-07, skip_low/high=0.8205/0.1795, plam_low/high=1.0000/0.0000
up4 strengths: plam=0.9321, region=0.1170, detail=0.1088; residual_std region/detail/refine=0.4343/0.4038/0.3101
up4 guide_mix: entropy=0.9740, raw_low=0.2997, plam_low=0.2625, decoder_low=0.2950, detail=0.1428; agreement plam/decoder=0.7832/0.5886, support=0.8537+/-0.0586
up4 adaptive_frequency: ALPF strength=0.2360, weights=0.1587/0.7071/0.1341, sum=1.0000, entropy=0.7327, delta_std=0.0900; AHPF strength=0.0798, weights=0.3020/0.5293/0.1687, sum=1.0000, entropy=0.9042, residual_std=0.1059, scaled_std=0.0085
up3: ca=0.9908+/-0.1873, sa=1.0055+/-0.0042, amp=0.0000, suppress=0.0000, guide_abs=0.2695
up3 residuals: local_mean=1.435e-02, global_mean=0.0327, local_strength=0.1175, global_strength=0.1176, gain=[0.9765,1.0404], saturation=0.0000, text_film=0.0356
up3 haar: reconstruction_error=9.537e-07, skip_low/high=0.8109/0.1891, plam_low/high=1.0000/0.0000
up3 strengths: plam=0.9124, region=0.1175, detail=0.1176; residual_std region/detail/refine=0.4118/0.5777/0.5032
up3 guide_mix: entropy=0.9753, raw_low=0.3218, plam_low=0.2521, decoder_low=0.2761, detail=0.1499; agreement plam/decoder=0.3462/0.1065, support=0.6812+/-0.0871
up3 adaptive_frequency: ALPF strength=0.2671, weights=0.1105/0.4029/0.4866, sum=1.0000, entropy=0.7713, delta_std=0.0729; AHPF strength=0.0968, weights=0.5820/0.2708/0.1472, sum=1.0000, entropy=0.7939, residual_std=0.0947, scaled_std=0.0092
up2: ca=0.8873+/-0.1360, sa=1.0034+/-0.0042, amp=0.0000, suppress=0.0000, guide_abs=0.1826
up2 residuals: local_mean=5.489e-03, global_mean=0.0246, local_strength=0.1152, global_strength=0.1115, gain=[0.9659,1.0431], saturation=0.0000, text_film=0.0212
up2 haar: reconstruction_error=9.537e-07, skip_low/high=0.7982/0.2018, plam_low/high=1.0000/0.0000
up2 strengths: plam=0.8664, region=0.1152, detail=0.1115; residual_std region/detail/refine=0.1748/0.2862/0.1321
up2 guide_mix: entropy=0.9463, raw_low=0.2992, plam_low=0.1785, decoder_low=0.3819, detail=0.1404; agreement plam/decoder=0.6132/-0.1859, support=0.5528+/-0.0332
up1: ca=0.8082+/-0.1524, sa=1.0022+/-0.0118, amp=0.0000, suppress=0.0000, guide_abs=0.2414
up1 residuals: local_mean=-2.505e-03, global_mean=0.0292, local_strength=0.1245, global_strength=0.0865, gain=[0.9159,1.0835], saturation=0.0461, text_film=0.0386
up1 haar: reconstruction_error=2.682e-06, skip_low/high=0.7292/0.2708, plam_low/high=1.0000/0.0000
up1 strengths: plam=0.9406, region=0.1245, detail=0.0865; residual_std region/detail/refine=0.5605/0.3805/0.1236
up1 guide_mix: entropy=0.9525, raw_low=0.2731, plam_low=0.3084, decoder_low=0.3108, detail=0.1077; agreement plam/decoder=0.3312/-0.0555, support=0.7148+/-0.1112

========= Epoch [27/80] =========
M2_Test_session_09.13_22h33
Training with batch size : 16
   [Train] Epoch: [27][20/357]  Loss:0.100 (Avg 0.1129) IoU:0.710 (Avg 0.6852) Dice:0.8087 (Avg 0.7936) LR 2.27e-04   (AvgTime 0.6)   
   [Train] Epoch: [27][40/357]  Loss:0.110 (Avg 0.1110) IoU:0.699 (Avg 0.6891) Dice:0.8098 (Avg 0.7981) LR 2.27e-04   (AvgTime 0.6)   
   [Train] Epoch: [27][60/357]  Loss:0.087 (Avg 0.1084) IoU:0.746 (Avg 0.6927) Dice:0.8374 (Avg 0.8005) LR 2.27e-04   (AvgTime 0.6)   
   [Train] Epoch: [27][80/357]  Loss:0.099 (Avg 0.1079) IoU:0.697 (Avg 0.6942) Dice:0.8047 (Avg 0.8014) LR 2.27e-04   (AvgTime 0.6)   
   [Train] Epoch: [27][100/357]  Loss:0.102 (Avg 0.1086) IoU:0.713 (Avg 0.6943) Dice:0.8075 (Avg 0.8007) LR 2.27e-04   (AvgTime 0.6)   
   [Train] Epoch: [27][120/357]  Loss:0.165 (Avg 0.1093) IoU:0.591 (Avg 0.6937) Dice:0.6987 (Avg 0.7996) LR 2.27e-04   (AvgTime 0.6)   
   [Train] Epoch: [27][140/357]  Loss:0.094 (Avg 0.1092) IoU:0.718 (Avg 0.6941) Dice:0.8288 (Avg 0.8004) LR 2.27e-04   (AvgTime 0.6)   
   [Train] Epoch: [27][160/357]  Loss:0.117 (Avg 0.1091) IoU:0.678 (Avg 0.6950) Dice:0.7927 (Avg 0.8012) LR 2.27e-04   (AvgTime 0.6)   
   [Train] Epoch: [27][180/357]  Loss:0.180 (Avg 0.1100) IoU:0.632 (Avg 0.6939) Dice:0.7403 (Avg 0.8003) LR 2.27e-04   (AvgTime 0.6)   
   [Train] Epoch: [27][200/357]  Loss:0.115 (Avg 0.1108) IoU:0.677 (Avg 0.6920) Dice:0.7851 (Avg 0.7988) LR 2.27e-04   (AvgTime 0.6)   
   [Train] Epoch: [27][220/357]  Loss:0.119 (Avg 0.1109) IoU:0.662 (Avg 0.6916) Dice:0.7806 (Avg 0.7984) LR 2.27e-04   (AvgTime 0.6)   
   [Train] Epoch: [27][240/357]  Loss:0.119 (Avg 0.1105) IoU:0.678 (Avg 0.6920) Dice:0.7758 (Avg 0.7986) LR 2.27e-04   (AvgTime 0.6)   
   [Train] Epoch: [27][260/357]  Loss:0.141 (Avg 0.1104) IoU:0.609 (Avg 0.6922) Dice:0.7300 (Avg 0.7987) LR 2.27e-04   (AvgTime 0.6)   
   [Train] Epoch: [27][280/357]  Loss:0.100 (Avg 0.1100) IoU:0.707 (Avg 0.6930) Dice:0.8090 (Avg 0.7993) LR 2.27e-04   (AvgTime 0.6)   
   [Train] Epoch: [27][300/357]  Loss:0.132 (Avg 0.1103) IoU:0.618 (Avg 0.6926) Dice:0.7549 (Avg 0.7990) LR 2.27e-04   (AvgTime 0.6)   
   [Train] Epoch: [27][320/357]  Loss:0.104 (Avg 0.1104) IoU:0.715 (Avg 0.6924) Dice:0.8236 (Avg 0.7987) LR 2.27e-04   (AvgTime 0.6)   
   [Train] Epoch: [27][340/357]  Loss:0.112 (Avg 0.1101) IoU:0.703 (Avg 0.6930) Dice:0.8095 (Avg 0.7992) LR 2.27e-04   (AvgTime 0.6)   
   [Train] Epoch: [27][357/357]  Loss:0.085 (Avg 0.1106) IoU:0.748 (Avg 0.6923) Dice:0.8395 (Avg 0.7984) LR 2.27e-04   (AvgTime 0.6)   
   [Train] Loss components: dice=0.175013, focal=0.046206, total=0.110609
Validation
   [Val] Epoch: [27][20/90]  Loss:0.135 (Avg 0.1073) IoU:0.656 (Avg 0.7063) Dice:0.7748 (Avg 0.8124) (AvgTime 0.3)   
   [Val] Epoch: [27][40/90]  Loss:0.108 (Avg 0.1149) IoU:0.693 (Avg 0.6866) Dice:0.8025 (Avg 0.7942) (AvgTime 0.2)   
   [Val] Epoch: [27][60/90]  Loss:0.139 (Avg 0.1084) IoU:0.647 (Avg 0.6971) Dice:0.7534 (Avg 0.8016) (AvgTime 0.2)   
   [Val] Epoch: [27][80/90]  Loss:0.101 (Avg 0.1083) IoU:0.694 (Avg 0.6950) Dice:0.8051 (Avg 0.8004) (AvgTime 0.2)   
   [Val] Epoch: [27][90/90]  Loss:0.126 (Avg 0.1083) IoU:0.628 (Avg 0.6945) Dice:0.7548 (Avg 0.8002) (AvgTime 0.2)   
   [Val] Loss components: dice=0.175138, focal=0.041533, total=0.108336
	 No iou improvement; selected epoch 24
	 early_stopping_count: 3/80
--- Epoch History (1..27) ---
Epoch |  TrainLoss |  TrainDice |  TrainIoU |    ValLoss |    ValDice |    ValIoU |         LR | Best
    1 |     0.2378 |     0.6073 |    0.4781 |     0.2212 |     0.6176 |    0.4873 |   3.00e-04 |     
    2 |     0.1754 |     0.6971 |    0.5727 |     0.1642 |     0.7061 |    0.5868 |   3.00e-04 |     
    3 |     0.1564 |     0.7248 |    0.6043 |     0.1373 |     0.7621 |    0.6492 |   3.00e-04 |     
    4 |     0.1512 |     0.7340 |    0.6154 |     0.1450 |     0.7555 |    0.6397 |   2.99e-04 |     
    5 |     0.1427 |     0.7474 |    0.6307 |     0.1478 |     0.7229 |    0.6010 |   2.98e-04 |     
    6 |     0.1390 |     0.7527 |    0.6372 |     0.1355 |     0.7500 |    0.6298 |   2.97e-04 |     
    7 |     0.1353 |     0.7589 |    0.6439 |     0.1369 |     0.7611 |    0.6439 |   2.96e-04 |     
    8 |     0.1328 |     0.7617 |    0.6475 |     0.1354 |     0.7518 |    0.6330 |   2.94e-04 |     
    9 |     0.1294 |     0.7676 |    0.6543 |     0.1259 |     0.7724 |    0.6623 |   2.92e-04 |     
   10 |     0.1295 |     0.7672 |    0.6539 |     0.1216 |     0.7861 |    0.6776 |   2.91e-04 |     
   11 |     0.1289 |     0.7699 |    0.6573 |     0.1227 |     0.7768 |    0.6660 |   2.88e-04 |     
   12 |     0.1259 |     0.7736 |    0.6616 |     0.1186 |     0.7928 |    0.6867 |   2.86e-04 |     
   13 |     0.1252 |     0.7750 |    0.6628 |     0.1353 |     0.7535 |    0.6352 |   2.83e-04 |     
   14 |     0.1232 |     0.7784 |    0.6678 |     0.1165 |     0.7837 |    0.6714 |   2.80e-04 |     
   15 |     0.1251 |     0.7742 |    0.6624 |     0.1190 |     0.7813 |    0.6712 |   2.77e-04 |     
   16 |     0.1215 |     0.7804 |    0.6697 |     0.1217 |     0.7897 |    0.6820 |   2.74e-04 |     
   17 |     0.1251 |     0.7760 |    0.6651 |     0.1343 |     0.7581 |    0.6458 |   2.71e-04 |     
   18 |     0.1198 |     0.7841 |    0.6743 |     0.1146 |     0.7928 |    0.6860 |   2.67e-04 |     
   19 |     0.1188 |     0.7853 |    0.6759 |     0.1158 |     0.7821 |    0.6716 |   2.63e-04 |     
   20 |     0.1162 |     0.7892 |    0.6812 |     0.1173 |     0.7890 |    0.6811 |   2.59e-04 |     
   21 |     0.1166 |     0.7883 |    0.6797 |     0.1159 |     0.7814 |    0.6698 |   2.55e-04 |     
   22 |     0.1165 |     0.7891 |    0.6807 |     0.1344 |     0.7703 |    0.6587 |   2.51e-04 |     
   23 |     0.1151 |     0.7912 |    0.6838 |     0.1108 |     0.7995 |    0.6952 |   2.46e-04 |     
   24 |     0.1139 |     0.7933 |    0.6855 |     0.1130 |     0.8017 |    0.6980 |   2.42e-04 |    *
   25 |     0.1139 |     0.7934 |    0.6864 |     0.1150 |     0.7985 |    0.6949 |   2.37e-04 |     
   26 |     0.1126 |     0.7952 |    0.6882 |     0.1089 |     0.7988 |    0.6928 |   2.32e-04 |     
   27 |     0.1106 |     0.7984 |    0.6923 |     0.1083 |     0.8002 |    0.6945 |   2.27e-04 |     
--- R2 + image-value context regrouping with regroup_text anchors validation statistics ---
up4: ca=0.9117+/-0.1262, sa=1.0092+/-0.0130, amp=0.0000, suppress=0.0000, guide_abs=0.1592
up4 residuals: local_mean=6.241e-02, global_mean=0.0196, local_strength=0.1174, global_strength=0.1092, gain=[0.9674,1.0918], saturation=0.0786, text_film=0.0191
up4 haar: reconstruction_error=9.537e-07, skip_low/high=0.8214/0.1786, plam_low/high=1.0000/0.0000
up4 strengths: plam=0.9307, region=0.1174, detail=0.1092; residual_std region/detail/refine=0.4174/0.3899/0.2978
up4 guide_mix: entropy=0.9756, raw_low=0.3000, plam_low=0.2795, decoder_low=0.2758, detail=0.1447; agreement plam/decoder=0.7613/0.4478, support=0.8670+/-0.0562
up4 adaptive_frequency: ALPF strength=0.2376, weights=0.1511/0.7231/0.1258, sum=1.0000, entropy=0.7090, delta_std=0.0862; AHPF strength=0.0798, weights=0.3043/0.5290/0.1668, sum=1.0000, entropy=0.9009, residual_std=0.1027, scaled_std=0.0082
up3: ca=0.9956+/-0.1830, sa=1.0052+/-0.0038, amp=0.0000, suppress=0.0000, guide_abs=0.2632
up3 residuals: local_mean=1.508e-02, global_mean=0.0287, local_strength=0.1175, global_strength=0.1179, gain=[0.9814,1.0272], saturation=0.0000, text_film=0.0269
up3 haar: reconstruction_error=9.537e-07, skip_low/high=0.8105/0.1895, plam_low/high=1.0000/0.0000
up3 strengths: plam=0.9107, region=0.1175, detail=0.1179; residual_std region/detail/refine=0.3821/0.5780/0.5069
up3 guide_mix: entropy=0.9743, raw_low=0.3264, plam_low=0.2383, decoder_low=0.2836, detail=0.1517; agreement plam/decoder=0.2786/0.0922, support=0.6707+/-0.0852
up3 adaptive_frequency: ALPF strength=0.2688, weights=0.1126/0.4309/0.4565, sum=1.0000, entropy=0.8189, delta_std=0.0719; AHPF strength=0.0970, weights=0.6924/0.1988/0.1088, sum=1.0000, entropy=0.6868, residual_std=0.0711, scaled_std=0.0069
up2: ca=0.8884+/-0.1356, sa=1.0031+/-0.0043, amp=0.0000, suppress=0.0000, guide_abs=0.3661
up2 residuals: local_mean=6.110e-03, global_mean=0.0217, local_strength=0.1153, global_strength=0.1118, gain=[0.9642,1.0452], saturation=0.0000, text_film=0.0282
up2 haar: reconstruction_error=9.537e-07, skip_low/high=0.7979/0.2021, plam_low/high=1.0000/0.0000
up2 strengths: plam=0.8629, region=0.1153, detail=0.1118; residual_std region/detail/refine=0.1765/0.2889/0.1329
up2 guide_mix: entropy=0.9390, raw_low=0.2974, plam_low=0.1644, decoder_low=0.3959, detail=0.1423; agreement plam/decoder=0.7361/-0.1063, support=0.5801+/-0.0383
up1: ca=0.7976+/-0.1500, sa=1.0022+/-0.0119, amp=0.0000, suppress=0.0000, guide_abs=0.2151
up1 residuals: local_mean=-2.729e-03, global_mean=0.0298, local_strength=0.1246, global_strength=0.0860, gain=[0.9160,1.0833], saturation=0.0492, text_film=0.0364
up1 haar: reconstruction_error=2.339e-06, skip_low/high=0.7290/0.2710, plam_low/high=1.0000/0.0000
up1 strengths: plam=0.9398, region=0.1246, detail=0.0860; residual_std region/detail/refine=0.5559/0.3899/0.1246
up1 guide_mix: entropy=0.9565, raw_low=0.2834, plam_low=0.2703, decoder_low=0.3310, detail=0.1153; agreement plam/decoder=0.5384/-0.1115, support=0.7064+/-0.1159

========= Epoch [28/80] =========
M2_Test_session_09.13_22h33
Training with batch size : 16
   [Train] Epoch: [28][20/357]  Loss:0.121 (Avg 0.1068) IoU:0.663 (Avg 0.7053) Dice:0.7777 (Avg 0.8092) LR 2.22e-04   (AvgTime 0.6)   
   [Train] Epoch: [28][40/357]  Loss:0.113 (Avg 0.1067) IoU:0.708 (Avg 0.7058) Dice:0.8118 (Avg 0.8100) LR 2.22e-04   (AvgTime 0.6)   
   [Train] Epoch: [28][60/357]  Loss:0.124 (Avg 0.1104) IoU:0.645 (Avg 0.6941) Dice:0.7721 (Avg 0.7998) LR 2.22e-04   (AvgTime 0.6)   
   [Train] Epoch: [28][80/357]  Loss:0.081 (Avg 0.1106) IoU:0.746 (Avg 0.6942) Dice:0.8421 (Avg 0.7994) LR 2.22e-04   (AvgTime 0.6)   
   [Train] Epoch: [28][100/357]  Loss:0.139 (Avg 0.1114) IoU:0.624 (Avg 0.6909) Dice:0.7255 (Avg 0.7966) LR 2.22e-04   (AvgTime 0.6)   
   [Train] Epoch: [28][120/357]  Loss:0.099 (Avg 0.1111) IoU:0.703 (Avg 0.6913) Dice:0.8116 (Avg 0.7974) LR 2.22e-04   (AvgTime 0.6)   
   [Train] Epoch: [28][140/357]  Loss:0.076 (Avg 0.1091) IoU:0.766 (Avg 0.6963) Dice:0.8595 (Avg 0.8017) LR 2.22e-04   (AvgTime 0.6)   
   [Train] Epoch: [28][160/357]  Loss:0.112 (Avg 0.1099) IoU:0.685 (Avg 0.6944) Dice:0.8047 (Avg 0.8000) LR 2.22e-04   (AvgTime 0.6)   
   [Train] Epoch: [28][180/357]  Loss:0.084 (Avg 0.1109) IoU:0.760 (Avg 0.6924) Dice:0.8557 (Avg 0.7981) LR 2.22e-04   (AvgTime 0.6)   
   [Train] Epoch: [28][200/357]  Loss:0.077 (Avg 0.1107) IoU:0.773 (Avg 0.6926) Dice:0.8645 (Avg 0.7983) LR 2.22e-04   (AvgTime 0.6)   
   [Train] Epoch: [28][220/357]  Loss:0.092 (Avg 0.1112) IoU:0.733 (Avg 0.6918) Dice:0.8283 (Avg 0.7979) LR 2.22e-04   (AvgTime 0.6)   
   [Train] Epoch: [28][240/357]  Loss:0.147 (Avg 0.1113) IoU:0.621 (Avg 0.6915) Dice:0.7238 (Avg 0.7975) LR 2.22e-04   (AvgTime 0.6)   
   [Train] Epoch: [28][260/357]  Loss:0.088 (Avg 0.1119) IoU:0.759 (Avg 0.6910) Dice:0.8484 (Avg 0.7968) LR 2.22e-04   (AvgTime 0.6)   
   [Train] Epoch: [28][280/357]  Loss:0.123 (Avg 0.1120) IoU:0.640 (Avg 0.6902) Dice:0.7656 (Avg 0.7964) LR 2.22e-04   (AvgTime 0.6)   
   [Train] Epoch: [28][300/357]  Loss:0.084 (Avg 0.1117) IoU:0.741 (Avg 0.6906) Dice:0.8384 (Avg 0.7966) LR 2.22e-04   (AvgTime 0.6)   
   [Train] Epoch: [28][320/357]  Loss:0.084 (Avg 0.1113) IoU:0.729 (Avg 0.6917) Dice:0.8290 (Avg 0.7975) LR 2.22e-04   (AvgTime 0.6)   
   [Train] Epoch: [28][340/357]  Loss:0.092 (Avg 0.1113) IoU:0.714 (Avg 0.6916) Dice:0.8270 (Avg 0.7976) LR 2.22e-04   (AvgTime 0.6)   
   [Train] Epoch: [28][357/357]  Loss:0.106 (Avg 0.1117) IoU:0.715 (Avg 0.6907) Dice:0.8210 (Avg 0.7968) LR 2.22e-04   (AvgTime 0.6)   
   [Train] Loss components: dice=0.176794, focal=0.046550, total=0.111672
Validation
   [Val] Epoch: [28][20/90]  Loss:0.134 (Avg 0.1108) IoU:0.661 (Avg 0.7091) Dice:0.7792 (Avg 0.8144) (AvgTime 0.3)   
   [Val] Epoch: [28][40/90]  Loss:0.102 (Avg 0.1174) IoU:0.701 (Avg 0.6886) Dice:0.8097 (Avg 0.7955) (AvgTime 0.2)   
   [Val] Epoch: [28][60/90]  Loss:0.139 (Avg 0.1102) IoU:0.654 (Avg 0.6993) Dice:0.7613 (Avg 0.8029) (AvgTime 0.2)   
   [Val] Epoch: [28][80/90]  Loss:0.096 (Avg 0.1092) IoU:0.699 (Avg 0.6976) Dice:0.8090 (Avg 0.8020) (AvgTime 0.2)   
   [Val] Epoch: [28][90/90]  Loss:0.133 (Avg 0.1093) IoU:0.621 (Avg 0.6969) Dice:0.7462 (Avg 0.8014) (AvgTime 0.2)   
   [Val] Loss components: dice=0.170832, focal=0.047844, total=0.109338
	 No iou improvement; selected epoch 24
	 early_stopping_count: 4/80
--- Epoch History (1..28) ---
Epoch |  TrainLoss |  TrainDice |  TrainIoU |    ValLoss |    ValDice |    ValIoU |         LR | Best
    1 |     0.2378 |     0.6073 |    0.4781 |     0.2212 |     0.6176 |    0.4873 |   3.00e-04 |     
    2 |     0.1754 |     0.6971 |    0.5727 |     0.1642 |     0.7061 |    0.5868 |   3.00e-04 |     
    3 |     0.1564 |     0.7248 |    0.6043 |     0.1373 |     0.7621 |    0.6492 |   3.00e-04 |     
    4 |     0.1512 |     0.7340 |    0.6154 |     0.1450 |     0.7555 |    0.6397 |   2.99e-04 |     
    5 |     0.1427 |     0.7474 |    0.6307 |     0.1478 |     0.7229 |    0.6010 |   2.98e-04 |     
    6 |     0.1390 |     0.7527 |    0.6372 |     0.1355 |     0.7500 |    0.6298 |   2.97e-04 |     
    7 |     0.1353 |     0.7589 |    0.6439 |     0.1369 |     0.7611 |    0.6439 |   2.96e-04 |     
    8 |     0.1328 |     0.7617 |    0.6475 |     0.1354 |     0.7518 |    0.6330 |   2.94e-04 |     
    9 |     0.1294 |     0.7676 |    0.6543 |     0.1259 |     0.7724 |    0.6623 |   2.92e-04 |     
   10 |     0.1295 |     0.7672 |    0.6539 |     0.1216 |     0.7861 |    0.6776 |   2.91e-04 |     
   11 |     0.1289 |     0.7699 |    0.6573 |     0.1227 |     0.7768 |    0.6660 |   2.88e-04 |     
   12 |     0.1259 |     0.7736 |    0.6616 |     0.1186 |     0.7928 |    0.6867 |   2.86e-04 |     
   13 |     0.1252 |     0.7750 |    0.6628 |     0.1353 |     0.7535 |    0.6352 |   2.83e-04 |     
   14 |     0.1232 |     0.7784 |    0.6678 |     0.1165 |     0.7837 |    0.6714 |   2.80e-04 |     
   15 |     0.1251 |     0.7742 |    0.6624 |     0.1190 |     0.7813 |    0.6712 |   2.77e-04 |     
   16 |     0.1215 |     0.7804 |    0.6697 |     0.1217 |     0.7897 |    0.6820 |   2.74e-04 |     
   17 |     0.1251 |     0.7760 |    0.6651 |     0.1343 |     0.7581 |    0.6458 |   2.71e-04 |     
   18 |     0.1198 |     0.7841 |    0.6743 |     0.1146 |     0.7928 |    0.6860 |   2.67e-04 |     
   19 |     0.1188 |     0.7853 |    0.6759 |     0.1158 |     0.7821 |    0.6716 |   2.63e-04 |     
   20 |     0.1162 |     0.7892 |    0.6812 |     0.1173 |     0.7890 |    0.6811 |   2.59e-04 |     
   21 |     0.1166 |     0.7883 |    0.6797 |     0.1159 |     0.7814 |    0.6698 |   2.55e-04 |     
   22 |     0.1165 |     0.7891 |    0.6807 |     0.1344 |     0.7703 |    0.6587 |   2.51e-04 |     
   23 |     0.1151 |     0.7912 |    0.6838 |     0.1108 |     0.7995 |    0.6952 |   2.46e-04 |     
   24 |     0.1139 |     0.7933 |    0.6855 |     0.1130 |     0.8017 |    0.6980 |   2.42e-04 |    *
   25 |     0.1139 |     0.7934 |    0.6864 |     0.1150 |     0.7985 |    0.6949 |   2.37e-04 |     
   26 |     0.1126 |     0.7952 |    0.6882 |     0.1089 |     0.7988 |    0.6928 |   2.32e-04 |     
   27 |     0.1106 |     0.7984 |    0.6923 |     0.1083 |     0.8002 |    0.6945 |   2.27e-04 |     
   28 |     0.1117 |     0.7968 |    0.6907 |     0.1093 |     0.8014 |    0.6969 |   2.22e-04 |     
--- R2 + image-value context regrouping with regroup_text anchors validation statistics ---
up4: ca=0.9152+/-0.1138, sa=1.0078+/-0.0122, amp=0.0000, suppress=0.0000, guide_abs=0.1589
up4 residuals: local_mean=6.053e-02, global_mean=0.0088, local_strength=0.1176, global_strength=0.1095, gain=[0.9682,1.0884], saturation=0.0878, text_film=0.0192
up4 haar: reconstruction_error=9.537e-07, skip_low/high=0.8226/0.1774, plam_low/high=1.0000/0.0000
up4 strengths: plam=0.9286, region=0.1176, detail=0.1095; residual_std region/detail/refine=0.4181/0.3695/0.2770
up4 guide_mix: entropy=0.9741, raw_low=0.2957, plam_low=0.2932, decoder_low=0.2691, detail=0.1420; agreement plam/decoder=0.7359/0.4092, support=0.8707+/-0.0563
up4 adaptive_frequency: ALPF strength=0.2379, weights=0.1660/0.6991/0.1349, sum=1.0000, entropy=0.7447, delta_std=0.0827; AHPF strength=0.0797, weights=0.2886/0.5388/0.1726, sum=1.0000, entropy=0.9027, residual_std=0.1017, scaled_std=0.0081
up3: ca=0.9906+/-0.1870, sa=1.0060+/-0.0042, amp=0.0000, suppress=0.0000, guide_abs=0.2516
up3 residuals: local_mean=1.600e-02, global_mean=0.0349, local_strength=0.1178, global_strength=0.1180, gain=[0.9843,1.0306], saturation=0.0000, text_film=0.0434
up3 haar: reconstruction_error=9.537e-07, skip_low/high=0.8125/0.1875, plam_low/high=1.0000/0.0000
up3 strengths: plam=0.9085, region=0.1178, detail=0.1180; residual_std region/detail/refine=0.3823/0.5602/0.4907
up3 guide_mix: entropy=0.9751, raw_low=0.3286, plam_low=0.2512, decoder_low=0.2686, detail=0.1516; agreement plam/decoder=0.3171/0.0454, support=0.6663+/-0.0859
up3 adaptive_frequency: ALPF strength=0.2707, weights=0.1576/0.5241/0.3183, sum=1.0000, entropy=0.8038, delta_std=0.0616; AHPF strength=0.0975, weights=0.4373/0.3596/0.2031, sum=1.0000, entropy=0.9014, residual_std=0.1167, scaled_std=0.0114
up2: ca=0.9007+/-0.1421, sa=1.0033+/-0.0038, amp=0.0000, suppress=0.0000, guide_abs=0.2411
up2 residuals: local_mean=4.793e-03, global_mean=0.0242, local_strength=0.1155, global_strength=0.1118, gain=[0.9657,1.0383], saturation=0.0000, text_film=0.0437
up2 haar: reconstruction_error=9.537e-07, skip_low/high=0.7980/0.2020, plam_low/high=1.0000/0.0000
up2 strengths: plam=0.8595, region=0.1155, detail=0.1118; residual_std region/detail/refine=0.1473/0.2766/0.1231
up2 guide_mix: entropy=0.9448, raw_low=0.2912, plam_low=0.1807, decoder_low=0.3893, detail=0.1388; agreement plam/decoder=0.5605/-0.0401, support=0.5568+/-0.0127
up1: ca=0.8061+/-0.1550, sa=1.0024+/-0.0117, amp=0.0000, suppress=0.0000, guide_abs=0.2127
up1 residuals: local_mean=-1.460e-03, global_mean=0.0308, local_strength=0.1248, global_strength=0.0854, gain=[0.9169,1.0826], saturation=0.0432, text_film=0.0356
up1 haar: reconstruction_error=2.444e-06, skip_low/high=0.7299/0.2701, plam_low/high=1.0000/0.0000
up1 strengths: plam=0.9391, region=0.1248, detail=0.0854; residual_std region/detail/refine=0.5563/0.3844/0.1273
up1 guide_mix: entropy=0.9465, raw_low=0.2617, plam_low=0.2988, decoder_low=0.3367, detail=0.1028; agreement plam/decoder=0.6202/-0.0264, support=0.7162+/-0.1089

========= Epoch [29/80] =========
M2_Test_session_09.13_22h33
Training with batch size : 16
   [Train] Epoch: [29][20/357]  Loss:0.140 (Avg 0.1069) IoU:0.649 (Avg 0.6975) Dice:0.7503 (Avg 0.8022) LR 2.17e-04   (AvgTime 0.6)   
   [Train] Epoch: [29][40/357]  Loss:0.103 (Avg 0.1144) IoU:0.702 (Avg 0.6844) Dice:0.8098 (Avg 0.7914) LR 2.17e-04   (AvgTime 0.6)   
   [Train] Epoch: [29][60/357]  Loss:0.106 (Avg 0.1170) IoU:0.698 (Avg 0.6787) Dice:0.8063 (Avg 0.7866) LR 2.17e-04   (AvgTime 0.6)   
   [Train] Epoch: [29][80/357]  Loss:0.086 (Avg 0.1158) IoU:0.746 (Avg 0.6797) Dice:0.8469 (Avg 0.7877) LR 2.17e-04   (AvgTime 0.6)   
   [Train] Epoch: [29][100/357]  Loss:0.138 (Avg 0.1157) IoU:0.598 (Avg 0.6798) Dice:0.7289 (Avg 0.7883) LR 2.17e-04   (AvgTime 0.6)   
   [Train] Epoch: [29][120/357]  Loss:0.099 (Avg 0.1153) IoU:0.723 (Avg 0.6814) Dice:0.8267 (Avg 0.7892) LR 2.17e-04   (AvgTime 0.6)   
   [Train] Epoch: [29][140/357]  Loss:0.139 (Avg 0.1148) IoU:0.602 (Avg 0.6815) Dice:0.7351 (Avg 0.7896) LR 2.17e-04   (AvgTime 0.6)   
   [Train] Epoch: [29][160/357]  Loss:0.078 (Avg 0.1137) IoU:0.750 (Avg 0.6836) Dice:0.8512 (Avg 0.7912) LR 2.17e-04   (AvgTime 0.6)   
   [Train] Epoch: [29][180/357]  Loss:0.079 (Avg 0.1130) IoU:0.766 (Avg 0.6857) Dice:0.8635 (Avg 0.7930) LR 2.17e-04   (AvgTime 0.6)   
   [Train] Epoch: [29][200/357]  Loss:0.152 (Avg 0.1132) IoU:0.620 (Avg 0.6856) Dice:0.7111 (Avg 0.7923) LR 2.17e-04   (AvgTime 0.6)   
   [Train] Epoch: [29][220/357]  Loss:0.101 (Avg 0.1125) IoU:0.725 (Avg 0.6873) Dice:0.8146 (Avg 0.7936) LR 2.17e-04   (AvgTime 0.6)   
   [Train] Epoch: [29][240/357]  Loss:0.144 (Avg 0.1118) IoU:0.623 (Avg 0.6890) Dice:0.7431 (Avg 0.7953) LR 2.17e-04   (AvgTime 0.6)   
   [Train] Epoch: [29][260/357]  Loss:0.081 (Avg 0.1118) IoU:0.748 (Avg 0.6894) Dice:0.8496 (Avg 0.7956) LR 2.17e-04   (AvgTime 0.6)   
   [Train] Epoch: [29][280/357]  Loss:0.078 (Avg 0.1117) IoU:0.754 (Avg 0.6892) Dice:0.8527 (Avg 0.7956) LR 2.17e-04   (AvgTime 0.6)   
   [Train] Epoch: [29][300/357]  Loss:0.080 (Avg 0.1110) IoU:0.747 (Avg 0.6907) Dice:0.8365 (Avg 0.7969) LR 2.17e-04   (AvgTime 0.6)   
   [Train] Epoch: [29][320/357]  Loss:0.082 (Avg 0.1107) IoU:0.757 (Avg 0.6921) Dice:0.8552 (Avg 0.7979) LR 2.17e-04   (AvgTime 0.6)   
   [Train] Epoch: [29][340/357]  Loss:0.114 (Avg 0.1107) IoU:0.707 (Avg 0.6924) Dice:0.7892 (Avg 0.7980) LR 2.17e-04   (AvgTime 0.6)   
   [Train] Epoch: [29][357/357]  Loss:0.084 (Avg 0.1108) IoU:0.763 (Avg 0.6926) Dice:0.8548 (Avg 0.7982) LR 2.17e-04   (AvgTime 0.6)   
   [Train] Loss components: dice=0.175622, focal=0.045998, total=0.110810
Validation
   [Val] Epoch: [29][20/90]  Loss:0.137 (Avg 0.1084) IoU:0.641 (Avg 0.7025) Dice:0.7658 (Avg 0.8102) (AvgTime 0.3)   
   [Val] Epoch: [29][40/90]  Loss:0.108 (Avg 0.1173) IoU:0.692 (Avg 0.6832) Dice:0.8029 (Avg 0.7924) (AvgTime 0.3)   
   [Val] Epoch: [29][60/90]  Loss:0.153 (Avg 0.1120) IoU:0.615 (Avg 0.6907) Dice:0.7339 (Avg 0.7976) (AvgTime 0.3)   
   [Val] Epoch: [29][80/90]  Loss:0.097 (Avg 0.1114) IoU:0.711 (Avg 0.6889) Dice:0.8160 (Avg 0.7967) (AvgTime 0.2)   
   [Val] Epoch: [29][90/90]  Loss:0.139 (Avg 0.1124) IoU:0.594 (Avg 0.6863) Dice:0.7283 (Avg 0.7947) (AvgTime 0.2)   
   [Val] Loss components: dice=0.180532, focal=0.044300, total=0.112416
	 No iou improvement; selected epoch 24
	 early_stopping_count: 5/80
--- Epoch History (1..29) ---
Epoch |  TrainLoss |  TrainDice |  TrainIoU |    ValLoss |    ValDice |    ValIoU |         LR | Best
    1 |     0.2378 |     0.6073 |    0.4781 |     0.2212 |     0.6176 |    0.4873 |   3.00e-04 |     
    2 |     0.1754 |     0.6971 |    0.5727 |     0.1642 |     0.7061 |    0.5868 |   3.00e-04 |     
    3 |     0.1564 |     0.7248 |    0.6043 |     0.1373 |     0.7621 |    0.6492 |   3.00e-04 |     
    4 |     0.1512 |     0.7340 |    0.6154 |     0.1450 |     0.7555 |    0.6397 |   2.99e-04 |     
    5 |     0.1427 |     0.7474 |    0.6307 |     0.1478 |     0.7229 |    0.6010 |   2.98e-04 |     
    6 |     0.1390 |     0.7527 |    0.6372 |     0.1355 |     0.7500 |    0.6298 |   2.97e-04 |     
    7 |     0.1353 |     0.7589 |    0.6439 |     0.1369 |     0.7611 |    0.6439 |   2.96e-04 |     
    8 |     0.1328 |     0.7617 |    0.6475 |     0.1354 |     0.7518 |    0.6330 |   2.94e-04 |     
    9 |     0.1294 |     0.7676 |    0.6543 |     0.1259 |     0.7724 |    0.6623 |   2.92e-04 |     
   10 |     0.1295 |     0.7672 |    0.6539 |     0.1216 |     0.7861 |    0.6776 |   2.91e-04 |     
   11 |     0.1289 |     0.7699 |    0.6573 |     0.1227 |     0.7768 |    0.6660 |   2.88e-04 |     
   12 |     0.1259 |     0.7736 |    0.6616 |     0.1186 |     0.7928 |    0.6867 |   2.86e-04 |     
   13 |     0.1252 |     0.7750 |    0.6628 |     0.1353 |     0.7535 |    0.6352 |   2.83e-04 |     
   14 |     0.1232 |     0.7784 |    0.6678 |     0.1165 |     0.7837 |    0.6714 |   2.80e-04 |     
   15 |     0.1251 |     0.7742 |    0.6624 |     0.1190 |     0.7813 |    0.6712 |   2.77e-04 |     
   16 |     0.1215 |     0.7804 |    0.6697 |     0.1217 |     0.7897 |    0.6820 |   2.74e-04 |     
   17 |     0.1251 |     0.7760 |    0.6651 |     0.1343 |     0.7581 |    0.6458 |   2.71e-04 |     
   18 |     0.1198 |     0.7841 |    0.6743 |     0.1146 |     0.7928 |    0.6860 |   2.67e-04 |     
   19 |     0.1188 |     0.7853 |    0.6759 |     0.1158 |     0.7821 |    0.6716 |   2.63e-04 |     
   20 |     0.1162 |     0.7892 |    0.6812 |     0.1173 |     0.7890 |    0.6811 |   2.59e-04 |     
   21 |     0.1166 |     0.7883 |    0.6797 |     0.1159 |     0.7814 |    0.6698 |   2.55e-04 |     
   22 |     0.1165 |     0.7891 |    0.6807 |     0.1344 |     0.7703 |    0.6587 |   2.51e-04 |     
   23 |     0.1151 |     0.7912 |    0.6838 |     0.1108 |     0.7995 |    0.6952 |   2.46e-04 |     
   24 |     0.1139 |     0.7933 |    0.6855 |     0.1130 |     0.8017 |    0.6980 |   2.42e-04 |    *
   25 |     0.1139 |     0.7934 |    0.6864 |     0.1150 |     0.7985 |    0.6949 |   2.37e-04 |     
   26 |     0.1126 |     0.7952 |    0.6882 |     0.1089 |     0.7988 |    0.6928 |   2.32e-04 |     
   27 |     0.1106 |     0.7984 |    0.6923 |     0.1083 |     0.8002 |    0.6945 |   2.27e-04 |     
   28 |     0.1117 |     0.7968 |    0.6907 |     0.1093 |     0.8014 |    0.6969 |   2.22e-04 |     
   29 |     0.1108 |     0.7982 |    0.6926 |     0.1124 |     0.7947 |    0.6863 |   2.17e-04 |     
--- R2 + image-value context regrouping with regroup_text anchors validation statistics ---
up4: ca=0.9225+/-0.1158, sa=1.0083+/-0.0129, amp=0.0000, suppress=0.0000, guide_abs=0.1694
up4 residuals: local_mean=6.002e-02, global_mean=0.0138, local_strength=0.1179, global_strength=0.1099, gain=[0.9774,1.0948], saturation=0.0459, text_film=0.0212
up4 haar: reconstruction_error=9.537e-07, skip_low/high=0.8262/0.1738, plam_low/high=1.0000/0.0000
up4 strengths: plam=0.9272, region=0.1179, detail=0.1099; residual_std region/detail/refine=0.4229/0.3825/0.2871
up4 guide_mix: entropy=0.9731, raw_low=0.2900, plam_low=0.2917, decoder_low=0.2792, detail=0.1391; agreement plam/decoder=0.7169/0.3839, support=0.8449+/-0.0627
up4 adaptive_frequency: ALPF strength=0.2391, weights=0.1821/0.6920/0.1260, sum=1.0000, entropy=0.7509, delta_std=0.0880; AHPF strength=0.0797, weights=0.2640/0.5525/0.1835, sum=1.0000, entropy=0.8973, residual_std=0.1069, scaled_std=0.0085
up3: ca=1.0007+/-0.1858, sa=1.0060+/-0.0039, amp=0.0000, suppress=0.0000, guide_abs=0.2696
up3 residuals: local_mean=1.657e-02, global_mean=0.0341, local_strength=0.1179, global_strength=0.1183, gain=[0.9811,1.0290], saturation=0.0003, text_film=0.0333
up3 haar: reconstruction_error=9.537e-07, skip_low/high=0.8090/0.1910, plam_low/high=1.0000/0.0000
up3 strengths: plam=0.9063, region=0.1179, detail=0.1183; residual_std region/detail/refine=0.3985/0.5658/0.4954
up3 guide_mix: entropy=0.9760, raw_low=0.3278, plam_low=0.2525, decoder_low=0.2664, detail=0.1532; agreement plam/decoder=0.2367/0.0953, support=0.6914+/-0.0768
up3 adaptive_frequency: ALPF strength=0.2722, weights=0.1219/0.4047/0.4734, sum=1.0000, entropy=0.7938, delta_std=0.0684; AHPF strength=0.0978, weights=0.6056/0.2547/0.1398, sum=1.0000, entropy=0.7746, residual_std=0.0873, scaled_std=0.0085
up2: ca=0.8873+/-0.1458, sa=1.0030+/-0.0036, amp=0.0000, suppress=0.0000, guide_abs=0.2112
up2 residuals: local_mean=5.572e-03, global_mean=0.0212, local_strength=0.1157, global_strength=0.1120, gain=[0.9648,1.0402], saturation=0.0000, text_film=0.0248
up2 haar: reconstruction_error=9.537e-07, skip_low/high=0.7938/0.2062, plam_low/high=1.0000/0.0000
up2 strengths: plam=0.8560, region=0.1157, detail=0.1120; residual_std region/detail/refine=0.1721/0.2648/0.1244
up2 guide_mix: entropy=0.9393, raw_low=0.2897, plam_low=0.1720, decoder_low=0.3996, detail=0.1387; agreement plam/decoder=0.5074/-0.1595, support=0.5564+/-0.0337
up1: ca=0.8077+/-0.1407, sa=1.0025+/-0.0116, amp=0.0000, suppress=0.0000, guide_abs=0.2393
up1 residuals: local_mean=-9.714e-04, global_mean=0.0318, local_strength=0.1250, global_strength=0.0850, gain=[0.9172,1.0821], saturation=0.0438, text_film=0.0334
up1 haar: reconstruction_error=2.712e-06, skip_low/high=0.7361/0.2639, plam_low/high=1.0000/0.0000
up1 strengths: plam=0.9383, region=0.1250, detail=0.0850; residual_std region/detail/refine=0.5553/0.3877/0.1289
up1 guide_mix: entropy=0.9541, raw_low=0.2878, plam_low=0.2885, decoder_low=0.3146, detail=0.1091; agreement plam/decoder=0.5951/0.0180, support=0.7173+/-0.1085

========= Epoch [30/80] =========
M2_Test_session_09.13_22h33
Training with batch size : 16
   [Train] Epoch: [30][20/357]  Loss:0.091 (Avg 0.1170) IoU:0.761 (Avg 0.6803) Dice:0.8575 (Avg 0.7905) LR 2.11e-04   (AvgTime 0.6)   
   [Train] Epoch: [30][40/357]  Loss:0.107 (Avg 0.1085) IoU:0.688 (Avg 0.6966) Dice:0.7947 (Avg 0.8039) LR 2.11e-04   (AvgTime 0.6)   
   [Train] Epoch: [30][60/357]  Loss:0.102 (Avg 0.1101) IoU:0.687 (Avg 0.6925) Dice:0.7985 (Avg 0.7988) LR 2.11e-04   (AvgTime 0.6)   
   [Train] Epoch: [30][80/357]  Loss:0.116 (Avg 0.1109) IoU:0.720 (Avg 0.6905) Dice:0.7976 (Avg 0.7975) LR 2.11e-04   (AvgTime 0.6)   
   [Train] Epoch: [30][100/357]  Loss:0.157 (Avg 0.1124) IoU:0.621 (Avg 0.6869) Dice:0.6936 (Avg 0.7944) LR 2.11e-04   (AvgTime 0.6)   
   [Train] Epoch: [30][120/357]  Loss:0.085 (Avg 0.1117) IoU:0.730 (Avg 0.6886) Dice:0.8397 (Avg 0.7958) LR 2.11e-04   (AvgTime 0.6)   
   [Train] Epoch: [30][140/357]  Loss:0.110 (Avg 0.1102) IoU:0.708 (Avg 0.6923) Dice:0.8092 (Avg 0.7987) LR 2.11e-04   (AvgTime 0.6)   
   [Train] Epoch: [30][160/357]  Loss:0.113 (Avg 0.1105) IoU:0.687 (Avg 0.6920) Dice:0.8002 (Avg 0.7984) LR 2.11e-04   (AvgTime 0.6)   
   [Train] Epoch: [30][180/357]  Loss:0.114 (Avg 0.1107) IoU:0.692 (Avg 0.6919) Dice:0.7872 (Avg 0.7982) LR 2.11e-04   (AvgTime 0.6)   
   [Train] Epoch: [30][200/357]  Loss:0.117 (Avg 0.1105) IoU:0.668 (Avg 0.6920) Dice:0.7818 (Avg 0.7980) LR 2.11e-04   (AvgTime 0.6)   
   [Train] Epoch: [30][220/357]  Loss:0.111 (Avg 0.1105) IoU:0.707 (Avg 0.6916) Dice:0.8158 (Avg 0.7978) LR 2.11e-04   (AvgTime 0.6)   
   [Train] Epoch: [30][240/357]  Loss:0.113 (Avg 0.1100) IoU:0.661 (Avg 0.6927) Dice:0.7817 (Avg 0.7988) LR 2.11e-04   (AvgTime 0.6)   
   [Train] Epoch: [30][260/357]  Loss:0.131 (Avg 0.1103) IoU:0.649 (Avg 0.6925) Dice:0.7592 (Avg 0.7984) LR 2.11e-04   (AvgTime 0.6)   
   [Train] Epoch: [30][280/357]  Loss:0.131 (Avg 0.1105) IoU:0.672 (Avg 0.6922) Dice:0.7714 (Avg 0.7981) LR 2.11e-04   (AvgTime 0.6)   
   [Train] Epoch: [30][300/357]  Loss:0.100 (Avg 0.1103) IoU:0.726 (Avg 0.6928) Dice:0.8118 (Avg 0.7986) LR 2.11e-04   (AvgTime 0.6)   
   [Train] Epoch: [30][320/357]  Loss:0.065 (Avg 0.1096) IoU:0.812 (Avg 0.6943) Dice:0.8933 (Avg 0.7996) LR 2.11e-04   (AvgTime 0.6)   
   [Train] Epoch: [30][340/357]  Loss:0.104 (Avg 0.1096) IoU:0.693 (Avg 0.6946) Dice:0.8065 (Avg 0.7998) LR 2.11e-04   (AvgTime 0.6)   
   [Train] Epoch: [30][357/357]  Loss:0.104 (Avg 0.1098) IoU:0.678 (Avg 0.6939) Dice:0.7980 (Avg 0.7995) LR 2.11e-04   (AvgTime 0.6)   
   [Train] Loss components: dice=0.174020, focal=0.045575, total=0.109797
Validation
   [Val] Epoch: [30][20/90]  Loss:0.141 (Avg 0.1104) IoU:0.645 (Avg 0.7027) Dice:0.7636 (Avg 0.8084) (AvgTime 0.3)   
   [Val] Epoch: [30][40/90]  Loss:0.099 (Avg 0.1179) IoU:0.714 (Avg 0.6840) Dice:0.8181 (Avg 0.7904) (AvgTime 0.3)   
   [Val] Epoch: [30][60/90]  Loss:0.141 (Avg 0.1110) IoU:0.643 (Avg 0.6970) Dice:0.7465 (Avg 0.7995) (AvgTime 0.2)   
   [Val] Epoch: [30][80/90]  Loss:0.102 (Avg 0.1097) IoU:0.698 (Avg 0.6962) Dice:0.8059 (Avg 0.7995) (AvgTime 0.2)   
   [Val] Epoch: [30][90/90]  Loss:0.132 (Avg 0.1096) IoU:0.609 (Avg 0.6962) Dice:0.7431 (Avg 0.7995) (AvgTime 0.2)   
   [Val] Loss components: dice=0.178524, focal=0.040599, total=0.109562
	 No iou improvement; selected epoch 24
	 early_stopping_count: 6/80
--- Epoch History (1..30) ---
Epoch |  TrainLoss |  TrainDice |  TrainIoU |    ValLoss |    ValDice |    ValIoU |         LR | Best
    1 |     0.2378 |     0.6073 |    0.4781 |     0.2212 |     0.6176 |    0.4873 |   3.00e-04 |     
    2 |     0.1754 |     0.6971 |    0.5727 |     0.1642 |     0.7061 |    0.5868 |   3.00e-04 |     
    3 |     0.1564 |     0.7248 |    0.6043 |     0.1373 |     0.7621 |    0.6492 |   3.00e-04 |     
    4 |     0.1512 |     0.7340 |    0.6154 |     0.1450 |     0.7555 |    0.6397 |   2.99e-04 |     
    5 |     0.1427 |     0.7474 |    0.6307 |     0.1478 |     0.7229 |    0.6010 |   2.98e-04 |     
    6 |     0.1390 |     0.7527 |    0.6372 |     0.1355 |     0.7500 |    0.6298 |   2.97e-04 |     
    7 |     0.1353 |     0.7589 |    0.6439 |     0.1369 |     0.7611 |    0.6439 |   2.96e-04 |     
    8 |     0.1328 |     0.7617 |    0.6475 |     0.1354 |     0.7518 |    0.6330 |   2.94e-04 |     
    9 |     0.1294 |     0.7676 |    0.6543 |     0.1259 |     0.7724 |    0.6623 |   2.92e-04 |     
   10 |     0.1295 |     0.7672 |    0.6539 |     0.1216 |     0.7861 |    0.6776 |   2.91e-04 |     
   11 |     0.1289 |     0.7699 |    0.6573 |     0.1227 |     0.7768 |    0.6660 |   2.88e-04 |     
   12 |     0.1259 |     0.7736 |    0.6616 |     0.1186 |     0.7928 |    0.6867 |   2.86e-04 |     
   13 |     0.1252 |     0.7750 |    0.6628 |     0.1353 |     0.7535 |    0.6352 |   2.83e-04 |     
   14 |     0.1232 |     0.7784 |    0.6678 |     0.1165 |     0.7837 |    0.6714 |   2.80e-04 |     
   15 |     0.1251 |     0.7742 |    0.6624 |     0.1190 |     0.7813 |    0.6712 |   2.77e-04 |     
   16 |     0.1215 |     0.7804 |    0.6697 |     0.1217 |     0.7897 |    0.6820 |   2.74e-04 |     
   17 |     0.1251 |     0.7760 |    0.6651 |     0.1343 |     0.7581 |    0.6458 |   2.71e-04 |     
   18 |     0.1198 |     0.7841 |    0.6743 |     0.1146 |     0.7928 |    0.6860 |   2.67e-04 |     
   19 |     0.1188 |     0.7853 |    0.6759 |     0.1158 |     0.7821 |    0.6716 |   2.63e-04 |     
   20 |     0.1162 |     0.7892 |    0.6812 |     0.1173 |     0.7890 |    0.6811 |   2.59e-04 |     
   21 |     0.1166 |     0.7883 |    0.6797 |     0.1159 |     0.7814 |    0.6698 |   2.55e-04 |     
   22 |     0.1165 |     0.7891 |    0.6807 |     0.1344 |     0.7703 |    0.6587 |   2.51e-04 |     
   23 |     0.1151 |     0.7912 |    0.6838 |     0.1108 |     0.7995 |    0.6952 |   2.46e-04 |     
   24 |     0.1139 |     0.7933 |    0.6855 |     0.1130 |     0.8017 |    0.6980 |   2.42e-04 |    *
   25 |     0.1139 |     0.7934 |    0.6864 |     0.1150 |     0.7985 |    0.6949 |   2.37e-04 |     
   26 |     0.1126 |     0.7952 |    0.6882 |     0.1089 |     0.7988 |    0.6928 |   2.32e-04 |     
   27 |     0.1106 |     0.7984 |    0.6923 |     0.1083 |     0.8002 |    0.6945 |   2.27e-04 |     
   28 |     0.1117 |     0.7968 |    0.6907 |     0.1093 |     0.8014 |    0.6969 |   2.22e-04 |     
   29 |     0.1108 |     0.7982 |    0.6926 |     0.1124 |     0.7947 |    0.6863 |   2.17e-04 |     
   30 |     0.1098 |     0.7995 |    0.6939 |     0.1096 |     0.7995 |    0.6962 |   2.11e-04 |     
--- R2 + image-value context regrouping with regroup_text anchors validation statistics ---
up4: ca=0.9101+/-0.1178, sa=1.0081+/-0.0122, amp=0.0000, suppress=0.0000, guide_abs=0.1545
up4 residuals: local_mean=6.017e-02, global_mean=0.0109, local_strength=0.1182, global_strength=0.1105, gain=[0.9760,1.0865], saturation=0.0510, text_film=0.0195
up4 haar: reconstruction_error=9.537e-07, skip_low/high=0.8260/0.1740, plam_low/high=1.0000/0.0000
up4 strengths: plam=0.9260, region=0.1182, detail=0.1105; residual_std region/detail/refine=0.4001/0.3694/0.2841
up4 guide_mix: entropy=0.9712, raw_low=0.2828, plam_low=0.2934, decoder_low=0.2884, detail=0.1354; agreement plam/decoder=0.7445/0.4562, support=0.8483+/-0.0601
up4 adaptive_frequency: ALPF strength=0.2397, weights=0.1635/0.7036/0.1329, sum=1.0000, entropy=0.7384, delta_std=0.0894; AHPF strength=0.0796, weights=0.2878/0.5416/0.1706, sum=1.0000, entropy=0.8999, residual_std=0.0980, scaled_std=0.0078
up3: ca=0.9775+/-0.1886, sa=1.0068+/-0.0040, amp=0.0000, suppress=0.0000, guide_abs=0.2758
up3 residuals: local_mean=1.835e-02, global_mean=0.0388, local_strength=0.1180, global_strength=0.1187, gain=[0.9824,1.0308], saturation=0.0005, text_film=0.0231
up3 haar: reconstruction_error=9.537e-07, skip_low/high=0.8123/0.1877, plam_low/high=1.0000/0.0000
up3 strengths: plam=0.9043, region=0.1180, detail=0.1187; residual_std region/detail/refine=0.3879/0.5710/0.5107
up3 guide_mix: entropy=0.9734, raw_low=0.3034, plam_low=0.2828, decoder_low=0.2732, detail=0.1407; agreement plam/decoder=0.1867/0.0753, support=0.6912+/-0.0860
up3 adaptive_frequency: ALPF strength=0.2741, weights=0.1151/0.4035/0.4814, sum=1.0000, entropy=0.7466, delta_std=0.0727; AHPF strength=0.0982, weights=0.5685/0.2736/0.1579, sum=1.0000, entropy=0.7797, residual_std=0.0904, scaled_std=0.0089
up2: ca=0.8920+/-0.1434, sa=1.0036+/-0.0036, amp=0.0000, suppress=0.0000, guide_abs=0.2386
up2 residuals: local_mean=5.776e-03, global_mean=0.0262, local_strength=0.1161, global_strength=0.1123, gain=[0.9647,1.0384], saturation=0.0000, text_film=0.0297
up2 haar: reconstruction_error=1.073e-06, skip_low/high=0.7885/0.2115, plam_low/high=1.0000/0.0000
up2 strengths: plam=0.8522, region=0.1161, detail=0.1123; residual_std region/detail/refine=0.1785/0.2735/0.1287
up2 guide_mix: entropy=0.9440, raw_low=0.2754, plam_low=0.1919, decoder_low=0.3980, detail=0.1348; agreement plam/decoder=0.5876/-0.1442, support=0.5600+/-0.0367
up1: ca=0.7918+/-0.1516, sa=1.0026+/-0.0116, amp=0.0000, suppress=0.0000, guide_abs=0.2409
up1 residuals: local_mean=-6.427e-04, global_mean=0.0327, local_strength=0.1252, global_strength=0.0842, gain=[0.9180,1.0816], saturation=0.0601, text_film=0.0540
up1 haar: reconstruction_error=2.712e-06, skip_low/high=0.7342/0.2658, plam_low/high=1.0000/0.0000
up1 strengths: plam=0.9376, region=0.1252, detail=0.0842; residual_std region/detail/refine=0.5765/0.3956/0.1307
up1 guide_mix: entropy=0.9505, raw_low=0.2740, plam_low=0.3116, decoder_low=0.3094, detail=0.1050; agreement plam/decoder=0.6126/0.0276, support=0.7297+/-0.1117

========= Epoch [31/80] =========
M2_Test_session_09.13_22h33
Training with batch size : 16
   [Train] Epoch: [31][20/357]  Loss:0.121 (Avg 0.1062) IoU:0.678 (Avg 0.7039) Dice:0.7713 (Avg 0.8064) LR 2.06e-04   (AvgTime 0.6)   
   [Train] Epoch: [31][40/357]  Loss:0.121 (Avg 0.1082) IoU:0.677 (Avg 0.6965) Dice:0.7724 (Avg 0.8021) LR 2.06e-04   (AvgTime 0.6)   
   [Train] Epoch: [31][60/357]  Loss:0.094 (Avg 0.1068) IoU:0.747 (Avg 0.6999) Dice:0.8408 (Avg 0.8050) LR 2.06e-04   (AvgTime 0.6)   
   [Train] Epoch: [31][80/357]  Loss:0.120 (Avg 0.1084) IoU:0.657 (Avg 0.6961) Dice:0.7698 (Avg 0.8015) LR 2.06e-04   (AvgTime 0.6)   
   [Train] Epoch: [31][100/357]  Loss:0.115 (Avg 0.1079) IoU:0.647 (Avg 0.6968) Dice:0.7808 (Avg 0.8021) LR 2.06e-04   (AvgTime 0.6)   
   [Train] Epoch: [31][120/357]  Loss:0.098 (Avg 0.1077) IoU:0.695 (Avg 0.6966) Dice:0.8111 (Avg 0.8024) LR 2.06e-04   (AvgTime 0.6)   
   [Train] Epoch: [31][140/357]  Loss:0.077 (Avg 0.1066) IoU:0.775 (Avg 0.6991) Dice:0.8630 (Avg 0.8043) LR 2.06e-04   (AvgTime 0.6)   
   [Train] Epoch: [31][160/357]  Loss:0.127 (Avg 0.1082) IoU:0.628 (Avg 0.6957) Dice:0.7381 (Avg 0.8015) LR 2.06e-04   (AvgTime 0.6)   
   [Train] Epoch: [31][180/357]  Loss:0.118 (Avg 0.1076) IoU:0.679 (Avg 0.6976) Dice:0.7903 (Avg 0.8031) LR 2.06e-04   (AvgTime 0.6)   
   [Train] Epoch: [31][200/357]  Loss:0.080 (Avg 0.1079) IoU:0.771 (Avg 0.6972) Dice:0.8647 (Avg 0.8029) LR 2.06e-04   (AvgTime 0.6)   
   [Train] Epoch: [31][220/357]  Loss:0.078 (Avg 0.1075) IoU:0.751 (Avg 0.6982) Dice:0.8479 (Avg 0.8035) LR 2.06e-04   (AvgTime 0.6)   
   [Train] Epoch: [31][240/357]  Loss:0.107 (Avg 0.1078) IoU:0.738 (Avg 0.6978) Dice:0.8391 (Avg 0.8032) LR 2.06e-04   (AvgTime 0.6)   
   [Train] Epoch: [31][260/357]  Loss:0.123 (Avg 0.1080) IoU:0.654 (Avg 0.6975) Dice:0.7610 (Avg 0.8029) LR 2.06e-04   (AvgTime 0.6)   
   [Train] Epoch: [31][280/357]  Loss:0.117 (Avg 0.1084) IoU:0.654 (Avg 0.6969) Dice:0.7773 (Avg 0.8024) LR 2.06e-04   (AvgTime 0.6)   
   [Train] Epoch: [31][300/357]  Loss:0.120 (Avg 0.1086) IoU:0.680 (Avg 0.6965) Dice:0.7782 (Avg 0.8019) LR 2.06e-04   (AvgTime 0.6)   
   [Train] Epoch: [31][320/357]  Loss:0.089 (Avg 0.1095) IoU:0.762 (Avg 0.6958) Dice:0.8570 (Avg 0.8013) LR 2.06e-04   (AvgTime 0.6)   
   [Train] Epoch: [31][340/357]  Loss:0.070 (Avg 0.1098) IoU:0.773 (Avg 0.6953) Dice:0.8676 (Avg 0.8007) LR 2.06e-04   (AvgTime 0.6)   
   [Train] Epoch: [31][357/357]  Loss:0.102 (Avg 0.1100) IoU:0.719 (Avg 0.6948) Dice:0.8262 (Avg 0.8004) LR 2.06e-04   (AvgTime 0.6)   
   [Train] Loss components: dice=0.173524, focal=0.046520, total=0.110022
Validation
   [Val] Epoch: [31][20/90]  Loss:0.157 (Avg 0.1201) IoU:0.614 (Avg 0.6904) Dice:0.7443 (Avg 0.8002) (AvgTime 0.3)   
   [Val] Epoch: [31][40/90]  Loss:0.106 (Avg 0.1275) IoU:0.721 (Avg 0.6777) Dice:0.8289 (Avg 0.7868) (AvgTime 0.3)   
   [Val] Epoch: [31][60/90]  Loss:0.161 (Avg 0.1208) IoU:0.609 (Avg 0.6877) Dice:0.7271 (Avg 0.7940) (AvgTime 0.2)   
   [Val] Epoch: [31][80/90]  Loss:0.100 (Avg 0.1201) IoU:0.707 (Avg 0.6867) Dice:0.8137 (Avg 0.7935) (AvgTime 0.2)   
   [Val] Epoch: [31][90/90]  Loss:0.191 (Avg 0.1204) IoU:0.537 (Avg 0.6865) Dice:0.6718 (Avg 0.7933) (AvgTime 0.2)   
   [Val] Loss components: dice=0.178811, focal=0.062032, total=0.120422
	 No iou improvement; selected epoch 24
	 early_stopping_count: 7/80
--- Epoch History (1..31) ---
Epoch |  TrainLoss |  TrainDice |  TrainIoU |    ValLoss |    ValDice |    ValIoU |         LR | Best
    1 |     0.2378 |     0.6073 |    0.4781 |     0.2212 |     0.6176 |    0.4873 |   3.00e-04 |     
    2 |     0.1754 |     0.6971 |    0.5727 |     0.1642 |     0.7061 |    0.5868 |   3.00e-04 |     
    3 |     0.1564 |     0.7248 |    0.6043 |     0.1373 |     0.7621 |    0.6492 |   3.00e-04 |     
    4 |     0.1512 |     0.7340 |    0.6154 |     0.1450 |     0.7555 |    0.6397 |   2.99e-04 |     
    5 |     0.1427 |     0.7474 |    0.6307 |     0.1478 |     0.7229 |    0.6010 |   2.98e-04 |     
    6 |     0.1390 |     0.7527 |    0.6372 |     0.1355 |     0.7500 |    0.6298 |   2.97e-04 |     
    7 |     0.1353 |     0.7589 |    0.6439 |     0.1369 |     0.7611 |    0.6439 |   2.96e-04 |     
    8 |     0.1328 |     0.7617 |    0.6475 |     0.1354 |     0.7518 |    0.6330 |   2.94e-04 |     
    9 |     0.1294 |     0.7676 |    0.6543 |     0.1259 |     0.7724 |    0.6623 |   2.92e-04 |     
   10 |     0.1295 |     0.7672 |    0.6539 |     0.1216 |     0.7861 |    0.6776 |   2.91e-04 |     
   11 |     0.1289 |     0.7699 |    0.6573 |     0.1227 |     0.7768 |    0.6660 |   2.88e-04 |     
   12 |     0.1259 |     0.7736 |    0.6616 |     0.1186 |     0.7928 |    0.6867 |   2.86e-04 |     
   13 |     0.1252 |     0.7750 |    0.6628 |     0.1353 |     0.7535 |    0.6352 |   2.83e-04 |     
   14 |     0.1232 |     0.7784 |    0.6678 |     0.1165 |     0.7837 |    0.6714 |   2.80e-04 |     
   15 |     0.1251 |     0.7742 |    0.6624 |     0.1190 |     0.7813 |    0.6712 |   2.77e-04 |     
   16 |     0.1215 |     0.7804 |    0.6697 |     0.1217 |     0.7897 |    0.6820 |   2.74e-04 |     
   17 |     0.1251 |     0.7760 |    0.6651 |     0.1343 |     0.7581 |    0.6458 |   2.71e-04 |     
   18 |     0.1198 |     0.7841 |    0.6743 |     0.1146 |     0.7928 |    0.6860 |   2.67e-04 |     
   19 |     0.1188 |     0.7853 |    0.6759 |     0.1158 |     0.7821 |    0.6716 |   2.63e-04 |     
   20 |     0.1162 |     0.7892 |    0.6812 |     0.1173 |     0.7890 |    0.6811 |   2.59e-04 |     
   21 |     0.1166 |     0.7883 |    0.6797 |     0.1159 |     0.7814 |    0.6698 |   2.55e-04 |     
   22 |     0.1165 |     0.7891 |    0.6807 |     0.1344 |     0.7703 |    0.6587 |   2.51e-04 |     
   23 |     0.1151 |     0.7912 |    0.6838 |     0.1108 |     0.7995 |    0.6952 |   2.46e-04 |     
   24 |     0.1139 |     0.7933 |    0.6855 |     0.1130 |     0.8017 |    0.6980 |   2.42e-04 |    *
   25 |     0.1139 |     0.7934 |    0.6864 |     0.1150 |     0.7985 |    0.6949 |   2.37e-04 |     
   26 |     0.1126 |     0.7952 |    0.6882 |     0.1089 |     0.7988 |    0.6928 |   2.32e-04 |     
   27 |     0.1106 |     0.7984 |    0.6923 |     0.1083 |     0.8002 |    0.6945 |   2.27e-04 |     
   28 |     0.1117 |     0.7968 |    0.6907 |     0.1093 |     0.8014 |    0.6969 |   2.22e-04 |     
   29 |     0.1108 |     0.7982 |    0.6926 |     0.1124 |     0.7947 |    0.6863 |   2.17e-04 |     
   30 |     0.1098 |     0.7995 |    0.6939 |     0.1096 |     0.7995 |    0.6962 |   2.11e-04 |     
   31 |     0.1100 |     0.8004 |    0.6948 |     0.1204 |     0.7933 |    0.6865 |   2.06e-04 |     
--- R2 + image-value context regrouping with regroup_text anchors validation statistics ---
up4: ca=0.8724+/-0.1364, sa=1.0105+/-0.0123, amp=0.0000, suppress=0.0000, guide_abs=0.2084
up4 residuals: local_mean=6.784e-02, global_mean=0.0239, local_strength=0.1184, global_strength=0.1110, gain=[0.9875,1.0894], saturation=0.0367, text_film=0.0195
up4 haar: reconstruction_error=9.537e-07, skip_low/high=0.8361/0.1639, plam_low/high=1.0000/0.0000
up4 strengths: plam=0.9237, region=0.1184, detail=0.1110; residual_std region/detail/refine=0.4026/0.3481/0.2766
up4 guide_mix: entropy=0.9700, raw_low=0.2926, plam_low=0.2941, decoder_low=0.2798, detail=0.1335; agreement plam/decoder=0.7122/0.3393, support=0.8291+/-0.0635
up4 adaptive_frequency: ALPF strength=0.2407, weights=0.1497/0.7168/0.1335, sum=1.0000, entropy=0.7198, delta_std=0.0744; AHPF strength=0.0797, weights=0.2968/0.5351/0.1681, sum=1.0000, entropy=0.9005, residual_std=0.0884, scaled_std=0.0070
up3: ca=0.9402+/-0.2225, sa=1.0076+/-0.0048, amp=0.0000, suppress=0.0000, guide_abs=0.2585
up3 residuals: local_mean=1.912e-02, global_mean=0.0454, local_strength=0.1181, global_strength=0.1189, gain=[0.9800,1.0413], saturation=0.0010, text_film=0.0354
up3 haar: reconstruction_error=9.537e-07, skip_low/high=0.8272/0.1728, plam_low/high=1.0000/0.0000
up3 strengths: plam=0.9029, region=0.1181, detail=0.1189; residual_std region/detail/refine=0.3783/0.5680/0.5074
up3 guide_mix: entropy=0.9694, raw_low=0.3502, plam_low=0.2581, decoder_low=0.2437, detail=0.1480; agreement plam/decoder=0.3143/0.0063, support=0.6828+/-0.0838
up3 adaptive_frequency: ALPF strength=0.2752, weights=0.1296/0.4252/0.4452, sum=1.0000, entropy=0.7957, delta_std=0.0598; AHPF strength=0.0985, weights=0.5816/0.2657/0.1527, sum=1.0000, entropy=0.7746, residual_std=0.0845, scaled_std=0.0083
up2: ca=0.8649+/-0.1602, sa=1.0039+/-0.0038, amp=0.0000, suppress=0.0000, guide_abs=0.2037
up2 residuals: local_mean=6.074e-03, global_mean=0.0288, local_strength=0.1163, global_strength=0.1125, gain=[0.9686,1.0430], saturation=0.0000, text_film=0.0246
up2 haar: reconstruction_error=9.537e-07, skip_low/high=0.8194/0.1806, plam_low/high=1.0000/0.0000
up2 strengths: plam=0.8482, region=0.1163, detail=0.1125; residual_std region/detail/refine=0.1770/0.2426/0.1235
up2 guide_mix: entropy=0.9326, raw_low=0.2718, plam_low=0.1929, decoder_low=0.4137, detail=0.1215; agreement plam/decoder=0.5096/-0.4234, support=0.5600+/-0.0364
up1: ca=0.7913+/-0.1615, sa=1.0026+/-0.0113, amp=0.0000, suppress=0.0000, guide_abs=0.2254
up1 residuals: local_mean=-8.936e-04, global_mean=0.0332, local_strength=0.1254, global_strength=0.0839, gain=[0.9184,1.0812], saturation=0.0464, text_film=0.0340
up1 haar: reconstruction_error=2.064e-06, skip_low/high=0.7715/0.2285, plam_low/high=1.0000/0.0000
up1 strengths: plam=0.9370, region=0.1254, detail=0.0839; residual_std region/detail/refine=0.5911/0.3905/0.1333
up1 guide_mix: entropy=0.9512, raw_low=0.3541, plam_low=0.2662, decoder_low=0.2670, detail=0.1128; agreement plam/decoder=0.5645/-0.0432, support=0.7180+/-0.1094

========= Epoch [32/80] =========
M2_Test_session_09.13_22h33
Training with batch size : 16
   [Train] Epoch: [32][20/357]  Loss:0.131 (Avg 0.1047) IoU:0.631 (Avg 0.7037) Dice:0.7441 (Avg 0.8099) LR 2.00e-04   (AvgTime 0.6)   
   [Train] Epoch: [32][40/357]  Loss:0.121 (Avg 0.1079) IoU:0.663 (Avg 0.6973) Dice:0.7607 (Avg 0.8041) LR 2.00e-04   (AvgTime 0.6)   
   [Train] Epoch: [32][60/357]  Loss:0.115 (Avg 0.1073) IoU:0.665 (Avg 0.6987) Dice:0.7829 (Avg 0.8049) LR 2.00e-04   (AvgTime 0.6)   
   [Train] Epoch: [32][80/357]  Loss:0.120 (Avg 0.1064) IoU:0.672 (Avg 0.7000) Dice:0.7639 (Avg 0.8059) LR 2.00e-04   (AvgTime 0.6)   
   [Train] Epoch: [32][100/357]  Loss:0.131 (Avg 0.1070) IoU:0.651 (Avg 0.6983) Dice:0.7847 (Avg 0.8047) LR 2.00e-04   (AvgTime 0.6)   
   [Train] Epoch: [32][120/357]  Loss:0.098 (Avg 0.1084) IoU:0.708 (Avg 0.6957) Dice:0.8145 (Avg 0.8026) LR 2.00e-04   (AvgTime 0.6)   
   [Train] Epoch: [32][140/357]  Loss:0.077 (Avg 0.1073) IoU:0.752 (Avg 0.6981) Dice:0.8472 (Avg 0.8046) LR 2.00e-04   (AvgTime 0.6)   
   [Train] Epoch: [32][160/357]  Loss:0.087 (Avg 0.1084) IoU:0.752 (Avg 0.6960) Dice:0.8504 (Avg 0.8025) LR 2.00e-04   (AvgTime 0.6)   
   [Train] Epoch: [32][180/357]  Loss:0.129 (Avg 0.1089) IoU:0.651 (Avg 0.6946) Dice:0.7502 (Avg 0.8011) LR 2.00e-04   (AvgTime 0.6)   
   [Train] Epoch: [32][200/357]  Loss:0.083 (Avg 0.1087) IoU:0.768 (Avg 0.6946) Dice:0.8635 (Avg 0.8009) LR 2.00e-04   (AvgTime 0.6)   
   [Train] Epoch: [32][220/357]  Loss:0.129 (Avg 0.1083) IoU:0.662 (Avg 0.6957) Dice:0.7775 (Avg 0.8017) LR 2.00e-04   (AvgTime 0.6)   
   [Train] Epoch: [32][240/357]  Loss:0.142 (Avg 0.1087) IoU:0.625 (Avg 0.6951) Dice:0.7386 (Avg 0.8011) LR 2.00e-04   (AvgTime 0.6)   
   [Train] Epoch: [32][260/357]  Loss:0.092 (Avg 0.1082) IoU:0.731 (Avg 0.6965) Dice:0.8342 (Avg 0.8022) LR 2.00e-04   (AvgTime 0.6)   
   [Train] Epoch: [32][280/357]  Loss:0.083 (Avg 0.1079) IoU:0.767 (Avg 0.6979) Dice:0.8516 (Avg 0.8034) LR 2.00e-04   (AvgTime 0.6)   
   [Train] Epoch: [32][300/357]  Loss:0.079 (Avg 0.1082) IoU:0.758 (Avg 0.6970) Dice:0.8572 (Avg 0.8026) LR 2.00e-04   (AvgTime 0.6)   
   [Train] Epoch: [32][320/357]  Loss:0.098 (Avg 0.1083) IoU:0.728 (Avg 0.6967) Dice:0.8340 (Avg 0.8024) LR 2.00e-04   (AvgTime 0.6)   
   [Train] Epoch: [32][340/357]  Loss:0.081 (Avg 0.1078) IoU:0.785 (Avg 0.6976) Dice:0.8755 (Avg 0.8031) LR 2.00e-04   (AvgTime 0.6)   
   [Train] Epoch: [32][357/357]  Loss:0.101 (Avg 0.1078) IoU:0.721 (Avg 0.6977) Dice:0.8197 (Avg 0.8031) LR 2.00e-04   (AvgTime 0.6)   
   [Train] Loss components: dice=0.170938, focal=0.044726, total=0.107832
Validation
   [Val] Epoch: [32][20/90]  Loss:0.136 (Avg 0.1068) IoU:0.659 (Avg 0.7137) Dice:0.7788 (Avg 0.8181) (AvgTime 0.3)   
   [Val] Epoch: [32][40/90]  Loss:0.098 (Avg 0.1146) IoU:0.709 (Avg 0.6941) Dice:0.8160 (Avg 0.7997) (AvgTime 0.3)   
   [Val] Epoch: [32][60/90]  Loss:0.137 (Avg 0.1080) IoU:0.639 (Avg 0.7042) Dice:0.7512 (Avg 0.8066) (AvgTime 0.2)   
   [Val] Epoch: [32][80/90]  Loss:0.091 (Avg 0.1063) IoU:0.721 (Avg 0.7054) Dice:0.8237 (Avg 0.8080) (AvgTime 0.2)   
   [Val] Epoch: [32][90/90]  Loss:0.142 (Avg 0.1063) IoU:0.591 (Avg 0.7051) Dice:0.7264 (Avg 0.8077) (AvgTime 0.2)   
   [Val] Loss components: dice=0.164843, focal=0.047857, total=0.106350
	 Saving best model by iou: 0.705095
	 Saving to Covid19/BetterLViT/m2_text_regroup/M2_Test_session_09.13_22h33/models//best_model-BetterLViT.pth.tar
	 early_stopping_count: 0/80
--- Epoch History (1..32) ---
Epoch |  TrainLoss |  TrainDice |  TrainIoU |    ValLoss |    ValDice |    ValIoU |         LR | Best
    1 |     0.2378 |     0.6073 |    0.4781 |     0.2212 |     0.6176 |    0.4873 |   3.00e-04 |     
    2 |     0.1754 |     0.6971 |    0.5727 |     0.1642 |     0.7061 |    0.5868 |   3.00e-04 |     
    3 |     0.1564 |     0.7248 |    0.6043 |     0.1373 |     0.7621 |    0.6492 |   3.00e-04 |     
    4 |     0.1512 |     0.7340 |    0.6154 |     0.1450 |     0.7555 |    0.6397 |   2.99e-04 |     
    5 |     0.1427 |     0.7474 |    0.6307 |     0.1478 |     0.7229 |    0.6010 |   2.98e-04 |     
    6 |     0.1390 |     0.7527 |    0.6372 |     0.1355 |     0.7500 |    0.6298 |   2.97e-04 |     
    7 |     0.1353 |     0.7589 |    0.6439 |     0.1369 |     0.7611 |    0.6439 |   2.96e-04 |     
    8 |     0.1328 |     0.7617 |    0.6475 |     0.1354 |     0.7518 |    0.6330 |   2.94e-04 |     
    9 |     0.1294 |     0.7676 |    0.6543 |     0.1259 |     0.7724 |    0.6623 |   2.92e-04 |     
   10 |     0.1295 |     0.7672 |    0.6539 |     0.1216 |     0.7861 |    0.6776 |   2.91e-04 |     
   11 |     0.1289 |     0.7699 |    0.6573 |     0.1227 |     0.7768 |    0.6660 |   2.88e-04 |     
   12 |     0.1259 |     0.7736 |    0.6616 |     0.1186 |     0.7928 |    0.6867 |   2.86e-04 |     
   13 |     0.1252 |     0.7750 |    0.6628 |     0.1353 |     0.7535 |    0.6352 |   2.83e-04 |     
   14 |     0.1232 |     0.7784 |    0.6678 |     0.1165 |     0.7837 |    0.6714 |   2.80e-04 |     
   15 |     0.1251 |     0.7742 |    0.6624 |     0.1190 |     0.7813 |    0.6712 |   2.77e-04 |     
   16 |     0.1215 |     0.7804 |    0.6697 |     0.1217 |     0.7897 |    0.6820 |   2.74e-04 |     
   17 |     0.1251 |     0.7760 |    0.6651 |     0.1343 |     0.7581 |    0.6458 |   2.71e-04 |     
   18 |     0.1198 |     0.7841 |    0.6743 |     0.1146 |     0.7928 |    0.6860 |   2.67e-04 |     
   19 |     0.1188 |     0.7853 |    0.6759 |     0.1158 |     0.7821 |    0.6716 |   2.63e-04 |     
   20 |     0.1162 |     0.7892 |    0.6812 |     0.1173 |     0.7890 |    0.6811 |   2.59e-04 |     
   21 |     0.1166 |     0.7883 |    0.6797 |     0.1159 |     0.7814 |    0.6698 |   2.55e-04 |     
   22 |     0.1165 |     0.7891 |    0.6807 |     0.1344 |     0.7703 |    0.6587 |   2.51e-04 |     
   23 |     0.1151 |     0.7912 |    0.6838 |     0.1108 |     0.7995 |    0.6952 |   2.46e-04 |     
   24 |     0.1139 |     0.7933 |    0.6855 |     0.1130 |     0.8017 |    0.6980 |   2.42e-04 |     
   25 |     0.1139 |     0.7934 |    0.6864 |     0.1150 |     0.7985 |    0.6949 |   2.37e-04 |     
   26 |     0.1126 |     0.7952 |    0.6882 |     0.1089 |     0.7988 |    0.6928 |   2.32e-04 |     
   27 |     0.1106 |     0.7984 |    0.6923 |     0.1083 |     0.8002 |    0.6945 |   2.27e-04 |     
   28 |     0.1117 |     0.7968 |    0.6907 |     0.1093 |     0.8014 |    0.6969 |   2.22e-04 |     
   29 |     0.1108 |     0.7982 |    0.6926 |     0.1124 |     0.7947 |    0.6863 |   2.17e-04 |     
   30 |     0.1098 |     0.7995 |    0.6939 |     0.1096 |     0.7995 |    0.6962 |   2.11e-04 |     
   31 |     0.1100 |     0.8004 |    0.6948 |     0.1204 |     0.7933 |    0.6865 |   2.06e-04 |     
   32 |     0.1078 |     0.8031 |    0.6977 |     0.1063 |     0.8077 |    0.7051 |   2.00e-04 |    *
--- R2 + image-value context regrouping with regroup_text anchors validation statistics ---
up4: ca=0.9184+/-0.1104, sa=1.0104+/-0.0114, amp=0.0000, suppress=0.0000, guide_abs=0.2023
up4 residuals: local_mean=6.202e-02, global_mean=0.0293, local_strength=0.1185, global_strength=0.1113, gain=[0.9865,1.0791], saturation=0.0847, text_film=0.0205
up4 haar: reconstruction_error=9.537e-07, skip_low/high=0.8250/0.1750, plam_low/high=1.0000/0.0000
up4 strengths: plam=0.9229, region=0.1185, detail=0.1113; residual_std region/detail/refine=0.4137/0.3604/0.2678
up4 guide_mix: entropy=0.9724, raw_low=0.2973, plam_low=0.2535, decoder_low=0.3076, detail=0.1416; agreement plam/decoder=0.7870/0.4211, support=0.8527+/-0.0618
up4 adaptive_frequency: ALPF strength=0.2416, weights=0.1532/0.7124/0.1344, sum=1.0000, entropy=0.7266, delta_std=0.0848; AHPF strength=0.0798, weights=0.2895/0.5393/0.1712, sum=1.0000, entropy=0.9007, residual_std=0.0994, scaled_std=0.0079
up3: ca=0.9744+/-0.1891, sa=1.0086+/-0.0045, amp=0.0000, suppress=0.0000, guide_abs=0.2496
up3 residuals: local_mean=2.006e-02, global_mean=0.0520, local_strength=0.1182, global_strength=0.1192, gain=[0.9815,1.0353], saturation=0.0000, text_film=0.0258
up3 haar: reconstruction_error=9.537e-07, skip_low/high=0.8099/0.1901, plam_low/high=1.0000/0.0000
up3 strengths: plam=0.9012, region=0.1182, detail=0.1192; residual_std region/detail/refine=0.3649/0.5566/0.4906
up3 guide_mix: entropy=0.9754, raw_low=0.3316, plam_low=0.2427, decoder_low=0.2712, detail=0.1546; agreement plam/decoder=0.2168/0.1081, support=0.6704+/-0.0878
up3 adaptive_frequency: ALPF strength=0.2764, weights=0.1197/0.4200/0.4603, sum=1.0000, entropy=0.8158, delta_std=0.0669; AHPF strength=0.0989, weights=0.6653/0.2152/0.1195, sum=1.0000, entropy=0.7125, residual_std=0.0713, scaled_std=0.0071
up2: ca=0.8866+/-0.1343, sa=1.0036+/-0.0035, amp=0.0000, suppress=0.0000, guide_abs=0.1733
up2 residuals: local_mean=5.552e-03, global_mean=0.0263, local_strength=0.1164, global_strength=0.1128, gain=[0.9660,1.0404], saturation=0.0000, text_film=0.0240
up2 haar: reconstruction_error=9.537e-07, skip_low/high=0.8036/0.1964, plam_low/high=1.0000/0.0000
up2 strengths: plam=0.8453, region=0.1164, detail=0.1128; residual_std region/detail/refine=0.1759/0.2633/0.1333
up2 guide_mix: entropy=0.9263, raw_low=0.2801, plam_low=0.1568, decoder_low=0.4250, detail=0.1381; agreement plam/decoder=0.5301/-0.1663, support=0.5585+/-0.0365
up1: ca=0.8072+/-0.1564, sa=1.0026+/-0.0116, amp=0.0000, suppress=0.0000, guide_abs=0.2340
up1 residuals: local_mean=-1.639e-03, global_mean=0.0340, local_strength=0.1255, global_strength=0.0835, gain=[0.9179,1.0815], saturation=0.0444, text_film=0.0367
up1 haar: reconstruction_error=2.589e-06, skip_low/high=0.7353/0.2647, plam_low/high=1.0000/0.0000
up1 strengths: plam=0.9363, region=0.1255, detail=0.0835; residual_std region/detail/refine=0.6071/0.4057/0.1353
up1 guide_mix: entropy=0.9550, raw_low=0.2963, plam_low=0.2643, decoder_low=0.3264, detail=0.1130; agreement plam/decoder=0.5763/0.0573, support=0.7146+/-0.1103

========= Epoch [33/80] =========
M2_Test_session_09.13_22h33
Training with batch size : 16
   [Train] Epoch: [33][20/357]  Loss:0.111 (Avg 0.1040) IoU:0.680 (Avg 0.7059) Dice:0.7923 (Avg 0.8101) LR 1.94e-04   (AvgTime 0.6)   
   [Train] Epoch: [33][40/357]  Loss:0.093 (Avg 0.1085) IoU:0.722 (Avg 0.6966) Dice:0.8241 (Avg 0.8013) LR 1.94e-04   (AvgTime 0.6)   
   [Train] Epoch: [33][60/357]  Loss:0.117 (Avg 0.1075) IoU:0.693 (Avg 0.6979) Dice:0.8076 (Avg 0.8027) LR 1.94e-04   (AvgTime 0.6)   
   [Train] Epoch: [33][80/357]  Loss:0.088 (Avg 0.1078) IoU:0.716 (Avg 0.6961) Dice:0.8257 (Avg 0.8021) LR 1.94e-04   (AvgTime 0.6)   
   [Train] Epoch: [33][100/357]  Loss:0.085 (Avg 0.1070) IoU:0.748 (Avg 0.6982) Dice:0.8471 (Avg 0.8038) LR 1.94e-04   (AvgTime 0.6)   
   [Train] Epoch: [33][120/357]  Loss:0.084 (Avg 0.1064) IoU:0.747 (Avg 0.7001) Dice:0.8487 (Avg 0.8051) LR 1.94e-04   (AvgTime 0.6)   
   [Train] Epoch: [33][140/357]  Loss:0.131 (Avg 0.1061) IoU:0.656 (Avg 0.7008) Dice:0.7790 (Avg 0.8058) LR 1.94e-04   (AvgTime 0.6)   
   [Train] Epoch: [33][160/357]  Loss:0.138 (Avg 0.1059) IoU:0.706 (Avg 0.7019) Dice:0.7899 (Avg 0.8068) LR 1.94e-04   (AvgTime 0.6)   
   [Train] Epoch: [33][180/357]  Loss:0.108 (Avg 0.1061) IoU:0.720 (Avg 0.7014) Dice:0.8104 (Avg 0.8059) LR 1.94e-04   (AvgTime 0.6)   
   [Train] Epoch: [33][200/357]  Loss:0.132 (Avg 0.1064) IoU:0.623 (Avg 0.7006) Dice:0.7459 (Avg 0.8055) LR 1.94e-04   (AvgTime 0.6)   
   [Train] Epoch: [33][220/357]  Loss:0.090 (Avg 0.1059) IoU:0.714 (Avg 0.7012) Dice:0.8236 (Avg 0.8062) LR 1.94e-04   (AvgTime 0.6)   
   [Train] Epoch: [33][240/357]  Loss:0.097 (Avg 0.1054) IoU:0.714 (Avg 0.7028) Dice:0.8143 (Avg 0.8074) LR 1.94e-04   (AvgTime 0.6)   
   [Train] Epoch: [33][260/357]  Loss:0.154 (Avg 0.1055) IoU:0.599 (Avg 0.7031) Dice:0.7126 (Avg 0.8074) LR 1.94e-04   (AvgTime 0.6)   
   [Train] Epoch: [33][280/357]  Loss:0.096 (Avg 0.1061) IoU:0.723 (Avg 0.7017) Dice:0.8261 (Avg 0.8062) LR 1.94e-04   (AvgTime 0.6)   
   [Train] Epoch: [33][300/357]  Loss:0.087 (Avg 0.1061) IoU:0.753 (Avg 0.7019) Dice:0.8367 (Avg 0.8061) LR 1.94e-04   (AvgTime 0.6)   
   [Train] Epoch: [33][320/357]  Loss:0.128 (Avg 0.1065) IoU:0.627 (Avg 0.7008) Dice:0.7388 (Avg 0.8052) LR 1.94e-04   (AvgTime 0.6)   
   [Train] Epoch: [33][340/357]  Loss:0.105 (Avg 0.1067) IoU:0.671 (Avg 0.7004) Dice:0.7873 (Avg 0.8049) LR 1.94e-04   (AvgTime 0.6)   
   [Train] Epoch: [33][357/357]  Loss:0.132 (Avg 0.1066) IoU:0.631 (Avg 0.7006) Dice:0.7510 (Avg 0.8052) LR 1.94e-04   (AvgTime 0.6)   
   [Train] Loss components: dice=0.168708, focal=0.044439, total=0.106573
Validation
   [Val] Epoch: [33][20/90]  Loss:0.139 (Avg 0.1123) IoU:0.641 (Avg 0.6952) Dice:0.7630 (Avg 0.8042) (AvgTime 0.3)   
   [Val] Epoch: [33][40/90]  Loss:0.101 (Avg 0.1200) IoU:0.698 (Avg 0.6774) Dice:0.8100 (Avg 0.7873) (AvgTime 0.2)   
   [Val] Epoch: [33][60/90]  Loss:0.148 (Avg 0.1129) IoU:0.630 (Avg 0.6892) Dice:0.7422 (Avg 0.7961) (AvgTime 0.2)   
   [Val] Epoch: [33][80/90]  Loss:0.092 (Avg 0.1112) IoU:0.710 (Avg 0.6899) Dice:0.8190 (Avg 0.7972) (AvgTime 0.2)   
   [Val] Epoch: [33][90/90]  Loss:0.145 (Avg 0.1119) IoU:0.584 (Avg 0.6884) Dice:0.7185 (Avg 0.7959) (AvgTime 0.2)   
   [Val] Loss components: dice=0.177290, focal=0.046526, total=0.111908
	 No iou improvement; selected epoch 32
	 early_stopping_count: 1/80
--- Epoch History (1..33) ---
Epoch |  TrainLoss |  TrainDice |  TrainIoU |    ValLoss |    ValDice |    ValIoU |         LR | Best
    1 |     0.2378 |     0.6073 |    0.4781 |     0.2212 |     0.6176 |    0.4873 |   3.00e-04 |     
    2 |     0.1754 |     0.6971 |    0.5727 |     0.1642 |     0.7061 |    0.5868 |   3.00e-04 |     
    3 |     0.1564 |     0.7248 |    0.6043 |     0.1373 |     0.7621 |    0.6492 |   3.00e-04 |     
    4 |     0.1512 |     0.7340 |    0.6154 |     0.1450 |     0.7555 |    0.6397 |   2.99e-04 |     
    5 |     0.1427 |     0.7474 |    0.6307 |     0.1478 |     0.7229 |    0.6010 |   2.98e-04 |     
    6 |     0.1390 |     0.7527 |    0.6372 |     0.1355 |     0.7500 |    0.6298 |   2.97e-04 |     
    7 |     0.1353 |     0.7589 |    0.6439 |     0.1369 |     0.7611 |    0.6439 |   2.96e-04 |     
    8 |     0.1328 |     0.7617 |    0.6475 |     0.1354 |     0.7518 |    0.6330 |   2.94e-04 |     
    9 |     0.1294 |     0.7676 |    0.6543 |     0.1259 |     0.7724 |    0.6623 |   2.92e-04 |     
   10 |     0.1295 |     0.7672 |    0.6539 |     0.1216 |     0.7861 |    0.6776 |   2.91e-04 |     
   11 |     0.1289 |     0.7699 |    0.6573 |     0.1227 |     0.7768 |    0.6660 |   2.88e-04 |     
   12 |     0.1259 |     0.7736 |    0.6616 |     0.1186 |     0.7928 |    0.6867 |   2.86e-04 |     
   13 |     0.1252 |     0.7750 |    0.6628 |     0.1353 |     0.7535 |    0.6352 |   2.83e-04 |     
   14 |     0.1232 |     0.7784 |    0.6678 |     0.1165 |     0.7837 |    0.6714 |   2.80e-04 |     
   15 |     0.1251 |     0.7742 |    0.6624 |     0.1190 |     0.7813 |    0.6712 |   2.77e-04 |     
   16 |     0.1215 |     0.7804 |    0.6697 |     0.1217 |     0.7897 |    0.6820 |   2.74e-04 |     
   17 |     0.1251 |     0.7760 |    0.6651 |     0.1343 |     0.7581 |    0.6458 |   2.71e-04 |     
   18 |     0.1198 |     0.7841 |    0.6743 |     0.1146 |     0.7928 |    0.6860 |   2.67e-04 |     
   19 |     0.1188 |     0.7853 |    0.6759 |     0.1158 |     0.7821 |    0.6716 |   2.63e-04 |     
   20 |     0.1162 |     0.7892 |    0.6812 |     0.1173 |     0.7890 |    0.6811 |   2.59e-04 |     
   21 |     0.1166 |     0.7883 |    0.6797 |     0.1159 |     0.7814 |    0.6698 |   2.55e-04 |     
   22 |     0.1165 |     0.7891 |    0.6807 |     0.1344 |     0.7703 |    0.6587 |   2.51e-04 |     
   23 |     0.1151 |     0.7912 |    0.6838 |     0.1108 |     0.7995 |    0.6952 |   2.46e-04 |     
   24 |     0.1139 |     0.7933 |    0.6855 |     0.1130 |     0.8017 |    0.6980 |   2.42e-04 |     
   25 |     0.1139 |     0.7934 |    0.6864 |     0.1150 |     0.7985 |    0.6949 |   2.37e-04 |     
   26 |     0.1126 |     0.7952 |    0.6882 |     0.1089 |     0.7988 |    0.6928 |   2.32e-04 |     
   27 |     0.1106 |     0.7984 |    0.6923 |     0.1083 |     0.8002 |    0.6945 |   2.27e-04 |     
   28 |     0.1117 |     0.7968 |    0.6907 |     0.1093 |     0.8014 |    0.6969 |   2.22e-04 |     
   29 |     0.1108 |     0.7982 |    0.6926 |     0.1124 |     0.7947 |    0.6863 |   2.17e-04 |     
   30 |     0.1098 |     0.7995 |    0.6939 |     0.1096 |     0.7995 |    0.6962 |   2.11e-04 |     
   31 |     0.1100 |     0.8004 |    0.6948 |     0.1204 |     0.7933 |    0.6865 |   2.06e-04 |     
   32 |     0.1078 |     0.8031 |    0.6977 |     0.1063 |     0.8077 |    0.7051 |   2.00e-04 |    *
   33 |     0.1066 |     0.8052 |    0.7006 |     0.1119 |     0.7959 |    0.6884 |   1.94e-04 |     
--- R2 + image-value context regrouping with regroup_text anchors validation statistics ---
up4: ca=0.9059+/-0.1187, sa=1.0093+/-0.0112, amp=0.0000, suppress=0.0000, guide_abs=0.1704
up4 residuals: local_mean=5.844e-02, global_mean=0.0228, local_strength=0.1188, global_strength=0.1117, gain=[0.9856,1.0875], saturation=0.0265, text_film=0.0198
up4 haar: reconstruction_error=9.537e-07, skip_low/high=0.8223/0.1777, plam_low/high=1.0000/0.0000
up4 strengths: plam=0.9215, region=0.1188, detail=0.1117; residual_std region/detail/refine=0.3653/0.3636/0.2787
up4 guide_mix: entropy=0.9767, raw_low=0.3153, plam_low=0.2761, decoder_low=0.2579, detail=0.1508; agreement plam/decoder=0.7645/0.4685, support=0.8142+/-0.0676
up4 adaptive_frequency: ALPF strength=0.2421, weights=0.1480/0.7127/0.1392, sum=1.0000, entropy=0.7261, delta_std=0.0763; AHPF strength=0.0798, weights=0.2612/0.5610/0.1777, sum=1.0000, entropy=0.8878, residual_std=0.1039, scaled_std=0.0083
up3: ca=0.9786+/-0.1870, sa=1.0083+/-0.0045, amp=0.0000, suppress=0.0000, guide_abs=0.2926
up3 residuals: local_mean=2.070e-02, global_mean=0.0489, local_strength=0.1183, global_strength=0.1194, gain=[0.9838,1.0449], saturation=0.0023, text_film=0.0308
up3 haar: reconstruction_error=9.537e-07, skip_low/high=0.8098/0.1902, plam_low/high=1.0000/0.0000
up3 strengths: plam=0.8997, region=0.1183, detail=0.1194; residual_std region/detail/refine=0.4058/0.5601/0.4923
up3 guide_mix: entropy=0.9759, raw_low=0.3371, plam_low=0.2474, decoder_low=0.2577, detail=0.1578; agreement plam/decoder=0.1342/0.1126, support=0.6954+/-0.0904
up3 adaptive_frequency: ALPF strength=0.2780, weights=0.0856/0.3400/0.5744, sum=1.0000, entropy=0.7418, delta_std=0.0659; AHPF strength=0.0993, weights=0.5856/0.2661/0.1484, sum=1.0000, entropy=0.8029, residual_std=0.0877, scaled_std=0.0087
up2: ca=0.9005+/-0.1433, sa=1.0030+/-0.0034, amp=0.0000, suppress=0.0000, guide_abs=0.1714
up2 residuals: local_mean=5.743e-03, global_mean=0.0206, local_strength=0.1166, global_strength=0.1130, gain=[0.9632,1.0359], saturation=0.0000, text_film=0.0251
up2 haar: reconstruction_error=9.537e-07, skip_low/high=0.8092/0.1908, plam_low/high=1.0000/0.0000
up2 strengths: plam=0.8422, region=0.1166, detail=0.1130; residual_std region/detail/refine=0.1726/0.2703/0.1311
up2 guide_mix: entropy=0.9319, raw_low=0.3025, plam_low=0.1560, decoder_low=0.4027, detail=0.1388; agreement plam/decoder=0.6595/0.1657, support=0.5533+/-0.0300
up1: ca=0.8025+/-0.1470, sa=1.0026+/-0.0115, amp=0.0000, suppress=0.0000, guide_abs=0.2242
up1 residuals: local_mean=-2.179e-03, global_mean=0.0351, local_strength=0.1257, global_strength=0.0829, gain=[0.9188,1.0808], saturation=0.0463, text_film=0.0338
up1 haar: reconstruction_error=2.783e-06, skip_low/high=0.7223/0.2777, plam_low/high=1.0000/0.0000
up1 strengths: plam=0.9359, region=0.1257, detail=0.0829; residual_std region/detail/refine=0.5712/0.3971/0.1373
up1 guide_mix: entropy=0.9556, raw_low=0.2715, plam_low=0.2961, decoder_low=0.3199, detail=0.1126; agreement plam/decoder=0.5446/0.0653, support=0.7160+/-0.1111

========= Epoch [34/80] =========
M2_Test_session_09.13_22h33
Training with batch size : 16
   [Train] Epoch: [34][20/357]  Loss:0.106 (Avg 0.1098) IoU:0.714 (Avg 0.6940) Dice:0.8249 (Avg 0.7996) LR 1.89e-04   (AvgTime 0.6)   
   [Train] Epoch: [34][40/357]  Loss:0.098 (Avg 0.1056) IoU:0.704 (Avg 0.7001) Dice:0.8145 (Avg 0.8058) LR 1.89e-04   (AvgTime 0.6)   
   [Train] Epoch: [34][60/357]  Loss:0.118 (Avg 0.1042) IoU:0.696 (Avg 0.7044) Dice:0.8097 (Avg 0.8094) LR 1.89e-04   (AvgTime 0.6)   
   [Train] Epoch: [34][80/357]  Loss:0.096 (Avg 0.1041) IoU:0.725 (Avg 0.7050) Dice:0.8224 (Avg 0.8097) LR 1.89e-04   (AvgTime 0.6)   
   [Train] Epoch: [34][100/357]  Loss:0.138 (Avg 0.1035) IoU:0.645 (Avg 0.7068) Dice:0.7611 (Avg 0.8106) LR 1.89e-04   (AvgTime 0.6)   
   [Train] Epoch: [34][120/357]  Loss:0.108 (Avg 0.1043) IoU:0.688 (Avg 0.7050) Dice:0.7935 (Avg 0.8096) LR 1.89e-04   (AvgTime 0.6)   
   [Train] Epoch: [34][140/357]  Loss:0.118 (Avg 0.1060) IoU:0.739 (Avg 0.7017) Dice:0.8174 (Avg 0.8064) LR 1.89e-04   (AvgTime 0.6)   
   [Train] Epoch: [34][160/357]  Loss:0.110 (Avg 0.1047) IoU:0.704 (Avg 0.7046) Dice:0.8058 (Avg 0.8090) LR 1.89e-04   (AvgTime 0.6)   
   [Train] Epoch: [34][180/357]  Loss:0.166 (Avg 0.1054) IoU:0.582 (Avg 0.7031) Dice:0.7135 (Avg 0.8076) LR 1.89e-04   (AvgTime 0.6)   
   [Train] Epoch: [34][200/357]  Loss:0.087 (Avg 0.1056) IoU:0.740 (Avg 0.7023) Dice:0.8424 (Avg 0.8068) LR 1.89e-04   (AvgTime 0.6)   
   [Train] Epoch: [34][220/357]  Loss:0.086 (Avg 0.1058) IoU:0.728 (Avg 0.7014) Dice:0.8322 (Avg 0.8059) LR 1.89e-04   (AvgTime 0.6)   
   [Train] Epoch: [34][240/357]  Loss:0.105 (Avg 0.1063) IoU:0.694 (Avg 0.7006) Dice:0.8046 (Avg 0.8052) LR 1.89e-04   (AvgTime 0.6)   
   [Train] Epoch: [34][260/357]  Loss:0.096 (Avg 0.1060) IoU:0.694 (Avg 0.7011) Dice:0.8047 (Avg 0.8058) LR 1.89e-04   (AvgTime 0.6)   
   [Train] Epoch: [34][280/357]  Loss:0.118 (Avg 0.1059) IoU:0.717 (Avg 0.7016) Dice:0.8175 (Avg 0.8060) LR 1.89e-04   (AvgTime 0.6)   
   [Train] Epoch: [34][300/357]  Loss:0.072 (Avg 0.1060) IoU:0.774 (Avg 0.7017) Dice:0.8640 (Avg 0.8060) LR 1.89e-04   (AvgTime 0.6)   
   [Train] Epoch: [34][320/357]  Loss:0.111 (Avg 0.1061) IoU:0.677 (Avg 0.7013) Dice:0.7866 (Avg 0.8058) LR 1.89e-04   (AvgTime 0.6)   
   [Train] Epoch: [34][340/357]  Loss:0.078 (Avg 0.1057) IoU:0.768 (Avg 0.7025) Dice:0.8609 (Avg 0.8068) LR 1.89e-04   (AvgTime 0.6)   
   [Train] Epoch: [34][357/357]  Loss:0.101 (Avg 0.1059) IoU:0.706 (Avg 0.7019) Dice:0.8106 (Avg 0.8063) LR 1.89e-04   (AvgTime 0.6)   
   [Train] Loss components: dice=0.167643, focal=0.044235, total=0.105939
Validation
   [Val] Epoch: [34][20/90]  Loss:0.138 (Avg 0.1085) IoU:0.657 (Avg 0.7094) Dice:0.7768 (Avg 0.8149) (AvgTime 0.3)   
   [Val] Epoch: [34][40/90]  Loss:0.094 (Avg 0.1157) IoU:0.720 (Avg 0.6921) Dice:0.8297 (Avg 0.7989) (AvgTime 0.2)   
   [Val] Epoch: [34][60/90]  Loss:0.151 (Avg 0.1100) IoU:0.628 (Avg 0.6994) Dice:0.7370 (Avg 0.8040) (AvgTime 0.2)   
   [Val] Epoch: [34][80/90]  Loss:0.090 (Avg 0.1090) IoU:0.747 (Avg 0.6981) Dice:0.8440 (Avg 0.8033) (AvgTime 0.2)   
   [Val] Epoch: [34][90/90]  Loss:0.149 (Avg 0.1097) IoU:0.583 (Avg 0.6963) Dice:0.7160 (Avg 0.8017) (AvgTime 0.2)   
   [Val] Loss components: dice=0.171349, focal=0.048099, total=0.109724
	 No iou improvement; selected epoch 32
	 early_stopping_count: 2/80
--- Epoch History (1..34) ---
Epoch |  TrainLoss |  TrainDice |  TrainIoU |    ValLoss |    ValDice |    ValIoU |         LR | Best
    1 |     0.2378 |     0.6073 |    0.4781 |     0.2212 |     0.6176 |    0.4873 |   3.00e-04 |     
    2 |     0.1754 |     0.6971 |    0.5727 |     0.1642 |     0.7061 |    0.5868 |   3.00e-04 |     
    3 |     0.1564 |     0.7248 |    0.6043 |     0.1373 |     0.7621 |    0.6492 |   3.00e-04 |     
    4 |     0.1512 |     0.7340 |    0.6154 |     0.1450 |     0.7555 |    0.6397 |   2.99e-04 |     
    5 |     0.1427 |     0.7474 |    0.6307 |     0.1478 |     0.7229 |    0.6010 |   2.98e-04 |     
    6 |     0.1390 |     0.7527 |    0.6372 |     0.1355 |     0.7500 |    0.6298 |   2.97e-04 |     
    7 |     0.1353 |     0.7589 |    0.6439 |     0.1369 |     0.7611 |    0.6439 |   2.96e-04 |     
    8 |     0.1328 |     0.7617 |    0.6475 |     0.1354 |     0.7518 |    0.6330 |   2.94e-04 |     
    9 |     0.1294 |     0.7676 |    0.6543 |     0.1259 |     0.7724 |    0.6623 |   2.92e-04 |     
   10 |     0.1295 |     0.7672 |    0.6539 |     0.1216 |     0.7861 |    0.6776 |   2.91e-04 |     
   11 |     0.1289 |     0.7699 |    0.6573 |     0.1227 |     0.7768 |    0.6660 |   2.88e-04 |     
   12 |     0.1259 |     0.7736 |    0.6616 |     0.1186 |     0.7928 |    0.6867 |   2.86e-04 |     
   13 |     0.1252 |     0.7750 |    0.6628 |     0.1353 |     0.7535 |    0.6352 |   2.83e-04 |     
   14 |     0.1232 |     0.7784 |    0.6678 |     0.1165 |     0.7837 |    0.6714 |   2.80e-04 |     
   15 |     0.1251 |     0.7742 |    0.6624 |     0.1190 |     0.7813 |    0.6712 |   2.77e-04 |     
   16 |     0.1215 |     0.7804 |    0.6697 |     0.1217 |     0.7897 |    0.6820 |   2.74e-04 |     
   17 |     0.1251 |     0.7760 |    0.6651 |     0.1343 |     0.7581 |    0.6458 |   2.71e-04 |     
   18 |     0.1198 |     0.7841 |    0.6743 |     0.1146 |     0.7928 |    0.6860 |   2.67e-04 |     
   19 |     0.1188 |     0.7853 |    0.6759 |     0.1158 |     0.7821 |    0.6716 |   2.63e-04 |     
   20 |     0.1162 |     0.7892 |    0.6812 |     0.1173 |     0.7890 |    0.6811 |   2.59e-04 |     
   21 |     0.1166 |     0.7883 |    0.6797 |     0.1159 |     0.7814 |    0.6698 |   2.55e-04 |     
   22 |     0.1165 |     0.7891 |    0.6807 |     0.1344 |     0.7703 |    0.6587 |   2.51e-04 |     
   23 |     0.1151 |     0.7912 |    0.6838 |     0.1108 |     0.7995 |    0.6952 |   2.46e-04 |     
   24 |     0.1139 |     0.7933 |    0.6855 |     0.1130 |     0.8017 |    0.6980 |   2.42e-04 |     
   25 |     0.1139 |     0.7934 |    0.6864 |     0.1150 |     0.7985 |    0.6949 |   2.37e-04 |     
   26 |     0.1126 |     0.7952 |    0.6882 |     0.1089 |     0.7988 |    0.6928 |   2.32e-04 |     
   27 |     0.1106 |     0.7984 |    0.6923 |     0.1083 |     0.8002 |    0.6945 |   2.27e-04 |     
   28 |     0.1117 |     0.7968 |    0.6907 |     0.1093 |     0.8014 |    0.6969 |   2.22e-04 |     
   29 |     0.1108 |     0.7982 |    0.6926 |     0.1124 |     0.7947 |    0.6863 |   2.17e-04 |     
   30 |     0.1098 |     0.7995 |    0.6939 |     0.1096 |     0.7995 |    0.6962 |   2.11e-04 |     
   31 |     0.1100 |     0.8004 |    0.6948 |     0.1204 |     0.7933 |    0.6865 |   2.06e-04 |     
   32 |     0.1078 |     0.8031 |    0.6977 |     0.1063 |     0.8077 |    0.7051 |   2.00e-04 |    *
   33 |     0.1066 |     0.8052 |    0.7006 |     0.1119 |     0.7959 |    0.6884 |   1.94e-04 |     
   34 |     0.1059 |     0.8063 |    0.7019 |     0.1097 |     0.8017 |    0.6963 |   1.89e-04 |     
--- R2 + image-value context regrouping with regroup_text anchors validation statistics ---
up4: ca=0.9005+/-0.1184, sa=1.0103+/-0.0104, amp=0.0000, suppress=0.0000, guide_abs=0.2039
up4 residuals: local_mean=6.311e-02, global_mean=0.0264, local_strength=0.1191, global_strength=0.1121, gain=[0.9871,1.0779], saturation=0.1684, text_film=0.0204
up4 haar: reconstruction_error=9.537e-07, skip_low/high=0.8241/0.1759, plam_low/high=1.0000/0.0000
up4 strengths: plam=0.9201, region=0.1191, detail=0.1121; residual_std region/detail/refine=0.4188/0.3624/0.2692
up4 guide_mix: entropy=0.9739, raw_low=0.2991, plam_low=0.2584, decoder_low=0.2993, detail=0.1432; agreement plam/decoder=0.7151/0.4629, support=0.8807+/-0.0609
up4 adaptive_frequency: ALPF strength=0.2423, weights=0.1556/0.7075/0.1369, sum=1.0000, entropy=0.7334, delta_std=0.0841; AHPF strength=0.0797, weights=0.2846/0.5469/0.1685, sum=1.0000, entropy=0.8940, residual_std=0.0991, scaled_std=0.0079
up3: ca=0.9918+/-0.1849, sa=1.0080+/-0.0044, amp=0.0000, suppress=0.0000, guide_abs=0.2845
up3 residuals: local_mean=2.017e-02, global_mean=0.0470, local_strength=0.1184, global_strength=0.1196, gain=[0.9801,1.0366], saturation=0.0005, text_film=0.0266
up3 haar: reconstruction_error=9.537e-07, skip_low/high=0.8058/0.1942, plam_low/high=1.0000/0.0000
up3 strengths: plam=0.8984, region=0.1184, detail=0.1196; residual_std region/detail/refine=0.3871/0.5670/0.4969
up3 guide_mix: entropy=0.9771, raw_low=0.3300, plam_low=0.2583, decoder_low=0.2549, detail=0.1569; agreement plam/decoder=0.0745/0.1121, support=0.7039+/-0.0814
up3 adaptive_frequency: ALPF strength=0.2794, weights=0.1230/0.4146/0.4624, sum=1.0000, entropy=0.7969, delta_std=0.0653; AHPF strength=0.0995, weights=0.6006/0.2563/0.1432, sum=1.0000, entropy=0.7742, residual_std=0.0837, scaled_std=0.0083
up2: ca=0.9109+/-0.1397, sa=1.0032+/-0.0036, amp=0.0000, suppress=0.0000, guide_abs=0.1842
up2 residuals: local_mean=5.296e-03, global_mean=0.0230, local_strength=0.1168, global_strength=0.1132, gain=[0.9687,1.0349], saturation=0.0000, text_film=0.0296
up2 haar: reconstruction_error=9.537e-07, skip_low/high=0.8004/0.1996, plam_low/high=1.0000/0.0000
up2 strengths: plam=0.8394, region=0.1168, detail=0.1132; residual_std region/detail/refine=0.1754/0.2718/0.1334
up2 guide_mix: entropy=0.9328, raw_low=0.2896, plam_low=0.1579, decoder_low=0.4104, detail=0.1421; agreement plam/decoder=0.6739/-0.0215, support=0.5574+/-0.0311
up1: ca=0.8021+/-0.1441, sa=1.0026+/-0.0114, amp=0.0000, suppress=0.0000, guide_abs=0.2341
up1 residuals: local_mean=-2.277e-03, global_mean=0.0357, local_strength=0.1258, global_strength=0.0826, gain=[0.9193,1.0804], saturation=0.0713, text_film=0.0348
up1 haar: reconstruction_error=1.907e-06, skip_low/high=0.7303/0.2697, plam_low/high=1.0000/0.0000
up1 strengths: plam=0.9355, region=0.1258, detail=0.0826; residual_std region/detail/refine=0.5761/0.4006/0.1387
up1 guide_mix: entropy=0.9550, raw_low=0.2841, plam_low=0.2786, decoder_low=0.3254, detail=0.1119; agreement plam/decoder=0.5163/0.2531, support=0.7385+/-0.1154

========= Epoch [35/80] =========
M2_Test_session_09.13_22h33
Training with batch size : 16
   [Train] Epoch: [35][20/357]  Loss:0.076 (Avg 0.0976) IoU:0.766 (Avg 0.7194) Dice:0.8615 (Avg 0.8214) LR 1.83e-04   (AvgTime 0.6)   
   [Train] Epoch: [35][40/357]  Loss:0.096 (Avg 0.1000) IoU:0.722 (Avg 0.7149) Dice:0.8177 (Avg 0.8174) LR 1.83e-04   (AvgTime 0.6)   
   [Train] Epoch: [35][60/357]  Loss:0.121 (Avg 0.0999) IoU:0.678 (Avg 0.7152) Dice:0.7823 (Avg 0.8175) LR 1.83e-04   (AvgTime 0.6)   
   [Train] Epoch: [35][80/357]  Loss:0.086 (Avg 0.1008) IoU:0.722 (Avg 0.7125) Dice:0.8290 (Avg 0.8159) LR 1.83e-04   (AvgTime 0.6)   
   [Train] Epoch: [35][100/357]  Loss:0.101 (Avg 0.1016) IoU:0.722 (Avg 0.7100) Dice:0.8260 (Avg 0.8143) LR 1.83e-04   (AvgTime 0.6)   
   [Train] Epoch: [35][120/357]  Loss:0.073 (Avg 0.1016) IoU:0.773 (Avg 0.7102) Dice:0.8597 (Avg 0.8145) LR 1.83e-04   (AvgTime 0.6)   
   [Train] Epoch: [35][140/357]  Loss:0.101 (Avg 0.1024) IoU:0.734 (Avg 0.7087) Dice:0.8321 (Avg 0.8131) LR 1.83e-04   (AvgTime 0.6)   
   [Train] Epoch: [35][160/357]  Loss:0.081 (Avg 0.1027) IoU:0.761 (Avg 0.7082) Dice:0.8572 (Avg 0.8125) LR 1.83e-04   (AvgTime 0.6)   
   [Train] Epoch: [35][180/357]  Loss:0.086 (Avg 0.1028) IoU:0.762 (Avg 0.7087) Dice:0.8574 (Avg 0.8123) LR 1.83e-04   (AvgTime 0.6)   
   [Train] Epoch: [35][200/357]  Loss:0.137 (Avg 0.1031) IoU:0.619 (Avg 0.7078) Dice:0.7461 (Avg 0.8113) LR 1.83e-04   (AvgTime 0.6)   
   [Train] Epoch: [35][220/357]  Loss:0.149 (Avg 0.1035) IoU:0.595 (Avg 0.7070) Dice:0.7165 (Avg 0.8106) LR 1.83e-04   (AvgTime 0.6)   
   [Train] Epoch: [35][240/357]  Loss:0.082 (Avg 0.1033) IoU:0.743 (Avg 0.7072) Dice:0.8356 (Avg 0.8108) LR 1.83e-04   (AvgTime 0.6)   
   [Train] Epoch: [35][260/357]  Loss:0.067 (Avg 0.1037) IoU:0.792 (Avg 0.7064) Dice:0.8795 (Avg 0.8100) LR 1.83e-04   (AvgTime 0.6)   
   [Train] Epoch: [35][280/357]  Loss:0.102 (Avg 0.1044) IoU:0.754 (Avg 0.7046) Dice:0.8504 (Avg 0.8085) LR 1.83e-04   (AvgTime 0.6)   
   [Train] Epoch: [35][300/357]  Loss:0.132 (Avg 0.1047) IoU:0.636 (Avg 0.7042) Dice:0.7513 (Avg 0.8082) LR 1.83e-04   (AvgTime 0.6)   
   [Train] Epoch: [35][320/357]  Loss:0.107 (Avg 0.1043) IoU:0.675 (Avg 0.7056) Dice:0.7944 (Avg 0.8092) LR 1.83e-04   (AvgTime 0.6)   
   [Train] Epoch: [35][340/357]  Loss:0.137 (Avg 0.1048) IoU:0.647 (Avg 0.7046) Dice:0.7599 (Avg 0.8082) LR 1.83e-04   (AvgTime 0.6)   
   [Train] Epoch: [35][357/357]  Loss:0.094 (Avg 0.1044) IoU:0.733 (Avg 0.7053) Dice:0.8303 (Avg 0.8089) LR 1.83e-04   (AvgTime 0.6)   
   [Train] Loss components: dice=0.165419, focal=0.043458, total=0.104438
Validation
   [Val] Epoch: [35][20/90]  Loss:0.128 (Avg 0.1052) IoU:0.660 (Avg 0.7160) Dice:0.7823 (Avg 0.8201) (AvgTime 0.3)   
   [Val] Epoch: [35][40/90]  Loss:0.097 (Avg 0.1117) IoU:0.727 (Avg 0.6981) Dice:0.8290 (Avg 0.8035) (AvgTime 0.2)   
   [Val] Epoch: [35][60/90]  Loss:0.151 (Avg 0.1062) IoU:0.627 (Avg 0.7090) Dice:0.7394 (Avg 0.8109) (AvgTime 0.2)   
   [Val] Epoch: [35][80/90]  Loss:0.091 (Avg 0.1048) IoU:0.737 (Avg 0.7087) Dice:0.8359 (Avg 0.8113) (AvgTime 0.2)   
   [Val] Epoch: [35][90/90]  Loss:0.147 (Avg 0.1052) IoU:0.576 (Avg 0.7082) Dice:0.7137 (Avg 0.8108) (AvgTime 0.2)   
   [Val] Loss components: dice=0.162116, focal=0.048214, total=0.105165
	 Saving best model by iou: 0.708242
	 Saving to Covid19/BetterLViT/m2_text_regroup/M2_Test_session_09.13_22h33/models//best_model-BetterLViT.pth.tar
	 early_stopping_count: 0/80
--- Epoch History (1..35) ---
Epoch |  TrainLoss |  TrainDice |  TrainIoU |    ValLoss |    ValDice |    ValIoU |         LR | Best
    1 |     0.2378 |     0.6073 |    0.4781 |     0.2212 |     0.6176 |    0.4873 |   3.00e-04 |     
    2 |     0.1754 |     0.6971 |    0.5727 |     0.1642 |     0.7061 |    0.5868 |   3.00e-04 |     
    3 |     0.1564 |     0.7248 |    0.6043 |     0.1373 |     0.7621 |    0.6492 |   3.00e-04 |     
    4 |     0.1512 |     0.7340 |    0.6154 |     0.1450 |     0.7555 |    0.6397 |   2.99e-04 |     
    5 |     0.1427 |     0.7474 |    0.6307 |     0.1478 |     0.7229 |    0.6010 |   2.98e-04 |     
    6 |     0.1390 |     0.7527 |    0.6372 |     0.1355 |     0.7500 |    0.6298 |   2.97e-04 |     
    7 |     0.1353 |     0.7589 |    0.6439 |     0.1369 |     0.7611 |    0.6439 |   2.96e-04 |     
    8 |     0.1328 |     0.7617 |    0.6475 |     0.1354 |     0.7518 |    0.6330 |   2.94e-04 |     
    9 |     0.1294 |     0.7676 |    0.6543 |     0.1259 |     0.7724 |    0.6623 |   2.92e-04 |     
   10 |     0.1295 |     0.7672 |    0.6539 |     0.1216 |     0.7861 |    0.6776 |   2.91e-04 |     
   11 |     0.1289 |     0.7699 |    0.6573 |     0.1227 |     0.7768 |    0.6660 |   2.88e-04 |     
   12 |     0.1259 |     0.7736 |    0.6616 |     0.1186 |     0.7928 |    0.6867 |   2.86e-04 |     
   13 |     0.1252 |     0.7750 |    0.6628 |     0.1353 |     0.7535 |    0.6352 |   2.83e-04 |     
   14 |     0.1232 |     0.7784 |    0.6678 |     0.1165 |     0.7837 |    0.6714 |   2.80e-04 |     
   15 |     0.1251 |     0.7742 |    0.6624 |     0.1190 |     0.7813 |    0.6712 |   2.77e-04 |     
   16 |     0.1215 |     0.7804 |    0.6697 |     0.1217 |     0.7897 |    0.6820 |   2.74e-04 |     
   17 |     0.1251 |     0.7760 |    0.6651 |     0.1343 |     0.7581 |    0.6458 |   2.71e-04 |     
   18 |     0.1198 |     0.7841 |    0.6743 |     0.1146 |     0.7928 |    0.6860 |   2.67e-04 |     
   19 |     0.1188 |     0.7853 |    0.6759 |     0.1158 |     0.7821 |    0.6716 |   2.63e-04 |     
   20 |     0.1162 |     0.7892 |    0.6812 |     0.1173 |     0.7890 |    0.6811 |   2.59e-04 |     
   21 |     0.1166 |     0.7883 |    0.6797 |     0.1159 |     0.7814 |    0.6698 |   2.55e-04 |     
   22 |     0.1165 |     0.7891 |    0.6807 |     0.1344 |     0.7703 |    0.6587 |   2.51e-04 |     
   23 |     0.1151 |     0.7912 |    0.6838 |     0.1108 |     0.7995 |    0.6952 |   2.46e-04 |     
   24 |     0.1139 |     0.7933 |    0.6855 |     0.1130 |     0.8017 |    0.6980 |   2.42e-04 |     
   25 |     0.1139 |     0.7934 |    0.6864 |     0.1150 |     0.7985 |    0.6949 |   2.37e-04 |     
   26 |     0.1126 |     0.7952 |    0.6882 |     0.1089 |     0.7988 |    0.6928 |   2.32e-04 |     
   27 |     0.1106 |     0.7984 |    0.6923 |     0.1083 |     0.8002 |    0.6945 |   2.27e-04 |     
   28 |     0.1117 |     0.7968 |    0.6907 |     0.1093 |     0.8014 |    0.6969 |   2.22e-04 |     
   29 |     0.1108 |     0.7982 |    0.6926 |     0.1124 |     0.7947 |    0.6863 |   2.17e-04 |     
   30 |     0.1098 |     0.7995 |    0.6939 |     0.1096 |     0.7995 |    0.6962 |   2.11e-04 |     
   31 |     0.1100 |     0.8004 |    0.6948 |     0.1204 |     0.7933 |    0.6865 |   2.06e-04 |     
   32 |     0.1078 |     0.8031 |    0.6977 |     0.1063 |     0.8077 |    0.7051 |   2.00e-04 |     
   33 |     0.1066 |     0.8052 |    0.7006 |     0.1119 |     0.7959 |    0.6884 |   1.94e-04 |     
   34 |     0.1059 |     0.8063 |    0.7019 |     0.1097 |     0.8017 |    0.6963 |   1.89e-04 |     
   35 |     0.1044 |     0.8089 |    0.7053 |     0.1052 |     0.8108 |    0.7082 |   1.83e-04 |    *
--- R2 + image-value context regrouping with regroup_text anchors validation statistics ---
up4: ca=0.8992+/-0.1182, sa=1.0099+/-0.0103, amp=0.0000, suppress=0.0000, guide_abs=0.1535
up4 residuals: local_mean=5.749e-02, global_mean=0.0276, local_strength=0.1194, global_strength=0.1125, gain=[0.9887,1.0835], saturation=0.0786, text_film=0.0200
up4 haar: reconstruction_error=9.537e-07, skip_low/high=0.8282/0.1718, plam_low/high=1.0000/0.0000
up4 strengths: plam=0.9193, region=0.1194, detail=0.1125; residual_std region/detail/refine=0.3986/0.3663/0.2813
up4 guide_mix: entropy=0.9746, raw_low=0.3103, plam_low=0.2597, decoder_low=0.2850, detail=0.1451; agreement plam/decoder=0.7133/0.4191, support=0.8383+/-0.0718
up4 adaptive_frequency: ALPF strength=0.2429, weights=0.1563/0.7071/0.1365, sum=1.0000, entropy=0.7343, delta_std=0.0820; AHPF strength=0.0797, weights=0.2882/0.5419/0.1699, sum=1.0000, entropy=0.8988, residual_std=0.0990, scaled_std=0.0079
up3: ca=0.9834+/-0.1802, sa=1.0077+/-0.0043, amp=0.0000, suppress=0.0000, guide_abs=0.2653
up3 residuals: local_mean=1.972e-02, global_mean=0.0447, local_strength=0.1185, global_strength=0.1199, gain=[0.9892,1.0286], saturation=0.0000, text_film=0.0312
up3 haar: reconstruction_error=9.537e-07, skip_low/high=0.8010/0.1990, plam_low/high=1.0000/0.0000
up3 strengths: plam=0.8972, region=0.1185, detail=0.1199; residual_std region/detail/refine=0.3782/0.5518/0.4856
up3 guide_mix: entropy=0.9773, raw_low=0.3286, plam_low=0.2411, decoder_low=0.2716, detail=0.1587; agreement plam/decoder=0.1482/0.0711, support=0.6732+/-0.0793
up3 adaptive_frequency: ALPF strength=0.2806, weights=0.1021/0.3433/0.5545, sum=1.0000, entropy=0.7671, delta_std=0.0661; AHPF strength=0.0996, weights=0.6786/0.2079/0.1135, sum=1.0000, entropy=0.7092, residual_std=0.0670, scaled_std=0.0067
up2: ca=0.8818+/-0.1256, sa=1.0039+/-0.0036, amp=0.0000, suppress=0.0000, guide_abs=0.2429
up2 residuals: local_mean=5.658e-03, global_mean=0.0289, local_strength=0.1170, global_strength=0.1134, gain=[0.9690,1.0387], saturation=0.0000, text_film=0.0305
up2 haar: reconstruction_error=9.537e-07, skip_low/high=0.7946/0.2054, plam_low/high=1.0000/0.0000
up2 strengths: plam=0.8374, region=0.1170, detail=0.1134; residual_std region/detail/refine=0.1870/0.2709/0.1322
up2 guide_mix: entropy=0.9338, raw_low=0.2966, plam_low=0.1529, decoder_low=0.4046, detail=0.1459; agreement plam/decoder=0.6003/-0.0481, support=0.5681+/-0.0381
up1: ca=0.7876+/-0.1468, sa=1.0027+/-0.0112, amp=0.0000, suppress=0.0000, guide_abs=0.2273
up1 residuals: local_mean=-1.659e-03, global_mean=0.0366, local_strength=0.1259, global_strength=0.0823, gain=[0.9198,1.0800], saturation=0.0575, text_film=0.0335
up1 haar: reconstruction_error=1.967e-06, skip_low/high=0.7306/0.2694, plam_low/high=1.0000/0.0000
up1 strengths: plam=0.9351, region=0.1259, detail=0.0823; residual_std region/detail/refine=0.5914/0.3931/0.1407
up1 guide_mix: entropy=0.9582, raw_low=0.2892, plam_low=0.2842, decoder_low=0.3117, detail=0.1149; agreement plam/decoder=0.4166/0.2050, support=0.7212+/-0.1109

========= Epoch [36/80] =========
M2_Test_session_09.13_22h33
Training with batch size : 16
   [Train] Epoch: [36][20/357]  Loss:0.074 (Avg 0.1035) IoU:0.779 (Avg 0.7119) Dice:0.8720 (Avg 0.8120) LR 1.77e-04   (AvgTime 0.6)   
   [Train] Epoch: [36][40/357]  Loss:0.073 (Avg 0.1011) IoU:0.765 (Avg 0.7134) Dice:0.8563 (Avg 0.8141) LR 1.77e-04   (AvgTime 0.6)   
   [Train] Epoch: [36][60/357]  Loss:0.090 (Avg 0.1014) IoU:0.735 (Avg 0.7117) Dice:0.8369 (Avg 0.8130) LR 1.77e-04   (AvgTime 0.6)   
   [Train] Epoch: [36][80/357]  Loss:0.104 (Avg 0.1007) IoU:0.688 (Avg 0.7131) Dice:0.7977 (Avg 0.8146) LR 1.77e-04   (AvgTime 0.6)   
   [Train] Epoch: [36][100/357]  Loss:0.126 (Avg 0.1013) IoU:0.664 (Avg 0.7128) Dice:0.7649 (Avg 0.8142) LR 1.77e-04   (AvgTime 0.6)   
   [Train] Epoch: [36][120/357]  Loss:0.095 (Avg 0.1020) IoU:0.723 (Avg 0.7109) Dice:0.8312 (Avg 0.8128) LR 1.77e-04   (AvgTime 0.6)   
   [Train] Epoch: [36][140/357]  Loss:0.098 (Avg 0.1020) IoU:0.749 (Avg 0.7104) Dice:0.8426 (Avg 0.8127) LR 1.77e-04   (AvgTime 0.6)   
   [Train] Epoch: [36][160/357]  Loss:0.132 (Avg 0.1023) IoU:0.627 (Avg 0.7093) Dice:0.7561 (Avg 0.8120) LR 1.77e-04   (AvgTime 0.6)   
   [Train] Epoch: [36][180/357]  Loss:0.098 (Avg 0.1029) IoU:0.729 (Avg 0.7071) Dice:0.8233 (Avg 0.8104) LR 1.77e-04   (AvgTime 0.5)   
   [Train] Epoch: [36][200/357]  Loss:0.164 (Avg 0.1038) IoU:0.649 (Avg 0.7051) Dice:0.7441 (Avg 0.8085) LR 1.77e-04   (AvgTime 0.5)   
   [Train] Epoch: [36][220/357]  Loss:0.093 (Avg 0.1035) IoU:0.733 (Avg 0.7063) Dice:0.8217 (Avg 0.8095) LR 1.77e-04   (AvgTime 0.5)   
   [Train] Epoch: [36][240/357]  Loss:0.060 (Avg 0.1033) IoU:0.819 (Avg 0.7068) Dice:0.8976 (Avg 0.8100) LR 1.77e-04   (AvgTime 0.5)   
   [Train] Epoch: [36][260/357]  Loss:0.113 (Avg 0.1040) IoU:0.696 (Avg 0.7056) Dice:0.7896 (Avg 0.8090) LR 1.77e-04   (AvgTime 0.5)   
   [Train] Epoch: [36][280/357]  Loss:0.109 (Avg 0.1039) IoU:0.689 (Avg 0.7058) Dice:0.8019 (Avg 0.8092) LR 1.77e-04   (AvgTime 0.6)   
   [Train] Epoch: [36][300/357]  Loss:0.100 (Avg 0.1039) IoU:0.748 (Avg 0.7062) Dice:0.8399 (Avg 0.8096) LR 1.77e-04   (AvgTime 0.6)   
   [Train] Epoch: [36][320/357]  Loss:0.115 (Avg 0.1039) IoU:0.670 (Avg 0.7062) Dice:0.7873 (Avg 0.8096) LR 1.77e-04   (AvgTime 0.6)   
   [Train] Epoch: [36][340/357]  Loss:0.076 (Avg 0.1038) IoU:0.776 (Avg 0.7068) Dice:0.8675 (Avg 0.8100) LR 1.77e-04   (AvgTime 0.6)   
   [Train] Epoch: [36][357/357]  Loss:0.071 (Avg 0.1040) IoU:0.800 (Avg 0.7064) Dice:0.8818 (Avg 0.8097) LR 1.77e-04   (AvgTime 0.6)   
   [Train] Loss components: dice=0.164536, focal=0.043459, total=0.103997
Validation
   [Val] Epoch: [36][20/90]  Loss:0.122 (Avg 0.1046) IoU:0.667 (Avg 0.7082) Dice:0.7843 (Avg 0.8137) (AvgTime 0.3)   
   [Val] Epoch: [36][40/90]  Loss:0.102 (Avg 0.1130) IoU:0.686 (Avg 0.6895) Dice:0.8010 (Avg 0.7965) (AvgTime 0.2)   
   [Val] Epoch: [36][60/90]  Loss:0.136 (Avg 0.1073) IoU:0.648 (Avg 0.6978) Dice:0.7562 (Avg 0.8021) (AvgTime 0.2)   
   [Val] Epoch: [36][80/90]  Loss:0.096 (Avg 0.1068) IoU:0.714 (Avg 0.6954) Dice:0.8201 (Avg 0.8009) (AvgTime 0.2)   
   [Val] Epoch: [36][90/90]  Loss:0.137 (Avg 0.1073) IoU:0.610 (Avg 0.6943) Dice:0.7401 (Avg 0.7999) (AvgTime 0.2)   
   [Val] Loss components: dice=0.173815, focal=0.040815, total=0.107315
	 No iou improvement; selected epoch 35
	 early_stopping_count: 1/80
--- Epoch History (1..36) ---
Epoch |  TrainLoss |  TrainDice |  TrainIoU |    ValLoss |    ValDice |    ValIoU |         LR | Best
    1 |     0.2378 |     0.6073 |    0.4781 |     0.2212 |     0.6176 |    0.4873 |   3.00e-04 |     
    2 |     0.1754 |     0.6971 |    0.5727 |     0.1642 |     0.7061 |    0.5868 |   3.00e-04 |     
    3 |     0.1564 |     0.7248 |    0.6043 |     0.1373 |     0.7621 |    0.6492 |   3.00e-04 |     
    4 |     0.1512 |     0.7340 |    0.6154 |     0.1450 |     0.7555 |    0.6397 |   2.99e-04 |     
    5 |     0.1427 |     0.7474 |    0.6307 |     0.1478 |     0.7229 |    0.6010 |   2.98e-04 |     
    6 |     0.1390 |     0.7527 |    0.6372 |     0.1355 |     0.7500 |    0.6298 |   2.97e-04 |     
    7 |     0.1353 |     0.7589 |    0.6439 |     0.1369 |     0.7611 |    0.6439 |   2.96e-04 |     
    8 |     0.1328 |     0.7617 |    0.6475 |     0.1354 |     0.7518 |    0.6330 |   2.94e-04 |     
    9 |     0.1294 |     0.7676 |    0.6543 |     0.1259 |     0.7724 |    0.6623 |   2.92e-04 |     
   10 |     0.1295 |     0.7672 |    0.6539 |     0.1216 |     0.7861 |    0.6776 |   2.91e-04 |     
   11 |     0.1289 |     0.7699 |    0.6573 |     0.1227 |     0.7768 |    0.6660 |   2.88e-04 |     
   12 |     0.1259 |     0.7736 |    0.6616 |     0.1186 |     0.7928 |    0.6867 |   2.86e-04 |     
   13 |     0.1252 |     0.7750 |    0.6628 |     0.1353 |     0.7535 |    0.6352 |   2.83e-04 |     
   14 |     0.1232 |     0.7784 |    0.6678 |     0.1165 |     0.7837 |    0.6714 |   2.80e-04 |     
   15 |     0.1251 |     0.7742 |    0.6624 |     0.1190 |     0.7813 |    0.6712 |   2.77e-04 |     
   16 |     0.1215 |     0.7804 |    0.6697 |     0.1217 |     0.7897 |    0.6820 |   2.74e-04 |     
   17 |     0.1251 |     0.7760 |    0.6651 |     0.1343 |     0.7581 |    0.6458 |   2.71e-04 |     
   18 |     0.1198 |     0.7841 |    0.6743 |     0.1146 |     0.7928 |    0.6860 |   2.67e-04 |     
   19 |     0.1188 |     0.7853 |    0.6759 |     0.1158 |     0.7821 |    0.6716 |   2.63e-04 |     
   20 |     0.1162 |     0.7892 |    0.6812 |     0.1173 |     0.7890 |    0.6811 |   2.59e-04 |     
   21 |     0.1166 |     0.7883 |    0.6797 |     0.1159 |     0.7814 |    0.6698 |   2.55e-04 |     
   22 |     0.1165 |     0.7891 |    0.6807 |     0.1344 |     0.7703 |    0.6587 |   2.51e-04 |     
   23 |     0.1151 |     0.7912 |    0.6838 |     0.1108 |     0.7995 |    0.6952 |   2.46e-04 |     
   24 |     0.1139 |     0.7933 |    0.6855 |     0.1130 |     0.8017 |    0.6980 |   2.42e-04 |     
   25 |     0.1139 |     0.7934 |    0.6864 |     0.1150 |     0.7985 |    0.6949 |   2.37e-04 |     
   26 |     0.1126 |     0.7952 |    0.6882 |     0.1089 |     0.7988 |    0.6928 |   2.32e-04 |     
   27 |     0.1106 |     0.7984 |    0.6923 |     0.1083 |     0.8002 |    0.6945 |   2.27e-04 |     
   28 |     0.1117 |     0.7968 |    0.6907 |     0.1093 |     0.8014 |    0.6969 |   2.22e-04 |     
   29 |     0.1108 |     0.7982 |    0.6926 |     0.1124 |     0.7947 |    0.6863 |   2.17e-04 |     
   30 |     0.1098 |     0.7995 |    0.6939 |     0.1096 |     0.7995 |    0.6962 |   2.11e-04 |     
   31 |     0.1100 |     0.8004 |    0.6948 |     0.1204 |     0.7933 |    0.6865 |   2.06e-04 |     
   32 |     0.1078 |     0.8031 |    0.6977 |     0.1063 |     0.8077 |    0.7051 |   2.00e-04 |     
   33 |     0.1066 |     0.8052 |    0.7006 |     0.1119 |     0.7959 |    0.6884 |   1.94e-04 |     
   34 |     0.1059 |     0.8063 |    0.7019 |     0.1097 |     0.8017 |    0.6963 |   1.89e-04 |     
   35 |     0.1044 |     0.8089 |    0.7053 |     0.1052 |     0.8108 |    0.7082 |   1.83e-04 |    *
   36 |     0.1040 |     0.8097 |    0.7064 |     0.1073 |     0.7999 |    0.6943 |   1.77e-04 |     
--- R2 + image-value context regrouping with regroup_text anchors validation statistics ---
up4: ca=0.9096+/-0.1141, sa=1.0096+/-0.0098, amp=0.0000, suppress=0.0000, guide_abs=0.1450
up4 residuals: local_mean=5.941e-02, global_mean=0.0233, local_strength=0.1194, global_strength=0.1129, gain=[0.9898,1.0717], saturation=0.0500, text_film=0.0199
up4 haar: reconstruction_error=9.537e-07, skip_low/high=0.8265/0.1735, plam_low/high=1.0000/0.0000
up4 strengths: plam=0.9185, region=0.1194, detail=0.1129; residual_std region/detail/refine=0.3787/0.3711/0.2952
up4 guide_mix: entropy=0.9763, raw_low=0.3093, plam_low=0.2665, decoder_low=0.2763, detail=0.1478; agreement plam/decoder=0.6934/0.4400, support=0.8085+/-0.0783
up4 adaptive_frequency: ALPF strength=0.2438, weights=0.1516/0.7094/0.1389, sum=1.0000, entropy=0.7310, delta_std=0.0781; AHPF strength=0.0797, weights=0.2903/0.5415/0.1682, sum=1.0000, entropy=0.8964, residual_std=0.0976, scaled_std=0.0078
up3: ca=0.9905+/-0.1732, sa=1.0084+/-0.0045, amp=0.0000, suppress=0.0000, guide_abs=0.2646
up3 residuals: local_mean=2.017e-02, global_mean=0.0501, local_strength=0.1186, global_strength=0.1202, gain=[0.9875,1.0366], saturation=0.0005, text_film=0.0349
up3 haar: reconstruction_error=9.537e-07, skip_low/high=0.8044/0.1956, plam_low/high=1.0000/0.0000
up3 strengths: plam=0.8960, region=0.1186, detail=0.1202; residual_std region/detail/refine=0.3851/0.5644/0.4983
up3 guide_mix: entropy=0.9774, raw_low=0.3255, plam_low=0.2497, decoder_low=0.2685, detail=0.1564; agreement plam/decoder=0.0135/0.0324, support=0.6792+/-0.0869
up3 adaptive_frequency: ALPF strength=0.2821, weights=0.1022/0.3477/0.5501, sum=1.0000, entropy=0.7554, delta_std=0.0640; AHPF strength=0.0999, weights=0.6844/0.2045/0.1111, sum=1.0000, entropy=0.6957, residual_std=0.0652, scaled_std=0.0065
up2: ca=0.8907+/-0.1297, sa=1.0040+/-0.0035, amp=0.0000, suppress=0.0000, guide_abs=0.2039
up2 residuals: local_mean=6.307e-03, global_mean=0.0284, local_strength=0.1172, global_strength=0.1136, gain=[0.9649,1.0414], saturation=0.0000, text_film=0.0259
up2 haar: reconstruction_error=9.537e-07, skip_low/high=0.8074/0.1926, plam_low/high=1.0000/0.0000
up2 strengths: plam=0.8353, region=0.1172, detail=0.1136; residual_std region/detail/refine=0.1809/0.2653/0.1328
up2 guide_mix: entropy=0.9329, raw_low=0.2872, plam_low=0.1646, decoder_low=0.4110, detail=0.1372; agreement plam/decoder=0.3679/-0.1060, support=0.5649+/-0.0377
up1: ca=0.8002+/-0.1423, sa=1.0028+/-0.0111, amp=0.0000, suppress=0.0000, guide_abs=0.2311
up1 residuals: local_mean=-1.100e-03, global_mean=0.0368, local_strength=0.1260, global_strength=0.0820, gain=[0.9202,1.0796], saturation=0.0569, text_film=0.0433
up1 haar: reconstruction_error=2.764e-06, skip_low/high=0.7445/0.2555, plam_low/high=1.0000/0.0000
up1 strengths: plam=0.9345, region=0.1260, detail=0.0820; residual_std region/detail/refine=0.6081/0.3938/0.1423
up1 guide_mix: entropy=0.9535, raw_low=0.2939, plam_low=0.2792, decoder_low=0.3181, detail=0.1088; agreement plam/decoder=0.5282/0.1885, support=0.7282+/-0.1101

========= Epoch [37/80] =========
M2_Test_session_09.13_22h33
Training with batch size : 16
   [Train] Epoch: [37][20/357]  Loss:0.095 (Avg 0.1017) IoU:0.717 (Avg 0.7143) Dice:0.8271 (Avg 0.8163) LR 1.71e-04   (AvgTime 0.6)   
   [Train] Epoch: [37][40/357]  Loss:0.090 (Avg 0.1045) IoU:0.734 (Avg 0.7080) Dice:0.8309 (Avg 0.8100) LR 1.71e-04   (AvgTime 0.6)   
   [Train] Epoch: [37][60/357]  Loss:0.077 (Avg 0.1046) IoU:0.759 (Avg 0.7064) Dice:0.8540 (Avg 0.8096) LR 1.71e-04   (AvgTime 0.6)   
   [Train] Epoch: [37][80/357]  Loss:0.103 (Avg 0.1033) IoU:0.677 (Avg 0.7071) Dice:0.7950 (Avg 0.8108) LR 1.71e-04   (AvgTime 0.6)   
   [Train] Epoch: [37][100/357]  Loss:0.100 (Avg 0.1019) IoU:0.720 (Avg 0.7103) Dice:0.8233 (Avg 0.8132) LR 1.71e-04   (AvgTime 0.6)   
   [Train] Epoch: [37][120/357]  Loss:0.088 (Avg 0.1018) IoU:0.708 (Avg 0.7101) Dice:0.8214 (Avg 0.8132) LR 1.71e-04   (AvgTime 0.6)   
   [Train] Epoch: [37][140/357]  Loss:0.116 (Avg 0.1014) IoU:0.691 (Avg 0.7120) Dice:0.7985 (Avg 0.8147) LR 1.71e-04   (AvgTime 0.6)   
   [Train] Epoch: [37][160/357]  Loss:0.141 (Avg 0.1032) IoU:0.619 (Avg 0.7082) Dice:0.7299 (Avg 0.8116) LR 1.71e-04   (AvgTime 0.6)   
   [Train] Epoch: [37][180/357]  Loss:0.095 (Avg 0.1037) IoU:0.712 (Avg 0.7071) Dice:0.8184 (Avg 0.8104) LR 1.71e-04   (AvgTime 0.6)   
   [Train] Epoch: [37][200/357]  Loss:0.122 (Avg 0.1032) IoU:0.682 (Avg 0.7084) Dice:0.7874 (Avg 0.8115) LR 1.71e-04   (AvgTime 0.6)   
   [Train] Epoch: [37][220/357]  Loss:0.088 (Avg 0.1027) IoU:0.736 (Avg 0.7091) Dice:0.8419 (Avg 0.8123) LR 1.71e-04   (AvgTime 0.6)   
   [Train] Epoch: [37][240/357]  Loss:0.106 (Avg 0.1033) IoU:0.698 (Avg 0.7078) Dice:0.8116 (Avg 0.8113) LR 1.71e-04   (AvgTime 0.6)   
   [Train] Epoch: [37][260/357]  Loss:0.105 (Avg 0.1040) IoU:0.679 (Avg 0.7056) Dice:0.7967 (Avg 0.8095) LR 1.71e-04   (AvgTime 0.6)   
   [Train] Epoch: [37][280/357]  Loss:0.114 (Avg 0.1038) IoU:0.675 (Avg 0.7062) Dice:0.7762 (Avg 0.8099) LR 1.71e-04   (AvgTime 0.6)   
   [Train] Epoch: [37][300/357]  Loss:0.081 (Avg 0.1039) IoU:0.751 (Avg 0.7064) Dice:0.8512 (Avg 0.8100) LR 1.71e-04   (AvgTime 0.6)   
   [Train] Epoch: [37][320/357]  Loss:0.116 (Avg 0.1042) IoU:0.655 (Avg 0.7055) Dice:0.7786 (Avg 0.8094) LR 1.71e-04   (AvgTime 0.6)   
   [Train] Epoch: [37][340/357]  Loss:0.156 (Avg 0.1046) IoU:0.578 (Avg 0.7047) Dice:0.6933 (Avg 0.8086) LR 1.71e-04   (AvgTime 0.6)   
   [Train] Epoch: [37][357/357]  Loss:0.077 (Avg 0.1048) IoU:0.771 (Avg 0.7047) Dice:0.8518 (Avg 0.8085) LR 1.71e-04   (AvgTime 0.6)   
   [Train] Loss components: dice=0.165810, focal=0.043825, total=0.104818
Validation
   [Val] Epoch: [37][20/90]  Loss:0.128 (Avg 0.1057) IoU:0.665 (Avg 0.7093) Dice:0.7835 (Avg 0.8145) (AvgTime 0.3)   
   [Val] Epoch: [37][40/90]  Loss:0.104 (Avg 0.1141) IoU:0.687 (Avg 0.6904) Dice:0.8000 (Avg 0.7969) (AvgTime 0.2)   
   [Val] Epoch: [37][60/90]  Loss:0.130 (Avg 0.1083) IoU:0.665 (Avg 0.6989) Dice:0.7686 (Avg 0.8025) (AvgTime 0.2)   
   [Val] Epoch: [37][80/90]  Loss:0.096 (Avg 0.1081) IoU:0.706 (Avg 0.6966) Dice:0.8122 (Avg 0.8011) (AvgTime 0.2)   
   [Val] Epoch: [37][90/90]  Loss:0.138 (Avg 0.1086) IoU:0.612 (Avg 0.6950) Dice:0.7401 (Avg 0.7999) (AvgTime 0.2)   
   [Val] Loss components: dice=0.176844, focal=0.040315, total=0.108579
	 No iou improvement; selected epoch 35
	 early_stopping_count: 2/80
--- Epoch History (1..37) ---
Epoch |  TrainLoss |  TrainDice |  TrainIoU |    ValLoss |    ValDice |    ValIoU |         LR | Best
    1 |     0.2378 |     0.6073 |    0.4781 |     0.2212 |     0.6176 |    0.4873 |   3.00e-04 |     
    2 |     0.1754 |     0.6971 |    0.5727 |     0.1642 |     0.7061 |    0.5868 |   3.00e-04 |     
    3 |     0.1564 |     0.7248 |    0.6043 |     0.1373 |     0.7621 |    0.6492 |   3.00e-04 |     
    4 |     0.1512 |     0.7340 |    0.6154 |     0.1450 |     0.7555 |    0.6397 |   2.99e-04 |     
    5 |     0.1427 |     0.7474 |    0.6307 |     0.1478 |     0.7229 |    0.6010 |   2.98e-04 |     
    6 |     0.1390 |     0.7527 |    0.6372 |     0.1355 |     0.7500 |    0.6298 |   2.97e-04 |     
    7 |     0.1353 |     0.7589 |    0.6439 |     0.1369 |     0.7611 |    0.6439 |   2.96e-04 |     
    8 |     0.1328 |     0.7617 |    0.6475 |     0.1354 |     0.7518 |    0.6330 |   2.94e-04 |     
    9 |     0.1294 |     0.7676 |    0.6543 |     0.1259 |     0.7724 |    0.6623 |   2.92e-04 |     
   10 |     0.1295 |     0.7672 |    0.6539 |     0.1216 |     0.7861 |    0.6776 |   2.91e-04 |     
   11 |     0.1289 |     0.7699 |    0.6573 |     0.1227 |     0.7768 |    0.6660 |   2.88e-04 |     
   12 |     0.1259 |     0.7736 |    0.6616 |     0.1186 |     0.7928 |    0.6867 |   2.86e-04 |     
   13 |     0.1252 |     0.7750 |    0.6628 |     0.1353 |     0.7535 |    0.6352 |   2.83e-04 |     
   14 |     0.1232 |     0.7784 |    0.6678 |     0.1165 |     0.7837 |    0.6714 |   2.80e-04 |     
   15 |     0.1251 |     0.7742 |    0.6624 |     0.1190 |     0.7813 |    0.6712 |   2.77e-04 |     
   16 |     0.1215 |     0.7804 |    0.6697 |     0.1217 |     0.7897 |    0.6820 |   2.74e-04 |     
   17 |     0.1251 |     0.7760 |    0.6651 |     0.1343 |     0.7581 |    0.6458 |   2.71e-04 |     
   18 |     0.1198 |     0.7841 |    0.6743 |     0.1146 |     0.7928 |    0.6860 |   2.67e-04 |     
   19 |     0.1188 |     0.7853 |    0.6759 |     0.1158 |     0.7821 |    0.6716 |   2.63e-04 |     
   20 |     0.1162 |     0.7892 |    0.6812 |     0.1173 |     0.7890 |    0.6811 |   2.59e-04 |     
   21 |     0.1166 |     0.7883 |    0.6797 |     0.1159 |     0.7814 |    0.6698 |   2.55e-04 |     
   22 |     0.1165 |     0.7891 |    0.6807 |     0.1344 |     0.7703 |    0.6587 |   2.51e-04 |     
   23 |     0.1151 |     0.7912 |    0.6838 |     0.1108 |     0.7995 |    0.6952 |   2.46e-04 |     
   24 |     0.1139 |     0.7933 |    0.6855 |     0.1130 |     0.8017 |    0.6980 |   2.42e-04 |     
   25 |     0.1139 |     0.7934 |    0.6864 |     0.1150 |     0.7985 |    0.6949 |   2.37e-04 |     
   26 |     0.1126 |     0.7952 |    0.6882 |     0.1089 |     0.7988 |    0.6928 |   2.32e-04 |     
   27 |     0.1106 |     0.7984 |    0.6923 |     0.1083 |     0.8002 |    0.6945 |   2.27e-04 |     
   28 |     0.1117 |     0.7968 |    0.6907 |     0.1093 |     0.8014 |    0.6969 |   2.22e-04 |     
   29 |     0.1108 |     0.7982 |    0.6926 |     0.1124 |     0.7947 |    0.6863 |   2.17e-04 |     
   30 |     0.1098 |     0.7995 |    0.6939 |     0.1096 |     0.7995 |    0.6962 |   2.11e-04 |     
   31 |     0.1100 |     0.8004 |    0.6948 |     0.1204 |     0.7933 |    0.6865 |   2.06e-04 |     
   32 |     0.1078 |     0.8031 |    0.6977 |     0.1063 |     0.8077 |    0.7051 |   2.00e-04 |     
   33 |     0.1066 |     0.8052 |    0.7006 |     0.1119 |     0.7959 |    0.6884 |   1.94e-04 |     
   34 |     0.1059 |     0.8063 |    0.7019 |     0.1097 |     0.8017 |    0.6963 |   1.89e-04 |     
   35 |     0.1044 |     0.8089 |    0.7053 |     0.1052 |     0.8108 |    0.7082 |   1.83e-04 |    *
   36 |     0.1040 |     0.8097 |    0.7064 |     0.1073 |     0.7999 |    0.6943 |   1.77e-04 |     
   37 |     0.1048 |     0.8085 |    0.7047 |     0.1086 |     0.7999 |    0.6950 |   1.71e-04 |     
--- R2 + image-value context regrouping with regroup_text anchors validation statistics ---
up4: ca=0.9009+/-0.1128, sa=1.0083+/-0.0093, amp=0.0000, suppress=0.0000, guide_abs=0.1589
up4 residuals: local_mean=5.370e-02, global_mean=0.0175, local_strength=0.1196, global_strength=0.1134, gain=[0.9846,1.0760], saturation=0.0245, text_film=0.0206
up4 haar: reconstruction_error=9.537e-07, skip_low/high=0.8238/0.1762, plam_low/high=1.0000/0.0000
up4 strengths: plam=0.9171, region=0.1196, detail=0.1134; residual_std region/detail/refine=0.3659/0.3706/0.2958
up4 guide_mix: entropy=0.9752, raw_low=0.3081, plam_low=0.2447, decoder_low=0.2980, detail=0.1493; agreement plam/decoder=0.6762/0.4441, support=0.7967+/-0.0785
up4 adaptive_frequency: ALPF strength=0.2446, weights=0.1566/0.7081/0.1353, sum=1.0000, entropy=0.7326, delta_std=0.0820; AHPF strength=0.0796, weights=0.2945/0.5383/0.1671, sum=1.0000, entropy=0.8986, residual_std=0.0965, scaled_std=0.0077
up3: ca=0.9935+/-0.1761, sa=1.0075+/-0.0038, amp=0.0000, suppress=0.0000, guide_abs=0.2530
up3 residuals: local_mean=1.797e-02, global_mean=0.0444, local_strength=0.1187, global_strength=0.1203, gain=[0.9900,1.0298], saturation=0.0000, text_film=0.0377
up3 haar: reconstruction_error=9.537e-07, skip_low/high=0.8094/0.1906, plam_low/high=1.0000/0.0000
up3 strengths: plam=0.8948, region=0.1187, detail=0.1203; residual_std region/detail/refine=0.3810/0.5541/0.4925
up3 guide_mix: entropy=0.9745, raw_low=0.3295, plam_low=0.2408, decoder_low=0.2773, detail=0.1524; agreement plam/decoder=0.1604/0.0835, support=0.6652+/-0.0784
up3 adaptive_frequency: ALPF strength=0.2833, weights=0.0982/0.3613/0.5405, sum=1.0000, entropy=0.7612, delta_std=0.0682; AHPF strength=0.1000, weights=0.6102/0.2540/0.1358, sum=1.0000, entropy=0.7718, residual_std=0.0769, scaled_std=0.0077
up2: ca=0.8875+/-0.1233, sa=1.0041+/-0.0032, amp=0.0000, suppress=0.0000, guide_abs=0.2155
up2 residuals: local_mean=5.822e-03, global_mean=0.0303, local_strength=0.1174, global_strength=0.1137, gain=[0.9691,1.0380], saturation=0.0000, text_film=0.0332
up2 haar: reconstruction_error=9.537e-07, skip_low/high=0.7994/0.2006, plam_low/high=1.0000/0.0000
up2 strengths: plam=0.8329, region=0.1174, detail=0.1137; residual_std region/detail/refine=0.1827/0.2551/0.1291
up2 guide_mix: entropy=0.9179, raw_low=0.2791, plam_low=0.1481, decoder_low=0.4365, detail=0.1363; agreement plam/decoder=0.5264/-0.0659, support=0.5603+/-0.0371
up1: ca=0.8071+/-0.1529, sa=1.0029+/-0.0110, amp=0.0000, suppress=0.0000, guide_abs=0.2535
up1 residuals: local_mean=-4.976e-04, global_mean=0.0374, local_strength=0.1261, global_strength=0.0817, gain=[0.9208,1.0791], saturation=0.0503, text_film=0.0342
up1 haar: reconstruction_error=2.399e-06, skip_low/high=0.7586/0.2414, plam_low/high=1.0000/0.0000
up1 strengths: plam=0.9342, region=0.1261, detail=0.0817; residual_std region/detail/refine=0.5630/0.3956/0.1434
up1 guide_mix: entropy=0.9499, raw_low=0.3213, plam_low=0.2490, decoder_low=0.3212, detail=0.1086; agreement plam/decoder=0.4414/0.1403, support=0.7347+/-0.1073

========= Epoch [38/80] =========
M2_Test_session_09.13_22h33
Training with batch size : 16
   [Train] Epoch: [38][20/357]  Loss:0.133 (Avg 0.0999) IoU:0.596 (Avg 0.7152) Dice:0.7285 (Avg 0.8170) LR 1.65e-04   (AvgTime 0.6)   
   [Train] Epoch: [38][40/357]  Loss:0.068 (Avg 0.1033) IoU:0.799 (Avg 0.7100) Dice:0.8836 (Avg 0.8125) LR 1.65e-04   (AvgTime 0.6)   
   [Train] Epoch: [38][60/357]  Loss:0.047 (Avg 0.1052) IoU:0.866 (Avg 0.7057) Dice:0.9250 (Avg 0.8087) LR 1.65e-04   (AvgTime 0.6)   
   [Train] Epoch: [38][80/357]  Loss:0.125 (Avg 0.1033) IoU:0.692 (Avg 0.7093) Dice:0.7786 (Avg 0.8115) LR 1.65e-04   (AvgTime 0.6)   
   [Train] Epoch: [38][100/357]  Loss:0.101 (Avg 0.1030) IoU:0.721 (Avg 0.7105) Dice:0.8243 (Avg 0.8125) LR 1.65e-04   (AvgTime 0.6)   
   [Train] Epoch: [38][120/357]  Loss:0.105 (Avg 0.1025) IoU:0.689 (Avg 0.7097) Dice:0.7918 (Avg 0.8122) LR 1.65e-04   (AvgTime 0.6)   
   [Train] Epoch: [38][140/357]  Loss:0.092 (Avg 0.1032) IoU:0.763 (Avg 0.7083) Dice:0.8506 (Avg 0.8111) LR 1.65e-04   (AvgTime 0.6)   
   [Train] Epoch: [38][160/357]  Loss:0.106 (Avg 0.1032) IoU:0.698 (Avg 0.7082) Dice:0.8065 (Avg 0.8113) LR 1.65e-04   (AvgTime 0.6)   
   [Train] Epoch: [38][180/357]  Loss:0.112 (Avg 0.1029) IoU:0.702 (Avg 0.7091) Dice:0.7843 (Avg 0.8119) LR 1.65e-04   (AvgTime 0.6)   
   [Train] Epoch: [38][200/357]  Loss:0.081 (Avg 0.1021) IoU:0.735 (Avg 0.7099) Dice:0.8404 (Avg 0.8127) LR 1.65e-04   (AvgTime 0.6)   
   [Train] Epoch: [38][220/357]  Loss:0.097 (Avg 0.1014) IoU:0.744 (Avg 0.7117) Dice:0.8408 (Avg 0.8140) LR 1.65e-04   (AvgTime 0.6)   
   [Train] Epoch: [38][240/357]  Loss:0.133 (Avg 0.1014) IoU:0.631 (Avg 0.7110) Dice:0.7422 (Avg 0.8136) LR 1.65e-04   (AvgTime 0.6)   
   [Train] Epoch: [38][260/357]  Loss:0.085 (Avg 0.1015) IoU:0.764 (Avg 0.7110) Dice:0.8579 (Avg 0.8137) LR 1.65e-04   (AvgTime 0.6)   
   [Train] Epoch: [38][280/357]  Loss:0.114 (Avg 0.1014) IoU:0.679 (Avg 0.7110) Dice:0.7903 (Avg 0.8136) LR 1.65e-04   (AvgTime 0.6)   
   [Train] Epoch: [38][300/357]  Loss:0.102 (Avg 0.1016) IoU:0.698 (Avg 0.7107) Dice:0.8077 (Avg 0.8133) LR 1.65e-04   (AvgTime 0.6)   
   [Train] Epoch: [38][320/357]  Loss:0.092 (Avg 0.1025) IoU:0.724 (Avg 0.7088) Dice:0.8303 (Avg 0.8117) LR 1.65e-04   (AvgTime 0.6)   
   [Train] Epoch: [38][340/357]  Loss:0.100 (Avg 0.1032) IoU:0.711 (Avg 0.7075) Dice:0.8183 (Avg 0.8107) LR 1.65e-04   (AvgTime 0.6)   
   [Train] Epoch: [38][357/357]  Loss:0.120 (Avg 0.1035) IoU:0.695 (Avg 0.7068) Dice:0.7865 (Avg 0.8101) LR 1.65e-04   (AvgTime 0.6)   
   [Train] Loss components: dice=0.163928, focal=0.042983, total=0.103456
Validation
   [Val] Epoch: [38][20/90]  Loss:0.131 (Avg 0.1052) IoU:0.654 (Avg 0.7145) Dice:0.7741 (Avg 0.8185) (AvgTime 0.3)   
   [Val] Epoch: [38][40/90]  Loss:0.091 (Avg 0.1113) IoU:0.718 (Avg 0.6981) Dice:0.8246 (Avg 0.8033) (AvgTime 0.2)   
   [Val] Epoch: [38][60/90]  Loss:0.147 (Avg 0.1055) IoU:0.638 (Avg 0.7082) Dice:0.7476 (Avg 0.8098) (AvgTime 0.2)   
   [Val] Epoch: [38][80/90]  Loss:0.094 (Avg 0.1043) IoU:0.712 (Avg 0.7074) Dice:0.8180 (Avg 0.8095) (AvgTime 0.2)   
   [Val] Epoch: [38][90/90]  Loss:0.135 (Avg 0.1042) IoU:0.621 (Avg 0.7070) Dice:0.7475 (Avg 0.8094) (AvgTime 0.2)   
   [Val] Loss components: dice=0.165017, focal=0.043354, total=0.104186
	 No iou improvement; selected epoch 35
	 early_stopping_count: 3/80
--- Epoch History (1..38) ---
Epoch |  TrainLoss |  TrainDice |  TrainIoU |    ValLoss |    ValDice |    ValIoU |         LR | Best
    1 |     0.2378 |     0.6073 |    0.4781 |     0.2212 |     0.6176 |    0.4873 |   3.00e-04 |     
    2 |     0.1754 |     0.6971 |    0.5727 |     0.1642 |     0.7061 |    0.5868 |   3.00e-04 |     
    3 |     0.1564 |     0.7248 |    0.6043 |     0.1373 |     0.7621 |    0.6492 |   3.00e-04 |     
    4 |     0.1512 |     0.7340 |    0.6154 |     0.1450 |     0.7555 |    0.6397 |   2.99e-04 |     
    5 |     0.1427 |     0.7474 |    0.6307 |     0.1478 |     0.7229 |    0.6010 |   2.98e-04 |     
    6 |     0.1390 |     0.7527 |    0.6372 |     0.1355 |     0.7500 |    0.6298 |   2.97e-04 |     
    7 |     0.1353 |     0.7589 |    0.6439 |     0.1369 |     0.7611 |    0.6439 |   2.96e-04 |     
    8 |     0.1328 |     0.7617 |    0.6475 |     0.1354 |     0.7518 |    0.6330 |   2.94e-04 |     
    9 |     0.1294 |     0.7676 |    0.6543 |     0.1259 |     0.7724 |    0.6623 |   2.92e-04 |     
   10 |     0.1295 |     0.7672 |    0.6539 |     0.1216 |     0.7861 |    0.6776 |   2.91e-04 |     
   11 |     0.1289 |     0.7699 |    0.6573 |     0.1227 |     0.7768 |    0.6660 |   2.88e-04 |     
   12 |     0.1259 |     0.7736 |    0.6616 |     0.1186 |     0.7928 |    0.6867 |   2.86e-04 |     
   13 |     0.1252 |     0.7750 |    0.6628 |     0.1353 |     0.7535 |    0.6352 |   2.83e-04 |     
   14 |     0.1232 |     0.7784 |    0.6678 |     0.1165 |     0.7837 |    0.6714 |   2.80e-04 |     
   15 |     0.1251 |     0.7742 |    0.6624 |     0.1190 |     0.7813 |    0.6712 |   2.77e-04 |     
   16 |     0.1215 |     0.7804 |    0.6697 |     0.1217 |     0.7897 |    0.6820 |   2.74e-04 |     
   17 |     0.1251 |     0.7760 |    0.6651 |     0.1343 |     0.7581 |    0.6458 |   2.71e-04 |     
   18 |     0.1198 |     0.7841 |    0.6743 |     0.1146 |     0.7928 |    0.6860 |   2.67e-04 |     
   19 |     0.1188 |     0.7853 |    0.6759 |     0.1158 |     0.7821 |    0.6716 |   2.63e-04 |     
   20 |     0.1162 |     0.7892 |    0.6812 |     0.1173 |     0.7890 |    0.6811 |   2.59e-04 |     
   21 |     0.1166 |     0.7883 |    0.6797 |     0.1159 |     0.7814 |    0.6698 |   2.55e-04 |     
   22 |     0.1165 |     0.7891 |    0.6807 |     0.1344 |     0.7703 |    0.6587 |   2.51e-04 |     
   23 |     0.1151 |     0.7912 |    0.6838 |     0.1108 |     0.7995 |    0.6952 |   2.46e-04 |     
   24 |     0.1139 |     0.7933 |    0.6855 |     0.1130 |     0.8017 |    0.6980 |   2.42e-04 |     
   25 |     0.1139 |     0.7934 |    0.6864 |     0.1150 |     0.7985 |    0.6949 |   2.37e-04 |     
   26 |     0.1126 |     0.7952 |    0.6882 |     0.1089 |     0.7988 |    0.6928 |   2.32e-04 |     
   27 |     0.1106 |     0.7984 |    0.6923 |     0.1083 |     0.8002 |    0.6945 |   2.27e-04 |     
   28 |     0.1117 |     0.7968 |    0.6907 |     0.1093 |     0.8014 |    0.6969 |   2.22e-04 |     
   29 |     0.1108 |     0.7982 |    0.6926 |     0.1124 |     0.7947 |    0.6863 |   2.17e-04 |     
   30 |     0.1098 |     0.7995 |    0.6939 |     0.1096 |     0.7995 |    0.6962 |   2.11e-04 |     
   31 |     0.1100 |     0.8004 |    0.6948 |     0.1204 |     0.7933 |    0.6865 |   2.06e-04 |     
   32 |     0.1078 |     0.8031 |    0.6977 |     0.1063 |     0.8077 |    0.7051 |   2.00e-04 |     
   33 |     0.1066 |     0.8052 |    0.7006 |     0.1119 |     0.7959 |    0.6884 |   1.94e-04 |     
   34 |     0.1059 |     0.8063 |    0.7019 |     0.1097 |     0.8017 |    0.6963 |   1.89e-04 |     
   35 |     0.1044 |     0.8089 |    0.7053 |     0.1052 |     0.8108 |    0.7082 |   1.83e-04 |    *
   36 |     0.1040 |     0.8097 |    0.7064 |     0.1073 |     0.7999 |    0.6943 |   1.77e-04 |     
   37 |     0.1048 |     0.8085 |    0.7047 |     0.1086 |     0.7999 |    0.6950 |   1.71e-04 |     
   38 |     0.1035 |     0.8101 |    0.7068 |     0.1042 |     0.8094 |    0.7070 |   1.65e-04 |     
--- R2 + image-value context regrouping with regroup_text anchors validation statistics ---
up4: ca=0.9091+/-0.1084, sa=1.0099+/-0.0092, amp=0.0000, suppress=0.0000, guide_abs=0.1390
up4 residuals: local_mean=5.526e-02, global_mean=0.0298, local_strength=0.1198, global_strength=0.1139, gain=[0.9861,1.0786], saturation=0.0337, text_film=0.0207
up4 haar: reconstruction_error=9.537e-07, skip_low/high=0.8185/0.1815, plam_low/high=1.0000/0.0000
up4 strengths: plam=0.9164, region=0.1198, detail=0.1139; residual_std region/detail/refine=0.3812/0.3812/0.3036
up4 guide_mix: entropy=0.9760, raw_low=0.3030, plam_low=0.2521, decoder_low=0.2962, detail=0.1487; agreement plam/decoder=0.6825/0.5102, support=0.8296+/-0.0675
up4 adaptive_frequency: ALPF strength=0.2449, weights=0.1564/0.7094/0.1342, sum=1.0000, entropy=0.7306, delta_std=0.0805; AHPF strength=0.0797, weights=0.2861/0.5451/0.1688, sum=1.0000, entropy=0.8956, residual_std=0.0989, scaled_std=0.0079
up3: ca=0.9909+/-0.1751, sa=1.0072+/-0.0036, amp=0.0000, suppress=0.0000, guide_abs=0.2644
up3 residuals: local_mean=1.721e-02, global_mean=0.0432, local_strength=0.1188, global_strength=0.1204, gain=[0.9839,1.0306], saturation=0.0005, text_film=0.0433
up3 haar: reconstruction_error=9.537e-07, skip_low/high=0.8048/0.1952, plam_low/high=1.0000/0.0000
up3 strengths: plam=0.8939, region=0.1188, detail=0.1204; residual_std region/detail/refine=0.3808/0.5620/0.4959
up3 guide_mix: entropy=0.9758, raw_low=0.3272, plam_low=0.2386, decoder_low=0.2791, detail=0.1551; agreement plam/decoder=0.1027/0.0559, support=0.6873+/-0.0742
up3 adaptive_frequency: ALPF strength=0.2843, weights=0.1243/0.4277/0.4479, sum=1.0000, entropy=0.7786, delta_std=0.0678; AHPF strength=0.1002, weights=0.5919/0.2590/0.1491, sum=1.0000, entropy=0.7626, residual_std=0.0843, scaled_std=0.0084
up2: ca=0.8863+/-0.1338, sa=1.0042+/-0.0034, amp=0.0000, suppress=0.0000, guide_abs=0.1905
up2 residuals: local_mean=5.957e-03, global_mean=0.0311, local_strength=0.1174, global_strength=0.1138, gain=[0.9667,1.0399], saturation=0.0000, text_film=0.0324
up2 haar: reconstruction_error=1.132e-06, skip_low/high=0.7995/0.2005, plam_low/high=1.0000/0.0000
up2 strengths: plam=0.8315, region=0.1174, detail=0.1138; residual_std region/detail/refine=0.1785/0.2650/0.1273
up2 guide_mix: entropy=0.9284, raw_low=0.2932, plam_low=0.1491, decoder_low=0.4143, detail=0.1433; agreement plam/decoder=0.5252/-0.0769, support=0.5584+/-0.0370
up1: ca=0.8052+/-0.1526, sa=1.0029+/-0.0112, amp=0.0000, suppress=0.0000, guide_abs=0.2478
up1 residuals: local_mean=-8.647e-04, global_mean=0.0377, local_strength=0.1262, global_strength=0.0813, gain=[0.9207,1.0791], saturation=0.0576, text_film=0.0354
up1 haar: reconstruction_error=2.816e-06, skip_low/high=0.7312/0.2688, plam_low/high=1.0000/0.0000
up1 strengths: plam=0.9337, region=0.1262, detail=0.0813; residual_std region/detail/refine=0.5760/0.4063/0.1451
up1 guide_mix: entropy=0.9559, raw_low=0.2948, plam_low=0.2555, decoder_low=0.3333, detail=0.1163; agreement plam/decoder=0.5364/0.1708, support=0.7326+/-0.1072

========= Epoch [39/80] =========
M2_Test_session_09.13_22h33
Training with batch size : 16
   [Train] Epoch: [39][20/357]  Loss:0.106 (Avg 0.0946) IoU:0.706 (Avg 0.7293) Dice:0.7973 (Avg 0.8298) LR 1.59e-04   (AvgTime 0.6)   
   [Train] Epoch: [39][40/357]  Loss:0.140 (Avg 0.1044) IoU:0.624 (Avg 0.7054) Dice:0.7276 (Avg 0.8076) LR 1.59e-04   (AvgTime 0.6)   
   [Train] Epoch: [39][60/357]  Loss:0.136 (Avg 0.1036) IoU:0.652 (Avg 0.7069) Dice:0.7577 (Avg 0.8096) LR 1.59e-04   (AvgTime 0.5)   
   [Train] Epoch: [39][80/357]  Loss:0.110 (Avg 0.1027) IoU:0.677 (Avg 0.7085) Dice:0.7910 (Avg 0.8106) LR 1.59e-04   (AvgTime 0.5)   
   [Train] Epoch: [39][100/357]  Loss:0.096 (Avg 0.1033) IoU:0.720 (Avg 0.7068) Dice:0.8239 (Avg 0.8100) LR 1.59e-04   (AvgTime 0.5)   
   [Train] Epoch: [39][120/357]  Loss:0.131 (Avg 0.1036) IoU:0.644 (Avg 0.7061) Dice:0.7588 (Avg 0.8092) LR 1.59e-04   (AvgTime 0.5)   
   [Train] Epoch: [39][140/357]  Loss:0.098 (Avg 0.1037) IoU:0.727 (Avg 0.7059) Dice:0.8326 (Avg 0.8093) LR 1.59e-04   (AvgTime 0.5)   
   [Train] Epoch: [39][160/357]  Loss:0.144 (Avg 0.1034) IoU:0.635 (Avg 0.7068) Dice:0.7446 (Avg 0.8099) LR 1.59e-04   (AvgTime 0.6)   
   [Train] Epoch: [39][180/357]  Loss:0.091 (Avg 0.1023) IoU:0.757 (Avg 0.7089) Dice:0.8548 (Avg 0.8118) LR 1.59e-04   (AvgTime 0.6)   
   [Train] Epoch: [39][200/357]  Loss:0.083 (Avg 0.1018) IoU:0.750 (Avg 0.7098) Dice:0.8438 (Avg 0.8125) LR 1.59e-04   (AvgTime 0.6)   
   [Train] Epoch: [39][220/357]  Loss:0.103 (Avg 0.1019) IoU:0.706 (Avg 0.7099) Dice:0.8138 (Avg 0.8126) LR 1.59e-04   (AvgTime 0.6)   
   [Train] Epoch: [39][240/357]  Loss:0.097 (Avg 0.1018) IoU:0.729 (Avg 0.7096) Dice:0.8172 (Avg 0.8124) LR 1.59e-04   (AvgTime 0.6)   
   [Train] Epoch: [39][260/357]  Loss:0.086 (Avg 0.1015) IoU:0.758 (Avg 0.7107) Dice:0.8520 (Avg 0.8134) LR 1.59e-04   (AvgTime 0.6)   
   [Train] Epoch: [39][280/357]  Loss:0.131 (Avg 0.1022) IoU:0.646 (Avg 0.7092) Dice:0.7700 (Avg 0.8122) LR 1.59e-04   (AvgTime 0.6)   
   [Train] Epoch: [39][300/357]  Loss:0.087 (Avg 0.1030) IoU:0.752 (Avg 0.7077) Dice:0.8431 (Avg 0.8107) LR 1.59e-04   (AvgTime 0.6)   
   [Train] Epoch: [39][320/357]  Loss:0.108 (Avg 0.1022) IoU:0.690 (Avg 0.7097) Dice:0.8028 (Avg 0.8123) LR 1.59e-04   (AvgTime 0.6)   
   [Train] Epoch: [39][340/357]  Loss:0.115 (Avg 0.1021) IoU:0.667 (Avg 0.7099) Dice:0.7690 (Avg 0.8125) LR 1.59e-04   (AvgTime 0.6)   
   [Train] Epoch: [39][357/357]  Loss:0.089 (Avg 0.1021) IoU:0.734 (Avg 0.7099) Dice:0.8293 (Avg 0.8125) LR 1.59e-04   (AvgTime 0.6)   
   [Train] Loss components: dice=0.161701, focal=0.042457, total=0.102079
Validation
   [Val] Epoch: [39][20/90]  Loss:0.125 (Avg 0.1047) IoU:0.682 (Avg 0.7145) Dice:0.7948 (Avg 0.8184) (AvgTime 0.3)   
   [Val] Epoch: [39][40/90]  Loss:0.096 (Avg 0.1119) IoU:0.720 (Avg 0.6965) Dice:0.8234 (Avg 0.8015) (AvgTime 0.2)   
   [Val] Epoch: [39][60/90]  Loss:0.134 (Avg 0.1059) IoU:0.657 (Avg 0.7056) Dice:0.7627 (Avg 0.8075) (AvgTime 0.2)   
   [Val] Epoch: [39][80/90]  Loss:0.097 (Avg 0.1048) IoU:0.710 (Avg 0.7054) Dice:0.8125 (Avg 0.8077) (AvgTime 0.2)   
   [Val] Epoch: [39][90/90]  Loss:0.126 (Avg 0.1052) IoU:0.647 (Avg 0.7047) Dice:0.7715 (Avg 0.8071) (AvgTime 0.2)   
   [Val] Loss components: dice=0.168294, focal=0.042103, total=0.105199
	 No iou improvement; selected epoch 35
	 early_stopping_count: 4/80
--- Epoch History (1..39) ---
Epoch |  TrainLoss |  TrainDice |  TrainIoU |    ValLoss |    ValDice |    ValIoU |         LR | Best
    1 |     0.2378 |     0.6073 |    0.4781 |     0.2212 |     0.6176 |    0.4873 |   3.00e-04 |     
    2 |     0.1754 |     0.6971 |    0.5727 |     0.1642 |     0.7061 |    0.5868 |   3.00e-04 |     
    3 |     0.1564 |     0.7248 |    0.6043 |     0.1373 |     0.7621 |    0.6492 |   3.00e-04 |     
    4 |     0.1512 |     0.7340 |    0.6154 |     0.1450 |     0.7555 |    0.6397 |   2.99e-04 |     
    5 |     0.1427 |     0.7474 |    0.6307 |     0.1478 |     0.7229 |    0.6010 |   2.98e-04 |     
    6 |     0.1390 |     0.7527 |    0.6372 |     0.1355 |     0.7500 |    0.6298 |   2.97e-04 |     
    7 |     0.1353 |     0.7589 |    0.6439 |     0.1369 |     0.7611 |    0.6439 |   2.96e-04 |     
    8 |     0.1328 |     0.7617 |    0.6475 |     0.1354 |     0.7518 |    0.6330 |   2.94e-04 |     
    9 |     0.1294 |     0.7676 |    0.6543 |     0.1259 |     0.7724 |    0.6623 |   2.92e-04 |     
   10 |     0.1295 |     0.7672 |    0.6539 |     0.1216 |     0.7861 |    0.6776 |   2.91e-04 |     
   11 |     0.1289 |     0.7699 |    0.6573 |     0.1227 |     0.7768 |    0.6660 |   2.88e-04 |     
   12 |     0.1259 |     0.7736 |    0.6616 |     0.1186 |     0.7928 |    0.6867 |   2.86e-04 |     
   13 |     0.1252 |     0.7750 |    0.6628 |     0.1353 |     0.7535 |    0.6352 |   2.83e-04 |     
   14 |     0.1232 |     0.7784 |    0.6678 |     0.1165 |     0.7837 |    0.6714 |   2.80e-04 |     
   15 |     0.1251 |     0.7742 |    0.6624 |     0.1190 |     0.7813 |    0.6712 |   2.77e-04 |     
   16 |     0.1215 |     0.7804 |    0.6697 |     0.1217 |     0.7897 |    0.6820 |   2.74e-04 |     
   17 |     0.1251 |     0.7760 |    0.6651 |     0.1343 |     0.7581 |    0.6458 |   2.71e-04 |     
   18 |     0.1198 |     0.7841 |    0.6743 |     0.1146 |     0.7928 |    0.6860 |   2.67e-04 |     
   19 |     0.1188 |     0.7853 |    0.6759 |     0.1158 |     0.7821 |    0.6716 |   2.63e-04 |     
   20 |     0.1162 |     0.7892 |    0.6812 |     0.1173 |     0.7890 |    0.6811 |   2.59e-04 |     
   21 |     0.1166 |     0.7883 |    0.6797 |     0.1159 |     0.7814 |    0.6698 |   2.55e-04 |     
   22 |     0.1165 |     0.7891 |    0.6807 |     0.1344 |     0.7703 |    0.6587 |   2.51e-04 |     
   23 |     0.1151 |     0.7912 |    0.6838 |     0.1108 |     0.7995 |    0.6952 |   2.46e-04 |     
   24 |     0.1139 |     0.7933 |    0.6855 |     0.1130 |     0.8017 |    0.6980 |   2.42e-04 |     
   25 |     0.1139 |     0.7934 |    0.6864 |     0.1150 |     0.7985 |    0.6949 |   2.37e-04 |     
   26 |     0.1126 |     0.7952 |    0.6882 |     0.1089 |     0.7988 |    0.6928 |   2.32e-04 |     
   27 |     0.1106 |     0.7984 |    0.6923 |     0.1083 |     0.8002 |    0.6945 |   2.27e-04 |     
   28 |     0.1117 |     0.7968 |    0.6907 |     0.1093 |     0.8014 |    0.6969 |   2.22e-04 |     
   29 |     0.1108 |     0.7982 |    0.6926 |     0.1124 |     0.7947 |    0.6863 |   2.17e-04 |     
   30 |     0.1098 |     0.7995 |    0.6939 |     0.1096 |     0.7995 |    0.6962 |   2.11e-04 |     
   31 |     0.1100 |     0.8004 |    0.6948 |     0.1204 |     0.7933 |    0.6865 |   2.06e-04 |     
   32 |     0.1078 |     0.8031 |    0.6977 |     0.1063 |     0.8077 |    0.7051 |   2.00e-04 |     
   33 |     0.1066 |     0.8052 |    0.7006 |     0.1119 |     0.7959 |    0.6884 |   1.94e-04 |     
   34 |     0.1059 |     0.8063 |    0.7019 |     0.1097 |     0.8017 |    0.6963 |   1.89e-04 |     
   35 |     0.1044 |     0.8089 |    0.7053 |     0.1052 |     0.8108 |    0.7082 |   1.83e-04 |    *
   36 |     0.1040 |     0.8097 |    0.7064 |     0.1073 |     0.7999 |    0.6943 |   1.77e-04 |     
   37 |     0.1048 |     0.8085 |    0.7047 |     0.1086 |     0.7999 |    0.6950 |   1.71e-04 |     
   38 |     0.1035 |     0.8101 |    0.7068 |     0.1042 |     0.8094 |    0.7070 |   1.65e-04 |     
   39 |     0.1021 |     0.8125 |    0.7099 |     0.1052 |     0.8071 |    0.7047 |   1.59e-04 |     
--- R2 + image-value context regrouping with regroup_text anchors validation statistics ---
up4: ca=0.8970+/-0.1161, sa=1.0100+/-0.0100, amp=0.0000, suppress=0.0000, guide_abs=0.1682
up4 residuals: local_mean=6.235e-02, global_mean=0.0229, local_strength=0.1199, global_strength=0.1141, gain=[0.9806,1.0708], saturation=0.0735, text_film=0.0205
up4 haar: reconstruction_error=9.537e-07, skip_low/high=0.8179/0.1821, plam_low/high=1.0000/0.0000
up4 strengths: plam=0.9158, region=0.1199, detail=0.1141; residual_std region/detail/refine=0.3625/0.3961/0.3218
up4 guide_mix: entropy=0.9791, raw_low=0.3243, plam_low=0.2449, decoder_low=0.2697, detail=0.1612; agreement plam/decoder=0.6805/0.4961, support=0.8612+/-0.0559
up4 adaptive_frequency: ALPF strength=0.2456, weights=0.1510/0.7138/0.1352, sum=1.0000, entropy=0.7246, delta_std=0.0738; AHPF strength=0.0796, weights=0.2825/0.5470/0.1704, sum=1.0000, entropy=0.8952, residual_std=0.0992, scaled_std=0.0079
up3: ca=0.9994+/-0.1725, sa=1.0075+/-0.0038, amp=0.0000, suppress=0.0000, guide_abs=0.2761
up3 residuals: local_mean=1.865e-02, global_mean=0.0440, local_strength=0.1188, global_strength=0.1206, gain=[0.9876,1.0268], saturation=0.0003, text_film=0.0319
up3 haar: reconstruction_error=9.537e-07, skip_low/high=0.8009/0.1991, plam_low/high=1.0000/0.0000
up3 strengths: plam=0.8928, region=0.1188, detail=0.1206; residual_std region/detail/refine=0.3666/0.5562/0.4928
up3 guide_mix: entropy=0.9775, raw_low=0.3296, plam_low=0.2382, decoder_low=0.2718, detail=0.1604; agreement plam/decoder=0.0040/-0.0698, support=0.6707+/-0.0821
up3 adaptive_frequency: ALPF strength=0.2851, weights=0.1145/0.4041/0.4813, sum=1.0000, entropy=0.8122, delta_std=0.0624; AHPF strength=0.1004, weights=0.6288/0.2402/0.1310, sum=1.0000, entropy=0.7467, residual_std=0.0780, scaled_std=0.0078
up2: ca=0.8641+/-0.1312, sa=1.0042+/-0.0034, amp=0.0000, suppress=0.0000, guide_abs=0.1844
up2 residuals: local_mean=5.861e-03, global_mean=0.0311, local_strength=0.1174, global_strength=0.1137, gain=[0.9672,1.0412], saturation=0.0000, text_film=0.0272
up2 haar: reconstruction_error=9.537e-07, skip_low/high=0.7905/0.2095, plam_low/high=1.0000/0.0000
up2 strengths: plam=0.8292, region=0.1174, detail=0.1137; residual_std region/detail/refine=0.1774/0.2606/0.1243
up2 guide_mix: entropy=0.9208, raw_low=0.2821, plam_low=0.1411, decoder_low=0.4312, detail=0.1456; agreement plam/decoder=0.3009/-0.1629, support=0.5586+/-0.0404
up1: ca=0.8026+/-0.1498, sa=1.0030+/-0.0111, amp=0.0000, suppress=0.0000, guide_abs=0.2254
up1 residuals: local_mean=-4.609e-04, global_mean=0.0384, local_strength=0.1263, global_strength=0.0809, gain=[0.9208,1.0790], saturation=0.0390, text_film=0.0371
up1 haar: reconstruction_error=1.937e-06, skip_low/high=0.7392/0.2608, plam_low/high=1.0000/0.0000
up1 strengths: plam=0.9333, region=0.1263, detail=0.0809; residual_std region/detail/refine=0.5516/0.4095/0.1460
up1 guide_mix: entropy=0.9569, raw_low=0.3145, plam_low=0.2451, decoder_low=0.3214, detail=0.1190; agreement plam/decoder=0.5882/0.2424, support=0.7257+/-0.1098

========= Epoch [40/80] =========
M2_Test_session_09.13_22h33
Training with batch size : 16
   [Train] Epoch: [40][20/357]  Loss:0.119 (Avg 0.0965) IoU:0.666 (Avg 0.7202) Dice:0.7828 (Avg 0.8205) LR 1.53e-04   (AvgTime 0.6)   
   [Train] Epoch: [40][40/357]  Loss:0.140 (Avg 0.1005) IoU:0.604 (Avg 0.7118) Dice:0.7241 (Avg 0.8136) LR 1.53e-04   (AvgTime 0.6)   
   [Train] Epoch: [40][60/357]  Loss:0.075 (Avg 0.1014) IoU:0.798 (Avg 0.7097) Dice:0.8854 (Avg 0.8121) LR 1.53e-04   (AvgTime 0.6)   
   [Train] Epoch: [40][80/357]  Loss:0.087 (Avg 0.1011) IoU:0.754 (Avg 0.7119) Dice:0.8495 (Avg 0.8140) LR 1.53e-04   (AvgTime 0.6)   
   [Train] Epoch: [40][100/357]  Loss:0.086 (Avg 0.1006) IoU:0.746 (Avg 0.7117) Dice:0.8396 (Avg 0.8144) LR 1.53e-04   (AvgTime 0.6)   
   [Train] Epoch: [40][120/357]  Loss:0.080 (Avg 0.1001) IoU:0.757 (Avg 0.7128) Dice:0.8508 (Avg 0.8152) LR 1.53e-04   (AvgTime 0.6)   
   [Train] Epoch: [40][140/357]  Loss:0.087 (Avg 0.0993) IoU:0.744 (Avg 0.7147) Dice:0.8425 (Avg 0.8167) LR 1.53e-04   (AvgTime 0.6)   
   [Train] Epoch: [40][160/357]  Loss:0.079 (Avg 0.1000) IoU:0.750 (Avg 0.7136) Dice:0.8523 (Avg 0.8155) LR 1.53e-04   (AvgTime 0.6)   
   [Train] Epoch: [40][180/357]  Loss:0.104 (Avg 0.1000) IoU:0.696 (Avg 0.7135) Dice:0.8042 (Avg 0.8154) LR 1.53e-04   (AvgTime 0.6)   
   [Train] Epoch: [40][200/357]  Loss:0.082 (Avg 0.0997) IoU:0.741 (Avg 0.7140) Dice:0.8403 (Avg 0.8159) LR 1.53e-04   (AvgTime 0.6)   
   [Train] Epoch: [40][220/357]  Loss:0.149 (Avg 0.1006) IoU:0.567 (Avg 0.7113) Dice:0.6973 (Avg 0.8141) LR 1.53e-04   (AvgTime 0.6)   
   [Train] Epoch: [40][240/357]  Loss:0.090 (Avg 0.1004) IoU:0.720 (Avg 0.7119) Dice:0.8246 (Avg 0.8144) LR 1.53e-04   (AvgTime 0.6)   
   [Train] Epoch: [40][260/357]  Loss:0.063 (Avg 0.1006) IoU:0.806 (Avg 0.7113) Dice:0.8858 (Avg 0.8140) LR 1.53e-04   (AvgTime 0.6)   
   [Train] Epoch: [40][280/357]  Loss:0.138 (Avg 0.1009) IoU:0.658 (Avg 0.7115) Dice:0.7628 (Avg 0.8139) LR 1.53e-04   (AvgTime 0.6)   
   [Train] Epoch: [40][300/357]  Loss:0.105 (Avg 0.1010) IoU:0.676 (Avg 0.7114) Dice:0.7924 (Avg 0.8139) LR 1.53e-04   (AvgTime 0.6)   
   [Train] Epoch: [40][320/357]  Loss:0.111 (Avg 0.1010) IoU:0.700 (Avg 0.7118) Dice:0.7823 (Avg 0.8141) LR 1.53e-04   (AvgTime 0.6)   
   [Train] Epoch: [40][340/357]  Loss:0.058 (Avg 0.1011) IoU:0.826 (Avg 0.7115) Dice:0.9029 (Avg 0.8138) LR 1.53e-04   (AvgTime 0.6)   
   [Train] Epoch: [40][357/357]  Loss:0.116 (Avg 0.1014) IoU:0.691 (Avg 0.7112) Dice:0.7851 (Avg 0.8135) LR 1.53e-04   (AvgTime 0.6)   
   [Train] Loss components: dice=0.160551, focal=0.042219, total=0.101385
Validation
   [Val] Epoch: [40][20/90]  Loss:0.127 (Avg 0.1055) IoU:0.674 (Avg 0.7185) Dice:0.7898 (Avg 0.8211) (AvgTime 0.3)   
   [Val] Epoch: [40][40/90]  Loss:0.095 (Avg 0.1123) IoU:0.716 (Avg 0.6993) Dice:0.8201 (Avg 0.8037) (AvgTime 0.2)   
   [Val] Epoch: [40][60/90]  Loss:0.133 (Avg 0.1061) IoU:0.662 (Avg 0.7090) Dice:0.7647 (Avg 0.8098) (AvgTime 0.2)   
   [Val] Epoch: [40][80/90]  Loss:0.099 (Avg 0.1050) IoU:0.705 (Avg 0.7092) Dice:0.8108 (Avg 0.8103) (AvgTime 0.2)   
   [Val] Epoch: [40][90/90]  Loss:0.130 (Avg 0.1052) IoU:0.625 (Avg 0.7089) Dice:0.7520 (Avg 0.8101) (AvgTime 0.2)   
   [Val] Loss components: dice=0.165331, focal=0.044992, total=0.105162
	 Saving best model by iou: 0.708908
	 Saving to Covid19/BetterLViT/m2_text_regroup/M2_Test_session_09.13_22h33/models//best_model-BetterLViT.pth.tar
	 early_stopping_count: 0/80
--- Epoch History (1..40) ---
Epoch |  TrainLoss |  TrainDice |  TrainIoU |    ValLoss |    ValDice |    ValIoU |         LR | Best
    1 |     0.2378 |     0.6073 |    0.4781 |     0.2212 |     0.6176 |    0.4873 |   3.00e-04 |     
    2 |     0.1754 |     0.6971 |    0.5727 |     0.1642 |     0.7061 |    0.5868 |   3.00e-04 |     
    3 |     0.1564 |     0.7248 |    0.6043 |     0.1373 |     0.7621 |    0.6492 |   3.00e-04 |     
    4 |     0.1512 |     0.7340 |    0.6154 |     0.1450 |     0.7555 |    0.6397 |   2.99e-04 |     
    5 |     0.1427 |     0.7474 |    0.6307 |     0.1478 |     0.7229 |    0.6010 |   2.98e-04 |     
    6 |     0.1390 |     0.7527 |    0.6372 |     0.1355 |     0.7500 |    0.6298 |   2.97e-04 |     
    7 |     0.1353 |     0.7589 |    0.6439 |     0.1369 |     0.7611 |    0.6439 |   2.96e-04 |     
    8 |     0.1328 |     0.7617 |    0.6475 |     0.1354 |     0.7518 |    0.6330 |   2.94e-04 |     
    9 |     0.1294 |     0.7676 |    0.6543 |     0.1259 |     0.7724 |    0.6623 |   2.92e-04 |     
   10 |     0.1295 |     0.7672 |    0.6539 |     0.1216 |     0.7861 |    0.6776 |   2.91e-04 |     
   11 |     0.1289 |     0.7699 |    0.6573 |     0.1227 |     0.7768 |    0.6660 |   2.88e-04 |     
   12 |     0.1259 |     0.7736 |    0.6616 |     0.1186 |     0.7928 |    0.6867 |   2.86e-04 |     
   13 |     0.1252 |     0.7750 |    0.6628 |     0.1353 |     0.7535 |    0.6352 |   2.83e-04 |     
   14 |     0.1232 |     0.7784 |    0.6678 |     0.1165 |     0.7837 |    0.6714 |   2.80e-04 |     
   15 |     0.1251 |     0.7742 |    0.6624 |     0.1190 |     0.7813 |    0.6712 |   2.77e-04 |     
   16 |     0.1215 |     0.7804 |    0.6697 |     0.1217 |     0.7897 |    0.6820 |   2.74e-04 |     
   17 |     0.1251 |     0.7760 |    0.6651 |     0.1343 |     0.7581 |    0.6458 |   2.71e-04 |     
   18 |     0.1198 |     0.7841 |    0.6743 |     0.1146 |     0.7928 |    0.6860 |   2.67e-04 |     
   19 |     0.1188 |     0.7853 |    0.6759 |     0.1158 |     0.7821 |    0.6716 |   2.63e-04 |     
   20 |     0.1162 |     0.7892 |    0.6812 |     0.1173 |     0.7890 |    0.6811 |   2.59e-04 |     
   21 |     0.1166 |     0.7883 |    0.6797 |     0.1159 |     0.7814 |    0.6698 |   2.55e-04 |     
   22 |     0.1165 |     0.7891 |    0.6807 |     0.1344 |     0.7703 |    0.6587 |   2.51e-04 |     
   23 |     0.1151 |     0.7912 |    0.6838 |     0.1108 |     0.7995 |    0.6952 |   2.46e-04 |     
   24 |     0.1139 |     0.7933 |    0.6855 |     0.1130 |     0.8017 |    0.6980 |   2.42e-04 |     
   25 |     0.1139 |     0.7934 |    0.6864 |     0.1150 |     0.7985 |    0.6949 |   2.37e-04 |     
   26 |     0.1126 |     0.7952 |    0.6882 |     0.1089 |     0.7988 |    0.6928 |   2.32e-04 |     
   27 |     0.1106 |     0.7984 |    0.6923 |     0.1083 |     0.8002 |    0.6945 |   2.27e-04 |     
   28 |     0.1117 |     0.7968 |    0.6907 |     0.1093 |     0.8014 |    0.6969 |   2.22e-04 |     
   29 |     0.1108 |     0.7982 |    0.6926 |     0.1124 |     0.7947 |    0.6863 |   2.17e-04 |     
   30 |     0.1098 |     0.7995 |    0.6939 |     0.1096 |     0.7995 |    0.6962 |   2.11e-04 |     
   31 |     0.1100 |     0.8004 |    0.6948 |     0.1204 |     0.7933 |    0.6865 |   2.06e-04 |     
   32 |     0.1078 |     0.8031 |    0.6977 |     0.1063 |     0.8077 |    0.7051 |   2.00e-04 |     
   33 |     0.1066 |     0.8052 |    0.7006 |     0.1119 |     0.7959 |    0.6884 |   1.94e-04 |     
   34 |     0.1059 |     0.8063 |    0.7019 |     0.1097 |     0.8017 |    0.6963 |   1.89e-04 |     
   35 |     0.1044 |     0.8089 |    0.7053 |     0.1052 |     0.8108 |    0.7082 |   1.83e-04 |     
   36 |     0.1040 |     0.8097 |    0.7064 |     0.1073 |     0.7999 |    0.6943 |   1.77e-04 |     
   37 |     0.1048 |     0.8085 |    0.7047 |     0.1086 |     0.7999 |    0.6950 |   1.71e-04 |     
   38 |     0.1035 |     0.8101 |    0.7068 |     0.1042 |     0.8094 |    0.7070 |   1.65e-04 |     
   39 |     0.1021 |     0.8125 |    0.7099 |     0.1052 |     0.8071 |    0.7047 |   1.59e-04 |     
   40 |     0.1014 |     0.8135 |    0.7112 |     0.1052 |     0.8101 |    0.7089 |   1.53e-04 |    *
--- R2 + image-value context regrouping with regroup_text anchors validation statistics ---
up4: ca=0.8965+/-0.1110, sa=1.0098+/-0.0095, amp=0.0000, suppress=0.0000, guide_abs=0.1783
up4 residuals: local_mean=5.917e-02, global_mean=0.0248, local_strength=0.1200, global_strength=0.1145, gain=[0.9834,1.0717], saturation=0.0449, text_film=0.0207
up4 haar: reconstruction_error=5.960e-07, skip_low/high=0.8182/0.1818, plam_low/high=1.0000/0.0000
up4 strengths: plam=0.9154, region=0.1200, detail=0.1145; residual_std region/detail/refine=0.3459/0.3880/0.3131
up4 guide_mix: entropy=0.9780, raw_low=0.3195, plam_low=0.2478, decoder_low=0.2763, detail=0.1564; agreement plam/decoder=0.6393/0.4808, support=0.8631+/-0.0508
up4 adaptive_frequency: ALPF strength=0.2464, weights=0.1393/0.7278/0.1329, sum=1.0000, entropy=0.7039, delta_std=0.0767; AHPF strength=0.0795, weights=0.3020/0.5354/0.1626, sum=1.0000, entropy=0.8960, residual_std=0.0967, scaled_std=0.0077
up3: ca=0.9836+/-0.1761, sa=1.0080+/-0.0037, amp=0.0000, suppress=0.0000, guide_abs=0.2466
up3 residuals: local_mean=1.946e-02, global_mean=0.0471, local_strength=0.1188, global_strength=0.1207, gain=[0.9902,1.0265], saturation=0.0000, text_film=0.0260
up3 haar: reconstruction_error=9.537e-07, skip_low/high=0.8043/0.1957, plam_low/high=1.0000/0.0000
up3 strengths: plam=0.8918, region=0.1188, detail=0.1207; residual_std region/detail/refine=0.3543/0.5525/0.4909
up3 guide_mix: entropy=0.9762, raw_low=0.3296, plam_low=0.2344, decoder_low=0.2779, detail=0.1580; agreement plam/decoder=0.0748/-0.0479, support=0.6602+/-0.0814
up3 adaptive_frequency: ALPF strength=0.2862, weights=0.1236/0.4012/0.4752, sum=1.0000, entropy=0.7750, delta_std=0.0629; AHPF strength=0.1005, weights=0.6152/0.2497/0.1350, sum=1.0000, entropy=0.7576, residual_std=0.0803, scaled_std=0.0081
up2: ca=0.8786+/-0.1237, sa=1.0042+/-0.0033, amp=0.0000, suppress=0.0000, guide_abs=0.1661
up2 residuals: local_mean=5.954e-03, global_mean=0.0304, local_strength=0.1175, global_strength=0.1138, gain=[0.9704,1.0368], saturation=0.0000, text_film=0.0244
up2 haar: reconstruction_error=9.537e-07, skip_low/high=0.7899/0.2101, plam_low/high=1.0000/0.0000
up2 strengths: plam=0.8277, region=0.1175, detail=0.1138; residual_std region/detail/refine=0.1759/0.2594/0.1238
up2 guide_mix: entropy=0.9265, raw_low=0.2909, plam_low=0.1449, decoder_low=0.4183, detail=0.1459; agreement plam/decoder=0.3465/-0.0699, support=0.5573+/-0.0395
up1: ca=0.8023+/-0.1448, sa=1.0032+/-0.0109, amp=0.0000, suppress=0.0000, guide_abs=0.2172
up1 residuals: local_mean=5.062e-04, global_mean=0.0391, local_strength=0.1264, global_strength=0.0807, gain=[0.9214,1.0786], saturation=0.0536, text_film=0.0395
up1 haar: reconstruction_error=2.420e-06, skip_low/high=0.7292/0.2708, plam_low/high=1.0000/0.0000
up1 strengths: plam=0.9329, region=0.1264, detail=0.0807; residual_std region/detail/refine=0.6054/0.3967/0.1476
up1 guide_mix: entropy=0.9565, raw_low=0.2901, plam_low=0.2650, decoder_low=0.3294, detail=0.1154; agreement plam/decoder=0.6091/0.2144, support=0.7207+/-0.1085

========= Epoch [41/80] =========
M2_Test_session_09.13_22h33
Training with batch size : 16
   [Train] Epoch: [41][20/357]  Loss:0.079 (Avg 0.0952) IoU:0.771 (Avg 0.7290) Dice:0.8652 (Avg 0.8282) LR 1.48e-04   (AvgTime 0.6)   
   [Train] Epoch: [41][40/357]  Loss:0.087 (Avg 0.0976) IoU:0.751 (Avg 0.7251) Dice:0.8505 (Avg 0.8245) LR 1.48e-04   (AvgTime 0.6)   
   [Train] Epoch: [41][60/357]  Loss:0.122 (Avg 0.1000) IoU:0.667 (Avg 0.7210) Dice:0.7756 (Avg 0.8197) LR 1.48e-04   (AvgTime 0.6)   
   [Train] Epoch: [41][80/357]  Loss:0.114 (Avg 0.0990) IoU:0.656 (Avg 0.7217) Dice:0.7738 (Avg 0.8205) LR 1.48e-04   (AvgTime 0.6)   
   [Train] Epoch: [41][100/357]  Loss:0.117 (Avg 0.1004) IoU:0.675 (Avg 0.7170) Dice:0.7857 (Avg 0.8172) LR 1.48e-04   (AvgTime 0.6)   
   [Train] Epoch: [41][120/357]  Loss:0.081 (Avg 0.0993) IoU:0.749 (Avg 0.7186) Dice:0.8449 (Avg 0.8187) LR 1.48e-04   (AvgTime 0.6)   
   [Train] Epoch: [41][140/357]  Loss:0.136 (Avg 0.1005) IoU:0.654 (Avg 0.7154) Dice:0.7672 (Avg 0.8162) LR 1.48e-04   (AvgTime 0.6)   
   [Train] Epoch: [41][160/357]  Loss:0.124 (Avg 0.0997) IoU:0.687 (Avg 0.7170) Dice:0.7690 (Avg 0.8177) LR 1.48e-04   (AvgTime 0.6)   
   [Train] Epoch: [41][180/357]  Loss:0.081 (Avg 0.0994) IoU:0.752 (Avg 0.7173) Dice:0.8504 (Avg 0.8181) LR 1.48e-04   (AvgTime 0.6)   
   [Train] Epoch: [41][200/357]  Loss:0.064 (Avg 0.0991) IoU:0.795 (Avg 0.7177) Dice:0.8779 (Avg 0.8186) LR 1.48e-04   (AvgTime 0.6)   
   [Train] Epoch: [41][220/357]  Loss:0.089 (Avg 0.0995) IoU:0.739 (Avg 0.7165) Dice:0.8327 (Avg 0.8175) LR 1.48e-04   (AvgTime 0.6)   
   [Train] Epoch: [41][240/357]  Loss:0.114 (Avg 0.1000) IoU:0.686 (Avg 0.7152) Dice:0.7969 (Avg 0.8166) LR 1.48e-04   (AvgTime 0.6)   
   [Train] Epoch: [41][260/357]  Loss:0.068 (Avg 0.1002) IoU:0.797 (Avg 0.7150) Dice:0.8824 (Avg 0.8165) LR 1.48e-04   (AvgTime 0.6)   
   [Train] Epoch: [41][280/357]  Loss:0.096 (Avg 0.1001) IoU:0.717 (Avg 0.7151) Dice:0.8260 (Avg 0.8167) LR 1.48e-04   (AvgTime 0.6)   
   [Train] Epoch: [41][300/357]  Loss:0.082 (Avg 0.1000) IoU:0.746 (Avg 0.7152) Dice:0.8442 (Avg 0.8167) LR 1.48e-04   (AvgTime 0.6)   
   [Train] Epoch: [41][320/357]  Loss:0.123 (Avg 0.1003) IoU:0.674 (Avg 0.7146) Dice:0.7906 (Avg 0.8161) LR 1.48e-04   (AvgTime 0.6)   
   [Train] Epoch: [41][340/357]  Loss:0.091 (Avg 0.1006) IoU:0.728 (Avg 0.7139) Dice:0.8335 (Avg 0.8157) LR 1.48e-04   (AvgTime 0.6)   
   [Train] Epoch: [41][357/357]  Loss:0.094 (Avg 0.1007) IoU:0.737 (Avg 0.7135) Dice:0.8323 (Avg 0.8154) LR 1.48e-04   (AvgTime 0.6)   
   [Train] Loss components: dice=0.159448, focal=0.041946, total=0.100697
Validation
   [Val] Epoch: [41][20/90]  Loss:0.139 (Avg 0.1069) IoU:0.658 (Avg 0.7168) Dice:0.7753 (Avg 0.8198) (AvgTime 0.3)   
   [Val] Epoch: [41][40/90]  Loss:0.094 (Avg 0.1116) IoU:0.723 (Avg 0.7016) Dice:0.8257 (Avg 0.8061) (AvgTime 0.2)   
   [Val] Epoch: [41][60/90]  Loss:0.134 (Avg 0.1056) IoU:0.652 (Avg 0.7115) Dice:0.7566 (Avg 0.8120) (AvgTime 0.2)   
   [Val] Epoch: [41][80/90]  Loss:0.098 (Avg 0.1044) IoU:0.714 (Avg 0.7113) Dice:0.8183 (Avg 0.8125) (AvgTime 0.2)   
   [Val] Epoch: [41][90/90]  Loss:0.127 (Avg 0.1046) IoU:0.633 (Avg 0.7110) Dice:0.7566 (Avg 0.8120) (AvgTime 0.2)   
   [Val] Loss components: dice=0.163550, focal=0.045659, total=0.104605
	 Saving best model by iou: 0.710982
	 Saving to Covid19/BetterLViT/m2_text_regroup/M2_Test_session_09.13_22h33/models//best_model-BetterLViT.pth.tar
	 early_stopping_count: 0/80
--- Epoch History (1..41) ---
Epoch |  TrainLoss |  TrainDice |  TrainIoU |    ValLoss |    ValDice |    ValIoU |         LR | Best
    1 |     0.2378 |     0.6073 |    0.4781 |     0.2212 |     0.6176 |    0.4873 |   3.00e-04 |     
    2 |     0.1754 |     0.6971 |    0.5727 |     0.1642 |     0.7061 |    0.5868 |   3.00e-04 |     
    3 |     0.1564 |     0.7248 |    0.6043 |     0.1373 |     0.7621 |    0.6492 |   3.00e-04 |     
    4 |     0.1512 |     0.7340 |    0.6154 |     0.1450 |     0.7555 |    0.6397 |   2.99e-04 |     
    5 |     0.1427 |     0.7474 |    0.6307 |     0.1478 |     0.7229 |    0.6010 |   2.98e-04 |     
    6 |     0.1390 |     0.7527 |    0.6372 |     0.1355 |     0.7500 |    0.6298 |   2.97e-04 |     
    7 |     0.1353 |     0.7589 |    0.6439 |     0.1369 |     0.7611 |    0.6439 |   2.96e-04 |     
    8 |     0.1328 |     0.7617 |    0.6475 |     0.1354 |     0.7518 |    0.6330 |   2.94e-04 |     
    9 |     0.1294 |     0.7676 |    0.6543 |     0.1259 |     0.7724 |    0.6623 |   2.92e-04 |     
   10 |     0.1295 |     0.7672 |    0.6539 |     0.1216 |     0.7861 |    0.6776 |   2.91e-04 |     
   11 |     0.1289 |     0.7699 |    0.6573 |     0.1227 |     0.7768 |    0.6660 |   2.88e-04 |     
   12 |     0.1259 |     0.7736 |    0.6616 |     0.1186 |     0.7928 |    0.6867 |   2.86e-04 |     
   13 |     0.1252 |     0.7750 |    0.6628 |     0.1353 |     0.7535 |    0.6352 |   2.83e-04 |     
   14 |     0.1232 |     0.7784 |    0.6678 |     0.1165 |     0.7837 |    0.6714 |   2.80e-04 |     
   15 |     0.1251 |     0.7742 |    0.6624 |     0.1190 |     0.7813 |    0.6712 |   2.77e-04 |     
   16 |     0.1215 |     0.7804 |    0.6697 |     0.1217 |     0.7897 |    0.6820 |   2.74e-04 |     
   17 |     0.1251 |     0.7760 |    0.6651 |     0.1343 |     0.7581 |    0.6458 |   2.71e-04 |     
   18 |     0.1198 |     0.7841 |    0.6743 |     0.1146 |     0.7928 |    0.6860 |   2.67e-04 |     
   19 |     0.1188 |     0.7853 |    0.6759 |     0.1158 |     0.7821 |    0.6716 |   2.63e-04 |     
   20 |     0.1162 |     0.7892 |    0.6812 |     0.1173 |     0.7890 |    0.6811 |   2.59e-04 |     
   21 |     0.1166 |     0.7883 |    0.6797 |     0.1159 |     0.7814 |    0.6698 |   2.55e-04 |     
   22 |     0.1165 |     0.7891 |    0.6807 |     0.1344 |     0.7703 |    0.6587 |   2.51e-04 |     
   23 |     0.1151 |     0.7912 |    0.6838 |     0.1108 |     0.7995 |    0.6952 |   2.46e-04 |     
   24 |     0.1139 |     0.7933 |    0.6855 |     0.1130 |     0.8017 |    0.6980 |   2.42e-04 |     
   25 |     0.1139 |     0.7934 |    0.6864 |     0.1150 |     0.7985 |    0.6949 |   2.37e-04 |     
   26 |     0.1126 |     0.7952 |    0.6882 |     0.1089 |     0.7988 |    0.6928 |   2.32e-04 |     
   27 |     0.1106 |     0.7984 |    0.6923 |     0.1083 |     0.8002 |    0.6945 |   2.27e-04 |     
   28 |     0.1117 |     0.7968 |    0.6907 |     0.1093 |     0.8014 |    0.6969 |   2.22e-04 |     
   29 |     0.1108 |     0.7982 |    0.6926 |     0.1124 |     0.7947 |    0.6863 |   2.17e-04 |     
   30 |     0.1098 |     0.7995 |    0.6939 |     0.1096 |     0.7995 |    0.6962 |   2.11e-04 |     
   31 |     0.1100 |     0.8004 |    0.6948 |     0.1204 |     0.7933 |    0.6865 |   2.06e-04 |     
   32 |     0.1078 |     0.8031 |    0.6977 |     0.1063 |     0.8077 |    0.7051 |   2.00e-04 |     
   33 |     0.1066 |     0.8052 |    0.7006 |     0.1119 |     0.7959 |    0.6884 |   1.94e-04 |     
   34 |     0.1059 |     0.8063 |    0.7019 |     0.1097 |     0.8017 |    0.6963 |   1.89e-04 |     
   35 |     0.1044 |     0.8089 |    0.7053 |     0.1052 |     0.8108 |    0.7082 |   1.83e-04 |     
   36 |     0.1040 |     0.8097 |    0.7064 |     0.1073 |     0.7999 |    0.6943 |   1.77e-04 |     
   37 |     0.1048 |     0.8085 |    0.7047 |     0.1086 |     0.7999 |    0.6950 |   1.71e-04 |     
   38 |     0.1035 |     0.8101 |    0.7068 |     0.1042 |     0.8094 |    0.7070 |   1.65e-04 |     
   39 |     0.1021 |     0.8125 |    0.7099 |     0.1052 |     0.8071 |    0.7047 |   1.59e-04 |     
   40 |     0.1014 |     0.8135 |    0.7112 |     0.1052 |     0.8101 |    0.7089 |   1.53e-04 |     
   41 |     0.1007 |     0.8154 |    0.7135 |     0.1046 |     0.8120 |    0.7110 |   1.48e-04 |    *
--- R2 + image-value context regrouping with regroup_text anchors validation statistics ---
up4: ca=0.9007+/-0.1110, sa=1.0097+/-0.0088, amp=0.0000, suppress=0.0000, guide_abs=0.1701
up4 residuals: local_mean=5.750e-02, global_mean=0.0250, local_strength=0.1201, global_strength=0.1148, gain=[0.9832,1.0706], saturation=0.0357, text_film=0.0212
up4 haar: reconstruction_error=9.537e-07, skip_low/high=0.8193/0.1807, plam_low/high=1.0000/0.0000
up4 strengths: plam=0.9144, region=0.1201, detail=0.1148; residual_std region/detail/refine=0.3556/0.3784/0.3094
up4 guide_mix: entropy=0.9769, raw_low=0.3042, plam_low=0.2576, decoder_low=0.2886, detail=0.1496; agreement plam/decoder=0.6684/0.4041, support=0.8381+/-0.0631
up4 adaptive_frequency: ALPF strength=0.2470, weights=0.1464/0.7179/0.1357, sum=1.0000, entropy=0.7189, delta_std=0.0772; AHPF strength=0.0795, weights=0.2945/0.5396/0.1658, sum=1.0000, entropy=0.8968, residual_std=0.0939, scaled_std=0.0075
up3: ca=0.9772+/-0.1733, sa=1.0082+/-0.0037, amp=0.0000, suppress=0.0000, guide_abs=0.2546
up3 residuals: local_mean=1.935e-02, global_mean=0.0486, local_strength=0.1189, global_strength=0.1208, gain=[0.9903,1.0260], saturation=0.0000, text_film=0.0334
up3 haar: reconstruction_error=1.192e-06, skip_low/high=0.8028/0.1972, plam_low/high=1.0000/0.0000
up3 strengths: plam=0.8910, region=0.1189, detail=0.1208; residual_std region/detail/refine=0.3461/0.5426/0.4788
up3 guide_mix: entropy=0.9767, raw_low=0.3359, plam_low=0.2470, decoder_low=0.2578, detail=0.1593; agreement plam/decoder=0.1118/0.0062, support=0.6620+/-0.0776
up3 adaptive_frequency: ALPF strength=0.2872, weights=0.0981/0.3370/0.5648, sum=1.0000, entropy=0.7336, delta_std=0.0644; AHPF strength=0.1007, weights=0.7037/0.1911/0.1052, sum=1.0000, entropy=0.6548, residual_std=0.0640, scaled_std=0.0064
up2: ca=0.8831+/-0.1244, sa=1.0042+/-0.0033, amp=0.0000, suppress=0.0000, guide_abs=0.1658
up2 residuals: local_mean=6.705e-03, global_mean=0.0301, local_strength=0.1176, global_strength=0.1139, gain=[0.9689,1.0369], saturation=0.0000, text_film=0.0238
up2 haar: reconstruction_error=9.537e-07, skip_low/high=0.7933/0.2067, plam_low/high=1.0000/0.0000
up2 strengths: plam=0.8261, region=0.1176, detail=0.1139; residual_std region/detail/refine=0.1802/0.2471/0.1208
up2 guide_mix: entropy=0.9186, raw_low=0.2785, plam_low=0.1476, decoder_low=0.4361, detail=0.1378; agreement plam/decoder=0.4800/-0.0783, support=0.5578+/-0.0417
up1: ca=0.8095+/-0.1468, sa=1.0032+/-0.0110, amp=0.0000, suppress=0.0000, guide_abs=0.2240
up1 residuals: local_mean=7.404e-04, global_mean=0.0392, local_strength=0.1265, global_strength=0.0805, gain=[0.9214,1.0786], saturation=0.0520, text_film=0.0332
up1 haar: reconstruction_error=2.801e-06, skip_low/high=0.7335/0.2665, plam_low/high=1.0000/0.0000
up1 strengths: plam=0.9326, region=0.1265, detail=0.0805; residual_std region/detail/refine=0.5806/0.4057/0.1488
up1 guide_mix: entropy=0.9563, raw_low=0.2993, plam_low=0.2512, decoder_low=0.3321, detail=0.1174; agreement plam/decoder=0.5758/0.1590, support=0.7289+/-0.1067

========= Epoch [42/80] =========
M2_Test_session_09.13_22h33
Training with batch size : 16
   [Train] Epoch: [42][20/357]  Loss:0.104 (Avg 0.0975) IoU:0.690 (Avg 0.7192) Dice:0.7942 (Avg 0.8196) LR 1.42e-04   (AvgTime 0.6)   
   [Train] Epoch: [42][40/357]  Loss:0.108 (Avg 0.0954) IoU:0.691 (Avg 0.7253) Dice:0.7961 (Avg 0.8249) LR 1.42e-04   (AvgTime 0.6)   
   [Train] Epoch: [42][60/357]  Loss:0.092 (Avg 0.0983) IoU:0.741 (Avg 0.7199) Dice:0.8355 (Avg 0.8205) LR 1.42e-04   (AvgTime 0.6)   
   [Train] Epoch: [42][80/357]  Loss:0.076 (Avg 0.0984) IoU:0.775 (Avg 0.7196) Dice:0.8629 (Avg 0.8199) LR 1.42e-04   (AvgTime 0.6)   
   [Train] Epoch: [42][100/357]  Loss:0.086 (Avg 0.0980) IoU:0.733 (Avg 0.7203) Dice:0.8373 (Avg 0.8207) LR 1.42e-04   (AvgTime 0.6)   
   [Train] Epoch: [42][120/357]  Loss:0.120 (Avg 0.0981) IoU:0.669 (Avg 0.7198) Dice:0.7802 (Avg 0.8203) LR 1.42e-04   (AvgTime 0.6)   
   [Train] Epoch: [42][140/357]  Loss:0.159 (Avg 0.1003) IoU:0.573 (Avg 0.7135) Dice:0.7129 (Avg 0.8154) LR 1.42e-04   (AvgTime 0.6)   
   [Train] Epoch: [42][160/357]  Loss:0.081 (Avg 0.1008) IoU:0.797 (Avg 0.7119) Dice:0.8750 (Avg 0.8143) LR 1.42e-04   (AvgTime 0.6)   
   [Train] Epoch: [42][180/357]  Loss:0.088 (Avg 0.1005) IoU:0.738 (Avg 0.7122) Dice:0.8358 (Avg 0.8147) LR 1.42e-04   (AvgTime 0.6)   
   [Train] Epoch: [42][200/357]  Loss:0.102 (Avg 0.1005) IoU:0.732 (Avg 0.7125) Dice:0.8206 (Avg 0.8147) LR 1.42e-04   (AvgTime 0.6)   
   [Train] Epoch: [42][220/357]  Loss:0.106 (Avg 0.1008) IoU:0.689 (Avg 0.7120) Dice:0.8035 (Avg 0.8142) LR 1.42e-04   (AvgTime 0.6)   
   [Train] Epoch: [42][240/357]  Loss:0.101 (Avg 0.1003) IoU:0.682 (Avg 0.7125) Dice:0.8047 (Avg 0.8147) LR 1.42e-04   (AvgTime 0.6)   
   [Train] Epoch: [42][260/357]  Loss:0.062 (Avg 0.1004) IoU:0.799 (Avg 0.7124) Dice:0.8814 (Avg 0.8145) LR 1.42e-04   (AvgTime 0.6)   
   [Train] Epoch: [42][280/357]  Loss:0.111 (Avg 0.1003) IoU:0.726 (Avg 0.7130) Dice:0.8259 (Avg 0.8150) LR 1.42e-04   (AvgTime 0.6)   
   [Train] Epoch: [42][300/357]  Loss:0.123 (Avg 0.1008) IoU:0.686 (Avg 0.7127) Dice:0.7975 (Avg 0.8147) LR 1.42e-04   (AvgTime 0.6)   
   [Train] Epoch: [42][320/357]  Loss:0.080 (Avg 0.1006) IoU:0.739 (Avg 0.7132) Dice:0.8409 (Avg 0.8150) LR 1.42e-04   (AvgTime 0.6)   
   [Train] Epoch: [42][340/357]  Loss:0.089 (Avg 0.1007) IoU:0.725 (Avg 0.7132) Dice:0.8320 (Avg 0.8153) LR 1.42e-04   (AvgTime 0.6)   
   [Train] Epoch: [42][357/357]  Loss:0.111 (Avg 0.1002) IoU:0.667 (Avg 0.7143) Dice:0.7886 (Avg 0.8163) LR 1.42e-04   (AvgTime 0.6)   
   [Train] Loss components: dice=0.158373, focal=0.042012, total=0.100193
Validation
   [Val] Epoch: [42][20/90]  Loss:0.123 (Avg 0.1056) IoU:0.682 (Avg 0.7142) Dice:0.7965 (Avg 0.8177) (AvgTime 0.3)   
   [Val] Epoch: [42][40/90]  Loss:0.095 (Avg 0.1123) IoU:0.721 (Avg 0.6983) Dice:0.8242 (Avg 0.8029) (AvgTime 0.2)   
   [Val] Epoch: [42][60/90]  Loss:0.135 (Avg 0.1049) IoU:0.663 (Avg 0.7109) Dice:0.7656 (Avg 0.8117) (AvgTime 0.2)   
   [Val] Epoch: [42][80/90]  Loss:0.097 (Avg 0.1042) IoU:0.711 (Avg 0.7096) Dice:0.8141 (Avg 0.8112) (AvgTime 0.2)   
   [Val] Epoch: [42][90/90]  Loss:0.136 (Avg 0.1045) IoU:0.617 (Avg 0.7087) Dice:0.7473 (Avg 0.8106) (AvgTime 0.2)   
   [Val] Loss components: dice=0.161375, focal=0.047661, total=0.104518
	 No iou improvement; selected epoch 41
	 early_stopping_count: 1/80
--- Epoch History (1..42) ---
Epoch |  TrainLoss |  TrainDice |  TrainIoU |    ValLoss |    ValDice |    ValIoU |         LR | Best
    1 |     0.2378 |     0.6073 |    0.4781 |     0.2212 |     0.6176 |    0.4873 |   3.00e-04 |     
    2 |     0.1754 |     0.6971 |    0.5727 |     0.1642 |     0.7061 |    0.5868 |   3.00e-04 |     
    3 |     0.1564 |     0.7248 |    0.6043 |     0.1373 |     0.7621 |    0.6492 |   3.00e-04 |     
    4 |     0.1512 |     0.7340 |    0.6154 |     0.1450 |     0.7555 |    0.6397 |   2.99e-04 |     
    5 |     0.1427 |     0.7474 |    0.6307 |     0.1478 |     0.7229 |    0.6010 |   2.98e-04 |     
    6 |     0.1390 |     0.7527 |    0.6372 |     0.1355 |     0.7500 |    0.6298 |   2.97e-04 |     
    7 |     0.1353 |     0.7589 |    0.6439 |     0.1369 |     0.7611 |    0.6439 |   2.96e-04 |     
    8 |     0.1328 |     0.7617 |    0.6475 |     0.1354 |     0.7518 |    0.6330 |   2.94e-04 |     
    9 |     0.1294 |     0.7676 |    0.6543 |     0.1259 |     0.7724 |    0.6623 |   2.92e-04 |     
   10 |     0.1295 |     0.7672 |    0.6539 |     0.1216 |     0.7861 |    0.6776 |   2.91e-04 |     
   11 |     0.1289 |     0.7699 |    0.6573 |     0.1227 |     0.7768 |    0.6660 |   2.88e-04 |     
   12 |     0.1259 |     0.7736 |    0.6616 |     0.1186 |     0.7928 |    0.6867 |   2.86e-04 |     
   13 |     0.1252 |     0.7750 |    0.6628 |     0.1353 |     0.7535 |    0.6352 |   2.83e-04 |     
   14 |     0.1232 |     0.7784 |    0.6678 |     0.1165 |     0.7837 |    0.6714 |   2.80e-04 |     
   15 |     0.1251 |     0.7742 |    0.6624 |     0.1190 |     0.7813 |    0.6712 |   2.77e-04 |     
   16 |     0.1215 |     0.7804 |    0.6697 |     0.1217 |     0.7897 |    0.6820 |   2.74e-04 |     
   17 |     0.1251 |     0.7760 |    0.6651 |     0.1343 |     0.7581 |    0.6458 |   2.71e-04 |     
   18 |     0.1198 |     0.7841 |    0.6743 |     0.1146 |     0.7928 |    0.6860 |   2.67e-04 |     
   19 |     0.1188 |     0.7853 |    0.6759 |     0.1158 |     0.7821 |    0.6716 |   2.63e-04 |     
   20 |     0.1162 |     0.7892 |    0.6812 |     0.1173 |     0.7890 |    0.6811 |   2.59e-04 |     
   21 |     0.1166 |     0.7883 |    0.6797 |     0.1159 |     0.7814 |    0.6698 |   2.55e-04 |     
   22 |     0.1165 |     0.7891 |    0.6807 |     0.1344 |     0.7703 |    0.6587 |   2.51e-04 |     
   23 |     0.1151 |     0.7912 |    0.6838 |     0.1108 |     0.7995 |    0.6952 |   2.46e-04 |     
   24 |     0.1139 |     0.7933 |    0.6855 |     0.1130 |     0.8017 |    0.6980 |   2.42e-04 |     
   25 |     0.1139 |     0.7934 |    0.6864 |     0.1150 |     0.7985 |    0.6949 |   2.37e-04 |     
   26 |     0.1126 |     0.7952 |    0.6882 |     0.1089 |     0.7988 |    0.6928 |   2.32e-04 |     
   27 |     0.1106 |     0.7984 |    0.6923 |     0.1083 |     0.8002 |    0.6945 |   2.27e-04 |     
   28 |     0.1117 |     0.7968 |    0.6907 |     0.1093 |     0.8014 |    0.6969 |   2.22e-04 |     
   29 |     0.1108 |     0.7982 |    0.6926 |     0.1124 |     0.7947 |    0.6863 |   2.17e-04 |     
   30 |     0.1098 |     0.7995 |    0.6939 |     0.1096 |     0.7995 |    0.6962 |   2.11e-04 |     
   31 |     0.1100 |     0.8004 |    0.6948 |     0.1204 |     0.7933 |    0.6865 |   2.06e-04 |     
   32 |     0.1078 |     0.8031 |    0.6977 |     0.1063 |     0.8077 |    0.7051 |   2.00e-04 |     
   33 |     0.1066 |     0.8052 |    0.7006 |     0.1119 |     0.7959 |    0.6884 |   1.94e-04 |     
   34 |     0.1059 |     0.8063 |    0.7019 |     0.1097 |     0.8017 |    0.6963 |   1.89e-04 |     
   35 |     0.1044 |     0.8089 |    0.7053 |     0.1052 |     0.8108 |    0.7082 |   1.83e-04 |     
   36 |     0.1040 |     0.8097 |    0.7064 |     0.1073 |     0.7999 |    0.6943 |   1.77e-04 |     
   37 |     0.1048 |     0.8085 |    0.7047 |     0.1086 |     0.7999 |    0.6950 |   1.71e-04 |     
   38 |     0.1035 |     0.8101 |    0.7068 |     0.1042 |     0.8094 |    0.7070 |   1.65e-04 |     
   39 |     0.1021 |     0.8125 |    0.7099 |     0.1052 |     0.8071 |    0.7047 |   1.59e-04 |     
   40 |     0.1014 |     0.8135 |    0.7112 |     0.1052 |     0.8101 |    0.7089 |   1.53e-04 |     
   41 |     0.1007 |     0.8154 |    0.7135 |     0.1046 |     0.8120 |    0.7110 |   1.48e-04 |    *
   42 |     0.1002 |     0.8163 |    0.7143 |     0.1045 |     0.8106 |    0.7087 |   1.42e-04 |     
--- R2 + image-value context regrouping with regroup_text anchors validation statistics ---
up4: ca=0.8936+/-0.1054, sa=1.0101+/-0.0093, amp=0.0000, suppress=0.0000, guide_abs=0.1664
up4 residuals: local_mean=6.012e-02, global_mean=0.0258, local_strength=0.1202, global_strength=0.1150, gain=[0.9873,1.0716], saturation=0.0602, text_film=0.0212
up4 haar: reconstruction_error=9.537e-07, skip_low/high=0.8140/0.1860, plam_low/high=1.0000/0.0000
up4 strengths: plam=0.9134, region=0.1202, detail=0.1150; residual_std region/detail/refine=0.3623/0.3655/0.2875
up4 guide_mix: entropy=0.9743, raw_low=0.2952, plam_low=0.2533, decoder_low=0.3061, detail=0.1454; agreement plam/decoder=0.6457/0.5352, support=0.8712+/-0.0533
up4 adaptive_frequency: ALPF strength=0.2476, weights=0.1496/0.7151/0.1353, sum=1.0000, entropy=0.7229, delta_std=0.0805; AHPF strength=0.0796, weights=0.2884/0.5443/0.1673, sum=1.0000, entropy=0.8955, residual_std=0.0942, scaled_std=0.0075
up3: ca=0.9873+/-0.1665, sa=1.0079+/-0.0042, amp=0.0000, suppress=0.0000, guide_abs=0.2725
up3 residuals: local_mean=1.947e-02, global_mean=0.0461, local_strength=0.1190, global_strength=0.1209, gain=[0.9892,1.0288], saturation=0.0003, text_film=0.0325
up3 haar: reconstruction_error=9.537e-07, skip_low/high=0.8022/0.1978, plam_low/high=1.0000/0.0000
up3 strengths: plam=0.8904, region=0.1190, detail=0.1209; residual_std region/detail/refine=0.3506/0.5452/0.4794
up3 guide_mix: entropy=0.9773, raw_low=0.3314, plam_low=0.2433, decoder_low=0.2661, detail=0.1592; agreement plam/decoder=0.0822/0.0500, support=0.6801+/-0.0783
up3 adaptive_frequency: ALPF strength=0.2879, weights=0.1247/0.4286/0.4467, sum=1.0000, entropy=0.7758, delta_std=0.0656; AHPF strength=0.1010, weights=0.5868/0.2613/0.1519, sum=1.0000, entropy=0.7626, residual_std=0.0867, scaled_std=0.0088
up2: ca=0.8829+/-0.1280, sa=1.0044+/-0.0041, amp=0.0000, suppress=0.0000, guide_abs=0.1539
up2 residuals: local_mean=6.573e-03, global_mean=0.0314, local_strength=0.1177, global_strength=0.1139, gain=[0.9699,1.0381], saturation=0.0000, text_film=0.0250
up2 haar: reconstruction_error=9.537e-07, skip_low/high=0.7825/0.2175, plam_low/high=1.0000/0.0000
up2 strengths: plam=0.8243, region=0.1177, detail=0.1139; residual_std region/detail/refine=0.1774/0.2655/0.1213
up2 guide_mix: entropy=0.9278, raw_low=0.2809, plam_low=0.1520, decoder_low=0.4229, detail=0.1443; agreement plam/decoder=0.6112/-0.1046, support=0.5567+/-0.0375
up1: ca=0.7964+/-0.1395, sa=1.0033+/-0.0109, amp=0.0000, suppress=0.0000, guide_abs=0.2123
up1 residuals: local_mean=1.258e-03, global_mean=0.0394, local_strength=0.1266, global_strength=0.0802, gain=[0.9216,1.0783], saturation=0.0383, text_film=0.0402
up1 haar: reconstruction_error=1.907e-06, skip_low/high=0.7255/0.2745, plam_low/high=1.0000/0.0000
up1 strengths: plam=0.9324, region=0.1266, detail=0.0802; residual_std region/detail/refine=0.5712/0.4050/0.1502
up1 guide_mix: entropy=0.9574, raw_low=0.2910, plam_low=0.2628, decoder_low=0.3292, detail=0.1170; agreement plam/decoder=0.5429/0.1870, support=0.7212+/-0.1042

========= Epoch [43/80] =========
M2_Test_session_09.13_22h33
Training with batch size : 16
   [Train] Epoch: [43][20/357]  Loss:0.077 (Avg 0.0921) IoU:0.773 (Avg 0.7268) Dice:0.8592 (Avg 0.8267) LR 1.36e-04   (AvgTime 0.6)   
   [Train] Epoch: [43][40/357]  Loss:0.088 (Avg 0.0957) IoU:0.752 (Avg 0.7244) Dice:0.8371 (Avg 0.8226) LR 1.36e-04   (AvgTime 0.6)   
   [Train] Epoch: [43][60/357]  Loss:0.076 (Avg 0.0929) IoU:0.759 (Avg 0.7297) Dice:0.8551 (Avg 0.8280) LR 1.36e-04   (AvgTime 0.6)   
   [Train] Epoch: [43][80/357]  Loss:0.076 (Avg 0.0930) IoU:0.777 (Avg 0.7296) Dice:0.8684 (Avg 0.8286) LR 1.36e-04   (AvgTime 0.6)   
   [Train] Epoch: [43][100/357]  Loss:0.086 (Avg 0.0944) IoU:0.742 (Avg 0.7263) Dice:0.8403 (Avg 0.8262) LR 1.36e-04   (AvgTime 0.6)   
   [Train] Epoch: [43][120/357]  Loss:0.106 (Avg 0.0952) IoU:0.699 (Avg 0.7241) Dice:0.7988 (Avg 0.8242) LR 1.36e-04   (AvgTime 0.6)   
   [Train] Epoch: [43][140/357]  Loss:0.126 (Avg 0.0961) IoU:0.652 (Avg 0.7221) Dice:0.7704 (Avg 0.8225) LR 1.36e-04   (AvgTime 0.6)   
   [Train] Epoch: [43][160/357]  Loss:0.153 (Avg 0.0967) IoU:0.590 (Avg 0.7207) Dice:0.6985 (Avg 0.8214) LR 1.36e-04   (AvgTime 0.6)   
   [Train] Epoch: [43][180/357]  Loss:0.087 (Avg 0.0966) IoU:0.733 (Avg 0.7212) Dice:0.8360 (Avg 0.8214) LR 1.36e-04   (AvgTime 0.6)   
   [Train] Epoch: [43][200/357]  Loss:0.092 (Avg 0.0972) IoU:0.761 (Avg 0.7197) Dice:0.8522 (Avg 0.8205) LR 1.36e-04   (AvgTime 0.6)   
   [Train] Epoch: [43][220/357]  Loss:0.088 (Avg 0.0970) IoU:0.724 (Avg 0.7201) Dice:0.8265 (Avg 0.8208) LR 1.36e-04   (AvgTime 0.6)   
   [Train] Epoch: [43][240/357]  Loss:0.080 (Avg 0.0973) IoU:0.760 (Avg 0.7194) Dice:0.8464 (Avg 0.8203) LR 1.36e-04   (AvgTime 0.6)   
   [Train] Epoch: [43][260/357]  Loss:0.100 (Avg 0.0979) IoU:0.708 (Avg 0.7185) Dice:0.8112 (Avg 0.8193) LR 1.36e-04   (AvgTime 0.6)   
   [Train] Epoch: [43][280/357]  Loss:0.119 (Avg 0.0987) IoU:0.672 (Avg 0.7166) Dice:0.7751 (Avg 0.8179) LR 1.36e-04   (AvgTime 0.6)   
   [Train] Epoch: [43][300/357]  Loss:0.088 (Avg 0.0987) IoU:0.744 (Avg 0.7169) Dice:0.8336 (Avg 0.8180) LR 1.36e-04   (AvgTime 0.6)   
   [Train] Epoch: [43][320/357]  Loss:0.074 (Avg 0.0987) IoU:0.796 (Avg 0.7172) Dice:0.8795 (Avg 0.8183) LR 1.36e-04   (AvgTime 0.6)   
   [Train] Epoch: [43][340/357]  Loss:0.098 (Avg 0.0988) IoU:0.708 (Avg 0.7170) Dice:0.8130 (Avg 0.8181) LR 1.36e-04   (AvgTime 0.6)   
   [Train] Epoch: [43][357/357]  Loss:0.089 (Avg 0.0986) IoU:0.747 (Avg 0.7172) Dice:0.8367 (Avg 0.8183) LR 1.36e-04   (AvgTime 0.6)   
   [Train] Loss components: dice=0.156359, focal=0.040901, total=0.098630
Validation
   [Val] Epoch: [43][20/90]  Loss:0.129 (Avg 0.1109) IoU:0.673 (Avg 0.7099) Dice:0.7887 (Avg 0.8139) (AvgTime 0.3)   
   [Val] Epoch: [43][40/90]  Loss:0.093 (Avg 0.1156) IoU:0.718 (Avg 0.6975) Dice:0.8241 (Avg 0.8016) (AvgTime 0.2)   
   [Val] Epoch: [43][60/90]  Loss:0.136 (Avg 0.1084) IoU:0.665 (Avg 0.7091) Dice:0.7678 (Avg 0.8095) (AvgTime 0.2)   
   [Val] Epoch: [43][80/90]  Loss:0.092 (Avg 0.1074) IoU:0.733 (Avg 0.7079) Dice:0.8344 (Avg 0.8092) (AvgTime 0.2)   
   [Val] Epoch: [43][90/90]  Loss:0.129 (Avg 0.1072) IoU:0.615 (Avg 0.7077) Dice:0.7436 (Avg 0.8092) (AvgTime 0.2)   
   [Val] Loss components: dice=0.162691, focal=0.051651, total=0.107171
	 No iou improvement; selected epoch 41
	 early_stopping_count: 2/80
--- Epoch History (1..43) ---
Epoch |  TrainLoss |  TrainDice |  TrainIoU |    ValLoss |    ValDice |    ValIoU |         LR | Best
    1 |     0.2378 |     0.6073 |    0.4781 |     0.2212 |     0.6176 |    0.4873 |   3.00e-04 |     
    2 |     0.1754 |     0.6971 |    0.5727 |     0.1642 |     0.7061 |    0.5868 |   3.00e-04 |     
    3 |     0.1564 |     0.7248 |    0.6043 |     0.1373 |     0.7621 |    0.6492 |   3.00e-04 |     
    4 |     0.1512 |     0.7340 |    0.6154 |     0.1450 |     0.7555 |    0.6397 |   2.99e-04 |     
    5 |     0.1427 |     0.7474 |    0.6307 |     0.1478 |     0.7229 |    0.6010 |   2.98e-04 |     
    6 |     0.1390 |     0.7527 |    0.6372 |     0.1355 |     0.7500 |    0.6298 |   2.97e-04 |     
    7 |     0.1353 |     0.7589 |    0.6439 |     0.1369 |     0.7611 |    0.6439 |   2.96e-04 |     
    8 |     0.1328 |     0.7617 |    0.6475 |     0.1354 |     0.7518 |    0.6330 |   2.94e-04 |     
    9 |     0.1294 |     0.7676 |    0.6543 |     0.1259 |     0.7724 |    0.6623 |   2.92e-04 |     
   10 |     0.1295 |     0.7672 |    0.6539 |     0.1216 |     0.7861 |    0.6776 |   2.91e-04 |     
   11 |     0.1289 |     0.7699 |    0.6573 |     0.1227 |     0.7768 |    0.6660 |   2.88e-04 |     
   12 |     0.1259 |     0.7736 |    0.6616 |     0.1186 |     0.7928 |    0.6867 |   2.86e-04 |     
   13 |     0.1252 |     0.7750 |    0.6628 |     0.1353 |     0.7535 |    0.6352 |   2.83e-04 |     
   14 |     0.1232 |     0.7784 |    0.6678 |     0.1165 |     0.7837 |    0.6714 |   2.80e-04 |     
   15 |     0.1251 |     0.7742 |    0.6624 |     0.1190 |     0.7813 |    0.6712 |   2.77e-04 |     
   16 |     0.1215 |     0.7804 |    0.6697 |     0.1217 |     0.7897 |    0.6820 |   2.74e-04 |     
   17 |     0.1251 |     0.7760 |    0.6651 |     0.1343 |     0.7581 |    0.6458 |   2.71e-04 |     
   18 |     0.1198 |     0.7841 |    0.6743 |     0.1146 |     0.7928 |    0.6860 |   2.67e-04 |     
   19 |     0.1188 |     0.7853 |    0.6759 |     0.1158 |     0.7821 |    0.6716 |   2.63e-04 |     
   20 |     0.1162 |     0.7892 |    0.6812 |     0.1173 |     0.7890 |    0.6811 |   2.59e-04 |     
   21 |     0.1166 |     0.7883 |    0.6797 |     0.1159 |     0.7814 |    0.6698 |   2.55e-04 |     
   22 |     0.1165 |     0.7891 |    0.6807 |     0.1344 |     0.7703 |    0.6587 |   2.51e-04 |     
   23 |     0.1151 |     0.7912 |    0.6838 |     0.1108 |     0.7995 |    0.6952 |   2.46e-04 |     
   24 |     0.1139 |     0.7933 |    0.6855 |     0.1130 |     0.8017 |    0.6980 |   2.42e-04 |     
   25 |     0.1139 |     0.7934 |    0.6864 |     0.1150 |     0.7985 |    0.6949 |   2.37e-04 |     
   26 |     0.1126 |     0.7952 |    0.6882 |     0.1089 |     0.7988 |    0.6928 |   2.32e-04 |     
   27 |     0.1106 |     0.7984 |    0.6923 |     0.1083 |     0.8002 |    0.6945 |   2.27e-04 |     
   28 |     0.1117 |     0.7968 |    0.6907 |     0.1093 |     0.8014 |    0.6969 |   2.22e-04 |     
   29 |     0.1108 |     0.7982 |    0.6926 |     0.1124 |     0.7947 |    0.6863 |   2.17e-04 |     
   30 |     0.1098 |     0.7995 |    0.6939 |     0.1096 |     0.7995 |    0.6962 |   2.11e-04 |     
   31 |     0.1100 |     0.8004 |    0.6948 |     0.1204 |     0.7933 |    0.6865 |   2.06e-04 |     
   32 |     0.1078 |     0.8031 |    0.6977 |     0.1063 |     0.8077 |    0.7051 |   2.00e-04 |     
   33 |     0.1066 |     0.8052 |    0.7006 |     0.1119 |     0.7959 |    0.6884 |   1.94e-04 |     
   34 |     0.1059 |     0.8063 |    0.7019 |     0.1097 |     0.8017 |    0.6963 |   1.89e-04 |     
   35 |     0.1044 |     0.8089 |    0.7053 |     0.1052 |     0.8108 |    0.7082 |   1.83e-04 |     
   36 |     0.1040 |     0.8097 |    0.7064 |     0.1073 |     0.7999 |    0.6943 |   1.77e-04 |     
   37 |     0.1048 |     0.8085 |    0.7047 |     0.1086 |     0.7999 |    0.6950 |   1.71e-04 |     
   38 |     0.1035 |     0.8101 |    0.7068 |     0.1042 |     0.8094 |    0.7070 |   1.65e-04 |     
   39 |     0.1021 |     0.8125 |    0.7099 |     0.1052 |     0.8071 |    0.7047 |   1.59e-04 |     
   40 |     0.1014 |     0.8135 |    0.7112 |     0.1052 |     0.8101 |    0.7089 |   1.53e-04 |     
   41 |     0.1007 |     0.8154 |    0.7135 |     0.1046 |     0.8120 |    0.7110 |   1.48e-04 |    *
   42 |     0.1002 |     0.8163 |    0.7143 |     0.1045 |     0.8106 |    0.7087 |   1.42e-04 |     
   43 |     0.0986 |     0.8183 |    0.7172 |     0.1072 |     0.8092 |    0.7077 |   1.36e-04 |     
--- R2 + image-value context regrouping with regroup_text anchors validation statistics ---
up4: ca=0.8995+/-0.1082, sa=1.0094+/-0.0087, amp=0.0000, suppress=0.0000, guide_abs=0.1499
up4 residuals: local_mean=5.873e-02, global_mean=0.0213, local_strength=0.1203, global_strength=0.1154, gain=[0.9852,1.0732], saturation=0.0510, text_film=0.0207
up4 haar: reconstruction_error=9.537e-07, skip_low/high=0.8127/0.1873, plam_low/high=1.0000/0.0000
up4 strengths: plam=0.9128, region=0.1203, detail=0.1154; residual_std region/detail/refine=0.3712/0.3936/0.3109
up4 guide_mix: entropy=0.9779, raw_low=0.3187, plam_low=0.2317, decoder_low=0.2889, detail=0.1606; agreement plam/decoder=0.6722/0.5537, support=0.8562+/-0.0563
up4 adaptive_frequency: ALPF strength=0.2483, weights=0.1448/0.7190/0.1362, sum=1.0000, entropy=0.7174, delta_std=0.0820; AHPF strength=0.0796, weights=0.2843/0.5471/0.1685, sum=1.0000, entropy=0.8937, residual_std=0.1025, scaled_std=0.0082
up3: ca=0.9886+/-0.1637, sa=1.0081+/-0.0040, amp=0.0000, suppress=0.0000, guide_abs=0.2672
up3 residuals: local_mean=1.850e-02, global_mean=0.0488, local_strength=0.1190, global_strength=0.1211, gain=[0.9914,1.0279], saturation=0.0000, text_film=0.0319
up3 haar: reconstruction_error=9.537e-07, skip_low/high=0.8014/0.1986, plam_low/high=1.0000/0.0000
up3 strengths: plam=0.8899, region=0.1190, detail=0.1211; residual_std region/detail/refine=0.3482/0.5493/0.4873
up3 guide_mix: entropy=0.9763, raw_low=0.3286, plam_low=0.2328, decoder_low=0.2802, detail=0.1584; agreement plam/decoder=0.2023/0.0281, support=0.6779+/-0.0766
up3 adaptive_frequency: ALPF strength=0.2887, weights=0.0998/0.3522/0.5480, sum=1.0000, entropy=0.7508, delta_std=0.0699; AHPF strength=0.1011, weights=0.6820/0.2050/0.1130, sum=1.0000, entropy=0.6936, residual_std=0.0633, scaled_std=0.0064
up2: ca=0.8881+/-0.1238, sa=1.0042+/-0.0033, amp=0.0000, suppress=0.0000, guide_abs=0.1578
up2 residuals: local_mean=6.235e-03, global_mean=0.0305, local_strength=0.1177, global_strength=0.1140, gain=[0.9711,1.0379], saturation=0.0000, text_film=0.0233
up2 haar: reconstruction_error=9.537e-07, skip_low/high=0.7904/0.2096, plam_low/high=1.0000/0.0000
up2 strengths: plam=0.8233, region=0.1177, detail=0.1140; residual_std region/detail/refine=0.1769/0.2528/0.1180
up2 guide_mix: entropy=0.9203, raw_low=0.2834, plam_low=0.1417, decoder_low=0.4311, detail=0.1438; agreement plam/decoder=0.4689/-0.2808, support=0.5588+/-0.0401
up1: ca=0.7879+/-0.1333, sa=1.0033+/-0.0108, amp=0.0000, suppress=0.0000, guide_abs=0.2101
up1 residuals: local_mean=1.234e-03, global_mean=0.0400, local_strength=0.1267, global_strength=0.0798, gain=[0.9222,1.0779], saturation=0.0445, text_film=0.0393
up1 haar: reconstruction_error=2.543e-06, skip_low/high=0.7367/0.2633, plam_low/high=1.0000/0.0000
up1 strengths: plam=0.9320, region=0.1267, detail=0.0798; residual_std region/detail/refine=0.6052/0.3989/0.1516
up1 guide_mix: entropy=0.9580, raw_low=0.3182, plam_low=0.2463, decoder_low=0.3153, detail=0.1202; agreement plam/decoder=0.6444/0.2123, support=0.7189+/-0.1081

========= Epoch [44/80] =========
M2_Test_session_09.13_22h33
Training with batch size : 16
   [Train] Epoch: [44][20/357]  Loss:0.077 (Avg 0.0916) IoU:0.781 (Avg 0.7375) Dice:0.8718 (Avg 0.8342) LR 1.30e-04   (AvgTime 0.6)   
   [Train] Epoch: [44][40/357]  Loss:0.095 (Avg 0.0936) IoU:0.713 (Avg 0.7302) Dice:0.8230 (Avg 0.8285) LR 1.30e-04   (AvgTime 0.6)   
   [Train] Epoch: [44][60/357]  Loss:0.081 (Avg 0.0929) IoU:0.752 (Avg 0.7294) Dice:0.8489 (Avg 0.8284) LR 1.30e-04   (AvgTime 0.6)   
   [Train] Epoch: [44][80/357]  Loss:0.076 (Avg 0.0939) IoU:0.767 (Avg 0.7285) Dice:0.8568 (Avg 0.8273) LR 1.30e-04   (AvgTime 0.6)   
   [Train] Epoch: [44][100/357]  Loss:0.086 (Avg 0.0947) IoU:0.739 (Avg 0.7271) Dice:0.8377 (Avg 0.8262) LR 1.30e-04   (AvgTime 0.6)   
   [Train] Epoch: [44][120/357]  Loss:0.115 (Avg 0.0949) IoU:0.689 (Avg 0.7266) Dice:0.7978 (Avg 0.8259) LR 1.30e-04   (AvgTime 0.6)   
   [Train] Epoch: [44][140/357]  Loss:0.076 (Avg 0.0952) IoU:0.769 (Avg 0.7248) Dice:0.8628 (Avg 0.8249) LR 1.30e-04   (AvgTime 0.6)   
   [Train] Epoch: [44][160/357]  Loss:0.138 (Avg 0.0965) IoU:0.614 (Avg 0.7216) Dice:0.7407 (Avg 0.8221) LR 1.30e-04   (AvgTime 0.6)   
   [Train] Epoch: [44][180/357]  Loss:0.099 (Avg 0.0969) IoU:0.721 (Avg 0.7210) Dice:0.8202 (Avg 0.8215) LR 1.30e-04   (AvgTime 0.6)   
   [Train] Epoch: [44][200/357]  Loss:0.079 (Avg 0.0964) IoU:0.754 (Avg 0.7226) Dice:0.8500 (Avg 0.8227) LR 1.30e-04   (AvgTime 0.6)   
   [Train] Epoch: [44][220/357]  Loss:0.102 (Avg 0.0963) IoU:0.704 (Avg 0.7226) Dice:0.8042 (Avg 0.8229) LR 1.30e-04   (AvgTime 0.6)   
   [Train] Epoch: [44][240/357]  Loss:0.102 (Avg 0.0963) IoU:0.722 (Avg 0.7230) Dice:0.8218 (Avg 0.8232) LR 1.30e-04   (AvgTime 0.6)   
   [Train] Epoch: [44][260/357]  Loss:0.079 (Avg 0.0969) IoU:0.746 (Avg 0.7211) Dice:0.8428 (Avg 0.8219) LR 1.30e-04   (AvgTime 0.6)   
   [Train] Epoch: [44][280/357]  Loss:0.097 (Avg 0.0965) IoU:0.714 (Avg 0.7225) Dice:0.8098 (Avg 0.8228) LR 1.30e-04   (AvgTime 0.6)   
   [Train] Epoch: [44][300/357]  Loss:0.087 (Avg 0.0968) IoU:0.753 (Avg 0.7216) Dice:0.8418 (Avg 0.8220) LR 1.30e-04   (AvgTime 0.6)   
   [Train] Epoch: [44][320/357]  Loss:0.107 (Avg 0.0971) IoU:0.712 (Avg 0.7207) Dice:0.8144 (Avg 0.8214) LR 1.30e-04   (AvgTime 0.6)   
   [Train] Epoch: [44][340/357]  Loss:0.087 (Avg 0.0978) IoU:0.758 (Avg 0.7197) Dice:0.8567 (Avg 0.8206) LR 1.30e-04   (AvgTime 0.6)   
   [Train] Epoch: [44][357/357]  Loss:0.076 (Avg 0.0976) IoU:0.764 (Avg 0.7201) Dice:0.8537 (Avg 0.8210) LR 1.30e-04   (AvgTime 0.6)   
   [Train] Loss components: dice=0.154294, focal=0.040993, total=0.097644
Validation
   [Val] Epoch: [44][20/90]  Loss:0.135 (Avg 0.1042) IoU:0.667 (Avg 0.7227) Dice:0.7847 (Avg 0.8255) (AvgTime 0.3)   
   [Val] Epoch: [44][40/90]  Loss:0.097 (Avg 0.1098) IoU:0.712 (Avg 0.7067) Dice:0.8218 (Avg 0.8103) (AvgTime 0.2)   
   [Val] Epoch: [44][60/90]  Loss:0.138 (Avg 0.1028) IoU:0.652 (Avg 0.7193) Dice:0.7602 (Avg 0.8186) (AvgTime 0.2)   
   [Val] Epoch: [44][80/90]  Loss:0.091 (Avg 0.1019) IoU:0.733 (Avg 0.7191) Dice:0.8324 (Avg 0.8186) (AvgTime 0.2)   
   [Val] Epoch: [44][90/90]  Loss:0.144 (Avg 0.1020) IoU:0.586 (Avg 0.7185) Dice:0.7182 (Avg 0.8183) (AvgTime 0.2)   
   [Val] Loss components: dice=0.155500, focal=0.048504, total=0.102002
	 Saving best model by iou: 0.718533
	 Saving to Covid19/BetterLViT/m2_text_regroup/M2_Test_session_09.13_22h33/models//best_model-BetterLViT.pth.tar
	 early_stopping_count: 0/80
--- Epoch History (1..44) ---
Epoch |  TrainLoss |  TrainDice |  TrainIoU |    ValLoss |    ValDice |    ValIoU |         LR | Best
    1 |     0.2378 |     0.6073 |    0.4781 |     0.2212 |     0.6176 |    0.4873 |   3.00e-04 |     
    2 |     0.1754 |     0.6971 |    0.5727 |     0.1642 |     0.7061 |    0.5868 |   3.00e-04 |     
    3 |     0.1564 |     0.7248 |    0.6043 |     0.1373 |     0.7621 |    0.6492 |   3.00e-04 |     
    4 |     0.1512 |     0.7340 |    0.6154 |     0.1450 |     0.7555 |    0.6397 |   2.99e-04 |     
    5 |     0.1427 |     0.7474 |    0.6307 |     0.1478 |     0.7229 |    0.6010 |   2.98e-04 |     
    6 |     0.1390 |     0.7527 |    0.6372 |     0.1355 |     0.7500 |    0.6298 |   2.97e-04 |     
    7 |     0.1353 |     0.7589 |    0.6439 |     0.1369 |     0.7611 |    0.6439 |   2.96e-04 |     
    8 |     0.1328 |     0.7617 |    0.6475 |     0.1354 |     0.7518 |    0.6330 |   2.94e-04 |     
    9 |     0.1294 |     0.7676 |    0.6543 |     0.1259 |     0.7724 |    0.6623 |   2.92e-04 |     
   10 |     0.1295 |     0.7672 |    0.6539 |     0.1216 |     0.7861 |    0.6776 |   2.91e-04 |     
   11 |     0.1289 |     0.7699 |    0.6573 |     0.1227 |     0.7768 |    0.6660 |   2.88e-04 |     
   12 |     0.1259 |     0.7736 |    0.6616 |     0.1186 |     0.7928 |    0.6867 |   2.86e-04 |     
   13 |     0.1252 |     0.7750 |    0.6628 |     0.1353 |     0.7535 |    0.6352 |   2.83e-04 |     
   14 |     0.1232 |     0.7784 |    0.6678 |     0.1165 |     0.7837 |    0.6714 |   2.80e-04 |     
   15 |     0.1251 |     0.7742 |    0.6624 |     0.1190 |     0.7813 |    0.6712 |   2.77e-04 |     
   16 |     0.1215 |     0.7804 |    0.6697 |     0.1217 |     0.7897 |    0.6820 |   2.74e-04 |     
   17 |     0.1251 |     0.7760 |    0.6651 |     0.1343 |     0.7581 |    0.6458 |   2.71e-04 |     
   18 |     0.1198 |     0.7841 |    0.6743 |     0.1146 |     0.7928 |    0.6860 |   2.67e-04 |     
   19 |     0.1188 |     0.7853 |    0.6759 |     0.1158 |     0.7821 |    0.6716 |   2.63e-04 |     
   20 |     0.1162 |     0.7892 |    0.6812 |     0.1173 |     0.7890 |    0.6811 |   2.59e-04 |     
   21 |     0.1166 |     0.7883 |    0.6797 |     0.1159 |     0.7814 |    0.6698 |   2.55e-04 |     
   22 |     0.1165 |     0.7891 |    0.6807 |     0.1344 |     0.7703 |    0.6587 |   2.51e-04 |     
   23 |     0.1151 |     0.7912 |    0.6838 |     0.1108 |     0.7995 |    0.6952 |   2.46e-04 |     
   24 |     0.1139 |     0.7933 |    0.6855 |     0.1130 |     0.8017 |    0.6980 |   2.42e-04 |     
   25 |     0.1139 |     0.7934 |    0.6864 |     0.1150 |     0.7985 |    0.6949 |   2.37e-04 |     
   26 |     0.1126 |     0.7952 |    0.6882 |     0.1089 |     0.7988 |    0.6928 |   2.32e-04 |     
   27 |     0.1106 |     0.7984 |    0.6923 |     0.1083 |     0.8002 |    0.6945 |   2.27e-04 |     
   28 |     0.1117 |     0.7968 |    0.6907 |     0.1093 |     0.8014 |    0.6969 |   2.22e-04 |     
   29 |     0.1108 |     0.7982 |    0.6926 |     0.1124 |     0.7947 |    0.6863 |   2.17e-04 |     
   30 |     0.1098 |     0.7995 |    0.6939 |     0.1096 |     0.7995 |    0.6962 |   2.11e-04 |     
   31 |     0.1100 |     0.8004 |    0.6948 |     0.1204 |     0.7933 |    0.6865 |   2.06e-04 |     
   32 |     0.1078 |     0.8031 |    0.6977 |     0.1063 |     0.8077 |    0.7051 |   2.00e-04 |     
   33 |     0.1066 |     0.8052 |    0.7006 |     0.1119 |     0.7959 |    0.6884 |   1.94e-04 |     
   34 |     0.1059 |     0.8063 |    0.7019 |     0.1097 |     0.8017 |    0.6963 |   1.89e-04 |     
   35 |     0.1044 |     0.8089 |    0.7053 |     0.1052 |     0.8108 |    0.7082 |   1.83e-04 |     
   36 |     0.1040 |     0.8097 |    0.7064 |     0.1073 |     0.7999 |    0.6943 |   1.77e-04 |     
   37 |     0.1048 |     0.8085 |    0.7047 |     0.1086 |     0.7999 |    0.6950 |   1.71e-04 |     
   38 |     0.1035 |     0.8101 |    0.7068 |     0.1042 |     0.8094 |    0.7070 |   1.65e-04 |     
   39 |     0.1021 |     0.8125 |    0.7099 |     0.1052 |     0.8071 |    0.7047 |   1.59e-04 |     
   40 |     0.1014 |     0.8135 |    0.7112 |     0.1052 |     0.8101 |    0.7089 |   1.53e-04 |     
   41 |     0.1007 |     0.8154 |    0.7135 |     0.1046 |     0.8120 |    0.7110 |   1.48e-04 |     
   42 |     0.1002 |     0.8163 |    0.7143 |     0.1045 |     0.8106 |    0.7087 |   1.42e-04 |     
   43 |     0.0986 |     0.8183 |    0.7172 |     0.1072 |     0.8092 |    0.7077 |   1.36e-04 |     
   44 |     0.0976 |     0.8210 |    0.7201 |     0.1020 |     0.8183 |    0.7185 |   1.30e-04 |    *
--- R2 + image-value context regrouping with regroup_text anchors validation statistics ---
up4: ca=0.8977+/-0.1049, sa=1.0095+/-0.0083, amp=0.0000, suppress=0.0000, guide_abs=0.1640
up4 residuals: local_mean=5.918e-02, global_mean=0.0211, local_strength=0.1203, global_strength=0.1156, gain=[0.9903,1.0646], saturation=0.0531, text_film=0.0207
up4 haar: reconstruction_error=7.153e-07, skip_low/high=0.8168/0.1832, plam_low/high=1.0000/0.0000
up4 strengths: plam=0.9129, region=0.1203, detail=0.1156; residual_std region/detail/refine=0.3757/0.3748/0.3015
up4 guide_mix: entropy=0.9773, raw_low=0.3020, plam_low=0.2668, decoder_low=0.2820, detail=0.1491; agreement plam/decoder=0.6924/0.4786, support=0.8464+/-0.0579
up4 adaptive_frequency: ALPF strength=0.2489, weights=0.1475/0.7167/0.1358, sum=1.0000, entropy=0.7207, delta_std=0.0756; AHPF strength=0.0796, weights=0.2837/0.5478/0.1685, sum=1.0000, entropy=0.8941, residual_std=0.0950, scaled_std=0.0076
up3: ca=0.9712+/-0.1693, sa=1.0082+/-0.0040, amp=0.0000, suppress=0.0000, guide_abs=0.2649
up3 residuals: local_mean=1.862e-02, global_mean=0.0495, local_strength=0.1191, global_strength=0.1212, gain=[0.9927,1.0253], saturation=0.0000, text_film=0.0284
up3 haar: reconstruction_error=9.537e-07, skip_low/high=0.8054/0.1946, plam_low/high=1.0000/0.0000
up3 strengths: plam=0.8892, region=0.1191, detail=0.1212; residual_std region/detail/refine=0.3447/0.5442/0.4815
up3 guide_mix: entropy=0.9771, raw_low=0.3293, plam_low=0.2513, decoder_low=0.2624, detail=0.1570; agreement plam/decoder=0.1108/0.0601, support=0.6698+/-0.0747
up3 adaptive_frequency: ALPF strength=0.2894, weights=0.1269/0.4623/0.4108, sum=1.0000, entropy=0.8071, delta_std=0.0634; AHPF strength=0.1011, weights=0.6013/0.2527/0.1460, sum=1.0000, entropy=0.7554, residual_std=0.0811, scaled_std=0.0082
up2: ca=0.8925+/-0.1240, sa=1.0041+/-0.0034, amp=0.0000, suppress=0.0000, guide_abs=0.1615
up2 residuals: local_mean=6.054e-03, global_mean=0.0301, local_strength=0.1179, global_strength=0.1141, gain=[0.9703,1.0349], saturation=0.0000, text_film=0.0250
up2 haar: reconstruction_error=9.537e-07, skip_low/high=0.7973/0.2027, plam_low/high=1.0000/0.0000
up2 strengths: plam=0.8223, region=0.1179, detail=0.1141; residual_std region/detail/refine=0.1769/0.2552/0.1198
up2 guide_mix: entropy=0.9322, raw_low=0.2912, plam_low=0.1536, decoder_low=0.4105, detail=0.1447; agreement plam/decoder=0.6380/-0.1520, support=0.5536+/-0.0371
up1: ca=0.8002+/-0.1451, sa=1.0033+/-0.0107, amp=0.0000, suppress=0.0000, guide_abs=0.2173
up1 residuals: local_mean=9.557e-04, global_mean=0.0404, local_strength=0.1268, global_strength=0.0797, gain=[0.9225,1.0777], saturation=0.0475, text_film=0.0333
up1 haar: reconstruction_error=2.420e-06, skip_low/high=0.7309/0.2691, plam_low/high=1.0000/0.0000
up1 strengths: plam=0.9318, region=0.1268, detail=0.0797; residual_std region/detail/refine=0.5900/0.3954/0.1526
up1 guide_mix: entropy=0.9577, raw_low=0.2940, plam_low=0.2697, decoder_low=0.3206, detail=0.1157; agreement plam/decoder=0.5296/0.1299, support=0.7274+/-0.1060

========= Epoch [45/80] =========
M2_Test_session_09.13_22h33
Training with batch size : 16
   [Train] Epoch: [45][20/357]  Loss:0.090 (Avg 0.0904) IoU:0.726 (Avg 0.7333) Dice:0.8135 (Avg 0.8310) LR 1.24e-04   (AvgTime 0.6)   
   [Train] Epoch: [45][40/357]  Loss:0.085 (Avg 0.0915) IoU:0.720 (Avg 0.7333) Dice:0.8284 (Avg 0.8300) LR 1.24e-04   (AvgTime 0.6)   
   [Train] Epoch: [45][60/357]  Loss:0.110 (Avg 0.0953) IoU:0.682 (Avg 0.7253) Dice:0.7919 (Avg 0.8231) LR 1.24e-04   (AvgTime 0.6)   
   [Train] Epoch: [45][80/357]  Loss:0.095 (Avg 0.0963) IoU:0.738 (Avg 0.7224) Dice:0.8418 (Avg 0.8214) LR 1.24e-04   (AvgTime 0.6)   
   [Train] Epoch: [45][100/357]  Loss:0.115 (Avg 0.0983) IoU:0.703 (Avg 0.7186) Dice:0.8083 (Avg 0.8186) LR 1.24e-04   (AvgTime 0.6)   
   [Train] Epoch: [45][120/357]  Loss:0.104 (Avg 0.0981) IoU:0.698 (Avg 0.7186) Dice:0.8023 (Avg 0.8188) LR 1.24e-04   (AvgTime 0.6)   
   [Train] Epoch: [45][140/357]  Loss:0.076 (Avg 0.0982) IoU:0.761 (Avg 0.7180) Dice:0.8565 (Avg 0.8187) LR 1.24e-04   (AvgTime 0.6)   
   [Train] Epoch: [45][160/357]  Loss:0.123 (Avg 0.0986) IoU:0.674 (Avg 0.7176) Dice:0.7790 (Avg 0.8183) LR 1.24e-04   (AvgTime 0.6)   
   [Train] Epoch: [45][180/357]  Loss:0.127 (Avg 0.0984) IoU:0.632 (Avg 0.7177) Dice:0.7623 (Avg 0.8188) LR 1.24e-04   (AvgTime 0.6)   
   [Train] Epoch: [45][200/357]  Loss:0.084 (Avg 0.0980) IoU:0.752 (Avg 0.7189) Dice:0.8475 (Avg 0.8198) LR 1.24e-04   (AvgTime 0.6)   
   [Train] Epoch: [45][220/357]  Loss:0.097 (Avg 0.0981) IoU:0.708 (Avg 0.7189) Dice:0.8208 (Avg 0.8198) LR 1.24e-04   (AvgTime 0.6)   
   [Train] Epoch: [45][240/357]  Loss:0.095 (Avg 0.0982) IoU:0.756 (Avg 0.7185) Dice:0.8472 (Avg 0.8194) LR 1.24e-04   (AvgTime 0.6)   
   [Train] Epoch: [45][260/357]  Loss:0.108 (Avg 0.0980) IoU:0.690 (Avg 0.7191) Dice:0.8091 (Avg 0.8199) LR 1.24e-04   (AvgTime 0.6)   
   [Train] Epoch: [45][280/357]  Loss:0.102 (Avg 0.0978) IoU:0.682 (Avg 0.7196) Dice:0.7915 (Avg 0.8202) LR 1.24e-04   (AvgTime 0.6)   
   [Train] Epoch: [45][300/357]  Loss:0.083 (Avg 0.0972) IoU:0.760 (Avg 0.7208) Dice:0.8551 (Avg 0.8212) LR 1.24e-04   (AvgTime 0.6)   
   [Train] Epoch: [45][320/357]  Loss:0.099 (Avg 0.0972) IoU:0.696 (Avg 0.7206) Dice:0.8087 (Avg 0.8212) LR 1.24e-04   (AvgTime 0.6)   
   [Train] Epoch: [45][340/357]  Loss:0.090 (Avg 0.0971) IoU:0.742 (Avg 0.7208) Dice:0.8395 (Avg 0.8214) LR 1.24e-04   (AvgTime 0.6)   
   [Train] Epoch: [45][357/357]  Loss:0.110 (Avg 0.0973) IoU:0.711 (Avg 0.7204) Dice:0.7952 (Avg 0.8210) LR 1.24e-04   (AvgTime 0.6)   
   [Train] Loss components: dice=0.153835, focal=0.040747, total=0.097291
Validation
   [Val] Epoch: [45][20/90]  Loss:0.147 (Avg 0.1215) IoU:0.643 (Avg 0.6970) Dice:0.7700 (Avg 0.8021) (AvgTime 0.3)   
   [Val] Epoch: [45][40/90]  Loss:0.114 (Avg 0.1248) IoU:0.688 (Avg 0.6851) Dice:0.8006 (Avg 0.7902) (AvgTime 0.2)   
   [Val] Epoch: [45][60/90]  Loss:0.155 (Avg 0.1187) IoU:0.629 (Avg 0.6943) Dice:0.7340 (Avg 0.7960) (AvgTime 0.2)   
   [Val] Epoch: [45][80/90]  Loss:0.131 (Avg 0.1182) IoU:0.664 (Avg 0.6920) Dice:0.7702 (Avg 0.7944) (AvgTime 0.2)   
   [Val] Epoch: [45][90/90]  Loss:0.145 (Avg 0.1191) IoU:0.599 (Avg 0.6898) Dice:0.7321 (Avg 0.7921) (AvgTime 0.2)   
   [Val] Loss components: dice=0.174926, focal=0.063256, total=0.119091
	 No iou improvement; selected epoch 44
	 early_stopping_count: 1/80
--- Epoch History (1..45) ---
Epoch |  TrainLoss |  TrainDice |  TrainIoU |    ValLoss |    ValDice |    ValIoU |         LR | Best
    1 |     0.2378 |     0.6073 |    0.4781 |     0.2212 |     0.6176 |    0.4873 |   3.00e-04 |     
    2 |     0.1754 |     0.6971 |    0.5727 |     0.1642 |     0.7061 |    0.5868 |   3.00e-04 |     
    3 |     0.1564 |     0.7248 |    0.6043 |     0.1373 |     0.7621 |    0.6492 |   3.00e-04 |     
    4 |     0.1512 |     0.7340 |    0.6154 |     0.1450 |     0.7555 |    0.6397 |   2.99e-04 |     
    5 |     0.1427 |     0.7474 |    0.6307 |     0.1478 |     0.7229 |    0.6010 |   2.98e-04 |     
    6 |     0.1390 |     0.7527 |    0.6372 |     0.1355 |     0.7500 |    0.6298 |   2.97e-04 |     
    7 |     0.1353 |     0.7589 |    0.6439 |     0.1369 |     0.7611 |    0.6439 |   2.96e-04 |     
    8 |     0.1328 |     0.7617 |    0.6475 |     0.1354 |     0.7518 |    0.6330 |   2.94e-04 |     
    9 |     0.1294 |     0.7676 |    0.6543 |     0.1259 |     0.7724 |    0.6623 |   2.92e-04 |     
   10 |     0.1295 |     0.7672 |    0.6539 |     0.1216 |     0.7861 |    0.6776 |   2.91e-04 |     
   11 |     0.1289 |     0.7699 |    0.6573 |     0.1227 |     0.7768 |    0.6660 |   2.88e-04 |     
   12 |     0.1259 |     0.7736 |    0.6616 |     0.1186 |     0.7928 |    0.6867 |   2.86e-04 |     
   13 |     0.1252 |     0.7750 |    0.6628 |     0.1353 |     0.7535 |    0.6352 |   2.83e-04 |     
   14 |     0.1232 |     0.7784 |    0.6678 |     0.1165 |     0.7837 |    0.6714 |   2.80e-04 |     
   15 |     0.1251 |     0.7742 |    0.6624 |     0.1190 |     0.7813 |    0.6712 |   2.77e-04 |     
   16 |     0.1215 |     0.7804 |    0.6697 |     0.1217 |     0.7897 |    0.6820 |   2.74e-04 |     
   17 |     0.1251 |     0.7760 |    0.6651 |     0.1343 |     0.7581 |    0.6458 |   2.71e-04 |     
   18 |     0.1198 |     0.7841 |    0.6743 |     0.1146 |     0.7928 |    0.6860 |   2.67e-04 |     
   19 |     0.1188 |     0.7853 |    0.6759 |     0.1158 |     0.7821 |    0.6716 |   2.63e-04 |     
   20 |     0.1162 |     0.7892 |    0.6812 |     0.1173 |     0.7890 |    0.6811 |   2.59e-04 |     
   21 |     0.1166 |     0.7883 |    0.6797 |     0.1159 |     0.7814 |    0.6698 |   2.55e-04 |     
   22 |     0.1165 |     0.7891 |    0.6807 |     0.1344 |     0.7703 |    0.6587 |   2.51e-04 |     
   23 |     0.1151 |     0.7912 |    0.6838 |     0.1108 |     0.7995 |    0.6952 |   2.46e-04 |     
   24 |     0.1139 |     0.7933 |    0.6855 |     0.1130 |     0.8017 |    0.6980 |   2.42e-04 |     
   25 |     0.1139 |     0.7934 |    0.6864 |     0.1150 |     0.7985 |    0.6949 |   2.37e-04 |     
   26 |     0.1126 |     0.7952 |    0.6882 |     0.1089 |     0.7988 |    0.6928 |   2.32e-04 |     
   27 |     0.1106 |     0.7984 |    0.6923 |     0.1083 |     0.8002 |    0.6945 |   2.27e-04 |     
   28 |     0.1117 |     0.7968 |    0.6907 |     0.1093 |     0.8014 |    0.6969 |   2.22e-04 |     
   29 |     0.1108 |     0.7982 |    0.6926 |     0.1124 |     0.7947 |    0.6863 |   2.17e-04 |     
   30 |     0.1098 |     0.7995 |    0.6939 |     0.1096 |     0.7995 |    0.6962 |   2.11e-04 |     
   31 |     0.1100 |     0.8004 |    0.6948 |     0.1204 |     0.7933 |    0.6865 |   2.06e-04 |     
   32 |     0.1078 |     0.8031 |    0.6977 |     0.1063 |     0.8077 |    0.7051 |   2.00e-04 |     
   33 |     0.1066 |     0.8052 |    0.7006 |     0.1119 |     0.7959 |    0.6884 |   1.94e-04 |     
   34 |     0.1059 |     0.8063 |    0.7019 |     0.1097 |     0.8017 |    0.6963 |   1.89e-04 |     
   35 |     0.1044 |     0.8089 |    0.7053 |     0.1052 |     0.8108 |    0.7082 |   1.83e-04 |     
   36 |     0.1040 |     0.8097 |    0.7064 |     0.1073 |     0.7999 |    0.6943 |   1.77e-04 |     
   37 |     0.1048 |     0.8085 |    0.7047 |     0.1086 |     0.7999 |    0.6950 |   1.71e-04 |     
   38 |     0.1035 |     0.8101 |    0.7068 |     0.1042 |     0.8094 |    0.7070 |   1.65e-04 |     
   39 |     0.1021 |     0.8125 |    0.7099 |     0.1052 |     0.8071 |    0.7047 |   1.59e-04 |     
   40 |     0.1014 |     0.8135 |    0.7112 |     0.1052 |     0.8101 |    0.7089 |   1.53e-04 |     
   41 |     0.1007 |     0.8154 |    0.7135 |     0.1046 |     0.8120 |    0.7110 |   1.48e-04 |     
   42 |     0.1002 |     0.8163 |    0.7143 |     0.1045 |     0.8106 |    0.7087 |   1.42e-04 |     
   43 |     0.0986 |     0.8183 |    0.7172 |     0.1072 |     0.8092 |    0.7077 |   1.36e-04 |     
   44 |     0.0976 |     0.8210 |    0.7201 |     0.1020 |     0.8183 |    0.7185 |   1.30e-04 |    *
   45 |     0.0973 |     0.8210 |    0.7204 |     0.1191 |     0.7921 |    0.6898 |   1.24e-04 |     
--- R2 + image-value context regrouping with regroup_text anchors validation statistics ---
up4: ca=0.9026+/-0.1080, sa=1.0091+/-0.0086, amp=0.0000, suppress=0.0000, guide_abs=0.1413
up4 residuals: local_mean=5.741e-02, global_mean=0.0201, local_strength=0.1203, global_strength=0.1159, gain=[0.9899,1.0702], saturation=0.0255, text_film=0.0197
up4 haar: reconstruction_error=9.537e-07, skip_low/high=0.8121/0.1879, plam_low/high=1.0000/0.0000
up4 strengths: plam=0.9125, region=0.1203, detail=0.1159; residual_std region/detail/refine=0.3224/0.3578/0.2858
up4 guide_mix: entropy=0.9779, raw_low=0.2963, plam_low=0.2752, decoder_low=0.2791, detail=0.1494; agreement plam/decoder=0.6930/0.4261, support=0.8082+/-0.0575
up4 adaptive_frequency: ALPF strength=0.2494, weights=0.1516/0.7139/0.1345, sum=1.0000, entropy=0.7244, delta_std=0.0766; AHPF strength=0.0796, weights=0.2922/0.5417/0.1661, sum=1.0000, entropy=0.8964, residual_std=0.0952, scaled_std=0.0076
up3: ca=0.9976+/-0.1643, sa=1.0084+/-0.0037, amp=0.0000, suppress=0.0000, guide_abs=0.2473
up3 residuals: local_mean=1.703e-02, global_mean=0.0523, local_strength=0.1191, global_strength=0.1213, gain=[0.9932,1.0328], saturation=0.0000, text_film=0.0466
up3 haar: reconstruction_error=9.537e-07, skip_low/high=0.8001/0.1999, plam_low/high=1.0000/0.0000
up3 strengths: plam=0.8885, region=0.1191, detail=0.1213; residual_std region/detail/refine=0.3554/0.5408/0.4786
up3 guide_mix: entropy=0.9784, raw_low=0.3285, plam_low=0.2600, decoder_low=0.2514, detail=0.1601; agreement plam/decoder=0.0827/-0.0358, support=0.6581+/-0.0735
up3 adaptive_frequency: ALPF strength=0.2903, weights=0.0915/0.3301/0.5784, sum=1.0000, entropy=0.7469, delta_std=0.0653; AHPF strength=0.1014, weights=0.6778/0.2064/0.1158, sum=1.0000, entropy=0.7112, residual_std=0.0653, scaled_std=0.0066
up2: ca=0.8883+/-0.1236, sa=1.0041+/-0.0035, amp=0.0000, suppress=0.0000, guide_abs=0.1517
up2 residuals: local_mean=5.540e-03, global_mean=0.0300, local_strength=0.1180, global_strength=0.1141, gain=[0.9694,1.0371], saturation=0.0000, text_film=0.0247
up2 haar: reconstruction_error=9.537e-07, skip_low/high=0.7928/0.2072, plam_low/high=1.0000/0.0000
up2 strengths: plam=0.8213, region=0.1180, detail=0.1141; residual_std region/detail/refine=0.1792/0.2603/0.1196
up2 guide_mix: entropy=0.9447, raw_low=0.2967, plam_low=0.1705, decoder_low=0.3876, detail=0.1452; agreement plam/decoder=0.6278/-0.1104, support=0.5549+/-0.0370
up1: ca=0.7966+/-0.1393, sa=1.0033+/-0.0109, amp=0.0000, suppress=0.0000, guide_abs=0.2211
up1 residuals: local_mean=7.672e-04, global_mean=0.0410, local_strength=0.1268, global_strength=0.0794, gain=[0.9226,1.0776], saturation=0.0450, text_film=0.0373
up1 haar: reconstruction_error=2.854e-06, skip_low/high=0.7187/0.2813, plam_low/high=1.0000/0.0000
up1 strengths: plam=0.9316, region=0.1268, detail=0.0794; residual_std region/detail/refine=0.5519/0.4037/0.1535
up1 guide_mix: entropy=0.9562, raw_low=0.2721, plam_low=0.3060, decoder_low=0.3091, detail=0.1128; agreement plam/decoder=0.5535/0.0641, support=0.7350+/-0.1007

========= Epoch [46/80] =========
M2_Test_session_09.13_22h33
Training with batch size : 16
   [Train] Epoch: [46][20/357]  Loss:0.080 (Avg 0.0897) IoU:0.766 (Avg 0.7425) Dice:0.8643 (Avg 0.8372) LR 1.18e-04   (AvgTime 0.6)   
   [Train] Epoch: [46][40/357]  Loss:0.107 (Avg 0.0911) IoU:0.688 (Avg 0.7360) Dice:0.7986 (Avg 0.8331) LR 1.18e-04   (AvgTime 0.6)   
   [Train] Epoch: [46][60/357]  Loss:0.093 (Avg 0.0913) IoU:0.716 (Avg 0.7356) Dice:0.8232 (Avg 0.8324) LR 1.18e-04   (AvgTime 0.6)   
   [Train] Epoch: [46][80/357]  Loss:0.117 (Avg 0.0923) IoU:0.680 (Avg 0.7328) Dice:0.7850 (Avg 0.8302) LR 1.18e-04   (AvgTime 0.6)   
   [Train] Epoch: [46][100/357]  Loss:0.098 (Avg 0.0946) IoU:0.705 (Avg 0.7279) Dice:0.8135 (Avg 0.8263) LR 1.18e-04   (AvgTime 0.6)   
   [Train] Epoch: [46][120/357]  Loss:0.066 (Avg 0.0939) IoU:0.804 (Avg 0.7293) Dice:0.8867 (Avg 0.8277) LR 1.18e-04   (AvgTime 0.6)   
   [Train] Epoch: [46][140/357]  Loss:0.097 (Avg 0.0937) IoU:0.701 (Avg 0.7288) Dice:0.8132 (Avg 0.8278) LR 1.18e-04   (AvgTime 0.6)   
   [Train] Epoch: [46][160/357]  Loss:0.082 (Avg 0.0932) IoU:0.769 (Avg 0.7297) Dice:0.8564 (Avg 0.8286) LR 1.18e-04   (AvgTime 0.6)   
   [Train] Epoch: [46][180/357]  Loss:0.082 (Avg 0.0937) IoU:0.755 (Avg 0.7280) Dice:0.8475 (Avg 0.8273) LR 1.18e-04   (AvgTime 0.6)   
   [Train] Epoch: [46][200/357]  Loss:0.110 (Avg 0.0947) IoU:0.677 (Avg 0.7257) Dice:0.7799 (Avg 0.8254) LR 1.18e-04   (AvgTime 0.6)   
   [Train] Epoch: [46][220/357]  Loss:0.120 (Avg 0.0953) IoU:0.639 (Avg 0.7246) Dice:0.7442 (Avg 0.8242) LR 1.18e-04   (AvgTime 0.6)   
   [Train] Epoch: [46][240/357]  Loss:0.109 (Avg 0.0954) IoU:0.697 (Avg 0.7241) Dice:0.8094 (Avg 0.8240) LR 1.18e-04   (AvgTime 0.6)   
   [Train] Epoch: [46][260/357]  Loss:0.067 (Avg 0.0951) IoU:0.811 (Avg 0.7244) Dice:0.8915 (Avg 0.8245) LR 1.18e-04   (AvgTime 0.6)   
   [Train] Epoch: [46][280/357]  Loss:0.112 (Avg 0.0956) IoU:0.687 (Avg 0.7234) Dice:0.7891 (Avg 0.8237) LR 1.18e-04   (AvgTime 0.6)   
   [Train] Epoch: [46][300/357]  Loss:0.156 (Avg 0.0961) IoU:0.606 (Avg 0.7227) Dice:0.7257 (Avg 0.8231) LR 1.18e-04   (AvgTime 0.6)   
   [Train] Epoch: [46][320/357]  Loss:0.074 (Avg 0.0963) IoU:0.783 (Avg 0.7223) Dice:0.8703 (Avg 0.8228) LR 1.18e-04   (AvgTime 0.6)   
   [Train] Epoch: [46][340/357]  Loss:0.089 (Avg 0.0964) IoU:0.730 (Avg 0.7221) Dice:0.8309 (Avg 0.8227) LR 1.18e-04   (AvgTime 0.6)   
   [Train] Epoch: [46][357/357]  Loss:0.122 (Avg 0.0962) IoU:0.662 (Avg 0.7226) Dice:0.7735 (Avg 0.8230) LR 1.18e-04   (AvgTime 0.6)   
   [Train] Loss components: dice=0.152256, focal=0.040194, total=0.096225
Validation
   [Val] Epoch: [46][20/90]  Loss:0.132 (Avg 0.1058) IoU:0.673 (Avg 0.7205) Dice:0.7864 (Avg 0.8223) (AvgTime 0.2)   
   [Val] Epoch: [46][40/90]  Loss:0.095 (Avg 0.1112) IoU:0.720 (Avg 0.7044) Dice:0.8249 (Avg 0.8071) (AvgTime 0.2)   
   [Val] Epoch: [46][60/90]  Loss:0.139 (Avg 0.1039) IoU:0.646 (Avg 0.7165) Dice:0.7524 (Avg 0.8154) (AvgTime 0.2)   
   [Val] Epoch: [46][80/90]  Loss:0.098 (Avg 0.1031) IoU:0.715 (Avg 0.7146) Dice:0.8147 (Avg 0.8143) (AvgTime 0.2)   
   [Val] Epoch: [46][90/90]  Loss:0.126 (Avg 0.1033) IoU:0.625 (Avg 0.7140) Dice:0.7527 (Avg 0.8138) (AvgTime 0.2)   
   [Val] Loss components: dice=0.158972, focal=0.047566, total=0.103269
	 No iou improvement; selected epoch 44
	 early_stopping_count: 2/80
--- Epoch History (1..46) ---
Epoch |  TrainLoss |  TrainDice |  TrainIoU |    ValLoss |    ValDice |    ValIoU |         LR | Best
    1 |     0.2378 |     0.6073 |    0.4781 |     0.2212 |     0.6176 |    0.4873 |   3.00e-04 |     
    2 |     0.1754 |     0.6971 |    0.5727 |     0.1642 |     0.7061 |    0.5868 |   3.00e-04 |     
    3 |     0.1564 |     0.7248 |    0.6043 |     0.1373 |     0.7621 |    0.6492 |   3.00e-04 |     
    4 |     0.1512 |     0.7340 |    0.6154 |     0.1450 |     0.7555 |    0.6397 |   2.99e-04 |     
    5 |     0.1427 |     0.7474 |    0.6307 |     0.1478 |     0.7229 |    0.6010 |   2.98e-04 |     
    6 |     0.1390 |     0.7527 |    0.6372 |     0.1355 |     0.7500 |    0.6298 |   2.97e-04 |     
    7 |     0.1353 |     0.7589 |    0.6439 |     0.1369 |     0.7611 |    0.6439 |   2.96e-04 |     
    8 |     0.1328 |     0.7617 |    0.6475 |     0.1354 |     0.7518 |    0.6330 |   2.94e-04 |     
    9 |     0.1294 |     0.7676 |    0.6543 |     0.1259 |     0.7724 |    0.6623 |   2.92e-04 |     
   10 |     0.1295 |     0.7672 |    0.6539 |     0.1216 |     0.7861 |    0.6776 |   2.91e-04 |     
   11 |     0.1289 |     0.7699 |    0.6573 |     0.1227 |     0.7768 |    0.6660 |   2.88e-04 |     
   12 |     0.1259 |     0.7736 |    0.6616 |     0.1186 |     0.7928 |    0.6867 |   2.86e-04 |     
   13 |     0.1252 |     0.7750 |    0.6628 |     0.1353 |     0.7535 |    0.6352 |   2.83e-04 |     
   14 |     0.1232 |     0.7784 |    0.6678 |     0.1165 |     0.7837 |    0.6714 |   2.80e-04 |     
   15 |     0.1251 |     0.7742 |    0.6624 |     0.1190 |     0.7813 |    0.6712 |   2.77e-04 |     
   16 |     0.1215 |     0.7804 |    0.6697 |     0.1217 |     0.7897 |    0.6820 |   2.74e-04 |     
   17 |     0.1251 |     0.7760 |    0.6651 |     0.1343 |     0.7581 |    0.6458 |   2.71e-04 |     
   18 |     0.1198 |     0.7841 |    0.6743 |     0.1146 |     0.7928 |    0.6860 |   2.67e-04 |     
   19 |     0.1188 |     0.7853 |    0.6759 |     0.1158 |     0.7821 |    0.6716 |   2.63e-04 |     
   20 |     0.1162 |     0.7892 |    0.6812 |     0.1173 |     0.7890 |    0.6811 |   2.59e-04 |     
   21 |     0.1166 |     0.7883 |    0.6797 |     0.1159 |     0.7814 |    0.6698 |   2.55e-04 |     
   22 |     0.1165 |     0.7891 |    0.6807 |     0.1344 |     0.7703 |    0.6587 |   2.51e-04 |     
   23 |     0.1151 |     0.7912 |    0.6838 |     0.1108 |     0.7995 |    0.6952 |   2.46e-04 |     
   24 |     0.1139 |     0.7933 |    0.6855 |     0.1130 |     0.8017 |    0.6980 |   2.42e-04 |     
   25 |     0.1139 |     0.7934 |    0.6864 |     0.1150 |     0.7985 |    0.6949 |   2.37e-04 |     
   26 |     0.1126 |     0.7952 |    0.6882 |     0.1089 |     0.7988 |    0.6928 |   2.32e-04 |     
   27 |     0.1106 |     0.7984 |    0.6923 |     0.1083 |     0.8002 |    0.6945 |   2.27e-04 |     
   28 |     0.1117 |     0.7968 |    0.6907 |     0.1093 |     0.8014 |    0.6969 |   2.22e-04 |     
   29 |     0.1108 |     0.7982 |    0.6926 |     0.1124 |     0.7947 |    0.6863 |   2.17e-04 |     
   30 |     0.1098 |     0.7995 |    0.6939 |     0.1096 |     0.7995 |    0.6962 |   2.11e-04 |     
   31 |     0.1100 |     0.8004 |    0.6948 |     0.1204 |     0.7933 |    0.6865 |   2.06e-04 |     
   32 |     0.1078 |     0.8031 |    0.6977 |     0.1063 |     0.8077 |    0.7051 |   2.00e-04 |     
   33 |     0.1066 |     0.8052 |    0.7006 |     0.1119 |     0.7959 |    0.6884 |   1.94e-04 |     
   34 |     0.1059 |     0.8063 |    0.7019 |     0.1097 |     0.8017 |    0.6963 |   1.89e-04 |     
   35 |     0.1044 |     0.8089 |    0.7053 |     0.1052 |     0.8108 |    0.7082 |   1.83e-04 |     
   36 |     0.1040 |     0.8097 |    0.7064 |     0.1073 |     0.7999 |    0.6943 |   1.77e-04 |     
   37 |     0.1048 |     0.8085 |    0.7047 |     0.1086 |     0.7999 |    0.6950 |   1.71e-04 |     
   38 |     0.1035 |     0.8101 |    0.7068 |     0.1042 |     0.8094 |    0.7070 |   1.65e-04 |     
   39 |     0.1021 |     0.8125 |    0.7099 |     0.1052 |     0.8071 |    0.7047 |   1.59e-04 |     
   40 |     0.1014 |     0.8135 |    0.7112 |     0.1052 |     0.8101 |    0.7089 |   1.53e-04 |     
   41 |     0.1007 |     0.8154 |    0.7135 |     0.1046 |     0.8120 |    0.7110 |   1.48e-04 |     
   42 |     0.1002 |     0.8163 |    0.7143 |     0.1045 |     0.8106 |    0.7087 |   1.42e-04 |     
   43 |     0.0986 |     0.8183 |    0.7172 |     0.1072 |     0.8092 |    0.7077 |   1.36e-04 |     
   44 |     0.0976 |     0.8210 |    0.7201 |     0.1020 |     0.8183 |    0.7185 |   1.30e-04 |    *
   45 |     0.0973 |     0.8210 |    0.7204 |     0.1191 |     0.7921 |    0.6898 |   1.24e-04 |     
   46 |     0.0962 |     0.8230 |    0.7226 |     0.1033 |     0.8138 |    0.7140 |   1.18e-04 |     
--- R2 + image-value context regrouping with regroup_text anchors validation statistics ---
up4: ca=0.8927+/-0.1085, sa=1.0096+/-0.0084, amp=0.0000, suppress=0.0000, guide_abs=0.1571
up4 residuals: local_mean=5.914e-02, global_mean=0.0224, local_strength=0.1203, global_strength=0.1161, gain=[0.9899,1.0677], saturation=0.0316, text_film=0.0200
up4 haar: reconstruction_error=9.537e-07, skip_low/high=0.8113/0.1887, plam_low/high=1.0000/0.0000
up4 strengths: plam=0.9124, region=0.1203, detail=0.1161; residual_std region/detail/refine=0.3321/0.3663/0.2929
up4 guide_mix: entropy=0.9784, raw_low=0.3084, plam_low=0.2534, decoder_low=0.2840, detail=0.1542; agreement plam/decoder=0.6272/0.4116, support=0.8291+/-0.0542
up4 adaptive_frequency: ALPF strength=0.2498, weights=0.1418/0.7222/0.1361, sum=1.0000, entropy=0.7126, delta_std=0.0785; AHPF strength=0.0796, weights=0.2843/0.5476/0.1681, sum=1.0000, entropy=0.8934, residual_std=0.0960, scaled_std=0.0076
up3: ca=0.9938+/-0.1680, sa=1.0087+/-0.0037, amp=0.0000, suppress=0.0000, guide_abs=0.2700
up3 residuals: local_mean=1.909e-02, global_mean=0.0526, local_strength=0.1191, global_strength=0.1214, gain=[0.9942,1.0279], saturation=0.0000, text_film=0.0284
up3 haar: reconstruction_error=9.537e-07, skip_low/high=0.8001/0.1999, plam_low/high=1.0000/0.0000
up3 strengths: plam=0.8879, region=0.1191, detail=0.1214; residual_std region/detail/refine=0.3501/0.5480/0.4890
up3 guide_mix: entropy=0.9780, raw_low=0.3263, plam_low=0.2451, decoder_low=0.2696, detail=0.1590; agreement plam/decoder=0.0051/-0.0187, support=0.6681+/-0.0798
up3 adaptive_frequency: ALPF strength=0.2911, weights=0.0897/0.3401/0.5702, sum=1.0000, entropy=0.7424, delta_std=0.0696; AHPF strength=0.1015, weights=0.6726/0.2070/0.1204, sum=1.0000, entropy=0.6996, residual_std=0.0666, scaled_std=0.0068
up2: ca=0.8958+/-0.1215, sa=1.0041+/-0.0032, amp=0.0000, suppress=0.0000, guide_abs=0.1595
up2 residuals: local_mean=5.746e-03, global_mean=0.0301, local_strength=0.1180, global_strength=0.1141, gain=[0.9705,1.0372], saturation=0.0000, text_film=0.0233
up2 haar: reconstruction_error=9.537e-07, skip_low/high=0.7851/0.2149, plam_low/high=1.0000/0.0000
up2 strengths: plam=0.8198, region=0.1180, detail=0.1141; residual_std region/detail/refine=0.1807/0.2560/0.1184
up2 guide_mix: entropy=0.9257, raw_low=0.2915, plam_low=0.1426, decoder_low=0.4191, detail=0.1468; agreement plam/decoder=0.5552/-0.0556, support=0.5575+/-0.0396
up1: ca=0.7991+/-0.1313, sa=1.0033+/-0.0108, amp=0.0000, suppress=0.0000, guide_abs=0.2108
up1 residuals: local_mean=5.664e-04, global_mean=0.0415, local_strength=0.1269, global_strength=0.0793, gain=[0.9226,1.0775], saturation=0.0373, text_film=0.0346
up1 haar: reconstruction_error=2.801e-06, skip_low/high=0.7201/0.2799, plam_low/high=1.0000/0.0000
up1 strengths: plam=0.9311, region=0.1269, detail=0.0793; residual_std region/detail/refine=0.5809/0.4008/0.1543
up1 guide_mix: entropy=0.9538, raw_low=0.2779, plam_low=0.2609, decoder_low=0.3463, detail=0.1149; agreement plam/decoder=0.5794/0.1492, support=0.7248+/-0.1006

========= Epoch [47/80] =========
M2_Test_session_09.13_22h33
Training with batch size : 16
   [Train] Epoch: [47][20/357]  Loss:0.098 (Avg 0.0930) IoU:0.722 (Avg 0.7279) Dice:0.8105 (Avg 0.8259) LR 1.12e-04   (AvgTime 0.6)   
   [Train] Epoch: [47][40/357]  Loss:0.075 (Avg 0.0946) IoU:0.762 (Avg 0.7253) Dice:0.8599 (Avg 0.8251) LR 1.12e-04   (AvgTime 0.6)   
   [Train] Epoch: [47][60/357]  Loss:0.105 (Avg 0.0939) IoU:0.709 (Avg 0.7265) Dice:0.8078 (Avg 0.8265) LR 1.12e-04   (AvgTime 0.6)   
   [Train] Epoch: [47][80/357]  Loss:0.099 (Avg 0.0937) IoU:0.739 (Avg 0.7283) Dice:0.8306 (Avg 0.8274) LR 1.12e-04   (AvgTime 0.6)   
   [Train] Epoch: [47][100/357]  Loss:0.120 (Avg 0.0938) IoU:0.668 (Avg 0.7271) Dice:0.7862 (Avg 0.8266) LR 1.12e-04   (AvgTime 0.6)   
   [Train] Epoch: [47][120/357]  Loss:0.136 (Avg 0.0945) IoU:0.635 (Avg 0.7257) Dice:0.7629 (Avg 0.8257) LR 1.12e-04   (AvgTime 0.6)   
   [Train] Epoch: [47][140/357]  Loss:0.076 (Avg 0.0948) IoU:0.775 (Avg 0.7248) Dice:0.8540 (Avg 0.8249) LR 1.12e-04   (AvgTime 0.6)   
   [Train] Epoch: [47][160/357]  Loss:0.115 (Avg 0.0942) IoU:0.721 (Avg 0.7264) Dice:0.8193 (Avg 0.8262) LR 1.12e-04   (AvgTime 0.6)   
   [Train] Epoch: [47][180/357]  Loss:0.123 (Avg 0.0940) IoU:0.677 (Avg 0.7269) Dice:0.7728 (Avg 0.8267) LR 1.12e-04   (AvgTime 0.6)   
   [Train] Epoch: [47][200/357]  Loss:0.116 (Avg 0.0938) IoU:0.678 (Avg 0.7278) Dice:0.7832 (Avg 0.8273) LR 1.12e-04   (AvgTime 0.6)   
   [Train] Epoch: [47][220/357]  Loss:0.079 (Avg 0.0955) IoU:0.765 (Avg 0.7241) Dice:0.8532 (Avg 0.8243) LR 1.12e-04   (AvgTime 0.6)   
   [Train] Epoch: [47][240/357]  Loss:0.108 (Avg 0.0957) IoU:0.690 (Avg 0.7234) Dice:0.7938 (Avg 0.8237) LR 1.12e-04   (AvgTime 0.6)   
   [Train] Epoch: [47][260/357]  Loss:0.079 (Avg 0.0954) IoU:0.767 (Avg 0.7242) Dice:0.8614 (Avg 0.8243) LR 1.12e-04   (AvgTime 0.6)   
   [Train] Epoch: [47][280/357]  Loss:0.110 (Avg 0.0951) IoU:0.662 (Avg 0.7250) Dice:0.7761 (Avg 0.8249) LR 1.12e-04   (AvgTime 0.6)   
   [Train] Epoch: [47][300/357]  Loss:0.159 (Avg 0.0955) IoU:0.571 (Avg 0.7243) Dice:0.6961 (Avg 0.8242) LR 1.12e-04   (AvgTime 0.6)   
   [Train] Epoch: [47][320/357]  Loss:0.096 (Avg 0.0952) IoU:0.715 (Avg 0.7253) Dice:0.8250 (Avg 0.8249) LR 1.12e-04   (AvgTime 0.6)   
   [Train] Epoch: [47][340/357]  Loss:0.094 (Avg 0.0953) IoU:0.738 (Avg 0.7249) Dice:0.8386 (Avg 0.8246) LR 1.12e-04   (AvgTime 0.6)   
   [Train] Epoch: [47][357/357]  Loss:0.103 (Avg 0.0954) IoU:0.701 (Avg 0.7249) Dice:0.8111 (Avg 0.8246) LR 1.12e-04   (AvgTime 0.6)   
   [Train] Loss components: dice=0.150760, focal=0.040009, total=0.095384
Validation
   [Val] Epoch: [47][20/90]  Loss:0.124 (Avg 0.1034) IoU:0.666 (Avg 0.7119) Dice:0.7834 (Avg 0.8176) (AvgTime 0.3)   
   [Val] Epoch: [47][40/90]  Loss:0.097 (Avg 0.1110) IoU:0.706 (Avg 0.6936) Dice:0.8154 (Avg 0.8002) (AvgTime 0.2)   
   [Val] Epoch: [47][60/90]  Loss:0.134 (Avg 0.1040) IoU:0.644 (Avg 0.7057) Dice:0.7509 (Avg 0.8083) (AvgTime 0.2)   
   [Val] Epoch: [47][80/90]  Loss:0.099 (Avg 0.1029) IoU:0.699 (Avg 0.7050) Dice:0.8073 (Avg 0.8082) (AvgTime 0.2)   
   [Val] Epoch: [47][90/90]  Loss:0.134 (Avg 0.1030) IoU:0.612 (Avg 0.7048) Dice:0.7428 (Avg 0.8082) (AvgTime 0.2)   
   [Val] Loss components: dice=0.164606, focal=0.041340, total=0.102973
	 No iou improvement; selected epoch 44
	 early_stopping_count: 3/80
--- Epoch History (1..47) ---
Epoch |  TrainLoss |  TrainDice |  TrainIoU |    ValLoss |    ValDice |    ValIoU |         LR | Best
    1 |     0.2378 |     0.6073 |    0.4781 |     0.2212 |     0.6176 |    0.4873 |   3.00e-04 |     
    2 |     0.1754 |     0.6971 |    0.5727 |     0.1642 |     0.7061 |    0.5868 |   3.00e-04 |     
    3 |     0.1564 |     0.7248 |    0.6043 |     0.1373 |     0.7621 |    0.6492 |   3.00e-04 |     
    4 |     0.1512 |     0.7340 |    0.6154 |     0.1450 |     0.7555 |    0.6397 |   2.99e-04 |     
    5 |     0.1427 |     0.7474 |    0.6307 |     0.1478 |     0.7229 |    0.6010 |   2.98e-04 |     
    6 |     0.1390 |     0.7527 |    0.6372 |     0.1355 |     0.7500 |    0.6298 |   2.97e-04 |     
    7 |     0.1353 |     0.7589 |    0.6439 |     0.1369 |     0.7611 |    0.6439 |   2.96e-04 |     
    8 |     0.1328 |     0.7617 |    0.6475 |     0.1354 |     0.7518 |    0.6330 |   2.94e-04 |     
    9 |     0.1294 |     0.7676 |    0.6543 |     0.1259 |     0.7724 |    0.6623 |   2.92e-04 |     
   10 |     0.1295 |     0.7672 |    0.6539 |     0.1216 |     0.7861 |    0.6776 |   2.91e-04 |     
   11 |     0.1289 |     0.7699 |    0.6573 |     0.1227 |     0.7768 |    0.6660 |   2.88e-04 |     
   12 |     0.1259 |     0.7736 |    0.6616 |     0.1186 |     0.7928 |    0.6867 |   2.86e-04 |     
   13 |     0.1252 |     0.7750 |    0.6628 |     0.1353 |     0.7535 |    0.6352 |   2.83e-04 |     
   14 |     0.1232 |     0.7784 |    0.6678 |     0.1165 |     0.7837 |    0.6714 |   2.80e-04 |     
   15 |     0.1251 |     0.7742 |    0.6624 |     0.1190 |     0.7813 |    0.6712 |   2.77e-04 |     
   16 |     0.1215 |     0.7804 |    0.6697 |     0.1217 |     0.7897 |    0.6820 |   2.74e-04 |     
   17 |     0.1251 |     0.7760 |    0.6651 |     0.1343 |     0.7581 |    0.6458 |   2.71e-04 |     
   18 |     0.1198 |     0.7841 |    0.6743 |     0.1146 |     0.7928 |    0.6860 |   2.67e-04 |     
   19 |     0.1188 |     0.7853 |    0.6759 |     0.1158 |     0.7821 |    0.6716 |   2.63e-04 |     
   20 |     0.1162 |     0.7892 |    0.6812 |     0.1173 |     0.7890 |    0.6811 |   2.59e-04 |     
   21 |     0.1166 |     0.7883 |    0.6797 |     0.1159 |     0.7814 |    0.6698 |   2.55e-04 |     
   22 |     0.1165 |     0.7891 |    0.6807 |     0.1344 |     0.7703 |    0.6587 |   2.51e-04 |     
   23 |     0.1151 |     0.7912 |    0.6838 |     0.1108 |     0.7995 |    0.6952 |   2.46e-04 |     
   24 |     0.1139 |     0.7933 |    0.6855 |     0.1130 |     0.8017 |    0.6980 |   2.42e-04 |     
   25 |     0.1139 |     0.7934 |    0.6864 |     0.1150 |     0.7985 |    0.6949 |   2.37e-04 |     
   26 |     0.1126 |     0.7952 |    0.6882 |     0.1089 |     0.7988 |    0.6928 |   2.32e-04 |     
   27 |     0.1106 |     0.7984 |    0.6923 |     0.1083 |     0.8002 |    0.6945 |   2.27e-04 |     
   28 |     0.1117 |     0.7968 |    0.6907 |     0.1093 |     0.8014 |    0.6969 |   2.22e-04 |     
   29 |     0.1108 |     0.7982 |    0.6926 |     0.1124 |     0.7947 |    0.6863 |   2.17e-04 |     
   30 |     0.1098 |     0.7995 |    0.6939 |     0.1096 |     0.7995 |    0.6962 |   2.11e-04 |     
   31 |     0.1100 |     0.8004 |    0.6948 |     0.1204 |     0.7933 |    0.6865 |   2.06e-04 |     
   32 |     0.1078 |     0.8031 |    0.6977 |     0.1063 |     0.8077 |    0.7051 |   2.00e-04 |     
   33 |     0.1066 |     0.8052 |    0.7006 |     0.1119 |     0.7959 |    0.6884 |   1.94e-04 |     
   34 |     0.1059 |     0.8063 |    0.7019 |     0.1097 |     0.8017 |    0.6963 |   1.89e-04 |     
   35 |     0.1044 |     0.8089 |    0.7053 |     0.1052 |     0.8108 |    0.7082 |   1.83e-04 |     
   36 |     0.1040 |     0.8097 |    0.7064 |     0.1073 |     0.7999 |    0.6943 |   1.77e-04 |     
   37 |     0.1048 |     0.8085 |    0.7047 |     0.1086 |     0.7999 |    0.6950 |   1.71e-04 |     
   38 |     0.1035 |     0.8101 |    0.7068 |     0.1042 |     0.8094 |    0.7070 |   1.65e-04 |     
   39 |     0.1021 |     0.8125 |    0.7099 |     0.1052 |     0.8071 |    0.7047 |   1.59e-04 |     
   40 |     0.1014 |     0.8135 |    0.7112 |     0.1052 |     0.8101 |    0.7089 |   1.53e-04 |     
   41 |     0.1007 |     0.8154 |    0.7135 |     0.1046 |     0.8120 |    0.7110 |   1.48e-04 |     
   42 |     0.1002 |     0.8163 |    0.7143 |     0.1045 |     0.8106 |    0.7087 |   1.42e-04 |     
   43 |     0.0986 |     0.8183 |    0.7172 |     0.1072 |     0.8092 |    0.7077 |   1.36e-04 |     
   44 |     0.0976 |     0.8210 |    0.7201 |     0.1020 |     0.8183 |    0.7185 |   1.30e-04 |    *
   45 |     0.0973 |     0.8210 |    0.7204 |     0.1191 |     0.7921 |    0.6898 |   1.24e-04 |     
   46 |     0.0962 |     0.8230 |    0.7226 |     0.1033 |     0.8138 |    0.7140 |   1.18e-04 |     
   47 |     0.0954 |     0.8246 |    0.7249 |     0.1030 |     0.8082 |    0.7048 |   1.12e-04 |     
--- R2 + image-value context regrouping with regroup_text anchors validation statistics ---
up4: ca=0.9016+/-0.1036, sa=1.0091+/-0.0079, amp=0.0000, suppress=0.0000, guide_abs=0.1393
up4 residuals: local_mean=5.661e-02, global_mean=0.0200, local_strength=0.1205, global_strength=0.1163, gain=[0.9861,1.0688], saturation=0.0286, text_film=0.0200
up4 haar: reconstruction_error=9.537e-07, skip_low/high=0.8070/0.1930, plam_low/high=1.0000/0.0000
up4 strengths: plam=0.9124, region=0.1205, detail=0.1163; residual_std region/detail/refine=0.3509/0.3664/0.2913
up4 guide_mix: entropy=0.9790, raw_low=0.3047, plam_low=0.2681, decoder_low=0.2740, detail=0.1533; agreement plam/decoder=0.6938/0.4427, support=0.8258+/-0.0587
up4 adaptive_frequency: ALPF strength=0.2501, weights=0.1390/0.7251/0.1359, sum=1.0000, entropy=0.7080, delta_std=0.0774; AHPF strength=0.0796, weights=0.2811/0.5512/0.1677, sum=1.0000, entropy=0.8920, residual_std=0.0969, scaled_std=0.0077
up3: ca=0.9904+/-0.1579, sa=1.0092+/-0.0039, amp=0.0000, suppress=0.0000, guide_abs=0.2574
up3 residuals: local_mean=1.961e-02, global_mean=0.0562, local_strength=0.1191, global_strength=0.1216, gain=[0.9931,1.0290], saturation=0.0000, text_film=0.0267
up3 haar: reconstruction_error=9.537e-07, skip_low/high=0.8005/0.1995, plam_low/high=1.0000/0.0000
up3 strengths: plam=0.8876, region=0.1191, detail=0.1216; residual_std region/detail/refine=0.3403/0.5594/0.5042
up3 guide_mix: entropy=0.9782, raw_low=0.3266, plam_low=0.2549, decoder_low=0.2601, detail=0.1584; agreement plam/decoder=0.0930/0.0191, support=0.6661+/-0.0780
up3 adaptive_frequency: ALPF strength=0.2917, weights=0.1500/0.4964/0.3536, sum=1.0000, entropy=0.8258, delta_std=0.0605; AHPF strength=0.1016, weights=0.5330/0.3008/0.1662, sum=1.0000, entropy=0.8387, residual_std=0.0871, scaled_std=0.0089
up2: ca=0.8922+/-0.1193, sa=1.0042+/-0.0034, amp=0.0000, suppress=0.0000, guide_abs=0.1563
up2 residuals: local_mean=6.117e-03, global_mean=0.0305, local_strength=0.1181, global_strength=0.1142, gain=[0.9674,1.0356], saturation=0.0000, text_film=0.0264
up2 haar: reconstruction_error=9.537e-07, skip_low/high=0.7838/0.2162, plam_low/high=1.0000/0.0000
up2 strengths: plam=0.8185, region=0.1181, detail=0.1142; residual_std region/detail/refine=0.1780/0.2634/0.1190
up2 guide_mix: entropy=0.9323, raw_low=0.2932, plam_low=0.1494, decoder_low=0.4091, detail=0.1483; agreement plam/decoder=0.5905/-0.0051, support=0.5570+/-0.0407
up1: ca=0.8070+/-0.1393, sa=1.0034+/-0.0106, amp=0.0000, suppress=0.0000, guide_abs=0.1997
up1 residuals: local_mean=1.028e-03, global_mean=0.0419, local_strength=0.1270, global_strength=0.0791, gain=[0.9232,1.0771], saturation=0.0308, text_film=0.0390
up1 haar: reconstruction_error=1.907e-06, skip_low/high=0.7148/0.2852, plam_low/high=1.0000/0.0000
up1 strengths: plam=0.9311, region=0.1270, detail=0.0791; residual_std region/detail/refine=0.5884/0.3933/0.1552
up1 guide_mix: entropy=0.9526, raw_low=0.2589, plam_low=0.2974, decoder_low=0.3327, detail=0.1109; agreement plam/decoder=0.5741/0.0127, support=0.7262+/-0.1013

========= Epoch [48/80] =========
M2_Test_session_09.13_22h33
Training with batch size : 16
   [Train] Epoch: [48][20/357]  Loss:0.084 (Avg 0.0946) IoU:0.726 (Avg 0.7217) Dice:0.8335 (Avg 0.8236) LR 1.07e-04   (AvgTime 0.6)   
   [Train] Epoch: [48][40/357]  Loss:0.110 (Avg 0.0916) IoU:0.689 (Avg 0.7328) Dice:0.7868 (Avg 0.8314) LR 1.07e-04   (AvgTime 0.6)   
   [Train] Epoch: [48][60/357]  Loss:0.136 (Avg 0.0947) IoU:0.603 (Avg 0.7267) Dice:0.7376 (Avg 0.8260) LR 1.07e-04   (AvgTime 0.6)   
   [Train] Epoch: [48][80/357]  Loss:0.104 (Avg 0.0970) IoU:0.685 (Avg 0.7206) Dice:0.7918 (Avg 0.8211) LR 1.07e-04   (AvgTime 0.6)   
   [Train] Epoch: [48][100/357]  Loss:0.094 (Avg 0.0958) IoU:0.721 (Avg 0.7232) Dice:0.8244 (Avg 0.8235) LR 1.07e-04   (AvgTime 0.6)   
   [Train] Epoch: [48][120/357]  Loss:0.105 (Avg 0.0961) IoU:0.688 (Avg 0.7222) Dice:0.7944 (Avg 0.8226) LR 1.07e-04   (AvgTime 0.6)   
   [Train] Epoch: [48][140/357]  Loss:0.099 (Avg 0.0966) IoU:0.730 (Avg 0.7219) Dice:0.8107 (Avg 0.8219) LR 1.07e-04   (AvgTime 0.6)   
   [Train] Epoch: [48][160/357]  Loss:0.095 (Avg 0.0959) IoU:0.717 (Avg 0.7237) Dice:0.8161 (Avg 0.8234) LR 1.07e-04   (AvgTime 0.6)   
   [Train] Epoch: [48][180/357]  Loss:0.129 (Avg 0.0964) IoU:0.665 (Avg 0.7226) Dice:0.7719 (Avg 0.8224) LR 1.07e-04   (AvgTime 0.6)   
   [Train] Epoch: [48][200/357]  Loss:0.070 (Avg 0.0960) IoU:0.773 (Avg 0.7234) Dice:0.8670 (Avg 0.8232) LR 1.07e-04   (AvgTime 0.6)   
   [Train] Epoch: [48][220/357]  Loss:0.064 (Avg 0.0956) IoU:0.797 (Avg 0.7245) Dice:0.8837 (Avg 0.8240) LR 1.07e-04   (AvgTime 0.6)   
   [Train] Epoch: [48][240/357]  Loss:0.067 (Avg 0.0951) IoU:0.799 (Avg 0.7254) Dice:0.8784 (Avg 0.8248) LR 1.07e-04   (AvgTime 0.6)   
   [Train] Epoch: [48][260/357]  Loss:0.074 (Avg 0.0955) IoU:0.779 (Avg 0.7242) Dice:0.8695 (Avg 0.8239) LR 1.07e-04   (AvgTime 0.6)   
   [Train] Epoch: [48][280/357]  Loss:0.116 (Avg 0.0960) IoU:0.668 (Avg 0.7230) Dice:0.7775 (Avg 0.8227) LR 1.07e-04   (AvgTime 0.5)   
   [Train] Epoch: [48][300/357]  Loss:0.084 (Avg 0.0962) IoU:0.754 (Avg 0.7227) Dice:0.8525 (Avg 0.8224) LR 1.07e-04   (AvgTime 0.5)   
   [Train] Epoch: [48][320/357]  Loss:0.092 (Avg 0.0957) IoU:0.707 (Avg 0.7242) Dice:0.8229 (Avg 0.8236) LR 1.07e-04   (AvgTime 0.5)   
   [Train] Epoch: [48][340/357]  Loss:0.099 (Avg 0.0959) IoU:0.718 (Avg 0.7235) Dice:0.8215 (Avg 0.8232) LR 1.07e-04   (AvgTime 0.5)   
   [Train] Epoch: [48][357/357]  Loss:0.117 (Avg 0.0955) IoU:0.718 (Avg 0.7246) Dice:0.8166 (Avg 0.8241) LR 1.07e-04   (AvgTime 0.5)   
   [Train] Loss components: dice=0.150953, focal=0.040009, total=0.095481
Validation
   [Val] Epoch: [48][20/90]  Loss:0.132 (Avg 0.1047) IoU:0.652 (Avg 0.7211) Dice:0.7735 (Avg 0.8242) (AvgTime 0.3)   
   [Val] Epoch: [48][40/90]  Loss:0.090 (Avg 0.1110) IoU:0.728 (Avg 0.7042) Dice:0.8297 (Avg 0.8082) (AvgTime 0.2)   
   [Val] Epoch: [48][60/90]  Loss:0.138 (Avg 0.1038) IoU:0.651 (Avg 0.7155) Dice:0.7581 (Avg 0.8160) (AvgTime 0.2)   
   [Val] Epoch: [48][80/90]  Loss:0.089 (Avg 0.1025) IoU:0.740 (Avg 0.7149) Dice:0.8359 (Avg 0.8161) (AvgTime 0.2)   
   [Val] Epoch: [48][90/90]  Loss:0.135 (Avg 0.1029) IoU:0.614 (Avg 0.7143) Dice:0.7440 (Avg 0.8154) (AvgTime 0.2)   
   [Val] Loss components: dice=0.156672, focal=0.049028, total=0.102850
	 No iou improvement; selected epoch 44
	 early_stopping_count: 4/80
--- Epoch History (1..48) ---
Epoch |  TrainLoss |  TrainDice |  TrainIoU |    ValLoss |    ValDice |    ValIoU |         LR | Best
    1 |     0.2378 |     0.6073 |    0.4781 |     0.2212 |     0.6176 |    0.4873 |   3.00e-04 |     
    2 |     0.1754 |     0.6971 |    0.5727 |     0.1642 |     0.7061 |    0.5868 |   3.00e-04 |     
    3 |     0.1564 |     0.7248 |    0.6043 |     0.1373 |     0.7621 |    0.6492 |   3.00e-04 |     
    4 |     0.1512 |     0.7340 |    0.6154 |     0.1450 |     0.7555 |    0.6397 |   2.99e-04 |     
    5 |     0.1427 |     0.7474 |    0.6307 |     0.1478 |     0.7229 |    0.6010 |   2.98e-04 |     
    6 |     0.1390 |     0.7527 |    0.6372 |     0.1355 |     0.7500 |    0.6298 |   2.97e-04 |     
    7 |     0.1353 |     0.7589 |    0.6439 |     0.1369 |     0.7611 |    0.6439 |   2.96e-04 |     
    8 |     0.1328 |     0.7617 |    0.6475 |     0.1354 |     0.7518 |    0.6330 |   2.94e-04 |     
    9 |     0.1294 |     0.7676 |    0.6543 |     0.1259 |     0.7724 |    0.6623 |   2.92e-04 |     
   10 |     0.1295 |     0.7672 |    0.6539 |     0.1216 |     0.7861 |    0.6776 |   2.91e-04 |     
   11 |     0.1289 |     0.7699 |    0.6573 |     0.1227 |     0.7768 |    0.6660 |   2.88e-04 |     
   12 |     0.1259 |     0.7736 |    0.6616 |     0.1186 |     0.7928 |    0.6867 |   2.86e-04 |     
   13 |     0.1252 |     0.7750 |    0.6628 |     0.1353 |     0.7535 |    0.6352 |   2.83e-04 |     
   14 |     0.1232 |     0.7784 |    0.6678 |     0.1165 |     0.7837 |    0.6714 |   2.80e-04 |     
   15 |     0.1251 |     0.7742 |    0.6624 |     0.1190 |     0.7813 |    0.6712 |   2.77e-04 |     
   16 |     0.1215 |     0.7804 |    0.6697 |     0.1217 |     0.7897 |    0.6820 |   2.74e-04 |     
   17 |     0.1251 |     0.7760 |    0.6651 |     0.1343 |     0.7581 |    0.6458 |   2.71e-04 |     
   18 |     0.1198 |     0.7841 |    0.6743 |     0.1146 |     0.7928 |    0.6860 |   2.67e-04 |     
   19 |     0.1188 |     0.7853 |    0.6759 |     0.1158 |     0.7821 |    0.6716 |   2.63e-04 |     
   20 |     0.1162 |     0.7892 |    0.6812 |     0.1173 |     0.7890 |    0.6811 |   2.59e-04 |     
   21 |     0.1166 |     0.7883 |    0.6797 |     0.1159 |     0.7814 |    0.6698 |   2.55e-04 |     
   22 |     0.1165 |     0.7891 |    0.6807 |     0.1344 |     0.7703 |    0.6587 |   2.51e-04 |     
   23 |     0.1151 |     0.7912 |    0.6838 |     0.1108 |     0.7995 |    0.6952 |   2.46e-04 |     
   24 |     0.1139 |     0.7933 |    0.6855 |     0.1130 |     0.8017 |    0.6980 |   2.42e-04 |     
   25 |     0.1139 |     0.7934 |    0.6864 |     0.1150 |     0.7985 |    0.6949 |   2.37e-04 |     
   26 |     0.1126 |     0.7952 |    0.6882 |     0.1089 |     0.7988 |    0.6928 |   2.32e-04 |     
   27 |     0.1106 |     0.7984 |    0.6923 |     0.1083 |     0.8002 |    0.6945 |   2.27e-04 |     
   28 |     0.1117 |     0.7968 |    0.6907 |     0.1093 |     0.8014 |    0.6969 |   2.22e-04 |     
   29 |     0.1108 |     0.7982 |    0.6926 |     0.1124 |     0.7947 |    0.6863 |   2.17e-04 |     
   30 |     0.1098 |     0.7995 |    0.6939 |     0.1096 |     0.7995 |    0.6962 |   2.11e-04 |     
   31 |     0.1100 |     0.8004 |    0.6948 |     0.1204 |     0.7933 |    0.6865 |   2.06e-04 |     
   32 |     0.1078 |     0.8031 |    0.6977 |     0.1063 |     0.8077 |    0.7051 |   2.00e-04 |     
   33 |     0.1066 |     0.8052 |    0.7006 |     0.1119 |     0.7959 |    0.6884 |   1.94e-04 |     
   34 |     0.1059 |     0.8063 |    0.7019 |     0.1097 |     0.8017 |    0.6963 |   1.89e-04 |     
   35 |     0.1044 |     0.8089 |    0.7053 |     0.1052 |     0.8108 |    0.7082 |   1.83e-04 |     
   36 |     0.1040 |     0.8097 |    0.7064 |     0.1073 |     0.7999 |    0.6943 |   1.77e-04 |     
   37 |     0.1048 |     0.8085 |    0.7047 |     0.1086 |     0.7999 |    0.6950 |   1.71e-04 |     
   38 |     0.1035 |     0.8101 |    0.7068 |     0.1042 |     0.8094 |    0.7070 |   1.65e-04 |     
   39 |     0.1021 |     0.8125 |    0.7099 |     0.1052 |     0.8071 |    0.7047 |   1.59e-04 |     
   40 |     0.1014 |     0.8135 |    0.7112 |     0.1052 |     0.8101 |    0.7089 |   1.53e-04 |     
   41 |     0.1007 |     0.8154 |    0.7135 |     0.1046 |     0.8120 |    0.7110 |   1.48e-04 |     
   42 |     0.1002 |     0.8163 |    0.7143 |     0.1045 |     0.8106 |    0.7087 |   1.42e-04 |     
   43 |     0.0986 |     0.8183 |    0.7172 |     0.1072 |     0.8092 |    0.7077 |   1.36e-04 |     
   44 |     0.0976 |     0.8210 |    0.7201 |     0.1020 |     0.8183 |    0.7185 |   1.30e-04 |    *
   45 |     0.0973 |     0.8210 |    0.7204 |     0.1191 |     0.7921 |    0.6898 |   1.24e-04 |     
   46 |     0.0962 |     0.8230 |    0.7226 |     0.1033 |     0.8138 |    0.7140 |   1.18e-04 |     
   47 |     0.0954 |     0.8246 |    0.7249 |     0.1030 |     0.8082 |    0.7048 |   1.12e-04 |     
   48 |     0.0955 |     0.8241 |    0.7246 |     0.1029 |     0.8154 |    0.7143 |   1.07e-04 |     
--- R2 + image-value context regrouping with regroup_text anchors validation statistics ---
up4: ca=0.9005+/-0.1056, sa=1.0089+/-0.0080, amp=0.0000, suppress=0.0000, guide_abs=0.1490
up4 residuals: local_mean=5.536e-02, global_mean=0.0197, local_strength=0.1205, global_strength=0.1165, gain=[0.9860,1.0735], saturation=0.0214, text_film=0.0195
up4 haar: reconstruction_error=4.768e-07, skip_low/high=0.8143/0.1857, plam_low/high=1.0000/0.0000
up4 strengths: plam=0.9121, region=0.1205, detail=0.1165; residual_std region/detail/refine=0.3411/0.3641/0.2944
up4 guide_mix: entropy=0.9773, raw_low=0.3070, plam_low=0.2583, decoder_low=0.2842, detail=0.1505; agreement plam/decoder=0.6580/0.4891, support=0.8090+/-0.0555
up4 adaptive_frequency: ALPF strength=0.2506, weights=0.1453/0.7190/0.1357, sum=1.0000, entropy=0.7173, delta_std=0.0796; AHPF strength=0.0795, weights=0.2854/0.5469/0.1677, sum=1.0000, entropy=0.8941, residual_std=0.0942, scaled_std=0.0075
up3: ca=0.9912+/-0.1613, sa=1.0085+/-0.0036, amp=0.0000, suppress=0.0000, guide_abs=0.2595
up3 residuals: local_mean=1.828e-02, global_mean=0.0519, local_strength=0.1192, global_strength=0.1216, gain=[0.9929,1.0263], saturation=0.0000, text_film=0.0319
up3 haar: reconstruction_error=9.537e-07, skip_low/high=0.8040/0.1960, plam_low/high=1.0000/0.0000
up3 strengths: plam=0.8871, region=0.1192, detail=0.1216; residual_std region/detail/refine=0.3515/0.5483/0.4898
up3 guide_mix: entropy=0.9770, raw_low=0.3344, plam_low=0.2396, decoder_low=0.2656, detail=0.1605; agreement plam/decoder=0.0965/-0.0459, support=0.6684+/-0.0799
up3 adaptive_frequency: ALPF strength=0.2924, weights=0.1101/0.3910/0.4990, sum=1.0000, entropy=0.7678, delta_std=0.0635; AHPF strength=0.1018, weights=0.6286/0.2341/0.1373, sum=1.0000, entropy=0.7462, residual_std=0.0751, scaled_std=0.0076
up2: ca=0.8952+/-0.1230, sa=1.0041+/-0.0032, amp=0.0000, suppress=0.0000, guide_abs=0.1682
up2 residuals: local_mean=6.091e-03, global_mean=0.0300, local_strength=0.1181, global_strength=0.1143, gain=[0.9711,1.0343], saturation=0.0000, text_film=0.0293
up2 haar: reconstruction_error=9.537e-07, skip_low/high=0.7883/0.2117, plam_low/high=1.0000/0.0000
up2 strengths: plam=0.8173, region=0.1181, detail=0.1143; residual_std region/detail/refine=0.1839/0.2468/0.1172
up2 guide_mix: entropy=0.9195, raw_low=0.2843, plam_low=0.1401, decoder_low=0.4315, detail=0.1441; agreement plam/decoder=0.4370/0.0002, support=0.5563+/-0.0440
up1: ca=0.8140+/-0.1362, sa=1.0034+/-0.0106, amp=0.0000, suppress=0.0000, guide_abs=0.2068
up1 residuals: local_mean=9.233e-04, global_mean=0.0422, local_strength=0.1270, global_strength=0.0790, gain=[0.9230,1.0773], saturation=0.0462, text_film=0.0365
up1 haar: reconstruction_error=2.384e-06, skip_low/high=0.7348/0.2652, plam_low/high=1.0000/0.0000
up1 strengths: plam=0.9308, region=0.1270, detail=0.0790; residual_std region/detail/refine=0.5825/0.4018/0.1556
up1 guide_mix: entropy=0.9579, raw_low=0.3156, plam_low=0.2402, decoder_low=0.3224, detail=0.1217; agreement plam/decoder=0.6176/0.1498, support=0.7322+/-0.1039

========= Epoch [49/80] =========
M2_Test_session_09.13_22h33
Training with batch size : 16
   [Train] Epoch: [49][20/357]  Loss:0.119 (Avg 0.0940) IoU:0.681 (Avg 0.7210) Dice:0.7832 (Avg 0.8222) LR 1.01e-04   (AvgTime 0.6)   
   [Train] Epoch: [49][40/357]  Loss:0.101 (Avg 0.0956) IoU:0.695 (Avg 0.7208) Dice:0.8064 (Avg 0.8222) LR 1.01e-04   (AvgTime 0.6)   
   [Train] Epoch: [49][60/357]  Loss:0.085 (Avg 0.0912) IoU:0.741 (Avg 0.7304) Dice:0.8441 (Avg 0.8299) LR 1.01e-04   (AvgTime 0.6)   
   [Train] Epoch: [49][80/357]  Loss:0.106 (Avg 0.0905) IoU:0.703 (Avg 0.7339) Dice:0.7963 (Avg 0.8325) LR 1.01e-04   (AvgTime 0.6)   
   [Train] Epoch: [49][100/357]  Loss:0.081 (Avg 0.0908) IoU:0.797 (Avg 0.7348) Dice:0.8786 (Avg 0.8329) LR 1.01e-04   (AvgTime 0.6)   
   [Train] Epoch: [49][120/357]  Loss:0.090 (Avg 0.0913) IoU:0.746 (Avg 0.7328) Dice:0.8405 (Avg 0.8312) LR 1.01e-04   (AvgTime 0.6)   
   [Train] Epoch: [49][140/357]  Loss:0.108 (Avg 0.0913) IoU:0.691 (Avg 0.7330) Dice:0.7932 (Avg 0.8316) LR 1.01e-04   (AvgTime 0.6)   
   [Train] Epoch: [49][160/357]  Loss:0.111 (Avg 0.0912) IoU:0.683 (Avg 0.7335) Dice:0.7951 (Avg 0.8317) LR 1.01e-04   (AvgTime 0.5)   
   [Train] Epoch: [49][180/357]  Loss:0.111 (Avg 0.0915) IoU:0.673 (Avg 0.7324) Dice:0.7825 (Avg 0.8310) LR 1.01e-04   (AvgTime 0.5)   
   [Train] Epoch: [49][200/357]  Loss:0.081 (Avg 0.0920) IoU:0.742 (Avg 0.7316) Dice:0.8376 (Avg 0.8301) LR 1.01e-04   (AvgTime 0.5)   
   [Train] Epoch: [49][220/357]  Loss:0.112 (Avg 0.0926) IoU:0.739 (Avg 0.7304) Dice:0.8211 (Avg 0.8291) LR 1.01e-04   (AvgTime 0.5)   
   [Train] Epoch: [49][240/357]  Loss:0.096 (Avg 0.0926) IoU:0.741 (Avg 0.7307) Dice:0.8199 (Avg 0.8292) LR 1.01e-04   (AvgTime 0.5)   
   [Train] Epoch: [49][260/357]  Loss:0.096 (Avg 0.0934) IoU:0.716 (Avg 0.7292) Dice:0.8175 (Avg 0.8278) LR 1.01e-04   (AvgTime 0.5)   
   [Train] Epoch: [49][280/357]  Loss:0.095 (Avg 0.0937) IoU:0.729 (Avg 0.7288) Dice:0.8208 (Avg 0.8274) LR 1.01e-04   (AvgTime 0.5)   
   [Train] Epoch: [49][300/357]  Loss:0.074 (Avg 0.0941) IoU:0.750 (Avg 0.7282) Dice:0.8495 (Avg 0.8270) LR 1.01e-04   (AvgTime 0.5)   
   [Train] Epoch: [49][320/357]  Loss:0.073 (Avg 0.0941) IoU:0.769 (Avg 0.7279) Dice:0.8602 (Avg 0.8269) LR 1.01e-04   (AvgTime 0.5)   
   [Train] Epoch: [49][340/357]  Loss:0.104 (Avg 0.0944) IoU:0.706 (Avg 0.7274) Dice:0.8155 (Avg 0.8263) LR 1.01e-04   (AvgTime 0.5)   
   [Train] Epoch: [49][357/357]  Loss:0.093 (Avg 0.0943) IoU:0.739 (Avg 0.7277) Dice:0.8371 (Avg 0.8265) LR 1.01e-04   (AvgTime 0.5)   
   [Train] Loss components: dice=0.149018, focal=0.039574, total=0.094296
Validation
   [Val] Epoch: [49][20/90]  Loss:0.124 (Avg 0.1012) IoU:0.675 (Avg 0.7235) Dice:0.7909 (Avg 0.8264) (AvgTime 0.3)   
   [Val] Epoch: [49][40/90]  Loss:0.097 (Avg 0.1086) IoU:0.706 (Avg 0.7060) Dice:0.8139 (Avg 0.8099) (AvgTime 0.2)   
   [Val] Epoch: [49][60/90]  Loss:0.137 (Avg 0.1025) IoU:0.662 (Avg 0.7167) Dice:0.7677 (Avg 0.8167) (AvgTime 0.2)   
   [Val] Epoch: [49][80/90]  Loss:0.087 (Avg 0.1006) IoU:0.728 (Avg 0.7170) Dice:0.8292 (Avg 0.8173) (AvgTime 0.2)   
   [Val] Epoch: [49][90/90]  Loss:0.143 (Avg 0.1010) IoU:0.599 (Avg 0.7161) Dice:0.7285 (Avg 0.8167) (AvgTime 0.2)   
   [Val] Loss components: dice=0.157105, focal=0.044947, total=0.101026
	 No iou improvement; selected epoch 44
	 early_stopping_count: 5/80
--- Epoch History (1..49) ---
Epoch |  TrainLoss |  TrainDice |  TrainIoU |    ValLoss |    ValDice |    ValIoU |         LR | Best
    1 |     0.2378 |     0.6073 |    0.4781 |     0.2212 |     0.6176 |    0.4873 |   3.00e-04 |     
    2 |     0.1754 |     0.6971 |    0.5727 |     0.1642 |     0.7061 |    0.5868 |   3.00e-04 |     
    3 |     0.1564 |     0.7248 |    0.6043 |     0.1373 |     0.7621 |    0.6492 |   3.00e-04 |     
    4 |     0.1512 |     0.7340 |    0.6154 |     0.1450 |     0.7555 |    0.6397 |   2.99e-04 |     
    5 |     0.1427 |     0.7474 |    0.6307 |     0.1478 |     0.7229 |    0.6010 |   2.98e-04 |     
    6 |     0.1390 |     0.7527 |    0.6372 |     0.1355 |     0.7500 |    0.6298 |   2.97e-04 |     
    7 |     0.1353 |     0.7589 |    0.6439 |     0.1369 |     0.7611 |    0.6439 |   2.96e-04 |     
    8 |     0.1328 |     0.7617 |    0.6475 |     0.1354 |     0.7518 |    0.6330 |   2.94e-04 |     
    9 |     0.1294 |     0.7676 |    0.6543 |     0.1259 |     0.7724 |    0.6623 |   2.92e-04 |     
   10 |     0.1295 |     0.7672 |    0.6539 |     0.1216 |     0.7861 |    0.6776 |   2.91e-04 |     
   11 |     0.1289 |     0.7699 |    0.6573 |     0.1227 |     0.7768 |    0.6660 |   2.88e-04 |     
   12 |     0.1259 |     0.7736 |    0.6616 |     0.1186 |     0.7928 |    0.6867 |   2.86e-04 |     
   13 |     0.1252 |     0.7750 |    0.6628 |     0.1353 |     0.7535 |    0.6352 |   2.83e-04 |     
   14 |     0.1232 |     0.7784 |    0.6678 |     0.1165 |     0.7837 |    0.6714 |   2.80e-04 |     
   15 |     0.1251 |     0.7742 |    0.6624 |     0.1190 |     0.7813 |    0.6712 |   2.77e-04 |     
   16 |     0.1215 |     0.7804 |    0.6697 |     0.1217 |     0.7897 |    0.6820 |   2.74e-04 |     
   17 |     0.1251 |     0.7760 |    0.6651 |     0.1343 |     0.7581 |    0.6458 |   2.71e-04 |     
   18 |     0.1198 |     0.7841 |    0.6743 |     0.1146 |     0.7928 |    0.6860 |   2.67e-04 |     
   19 |     0.1188 |     0.7853 |    0.6759 |     0.1158 |     0.7821 |    0.6716 |   2.63e-04 |     
   20 |     0.1162 |     0.7892 |    0.6812 |     0.1173 |     0.7890 |    0.6811 |   2.59e-04 |     
   21 |     0.1166 |     0.7883 |    0.6797 |     0.1159 |     0.7814 |    0.6698 |   2.55e-04 |     
   22 |     0.1165 |     0.7891 |    0.6807 |     0.1344 |     0.7703 |    0.6587 |   2.51e-04 |     
   23 |     0.1151 |     0.7912 |    0.6838 |     0.1108 |     0.7995 |    0.6952 |   2.46e-04 |     
   24 |     0.1139 |     0.7933 |    0.6855 |     0.1130 |     0.8017 |    0.6980 |   2.42e-04 |     
   25 |     0.1139 |     0.7934 |    0.6864 |     0.1150 |     0.7985 |    0.6949 |   2.37e-04 |     
   26 |     0.1126 |     0.7952 |    0.6882 |     0.1089 |     0.7988 |    0.6928 |   2.32e-04 |     
   27 |     0.1106 |     0.7984 |    0.6923 |     0.1083 |     0.8002 |    0.6945 |   2.27e-04 |     
   28 |     0.1117 |     0.7968 |    0.6907 |     0.1093 |     0.8014 |    0.6969 |   2.22e-04 |     
   29 |     0.1108 |     0.7982 |    0.6926 |     0.1124 |     0.7947 |    0.6863 |   2.17e-04 |     
   30 |     0.1098 |     0.7995 |    0.6939 |     0.1096 |     0.7995 |    0.6962 |   2.11e-04 |     
   31 |     0.1100 |     0.8004 |    0.6948 |     0.1204 |     0.7933 |    0.6865 |   2.06e-04 |     
   32 |     0.1078 |     0.8031 |    0.6977 |     0.1063 |     0.8077 |    0.7051 |   2.00e-04 |     
   33 |     0.1066 |     0.8052 |    0.7006 |     0.1119 |     0.7959 |    0.6884 |   1.94e-04 |     
   34 |     0.1059 |     0.8063 |    0.7019 |     0.1097 |     0.8017 |    0.6963 |   1.89e-04 |     
   35 |     0.1044 |     0.8089 |    0.7053 |     0.1052 |     0.8108 |    0.7082 |   1.83e-04 |     
   36 |     0.1040 |     0.8097 |    0.7064 |     0.1073 |     0.7999 |    0.6943 |   1.77e-04 |     
   37 |     0.1048 |     0.8085 |    0.7047 |     0.1086 |     0.7999 |    0.6950 |   1.71e-04 |     
   38 |     0.1035 |     0.8101 |    0.7068 |     0.1042 |     0.8094 |    0.7070 |   1.65e-04 |     
   39 |     0.1021 |     0.8125 |    0.7099 |     0.1052 |     0.8071 |    0.7047 |   1.59e-04 |     
   40 |     0.1014 |     0.8135 |    0.7112 |     0.1052 |     0.8101 |    0.7089 |   1.53e-04 |     
   41 |     0.1007 |     0.8154 |    0.7135 |     0.1046 |     0.8120 |    0.7110 |   1.48e-04 |     
   42 |     0.1002 |     0.8163 |    0.7143 |     0.1045 |     0.8106 |    0.7087 |   1.42e-04 |     
   43 |     0.0986 |     0.8183 |    0.7172 |     0.1072 |     0.8092 |    0.7077 |   1.36e-04 |     
   44 |     0.0976 |     0.8210 |    0.7201 |     0.1020 |     0.8183 |    0.7185 |   1.30e-04 |    *
   45 |     0.0973 |     0.8210 |    0.7204 |     0.1191 |     0.7921 |    0.6898 |   1.24e-04 |     
   46 |     0.0962 |     0.8230 |    0.7226 |     0.1033 |     0.8138 |    0.7140 |   1.18e-04 |     
   47 |     0.0954 |     0.8246 |    0.7249 |     0.1030 |     0.8082 |    0.7048 |   1.12e-04 |     
   48 |     0.0955 |     0.8241 |    0.7246 |     0.1029 |     0.8154 |    0.7143 |   1.07e-04 |     
   49 |     0.0943 |     0.8265 |    0.7277 |     0.1010 |     0.8167 |    0.7161 |   1.01e-04 |     
--- R2 + image-value context regrouping with regroup_text anchors validation statistics ---
up4: ca=0.8946+/-0.1067, sa=1.0090+/-0.0080, amp=0.0000, suppress=0.0000, guide_abs=0.1478
up4 residuals: local_mean=5.468e-02, global_mean=0.0211, local_strength=0.1205, global_strength=0.1169, gain=[0.9875,1.0652], saturation=0.0255, text_film=0.0200
up4 haar: reconstruction_error=9.537e-07, skip_low/high=0.8116/0.1884, plam_low/high=1.0000/0.0000
up4 strengths: plam=0.9119, region=0.1205, detail=0.1169; residual_std region/detail/refine=0.3422/0.3774/0.3107
up4 guide_mix: entropy=0.9787, raw_low=0.3081, plam_low=0.2542, decoder_low=0.2830, detail=0.1546; agreement plam/decoder=0.6781/0.4434, support=0.7934+/-0.0601
up4 adaptive_frequency: ALPF strength=0.2510, weights=0.1431/0.7202/0.1367, sum=1.0000, entropy=0.7155, delta_std=0.0771; AHPF strength=0.0795, weights=0.2877/0.5451/0.1672, sum=1.0000, entropy=0.8948, residual_std=0.0955, scaled_std=0.0076
up3: ca=0.9906+/-0.1577, sa=1.0085+/-0.0037, amp=0.0000, suppress=0.0000, guide_abs=0.2605
up3 residuals: local_mean=1.871e-02, global_mean=0.0518, local_strength=0.1192, global_strength=0.1217, gain=[0.9921,1.0292], saturation=0.0000, text_film=0.0367
up3 haar: reconstruction_error=9.537e-07, skip_low/high=0.7967/0.2033, plam_low/high=1.0000/0.0000
up3 strengths: plam=0.8867, region=0.1192, detail=0.1217; residual_std region/detail/refine=0.3478/0.5468/0.4882
up3 guide_mix: entropy=0.9785, raw_low=0.3241, plam_low=0.2435, decoder_low=0.2725, detail=0.1598; agreement plam/decoder=0.0103/-0.0619, support=0.6636+/-0.0765
up3 adaptive_frequency: ALPF strength=0.2929, weights=0.1033/0.3506/0.5462, sum=1.0000, entropy=0.7408, delta_std=0.0654; AHPF strength=0.1019, weights=0.6636/0.2145/0.1220, sum=1.0000, entropy=0.7028, residual_std=0.0686, scaled_std=0.0070
up2: ca=0.8962+/-0.1129, sa=1.0043+/-0.0034, amp=0.0000, suppress=0.0000, guide_abs=0.1758
up2 residuals: local_mean=5.964e-03, global_mean=0.0312, local_strength=0.1182, global_strength=0.1143, gain=[0.9660,1.0359], saturation=0.0000, text_film=0.0277
up2 haar: reconstruction_error=9.537e-07, skip_low/high=0.7894/0.2106, plam_low/high=1.0000/0.0000
up2 strengths: plam=0.8165, region=0.1182, detail=0.1143; residual_std region/detail/refine=0.1810/0.2636/0.1183
up2 guide_mix: entropy=0.9303, raw_low=0.2934, plam_low=0.1432, decoder_low=0.4116, detail=0.1519; agreement plam/decoder=0.6219/0.0384, support=0.5560+/-0.0418
up1: ca=0.8153+/-0.1357, sa=1.0034+/-0.0109, amp=0.0000, suppress=0.0000, guide_abs=0.2099
up1 residuals: local_mean=6.930e-04, global_mean=0.0424, local_strength=0.1271, global_strength=0.0789, gain=[0.9229,1.0774], saturation=0.0336, text_film=0.0339
up1 haar: reconstruction_error=2.851e-06, skip_low/high=0.7231/0.2769, plam_low/high=1.0000/0.0000
up1 strengths: plam=0.9306, region=0.1271, detail=0.0789; residual_std region/detail/refine=0.5548/0.4115/0.1561
up1 guide_mix: entropy=0.9600, raw_low=0.2962, plam_low=0.2574, decoder_low=0.3251, detail=0.1213; agreement plam/decoder=0.6331/0.0623, support=0.7364+/-0.0960

========= Epoch [50/80] =========
M2_Test_session_09.13_22h33
Training with batch size : 16
   [Train] Epoch: [50][20/357]  Loss:0.080 (Avg 0.0947) IoU:0.781 (Avg 0.7250) Dice:0.8675 (Avg 0.8259) LR 9.54e-05   (AvgTime 0.6)   
   [Train] Epoch: [50][40/357]  Loss:0.070 (Avg 0.0911) IoU:0.779 (Avg 0.7345) Dice:0.8671 (Avg 0.8336) LR 9.54e-05   (AvgTime 0.6)   
   [Train] Epoch: [50][60/357]  Loss:0.094 (Avg 0.0917) IoU:0.741 (Avg 0.7326) Dice:0.8400 (Avg 0.8315) LR 9.54e-05   (AvgTime 0.6)   
   [Train] Epoch: [50][80/357]  Loss:0.096 (Avg 0.0914) IoU:0.722 (Avg 0.7332) Dice:0.8322 (Avg 0.8316) LR 9.54e-05   (AvgTime 0.6)   
   [Train] Epoch: [50][100/357]  Loss:0.076 (Avg 0.0919) IoU:0.787 (Avg 0.7334) Dice:0.8714 (Avg 0.8313) LR 9.54e-05   (AvgTime 0.6)   
   [Train] Epoch: [50][120/357]  Loss:0.118 (Avg 0.0929) IoU:0.690 (Avg 0.7312) Dice:0.8000 (Avg 0.8295) LR 9.54e-05   (AvgTime 0.6)   
   [Train] Epoch: [50][140/357]  Loss:0.110 (Avg 0.0944) IoU:0.684 (Avg 0.7279) Dice:0.7856 (Avg 0.8268) LR 9.54e-05   (AvgTime 0.6)   
   [Train] Epoch: [50][160/357]  Loss:0.152 (Avg 0.0947) IoU:0.608 (Avg 0.7267) Dice:0.7413 (Avg 0.8262) LR 9.54e-05   (AvgTime 0.6)   
   [Train] Epoch: [50][180/357]  Loss:0.086 (Avg 0.0940) IoU:0.766 (Avg 0.7284) Dice:0.8595 (Avg 0.8274) LR 9.54e-05   (AvgTime 0.6)   
   [Train] Epoch: [50][200/357]  Loss:0.071 (Avg 0.0944) IoU:0.793 (Avg 0.7278) Dice:0.8790 (Avg 0.8268) LR 9.54e-05   (AvgTime 0.6)   
   [Train] Epoch: [50][220/357]  Loss:0.093 (Avg 0.0943) IoU:0.712 (Avg 0.7279) Dice:0.8189 (Avg 0.8270) LR 9.54e-05   (AvgTime 0.5)   
   [Train] Epoch: [50][240/357]  Loss:0.096 (Avg 0.0933) IoU:0.741 (Avg 0.7299) Dice:0.8374 (Avg 0.8288) LR 9.54e-05   (AvgTime 0.5)   
   [Train] Epoch: [50][260/357]  Loss:0.067 (Avg 0.0929) IoU:0.792 (Avg 0.7308) Dice:0.8753 (Avg 0.8295) LR 9.54e-05   (AvgTime 0.5)   
   [Train] Epoch: [50][280/357]  Loss:0.115 (Avg 0.0927) IoU:0.696 (Avg 0.7311) Dice:0.7984 (Avg 0.8297) LR 9.54e-05   (AvgTime 0.5)   
   [Train] Epoch: [50][300/357]  Loss:0.076 (Avg 0.0928) IoU:0.773 (Avg 0.7306) Dice:0.8603 (Avg 0.8293) LR 9.54e-05   (AvgTime 0.5)   
   [Train] Epoch: [50][320/357]  Loss:0.072 (Avg 0.0925) IoU:0.776 (Avg 0.7311) Dice:0.8682 (Avg 0.8296) LR 9.54e-05   (AvgTime 0.5)   
   [Train] Epoch: [50][340/357]  Loss:0.098 (Avg 0.0927) IoU:0.713 (Avg 0.7310) Dice:0.8085 (Avg 0.8295) LR 9.54e-05   (AvgTime 0.5)   
   [Train] Epoch: [50][357/357]  Loss:0.074 (Avg 0.0928) IoU:0.787 (Avg 0.7307) Dice:0.8778 (Avg 0.8293) LR 9.54e-05   (AvgTime 0.5)   
   [Train] Loss components: dice=0.146535, focal=0.038986, total=0.092761
Validation
   [Val] Epoch: [50][20/90]  Loss:0.132 (Avg 0.1064) IoU:0.656 (Avg 0.7194) Dice:0.7759 (Avg 0.8217) (AvgTime 0.3)   
   [Val] Epoch: [50][40/90]  Loss:0.106 (Avg 0.1127) IoU:0.704 (Avg 0.7042) Dice:0.8123 (Avg 0.8075) (AvgTime 0.2)   
   [Val] Epoch: [50][60/90]  Loss:0.134 (Avg 0.1053) IoU:0.665 (Avg 0.7158) Dice:0.7695 (Avg 0.8154) (AvgTime 0.2)   
   [Val] Epoch: [50][80/90]  Loss:0.092 (Avg 0.1049) IoU:0.731 (Avg 0.7135) Dice:0.8297 (Avg 0.8138) (AvgTime 0.2)   
   [Val] Epoch: [50][90/90]  Loss:0.131 (Avg 0.1054) IoU:0.616 (Avg 0.7122) Dice:0.7436 (Avg 0.8127) (AvgTime 0.2)   
   [Val] Loss components: dice=0.158731, focal=0.052160, total=0.105446
	 No iou improvement; selected epoch 44
	 early_stopping_count: 6/80
--- Epoch History (1..50) ---
Epoch |  TrainLoss |  TrainDice |  TrainIoU |    ValLoss |    ValDice |    ValIoU |         LR | Best
    1 |     0.2378 |     0.6073 |    0.4781 |     0.2212 |     0.6176 |    0.4873 |   3.00e-04 |     
    2 |     0.1754 |     0.6971 |    0.5727 |     0.1642 |     0.7061 |    0.5868 |   3.00e-04 |     
    3 |     0.1564 |     0.7248 |    0.6043 |     0.1373 |     0.7621 |    0.6492 |   3.00e-04 |     
    4 |     0.1512 |     0.7340 |    0.6154 |     0.1450 |     0.7555 |    0.6397 |   2.99e-04 |     
    5 |     0.1427 |     0.7474 |    0.6307 |     0.1478 |     0.7229 |    0.6010 |   2.98e-04 |     
    6 |     0.1390 |     0.7527 |    0.6372 |     0.1355 |     0.7500 |    0.6298 |   2.97e-04 |     
    7 |     0.1353 |     0.7589 |    0.6439 |     0.1369 |     0.7611 |    0.6439 |   2.96e-04 |     
    8 |     0.1328 |     0.7617 |    0.6475 |     0.1354 |     0.7518 |    0.6330 |   2.94e-04 |     
    9 |     0.1294 |     0.7676 |    0.6543 |     0.1259 |     0.7724 |    0.6623 |   2.92e-04 |     
   10 |     0.1295 |     0.7672 |    0.6539 |     0.1216 |     0.7861 |    0.6776 |   2.91e-04 |     
   11 |     0.1289 |     0.7699 |    0.6573 |     0.1227 |     0.7768 |    0.6660 |   2.88e-04 |     
   12 |     0.1259 |     0.7736 |    0.6616 |     0.1186 |     0.7928 |    0.6867 |   2.86e-04 |     
   13 |     0.1252 |     0.7750 |    0.6628 |     0.1353 |     0.7535 |    0.6352 |   2.83e-04 |     
   14 |     0.1232 |     0.7784 |    0.6678 |     0.1165 |     0.7837 |    0.6714 |   2.80e-04 |     
   15 |     0.1251 |     0.7742 |    0.6624 |     0.1190 |     0.7813 |    0.6712 |   2.77e-04 |     
   16 |     0.1215 |     0.7804 |    0.6697 |     0.1217 |     0.7897 |    0.6820 |   2.74e-04 |     
   17 |     0.1251 |     0.7760 |    0.6651 |     0.1343 |     0.7581 |    0.6458 |   2.71e-04 |     
   18 |     0.1198 |     0.7841 |    0.6743 |     0.1146 |     0.7928 |    0.6860 |   2.67e-04 |     
   19 |     0.1188 |     0.7853 |    0.6759 |     0.1158 |     0.7821 |    0.6716 |   2.63e-04 |     
   20 |     0.1162 |     0.7892 |    0.6812 |     0.1173 |     0.7890 |    0.6811 |   2.59e-04 |     
   21 |     0.1166 |     0.7883 |    0.6797 |     0.1159 |     0.7814 |    0.6698 |   2.55e-04 |     
   22 |     0.1165 |     0.7891 |    0.6807 |     0.1344 |     0.7703 |    0.6587 |   2.51e-04 |     
   23 |     0.1151 |     0.7912 |    0.6838 |     0.1108 |     0.7995 |    0.6952 |   2.46e-04 |     
   24 |     0.1139 |     0.7933 |    0.6855 |     0.1130 |     0.8017 |    0.6980 |   2.42e-04 |     
   25 |     0.1139 |     0.7934 |    0.6864 |     0.1150 |     0.7985 |    0.6949 |   2.37e-04 |     
   26 |     0.1126 |     0.7952 |    0.6882 |     0.1089 |     0.7988 |    0.6928 |   2.32e-04 |     
   27 |     0.1106 |     0.7984 |    0.6923 |     0.1083 |     0.8002 |    0.6945 |   2.27e-04 |     
   28 |     0.1117 |     0.7968 |    0.6907 |     0.1093 |     0.8014 |    0.6969 |   2.22e-04 |     
   29 |     0.1108 |     0.7982 |    0.6926 |     0.1124 |     0.7947 |    0.6863 |   2.17e-04 |     
   30 |     0.1098 |     0.7995 |    0.6939 |     0.1096 |     0.7995 |    0.6962 |   2.11e-04 |     
   31 |     0.1100 |     0.8004 |    0.6948 |     0.1204 |     0.7933 |    0.6865 |   2.06e-04 |     
   32 |     0.1078 |     0.8031 |    0.6977 |     0.1063 |     0.8077 |    0.7051 |   2.00e-04 |     
   33 |     0.1066 |     0.8052 |    0.7006 |     0.1119 |     0.7959 |    0.6884 |   1.94e-04 |     
   34 |     0.1059 |     0.8063 |    0.7019 |     0.1097 |     0.8017 |    0.6963 |   1.89e-04 |     
   35 |     0.1044 |     0.8089 |    0.7053 |     0.1052 |     0.8108 |    0.7082 |   1.83e-04 |     
   36 |     0.1040 |     0.8097 |    0.7064 |     0.1073 |     0.7999 |    0.6943 |   1.77e-04 |     
   37 |     0.1048 |     0.8085 |    0.7047 |     0.1086 |     0.7999 |    0.6950 |   1.71e-04 |     
   38 |     0.1035 |     0.8101 |    0.7068 |     0.1042 |     0.8094 |    0.7070 |   1.65e-04 |     
   39 |     0.1021 |     0.8125 |    0.7099 |     0.1052 |     0.8071 |    0.7047 |   1.59e-04 |     
   40 |     0.1014 |     0.8135 |    0.7112 |     0.1052 |     0.8101 |    0.7089 |   1.53e-04 |     
   41 |     0.1007 |     0.8154 |    0.7135 |     0.1046 |     0.8120 |    0.7110 |   1.48e-04 |     
   42 |     0.1002 |     0.8163 |    0.7143 |     0.1045 |     0.8106 |    0.7087 |   1.42e-04 |     
   43 |     0.0986 |     0.8183 |    0.7172 |     0.1072 |     0.8092 |    0.7077 |   1.36e-04 |     
   44 |     0.0976 |     0.8210 |    0.7201 |     0.1020 |     0.8183 |    0.7185 |   1.30e-04 |    *
   45 |     0.0973 |     0.8210 |    0.7204 |     0.1191 |     0.7921 |    0.6898 |   1.24e-04 |     
   46 |     0.0962 |     0.8230 |    0.7226 |     0.1033 |     0.8138 |    0.7140 |   1.18e-04 |     
   47 |     0.0954 |     0.8246 |    0.7249 |     0.1030 |     0.8082 |    0.7048 |   1.12e-04 |     
   48 |     0.0955 |     0.8241 |    0.7246 |     0.1029 |     0.8154 |    0.7143 |   1.07e-04 |     
   49 |     0.0943 |     0.8265 |    0.7277 |     0.1010 |     0.8167 |    0.7161 |   1.01e-04 |     
   50 |     0.0928 |     0.8293 |    0.7307 |     0.1054 |     0.8127 |    0.7122 |   9.54e-05 |     
--- R2 + image-value context regrouping with regroup_text anchors validation statistics ---
up4: ca=0.9026+/-0.1031, sa=1.0087+/-0.0078, amp=0.0000, suppress=0.0000, guide_abs=0.1364
up4 residuals: local_mean=5.551e-02, global_mean=0.0180, local_strength=0.1205, global_strength=0.1171, gain=[0.9892,1.0630], saturation=0.0214, text_film=0.0197
up4 haar: reconstruction_error=9.537e-07, skip_low/high=0.8077/0.1923, plam_low/high=1.0000/0.0000
up4 strengths: plam=0.9117, region=0.1205, detail=0.1171; residual_std region/detail/refine=0.3170/0.3696/0.2948
up4 guide_mix: entropy=0.9794, raw_low=0.3062, plam_low=0.2593, decoder_low=0.2794, detail=0.1551; agreement plam/decoder=0.6626/0.4292, support=0.7980+/-0.0559
up4 adaptive_frequency: ALPF strength=0.2513, weights=0.1427/0.7217/0.1356, sum=1.0000, entropy=0.7129, delta_std=0.0789; AHPF strength=0.0795, weights=0.2824/0.5510/0.1667, sum=1.0000, entropy=0.8912, residual_std=0.1002, scaled_std=0.0080
up3: ca=0.9994+/-0.1554, sa=1.0084+/-0.0037, amp=0.0000, suppress=0.0000, guide_abs=0.2532
up3 residuals: local_mean=1.744e-02, global_mean=0.0518, local_strength=0.1192, global_strength=0.1218, gain=[0.9926,1.0301], saturation=0.0003, text_film=0.0375
up3 haar: reconstruction_error=9.537e-07, skip_low/high=0.7983/0.2017, plam_low/high=1.0000/0.0000
up3 strengths: plam=0.8865, region=0.1192, detail=0.1218; residual_std region/detail/refine=0.3430/0.5441/0.4837
up3 guide_mix: entropy=0.9788, raw_low=0.3255, plam_low=0.2531, decoder_low=0.2616, detail=0.1598; agreement plam/decoder=0.0327/-0.0707, support=0.6662+/-0.0736
up3 adaptive_frequency: ALPF strength=0.2936, weights=0.1258/0.4309/0.4433, sum=1.0000, entropy=0.7819, delta_std=0.0635; AHPF strength=0.1020, weights=0.5550/0.2803/0.1647, sum=1.0000, entropy=0.8069, residual_std=0.0902, scaled_std=0.0092
up2: ca=0.9041+/-0.1105, sa=1.0043+/-0.0032, amp=0.0000, suppress=0.0000, guide_abs=0.1604
up2 residuals: local_mean=5.888e-03, global_mean=0.0312, local_strength=0.1182, global_strength=0.1143, gain=[0.9678,1.0355], saturation=0.0000, text_film=0.0248
up2 haar: reconstruction_error=9.537e-07, skip_low/high=0.7887/0.2113, plam_low/high=1.0000/0.0000
up2 strengths: plam=0.8160, region=0.1182, detail=0.1143; residual_std region/detail/refine=0.1790/0.2580/0.1182
up2 guide_mix: entropy=0.9300, raw_low=0.2897, plam_low=0.1492, decoder_low=0.4145, detail=0.1466; agreement plam/decoder=0.6715/-0.0533, support=0.5554+/-0.0388
up1: ca=0.8310+/-0.1320, sa=1.0034+/-0.0107, amp=0.0000, suppress=0.0000, guide_abs=0.2123
up1 residuals: local_mean=9.358e-04, global_mean=0.0427, local_strength=0.1271, global_strength=0.0788, gain=[0.9233,1.0770], saturation=0.0364, text_film=0.0335
up1 haar: reconstruction_error=2.310e-06, skip_low/high=0.7193/0.2807, plam_low/high=1.0000/0.0000
up1 strengths: plam=0.9303, region=0.1271, detail=0.0788; residual_std region/detail/refine=0.5681/0.4030/0.1568
up1 guide_mix: entropy=0.9558, raw_low=0.2748, plam_low=0.2809, decoder_low=0.3304, detail=0.1140; agreement plam/decoder=0.6441/0.0844, support=0.7321+/-0.0987

========= Epoch [51/80] =========
M2_Test_session_09.13_22h33
Training with batch size : 16
   [Train] Epoch: [51][20/357]  Loss:0.097 (Avg 0.0852) IoU:0.696 (Avg 0.7467) Dice:0.8133 (Avg 0.8437) LR 8.99e-05   (AvgTime 0.6)   
   [Train] Epoch: [51][40/357]  Loss:0.082 (Avg 0.0900) IoU:0.744 (Avg 0.7354) Dice:0.8467 (Avg 0.8353) LR 8.99e-05   (AvgTime 0.6)   
   [Train] Epoch: [51][60/357]  Loss:0.095 (Avg 0.0876) IoU:0.689 (Avg 0.7397) Dice:0.8051 (Avg 0.8389) LR 8.99e-05   (AvgTime 0.6)   
   [Train] Epoch: [51][80/357]  Loss:0.119 (Avg 0.0878) IoU:0.715 (Avg 0.7412) Dice:0.8194 (Avg 0.8392) LR 8.99e-05   (AvgTime 0.6)   
   [Train] Epoch: [51][100/357]  Loss:0.108 (Avg 0.0887) IoU:0.693 (Avg 0.7394) Dice:0.8153 (Avg 0.8374) LR 8.99e-05   (AvgTime 0.6)   
   [Train] Epoch: [51][120/357]  Loss:0.061 (Avg 0.0882) IoU:0.826 (Avg 0.7403) Dice:0.9013 (Avg 0.8378) LR 8.99e-05   (AvgTime 0.6)   
   [Train] Epoch: [51][140/357]  Loss:0.098 (Avg 0.0891) IoU:0.718 (Avg 0.7388) Dice:0.8121 (Avg 0.8362) LR 8.99e-05   (AvgTime 0.6)   
   [Train] Epoch: [51][160/357]  Loss:0.078 (Avg 0.0898) IoU:0.747 (Avg 0.7370) Dice:0.8475 (Avg 0.8347) LR 8.99e-05   (AvgTime 0.5)   
   [Train] Epoch: [51][180/357]  Loss:0.060 (Avg 0.0904) IoU:0.809 (Avg 0.7359) Dice:0.8887 (Avg 0.8340) LR 8.99e-05   (AvgTime 0.5)   
   [Train] Epoch: [51][200/357]  Loss:0.120 (Avg 0.0908) IoU:0.646 (Avg 0.7348) Dice:0.7684 (Avg 0.8329) LR 8.99e-05   (AvgTime 0.5)   
   [Train] Epoch: [51][220/357]  Loss:0.099 (Avg 0.0912) IoU:0.700 (Avg 0.7343) Dice:0.8041 (Avg 0.8323) LR 8.99e-05   (AvgTime 0.5)   
   [Train] Epoch: [51][240/357]  Loss:0.073 (Avg 0.0908) IoU:0.771 (Avg 0.7353) Dice:0.8592 (Avg 0.8331) LR 8.99e-05   (AvgTime 0.5)   
   [Train] Epoch: [51][260/357]  Loss:0.090 (Avg 0.0911) IoU:0.762 (Avg 0.7348) Dice:0.8383 (Avg 0.8324) LR 8.99e-05   (AvgTime 0.5)   
   [Train] Epoch: [51][280/357]  Loss:0.104 (Avg 0.0920) IoU:0.695 (Avg 0.7326) Dice:0.8064 (Avg 0.8306) LR 8.99e-05   (AvgTime 0.5)   
   [Train] Epoch: [51][300/357]  Loss:0.064 (Avg 0.0920) IoU:0.806 (Avg 0.7325) Dice:0.8873 (Avg 0.8306) LR 8.99e-05   (AvgTime 0.5)   
   [Train] Epoch: [51][320/357]  Loss:0.089 (Avg 0.0917) IoU:0.722 (Avg 0.7332) Dice:0.8318 (Avg 0.8313) LR 8.99e-05   (AvgTime 0.5)   
   [Train] Epoch: [51][340/357]  Loss:0.087 (Avg 0.0918) IoU:0.767 (Avg 0.7328) Dice:0.8565 (Avg 0.8309) LR 8.99e-05   (AvgTime 0.5)   
   [Train] Epoch: [51][357/357]  Loss:0.117 (Avg 0.0922) IoU:0.682 (Avg 0.7320) Dice:0.7864 (Avg 0.8301) LR 8.99e-05   (AvgTime 0.5)   
   [Train] Loss components: dice=0.145450, focal=0.038935, total=0.092193
Validation
   [Val] Epoch: [51][20/90]  Loss:0.132 (Avg 0.1091) IoU:0.681 (Avg 0.7192) Dice:0.7968 (Avg 0.8212) (AvgTime 0.3)   
   [Val] Epoch: [51][40/90]  Loss:0.094 (Avg 0.1140) IoU:0.729 (Avg 0.7058) Dice:0.8328 (Avg 0.8085) (AvgTime 0.2)   
   [Val] Epoch: [51][60/90]  Loss:0.137 (Avg 0.1072) IoU:0.661 (Avg 0.7156) Dice:0.7649 (Avg 0.8149) (AvgTime 0.2)   
   [Val] Epoch: [51][80/90]  Loss:0.103 (Avg 0.1062) IoU:0.715 (Avg 0.7153) Dice:0.8146 (Avg 0.8150) (AvgTime 0.2)   
   [Val] Epoch: [51][90/90]  Loss:0.148 (Avg 0.1069) IoU:0.596 (Avg 0.7147) Dice:0.7282 (Avg 0.8143) (AvgTime 0.2)   
   [Val] Loss components: dice=0.156715, focal=0.057093, total=0.106904
	 No iou improvement; selected epoch 44
	 early_stopping_count: 7/80
--- Epoch History (1..51) ---
Epoch |  TrainLoss |  TrainDice |  TrainIoU |    ValLoss |    ValDice |    ValIoU |         LR | Best
    1 |     0.2378 |     0.6073 |    0.4781 |     0.2212 |     0.6176 |    0.4873 |   3.00e-04 |     
    2 |     0.1754 |     0.6971 |    0.5727 |     0.1642 |     0.7061 |    0.5868 |   3.00e-04 |     
    3 |     0.1564 |     0.7248 |    0.6043 |     0.1373 |     0.7621 |    0.6492 |   3.00e-04 |     
    4 |     0.1512 |     0.7340 |    0.6154 |     0.1450 |     0.7555 |    0.6397 |   2.99e-04 |     
    5 |     0.1427 |     0.7474 |    0.6307 |     0.1478 |     0.7229 |    0.6010 |   2.98e-04 |     
    6 |     0.1390 |     0.7527 |    0.6372 |     0.1355 |     0.7500 |    0.6298 |   2.97e-04 |     
    7 |     0.1353 |     0.7589 |    0.6439 |     0.1369 |     0.7611 |    0.6439 |   2.96e-04 |     
    8 |     0.1328 |     0.7617 |    0.6475 |     0.1354 |     0.7518 |    0.6330 |   2.94e-04 |     
    9 |     0.1294 |     0.7676 |    0.6543 |     0.1259 |     0.7724 |    0.6623 |   2.92e-04 |     
   10 |     0.1295 |     0.7672 |    0.6539 |     0.1216 |     0.7861 |    0.6776 |   2.91e-04 |     
   11 |     0.1289 |     0.7699 |    0.6573 |     0.1227 |     0.7768 |    0.6660 |   2.88e-04 |     
   12 |     0.1259 |     0.7736 |    0.6616 |     0.1186 |     0.7928 |    0.6867 |   2.86e-04 |     
   13 |     0.1252 |     0.7750 |    0.6628 |     0.1353 |     0.7535 |    0.6352 |   2.83e-04 |     
   14 |     0.1232 |     0.7784 |    0.6678 |     0.1165 |     0.7837 |    0.6714 |   2.80e-04 |     
   15 |     0.1251 |     0.7742 |    0.6624 |     0.1190 |     0.7813 |    0.6712 |   2.77e-04 |     
   16 |     0.1215 |     0.7804 |    0.6697 |     0.1217 |     0.7897 |    0.6820 |   2.74e-04 |     
   17 |     0.1251 |     0.7760 |    0.6651 |     0.1343 |     0.7581 |    0.6458 |   2.71e-04 |     
   18 |     0.1198 |     0.7841 |    0.6743 |     0.1146 |     0.7928 |    0.6860 |   2.67e-04 |     
   19 |     0.1188 |     0.7853 |    0.6759 |     0.1158 |     0.7821 |    0.6716 |   2.63e-04 |     
   20 |     0.1162 |     0.7892 |    0.6812 |     0.1173 |     0.7890 |    0.6811 |   2.59e-04 |     
   21 |     0.1166 |     0.7883 |    0.6797 |     0.1159 |     0.7814 |    0.6698 |   2.55e-04 |     
   22 |     0.1165 |     0.7891 |    0.6807 |     0.1344 |     0.7703 |    0.6587 |   2.51e-04 |     
   23 |     0.1151 |     0.7912 |    0.6838 |     0.1108 |     0.7995 |    0.6952 |   2.46e-04 |     
   24 |     0.1139 |     0.7933 |    0.6855 |     0.1130 |     0.8017 |    0.6980 |   2.42e-04 |     
   25 |     0.1139 |     0.7934 |    0.6864 |     0.1150 |     0.7985 |    0.6949 |   2.37e-04 |     
   26 |     0.1126 |     0.7952 |    0.6882 |     0.1089 |     0.7988 |    0.6928 |   2.32e-04 |     
   27 |     0.1106 |     0.7984 |    0.6923 |     0.1083 |     0.8002 |    0.6945 |   2.27e-04 |     
   28 |     0.1117 |     0.7968 |    0.6907 |     0.1093 |     0.8014 |    0.6969 |   2.22e-04 |     
   29 |     0.1108 |     0.7982 |    0.6926 |     0.1124 |     0.7947 |    0.6863 |   2.17e-04 |     
   30 |     0.1098 |     0.7995 |    0.6939 |     0.1096 |     0.7995 |    0.6962 |   2.11e-04 |     
   31 |     0.1100 |     0.8004 |    0.6948 |     0.1204 |     0.7933 |    0.6865 |   2.06e-04 |     
   32 |     0.1078 |     0.8031 |    0.6977 |     0.1063 |     0.8077 |    0.7051 |   2.00e-04 |     
   33 |     0.1066 |     0.8052 |    0.7006 |     0.1119 |     0.7959 |    0.6884 |   1.94e-04 |     
   34 |     0.1059 |     0.8063 |    0.7019 |     0.1097 |     0.8017 |    0.6963 |   1.89e-04 |     
   35 |     0.1044 |     0.8089 |    0.7053 |     0.1052 |     0.8108 |    0.7082 |   1.83e-04 |     
   36 |     0.1040 |     0.8097 |    0.7064 |     0.1073 |     0.7999 |    0.6943 |   1.77e-04 |     
   37 |     0.1048 |     0.8085 |    0.7047 |     0.1086 |     0.7999 |    0.6950 |   1.71e-04 |     
   38 |     0.1035 |     0.8101 |    0.7068 |     0.1042 |     0.8094 |    0.7070 |   1.65e-04 |     
   39 |     0.1021 |     0.8125 |    0.7099 |     0.1052 |     0.8071 |    0.7047 |   1.59e-04 |     
   40 |     0.1014 |     0.8135 |    0.7112 |     0.1052 |     0.8101 |    0.7089 |   1.53e-04 |     
   41 |     0.1007 |     0.8154 |    0.7135 |     0.1046 |     0.8120 |    0.7110 |   1.48e-04 |     
   42 |     0.1002 |     0.8163 |    0.7143 |     0.1045 |     0.8106 |    0.7087 |   1.42e-04 |     
   43 |     0.0986 |     0.8183 |    0.7172 |     0.1072 |     0.8092 |    0.7077 |   1.36e-04 |     
   44 |     0.0976 |     0.8210 |    0.7201 |     0.1020 |     0.8183 |    0.7185 |   1.30e-04 |    *
   45 |     0.0973 |     0.8210 |    0.7204 |     0.1191 |     0.7921 |    0.6898 |   1.24e-04 |     
   46 |     0.0962 |     0.8230 |    0.7226 |     0.1033 |     0.8138 |    0.7140 |   1.18e-04 |     
   47 |     0.0954 |     0.8246 |    0.7249 |     0.1030 |     0.8082 |    0.7048 |   1.12e-04 |     
   48 |     0.0955 |     0.8241 |    0.7246 |     0.1029 |     0.8154 |    0.7143 |   1.07e-04 |     
   49 |     0.0943 |     0.8265 |    0.7277 |     0.1010 |     0.8167 |    0.7161 |   1.01e-04 |     
   50 |     0.0928 |     0.8293 |    0.7307 |     0.1054 |     0.8127 |    0.7122 |   9.54e-05 |     
   51 |     0.0922 |     0.8301 |    0.7320 |     0.1069 |     0.8143 |    0.7147 |   8.99e-05 |     
--- R2 + image-value context regrouping with regroup_text anchors validation statistics ---
up4: ca=0.9026+/-0.0996, sa=1.0085+/-0.0074, amp=0.0000, suppress=0.0000, guide_abs=0.1519
up4 residuals: local_mean=5.397e-02, global_mean=0.0174, local_strength=0.1205, global_strength=0.1172, gain=[0.9864,1.0595], saturation=0.0143, text_film=0.0202
up4 haar: reconstruction_error=9.537e-07, skip_low/high=0.8066/0.1934, plam_low/high=1.0000/0.0000
up4 strengths: plam=0.9118, region=0.1205, detail=0.1172; residual_std region/detail/refine=0.3213/0.3643/0.2899
up4 guide_mix: entropy=0.9791, raw_low=0.3058, plam_low=0.2566, decoder_low=0.2829, detail=0.1547; agreement plam/decoder=0.7013/0.4449, support=0.8002+/-0.0578
up4 adaptive_frequency: ALPF strength=0.2516, weights=0.1427/0.7233/0.1340, sum=1.0000, entropy=0.7108, delta_std=0.0790; AHPF strength=0.0795, weights=0.2876/0.5453/0.1671, sum=1.0000, entropy=0.8946, residual_std=0.0985, scaled_std=0.0078
up3: ca=0.9970+/-0.1573, sa=1.0089+/-0.0040, amp=0.0000, suppress=0.0000, guide_abs=0.2590
up3 residuals: local_mean=1.931e-02, global_mean=0.0544, local_strength=0.1192, global_strength=0.1219, gain=[0.9927,1.0342], saturation=0.0000, text_film=0.0295
up3 haar: reconstruction_error=9.537e-07, skip_low/high=0.7968/0.2032, plam_low/high=1.0000/0.0000
up3 strengths: plam=0.8861, region=0.1192, detail=0.1219; residual_std region/detail/refine=0.3345/0.5530/0.4913
up3 guide_mix: entropy=0.9788, raw_low=0.3287, plam_low=0.2513, decoder_low=0.2585, detail=0.1615; agreement plam/decoder=0.0330/-0.0552, support=0.6723+/-0.0740
up3 adaptive_frequency: ALPF strength=0.2940, weights=0.1104/0.3768/0.5128, sum=1.0000, entropy=0.7484, delta_std=0.0664; AHPF strength=0.1020, weights=0.6019/0.2485/0.1496, sum=1.0000, entropy=0.7657, residual_std=0.0829, scaled_std=0.0085
up2: ca=0.8967+/-0.1085, sa=1.0044+/-0.0033, amp=0.0000, suppress=0.0000, guide_abs=0.1672
up2 residuals: local_mean=6.131e-03, global_mean=0.0319, local_strength=0.1184, global_strength=0.1143, gain=[0.9697,1.0357], saturation=0.0000, text_film=0.0269
up2 haar: reconstruction_error=9.537e-07, skip_low/high=0.7886/0.2114, plam_low/high=1.0000/0.0000
up2 strengths: plam=0.8150, region=0.1184, detail=0.1143; residual_std region/detail/refine=0.1830/0.2620/0.1166
up2 guide_mix: entropy=0.9303, raw_low=0.3023, plam_low=0.1409, decoder_low=0.4053, detail=0.1515; agreement plam/decoder=0.7152/0.0039, support=0.5569+/-0.0390
up1: ca=0.8215+/-0.1239, sa=1.0035+/-0.0107, amp=0.0000, suppress=0.0000, guide_abs=0.2104
up1 residuals: local_mean=1.069e-03, global_mean=0.0430, local_strength=0.1272, global_strength=0.0788, gain=[0.9234,1.0769], saturation=0.0389, text_film=0.0334
up1 haar: reconstruction_error=1.907e-06, skip_low/high=0.7151/0.2849, plam_low/high=1.0000/0.0000
up1 strengths: plam=0.9302, region=0.1272, detail=0.0788; residual_std region/detail/refine=0.5695/0.3992/0.1573
up1 guide_mix: entropy=0.9571, raw_low=0.2724, plam_low=0.2811, decoder_low=0.3305, detail=0.1160; agreement plam/decoder=0.5944/0.0062, support=0.7318+/-0.0978

========= Epoch [52/80] =========
M2_Test_session_09.13_22h33
Training with batch size : 16
   [Train] Epoch: [52][20/357]  Loss:0.104 (Avg 0.0870) IoU:0.701 (Avg 0.7370) Dice:0.7990 (Avg 0.8345) LR 8.45e-05   (AvgTime 0.6)   
   [Train] Epoch: [52][40/357]  Loss:0.085 (Avg 0.0868) IoU:0.747 (Avg 0.7410) Dice:0.8365 (Avg 0.8379) LR 8.45e-05   (AvgTime 0.5)   
   [Train] Epoch: [52][60/357]  Loss:0.071 (Avg 0.0893) IoU:0.789 (Avg 0.7369) Dice:0.8747 (Avg 0.8345) LR 8.45e-05   (AvgTime 0.5)   
   [Train] Epoch: [52][80/357]  Loss:0.085 (Avg 0.0902) IoU:0.733 (Avg 0.7364) Dice:0.8375 (Avg 0.8342) LR 8.45e-05   (AvgTime 0.5)   
   [Train] Epoch: [52][100/357]  Loss:0.079 (Avg 0.0900) IoU:0.740 (Avg 0.7368) Dice:0.8409 (Avg 0.8344) LR 8.45e-05   (AvgTime 0.5)   
   [Train] Epoch: [52][120/357]  Loss:0.074 (Avg 0.0916) IoU:0.775 (Avg 0.7332) Dice:0.8593 (Avg 0.8313) LR 8.45e-05   (AvgTime 0.5)   
   [Train] Epoch: [52][140/357]  Loss:0.104 (Avg 0.0921) IoU:0.691 (Avg 0.7326) Dice:0.7912 (Avg 0.8305) LR 8.45e-05   (AvgTime 0.5)   
   [Train] Epoch: [52][160/357]  Loss:0.089 (Avg 0.0912) IoU:0.743 (Avg 0.7341) Dice:0.8395 (Avg 0.8319) LR 8.45e-05   (AvgTime 0.5)   
   [Train] Epoch: [52][180/357]  Loss:0.072 (Avg 0.0915) IoU:0.789 (Avg 0.7332) Dice:0.8718 (Avg 0.8310) LR 8.45e-05   (AvgTime 0.5)   
   [Train] Epoch: [52][200/357]  Loss:0.099 (Avg 0.0915) IoU:0.730 (Avg 0.7329) Dice:0.8291 (Avg 0.8309) LR 8.45e-05   (AvgTime 0.5)   
   [Train] Epoch: [52][220/357]  Loss:0.092 (Avg 0.0910) IoU:0.727 (Avg 0.7341) Dice:0.8359 (Avg 0.8318) LR 8.45e-05   (AvgTime 0.5)   
   [Train] Epoch: [52][240/357]  Loss:0.083 (Avg 0.0909) IoU:0.754 (Avg 0.7342) Dice:0.8428 (Avg 0.8318) LR 8.45e-05   (AvgTime 0.5)   
   [Train] Epoch: [52][260/357]  Loss:0.075 (Avg 0.0915) IoU:0.794 (Avg 0.7324) Dice:0.8634 (Avg 0.8304) LR 8.45e-05   (AvgTime 0.5)   
   [Train] Epoch: [52][280/357]  Loss:0.079 (Avg 0.0912) IoU:0.779 (Avg 0.7331) Dice:0.8632 (Avg 0.8310) LR 8.45e-05   (AvgTime 0.5)   
   [Train] Epoch: [52][300/357]  Loss:0.086 (Avg 0.0909) IoU:0.771 (Avg 0.7340) Dice:0.8517 (Avg 0.8316) LR 8.45e-05   (AvgTime 0.5)   
   [Train] Epoch: [52][320/357]  Loss:0.084 (Avg 0.0909) IoU:0.735 (Avg 0.7339) Dice:0.8414 (Avg 0.8315) LR 8.45e-05   (AvgTime 0.5)   
   [Train] Epoch: [52][340/357]  Loss:0.117 (Avg 0.0909) IoU:0.694 (Avg 0.7341) Dice:0.7933 (Avg 0.8318) LR 8.45e-05   (AvgTime 0.5)   
   [Train] Epoch: [52][357/357]  Loss:0.052 (Avg 0.0913) IoU:0.844 (Avg 0.7331) Dice:0.9126 (Avg 0.8311) LR 8.45e-05   (AvgTime 0.5)   
   [Train] Loss components: dice=0.144525, focal=0.038033, total=0.091279
Validation
   [Val] Epoch: [52][20/90]  Loss:0.147 (Avg 0.1122) IoU:0.648 (Avg 0.7043) Dice:0.7703 (Avg 0.8088) (AvgTime 0.3)   
   [Val] Epoch: [52][40/90]  Loss:0.096 (Avg 0.1147) IoU:0.733 (Avg 0.6948) Dice:0.8343 (Avg 0.7996) (AvgTime 0.2)   
   [Val] Epoch: [52][60/90]  Loss:0.148 (Avg 0.1091) IoU:0.649 (Avg 0.7056) Dice:0.7532 (Avg 0.8068) (AvgTime 0.2)   
   [Val] Epoch: [52][80/90]  Loss:0.130 (Avg 0.1103) IoU:0.673 (Avg 0.7034) Dice:0.7747 (Avg 0.8053) (AvgTime 0.2)   
   [Val] Epoch: [52][90/90]  Loss:0.147 (Avg 0.1116) IoU:0.583 (Avg 0.7015) Dice:0.7107 (Avg 0.8032) (AvgTime 0.2)   
   [Val] Loss components: dice=0.166669, focal=0.056517, total=0.111593
	 No iou improvement; selected epoch 44
	 early_stopping_count: 8/80
--- Epoch History (1..52) ---
Epoch |  TrainLoss |  TrainDice |  TrainIoU |    ValLoss |    ValDice |    ValIoU |         LR | Best
    1 |     0.2378 |     0.6073 |    0.4781 |     0.2212 |     0.6176 |    0.4873 |   3.00e-04 |     
    2 |     0.1754 |     0.6971 |    0.5727 |     0.1642 |     0.7061 |    0.5868 |   3.00e-04 |     
    3 |     0.1564 |     0.7248 |    0.6043 |     0.1373 |     0.7621 |    0.6492 |   3.00e-04 |     
    4 |     0.1512 |     0.7340 |    0.6154 |     0.1450 |     0.7555 |    0.6397 |   2.99e-04 |     
    5 |     0.1427 |     0.7474 |    0.6307 |     0.1478 |     0.7229 |    0.6010 |   2.98e-04 |     
    6 |     0.1390 |     0.7527 |    0.6372 |     0.1355 |     0.7500 |    0.6298 |   2.97e-04 |     
    7 |     0.1353 |     0.7589 |    0.6439 |     0.1369 |     0.7611 |    0.6439 |   2.96e-04 |     
    8 |     0.1328 |     0.7617 |    0.6475 |     0.1354 |     0.7518 |    0.6330 |   2.94e-04 |     
    9 |     0.1294 |     0.7676 |    0.6543 |     0.1259 |     0.7724 |    0.6623 |   2.92e-04 |     
   10 |     0.1295 |     0.7672 |    0.6539 |     0.1216 |     0.7861 |    0.6776 |   2.91e-04 |     
   11 |     0.1289 |     0.7699 |    0.6573 |     0.1227 |     0.7768 |    0.6660 |   2.88e-04 |     
   12 |     0.1259 |     0.7736 |    0.6616 |     0.1186 |     0.7928 |    0.6867 |   2.86e-04 |     
   13 |     0.1252 |     0.7750 |    0.6628 |     0.1353 |     0.7535 |    0.6352 |   2.83e-04 |     
   14 |     0.1232 |     0.7784 |    0.6678 |     0.1165 |     0.7837 |    0.6714 |   2.80e-04 |     
   15 |     0.1251 |     0.7742 |    0.6624 |     0.1190 |     0.7813 |    0.6712 |   2.77e-04 |     
   16 |     0.1215 |     0.7804 |    0.6697 |     0.1217 |     0.7897 |    0.6820 |   2.74e-04 |     
   17 |     0.1251 |     0.7760 |    0.6651 |     0.1343 |     0.7581 |    0.6458 |   2.71e-04 |     
   18 |     0.1198 |     0.7841 |    0.6743 |     0.1146 |     0.7928 |    0.6860 |   2.67e-04 |     
   19 |     0.1188 |     0.7853 |    0.6759 |     0.1158 |     0.7821 |    0.6716 |   2.63e-04 |     
   20 |     0.1162 |     0.7892 |    0.6812 |     0.1173 |     0.7890 |    0.6811 |   2.59e-04 |     
   21 |     0.1166 |     0.7883 |    0.6797 |     0.1159 |     0.7814 |    0.6698 |   2.55e-04 |     
   22 |     0.1165 |     0.7891 |    0.6807 |     0.1344 |     0.7703 |    0.6587 |   2.51e-04 |     
   23 |     0.1151 |     0.7912 |    0.6838 |     0.1108 |     0.7995 |    0.6952 |   2.46e-04 |     
   24 |     0.1139 |     0.7933 |    0.6855 |     0.1130 |     0.8017 |    0.6980 |   2.42e-04 |     
   25 |     0.1139 |     0.7934 |    0.6864 |     0.1150 |     0.7985 |    0.6949 |   2.37e-04 |     
   26 |     0.1126 |     0.7952 |    0.6882 |     0.1089 |     0.7988 |    0.6928 |   2.32e-04 |     
   27 |     0.1106 |     0.7984 |    0.6923 |     0.1083 |     0.8002 |    0.6945 |   2.27e-04 |     
   28 |     0.1117 |     0.7968 |    0.6907 |     0.1093 |     0.8014 |    0.6969 |   2.22e-04 |     
   29 |     0.1108 |     0.7982 |    0.6926 |     0.1124 |     0.7947 |    0.6863 |   2.17e-04 |     
   30 |     0.1098 |     0.7995 |    0.6939 |     0.1096 |     0.7995 |    0.6962 |   2.11e-04 |     
   31 |     0.1100 |     0.8004 |    0.6948 |     0.1204 |     0.7933 |    0.6865 |   2.06e-04 |     
   32 |     0.1078 |     0.8031 |    0.6977 |     0.1063 |     0.8077 |    0.7051 |   2.00e-04 |     
   33 |     0.1066 |     0.8052 |    0.7006 |     0.1119 |     0.7959 |    0.6884 |   1.94e-04 |     
   34 |     0.1059 |     0.8063 |    0.7019 |     0.1097 |     0.8017 |    0.6963 |   1.89e-04 |     
   35 |     0.1044 |     0.8089 |    0.7053 |     0.1052 |     0.8108 |    0.7082 |   1.83e-04 |     
   36 |     0.1040 |     0.8097 |    0.7064 |     0.1073 |     0.7999 |    0.6943 |   1.77e-04 |     
   37 |     0.1048 |     0.8085 |    0.7047 |     0.1086 |     0.7999 |    0.6950 |   1.71e-04 |     
   38 |     0.1035 |     0.8101 |    0.7068 |     0.1042 |     0.8094 |    0.7070 |   1.65e-04 |     
   39 |     0.1021 |     0.8125 |    0.7099 |     0.1052 |     0.8071 |    0.7047 |   1.59e-04 |     
   40 |     0.1014 |     0.8135 |    0.7112 |     0.1052 |     0.8101 |    0.7089 |   1.53e-04 |     
   41 |     0.1007 |     0.8154 |    0.7135 |     0.1046 |     0.8120 |    0.7110 |   1.48e-04 |     
   42 |     0.1002 |     0.8163 |    0.7143 |     0.1045 |     0.8106 |    0.7087 |   1.42e-04 |     
   43 |     0.0986 |     0.8183 |    0.7172 |     0.1072 |     0.8092 |    0.7077 |   1.36e-04 |     
   44 |     0.0976 |     0.8210 |    0.7201 |     0.1020 |     0.8183 |    0.7185 |   1.30e-04 |    *
   45 |     0.0973 |     0.8210 |    0.7204 |     0.1191 |     0.7921 |    0.6898 |   1.24e-04 |     
   46 |     0.0962 |     0.8230 |    0.7226 |     0.1033 |     0.8138 |    0.7140 |   1.18e-04 |     
   47 |     0.0954 |     0.8246 |    0.7249 |     0.1030 |     0.8082 |    0.7048 |   1.12e-04 |     
   48 |     0.0955 |     0.8241 |    0.7246 |     0.1029 |     0.8154 |    0.7143 |   1.07e-04 |     
   49 |     0.0943 |     0.8265 |    0.7277 |     0.1010 |     0.8167 |    0.7161 |   1.01e-04 |     
   50 |     0.0928 |     0.8293 |    0.7307 |     0.1054 |     0.8127 |    0.7122 |   9.54e-05 |     
   51 |     0.0922 |     0.8301 |    0.7320 |     0.1069 |     0.8143 |    0.7147 |   8.99e-05 |     
   52 |     0.0913 |     0.8311 |    0.7331 |     0.1116 |     0.8032 |    0.7015 |   8.45e-05 |     
--- R2 + image-value context regrouping with regroup_text anchors validation statistics ---
up4: ca=0.8968+/-0.0950, sa=1.0086+/-0.0074, amp=0.0000, suppress=0.0000, guide_abs=0.1423
up4 residuals: local_mean=5.445e-02, global_mean=0.0177, local_strength=0.1205, global_strength=0.1175, gain=[0.9897,1.0575], saturation=0.0184, text_film=0.0198
up4 haar: reconstruction_error=9.537e-07, skip_low/high=0.8092/0.1908, plam_low/high=1.0000/0.0000
up4 strengths: plam=0.9116, region=0.1205, detail=0.1175; residual_std region/detail/refine=0.3248/0.3630/0.2980
up4 guide_mix: entropy=0.9770, raw_low=0.2979, plam_low=0.2615, decoder_low=0.2919, detail=0.1487; agreement plam/decoder=0.6971/0.4108, support=0.7956+/-0.0540
up4 adaptive_frequency: ALPF strength=0.2518, weights=0.1457/0.7200/0.1343, sum=1.0000, entropy=0.7155, delta_std=0.0740; AHPF strength=0.0795, weights=0.2802/0.5519/0.1678, sum=1.0000, entropy=0.8907, residual_std=0.0942, scaled_std=0.0075
up3: ca=0.9997+/-0.1520, sa=1.0088+/-0.0037, amp=0.0000, suppress=0.0000, guide_abs=0.2591
up3 residuals: local_mean=1.876e-02, global_mean=0.0542, local_strength=0.1192, global_strength=0.1221, gain=[0.9916,1.0338], saturation=0.0000, text_film=0.0283
up3 haar: reconstruction_error=9.537e-07, skip_low/high=0.7973/0.2027, plam_low/high=1.0000/0.0000
up3 strengths: plam=0.8858, region=0.1192, detail=0.1221; residual_std region/detail/refine=0.3488/0.5585/0.5006
up3 guide_mix: entropy=0.9787, raw_low=0.3272, plam_low=0.2460, decoder_low=0.2658, detail=0.1610; agreement plam/decoder=0.0388/-0.0431, support=0.6683+/-0.0784
up3 adaptive_frequency: ALPF strength=0.2943, weights=0.1053/0.3509/0.5438, sum=1.0000, entropy=0.7728, delta_std=0.0620; AHPF strength=0.1020, weights=0.6804/0.2045/0.1150, sum=1.0000, entropy=0.6983, residual_std=0.0651, scaled_std=0.0066
up2: ca=0.9041+/-0.1094, sa=1.0045+/-0.0032, amp=0.0000, suppress=0.0000, guide_abs=0.1599
up2 residuals: local_mean=6.591e-03, global_mean=0.0322, local_strength=0.1184, global_strength=0.1144, gain=[0.9678,1.0360], saturation=0.0000, text_film=0.0251
up2 haar: reconstruction_error=9.537e-07, skip_low/high=0.7829/0.2171, plam_low/high=1.0000/0.0000
up2 strengths: plam=0.8150, region=0.1184, detail=0.1144; residual_std region/detail/refine=0.1805/0.2512/0.1164
up2 guide_mix: entropy=0.9243, raw_low=0.2939, plam_low=0.1379, decoder_low=0.4191, detail=0.1492; agreement plam/decoder=0.6214/-0.0408, support=0.5571+/-0.0403
up1: ca=0.8338+/-0.1288, sa=1.0035+/-0.0105, amp=0.0000, suppress=0.0000, guide_abs=0.1997
up1 residuals: local_mean=1.286e-03, global_mean=0.0433, local_strength=0.1272, global_strength=0.0787, gain=[0.9236,1.0769], saturation=0.0269, text_film=0.0318
up1 haar: reconstruction_error=2.176e-06, skip_low/high=0.7244/0.2756, plam_low/high=1.0000/0.0000
up1 strengths: plam=0.9302, region=0.1272, detail=0.0787; residual_std region/detail/refine=0.5358/0.3910/0.1580
up1 guide_mix: entropy=0.9575, raw_low=0.2850, plam_low=0.2629, decoder_low=0.3342, detail=0.1179; agreement plam/decoder=0.6460/0.1228, support=0.7207+/-0.0962

========= Epoch [53/80] =========
M2_Test_session_09.13_22h33
Training with batch size : 16
   [Train] Epoch: [53][20/357]  Loss:0.089 (Avg 0.0895) IoU:0.736 (Avg 0.7405) Dice:0.8356 (Avg 0.8355) LR 7.92e-05   (AvgTime 0.6)   
   [Train] Epoch: [53][40/357]  Loss:0.079 (Avg 0.0888) IoU:0.772 (Avg 0.7409) Dice:0.8543 (Avg 0.8372) LR 7.92e-05   (AvgTime 0.6)   
   [Train] Epoch: [53][60/357]  Loss:0.083 (Avg 0.0899) IoU:0.751 (Avg 0.7377) Dice:0.8517 (Avg 0.8346) LR 7.92e-05   (AvgTime 0.6)   
   [Train] Epoch: [53][80/357]  Loss:0.078 (Avg 0.0908) IoU:0.762 (Avg 0.7337) Dice:0.8505 (Avg 0.8320) LR 7.92e-05   (AvgTime 0.5)   
   [Train] Epoch: [53][100/357]  Loss:0.091 (Avg 0.0908) IoU:0.742 (Avg 0.7333) Dice:0.8401 (Avg 0.8321) LR 7.92e-05   (AvgTime 0.5)   
   [Train] Epoch: [53][120/357]  Loss:0.066 (Avg 0.0909) IoU:0.779 (Avg 0.7333) Dice:0.8702 (Avg 0.8322) LR 7.92e-05   (AvgTime 0.5)   
   [Train] Epoch: [53][140/357]  Loss:0.107 (Avg 0.0905) IoU:0.656 (Avg 0.7339) Dice:0.7737 (Avg 0.8327) LR 7.92e-05   (AvgTime 0.5)   
   [Train] Epoch: [53][160/357]  Loss:0.064 (Avg 0.0903) IoU:0.796 (Avg 0.7350) Dice:0.8797 (Avg 0.8333) LR 7.92e-05   (AvgTime 0.5)   
   [Train] Epoch: [53][180/357]  Loss:0.082 (Avg 0.0897) IoU:0.742 (Avg 0.7362) Dice:0.8416 (Avg 0.8343) LR 7.92e-05   (AvgTime 0.5)   
   [Train] Epoch: [53][200/357]  Loss:0.073 (Avg 0.0898) IoU:0.788 (Avg 0.7363) Dice:0.8738 (Avg 0.8344) LR 7.92e-05   (AvgTime 0.5)   
   [Train] Epoch: [53][220/357]  Loss:0.062 (Avg 0.0895) IoU:0.795 (Avg 0.7374) Dice:0.8803 (Avg 0.8350) LR 7.92e-05   (AvgTime 0.5)   
   [Train] Epoch: [53][240/357]  Loss:0.075 (Avg 0.0900) IoU:0.770 (Avg 0.7361) Dice:0.8637 (Avg 0.8339) LR 7.92e-05   (AvgTime 0.5)   
   [Train] Epoch: [53][260/357]  Loss:0.097 (Avg 0.0900) IoU:0.710 (Avg 0.7362) Dice:0.8180 (Avg 0.8339) LR 7.92e-05   (AvgTime 0.5)   
   [Train] Epoch: [53][280/357]  Loss:0.079 (Avg 0.0899) IoU:0.756 (Avg 0.7363) Dice:0.8559 (Avg 0.8340) LR 7.92e-05   (AvgTime 0.5)   
   [Train] Epoch: [53][300/357]  Loss:0.113 (Avg 0.0903) IoU:0.666 (Avg 0.7354) Dice:0.7790 (Avg 0.8331) LR 7.92e-05   (AvgTime 0.5)   
   [Train] Epoch: [53][320/357]  Loss:0.083 (Avg 0.0903) IoU:0.749 (Avg 0.7353) Dice:0.8448 (Avg 0.8331) LR 7.92e-05   (AvgTime 0.5)   
   [Train] Epoch: [53][340/357]  Loss:0.085 (Avg 0.0905) IoU:0.763 (Avg 0.7355) Dice:0.8322 (Avg 0.8331) LR 7.92e-05   (AvgTime 0.5)   
   [Train] Epoch: [53][357/357]  Loss:0.078 (Avg 0.0901) IoU:0.759 (Avg 0.7364) Dice:0.8537 (Avg 0.8338) LR 7.92e-05   (AvgTime 0.5)   
   [Train] Loss components: dice=0.142217, focal=0.037904, total=0.090061
Validation
   [Val] Epoch: [53][20/90]  Loss:0.128 (Avg 0.1017) IoU:0.676 (Avg 0.7250) Dice:0.7913 (Avg 0.8262) (AvgTime 0.2)   
   [Val] Epoch: [53][40/90]  Loss:0.089 (Avg 0.1088) IoU:0.726 (Avg 0.7074) Dice:0.8273 (Avg 0.8099) (AvgTime 0.2)   
   [Val] Epoch: [53][60/90]  Loss:0.134 (Avg 0.1016) IoU:0.656 (Avg 0.7188) Dice:0.7603 (Avg 0.8174) (AvgTime 0.2)   
   [Val] Epoch: [53][80/90]  Loss:0.093 (Avg 0.1000) IoU:0.718 (Avg 0.7185) Dice:0.8210 (Avg 0.8177) (AvgTime 0.2)   
   [Val] Epoch: [53][90/90]  Loss:0.127 (Avg 0.0999) IoU:0.634 (Avg 0.7188) Dice:0.7608 (Avg 0.8179) (AvgTime 0.2)   
   [Val] Loss components: dice=0.155474, focal=0.044316, total=0.099895
	 Saving best model by iou: 0.718753
	 Saving to Covid19/BetterLViT/m2_text_regroup/M2_Test_session_09.13_22h33/models//best_model-BetterLViT.pth.tar
	 early_stopping_count: 0/80
--- Epoch History (1..53) ---
Epoch |  TrainLoss |  TrainDice |  TrainIoU |    ValLoss |    ValDice |    ValIoU |         LR | Best
    1 |     0.2378 |     0.6073 |    0.4781 |     0.2212 |     0.6176 |    0.4873 |   3.00e-04 |     
    2 |     0.1754 |     0.6971 |    0.5727 |     0.1642 |     0.7061 |    0.5868 |   3.00e-04 |     
    3 |     0.1564 |     0.7248 |    0.6043 |     0.1373 |     0.7621 |    0.6492 |   3.00e-04 |     
    4 |     0.1512 |     0.7340 |    0.6154 |     0.1450 |     0.7555 |    0.6397 |   2.99e-04 |     
    5 |     0.1427 |     0.7474 |    0.6307 |     0.1478 |     0.7229 |    0.6010 |   2.98e-04 |     
    6 |     0.1390 |     0.7527 |    0.6372 |     0.1355 |     0.7500 |    0.6298 |   2.97e-04 |     
    7 |     0.1353 |     0.7589 |    0.6439 |     0.1369 |     0.7611 |    0.6439 |   2.96e-04 |     
    8 |     0.1328 |     0.7617 |    0.6475 |     0.1354 |     0.7518 |    0.6330 |   2.94e-04 |     
    9 |     0.1294 |     0.7676 |    0.6543 |     0.1259 |     0.7724 |    0.6623 |   2.92e-04 |     
   10 |     0.1295 |     0.7672 |    0.6539 |     0.1216 |     0.7861 |    0.6776 |   2.91e-04 |     
   11 |     0.1289 |     0.7699 |    0.6573 |     0.1227 |     0.7768 |    0.6660 |   2.88e-04 |     
   12 |     0.1259 |     0.7736 |    0.6616 |     0.1186 |     0.7928 |    0.6867 |   2.86e-04 |     
   13 |     0.1252 |     0.7750 |    0.6628 |     0.1353 |     0.7535 |    0.6352 |   2.83e-04 |     
   14 |     0.1232 |     0.7784 |    0.6678 |     0.1165 |     0.7837 |    0.6714 |   2.80e-04 |     
   15 |     0.1251 |     0.7742 |    0.6624 |     0.1190 |     0.7813 |    0.6712 |   2.77e-04 |     
   16 |     0.1215 |     0.7804 |    0.6697 |     0.1217 |     0.7897 |    0.6820 |   2.74e-04 |     
   17 |     0.1251 |     0.7760 |    0.6651 |     0.1343 |     0.7581 |    0.6458 |   2.71e-04 |     
   18 |     0.1198 |     0.7841 |    0.6743 |     0.1146 |     0.7928 |    0.6860 |   2.67e-04 |     
   19 |     0.1188 |     0.7853 |    0.6759 |     0.1158 |     0.7821 |    0.6716 |   2.63e-04 |     
   20 |     0.1162 |     0.7892 |    0.6812 |     0.1173 |     0.7890 |    0.6811 |   2.59e-04 |     
   21 |     0.1166 |     0.7883 |    0.6797 |     0.1159 |     0.7814 |    0.6698 |   2.55e-04 |     
   22 |     0.1165 |     0.7891 |    0.6807 |     0.1344 |     0.7703 |    0.6587 |   2.51e-04 |     
   23 |     0.1151 |     0.7912 |    0.6838 |     0.1108 |     0.7995 |    0.6952 |   2.46e-04 |     
   24 |     0.1139 |     0.7933 |    0.6855 |     0.1130 |     0.8017 |    0.6980 |   2.42e-04 |     
   25 |     0.1139 |     0.7934 |    0.6864 |     0.1150 |     0.7985 |    0.6949 |   2.37e-04 |     
   26 |     0.1126 |     0.7952 |    0.6882 |     0.1089 |     0.7988 |    0.6928 |   2.32e-04 |     
   27 |     0.1106 |     0.7984 |    0.6923 |     0.1083 |     0.8002 |    0.6945 |   2.27e-04 |     
   28 |     0.1117 |     0.7968 |    0.6907 |     0.1093 |     0.8014 |    0.6969 |   2.22e-04 |     
   29 |     0.1108 |     0.7982 |    0.6926 |     0.1124 |     0.7947 |    0.6863 |   2.17e-04 |     
   30 |     0.1098 |     0.7995 |    0.6939 |     0.1096 |     0.7995 |    0.6962 |   2.11e-04 |     
   31 |     0.1100 |     0.8004 |    0.6948 |     0.1204 |     0.7933 |    0.6865 |   2.06e-04 |     
   32 |     0.1078 |     0.8031 |    0.6977 |     0.1063 |     0.8077 |    0.7051 |   2.00e-04 |     
   33 |     0.1066 |     0.8052 |    0.7006 |     0.1119 |     0.7959 |    0.6884 |   1.94e-04 |     
   34 |     0.1059 |     0.8063 |    0.7019 |     0.1097 |     0.8017 |    0.6963 |   1.89e-04 |     
   35 |     0.1044 |     0.8089 |    0.7053 |     0.1052 |     0.8108 |    0.7082 |   1.83e-04 |     
   36 |     0.1040 |     0.8097 |    0.7064 |     0.1073 |     0.7999 |    0.6943 |   1.77e-04 |     
   37 |     0.1048 |     0.8085 |    0.7047 |     0.1086 |     0.7999 |    0.6950 |   1.71e-04 |     
   38 |     0.1035 |     0.8101 |    0.7068 |     0.1042 |     0.8094 |    0.7070 |   1.65e-04 |     
   39 |     0.1021 |     0.8125 |    0.7099 |     0.1052 |     0.8071 |    0.7047 |   1.59e-04 |     
   40 |     0.1014 |     0.8135 |    0.7112 |     0.1052 |     0.8101 |    0.7089 |   1.53e-04 |     
   41 |     0.1007 |     0.8154 |    0.7135 |     0.1046 |     0.8120 |    0.7110 |   1.48e-04 |     
   42 |     0.1002 |     0.8163 |    0.7143 |     0.1045 |     0.8106 |    0.7087 |   1.42e-04 |     
   43 |     0.0986 |     0.8183 |    0.7172 |     0.1072 |     0.8092 |    0.7077 |   1.36e-04 |     
   44 |     0.0976 |     0.8210 |    0.7201 |     0.1020 |     0.8183 |    0.7185 |   1.30e-04 |     
   45 |     0.0973 |     0.8210 |    0.7204 |     0.1191 |     0.7921 |    0.6898 |   1.24e-04 |     
   46 |     0.0962 |     0.8230 |    0.7226 |     0.1033 |     0.8138 |    0.7140 |   1.18e-04 |     
   47 |     0.0954 |     0.8246 |    0.7249 |     0.1030 |     0.8082 |    0.7048 |   1.12e-04 |     
   48 |     0.0955 |     0.8241 |    0.7246 |     0.1029 |     0.8154 |    0.7143 |   1.07e-04 |     
   49 |     0.0943 |     0.8265 |    0.7277 |     0.1010 |     0.8167 |    0.7161 |   1.01e-04 |     
   50 |     0.0928 |     0.8293 |    0.7307 |     0.1054 |     0.8127 |    0.7122 |   9.54e-05 |     
   51 |     0.0922 |     0.8301 |    0.7320 |     0.1069 |     0.8143 |    0.7147 |   8.99e-05 |     
   52 |     0.0913 |     0.8311 |    0.7331 |     0.1116 |     0.8032 |    0.7015 |   8.45e-05 |     
   53 |     0.0901 |     0.8338 |    0.7364 |     0.0999 |     0.8179 |    0.7188 |   7.92e-05 |    *
--- R2 + image-value context regrouping with regroup_text anchors validation statistics ---
up4: ca=0.8971+/-0.1033, sa=1.0087+/-0.0071, amp=0.0000, suppress=0.0000, guide_abs=0.1445
up4 residuals: local_mean=5.427e-02, global_mean=0.0192, local_strength=0.1205, global_strength=0.1176, gain=[0.9879,1.0584], saturation=0.0184, text_film=0.0198
up4 haar: reconstruction_error=9.537e-07, skip_low/high=0.8029/0.1971, plam_low/high=1.0000/0.0000
up4 strengths: plam=0.9117, region=0.1205, detail=0.1176; residual_std region/detail/refine=0.3190/0.3790/0.3046
up4 guide_mix: entropy=0.9800, raw_low=0.3096, plam_low=0.2534, decoder_low=0.2788, detail=0.1581; agreement plam/decoder=0.6627/0.3196, support=0.7964+/-0.0537
up4 adaptive_frequency: ALPF strength=0.2522, weights=0.1435/0.7209/0.1356, sum=1.0000, entropy=0.7144, delta_std=0.0776; AHPF strength=0.0795, weights=0.2872/0.5462/0.1667, sum=1.0000, entropy=0.8937, residual_std=0.1010, scaled_std=0.0080
up3: ca=0.9890+/-0.1566, sa=1.0093+/-0.0037, amp=0.0000, suppress=0.0000, guide_abs=0.2657
up3 residuals: local_mean=1.963e-02, global_mean=0.0570, local_strength=0.1192, global_strength=0.1221, gain=[0.9949,1.0318], saturation=0.0003, text_film=0.0336
up3 haar: reconstruction_error=9.537e-07, skip_low/high=0.7957/0.2043, plam_low/high=1.0000/0.0000
up3 strengths: plam=0.8857, region=0.1192, detail=0.1221; residual_std region/detail/refine=0.3456/0.5673/0.5060
up3 guide_mix: entropy=0.9791, raw_low=0.3284, plam_low=0.2436, decoder_low=0.2649, detail=0.1631; agreement plam/decoder=-0.0076/-0.0548, support=0.6741+/-0.0766
up3 adaptive_frequency: ALPF strength=0.2948, weights=0.0968/0.3358/0.5674, sum=1.0000, entropy=0.7403, delta_std=0.0684; AHPF strength=0.1021, weights=0.6616/0.2105/0.1279, sum=1.0000, entropy=0.7213, residual_std=0.0729, scaled_std=0.0074
up2: ca=0.9073+/-0.1041, sa=1.0046+/-0.0031, amp=0.0000, suppress=0.0000, guide_abs=0.1625
up2 residuals: local_mean=6.346e-03, global_mean=0.0334, local_strength=0.1184, global_strength=0.1144, gain=[0.9715,1.0344], saturation=0.0000, text_film=0.0247
up2 haar: reconstruction_error=9.537e-07, skip_low/high=0.7889/0.2111, plam_low/high=1.0000/0.0000
up2 strengths: plam=0.8144, region=0.1184, detail=0.1144; residual_std region/detail/refine=0.1769/0.2564/0.1158
up2 guide_mix: entropy=0.9282, raw_low=0.2934, plam_low=0.1423, decoder_low=0.4144, detail=0.1499; agreement plam/decoder=0.5621/0.0543, support=0.5567+/-0.0388
up1: ca=0.8261+/-0.1229, sa=1.0035+/-0.0106, amp=0.0000, suppress=0.0000, guide_abs=0.2243
up1 residuals: local_mean=1.435e-03, global_mean=0.0435, local_strength=0.1272, global_strength=0.0786, gain=[0.9236,1.0768], saturation=0.0391, text_film=0.0340
up1 haar: reconstruction_error=2.325e-06, skip_low/high=0.7229/0.2771, plam_low/high=1.0000/0.0000
up1 strengths: plam=0.9300, region=0.1272, detail=0.0786; residual_std region/detail/refine=0.5786/0.4009/0.1582
up1 guide_mix: entropy=0.9548, raw_low=0.2789, plam_low=0.2650, decoder_low=0.3411, detail=0.1149; agreement plam/decoder=0.5867/0.0751, support=0.7368+/-0.0970

========= Epoch [54/80] =========
M2_Test_session_09.13_22h33
Training with batch size : 16
   [Train] Epoch: [54][20/357]  Loss:0.085 (Avg 0.0909) IoU:0.741 (Avg 0.7343) Dice:0.8353 (Avg 0.8330) LR 7.40e-05   (AvgTime 0.6)   
   [Train] Epoch: [54][40/357]  Loss:0.054 (Avg 0.0880) IoU:0.830 (Avg 0.7404) Dice:0.9044 (Avg 0.8373) LR 7.40e-05   (AvgTime 0.6)   
   [Train] Epoch: [54][60/357]  Loss:0.090 (Avg 0.0906) IoU:0.733 (Avg 0.7340) Dice:0.8380 (Avg 0.8326) LR 7.40e-05   (AvgTime 0.6)   
   [Train] Epoch: [54][80/357]  Loss:0.070 (Avg 0.0892) IoU:0.791 (Avg 0.7371) Dice:0.8795 (Avg 0.8354) LR 7.40e-05   (AvgTime 0.6)   
   [Train] Epoch: [54][100/357]  Loss:0.095 (Avg 0.0896) IoU:0.708 (Avg 0.7367) Dice:0.8089 (Avg 0.8344) LR 7.40e-05   (AvgTime 0.6)   
   [Train] Epoch: [54][120/357]  Loss:0.071 (Avg 0.0885) IoU:0.781 (Avg 0.7395) Dice:0.8710 (Avg 0.8364) LR 7.40e-05   (AvgTime 0.6)   
   [Train] Epoch: [54][140/357]  Loss:0.093 (Avg 0.0883) IoU:0.707 (Avg 0.7395) Dice:0.8139 (Avg 0.8364) LR 7.40e-05   (AvgTime 0.6)   
   [Train] Epoch: [54][160/357]  Loss:0.076 (Avg 0.0877) IoU:0.772 (Avg 0.7415) Dice:0.8625 (Avg 0.8380) LR 7.40e-05   (AvgTime 0.6)   
   [Train] Epoch: [54][180/357]  Loss:0.076 (Avg 0.0877) IoU:0.774 (Avg 0.7419) Dice:0.8617 (Avg 0.8379) LR 7.40e-05   (AvgTime 0.6)   
   [Train] Epoch: [54][200/357]  Loss:0.071 (Avg 0.0883) IoU:0.776 (Avg 0.7398) Dice:0.8657 (Avg 0.8365) LR 7.40e-05   (AvgTime 0.6)   
   [Train] Epoch: [54][220/357]  Loss:0.060 (Avg 0.0876) IoU:0.813 (Avg 0.7416) Dice:0.8896 (Avg 0.8378) LR 7.40e-05   (AvgTime 0.6)   
   [Train] Epoch: [54][240/357]  Loss:0.099 (Avg 0.0882) IoU:0.743 (Avg 0.7403) Dice:0.8305 (Avg 0.8366) LR 7.40e-05   (AvgTime 0.5)   
   [Train] Epoch: [54][260/357]  Loss:0.110 (Avg 0.0884) IoU:0.667 (Avg 0.7397) Dice:0.7839 (Avg 0.8363) LR 7.40e-05   (AvgTime 0.5)   
   [Train] Epoch: [54][280/357]  Loss:0.104 (Avg 0.0888) IoU:0.730 (Avg 0.7387) Dice:0.8214 (Avg 0.8355) LR 7.40e-05   (AvgTime 0.5)   
   [Train] Epoch: [54][300/357]  Loss:0.072 (Avg 0.0891) IoU:0.776 (Avg 0.7381) Dice:0.8655 (Avg 0.8349) LR 7.40e-05   (AvgTime 0.5)   
   [Train] Epoch: [54][320/357]  Loss:0.059 (Avg 0.0895) IoU:0.811 (Avg 0.7369) Dice:0.8912 (Avg 0.8341) LR 7.40e-05   (AvgTime 0.5)   
   [Train] Epoch: [54][340/357]  Loss:0.116 (Avg 0.0894) IoU:0.672 (Avg 0.7372) Dice:0.7821 (Avg 0.8343) LR 7.40e-05   (AvgTime 0.5)   
   [Train] Epoch: [54][357/357]  Loss:0.076 (Avg 0.0893) IoU:0.782 (Avg 0.7376) Dice:0.8643 (Avg 0.8345) LR 7.40e-05   (AvgTime 0.5)   
   [Train] Loss components: dice=0.141271, focal=0.037368, total=0.089320
Validation
   [Val] Epoch: [54][20/90]  Loss:0.120 (Avg 0.1027) IoU:0.679 (Avg 0.7229) Dice:0.7931 (Avg 0.8249) (AvgTime 0.3)   
   [Val] Epoch: [54][40/90]  Loss:0.089 (Avg 0.1078) IoU:0.736 (Avg 0.7071) Dice:0.8356 (Avg 0.8101) (AvgTime 0.2)   
   [Val] Epoch: [54][60/90]  Loss:0.134 (Avg 0.1012) IoU:0.661 (Avg 0.7183) Dice:0.7655 (Avg 0.8174) (AvgTime 0.2)   
   [Val] Epoch: [54][80/90]  Loss:0.098 (Avg 0.1003) IoU:0.706 (Avg 0.7172) Dice:0.8115 (Avg 0.8167) (AvgTime 0.2)   
   [Val] Epoch: [54][90/90]  Loss:0.135 (Avg 0.1002) IoU:0.602 (Avg 0.7174) Dice:0.7319 (Avg 0.8169) (AvgTime 0.2)   
   [Val] Loss components: dice=0.156041, focal=0.044386, total=0.100213
	 No iou improvement; selected epoch 53
	 early_stopping_count: 1/80
--- Epoch History (1..54) ---
Epoch |  TrainLoss |  TrainDice |  TrainIoU |    ValLoss |    ValDice |    ValIoU |         LR | Best
    1 |     0.2378 |     0.6073 |    0.4781 |     0.2212 |     0.6176 |    0.4873 |   3.00e-04 |     
    2 |     0.1754 |     0.6971 |    0.5727 |     0.1642 |     0.7061 |    0.5868 |   3.00e-04 |     
    3 |     0.1564 |     0.7248 |    0.6043 |     0.1373 |     0.7621 |    0.6492 |   3.00e-04 |     
    4 |     0.1512 |     0.7340 |    0.6154 |     0.1450 |     0.7555 |    0.6397 |   2.99e-04 |     
    5 |     0.1427 |     0.7474 |    0.6307 |     0.1478 |     0.7229 |    0.6010 |   2.98e-04 |     
    6 |     0.1390 |     0.7527 |    0.6372 |     0.1355 |     0.7500 |    0.6298 |   2.97e-04 |     
    7 |     0.1353 |     0.7589 |    0.6439 |     0.1369 |     0.7611 |    0.6439 |   2.96e-04 |     
    8 |     0.1328 |     0.7617 |    0.6475 |     0.1354 |     0.7518 |    0.6330 |   2.94e-04 |     
    9 |     0.1294 |     0.7676 |    0.6543 |     0.1259 |     0.7724 |    0.6623 |   2.92e-04 |     
   10 |     0.1295 |     0.7672 |    0.6539 |     0.1216 |     0.7861 |    0.6776 |   2.91e-04 |     
   11 |     0.1289 |     0.7699 |    0.6573 |     0.1227 |     0.7768 |    0.6660 |   2.88e-04 |     
   12 |     0.1259 |     0.7736 |    0.6616 |     0.1186 |     0.7928 |    0.6867 |   2.86e-04 |     
   13 |     0.1252 |     0.7750 |    0.6628 |     0.1353 |     0.7535 |    0.6352 |   2.83e-04 |     
   14 |     0.1232 |     0.7784 |    0.6678 |     0.1165 |     0.7837 |    0.6714 |   2.80e-04 |     
   15 |     0.1251 |     0.7742 |    0.6624 |     0.1190 |     0.7813 |    0.6712 |   2.77e-04 |     
   16 |     0.1215 |     0.7804 |    0.6697 |     0.1217 |     0.7897 |    0.6820 |   2.74e-04 |     
   17 |     0.1251 |     0.7760 |    0.6651 |     0.1343 |     0.7581 |    0.6458 |   2.71e-04 |     
   18 |     0.1198 |     0.7841 |    0.6743 |     0.1146 |     0.7928 |    0.6860 |   2.67e-04 |     
   19 |     0.1188 |     0.7853 |    0.6759 |     0.1158 |     0.7821 |    0.6716 |   2.63e-04 |     
   20 |     0.1162 |     0.7892 |    0.6812 |     0.1173 |     0.7890 |    0.6811 |   2.59e-04 |     
   21 |     0.1166 |     0.7883 |    0.6797 |     0.1159 |     0.7814 |    0.6698 |   2.55e-04 |     
   22 |     0.1165 |     0.7891 |    0.6807 |     0.1344 |     0.7703 |    0.6587 |   2.51e-04 |     
   23 |     0.1151 |     0.7912 |    0.6838 |     0.1108 |     0.7995 |    0.6952 |   2.46e-04 |     
   24 |     0.1139 |     0.7933 |    0.6855 |     0.1130 |     0.8017 |    0.6980 |   2.42e-04 |     
   25 |     0.1139 |     0.7934 |    0.6864 |     0.1150 |     0.7985 |    0.6949 |   2.37e-04 |     
   26 |     0.1126 |     0.7952 |    0.6882 |     0.1089 |     0.7988 |    0.6928 |   2.32e-04 |     
   27 |     0.1106 |     0.7984 |    0.6923 |     0.1083 |     0.8002 |    0.6945 |   2.27e-04 |     
   28 |     0.1117 |     0.7968 |    0.6907 |     0.1093 |     0.8014 |    0.6969 |   2.22e-04 |     
   29 |     0.1108 |     0.7982 |    0.6926 |     0.1124 |     0.7947 |    0.6863 |   2.17e-04 |     
   30 |     0.1098 |     0.7995 |    0.6939 |     0.1096 |     0.7995 |    0.6962 |   2.11e-04 |     
   31 |     0.1100 |     0.8004 |    0.6948 |     0.1204 |     0.7933 |    0.6865 |   2.06e-04 |     
   32 |     0.1078 |     0.8031 |    0.6977 |     0.1063 |     0.8077 |    0.7051 |   2.00e-04 |     
   33 |     0.1066 |     0.8052 |    0.7006 |     0.1119 |     0.7959 |    0.6884 |   1.94e-04 |     
   34 |     0.1059 |     0.8063 |    0.7019 |     0.1097 |     0.8017 |    0.6963 |   1.89e-04 |     
   35 |     0.1044 |     0.8089 |    0.7053 |     0.1052 |     0.8108 |    0.7082 |   1.83e-04 |     
   36 |     0.1040 |     0.8097 |    0.7064 |     0.1073 |     0.7999 |    0.6943 |   1.77e-04 |     
   37 |     0.1048 |     0.8085 |    0.7047 |     0.1086 |     0.7999 |    0.6950 |   1.71e-04 |     
   38 |     0.1035 |     0.8101 |    0.7068 |     0.1042 |     0.8094 |    0.7070 |   1.65e-04 |     
   39 |     0.1021 |     0.8125 |    0.7099 |     0.1052 |     0.8071 |    0.7047 |   1.59e-04 |     
   40 |     0.1014 |     0.8135 |    0.7112 |     0.1052 |     0.8101 |    0.7089 |   1.53e-04 |     
   41 |     0.1007 |     0.8154 |    0.7135 |     0.1046 |     0.8120 |    0.7110 |   1.48e-04 |     
   42 |     0.1002 |     0.8163 |    0.7143 |     0.1045 |     0.8106 |    0.7087 |   1.42e-04 |     
   43 |     0.0986 |     0.8183 |    0.7172 |     0.1072 |     0.8092 |    0.7077 |   1.36e-04 |     
   44 |     0.0976 |     0.8210 |    0.7201 |     0.1020 |     0.8183 |    0.7185 |   1.30e-04 |     
   45 |     0.0973 |     0.8210 |    0.7204 |     0.1191 |     0.7921 |    0.6898 |   1.24e-04 |     
   46 |     0.0962 |     0.8230 |    0.7226 |     0.1033 |     0.8138 |    0.7140 |   1.18e-04 |     
   47 |     0.0954 |     0.8246 |    0.7249 |     0.1030 |     0.8082 |    0.7048 |   1.12e-04 |     
   48 |     0.0955 |     0.8241 |    0.7246 |     0.1029 |     0.8154 |    0.7143 |   1.07e-04 |     
   49 |     0.0943 |     0.8265 |    0.7277 |     0.1010 |     0.8167 |    0.7161 |   1.01e-04 |     
   50 |     0.0928 |     0.8293 |    0.7307 |     0.1054 |     0.8127 |    0.7122 |   9.54e-05 |     
   51 |     0.0922 |     0.8301 |    0.7320 |     0.1069 |     0.8143 |    0.7147 |   8.99e-05 |     
   52 |     0.0913 |     0.8311 |    0.7331 |     0.1116 |     0.8032 |    0.7015 |   8.45e-05 |     
   53 |     0.0901 |     0.8338 |    0.7364 |     0.0999 |     0.8179 |    0.7188 |   7.92e-05 |    *
   54 |     0.0893 |     0.8345 |    0.7376 |     0.1002 |     0.8169 |    0.7174 |   7.40e-05 |     
--- R2 + image-value context regrouping with regroup_text anchors validation statistics ---
up4: ca=0.9010+/-0.0954, sa=1.0087+/-0.0072, amp=0.0000, suppress=0.0000, guide_abs=0.1507
up4 residuals: local_mean=5.510e-02, global_mean=0.0181, local_strength=0.1206, global_strength=0.1178, gain=[0.9885,1.0563], saturation=0.0163, text_film=0.0201
up4 haar: reconstruction_error=9.537e-07, skip_low/high=0.8043/0.1957, plam_low/high=1.0000/0.0000
up4 strengths: plam=0.9117, region=0.1206, detail=0.1178; residual_std region/detail/refine=0.3313/0.3740/0.3016
up4 guide_mix: entropy=0.9787, raw_low=0.3057, plam_low=0.2497, decoder_low=0.2894, detail=0.1552; agreement plam/decoder=0.6446/0.4108, support=0.8185+/-0.0518
up4 adaptive_frequency: ALPF strength=0.2524, weights=0.1383/0.7256/0.1362, sum=1.0000, entropy=0.7075, delta_std=0.0776; AHPF strength=0.0794, weights=0.2934/0.5412/0.1654, sum=1.0000, entropy=0.8964, residual_std=0.0963, scaled_std=0.0077
up3: ca=0.9882+/-0.1542, sa=1.0091+/-0.0037, amp=0.0000, suppress=0.0000, guide_abs=0.2588
up3 residuals: local_mean=1.909e-02, global_mean=0.0560, local_strength=0.1192, global_strength=0.1222, gain=[0.9931,1.0326], saturation=0.0000, text_film=0.0302
up3 haar: reconstruction_error=9.537e-07, skip_low/high=0.7943/0.2057, plam_low/high=1.0000/0.0000
up3 strengths: plam=0.8855, region=0.1192, detail=0.1222; residual_std region/detail/refine=0.3383/0.5587/0.4973
up3 guide_mix: entropy=0.9793, raw_low=0.3313, plam_low=0.2452, decoder_low=0.2587, detail=0.1647; agreement plam/decoder=-0.0186/-0.0294, support=0.6718+/-0.0755
up3 adaptive_frequency: ALPF strength=0.2954, weights=0.0934/0.3334/0.5732, sum=1.0000, entropy=0.7344, delta_std=0.0651; AHPF strength=0.1021, weights=0.6506/0.2223/0.1271, sum=1.0000, entropy=0.7361, residual_std=0.0709, scaled_std=0.0072
up2: ca=0.9173+/-0.1021, sa=1.0045+/-0.0031, amp=0.0000, suppress=0.0000, guide_abs=0.2388
up2 residuals: local_mean=6.107e-03, global_mean=0.0332, local_strength=0.1183, global_strength=0.1144, gain=[0.9702,1.0382], saturation=0.0000, text_film=0.0268
up2 haar: reconstruction_error=9.537e-07, skip_low/high=0.7806/0.2194, plam_low/high=1.0000/0.0000
up2 strengths: plam=0.8139, region=0.1183, detail=0.1144; residual_std region/detail/refine=0.1739/0.2561/0.1154
up2 guide_mix: entropy=0.9262, raw_low=0.2820, plam_low=0.1455, decoder_low=0.4244, detail=0.1481; agreement plam/decoder=0.4499/0.2160, support=0.5658+/-0.0395
up1: ca=0.8276+/-0.1195, sa=1.0035+/-0.0105, amp=0.0000, suppress=0.0000, guide_abs=0.2135
up1 residuals: local_mean=1.185e-03, global_mean=0.0436, local_strength=0.1273, global_strength=0.0785, gain=[0.9236,1.0769], saturation=0.0358, text_film=0.0335
up1 haar: reconstruction_error=2.742e-06, skip_low/high=0.7367/0.2633, plam_low/high=1.0000/0.0000
up1 strengths: plam=0.9298, region=0.1273, detail=0.0785; residual_std region/detail/refine=0.5868/0.4014/0.1589
up1 guide_mix: entropy=0.9556, raw_low=0.3054, plam_low=0.2491, decoder_low=0.3289, detail=0.1166; agreement plam/decoder=0.6124/0.2201, support=0.7317+/-0.0966

========= Epoch [55/80] =========
M2_Test_session_09.13_22h33
Training with batch size : 16
   [Train] Epoch: [55][20/357]  Loss:0.090 (Avg 0.0908) IoU:0.730 (Avg 0.7380) Dice:0.8219 (Avg 0.8361) LR 6.90e-05   (AvgTime 0.6)   
   [Train] Epoch: [55][40/357]  Loss:0.089 (Avg 0.0877) IoU:0.736 (Avg 0.7442) Dice:0.8378 (Avg 0.8403) LR 6.90e-05   (AvgTime 0.6)   
   [Train] Epoch: [55][60/357]  Loss:0.093 (Avg 0.0899) IoU:0.732 (Avg 0.7378) Dice:0.8181 (Avg 0.8347) LR 6.90e-05   (AvgTime 0.6)   
   [Train] Epoch: [55][80/357]  Loss:0.101 (Avg 0.0892) IoU:0.713 (Avg 0.7387) Dice:0.7973 (Avg 0.8357) LR 6.90e-05   (AvgTime 0.6)   
   [Train] Epoch: [55][100/357]  Loss:0.079 (Avg 0.0880) IoU:0.746 (Avg 0.7411) Dice:0.8477 (Avg 0.8374) LR 6.90e-05   (AvgTime 0.6)   
   [Train] Epoch: [55][120/357]  Loss:0.071 (Avg 0.0878) IoU:0.797 (Avg 0.7418) Dice:0.8792 (Avg 0.8382) LR 6.90e-05   (AvgTime 0.6)   
   [Train] Epoch: [55][140/357]  Loss:0.117 (Avg 0.0882) IoU:0.656 (Avg 0.7410) Dice:0.7670 (Avg 0.8374) LR 6.90e-05   (AvgTime 0.6)   
   [Train] Epoch: [55][160/357]  Loss:0.087 (Avg 0.0888) IoU:0.729 (Avg 0.7400) Dice:0.8340 (Avg 0.8365) LR 6.90e-05   (AvgTime 0.6)   
   [Train] Epoch: [55][180/357]  Loss:0.122 (Avg 0.0891) IoU:0.658 (Avg 0.7389) Dice:0.7696 (Avg 0.8357) LR 6.90e-05   (AvgTime 0.6)   
   [Train] Epoch: [55][200/357]  Loss:0.074 (Avg 0.0892) IoU:0.771 (Avg 0.7383) Dice:0.8584 (Avg 0.8351) LR 6.90e-05   (AvgTime 0.6)   
   [Train] Epoch: [55][220/357]  Loss:0.077 (Avg 0.0884) IoU:0.784 (Avg 0.7405) Dice:0.8735 (Avg 0.8367) LR 6.90e-05   (AvgTime 0.6)   
   [Train] Epoch: [55][240/357]  Loss:0.079 (Avg 0.0880) IoU:0.745 (Avg 0.7410) Dice:0.8468 (Avg 0.8374) LR 6.90e-05   (AvgTime 0.6)   
   [Train] Epoch: [55][260/357]  Loss:0.061 (Avg 0.0880) IoU:0.815 (Avg 0.7409) Dice:0.8949 (Avg 0.8373) LR 6.90e-05   (AvgTime 0.6)   
   [Train] Epoch: [55][280/357]  Loss:0.076 (Avg 0.0882) IoU:0.756 (Avg 0.7401) Dice:0.8519 (Avg 0.8367) LR 6.90e-05   (AvgTime 0.6)   
   [Train] Epoch: [55][300/357]  Loss:0.076 (Avg 0.0882) IoU:0.753 (Avg 0.7404) Dice:0.8426 (Avg 0.8368) LR 6.90e-05   (AvgTime 0.6)   
   [Train] Epoch: [55][320/357]  Loss:0.089 (Avg 0.0882) IoU:0.752 (Avg 0.7402) Dice:0.8522 (Avg 0.8367) LR 6.90e-05   (AvgTime 0.6)   
   [Train] Epoch: [55][340/357]  Loss:0.134 (Avg 0.0886) IoU:0.649 (Avg 0.7394) Dice:0.7536 (Avg 0.8360) LR 6.90e-05   (AvgTime 0.6)   
   [Train] Epoch: [55][357/357]  Loss:0.082 (Avg 0.0887) IoU:0.739 (Avg 0.7390) Dice:0.8404 (Avg 0.8357) LR 6.90e-05   (AvgTime 0.6)   
   [Train] Loss components: dice=0.140243, focal=0.037249, total=0.088746
Validation
   [Val] Epoch: [55][20/90]  Loss:0.151 (Avg 0.1085) IoU:0.609 (Avg 0.7126) Dice:0.7365 (Avg 0.8150) (AvgTime 0.3)   
   [Val] Epoch: [55][40/90]  Loss:0.101 (Avg 0.1131) IoU:0.711 (Avg 0.6993) Dice:0.8192 (Avg 0.8023) (AvgTime 0.2)   
   [Val] Epoch: [55][60/90]  Loss:0.135 (Avg 0.1056) IoU:0.657 (Avg 0.7130) Dice:0.7593 (Avg 0.8125) (AvgTime 0.2)   
   [Val] Epoch: [55][80/90]  Loss:0.102 (Avg 0.1059) IoU:0.713 (Avg 0.7104) Dice:0.8120 (Avg 0.8107) (AvgTime 0.2)   
   [Val] Epoch: [55][90/90]  Loss:0.143 (Avg 0.1067) IoU:0.577 (Avg 0.7086) Dice:0.7133 (Avg 0.8089) (AvgTime 0.2)   
   [Val] Loss components: dice=0.160308, focal=0.053044, total=0.106676
	 No iou improvement; selected epoch 53
	 early_stopping_count: 2/80
--- Epoch History (1..55) ---
Epoch |  TrainLoss |  TrainDice |  TrainIoU |    ValLoss |    ValDice |    ValIoU |         LR | Best
    1 |     0.2378 |     0.6073 |    0.4781 |     0.2212 |     0.6176 |    0.4873 |   3.00e-04 |     
    2 |     0.1754 |     0.6971 |    0.5727 |     0.1642 |     0.7061 |    0.5868 |   3.00e-04 |     
    3 |     0.1564 |     0.7248 |    0.6043 |     0.1373 |     0.7621 |    0.6492 |   3.00e-04 |     
    4 |     0.1512 |     0.7340 |    0.6154 |     0.1450 |     0.7555 |    0.6397 |   2.99e-04 |     
    5 |     0.1427 |     0.7474 |    0.6307 |     0.1478 |     0.7229 |    0.6010 |   2.98e-04 |     
    6 |     0.1390 |     0.7527 |    0.6372 |     0.1355 |     0.7500 |    0.6298 |   2.97e-04 |     
    7 |     0.1353 |     0.7589 |    0.6439 |     0.1369 |     0.7611 |    0.6439 |   2.96e-04 |     
    8 |     0.1328 |     0.7617 |    0.6475 |     0.1354 |     0.7518 |    0.6330 |   2.94e-04 |     
    9 |     0.1294 |     0.7676 |    0.6543 |     0.1259 |     0.7724 |    0.6623 |   2.92e-04 |     
   10 |     0.1295 |     0.7672 |    0.6539 |     0.1216 |     0.7861 |    0.6776 |   2.91e-04 |     
   11 |     0.1289 |     0.7699 |    0.6573 |     0.1227 |     0.7768 |    0.6660 |   2.88e-04 |     
   12 |     0.1259 |     0.7736 |    0.6616 |     0.1186 |     0.7928 |    0.6867 |   2.86e-04 |     
   13 |     0.1252 |     0.7750 |    0.6628 |     0.1353 |     0.7535 |    0.6352 |   2.83e-04 |     
   14 |     0.1232 |     0.7784 |    0.6678 |     0.1165 |     0.7837 |    0.6714 |   2.80e-04 |     
   15 |     0.1251 |     0.7742 |    0.6624 |     0.1190 |     0.7813 |    0.6712 |   2.77e-04 |     
   16 |     0.1215 |     0.7804 |    0.6697 |     0.1217 |     0.7897 |    0.6820 |   2.74e-04 |     
   17 |     0.1251 |     0.7760 |    0.6651 |     0.1343 |     0.7581 |    0.6458 |   2.71e-04 |     
   18 |     0.1198 |     0.7841 |    0.6743 |     0.1146 |     0.7928 |    0.6860 |   2.67e-04 |     
   19 |     0.1188 |     0.7853 |    0.6759 |     0.1158 |     0.7821 |    0.6716 |   2.63e-04 |     
   20 |     0.1162 |     0.7892 |    0.6812 |     0.1173 |     0.7890 |    0.6811 |   2.59e-04 |     
   21 |     0.1166 |     0.7883 |    0.6797 |     0.1159 |     0.7814 |    0.6698 |   2.55e-04 |     
   22 |     0.1165 |     0.7891 |    0.6807 |     0.1344 |     0.7703 |    0.6587 |   2.51e-04 |     
   23 |     0.1151 |     0.7912 |    0.6838 |     0.1108 |     0.7995 |    0.6952 |   2.46e-04 |     
   24 |     0.1139 |     0.7933 |    0.6855 |     0.1130 |     0.8017 |    0.6980 |   2.42e-04 |     
   25 |     0.1139 |     0.7934 |    0.6864 |     0.1150 |     0.7985 |    0.6949 |   2.37e-04 |     
   26 |     0.1126 |     0.7952 |    0.6882 |     0.1089 |     0.7988 |    0.6928 |   2.32e-04 |     
   27 |     0.1106 |     0.7984 |    0.6923 |     0.1083 |     0.8002 |    0.6945 |   2.27e-04 |     
   28 |     0.1117 |     0.7968 |    0.6907 |     0.1093 |     0.8014 |    0.6969 |   2.22e-04 |     
   29 |     0.1108 |     0.7982 |    0.6926 |     0.1124 |     0.7947 |    0.6863 |   2.17e-04 |     
   30 |     0.1098 |     0.7995 |    0.6939 |     0.1096 |     0.7995 |    0.6962 |   2.11e-04 |     
   31 |     0.1100 |     0.8004 |    0.6948 |     0.1204 |     0.7933 |    0.6865 |   2.06e-04 |     
   32 |     0.1078 |     0.8031 |    0.6977 |     0.1063 |     0.8077 |    0.7051 |   2.00e-04 |     
   33 |     0.1066 |     0.8052 |    0.7006 |     0.1119 |     0.7959 |    0.6884 |   1.94e-04 |     
   34 |     0.1059 |     0.8063 |    0.7019 |     0.1097 |     0.8017 |    0.6963 |   1.89e-04 |     
   35 |     0.1044 |     0.8089 |    0.7053 |     0.1052 |     0.8108 |    0.7082 |   1.83e-04 |     
   36 |     0.1040 |     0.8097 |    0.7064 |     0.1073 |     0.7999 |    0.6943 |   1.77e-04 |     
   37 |     0.1048 |     0.8085 |    0.7047 |     0.1086 |     0.7999 |    0.6950 |   1.71e-04 |     
   38 |     0.1035 |     0.8101 |    0.7068 |     0.1042 |     0.8094 |    0.7070 |   1.65e-04 |     
   39 |     0.1021 |     0.8125 |    0.7099 |     0.1052 |     0.8071 |    0.7047 |   1.59e-04 |     
   40 |     0.1014 |     0.8135 |    0.7112 |     0.1052 |     0.8101 |    0.7089 |   1.53e-04 |     
   41 |     0.1007 |     0.8154 |    0.7135 |     0.1046 |     0.8120 |    0.7110 |   1.48e-04 |     
   42 |     0.1002 |     0.8163 |    0.7143 |     0.1045 |     0.8106 |    0.7087 |   1.42e-04 |     
   43 |     0.0986 |     0.8183 |    0.7172 |     0.1072 |     0.8092 |    0.7077 |   1.36e-04 |     
   44 |     0.0976 |     0.8210 |    0.7201 |     0.1020 |     0.8183 |    0.7185 |   1.30e-04 |     
   45 |     0.0973 |     0.8210 |    0.7204 |     0.1191 |     0.7921 |    0.6898 |   1.24e-04 |     
   46 |     0.0962 |     0.8230 |    0.7226 |     0.1033 |     0.8138 |    0.7140 |   1.18e-04 |     
   47 |     0.0954 |     0.8246 |    0.7249 |     0.1030 |     0.8082 |    0.7048 |   1.12e-04 |     
   48 |     0.0955 |     0.8241 |    0.7246 |     0.1029 |     0.8154 |    0.7143 |   1.07e-04 |     
   49 |     0.0943 |     0.8265 |    0.7277 |     0.1010 |     0.8167 |    0.7161 |   1.01e-04 |     
   50 |     0.0928 |     0.8293 |    0.7307 |     0.1054 |     0.8127 |    0.7122 |   9.54e-05 |     
   51 |     0.0922 |     0.8301 |    0.7320 |     0.1069 |     0.8143 |    0.7147 |   8.99e-05 |     
   52 |     0.0913 |     0.8311 |    0.7331 |     0.1116 |     0.8032 |    0.7015 |   8.45e-05 |     
   53 |     0.0901 |     0.8338 |    0.7364 |     0.0999 |     0.8179 |    0.7188 |   7.92e-05 |    *
   54 |     0.0893 |     0.8345 |    0.7376 |     0.1002 |     0.8169 |    0.7174 |   7.40e-05 |     
   55 |     0.0887 |     0.8357 |    0.7390 |     0.1067 |     0.8089 |    0.7086 |   6.90e-05 |     
--- R2 + image-value context regrouping with regroup_text anchors validation statistics ---
up4: ca=0.9011+/-0.0923, sa=1.0086+/-0.0073, amp=0.0000, suppress=0.0000, guide_abs=0.1599
up4 residuals: local_mean=5.511e-02, global_mean=0.0173, local_strength=0.1205, global_strength=0.1179, gain=[0.9901,1.0601], saturation=0.0163, text_film=0.0202
up4 haar: reconstruction_error=9.537e-07, skip_low/high=0.8059/0.1941, plam_low/high=1.0000/0.0000
up4 strengths: plam=0.9117, region=0.1205, detail=0.1179; residual_std region/detail/refine=0.3063/0.3771/0.3049
up4 guide_mix: entropy=0.9773, raw_low=0.3055, plam_low=0.2417, decoder_low=0.2983, detail=0.1544; agreement plam/decoder=0.6299/0.3883, support=0.8157+/-0.0516
up4 adaptive_frequency: ALPF strength=0.2527, weights=0.1375/0.7276/0.1348, sum=1.0000, entropy=0.7039, delta_std=0.0808; AHPF strength=0.0794, weights=0.2863/0.5482/0.1655, sum=1.0000, entropy=0.8914, residual_std=0.0988, scaled_std=0.0078
up3: ca=0.9918+/-0.1512, sa=1.0090+/-0.0038, amp=0.0000, suppress=0.0000, guide_abs=0.2692
up3 residuals: local_mean=1.941e-02, global_mean=0.0551, local_strength=0.1192, global_strength=0.1223, gain=[0.9943,1.0302], saturation=0.0000, text_film=0.0341
up3 haar: reconstruction_error=9.537e-07, skip_low/high=0.7968/0.2032, plam_low/high=1.0000/0.0000
up3 strengths: plam=0.8854, region=0.1192, detail=0.1223; residual_std region/detail/refine=0.3433/0.5603/0.4985
up3 guide_mix: entropy=0.9784, raw_low=0.3364, plam_low=0.2386, decoder_low=0.2592, detail=0.1659; agreement plam/decoder=-0.0019/-0.0624, support=0.6746+/-0.0750
up3 adaptive_frequency: ALPF strength=0.2957, weights=0.1149/0.3899/0.4953, sum=1.0000, entropy=0.7637, delta_std=0.0642; AHPF strength=0.1021, weights=0.6107/0.2472/0.1421, sum=1.0000, entropy=0.7616, residual_std=0.0791, scaled_std=0.0081
up2: ca=0.9067+/-0.1068, sa=1.0045+/-0.0031, amp=0.0000, suppress=0.0000, guide_abs=0.1541
up2 residuals: local_mean=5.975e-03, global_mean=0.0329, local_strength=0.1184, global_strength=0.1144, gain=[0.9680,1.0375], saturation=0.0000, text_film=0.0280
up2 haar: reconstruction_error=9.537e-07, skip_low/high=0.7839/0.2161, plam_low/high=1.0000/0.0000
up2 strengths: plam=0.8137, region=0.1184, detail=0.1144; residual_std region/detail/refine=0.1762/0.2553/0.1149
up2 guide_mix: entropy=0.9230, raw_low=0.2933, plam_low=0.1352, decoder_low=0.4210, detail=0.1505; agreement plam/decoder=0.6116/-0.0330, support=0.5553+/-0.0397
up1: ca=0.8263+/-0.1224, sa=1.0036+/-0.0107, amp=0.0000, suppress=0.0000, guide_abs=0.2134
up1 residuals: local_mean=1.706e-03, global_mean=0.0438, local_strength=0.1273, global_strength=0.0785, gain=[0.9236,1.0769], saturation=0.0318, text_film=0.0308
up1 haar: reconstruction_error=2.325e-06, skip_low/high=0.7272/0.2728, plam_low/high=1.0000/0.0000
up1 strengths: plam=0.9298, region=0.1273, detail=0.0785; residual_std region/detail/refine=0.5797/0.4050/0.1592
up1 guide_mix: entropy=0.9577, raw_low=0.2957, plam_low=0.2517, decoder_low=0.3330, detail=0.1197; agreement plam/decoder=0.5787/0.1444, support=0.7310+/-0.0968

========= Epoch [56/80] =========
M2_Test_session_09.13_22h33
Training with batch size : 16
   [Train] Epoch: [56][20/357]  Loss:0.084 (Avg 0.0879) IoU:0.766 (Avg 0.7416) Dice:0.8609 (Avg 0.8358) LR 6.41e-05   (AvgTime 0.6)   
   [Train] Epoch: [56][40/357]  Loss:0.078 (Avg 0.0843) IoU:0.793 (Avg 0.7513) Dice:0.8758 (Avg 0.8441) LR 6.41e-05   (AvgTime 0.6)   
   [Train] Epoch: [56][60/357]  Loss:0.070 (Avg 0.0862) IoU:0.772 (Avg 0.7463) Dice:0.8618 (Avg 0.8406) LR 6.41e-05   (AvgTime 0.6)   
   [Train] Epoch: [56][80/357]  Loss:0.108 (Avg 0.0869) IoU:0.705 (Avg 0.7428) Dice:0.8064 (Avg 0.8385) LR 6.41e-05   (AvgTime 0.6)   
   [Train] Epoch: [56][100/357]  Loss:0.074 (Avg 0.0864) IoU:0.798 (Avg 0.7444) Dice:0.8846 (Avg 0.8399) LR 6.41e-05   (AvgTime 0.6)   
   [Train] Epoch: [56][120/357]  Loss:0.078 (Avg 0.0856) IoU:0.773 (Avg 0.7458) Dice:0.8613 (Avg 0.8410) LR 6.41e-05   (AvgTime 0.6)   
   [Train] Epoch: [56][140/357]  Loss:0.082 (Avg 0.0863) IoU:0.750 (Avg 0.7436) Dice:0.8498 (Avg 0.8395) LR 6.41e-05   (AvgTime 0.6)   
   [Train] Epoch: [56][160/357]  Loss:0.114 (Avg 0.0862) IoU:0.684 (Avg 0.7440) Dice:0.7909 (Avg 0.8398) LR 6.41e-05   (AvgTime 0.6)   
   [Train] Epoch: [56][180/357]  Loss:0.097 (Avg 0.0861) IoU:0.708 (Avg 0.7434) Dice:0.8207 (Avg 0.8394) LR 6.41e-05   (AvgTime 0.6)   
   [Train] Epoch: [56][200/357]  Loss:0.115 (Avg 0.0868) IoU:0.690 (Avg 0.7421) Dice:0.7811 (Avg 0.8382) LR 6.41e-05   (AvgTime 0.6)   
   [Train] Epoch: [56][220/357]  Loss:0.080 (Avg 0.0873) IoU:0.776 (Avg 0.7413) Dice:0.8680 (Avg 0.8378) LR 6.41e-05   (AvgTime 0.6)   
   [Train] Epoch: [56][240/357]  Loss:0.109 (Avg 0.0874) IoU:0.717 (Avg 0.7413) Dice:0.8192 (Avg 0.8378) LR 6.41e-05   (AvgTime 0.6)   
   [Train] Epoch: [56][260/357]  Loss:0.100 (Avg 0.0879) IoU:0.759 (Avg 0.7405) Dice:0.8492 (Avg 0.8371) LR 6.41e-05   (AvgTime 0.6)   
   [Train] Epoch: [56][280/357]  Loss:0.095 (Avg 0.0883) IoU:0.690 (Avg 0.7395) Dice:0.8050 (Avg 0.8362) LR 6.41e-05   (AvgTime 0.6)   
   [Train] Epoch: [56][300/357]  Loss:0.082 (Avg 0.0884) IoU:0.751 (Avg 0.7397) Dice:0.8457 (Avg 0.8362) LR 6.41e-05   (AvgTime 0.6)   
   [Train] Epoch: [56][320/357]  Loss:0.066 (Avg 0.0882) IoU:0.806 (Avg 0.7400) Dice:0.8896 (Avg 0.8364) LR 6.41e-05   (AvgTime 0.6)   
   [Train] Epoch: [56][340/357]  Loss:0.086 (Avg 0.0882) IoU:0.739 (Avg 0.7399) Dice:0.8333 (Avg 0.8364) LR 6.41e-05   (AvgTime 0.6)   
   [Train] Epoch: [56][357/357]  Loss:0.116 (Avg 0.0883) IoU:0.660 (Avg 0.7394) Dice:0.7800 (Avg 0.8360) LR 6.41e-05   (AvgTime 0.6)   
   [Train] Loss components: dice=0.139628, focal=0.037050, total=0.088339
Validation
   [Val] Epoch: [56][20/90]  Loss:0.125 (Avg 0.1027) IoU:0.672 (Avg 0.7266) Dice:0.7919 (Avg 0.8280) (AvgTime 0.3)   
   [Val] Epoch: [56][40/90]  Loss:0.098 (Avg 0.1082) IoU:0.714 (Avg 0.7099) Dice:0.8202 (Avg 0.8125) (AvgTime 0.3)   
   [Val] Epoch: [56][60/90]  Loss:0.135 (Avg 0.1012) IoU:0.659 (Avg 0.7215) Dice:0.7633 (Avg 0.8206) (AvgTime 0.2)   
   [Val] Epoch: [56][80/90]  Loss:0.095 (Avg 0.1004) IoU:0.710 (Avg 0.7205) Dice:0.8149 (Avg 0.8198) (AvgTime 0.2)   
   [Val] Epoch: [56][90/90]  Loss:0.133 (Avg 0.1003) IoU:0.610 (Avg 0.7200) Dice:0.7391 (Avg 0.8195) (AvgTime 0.2)   
   [Val] Loss components: dice=0.152721, focal=0.047958, total=0.100340
	 Saving best model by iou: 0.719962
	 Saving to Covid19/BetterLViT/m2_text_regroup/M2_Test_session_09.13_22h33/models//best_model-BetterLViT.pth.tar
	 early_stopping_count: 0/80
--- Epoch History (1..56) ---
Epoch |  TrainLoss |  TrainDice |  TrainIoU |    ValLoss |    ValDice |    ValIoU |         LR | Best
    1 |     0.2378 |     0.6073 |    0.4781 |     0.2212 |     0.6176 |    0.4873 |   3.00e-04 |     
    2 |     0.1754 |     0.6971 |    0.5727 |     0.1642 |     0.7061 |    0.5868 |   3.00e-04 |     
    3 |     0.1564 |     0.7248 |    0.6043 |     0.1373 |     0.7621 |    0.6492 |   3.00e-04 |     
    4 |     0.1512 |     0.7340 |    0.6154 |     0.1450 |     0.7555 |    0.6397 |   2.99e-04 |     
    5 |     0.1427 |     0.7474 |    0.6307 |     0.1478 |     0.7229 |    0.6010 |   2.98e-04 |     
    6 |     0.1390 |     0.7527 |    0.6372 |     0.1355 |     0.7500 |    0.6298 |   2.97e-04 |     
    7 |     0.1353 |     0.7589 |    0.6439 |     0.1369 |     0.7611 |    0.6439 |   2.96e-04 |     
    8 |     0.1328 |     0.7617 |    0.6475 |     0.1354 |     0.7518 |    0.6330 |   2.94e-04 |     
    9 |     0.1294 |     0.7676 |    0.6543 |     0.1259 |     0.7724 |    0.6623 |   2.92e-04 |     
   10 |     0.1295 |     0.7672 |    0.6539 |     0.1216 |     0.7861 |    0.6776 |   2.91e-04 |     
   11 |     0.1289 |     0.7699 |    0.6573 |     0.1227 |     0.7768 |    0.6660 |   2.88e-04 |     
   12 |     0.1259 |     0.7736 |    0.6616 |     0.1186 |     0.7928 |    0.6867 |   2.86e-04 |     
   13 |     0.1252 |     0.7750 |    0.6628 |     0.1353 |     0.7535 |    0.6352 |   2.83e-04 |     
   14 |     0.1232 |     0.7784 |    0.6678 |     0.1165 |     0.7837 |    0.6714 |   2.80e-04 |     
   15 |     0.1251 |     0.7742 |    0.6624 |     0.1190 |     0.7813 |    0.6712 |   2.77e-04 |     
   16 |     0.1215 |     0.7804 |    0.6697 |     0.1217 |     0.7897 |    0.6820 |   2.74e-04 |     
   17 |     0.1251 |     0.7760 |    0.6651 |     0.1343 |     0.7581 |    0.6458 |   2.71e-04 |     
   18 |     0.1198 |     0.7841 |    0.6743 |     0.1146 |     0.7928 |    0.6860 |   2.67e-04 |     
   19 |     0.1188 |     0.7853 |    0.6759 |     0.1158 |     0.7821 |    0.6716 |   2.63e-04 |     
   20 |     0.1162 |     0.7892 |    0.6812 |     0.1173 |     0.7890 |    0.6811 |   2.59e-04 |     
   21 |     0.1166 |     0.7883 |    0.6797 |     0.1159 |     0.7814 |    0.6698 |   2.55e-04 |     
   22 |     0.1165 |     0.7891 |    0.6807 |     0.1344 |     0.7703 |    0.6587 |   2.51e-04 |     
   23 |     0.1151 |     0.7912 |    0.6838 |     0.1108 |     0.7995 |    0.6952 |   2.46e-04 |     
   24 |     0.1139 |     0.7933 |    0.6855 |     0.1130 |     0.8017 |    0.6980 |   2.42e-04 |     
   25 |     0.1139 |     0.7934 |    0.6864 |     0.1150 |     0.7985 |    0.6949 |   2.37e-04 |     
   26 |     0.1126 |     0.7952 |    0.6882 |     0.1089 |     0.7988 |    0.6928 |   2.32e-04 |     
   27 |     0.1106 |     0.7984 |    0.6923 |     0.1083 |     0.8002 |    0.6945 |   2.27e-04 |     
   28 |     0.1117 |     0.7968 |    0.6907 |     0.1093 |     0.8014 |    0.6969 |   2.22e-04 |     
   29 |     0.1108 |     0.7982 |    0.6926 |     0.1124 |     0.7947 |    0.6863 |   2.17e-04 |     
   30 |     0.1098 |     0.7995 |    0.6939 |     0.1096 |     0.7995 |    0.6962 |   2.11e-04 |     
   31 |     0.1100 |     0.8004 |    0.6948 |     0.1204 |     0.7933 |    0.6865 |   2.06e-04 |     
   32 |     0.1078 |     0.8031 |    0.6977 |     0.1063 |     0.8077 |    0.7051 |   2.00e-04 |     
   33 |     0.1066 |     0.8052 |    0.7006 |     0.1119 |     0.7959 |    0.6884 |   1.94e-04 |     
   34 |     0.1059 |     0.8063 |    0.7019 |     0.1097 |     0.8017 |    0.6963 |   1.89e-04 |     
   35 |     0.1044 |     0.8089 |    0.7053 |     0.1052 |     0.8108 |    0.7082 |   1.83e-04 |     
   36 |     0.1040 |     0.8097 |    0.7064 |     0.1073 |     0.7999 |    0.6943 |   1.77e-04 |     
   37 |     0.1048 |     0.8085 |    0.7047 |     0.1086 |     0.7999 |    0.6950 |   1.71e-04 |     
   38 |     0.1035 |     0.8101 |    0.7068 |     0.1042 |     0.8094 |    0.7070 |   1.65e-04 |     
   39 |     0.1021 |     0.8125 |    0.7099 |     0.1052 |     0.8071 |    0.7047 |   1.59e-04 |     
   40 |     0.1014 |     0.8135 |    0.7112 |     0.1052 |     0.8101 |    0.7089 |   1.53e-04 |     
   41 |     0.1007 |     0.8154 |    0.7135 |     0.1046 |     0.8120 |    0.7110 |   1.48e-04 |     
   42 |     0.1002 |     0.8163 |    0.7143 |     0.1045 |     0.8106 |    0.7087 |   1.42e-04 |     
   43 |     0.0986 |     0.8183 |    0.7172 |     0.1072 |     0.8092 |    0.7077 |   1.36e-04 |     
   44 |     0.0976 |     0.8210 |    0.7201 |     0.1020 |     0.8183 |    0.7185 |   1.30e-04 |     
   45 |     0.0973 |     0.8210 |    0.7204 |     0.1191 |     0.7921 |    0.6898 |   1.24e-04 |     
   46 |     0.0962 |     0.8230 |    0.7226 |     0.1033 |     0.8138 |    0.7140 |   1.18e-04 |     
   47 |     0.0954 |     0.8246 |    0.7249 |     0.1030 |     0.8082 |    0.7048 |   1.12e-04 |     
   48 |     0.0955 |     0.8241 |    0.7246 |     0.1029 |     0.8154 |    0.7143 |   1.07e-04 |     
   49 |     0.0943 |     0.8265 |    0.7277 |     0.1010 |     0.8167 |    0.7161 |   1.01e-04 |     
   50 |     0.0928 |     0.8293 |    0.7307 |     0.1054 |     0.8127 |    0.7122 |   9.54e-05 |     
   51 |     0.0922 |     0.8301 |    0.7320 |     0.1069 |     0.8143 |    0.7147 |   8.99e-05 |     
   52 |     0.0913 |     0.8311 |    0.7331 |     0.1116 |     0.8032 |    0.7015 |   8.45e-05 |     
   53 |     0.0901 |     0.8338 |    0.7364 |     0.0999 |     0.8179 |    0.7188 |   7.92e-05 |     
   54 |     0.0893 |     0.8345 |    0.7376 |     0.1002 |     0.8169 |    0.7174 |   7.40e-05 |     
   55 |     0.0887 |     0.8357 |    0.7390 |     0.1067 |     0.8089 |    0.7086 |   6.90e-05 |     
   56 |     0.0883 |     0.8360 |    0.7394 |     0.1003 |     0.8195 |    0.7200 |   6.41e-05 |    *
--- R2 + image-value context regrouping with regroup_text anchors validation statistics ---
up4: ca=0.8992+/-0.0946, sa=1.0087+/-0.0070, amp=0.0000, suppress=0.0000, guide_abs=0.1388
up4 residuals: local_mean=5.449e-02, global_mean=0.0186, local_strength=0.1206, global_strength=0.1181, gain=[0.9900,1.0590], saturation=0.0173, text_film=0.0201
up4 haar: reconstruction_error=9.537e-07, skip_low/high=0.7998/0.2002, plam_low/high=1.0000/0.0000
up4 strengths: plam=0.9116, region=0.1206, detail=0.1181; residual_std region/detail/refine=0.3146/0.3754/0.3045
up4 guide_mix: entropy=0.9808, raw_low=0.3100, plam_low=0.2540, decoder_low=0.2761, detail=0.1600; agreement plam/decoder=0.6149/0.3591, support=0.8047+/-0.0535
up4 adaptive_frequency: ALPF strength=0.2531, weights=0.1392/0.7236/0.1371, sum=1.0000, entropy=0.7104, delta_std=0.0750; AHPF strength=0.0794, weights=0.2862/0.5483/0.1655, sum=1.0000, entropy=0.8913, residual_std=0.0989, scaled_std=0.0079
up3: ca=0.9950+/-0.1537, sa=1.0089+/-0.0036, amp=0.0000, suppress=0.0000, guide_abs=0.2625
up3 residuals: local_mean=1.893e-02, global_mean=0.0547, local_strength=0.1193, global_strength=0.1223, gain=[0.9942,1.0303], saturation=0.0003, text_film=0.0327
up3 haar: reconstruction_error=9.537e-07, skip_low/high=0.7962/0.2038, plam_low/high=1.0000/0.0000
up3 strengths: plam=0.8852, region=0.1193, detail=0.1223; residual_std region/detail/refine=0.3420/0.5578/0.5005
up3 guide_mix: entropy=0.9786, raw_low=0.3311, plam_low=0.2386, decoder_low=0.2666, detail=0.1637; agreement plam/decoder=-0.0943/-0.0634, support=0.6696+/-0.0763
up3 adaptive_frequency: ALPF strength=0.2960, weights=0.1106/0.3778/0.5116, sum=1.0000, entropy=0.7604, delta_std=0.0644; AHPF strength=0.1023, weights=0.6119/0.2433/0.1448, sum=1.0000, entropy=0.7609, residual_std=0.0780, scaled_std=0.0080
up2: ca=0.9135+/-0.0987, sa=1.0045+/-0.0030, amp=0.0000, suppress=0.0000, guide_abs=0.1485
up2 residuals: local_mean=6.016e-03, global_mean=0.0334, local_strength=0.1184, global_strength=0.1145, gain=[0.9676,1.0360], saturation=0.0000, text_film=0.0264
up2 haar: reconstruction_error=9.537e-07, skip_low/high=0.7780/0.2220, plam_low/high=1.0000/0.0000
up2 strengths: plam=0.8135, region=0.1184, detail=0.1145; residual_std region/detail/refine=0.1789/0.2519/0.1137
up2 guide_mix: entropy=0.9173, raw_low=0.2883, plam_low=0.1303, decoder_low=0.4311, detail=0.1503; agreement plam/decoder=0.6019/-0.0080, support=0.5559+/-0.0418
up1: ca=0.8304+/-0.1174, sa=1.0035+/-0.0108, amp=0.0000, suppress=0.0000, guide_abs=0.2185
up1 residuals: local_mean=1.362e-03, global_mean=0.0439, local_strength=0.1273, global_strength=0.0784, gain=[0.9235,1.0770], saturation=0.0346, text_film=0.0295
up1 haar: reconstruction_error=2.831e-06, skip_low/high=0.7220/0.2780, plam_low/high=1.0000/0.0000
up1 strengths: plam=0.9297, region=0.1273, detail=0.0784; residual_std region/detail/refine=0.5422/0.4119/0.1595
up1 guide_mix: entropy=0.9567, raw_low=0.2905, plam_low=0.2479, decoder_low=0.3415, detail=0.1201; agreement plam/decoder=0.5751/0.1275, support=0.7344+/-0.0953

========= Epoch [57/80] =========
M2_Test_session_09.13_22h33
Training with batch size : 16
   [Train] Epoch: [57][20/357]  Loss:0.080 (Avg 0.0890) IoU:0.759 (Avg 0.7306) Dice:0.8524 (Avg 0.8303) LR 5.93e-05   (AvgTime 0.6)   
   [Train] Epoch: [57][40/357]  Loss:0.068 (Avg 0.0904) IoU:0.786 (Avg 0.7288) Dice:0.8765 (Avg 0.8289) LR 5.93e-05   (AvgTime 0.6)   
   [Train] Epoch: [57][60/357]  Loss:0.076 (Avg 0.0887) IoU:0.762 (Avg 0.7337) Dice:0.8517 (Avg 0.8328) LR 5.93e-05   (AvgTime 0.6)   
   [Train] Epoch: [57][80/357]  Loss:0.078 (Avg 0.0891) IoU:0.736 (Avg 0.7348) Dice:0.8419 (Avg 0.8332) LR 5.93e-05   (AvgTime 0.6)   
   [Train] Epoch: [57][100/357]  Loss:0.092 (Avg 0.0873) IoU:0.737 (Avg 0.7407) Dice:0.8322 (Avg 0.8374) LR 5.93e-05   (AvgTime 0.6)   
   [Train] Epoch: [57][120/357]  Loss:0.079 (Avg 0.0871) IoU:0.768 (Avg 0.7420) Dice:0.8590 (Avg 0.8384) LR 5.93e-05   (AvgTime 0.6)   
   [Train] Epoch: [57][140/357]  Loss:0.058 (Avg 0.0862) IoU:0.824 (Avg 0.7442) Dice:0.8985 (Avg 0.8400) LR 5.93e-05   (AvgTime 0.6)   
   [Train] Epoch: [57][160/357]  Loss:0.078 (Avg 0.0876) IoU:0.753 (Avg 0.7402) Dice:0.8516 (Avg 0.8369) LR 5.93e-05   (AvgTime 0.6)   
   [Train] Epoch: [57][180/357]  Loss:0.080 (Avg 0.0871) IoU:0.772 (Avg 0.7420) Dice:0.8636 (Avg 0.8383) LR 5.93e-05   (AvgTime 0.6)   
   [Train] Epoch: [57][200/357]  Loss:0.074 (Avg 0.0879) IoU:0.774 (Avg 0.7402) Dice:0.8680 (Avg 0.8371) LR 5.93e-05   (AvgTime 0.6)   
   [Train] Epoch: [57][220/357]  Loss:0.059 (Avg 0.0878) IoU:0.804 (Avg 0.7406) Dice:0.8867 (Avg 0.8374) LR 5.93e-05   (AvgTime 0.6)   
   [Train] Epoch: [57][240/357]  Loss:0.064 (Avg 0.0876) IoU:0.797 (Avg 0.7411) Dice:0.8776 (Avg 0.8375) LR 5.93e-05   (AvgTime 0.6)   
   [Train] Epoch: [57][260/357]  Loss:0.074 (Avg 0.0875) IoU:0.759 (Avg 0.7414) Dice:0.8564 (Avg 0.8379) LR 5.93e-05   (AvgTime 0.6)   
   [Train] Epoch: [57][280/357]  Loss:0.105 (Avg 0.0873) IoU:0.699 (Avg 0.7419) Dice:0.8056 (Avg 0.8382) LR 5.93e-05   (AvgTime 0.6)   
   [Train] Epoch: [57][300/357]  Loss:0.069 (Avg 0.0873) IoU:0.793 (Avg 0.7418) Dice:0.8778 (Avg 0.8381) LR 5.93e-05   (AvgTime 0.6)   
   [Train] Epoch: [57][320/357]  Loss:0.071 (Avg 0.0870) IoU:0.789 (Avg 0.7429) Dice:0.8747 (Avg 0.8388) LR 5.93e-05   (AvgTime 0.6)   
   [Train] Epoch: [57][340/357]  Loss:0.083 (Avg 0.0873) IoU:0.748 (Avg 0.7422) Dice:0.8461 (Avg 0.8383) LR 5.93e-05   (AvgTime 0.6)   
   [Train] Epoch: [57][357/357]  Loss:0.096 (Avg 0.0873) IoU:0.729 (Avg 0.7422) Dice:0.8198 (Avg 0.8383) LR 5.93e-05   (AvgTime 0.6)   
   [Train] Loss components: dice=0.137852, focal=0.036725, total=0.087288
Validation
   [Val] Epoch: [57][20/90]  Loss:0.127 (Avg 0.1055) IoU:0.674 (Avg 0.7198) Dice:0.7943 (Avg 0.8219) (AvgTime 0.3)   
   [Val] Epoch: [57][40/90]  Loss:0.096 (Avg 0.1106) IoU:0.725 (Avg 0.7055) Dice:0.8309 (Avg 0.8091) (AvgTime 0.2)   
   [Val] Epoch: [57][60/90]  Loss:0.131 (Avg 0.1040) IoU:0.664 (Avg 0.7177) Dice:0.7669 (Avg 0.8176) (AvgTime 0.2)   
   [Val] Epoch: [57][80/90]  Loss:0.101 (Avg 0.1032) IoU:0.704 (Avg 0.7175) Dice:0.8081 (Avg 0.8176) (AvgTime 0.2)   
   [Val] Epoch: [57][90/90]  Loss:0.130 (Avg 0.1034) IoU:0.608 (Avg 0.7170) Dice:0.7386 (Avg 0.8173) (AvgTime 0.2)   
   [Val] Loss components: dice=0.153864, focal=0.052865, total=0.103365
	 No iou improvement; selected epoch 56
	 early_stopping_count: 1/80
--- Epoch History (1..57) ---
Epoch |  TrainLoss |  TrainDice |  TrainIoU |    ValLoss |    ValDice |    ValIoU |         LR | Best
    1 |     0.2378 |     0.6073 |    0.4781 |     0.2212 |     0.6176 |    0.4873 |   3.00e-04 |     
    2 |     0.1754 |     0.6971 |    0.5727 |     0.1642 |     0.7061 |    0.5868 |   3.00e-04 |     
    3 |     0.1564 |     0.7248 |    0.6043 |     0.1373 |     0.7621 |    0.6492 |   3.00e-04 |     
    4 |     0.1512 |     0.7340 |    0.6154 |     0.1450 |     0.7555 |    0.6397 |   2.99e-04 |     
    5 |     0.1427 |     0.7474 |    0.6307 |     0.1478 |     0.7229 |    0.6010 |   2.98e-04 |     
    6 |     0.1390 |     0.7527 |    0.6372 |     0.1355 |     0.7500 |    0.6298 |   2.97e-04 |     
    7 |     0.1353 |     0.7589 |    0.6439 |     0.1369 |     0.7611 |    0.6439 |   2.96e-04 |     
    8 |     0.1328 |     0.7617 |    0.6475 |     0.1354 |     0.7518 |    0.6330 |   2.94e-04 |     
    9 |     0.1294 |     0.7676 |    0.6543 |     0.1259 |     0.7724 |    0.6623 |   2.92e-04 |     
   10 |     0.1295 |     0.7672 |    0.6539 |     0.1216 |     0.7861 |    0.6776 |   2.91e-04 |     
   11 |     0.1289 |     0.7699 |    0.6573 |     0.1227 |     0.7768 |    0.6660 |   2.88e-04 |     
   12 |     0.1259 |     0.7736 |    0.6616 |     0.1186 |     0.7928 |    0.6867 |   2.86e-04 |     
   13 |     0.1252 |     0.7750 |    0.6628 |     0.1353 |     0.7535 |    0.6352 |   2.83e-04 |     
   14 |     0.1232 |     0.7784 |    0.6678 |     0.1165 |     0.7837 |    0.6714 |   2.80e-04 |     
   15 |     0.1251 |     0.7742 |    0.6624 |     0.1190 |     0.7813 |    0.6712 |   2.77e-04 |     
   16 |     0.1215 |     0.7804 |    0.6697 |     0.1217 |     0.7897 |    0.6820 |   2.74e-04 |     
   17 |     0.1251 |     0.7760 |    0.6651 |     0.1343 |     0.7581 |    0.6458 |   2.71e-04 |     
   18 |     0.1198 |     0.7841 |    0.6743 |     0.1146 |     0.7928 |    0.6860 |   2.67e-04 |     
   19 |     0.1188 |     0.7853 |    0.6759 |     0.1158 |     0.7821 |    0.6716 |   2.63e-04 |     
   20 |     0.1162 |     0.7892 |    0.6812 |     0.1173 |     0.7890 |    0.6811 |   2.59e-04 |     
   21 |     0.1166 |     0.7883 |    0.6797 |     0.1159 |     0.7814 |    0.6698 |   2.55e-04 |     
   22 |     0.1165 |     0.7891 |    0.6807 |     0.1344 |     0.7703 |    0.6587 |   2.51e-04 |     
   23 |     0.1151 |     0.7912 |    0.6838 |     0.1108 |     0.7995 |    0.6952 |   2.46e-04 |     
   24 |     0.1139 |     0.7933 |    0.6855 |     0.1130 |     0.8017 |    0.6980 |   2.42e-04 |     
   25 |     0.1139 |     0.7934 |    0.6864 |     0.1150 |     0.7985 |    0.6949 |   2.37e-04 |     
   26 |     0.1126 |     0.7952 |    0.6882 |     0.1089 |     0.7988 |    0.6928 |   2.32e-04 |     
   27 |     0.1106 |     0.7984 |    0.6923 |     0.1083 |     0.8002 |    0.6945 |   2.27e-04 |     
   28 |     0.1117 |     0.7968 |    0.6907 |     0.1093 |     0.8014 |    0.6969 |   2.22e-04 |     
   29 |     0.1108 |     0.7982 |    0.6926 |     0.1124 |     0.7947 |    0.6863 |   2.17e-04 |     
   30 |     0.1098 |     0.7995 |    0.6939 |     0.1096 |     0.7995 |    0.6962 |   2.11e-04 |     
   31 |     0.1100 |     0.8004 |    0.6948 |     0.1204 |     0.7933 |    0.6865 |   2.06e-04 |     
   32 |     0.1078 |     0.8031 |    0.6977 |     0.1063 |     0.8077 |    0.7051 |   2.00e-04 |     
   33 |     0.1066 |     0.8052 |    0.7006 |     0.1119 |     0.7959 |    0.6884 |   1.94e-04 |     
   34 |     0.1059 |     0.8063 |    0.7019 |     0.1097 |     0.8017 |    0.6963 |   1.89e-04 |     
   35 |     0.1044 |     0.8089 |    0.7053 |     0.1052 |     0.8108 |    0.7082 |   1.83e-04 |     
   36 |     0.1040 |     0.8097 |    0.7064 |     0.1073 |     0.7999 |    0.6943 |   1.77e-04 |     
   37 |     0.1048 |     0.8085 |    0.7047 |     0.1086 |     0.7999 |    0.6950 |   1.71e-04 |     
   38 |     0.1035 |     0.8101 |    0.7068 |     0.1042 |     0.8094 |    0.7070 |   1.65e-04 |     
   39 |     0.1021 |     0.8125 |    0.7099 |     0.1052 |     0.8071 |    0.7047 |   1.59e-04 |     
   40 |     0.1014 |     0.8135 |    0.7112 |     0.1052 |     0.8101 |    0.7089 |   1.53e-04 |     
   41 |     0.1007 |     0.8154 |    0.7135 |     0.1046 |     0.8120 |    0.7110 |   1.48e-04 |     
   42 |     0.1002 |     0.8163 |    0.7143 |     0.1045 |     0.8106 |    0.7087 |   1.42e-04 |     
   43 |     0.0986 |     0.8183 |    0.7172 |     0.1072 |     0.8092 |    0.7077 |   1.36e-04 |     
   44 |     0.0976 |     0.8210 |    0.7201 |     0.1020 |     0.8183 |    0.7185 |   1.30e-04 |     
   45 |     0.0973 |     0.8210 |    0.7204 |     0.1191 |     0.7921 |    0.6898 |   1.24e-04 |     
   46 |     0.0962 |     0.8230 |    0.7226 |     0.1033 |     0.8138 |    0.7140 |   1.18e-04 |     
   47 |     0.0954 |     0.8246 |    0.7249 |     0.1030 |     0.8082 |    0.7048 |   1.12e-04 |     
   48 |     0.0955 |     0.8241 |    0.7246 |     0.1029 |     0.8154 |    0.7143 |   1.07e-04 |     
   49 |     0.0943 |     0.8265 |    0.7277 |     0.1010 |     0.8167 |    0.7161 |   1.01e-04 |     
   50 |     0.0928 |     0.8293 |    0.7307 |     0.1054 |     0.8127 |    0.7122 |   9.54e-05 |     
   51 |     0.0922 |     0.8301 |    0.7320 |     0.1069 |     0.8143 |    0.7147 |   8.99e-05 |     
   52 |     0.0913 |     0.8311 |    0.7331 |     0.1116 |     0.8032 |    0.7015 |   8.45e-05 |     
   53 |     0.0901 |     0.8338 |    0.7364 |     0.0999 |     0.8179 |    0.7188 |   7.92e-05 |     
   54 |     0.0893 |     0.8345 |    0.7376 |     0.1002 |     0.8169 |    0.7174 |   7.40e-05 |     
   55 |     0.0887 |     0.8357 |    0.7390 |     0.1067 |     0.8089 |    0.7086 |   6.90e-05 |     
   56 |     0.0883 |     0.8360 |    0.7394 |     0.1003 |     0.8195 |    0.7200 |   6.41e-05 |    *
   57 |     0.0873 |     0.8383 |    0.7422 |     0.1034 |     0.8173 |    0.7170 |   5.93e-05 |     
--- R2 + image-value context regrouping with regroup_text anchors validation statistics ---
up4: ca=0.8992+/-0.0933, sa=1.0084+/-0.0067, amp=0.0000, suppress=0.0000, guide_abs=0.1338
up4 residuals: local_mean=5.327e-02, global_mean=0.0170, local_strength=0.1205, global_strength=0.1183, gain=[0.9909,1.0588], saturation=0.0153, text_film=0.0213
up4 haar: reconstruction_error=9.537e-07, skip_low/high=0.8008/0.1992, plam_low/high=1.0000/0.0000
up4 strengths: plam=0.9115, region=0.1205, detail=0.1183; residual_std region/detail/refine=0.3159/0.3828/0.3100
up4 guide_mix: entropy=0.9811, raw_low=0.3132, plam_low=0.2534, decoder_low=0.2716, detail=0.1618; agreement plam/decoder=0.6513/0.3880, support=0.8020+/-0.0534
up4 adaptive_frequency: ALPF strength=0.2532, weights=0.1405/0.7217/0.1378, sum=1.0000, entropy=0.7133, delta_std=0.0757; AHPF strength=0.0794, weights=0.2876/0.5470/0.1655, sum=1.0000, entropy=0.8926, residual_std=0.1012, scaled_std=0.0080
up3: ca=0.9944+/-0.1470, sa=1.0091+/-0.0037, amp=0.0000, suppress=0.0000, guide_abs=0.2629
up3 residuals: local_mean=2.015e-02, global_mean=0.0547, local_strength=0.1192, global_strength=0.1224, gain=[0.9948,1.0277], saturation=0.0000, text_film=0.0218
up3 haar: reconstruction_error=9.537e-07, skip_low/high=0.7916/0.2084, plam_low/high=1.0000/0.0000
up3 strengths: plam=0.8852, region=0.1192, detail=0.1224; residual_std region/detail/refine=0.3261/0.5607/0.4989
up3 guide_mix: entropy=0.9802, raw_low=0.3273, plam_low=0.2497, decoder_low=0.2580, detail=0.1650; agreement plam/decoder=0.0456/-0.0514, support=0.6746+/-0.0755
up3 adaptive_frequency: ALPF strength=0.2963, weights=0.1130/0.3797/0.5074, sum=1.0000, entropy=0.7744, delta_std=0.0654; AHPF strength=0.1023, weights=0.6547/0.2204/0.1249, sum=1.0000, entropy=0.7195, residual_std=0.0729, scaled_std=0.0075
up2: ca=0.9153+/-0.0975, sa=1.0044+/-0.0032, amp=0.0000, suppress=0.0000, guide_abs=0.1628
up2 residuals: local_mean=6.008e-03, global_mean=0.0323, local_strength=0.1185, global_strength=0.1145, gain=[0.9687,1.0367], saturation=0.0000, text_film=0.0264
up2 haar: reconstruction_error=9.537e-07, skip_low/high=0.7796/0.2204, plam_low/high=1.0000/0.0000
up2 strengths: plam=0.8132, region=0.1185, detail=0.1145; residual_std region/detail/refine=0.1788/0.2595/0.1130
up2 guide_mix: entropy=0.9323, raw_low=0.2943, plam_low=0.1436, decoder_low=0.4082, detail=0.1539; agreement plam/decoder=0.7094/0.0251, support=0.5557+/-0.0401
up1: ca=0.8361+/-0.1151, sa=1.0036+/-0.0107, amp=0.0000, suppress=0.0000, guide_abs=0.2294
up1 residuals: local_mean=1.448e-03, global_mean=0.0440, local_strength=0.1273, global_strength=0.0784, gain=[0.9233,1.0774], saturation=0.0303, text_film=0.0315
up1 haar: reconstruction_error=2.716e-06, skip_low/high=0.7199/0.2801, plam_low/high=1.0000/0.0000
up1 strengths: plam=0.9296, region=0.1273, detail=0.0784; residual_std region/detail/refine=0.5470/0.4091/0.1596
up1 guide_mix: entropy=0.9581, raw_low=0.2806, plam_low=0.2678, decoder_low=0.3332, detail=0.1183; agreement plam/decoder=0.5835/0.1004, support=0.7366+/-0.0918

========= Epoch [58/80] =========
M2_Test_session_09.13_22h33
Training with batch size : 16
   [Train] Epoch: [58][20/357]  Loss:0.115 (Avg 0.0877) IoU:0.687 (Avg 0.7406) Dice:0.7938 (Avg 0.8380) LR 5.47e-05   (AvgTime 0.6)   
   [Train] Epoch: [58][40/357]  Loss:0.101 (Avg 0.0845) IoU:0.710 (Avg 0.7480) Dice:0.8186 (Avg 0.8437) LR 5.47e-05   (AvgTime 0.6)   
   [Train] Epoch: [58][60/357]  Loss:0.140 (Avg 0.0842) IoU:0.668 (Avg 0.7504) Dice:0.7596 (Avg 0.8444) LR 5.47e-05   (AvgTime 0.6)   
   [Train] Epoch: [58][80/357]  Loss:0.061 (Avg 0.0851) IoU:0.802 (Avg 0.7487) Dice:0.8839 (Avg 0.8423) LR 5.47e-05   (AvgTime 0.6)   
   [Train] Epoch: [58][100/357]  Loss:0.075 (Avg 0.0842) IoU:0.759 (Avg 0.7511) Dice:0.8583 (Avg 0.8440) LR 5.47e-05   (AvgTime 0.6)   
   [Train] Epoch: [58][120/357]  Loss:0.061 (Avg 0.0842) IoU:0.799 (Avg 0.7510) Dice:0.8795 (Avg 0.8442) LR 5.47e-05   (AvgTime 0.6)   
   [Train] Epoch: [58][140/357]  Loss:0.087 (Avg 0.0843) IoU:0.758 (Avg 0.7499) Dice:0.8511 (Avg 0.8437) LR 5.47e-05   (AvgTime 0.6)   
   [Train] Epoch: [58][160/357]  Loss:0.076 (Avg 0.0848) IoU:0.767 (Avg 0.7481) Dice:0.8573 (Avg 0.8426) LR 5.47e-05   (AvgTime 0.6)   
   [Train] Epoch: [58][180/357]  Loss:0.129 (Avg 0.0854) IoU:0.652 (Avg 0.7467) Dice:0.7639 (Avg 0.8415) LR 5.47e-05   (AvgTime 0.6)   
   [Train] Epoch: [58][200/357]  Loss:0.085 (Avg 0.0856) IoU:0.742 (Avg 0.7461) Dice:0.8377 (Avg 0.8410) LR 5.47e-05   (AvgTime 0.6)   
   [Train] Epoch: [58][220/357]  Loss:0.094 (Avg 0.0859) IoU:0.755 (Avg 0.7458) Dice:0.8500 (Avg 0.8408) LR 5.47e-05   (AvgTime 0.6)   
   [Train] Epoch: [58][240/357]  Loss:0.105 (Avg 0.0856) IoU:0.712 (Avg 0.7463) Dice:0.8085 (Avg 0.8411) LR 5.47e-05   (AvgTime 0.6)   
   [Train] Epoch: [58][260/357]  Loss:0.061 (Avg 0.0861) IoU:0.810 (Avg 0.7451) Dice:0.8907 (Avg 0.8403) LR 5.47e-05   (AvgTime 0.6)   
   [Train] Epoch: [58][280/357]  Loss:0.060 (Avg 0.0858) IoU:0.802 (Avg 0.7456) Dice:0.8856 (Avg 0.8408) LR 5.47e-05   (AvgTime 0.6)   
   [Train] Epoch: [58][300/357]  Loss:0.097 (Avg 0.0857) IoU:0.702 (Avg 0.7457) Dice:0.8134 (Avg 0.8410) LR 5.47e-05   (AvgTime 0.6)   
   [Train] Epoch: [58][320/357]  Loss:0.078 (Avg 0.0857) IoU:0.752 (Avg 0.7456) Dice:0.8480 (Avg 0.8408) LR 5.47e-05   (AvgTime 0.6)   
   [Train] Epoch: [58][340/357]  Loss:0.071 (Avg 0.0857) IoU:0.788 (Avg 0.7458) Dice:0.8719 (Avg 0.8411) LR 5.47e-05   (AvgTime 0.6)   
   [Train] Epoch: [58][357/357]  Loss:0.080 (Avg 0.0856) IoU:0.751 (Avg 0.7458) Dice:0.8507 (Avg 0.8411) LR 5.47e-05   (AvgTime 0.6)   
   [Train] Loss components: dice=0.135389, focal=0.035820, total=0.085604
Validation
   [Val] Epoch: [58][20/90]  Loss:0.131 (Avg 0.1042) IoU:0.664 (Avg 0.7236) Dice:0.7841 (Avg 0.8250) (AvgTime 0.3)   
   [Val] Epoch: [58][40/90]  Loss:0.083 (Avg 0.1097) IoU:0.744 (Avg 0.7085) Dice:0.8441 (Avg 0.8109) (AvgTime 0.2)   
   [Val] Epoch: [58][60/90]  Loss:0.128 (Avg 0.1022) IoU:0.666 (Avg 0.7214) Dice:0.7694 (Avg 0.8197) (AvgTime 0.2)   
   [Val] Epoch: [58][80/90]  Loss:0.098 (Avg 0.1014) IoU:0.712 (Avg 0.7210) Dice:0.8127 (Avg 0.8194) (AvgTime 0.2)   
   [Val] Epoch: [58][90/90]  Loss:0.137 (Avg 0.1017) IoU:0.606 (Avg 0.7208) Dice:0.7364 (Avg 0.8192) (AvgTime 0.2)   
   [Val] Loss components: dice=0.152646, focal=0.050819, total=0.101732
	 Saving best model by iou: 0.720777
	 Saving to Covid19/BetterLViT/m2_text_regroup/M2_Test_session_09.13_22h33/models//best_model-BetterLViT.pth.tar
	 early_stopping_count: 0/80
--- Epoch History (1..58) ---
Epoch |  TrainLoss |  TrainDice |  TrainIoU |    ValLoss |    ValDice |    ValIoU |         LR | Best
    1 |     0.2378 |     0.6073 |    0.4781 |     0.2212 |     0.6176 |    0.4873 |   3.00e-04 |     
    2 |     0.1754 |     0.6971 |    0.5727 |     0.1642 |     0.7061 |    0.5868 |   3.00e-04 |     
    3 |     0.1564 |     0.7248 |    0.6043 |     0.1373 |     0.7621 |    0.6492 |   3.00e-04 |     
    4 |     0.1512 |     0.7340 |    0.6154 |     0.1450 |     0.7555 |    0.6397 |   2.99e-04 |     
    5 |     0.1427 |     0.7474 |    0.6307 |     0.1478 |     0.7229 |    0.6010 |   2.98e-04 |     
    6 |     0.1390 |     0.7527 |    0.6372 |     0.1355 |     0.7500 |    0.6298 |   2.97e-04 |     
    7 |     0.1353 |     0.7589 |    0.6439 |     0.1369 |     0.7611 |    0.6439 |   2.96e-04 |     
    8 |     0.1328 |     0.7617 |    0.6475 |     0.1354 |     0.7518 |    0.6330 |   2.94e-04 |     
    9 |     0.1294 |     0.7676 |    0.6543 |     0.1259 |     0.7724 |    0.6623 |   2.92e-04 |     
   10 |     0.1295 |     0.7672 |    0.6539 |     0.1216 |     0.7861 |    0.6776 |   2.91e-04 |     
   11 |     0.1289 |     0.7699 |    0.6573 |     0.1227 |     0.7768 |    0.6660 |   2.88e-04 |     
   12 |     0.1259 |     0.7736 |    0.6616 |     0.1186 |     0.7928 |    0.6867 |   2.86e-04 |     
   13 |     0.1252 |     0.7750 |    0.6628 |     0.1353 |     0.7535 |    0.6352 |   2.83e-04 |     
   14 |     0.1232 |     0.7784 |    0.6678 |     0.1165 |     0.7837 |    0.6714 |   2.80e-04 |     
   15 |     0.1251 |     0.7742 |    0.6624 |     0.1190 |     0.7813 |    0.6712 |   2.77e-04 |     
   16 |     0.1215 |     0.7804 |    0.6697 |     0.1217 |     0.7897 |    0.6820 |   2.74e-04 |     
   17 |     0.1251 |     0.7760 |    0.6651 |     0.1343 |     0.7581 |    0.6458 |   2.71e-04 |     
   18 |     0.1198 |     0.7841 |    0.6743 |     0.1146 |     0.7928 |    0.6860 |   2.67e-04 |     
   19 |     0.1188 |     0.7853 |    0.6759 |     0.1158 |     0.7821 |    0.6716 |   2.63e-04 |     
   20 |     0.1162 |     0.7892 |    0.6812 |     0.1173 |     0.7890 |    0.6811 |   2.59e-04 |     
   21 |     0.1166 |     0.7883 |    0.6797 |     0.1159 |     0.7814 |    0.6698 |   2.55e-04 |     
   22 |     0.1165 |     0.7891 |    0.6807 |     0.1344 |     0.7703 |    0.6587 |   2.51e-04 |     
   23 |     0.1151 |     0.7912 |    0.6838 |     0.1108 |     0.7995 |    0.6952 |   2.46e-04 |     
   24 |     0.1139 |     0.7933 |    0.6855 |     0.1130 |     0.8017 |    0.6980 |   2.42e-04 |     
   25 |     0.1139 |     0.7934 |    0.6864 |     0.1150 |     0.7985 |    0.6949 |   2.37e-04 |     
   26 |     0.1126 |     0.7952 |    0.6882 |     0.1089 |     0.7988 |    0.6928 |   2.32e-04 |     
   27 |     0.1106 |     0.7984 |    0.6923 |     0.1083 |     0.8002 |    0.6945 |   2.27e-04 |     
   28 |     0.1117 |     0.7968 |    0.6907 |     0.1093 |     0.8014 |    0.6969 |   2.22e-04 |     
   29 |     0.1108 |     0.7982 |    0.6926 |     0.1124 |     0.7947 |    0.6863 |   2.17e-04 |     
   30 |     0.1098 |     0.7995 |    0.6939 |     0.1096 |     0.7995 |    0.6962 |   2.11e-04 |     
   31 |     0.1100 |     0.8004 |    0.6948 |     0.1204 |     0.7933 |    0.6865 |   2.06e-04 |     
   32 |     0.1078 |     0.8031 |    0.6977 |     0.1063 |     0.8077 |    0.7051 |   2.00e-04 |     
   33 |     0.1066 |     0.8052 |    0.7006 |     0.1119 |     0.7959 |    0.6884 |   1.94e-04 |     
   34 |     0.1059 |     0.8063 |    0.7019 |     0.1097 |     0.8017 |    0.6963 |   1.89e-04 |     
   35 |     0.1044 |     0.8089 |    0.7053 |     0.1052 |     0.8108 |    0.7082 |   1.83e-04 |     
   36 |     0.1040 |     0.8097 |    0.7064 |     0.1073 |     0.7999 |    0.6943 |   1.77e-04 |     
   37 |     0.1048 |     0.8085 |    0.7047 |     0.1086 |     0.7999 |    0.6950 |   1.71e-04 |     
   38 |     0.1035 |     0.8101 |    0.7068 |     0.1042 |     0.8094 |    0.7070 |   1.65e-04 |     
   39 |     0.1021 |     0.8125 |    0.7099 |     0.1052 |     0.8071 |    0.7047 |   1.59e-04 |     
   40 |     0.1014 |     0.8135 |    0.7112 |     0.1052 |     0.8101 |    0.7089 |   1.53e-04 |     
   41 |     0.1007 |     0.8154 |    0.7135 |     0.1046 |     0.8120 |    0.7110 |   1.48e-04 |     
   42 |     0.1002 |     0.8163 |    0.7143 |     0.1045 |     0.8106 |    0.7087 |   1.42e-04 |     
   43 |     0.0986 |     0.8183 |    0.7172 |     0.1072 |     0.8092 |    0.7077 |   1.36e-04 |     
   44 |     0.0976 |     0.8210 |    0.7201 |     0.1020 |     0.8183 |    0.7185 |   1.30e-04 |     
   45 |     0.0973 |     0.8210 |    0.7204 |     0.1191 |     0.7921 |    0.6898 |   1.24e-04 |     
   46 |     0.0962 |     0.8230 |    0.7226 |     0.1033 |     0.8138 |    0.7140 |   1.18e-04 |     
   47 |     0.0954 |     0.8246 |    0.7249 |     0.1030 |     0.8082 |    0.7048 |   1.12e-04 |     
   48 |     0.0955 |     0.8241 |    0.7246 |     0.1029 |     0.8154 |    0.7143 |   1.07e-04 |     
   49 |     0.0943 |     0.8265 |    0.7277 |     0.1010 |     0.8167 |    0.7161 |   1.01e-04 |     
   50 |     0.0928 |     0.8293 |    0.7307 |     0.1054 |     0.8127 |    0.7122 |   9.54e-05 |     
   51 |     0.0922 |     0.8301 |    0.7320 |     0.1069 |     0.8143 |    0.7147 |   8.99e-05 |     
   52 |     0.0913 |     0.8311 |    0.7331 |     0.1116 |     0.8032 |    0.7015 |   8.45e-05 |     
   53 |     0.0901 |     0.8338 |    0.7364 |     0.0999 |     0.8179 |    0.7188 |   7.92e-05 |     
   54 |     0.0893 |     0.8345 |    0.7376 |     0.1002 |     0.8169 |    0.7174 |   7.40e-05 |     
   55 |     0.0887 |     0.8357 |    0.7390 |     0.1067 |     0.8089 |    0.7086 |   6.90e-05 |     
   56 |     0.0883 |     0.8360 |    0.7394 |     0.1003 |     0.8195 |    0.7200 |   6.41e-05 |     
   57 |     0.0873 |     0.8383 |    0.7422 |     0.1034 |     0.8173 |    0.7170 |   5.93e-05 |     
   58 |     0.0856 |     0.8411 |    0.7458 |     0.1017 |     0.8192 |    0.7208 |   5.47e-05 |    *
--- R2 + image-value context regrouping with regroup_text anchors validation statistics ---
up4: ca=0.9029+/-0.0914, sa=1.0083+/-0.0067, amp=0.0000, suppress=0.0000, guide_abs=0.1413
up4 residuals: local_mean=5.303e-02, global_mean=0.0171, local_strength=0.1205, global_strength=0.1183, gain=[0.9895,1.0589], saturation=0.0153, text_film=0.0199
up4 haar: reconstruction_error=9.537e-07, skip_low/high=0.8008/0.1992, plam_low/high=1.0000/0.0000
up4 strengths: plam=0.9115, region=0.1205, detail=0.1183; residual_std region/detail/refine=0.3224/0.3772/0.2996
up4 guide_mix: entropy=0.9803, raw_low=0.3179, plam_low=0.2390, decoder_low=0.2792, detail=0.1639; agreement plam/decoder=0.6270/0.4129, support=0.8064+/-0.0534
up4 adaptive_frequency: ALPF strength=0.2533, weights=0.1387/0.7235/0.1378, sum=1.0000, entropy=0.7104, delta_std=0.0774; AHPF strength=0.0794, weights=0.2896/0.5458/0.1646, sum=1.0000, entropy=0.8916, residual_std=0.1027, scaled_std=0.0082
up3: ca=0.9962+/-0.1461, sa=1.0093+/-0.0038, amp=0.0000, suppress=0.0000, guide_abs=0.2631
up3 residuals: local_mean=2.012e-02, global_mean=0.0560, local_strength=0.1192, global_strength=0.1224, gain=[0.9933,1.0281], saturation=0.0000, text_film=0.0269
up3 haar: reconstruction_error=9.537e-07, skip_low/high=0.7934/0.2066, plam_low/high=1.0000/0.0000
up3 strengths: plam=0.8850, region=0.1192, detail=0.1224; residual_std region/detail/refine=0.3214/0.5660/0.5046
up3 guide_mix: entropy=0.9792, raw_low=0.3327, plam_low=0.2363, decoder_low=0.2642, detail=0.1668; agreement plam/decoder=0.0196/-0.0523, support=0.6702+/-0.0747
up3 adaptive_frequency: ALPF strength=0.2966, weights=0.1102/0.3776/0.5122, sum=1.0000, entropy=0.7698, delta_std=0.0655; AHPF strength=0.1023, weights=0.6710/0.2103/0.1187, sum=1.0000, entropy=0.6988, residual_std=0.0678, scaled_std=0.0069
up2: ca=0.9208+/-0.0957, sa=1.0045+/-0.0030, amp=0.0000, suppress=0.0000, guide_abs=0.1597
up2 residuals: local_mean=5.913e-03, global_mean=0.0336, local_strength=0.1185, global_strength=0.1145, gain=[0.9716,1.0341], saturation=0.0000, text_film=0.0251
up2 haar: reconstruction_error=9.537e-07, skip_low/high=0.7810/0.2190, plam_low/high=1.0000/0.0000
up2 strengths: plam=0.8131, region=0.1185, detail=0.1145; residual_std region/detail/refine=0.1766/0.2487/0.1119
up2 guide_mix: entropy=0.9259, raw_low=0.2869, plam_low=0.1409, decoder_low=0.4215, detail=0.1506; agreement plam/decoder=0.6289/0.0577, support=0.5548+/-0.0387
up1: ca=0.8368+/-0.1141, sa=1.0036+/-0.0106, amp=0.0000, suppress=0.0000, guide_abs=0.2093
up1 residuals: local_mean=1.299e-03, global_mean=0.0441, local_strength=0.1274, global_strength=0.0783, gain=[0.9235,1.0772], saturation=0.0334, text_film=0.0421
up1 haar: reconstruction_error=1.907e-06, skip_low/high=0.7291/0.2709, plam_low/high=1.0000/0.0000
up1 strengths: plam=0.9295, region=0.1274, detail=0.0783; residual_std region/detail/refine=0.5793/0.4044/0.1600
up1 guide_mix: entropy=0.9575, raw_low=0.3009, plam_low=0.2480, decoder_low=0.3314, detail=0.1198; agreement plam/decoder=0.6847/0.1420, support=0.7304+/-0.0953

========= Epoch [59/80] =========
M2_Test_session_09.13_22h33
Training with batch size : 16
   [Train] Epoch: [59][20/357]  Loss:0.060 (Avg 0.0811) IoU:0.816 (Avg 0.7521) Dice:0.8941 (Avg 0.8471) LR 5.02e-05   (AvgTime 0.6)   
   [Train] Epoch: [59][40/357]  Loss:0.050 (Avg 0.0791) IoU:0.850 (Avg 0.7579) Dice:0.9132 (Avg 0.8507) LR 5.02e-05   (AvgTime 0.5)   
   [Train] Epoch: [59][60/357]  Loss:0.058 (Avg 0.0815) IoU:0.818 (Avg 0.7536) Dice:0.8942 (Avg 0.8472) LR 5.02e-05   (AvgTime 0.5)   
   [Train] Epoch: [59][80/357]  Loss:0.084 (Avg 0.0835) IoU:0.762 (Avg 0.7482) Dice:0.8503 (Avg 0.8438) LR 5.02e-05   (AvgTime 0.5)   
   [Train] Epoch: [59][100/357]  Loss:0.069 (Avg 0.0845) IoU:0.777 (Avg 0.7467) Dice:0.8666 (Avg 0.8425) LR 5.02e-05   (AvgTime 0.5)   
   [Train] Epoch: [59][120/357]  Loss:0.076 (Avg 0.0845) IoU:0.762 (Avg 0.7464) Dice:0.8588 (Avg 0.8420) LR 5.02e-05   (AvgTime 0.5)   
   [Train] Epoch: [59][140/357]  Loss:0.101 (Avg 0.0844) IoU:0.699 (Avg 0.7476) Dice:0.8077 (Avg 0.8428) LR 5.02e-05   (AvgTime 0.5)   
   [Train] Epoch: [59][160/357]  Loss:0.080 (Avg 0.0845) IoU:0.731 (Avg 0.7467) Dice:0.8393 (Avg 0.8422) LR 5.02e-05   (AvgTime 0.5)   
   [Train] Epoch: [59][180/357]  Loss:0.089 (Avg 0.0847) IoU:0.726 (Avg 0.7468) Dice:0.8314 (Avg 0.8424) LR 5.02e-05   (AvgTime 0.5)   
   [Train] Epoch: [59][200/357]  Loss:0.078 (Avg 0.0848) IoU:0.751 (Avg 0.7463) Dice:0.8432 (Avg 0.8420) LR 5.02e-05   (AvgTime 0.5)   
   [Train] Epoch: [59][220/357]  Loss:0.080 (Avg 0.0851) IoU:0.744 (Avg 0.7456) Dice:0.8398 (Avg 0.8414) LR 5.02e-05   (AvgTime 0.5)   
   [Train] Epoch: [59][240/357]  Loss:0.111 (Avg 0.0850) IoU:0.685 (Avg 0.7462) Dice:0.7914 (Avg 0.8417) LR 5.02e-05   (AvgTime 0.5)   
   [Train] Epoch: [59][260/357]  Loss:0.088 (Avg 0.0849) IoU:0.707 (Avg 0.7461) Dice:0.8113 (Avg 0.8418) LR 5.02e-05   (AvgTime 0.5)   
   [Train] Epoch: [59][280/357]  Loss:0.077 (Avg 0.0848) IoU:0.759 (Avg 0.7463) Dice:0.8555 (Avg 0.8418) LR 5.02e-05   (AvgTime 0.6)   
   [Train] Epoch: [59][300/357]  Loss:0.045 (Avg 0.0848) IoU:0.852 (Avg 0.7463) Dice:0.9193 (Avg 0.8418) LR 5.02e-05   (AvgTime 0.6)   
   [Train] Epoch: [59][320/357]  Loss:0.100 (Avg 0.0848) IoU:0.744 (Avg 0.7465) Dice:0.8393 (Avg 0.8420) LR 5.02e-05   (AvgTime 0.6)   
   [Train] Epoch: [59][340/357]  Loss:0.105 (Avg 0.0852) IoU:0.714 (Avg 0.7461) Dice:0.8166 (Avg 0.8417) LR 5.02e-05   (AvgTime 0.6)   
   [Train] Epoch: [59][357/357]  Loss:0.077 (Avg 0.0851) IoU:0.771 (Avg 0.7466) Dice:0.8649 (Avg 0.8420) LR 5.02e-05   (AvgTime 0.6)   
   [Train] Loss components: dice=0.134242, focal=0.035940, total=0.085091
Validation
   [Val] Epoch: [59][20/90]  Loss:0.134 (Avg 0.1054) IoU:0.663 (Avg 0.7208) Dice:0.7832 (Avg 0.8221) (AvgTime 0.3)   
   [Val] Epoch: [59][40/90]  Loss:0.093 (Avg 0.1090) IoU:0.724 (Avg 0.7081) Dice:0.8318 (Avg 0.8109) (AvgTime 0.2)   
   [Val] Epoch: [59][60/90]  Loss:0.140 (Avg 0.1020) IoU:0.647 (Avg 0.7217) Dice:0.7539 (Avg 0.8201) (AvgTime 0.2)   
   [Val] Epoch: [59][80/90]  Loss:0.091 (Avg 0.1008) IoU:0.732 (Avg 0.7219) Dice:0.8302 (Avg 0.8205) (AvgTime 0.2)   
   [Val] Epoch: [59][90/90]  Loss:0.146 (Avg 0.1011) IoU:0.593 (Avg 0.7214) Dice:0.7245 (Avg 0.8200) (AvgTime 0.2)   
   [Val] Loss components: dice=0.151084, focal=0.051020, total=0.101052
	 Saving best model by iou: 0.721376
	 Saving to Covid19/BetterLViT/m2_text_regroup/M2_Test_session_09.13_22h33/models//best_model-BetterLViT.pth.tar
	 early_stopping_count: 0/80
--- Epoch History (1..59) ---
Epoch |  TrainLoss |  TrainDice |  TrainIoU |    ValLoss |    ValDice |    ValIoU |         LR | Best
    1 |     0.2378 |     0.6073 |    0.4781 |     0.2212 |     0.6176 |    0.4873 |   3.00e-04 |     
    2 |     0.1754 |     0.6971 |    0.5727 |     0.1642 |     0.7061 |    0.5868 |   3.00e-04 |     
    3 |     0.1564 |     0.7248 |    0.6043 |     0.1373 |     0.7621 |    0.6492 |   3.00e-04 |     
    4 |     0.1512 |     0.7340 |    0.6154 |     0.1450 |     0.7555 |    0.6397 |   2.99e-04 |     
    5 |     0.1427 |     0.7474 |    0.6307 |     0.1478 |     0.7229 |    0.6010 |   2.98e-04 |     
    6 |     0.1390 |     0.7527 |    0.6372 |     0.1355 |     0.7500 |    0.6298 |   2.97e-04 |     
    7 |     0.1353 |     0.7589 |    0.6439 |     0.1369 |     0.7611 |    0.6439 |   2.96e-04 |     
    8 |     0.1328 |     0.7617 |    0.6475 |     0.1354 |     0.7518 |    0.6330 |   2.94e-04 |     
    9 |     0.1294 |     0.7676 |    0.6543 |     0.1259 |     0.7724 |    0.6623 |   2.92e-04 |     
   10 |     0.1295 |     0.7672 |    0.6539 |     0.1216 |     0.7861 |    0.6776 |   2.91e-04 |     
   11 |     0.1289 |     0.7699 |    0.6573 |     0.1227 |     0.7768 |    0.6660 |   2.88e-04 |     
   12 |     0.1259 |     0.7736 |    0.6616 |     0.1186 |     0.7928 |    0.6867 |   2.86e-04 |     
   13 |     0.1252 |     0.7750 |    0.6628 |     0.1353 |     0.7535 |    0.6352 |   2.83e-04 |     
   14 |     0.1232 |     0.7784 |    0.6678 |     0.1165 |     0.7837 |    0.6714 |   2.80e-04 |     
   15 |     0.1251 |     0.7742 |    0.6624 |     0.1190 |     0.7813 |    0.6712 |   2.77e-04 |     
   16 |     0.1215 |     0.7804 |    0.6697 |     0.1217 |     0.7897 |    0.6820 |   2.74e-04 |     
   17 |     0.1251 |     0.7760 |    0.6651 |     0.1343 |     0.7581 |    0.6458 |   2.71e-04 |     
   18 |     0.1198 |     0.7841 |    0.6743 |     0.1146 |     0.7928 |    0.6860 |   2.67e-04 |     
   19 |     0.1188 |     0.7853 |    0.6759 |     0.1158 |     0.7821 |    0.6716 |   2.63e-04 |     
   20 |     0.1162 |     0.7892 |    0.6812 |     0.1173 |     0.7890 |    0.6811 |   2.59e-04 |     
   21 |     0.1166 |     0.7883 |    0.6797 |     0.1159 |     0.7814 |    0.6698 |   2.55e-04 |     
   22 |     0.1165 |     0.7891 |    0.6807 |     0.1344 |     0.7703 |    0.6587 |   2.51e-04 |     
   23 |     0.1151 |     0.7912 |    0.6838 |     0.1108 |     0.7995 |    0.6952 |   2.46e-04 |     
   24 |     0.1139 |     0.7933 |    0.6855 |     0.1130 |     0.8017 |    0.6980 |   2.42e-04 |     
   25 |     0.1139 |     0.7934 |    0.6864 |     0.1150 |     0.7985 |    0.6949 |   2.37e-04 |     
   26 |     0.1126 |     0.7952 |    0.6882 |     0.1089 |     0.7988 |    0.6928 |   2.32e-04 |     
   27 |     0.1106 |     0.7984 |    0.6923 |     0.1083 |     0.8002 |    0.6945 |   2.27e-04 |     
   28 |     0.1117 |     0.7968 |    0.6907 |     0.1093 |     0.8014 |    0.6969 |   2.22e-04 |     
   29 |     0.1108 |     0.7982 |    0.6926 |     0.1124 |     0.7947 |    0.6863 |   2.17e-04 |     
   30 |     0.1098 |     0.7995 |    0.6939 |     0.1096 |     0.7995 |    0.6962 |   2.11e-04 |     
   31 |     0.1100 |     0.8004 |    0.6948 |     0.1204 |     0.7933 |    0.6865 |   2.06e-04 |     
   32 |     0.1078 |     0.8031 |    0.6977 |     0.1063 |     0.8077 |    0.7051 |   2.00e-04 |     
   33 |     0.1066 |     0.8052 |    0.7006 |     0.1119 |     0.7959 |    0.6884 |   1.94e-04 |     
   34 |     0.1059 |     0.8063 |    0.7019 |     0.1097 |     0.8017 |    0.6963 |   1.89e-04 |     
   35 |     0.1044 |     0.8089 |    0.7053 |     0.1052 |     0.8108 |    0.7082 |   1.83e-04 |     
   36 |     0.1040 |     0.8097 |    0.7064 |     0.1073 |     0.7999 |    0.6943 |   1.77e-04 |     
   37 |     0.1048 |     0.8085 |    0.7047 |     0.1086 |     0.7999 |    0.6950 |   1.71e-04 |     
   38 |     0.1035 |     0.8101 |    0.7068 |     0.1042 |     0.8094 |    0.7070 |   1.65e-04 |     
   39 |     0.1021 |     0.8125 |    0.7099 |     0.1052 |     0.8071 |    0.7047 |   1.59e-04 |     
   40 |     0.1014 |     0.8135 |    0.7112 |     0.1052 |     0.8101 |    0.7089 |   1.53e-04 |     
   41 |     0.1007 |     0.8154 |    0.7135 |     0.1046 |     0.8120 |    0.7110 |   1.48e-04 |     
   42 |     0.1002 |     0.8163 |    0.7143 |     0.1045 |     0.8106 |    0.7087 |   1.42e-04 |     
   43 |     0.0986 |     0.8183 |    0.7172 |     0.1072 |     0.8092 |    0.7077 |   1.36e-04 |     
   44 |     0.0976 |     0.8210 |    0.7201 |     0.1020 |     0.8183 |    0.7185 |   1.30e-04 |     
   45 |     0.0973 |     0.8210 |    0.7204 |     0.1191 |     0.7921 |    0.6898 |   1.24e-04 |     
   46 |     0.0962 |     0.8230 |    0.7226 |     0.1033 |     0.8138 |    0.7140 |   1.18e-04 |     
   47 |     0.0954 |     0.8246 |    0.7249 |     0.1030 |     0.8082 |    0.7048 |   1.12e-04 |     
   48 |     0.0955 |     0.8241 |    0.7246 |     0.1029 |     0.8154 |    0.7143 |   1.07e-04 |     
   49 |     0.0943 |     0.8265 |    0.7277 |     0.1010 |     0.8167 |    0.7161 |   1.01e-04 |     
   50 |     0.0928 |     0.8293 |    0.7307 |     0.1054 |     0.8127 |    0.7122 |   9.54e-05 |     
   51 |     0.0922 |     0.8301 |    0.7320 |     0.1069 |     0.8143 |    0.7147 |   8.99e-05 |     
   52 |     0.0913 |     0.8311 |    0.7331 |     0.1116 |     0.8032 |    0.7015 |   8.45e-05 |     
   53 |     0.0901 |     0.8338 |    0.7364 |     0.0999 |     0.8179 |    0.7188 |   7.92e-05 |     
   54 |     0.0893 |     0.8345 |    0.7376 |     0.1002 |     0.8169 |    0.7174 |   7.40e-05 |     
   55 |     0.0887 |     0.8357 |    0.7390 |     0.1067 |     0.8089 |    0.7086 |   6.90e-05 |     
   56 |     0.0883 |     0.8360 |    0.7394 |     0.1003 |     0.8195 |    0.7200 |   6.41e-05 |     
   57 |     0.0873 |     0.8383 |    0.7422 |     0.1034 |     0.8173 |    0.7170 |   5.93e-05 |     
   58 |     0.0856 |     0.8411 |    0.7458 |     0.1017 |     0.8192 |    0.7208 |   5.47e-05 |     
   59 |     0.0851 |     0.8420 |    0.7466 |     0.1011 |     0.8200 |    0.7214 |   5.02e-05 |    *
--- R2 + image-value context regrouping with regroup_text anchors validation statistics ---
up4: ca=0.9001+/-0.0929, sa=1.0084+/-0.0067, amp=0.0000, suppress=0.0000, guide_abs=0.1320
up4 residuals: local_mean=5.307e-02, global_mean=0.0172, local_strength=0.1205, global_strength=0.1183, gain=[0.9894,1.0603], saturation=0.0163, text_film=0.0198
up4 haar: reconstruction_error=5.364e-07, skip_low/high=0.7979/0.2021, plam_low/high=1.0000/0.0000
up4 strengths: plam=0.9116, region=0.1205, detail=0.1183; residual_std region/detail/refine=0.3126/0.3739/0.2990
up4 guide_mix: entropy=0.9812, raw_low=0.3170, plam_low=0.2452, decoder_low=0.2734, detail=0.1644; agreement plam/decoder=0.6191/0.3941, support=0.7883+/-0.0520
up4 adaptive_frequency: ALPF strength=0.2535, weights=0.1419/0.7212/0.1370, sum=1.0000, entropy=0.7140, delta_std=0.0762; AHPF strength=0.0794, weights=0.2807/0.5517/0.1676, sum=1.0000, entropy=0.8909, residual_std=0.1041, scaled_std=0.0083
up3: ca=1.0000+/-0.1444, sa=1.0093+/-0.0038, amp=0.0000, suppress=0.0000, guide_abs=0.2575
up3 residuals: local_mean=1.963e-02, global_mean=0.0567, local_strength=0.1193, global_strength=0.1225, gain=[0.9938,1.0290], saturation=0.0000, text_film=0.0298
up3 haar: reconstruction_error=9.537e-07, skip_low/high=0.7908/0.2092, plam_low/high=1.0000/0.0000
up3 strengths: plam=0.8849, region=0.1193, detail=0.1225; residual_std region/detail/refine=0.3301/0.5664/0.5047
up3 guide_mix: entropy=0.9795, raw_low=0.3334, plam_low=0.2366, decoder_low=0.2618, detail=0.1682; agreement plam/decoder=0.0005/-0.0642, support=0.6667+/-0.0747
up3 adaptive_frequency: ALPF strength=0.2969, weights=0.1236/0.4243/0.4522, sum=1.0000, entropy=0.7888, delta_std=0.0645; AHPF strength=0.1023, weights=0.5957/0.2553/0.1490, sum=1.0000, entropy=0.7734, residual_std=0.0858, scaled_std=0.0088
up2: ca=0.9187+/-0.0979, sa=1.0045+/-0.0031, amp=0.0000, suppress=0.0000, guide_abs=0.1557
up2 residuals: local_mean=5.883e-03, global_mean=0.0329, local_strength=0.1185, global_strength=0.1145, gain=[0.9707,1.0362], saturation=0.0000, text_film=0.0259
up2 haar: reconstruction_error=9.537e-07, skip_low/high=0.7776/0.2224, plam_low/high=1.0000/0.0000
up2 strengths: plam=0.8129, region=0.1185, detail=0.1145; residual_std region/detail/refine=0.1773/0.2607/0.1124
up2 guide_mix: entropy=0.9335, raw_low=0.2945, plam_low=0.1445, decoder_low=0.4064, detail=0.1546; agreement plam/decoder=0.7309/0.0932, support=0.5542+/-0.0389
up1: ca=0.8375+/-0.1123, sa=1.0036+/-0.0107, amp=0.0000, suppress=0.0000, guide_abs=0.2072
up1 residuals: local_mean=1.223e-03, global_mean=0.0443, local_strength=0.1274, global_strength=0.0783, gain=[0.9235,1.0771], saturation=0.0248, text_film=0.0301
up1 haar: reconstruction_error=2.831e-06, skip_low/high=0.7202/0.2798, plam_low/high=1.0000/0.0000
up1 strengths: plam=0.9294, region=0.1274, detail=0.0783; residual_std region/detail/refine=0.5347/0.4055/0.1603
up1 guide_mix: entropy=0.9580, raw_low=0.2803, plam_low=0.2632, decoder_low=0.3371, detail=0.1193; agreement plam/decoder=0.6562/0.0984, support=0.7254+/-0.0902

========= Epoch [60/80] =========
M2_Test_session_09.13_22h33
Training with batch size : 16
   [Train] Epoch: [60][20/357]  Loss:0.074 (Avg 0.0928) IoU:0.780 (Avg 0.7305) Dice:0.8692 (Avg 0.8288) LR 4.58e-05   (AvgTime 0.6)   
   [Train] Epoch: [60][40/357]  Loss:0.070 (Avg 0.0896) IoU:0.778 (Avg 0.7364) Dice:0.8629 (Avg 0.8342) LR 4.58e-05   (AvgTime 0.6)   
   [Train] Epoch: [60][60/357]  Loss:0.082 (Avg 0.0881) IoU:0.737 (Avg 0.7390) Dice:0.8357 (Avg 0.8361) LR 4.58e-05   (AvgTime 0.6)   
   [Train] Epoch: [60][80/357]  Loss:0.083 (Avg 0.0884) IoU:0.757 (Avg 0.7377) Dice:0.8519 (Avg 0.8353) LR 4.58e-05   (AvgTime 0.6)   
   [Train] Epoch: [60][100/357]  Loss:0.059 (Avg 0.0863) IoU:0.810 (Avg 0.7429) Dice:0.8886 (Avg 0.8396) LR 4.58e-05   (AvgTime 0.6)   
   [Train] Epoch: [60][120/357]  Loss:0.115 (Avg 0.0863) IoU:0.700 (Avg 0.7432) Dice:0.8077 (Avg 0.8394) LR 4.58e-05   (AvgTime 0.6)   
   [Train] Epoch: [60][140/357]  Loss:0.101 (Avg 0.0866) IoU:0.699 (Avg 0.7422) Dice:0.7981 (Avg 0.8386) LR 4.58e-05   (AvgTime 0.6)   
   [Train] Epoch: [60][160/357]  Loss:0.102 (Avg 0.0858) IoU:0.674 (Avg 0.7440) Dice:0.7968 (Avg 0.8402) LR 4.58e-05   (AvgTime 0.6)   
   [Train] Epoch: [60][180/357]  Loss:0.073 (Avg 0.0864) IoU:0.761 (Avg 0.7432) Dice:0.8502 (Avg 0.8396) LR 4.58e-05   (AvgTime 0.6)   
   [Train] Epoch: [60][200/357]  Loss:0.077 (Avg 0.0864) IoU:0.764 (Avg 0.7436) Dice:0.8546 (Avg 0.8397) LR 4.58e-05   (AvgTime 0.6)   
   [Train] Epoch: [60][220/357]  Loss:0.069 (Avg 0.0857) IoU:0.760 (Avg 0.7450) Dice:0.8604 (Avg 0.8408) LR 4.58e-05   (AvgTime 0.6)   
   [Train] Epoch: [60][240/357]  Loss:0.060 (Avg 0.0850) IoU:0.810 (Avg 0.7468) Dice:0.8915 (Avg 0.8422) LR 4.58e-05   (AvgTime 0.6)   
   [Train] Epoch: [60][260/357]  Loss:0.075 (Avg 0.0849) IoU:0.787 (Avg 0.7474) Dice:0.8738 (Avg 0.8426) LR 4.58e-05   (AvgTime 0.6)   
   [Train] Epoch: [60][280/357]  Loss:0.078 (Avg 0.0848) IoU:0.789 (Avg 0.7475) Dice:0.8726 (Avg 0.8426) LR 4.58e-05   (AvgTime 0.6)   
   [Train] Epoch: [60][300/357]  Loss:0.096 (Avg 0.0845) IoU:0.714 (Avg 0.7477) Dice:0.8179 (Avg 0.8429) LR 4.58e-05   (AvgTime 0.6)   
   [Train] Epoch: [60][320/357]  Loss:0.084 (Avg 0.0848) IoU:0.759 (Avg 0.7473) Dice:0.8556 (Avg 0.8425) LR 4.58e-05   (AvgTime 0.6)   
   [Train] Epoch: [60][340/357]  Loss:0.099 (Avg 0.0845) IoU:0.700 (Avg 0.7479) Dice:0.8042 (Avg 0.8430) LR 4.58e-05   (AvgTime 0.6)   
   [Train] Epoch: [60][357/357]  Loss:0.085 (Avg 0.0844) IoU:0.751 (Avg 0.7483) Dice:0.8423 (Avg 0.8432) LR 4.58e-05   (AvgTime 0.6)   
   [Train] Loss components: dice=0.133197, focal=0.035516, total=0.084356
Validation
   [Val] Epoch: [60][20/90]  Loss:0.125 (Avg 0.1055) IoU:0.685 (Avg 0.7261) Dice:0.8018 (Avg 0.8272) (AvgTime 0.3)   
   [Val] Epoch: [60][40/90]  Loss:0.086 (Avg 0.1097) IoU:0.732 (Avg 0.7112) Dice:0.8356 (Avg 0.8134) (AvgTime 0.2)   
   [Val] Epoch: [60][60/90]  Loss:0.136 (Avg 0.1025) IoU:0.648 (Avg 0.7226) Dice:0.7558 (Avg 0.8208) (AvgTime 0.2)   
   [Val] Epoch: [60][80/90]  Loss:0.094 (Avg 0.1009) IoU:0.716 (Avg 0.7223) Dice:0.8178 (Avg 0.8210) (AvgTime 0.2)   
   [Val] Epoch: [60][90/90]  Loss:0.134 (Avg 0.1008) IoU:0.608 (Avg 0.7224) Dice:0.7378 (Avg 0.8211) (AvgTime 0.2)   
   [Val] Loss components: dice=0.150529, focal=0.051042, total=0.100786
	 Saving best model by iou: 0.722385
	 Saving to Covid19/BetterLViT/m2_text_regroup/M2_Test_session_09.13_22h33/models//best_model-BetterLViT.pth.tar
	 early_stopping_count: 0/80
--- Epoch History (1..60) ---
Epoch |  TrainLoss |  TrainDice |  TrainIoU |    ValLoss |    ValDice |    ValIoU |         LR | Best
    1 |     0.2378 |     0.6073 |    0.4781 |     0.2212 |     0.6176 |    0.4873 |   3.00e-04 |     
    2 |     0.1754 |     0.6971 |    0.5727 |     0.1642 |     0.7061 |    0.5868 |   3.00e-04 |     
    3 |     0.1564 |     0.7248 |    0.6043 |     0.1373 |     0.7621 |    0.6492 |   3.00e-04 |     
    4 |     0.1512 |     0.7340 |    0.6154 |     0.1450 |     0.7555 |    0.6397 |   2.99e-04 |     
    5 |     0.1427 |     0.7474 |    0.6307 |     0.1478 |     0.7229 |    0.6010 |   2.98e-04 |     
    6 |     0.1390 |     0.7527 |    0.6372 |     0.1355 |     0.7500 |    0.6298 |   2.97e-04 |     
    7 |     0.1353 |     0.7589 |    0.6439 |     0.1369 |     0.7611 |    0.6439 |   2.96e-04 |     
    8 |     0.1328 |     0.7617 |    0.6475 |     0.1354 |     0.7518 |    0.6330 |   2.94e-04 |     
    9 |     0.1294 |     0.7676 |    0.6543 |     0.1259 |     0.7724 |    0.6623 |   2.92e-04 |     
   10 |     0.1295 |     0.7672 |    0.6539 |     0.1216 |     0.7861 |    0.6776 |   2.91e-04 |     
   11 |     0.1289 |     0.7699 |    0.6573 |     0.1227 |     0.7768 |    0.6660 |   2.88e-04 |     
   12 |     0.1259 |     0.7736 |    0.6616 |     0.1186 |     0.7928 |    0.6867 |   2.86e-04 |     
   13 |     0.1252 |     0.7750 |    0.6628 |     0.1353 |     0.7535 |    0.6352 |   2.83e-04 |     
   14 |     0.1232 |     0.7784 |    0.6678 |     0.1165 |     0.7837 |    0.6714 |   2.80e-04 |     
   15 |     0.1251 |     0.7742 |    0.6624 |     0.1190 |     0.7813 |    0.6712 |   2.77e-04 |     
   16 |     0.1215 |     0.7804 |    0.6697 |     0.1217 |     0.7897 |    0.6820 |   2.74e-04 |     
   17 |     0.1251 |     0.7760 |    0.6651 |     0.1343 |     0.7581 |    0.6458 |   2.71e-04 |     
   18 |     0.1198 |     0.7841 |    0.6743 |     0.1146 |     0.7928 |    0.6860 |   2.67e-04 |     
   19 |     0.1188 |     0.7853 |    0.6759 |     0.1158 |     0.7821 |    0.6716 |   2.63e-04 |     
   20 |     0.1162 |     0.7892 |    0.6812 |     0.1173 |     0.7890 |    0.6811 |   2.59e-04 |     
   21 |     0.1166 |     0.7883 |    0.6797 |     0.1159 |     0.7814 |    0.6698 |   2.55e-04 |     
   22 |     0.1165 |     0.7891 |    0.6807 |     0.1344 |     0.7703 |    0.6587 |   2.51e-04 |     
   23 |     0.1151 |     0.7912 |    0.6838 |     0.1108 |     0.7995 |    0.6952 |   2.46e-04 |     
   24 |     0.1139 |     0.7933 |    0.6855 |     0.1130 |     0.8017 |    0.6980 |   2.42e-04 |     
   25 |     0.1139 |     0.7934 |    0.6864 |     0.1150 |     0.7985 |    0.6949 |   2.37e-04 |     
   26 |     0.1126 |     0.7952 |    0.6882 |     0.1089 |     0.7988 |    0.6928 |   2.32e-04 |     
   27 |     0.1106 |     0.7984 |    0.6923 |     0.1083 |     0.8002 |    0.6945 |   2.27e-04 |     
   28 |     0.1117 |     0.7968 |    0.6907 |     0.1093 |     0.8014 |    0.6969 |   2.22e-04 |     
   29 |     0.1108 |     0.7982 |    0.6926 |     0.1124 |     0.7947 |    0.6863 |   2.17e-04 |     
   30 |     0.1098 |     0.7995 |    0.6939 |     0.1096 |     0.7995 |    0.6962 |   2.11e-04 |     
   31 |     0.1100 |     0.8004 |    0.6948 |     0.1204 |     0.7933 |    0.6865 |   2.06e-04 |     
   32 |     0.1078 |     0.8031 |    0.6977 |     0.1063 |     0.8077 |    0.7051 |   2.00e-04 |     
   33 |     0.1066 |     0.8052 |    0.7006 |     0.1119 |     0.7959 |    0.6884 |   1.94e-04 |     
   34 |     0.1059 |     0.8063 |    0.7019 |     0.1097 |     0.8017 |    0.6963 |   1.89e-04 |     
   35 |     0.1044 |     0.8089 |    0.7053 |     0.1052 |     0.8108 |    0.7082 |   1.83e-04 |     
   36 |     0.1040 |     0.8097 |    0.7064 |     0.1073 |     0.7999 |    0.6943 |   1.77e-04 |     
   37 |     0.1048 |     0.8085 |    0.7047 |     0.1086 |     0.7999 |    0.6950 |   1.71e-04 |     
   38 |     0.1035 |     0.8101 |    0.7068 |     0.1042 |     0.8094 |    0.7070 |   1.65e-04 |     
   39 |     0.1021 |     0.8125 |    0.7099 |     0.1052 |     0.8071 |    0.7047 |   1.59e-04 |     
   40 |     0.1014 |     0.8135 |    0.7112 |     0.1052 |     0.8101 |    0.7089 |   1.53e-04 |     
   41 |     0.1007 |     0.8154 |    0.7135 |     0.1046 |     0.8120 |    0.7110 |   1.48e-04 |     
   42 |     0.1002 |     0.8163 |    0.7143 |     0.1045 |     0.8106 |    0.7087 |   1.42e-04 |     
   43 |     0.0986 |     0.8183 |    0.7172 |     0.1072 |     0.8092 |    0.7077 |   1.36e-04 |     
   44 |     0.0976 |     0.8210 |    0.7201 |     0.1020 |     0.8183 |    0.7185 |   1.30e-04 |     
   45 |     0.0973 |     0.8210 |    0.7204 |     0.1191 |     0.7921 |    0.6898 |   1.24e-04 |     
   46 |     0.0962 |     0.8230 |    0.7226 |     0.1033 |     0.8138 |    0.7140 |   1.18e-04 |     
   47 |     0.0954 |     0.8246 |    0.7249 |     0.1030 |     0.8082 |    0.7048 |   1.12e-04 |     
   48 |     0.0955 |     0.8241 |    0.7246 |     0.1029 |     0.8154 |    0.7143 |   1.07e-04 |     
   49 |     0.0943 |     0.8265 |    0.7277 |     0.1010 |     0.8167 |    0.7161 |   1.01e-04 |     
   50 |     0.0928 |     0.8293 |    0.7307 |     0.1054 |     0.8127 |    0.7122 |   9.54e-05 |     
   51 |     0.0922 |     0.8301 |    0.7320 |     0.1069 |     0.8143 |    0.7147 |   8.99e-05 |     
   52 |     0.0913 |     0.8311 |    0.7331 |     0.1116 |     0.8032 |    0.7015 |   8.45e-05 |     
   53 |     0.0901 |     0.8338 |    0.7364 |     0.0999 |     0.8179 |    0.7188 |   7.92e-05 |     
   54 |     0.0893 |     0.8345 |    0.7376 |     0.1002 |     0.8169 |    0.7174 |   7.40e-05 |     
   55 |     0.0887 |     0.8357 |    0.7390 |     0.1067 |     0.8089 |    0.7086 |   6.90e-05 |     
   56 |     0.0883 |     0.8360 |    0.7394 |     0.1003 |     0.8195 |    0.7200 |   6.41e-05 |     
   57 |     0.0873 |     0.8383 |    0.7422 |     0.1034 |     0.8173 |    0.7170 |   5.93e-05 |     
   58 |     0.0856 |     0.8411 |    0.7458 |     0.1017 |     0.8192 |    0.7208 |   5.47e-05 |     
   59 |     0.0851 |     0.8420 |    0.7466 |     0.1011 |     0.8200 |    0.7214 |   5.02e-05 |     
   60 |     0.0844 |     0.8432 |    0.7483 |     0.1008 |     0.8211 |    0.7224 |   4.58e-05 |    *
--- R2 + image-value context regrouping with regroup_text anchors validation statistics ---
up4: ca=0.9030+/-0.0899, sa=1.0089+/-0.0068, amp=0.0000, suppress=0.0000, guide_abs=0.1323
up4 residuals: local_mean=5.442e-02, global_mean=0.0203, local_strength=0.1205, global_strength=0.1184, gain=[0.9906,1.0541], saturation=0.0102, text_film=0.0198
up4 haar: reconstruction_error=9.537e-07, skip_low/high=0.7997/0.2003, plam_low/high=1.0000/0.0000
up4 strengths: plam=0.9116, region=0.1205, detail=0.1184; residual_std region/detail/refine=0.3080/0.3725/0.3008
up4 guide_mix: entropy=0.9808, raw_low=0.3130, plam_low=0.2516, decoder_low=0.2743, detail=0.1611; agreement plam/decoder=0.6309/0.3484, support=0.7922+/-0.0529
up4 adaptive_frequency: ALPF strength=0.2537, weights=0.1403/0.7240/0.1357, sum=1.0000, entropy=0.7099, delta_std=0.0754; AHPF strength=0.0794, weights=0.2844/0.5489/0.1667, sum=1.0000, entropy=0.8921, residual_std=0.1005, scaled_std=0.0080
up3: ca=1.0025+/-0.1434, sa=1.0093+/-0.0037, amp=0.0000, suppress=0.0000, guide_abs=0.2524
up3 residuals: local_mean=1.970e-02, global_mean=0.0567, local_strength=0.1193, global_strength=0.1225, gain=[0.9957,1.0302], saturation=0.0000, text_film=0.0272
up3 haar: reconstruction_error=9.537e-07, skip_low/high=0.7891/0.2109, plam_low/high=1.0000/0.0000
up3 strengths: plam=0.8846, region=0.1193, detail=0.1225; residual_std region/detail/refine=0.3227/0.5673/0.5062
up3 guide_mix: entropy=0.9799, raw_low=0.3327, plam_low=0.2369, decoder_low=0.2615, detail=0.1689; agreement plam/decoder=-0.0192/-0.0621, support=0.6637+/-0.0757
up3 adaptive_frequency: ALPF strength=0.2972, weights=0.1134/0.3850/0.5015, sum=1.0000, entropy=0.7673, delta_std=0.0650; AHPF strength=0.1024, weights=0.6309/0.2370/0.1321, sum=1.0000, entropy=0.7513, residual_std=0.0765, scaled_std=0.0078
up2: ca=0.9201+/-0.0950, sa=1.0045+/-0.0031, amp=0.0000, suppress=0.0000, guide_abs=0.1565
up2 residuals: local_mean=5.820e-03, global_mean=0.0335, local_strength=0.1185, global_strength=0.1145, gain=[0.9722,1.0350], saturation=0.0000, text_film=0.0245
up2 haar: reconstruction_error=9.537e-07, skip_low/high=0.7746/0.2254, plam_low/high=1.0000/0.0000
up2 strengths: plam=0.8128, region=0.1185, detail=0.1145; residual_std region/detail/refine=0.1760/0.2622/0.1121
up2 guide_mix: entropy=0.9322, raw_low=0.2961, plam_low=0.1405, decoder_low=0.4069, detail=0.1565; agreement plam/decoder=0.6652/-0.0109, support=0.5547+/-0.0380
up1: ca=0.8407+/-0.1110, sa=1.0036+/-0.0106, amp=0.0000, suppress=0.0000, guide_abs=0.2010
up1 residuals: local_mean=1.241e-03, global_mean=0.0444, local_strength=0.1274, global_strength=0.0782, gain=[0.9236,1.0769], saturation=0.0269, text_film=0.0314
up1 haar: reconstruction_error=2.825e-06, skip_low/high=0.7215/0.2785, plam_low/high=1.0000/0.0000
up1 strengths: plam=0.9293, region=0.1274, detail=0.0782; residual_std region/detail/refine=0.5638/0.4045/0.1604
up1 guide_mix: entropy=0.9574, raw_low=0.2826, plam_low=0.2663, decoder_low=0.3336, detail=0.1175; agreement plam/decoder=0.6702/0.1539, support=0.7218+/-0.0934

========= Epoch [61/80] =========
M2_Test_session_09.13_22h33
Training with batch size : 16
   [Train] Epoch: [61][20/357]  Loss:0.078 (Avg 0.0779) IoU:0.769 (Avg 0.7655) Dice:0.8616 (Avg 0.8570) LR 4.17e-05   (AvgTime 0.6)   
   [Train] Epoch: [61][40/357]  Loss:0.078 (Avg 0.0828) IoU:0.769 (Avg 0.7528) Dice:0.8619 (Avg 0.8469) LR 4.17e-05   (AvgTime 0.6)   
   [Train] Epoch: [61][60/357]  Loss:0.080 (Avg 0.0841) IoU:0.789 (Avg 0.7514) Dice:0.8764 (Avg 0.8450) LR 4.17e-05   (AvgTime 0.6)   
   [Train] Epoch: [61][80/357]  Loss:0.088 (Avg 0.0822) IoU:0.764 (Avg 0.7548) Dice:0.8445 (Avg 0.8475) LR 4.17e-05   (AvgTime 0.6)   
   [Train] Epoch: [61][100/357]  Loss:0.064 (Avg 0.0809) IoU:0.802 (Avg 0.7583) Dice:0.8795 (Avg 0.8504) LR 4.17e-05   (AvgTime 0.6)   
   [Train] Epoch: [61][120/357]  Loss:0.067 (Avg 0.0806) IoU:0.793 (Avg 0.7590) Dice:0.8785 (Avg 0.8508) LR 4.17e-05   (AvgTime 0.6)   
   [Train] Epoch: [61][140/357]  Loss:0.080 (Avg 0.0809) IoU:0.769 (Avg 0.7580) Dice:0.8557 (Avg 0.8503) LR 4.17e-05   (AvgTime 0.6)   
   [Train] Epoch: [61][160/357]  Loss:0.082 (Avg 0.0812) IoU:0.754 (Avg 0.7572) Dice:0.8418 (Avg 0.8497) LR 4.17e-05   (AvgTime 0.6)   
   [Train] Epoch: [61][180/357]  Loss:0.100 (Avg 0.0821) IoU:0.715 (Avg 0.7550) Dice:0.8117 (Avg 0.8480) LR 4.17e-05   (AvgTime 0.6)   
   [Train] Epoch: [61][200/357]  Loss:0.082 (Avg 0.0826) IoU:0.748 (Avg 0.7535) Dice:0.8472 (Avg 0.8468) LR 4.17e-05   (AvgTime 0.6)   
   [Train] Epoch: [61][220/357]  Loss:0.072 (Avg 0.0829) IoU:0.762 (Avg 0.7530) Dice:0.8566 (Avg 0.8463) LR 4.17e-05   (AvgTime 0.6)   
   [Train] Epoch: [61][240/357]  Loss:0.103 (Avg 0.0835) IoU:0.686 (Avg 0.7514) Dice:0.7994 (Avg 0.8452) LR 4.17e-05   (AvgTime 0.6)   
   [Train] Epoch: [61][260/357]  Loss:0.124 (Avg 0.0843) IoU:0.659 (Avg 0.7494) Dice:0.7780 (Avg 0.8436) LR 4.17e-05   (AvgTime 0.6)   
   [Train] Epoch: [61][280/357]  Loss:0.087 (Avg 0.0842) IoU:0.741 (Avg 0.7496) Dice:0.8352 (Avg 0.8436) LR 4.17e-05   (AvgTime 0.6)   
   [Train] Epoch: [61][300/357]  Loss:0.060 (Avg 0.0842) IoU:0.805 (Avg 0.7495) Dice:0.8871 (Avg 0.8437) LR 4.17e-05   (AvgTime 0.6)   
   [Train] Epoch: [61][320/357]  Loss:0.084 (Avg 0.0840) IoU:0.741 (Avg 0.7499) Dice:0.8381 (Avg 0.8440) LR 4.17e-05   (AvgTime 0.6)   
   [Train] Epoch: [61][340/357]  Loss:0.087 (Avg 0.0836) IoU:0.720 (Avg 0.7508) Dice:0.8207 (Avg 0.8447) LR 4.17e-05   (AvgTime 0.6)   
   [Train] Epoch: [61][357/357]  Loss:0.059 (Avg 0.0836) IoU:0.804 (Avg 0.7509) Dice:0.8857 (Avg 0.8448) LR 4.17e-05   (AvgTime 0.6)   
   [Train] Loss components: dice=0.131978, focal=0.035226, total=0.083602
Validation
   [Val] Epoch: [61][20/90]  Loss:0.123 (Avg 0.1051) IoU:0.687 (Avg 0.7227) Dice:0.8009 (Avg 0.8240) (AvgTime 0.3)   
   [Val] Epoch: [61][40/90]  Loss:0.086 (Avg 0.1092) IoU:0.739 (Avg 0.7095) Dice:0.8384 (Avg 0.8115) (AvgTime 0.2)   
   [Val] Epoch: [61][60/90]  Loss:0.134 (Avg 0.1019) IoU:0.658 (Avg 0.7215) Dice:0.7612 (Avg 0.8194) (AvgTime 0.2)   
   [Val] Epoch: [61][80/90]  Loss:0.101 (Avg 0.1009) IoU:0.706 (Avg 0.7205) Dice:0.8093 (Avg 0.8189) (AvgTime 0.2)   
   [Val] Epoch: [61][90/90]  Loss:0.128 (Avg 0.1007) IoU:0.633 (Avg 0.7203) Dice:0.7583 (Avg 0.8188) (AvgTime 0.2)   
   [Val] Loss components: dice=0.152144, focal=0.049320, total=0.100732
	 No iou improvement; selected epoch 60
	 early_stopping_count: 1/80
--- Epoch History (1..61) ---
Epoch |  TrainLoss |  TrainDice |  TrainIoU |    ValLoss |    ValDice |    ValIoU |         LR | Best
    1 |     0.2378 |     0.6073 |    0.4781 |     0.2212 |     0.6176 |    0.4873 |   3.00e-04 |     
    2 |     0.1754 |     0.6971 |    0.5727 |     0.1642 |     0.7061 |    0.5868 |   3.00e-04 |     
    3 |     0.1564 |     0.7248 |    0.6043 |     0.1373 |     0.7621 |    0.6492 |   3.00e-04 |     
    4 |     0.1512 |     0.7340 |    0.6154 |     0.1450 |     0.7555 |    0.6397 |   2.99e-04 |     
    5 |     0.1427 |     0.7474 |    0.6307 |     0.1478 |     0.7229 |    0.6010 |   2.98e-04 |     
    6 |     0.1390 |     0.7527 |    0.6372 |     0.1355 |     0.7500 |    0.6298 |   2.97e-04 |     
    7 |     0.1353 |     0.7589 |    0.6439 |     0.1369 |     0.7611 |    0.6439 |   2.96e-04 |     
    8 |     0.1328 |     0.7617 |    0.6475 |     0.1354 |     0.7518 |    0.6330 |   2.94e-04 |     
    9 |     0.1294 |     0.7676 |    0.6543 |     0.1259 |     0.7724 |    0.6623 |   2.92e-04 |     
   10 |     0.1295 |     0.7672 |    0.6539 |     0.1216 |     0.7861 |    0.6776 |   2.91e-04 |     
   11 |     0.1289 |     0.7699 |    0.6573 |     0.1227 |     0.7768 |    0.6660 |   2.88e-04 |     
   12 |     0.1259 |     0.7736 |    0.6616 |     0.1186 |     0.7928 |    0.6867 |   2.86e-04 |     
   13 |     0.1252 |     0.7750 |    0.6628 |     0.1353 |     0.7535 |    0.6352 |   2.83e-04 |     
   14 |     0.1232 |     0.7784 |    0.6678 |     0.1165 |     0.7837 |    0.6714 |   2.80e-04 |     
   15 |     0.1251 |     0.7742 |    0.6624 |     0.1190 |     0.7813 |    0.6712 |   2.77e-04 |     
   16 |     0.1215 |     0.7804 |    0.6697 |     0.1217 |     0.7897 |    0.6820 |   2.74e-04 |     
   17 |     0.1251 |     0.7760 |    0.6651 |     0.1343 |     0.7581 |    0.6458 |   2.71e-04 |     
   18 |     0.1198 |     0.7841 |    0.6743 |     0.1146 |     0.7928 |    0.6860 |   2.67e-04 |     
   19 |     0.1188 |     0.7853 |    0.6759 |     0.1158 |     0.7821 |    0.6716 |   2.63e-04 |     
   20 |     0.1162 |     0.7892 |    0.6812 |     0.1173 |     0.7890 |    0.6811 |   2.59e-04 |     
   21 |     0.1166 |     0.7883 |    0.6797 |     0.1159 |     0.7814 |    0.6698 |   2.55e-04 |     
   22 |     0.1165 |     0.7891 |    0.6807 |     0.1344 |     0.7703 |    0.6587 |   2.51e-04 |     
   23 |     0.1151 |     0.7912 |    0.6838 |     0.1108 |     0.7995 |    0.6952 |   2.46e-04 |     
   24 |     0.1139 |     0.7933 |    0.6855 |     0.1130 |     0.8017 |    0.6980 |   2.42e-04 |     
   25 |     0.1139 |     0.7934 |    0.6864 |     0.1150 |     0.7985 |    0.6949 |   2.37e-04 |     
   26 |     0.1126 |     0.7952 |    0.6882 |     0.1089 |     0.7988 |    0.6928 |   2.32e-04 |     
   27 |     0.1106 |     0.7984 |    0.6923 |     0.1083 |     0.8002 |    0.6945 |   2.27e-04 |     
   28 |     0.1117 |     0.7968 |    0.6907 |     0.1093 |     0.8014 |    0.6969 |   2.22e-04 |     
   29 |     0.1108 |     0.7982 |    0.6926 |     0.1124 |     0.7947 |    0.6863 |   2.17e-04 |     
   30 |     0.1098 |     0.7995 |    0.6939 |     0.1096 |     0.7995 |    0.6962 |   2.11e-04 |     
   31 |     0.1100 |     0.8004 |    0.6948 |     0.1204 |     0.7933 |    0.6865 |   2.06e-04 |     
   32 |     0.1078 |     0.8031 |    0.6977 |     0.1063 |     0.8077 |    0.7051 |   2.00e-04 |     
   33 |     0.1066 |     0.8052 |    0.7006 |     0.1119 |     0.7959 |    0.6884 |   1.94e-04 |     
   34 |     0.1059 |     0.8063 |    0.7019 |     0.1097 |     0.8017 |    0.6963 |   1.89e-04 |     
   35 |     0.1044 |     0.8089 |    0.7053 |     0.1052 |     0.8108 |    0.7082 |   1.83e-04 |     
   36 |     0.1040 |     0.8097 |    0.7064 |     0.1073 |     0.7999 |    0.6943 |   1.77e-04 |     
   37 |     0.1048 |     0.8085 |    0.7047 |     0.1086 |     0.7999 |    0.6950 |   1.71e-04 |     
   38 |     0.1035 |     0.8101 |    0.7068 |     0.1042 |     0.8094 |    0.7070 |   1.65e-04 |     
   39 |     0.1021 |     0.8125 |    0.7099 |     0.1052 |     0.8071 |    0.7047 |   1.59e-04 |     
   40 |     0.1014 |     0.8135 |    0.7112 |     0.1052 |     0.8101 |    0.7089 |   1.53e-04 |     
   41 |     0.1007 |     0.8154 |    0.7135 |     0.1046 |     0.8120 |    0.7110 |   1.48e-04 |     
   42 |     0.1002 |     0.8163 |    0.7143 |     0.1045 |     0.8106 |    0.7087 |   1.42e-04 |     
   43 |     0.0986 |     0.8183 |    0.7172 |     0.1072 |     0.8092 |    0.7077 |   1.36e-04 |     
   44 |     0.0976 |     0.8210 |    0.7201 |     0.1020 |     0.8183 |    0.7185 |   1.30e-04 |     
   45 |     0.0973 |     0.8210 |    0.7204 |     0.1191 |     0.7921 |    0.6898 |   1.24e-04 |     
   46 |     0.0962 |     0.8230 |    0.7226 |     0.1033 |     0.8138 |    0.7140 |   1.18e-04 |     
   47 |     0.0954 |     0.8246 |    0.7249 |     0.1030 |     0.8082 |    0.7048 |   1.12e-04 |     
   48 |     0.0955 |     0.8241 |    0.7246 |     0.1029 |     0.8154 |    0.7143 |   1.07e-04 |     
   49 |     0.0943 |     0.8265 |    0.7277 |     0.1010 |     0.8167 |    0.7161 |   1.01e-04 |     
   50 |     0.0928 |     0.8293 |    0.7307 |     0.1054 |     0.8127 |    0.7122 |   9.54e-05 |     
   51 |     0.0922 |     0.8301 |    0.7320 |     0.1069 |     0.8143 |    0.7147 |   8.99e-05 |     
   52 |     0.0913 |     0.8311 |    0.7331 |     0.1116 |     0.8032 |    0.7015 |   8.45e-05 |     
   53 |     0.0901 |     0.8338 |    0.7364 |     0.0999 |     0.8179 |    0.7188 |   7.92e-05 |     
   54 |     0.0893 |     0.8345 |    0.7376 |     0.1002 |     0.8169 |    0.7174 |   7.40e-05 |     
   55 |     0.0887 |     0.8357 |    0.7390 |     0.1067 |     0.8089 |    0.7086 |   6.90e-05 |     
   56 |     0.0883 |     0.8360 |    0.7394 |     0.1003 |     0.8195 |    0.7200 |   6.41e-05 |     
   57 |     0.0873 |     0.8383 |    0.7422 |     0.1034 |     0.8173 |    0.7170 |   5.93e-05 |     
   58 |     0.0856 |     0.8411 |    0.7458 |     0.1017 |     0.8192 |    0.7208 |   5.47e-05 |     
   59 |     0.0851 |     0.8420 |    0.7466 |     0.1011 |     0.8200 |    0.7214 |   5.02e-05 |     
   60 |     0.0844 |     0.8432 |    0.7483 |     0.1008 |     0.8211 |    0.7224 |   4.58e-05 |    *
   61 |     0.0836 |     0.8448 |    0.7509 |     0.1007 |     0.8188 |    0.7203 |   4.17e-05 |     
--- R2 + image-value context regrouping with regroup_text anchors validation statistics ---
up4: ca=0.9050+/-0.0897, sa=1.0088+/-0.0068, amp=0.0000, suppress=0.0000, guide_abs=0.1388
up4 residuals: local_mean=5.374e-02, global_mean=0.0201, local_strength=0.1205, global_strength=0.1185, gain=[0.9888,1.0591], saturation=0.0122, text_film=0.0199
up4 haar: reconstruction_error=9.537e-07, skip_low/high=0.7978/0.2022, plam_low/high=1.0000/0.0000
up4 strengths: plam=0.9116, region=0.1205, detail=0.1185; residual_std region/detail/refine=0.3045/0.3760/0.2976
up4 guide_mix: entropy=0.9806, raw_low=0.3151, plam_low=0.2420, decoder_low=0.2797, detail=0.1632; agreement plam/decoder=0.6090/0.4182, support=0.7997+/-0.0508
up4 adaptive_frequency: ALPF strength=0.2538, weights=0.1414/0.7230/0.1356, sum=1.0000, entropy=0.7114, delta_std=0.0784; AHPF strength=0.0794, weights=0.2850/0.5482/0.1668, sum=1.0000, entropy=0.8926, residual_std=0.1040, scaled_std=0.0083
up3: ca=1.0064+/-0.1410, sa=1.0092+/-0.0037, amp=0.0000, suppress=0.0000, guide_abs=0.2530
up3 residuals: local_mean=1.896e-02, global_mean=0.0565, local_strength=0.1193, global_strength=0.1225, gain=[0.9951,1.0291], saturation=0.0000, text_film=0.0265
up3 haar: reconstruction_error=9.537e-07, skip_low/high=0.7865/0.2135, plam_low/high=1.0000/0.0000
up3 strengths: plam=0.8846, region=0.1193, detail=0.1225; residual_std region/detail/refine=0.3298/0.5670/0.5047
up3 guide_mix: entropy=0.9804, raw_low=0.3329, plam_low=0.2367, decoder_low=0.2598, detail=0.1707; agreement plam/decoder=0.0131/-0.0666, support=0.6611+/-0.0738
up3 adaptive_frequency: ALPF strength=0.2974, weights=0.1015/0.3620/0.5365, sum=1.0000, entropy=0.7687, delta_std=0.0669; AHPF strength=0.1024, weights=0.6846/0.2026/0.1128, sum=1.0000, entropy=0.7043, residual_std=0.0669, scaled_std=0.0068
up2: ca=0.9215+/-0.0902, sa=1.0045+/-0.0031, amp=0.0000, suppress=0.0000, guide_abs=0.1599
up2 residuals: local_mean=5.850e-03, global_mean=0.0335, local_strength=0.1185, global_strength=0.1145, gain=[0.9722,1.0339], saturation=0.0000, text_film=0.0240
up2 haar: reconstruction_error=9.537e-07, skip_low/high=0.7708/0.2292, plam_low/high=1.0000/0.0000
up2 strengths: plam=0.8128, region=0.1185, detail=0.1145; residual_std region/detail/refine=0.1753/0.2590/0.1114
up2 guide_mix: entropy=0.9309, raw_low=0.2859, plam_low=0.1438, decoder_low=0.4155, detail=0.1548; agreement plam/decoder=0.6432/-0.1631, support=0.5547+/-0.0389
up1: ca=0.8426+/-0.1067, sa=1.0036+/-0.0106, amp=0.0000, suppress=0.0000, guide_abs=0.2026
up1 residuals: local_mean=1.141e-03, global_mean=0.0444, local_strength=0.1275, global_strength=0.0782, gain=[0.9237,1.0768], saturation=0.0281, text_film=0.0332
up1 haar: reconstruction_error=2.794e-06, skip_low/high=0.7223/0.2777, plam_low/high=1.0000/0.0000
up1 strengths: plam=0.9292, region=0.1275, detail=0.0782; residual_std region/detail/refine=0.5538/0.4035/0.1606
up1 guide_mix: entropy=0.9578, raw_low=0.2851, plam_low=0.2628, decoder_low=0.3337, detail=0.1183; agreement plam/decoder=0.6868/0.1886, support=0.7279+/-0.0933

========= Epoch [62/80] =========
M2_Test_session_09.13_22h33
Training with batch size : 16
   [Train] Epoch: [62][20/357]  Loss:0.079 (Avg 0.0807) IoU:0.733 (Avg 0.7557) Dice:0.8379 (Avg 0.8491) LR 3.77e-05   (AvgTime 0.6)   
   [Train] Epoch: [62][40/357]  Loss:0.067 (Avg 0.0832) IoU:0.798 (Avg 0.7493) Dice:0.8792 (Avg 0.8438) LR 3.77e-05   (AvgTime 0.6)   
   [Train] Epoch: [62][60/357]  Loss:0.104 (Avg 0.0835) IoU:0.699 (Avg 0.7471) Dice:0.8012 (Avg 0.8413) LR 3.77e-05   (AvgTime 0.6)   
   [Train] Epoch: [62][80/357]  Loss:0.097 (Avg 0.0856) IoU:0.692 (Avg 0.7432) Dice:0.7984 (Avg 0.8385) LR 3.77e-05   (AvgTime 0.6)   
   [Train] Epoch: [62][100/357]  Loss:0.088 (Avg 0.0843) IoU:0.743 (Avg 0.7462) Dice:0.8366 (Avg 0.8411) LR 3.77e-05   (AvgTime 0.6)   
   [Train] Epoch: [62][120/357]  Loss:0.092 (Avg 0.0842) IoU:0.722 (Avg 0.7467) Dice:0.8213 (Avg 0.8419) LR 3.77e-05   (AvgTime 0.6)   
   [Train] Epoch: [62][140/357]  Loss:0.069 (Avg 0.0841) IoU:0.794 (Avg 0.7477) Dice:0.8786 (Avg 0.8425) LR 3.77e-05   (AvgTime 0.6)   
   [Train] Epoch: [62][160/357]  Loss:0.071 (Avg 0.0833) IoU:0.773 (Avg 0.7498) Dice:0.8598 (Avg 0.8442) LR 3.77e-05   (AvgTime 0.6)   
   [Train] Epoch: [62][180/357]  Loss:0.091 (Avg 0.0833) IoU:0.723 (Avg 0.7494) Dice:0.8295 (Avg 0.8442) LR 3.77e-05   (AvgTime 0.6)   
   [Train] Epoch: [62][200/357]  Loss:0.088 (Avg 0.0832) IoU:0.718 (Avg 0.7504) Dice:0.8272 (Avg 0.8447) LR 3.77e-05   (AvgTime 0.6)   
   [Train] Epoch: [62][220/357]  Loss:0.082 (Avg 0.0829) IoU:0.778 (Avg 0.7515) Dice:0.8652 (Avg 0.8457) LR 3.77e-05   (AvgTime 0.6)   
   [Train] Epoch: [62][240/357]  Loss:0.063 (Avg 0.0831) IoU:0.797 (Avg 0.7510) Dice:0.8840 (Avg 0.8453) LR 3.77e-05   (AvgTime 0.6)   
   [Train] Epoch: [62][260/357]  Loss:0.072 (Avg 0.0830) IoU:0.771 (Avg 0.7511) Dice:0.8628 (Avg 0.8455) LR 3.77e-05   (AvgTime 0.6)   
   [Train] Epoch: [62][280/357]  Loss:0.105 (Avg 0.0826) IoU:0.714 (Avg 0.7521) Dice:0.8262 (Avg 0.8462) LR 3.77e-05   (AvgTime 0.6)   
   [Train] Epoch: [62][300/357]  Loss:0.055 (Avg 0.0826) IoU:0.827 (Avg 0.7524) Dice:0.8986 (Avg 0.8463) LR 3.77e-05   (AvgTime 0.6)   
   [Train] Epoch: [62][320/357]  Loss:0.061 (Avg 0.0828) IoU:0.805 (Avg 0.7520) Dice:0.8860 (Avg 0.8459) LR 3.77e-05   (AvgTime 0.6)   
   [Train] Epoch: [62][340/357]  Loss:0.068 (Avg 0.0827) IoU:0.804 (Avg 0.7521) Dice:0.8856 (Avg 0.8460) LR 3.77e-05   (AvgTime 0.6)   
   [Train] Epoch: [62][357/357]  Loss:0.087 (Avg 0.0826) IoU:0.719 (Avg 0.7522) Dice:0.8267 (Avg 0.8462) LR 3.77e-05   (AvgTime 0.6)   
   [Train] Loss components: dice=0.130379, focal=0.034726, total=0.082552
Validation
   [Val] Epoch: [62][20/90]  Loss:0.125 (Avg 0.1039) IoU:0.678 (Avg 0.7231) Dice:0.7955 (Avg 0.8246) (AvgTime 0.3)   
   [Val] Epoch: [62][40/90]  Loss:0.086 (Avg 0.1084) IoU:0.729 (Avg 0.7100) Dice:0.8341 (Avg 0.8120) (AvgTime 0.2)   
   [Val] Epoch: [62][60/90]  Loss:0.129 (Avg 0.1009) IoU:0.660 (Avg 0.7236) Dice:0.7657 (Avg 0.8215) (AvgTime 0.2)   
   [Val] Epoch: [62][80/90]  Loss:0.097 (Avg 0.0998) IoU:0.711 (Avg 0.7227) Dice:0.8126 (Avg 0.8210) (AvgTime 0.2)   
   [Val] Epoch: [62][90/90]  Loss:0.137 (Avg 0.1002) IoU:0.617 (Avg 0.7218) Dice:0.7450 (Avg 0.8203) (AvgTime 0.2)   
   [Val] Loss components: dice=0.150637, focal=0.049814, total=0.100226
	 No iou improvement; selected epoch 60
	 early_stopping_count: 2/80
--- Epoch History (1..62) ---
Epoch |  TrainLoss |  TrainDice |  TrainIoU |    ValLoss |    ValDice |    ValIoU |         LR | Best
    1 |     0.2378 |     0.6073 |    0.4781 |     0.2212 |     0.6176 |    0.4873 |   3.00e-04 |     
    2 |     0.1754 |     0.6971 |    0.5727 |     0.1642 |     0.7061 |    0.5868 |   3.00e-04 |     
    3 |     0.1564 |     0.7248 |    0.6043 |     0.1373 |     0.7621 |    0.6492 |   3.00e-04 |     
    4 |     0.1512 |     0.7340 |    0.6154 |     0.1450 |     0.7555 |    0.6397 |   2.99e-04 |     
    5 |     0.1427 |     0.7474 |    0.6307 |     0.1478 |     0.7229 |    0.6010 |   2.98e-04 |     
    6 |     0.1390 |     0.7527 |    0.6372 |     0.1355 |     0.7500 |    0.6298 |   2.97e-04 |     
    7 |     0.1353 |     0.7589 |    0.6439 |     0.1369 |     0.7611 |    0.6439 |   2.96e-04 |     
    8 |     0.1328 |     0.7617 |    0.6475 |     0.1354 |     0.7518 |    0.6330 |   2.94e-04 |     
    9 |     0.1294 |     0.7676 |    0.6543 |     0.1259 |     0.7724 |    0.6623 |   2.92e-04 |     
   10 |     0.1295 |     0.7672 |    0.6539 |     0.1216 |     0.7861 |    0.6776 |   2.91e-04 |     
   11 |     0.1289 |     0.7699 |    0.6573 |     0.1227 |     0.7768 |    0.6660 |   2.88e-04 |     
   12 |     0.1259 |     0.7736 |    0.6616 |     0.1186 |     0.7928 |    0.6867 |   2.86e-04 |     
   13 |     0.1252 |     0.7750 |    0.6628 |     0.1353 |     0.7535 |    0.6352 |   2.83e-04 |     
   14 |     0.1232 |     0.7784 |    0.6678 |     0.1165 |     0.7837 |    0.6714 |   2.80e-04 |     
   15 |     0.1251 |     0.7742 |    0.6624 |     0.1190 |     0.7813 |    0.6712 |   2.77e-04 |     
   16 |     0.1215 |     0.7804 |    0.6697 |     0.1217 |     0.7897 |    0.6820 |   2.74e-04 |     
   17 |     0.1251 |     0.7760 |    0.6651 |     0.1343 |     0.7581 |    0.6458 |   2.71e-04 |     
   18 |     0.1198 |     0.7841 |    0.6743 |     0.1146 |     0.7928 |    0.6860 |   2.67e-04 |     
   19 |     0.1188 |     0.7853 |    0.6759 |     0.1158 |     0.7821 |    0.6716 |   2.63e-04 |     
   20 |     0.1162 |     0.7892 |    0.6812 |     0.1173 |     0.7890 |    0.6811 |   2.59e-04 |     
   21 |     0.1166 |     0.7883 |    0.6797 |     0.1159 |     0.7814 |    0.6698 |   2.55e-04 |     
   22 |     0.1165 |     0.7891 |    0.6807 |     0.1344 |     0.7703 |    0.6587 |   2.51e-04 |     
   23 |     0.1151 |     0.7912 |    0.6838 |     0.1108 |     0.7995 |    0.6952 |   2.46e-04 |     
   24 |     0.1139 |     0.7933 |    0.6855 |     0.1130 |     0.8017 |    0.6980 |   2.42e-04 |     
   25 |     0.1139 |     0.7934 |    0.6864 |     0.1150 |     0.7985 |    0.6949 |   2.37e-04 |     
   26 |     0.1126 |     0.7952 |    0.6882 |     0.1089 |     0.7988 |    0.6928 |   2.32e-04 |     
   27 |     0.1106 |     0.7984 |    0.6923 |     0.1083 |     0.8002 |    0.6945 |   2.27e-04 |     
   28 |     0.1117 |     0.7968 |    0.6907 |     0.1093 |     0.8014 |    0.6969 |   2.22e-04 |     
   29 |     0.1108 |     0.7982 |    0.6926 |     0.1124 |     0.7947 |    0.6863 |   2.17e-04 |     
   30 |     0.1098 |     0.7995 |    0.6939 |     0.1096 |     0.7995 |    0.6962 |   2.11e-04 |     
   31 |     0.1100 |     0.8004 |    0.6948 |     0.1204 |     0.7933 |    0.6865 |   2.06e-04 |     
   32 |     0.1078 |     0.8031 |    0.6977 |     0.1063 |     0.8077 |    0.7051 |   2.00e-04 |     
   33 |     0.1066 |     0.8052 |    0.7006 |     0.1119 |     0.7959 |    0.6884 |   1.94e-04 |     
   34 |     0.1059 |     0.8063 |    0.7019 |     0.1097 |     0.8017 |    0.6963 |   1.89e-04 |     
   35 |     0.1044 |     0.8089 |    0.7053 |     0.1052 |     0.8108 |    0.7082 |   1.83e-04 |     
   36 |     0.1040 |     0.8097 |    0.7064 |     0.1073 |     0.7999 |    0.6943 |   1.77e-04 |     
   37 |     0.1048 |     0.8085 |    0.7047 |     0.1086 |     0.7999 |    0.6950 |   1.71e-04 |     
   38 |     0.1035 |     0.8101 |    0.7068 |     0.1042 |     0.8094 |    0.7070 |   1.65e-04 |     
   39 |     0.1021 |     0.8125 |    0.7099 |     0.1052 |     0.8071 |    0.7047 |   1.59e-04 |     
   40 |     0.1014 |     0.8135 |    0.7112 |     0.1052 |     0.8101 |    0.7089 |   1.53e-04 |     
   41 |     0.1007 |     0.8154 |    0.7135 |     0.1046 |     0.8120 |    0.7110 |   1.48e-04 |     
   42 |     0.1002 |     0.8163 |    0.7143 |     0.1045 |     0.8106 |    0.7087 |   1.42e-04 |     
   43 |     0.0986 |     0.8183 |    0.7172 |     0.1072 |     0.8092 |    0.7077 |   1.36e-04 |     
   44 |     0.0976 |     0.8210 |    0.7201 |     0.1020 |     0.8183 |    0.7185 |   1.30e-04 |     
   45 |     0.0973 |     0.8210 |    0.7204 |     0.1191 |     0.7921 |    0.6898 |   1.24e-04 |     
   46 |     0.0962 |     0.8230 |    0.7226 |     0.1033 |     0.8138 |    0.7140 |   1.18e-04 |     
   47 |     0.0954 |     0.8246 |    0.7249 |     0.1030 |     0.8082 |    0.7048 |   1.12e-04 |     
   48 |     0.0955 |     0.8241 |    0.7246 |     0.1029 |     0.8154 |    0.7143 |   1.07e-04 |     
   49 |     0.0943 |     0.8265 |    0.7277 |     0.1010 |     0.8167 |    0.7161 |   1.01e-04 |     
   50 |     0.0928 |     0.8293 |    0.7307 |     0.1054 |     0.8127 |    0.7122 |   9.54e-05 |     
   51 |     0.0922 |     0.8301 |    0.7320 |     0.1069 |     0.8143 |    0.7147 |   8.99e-05 |     
   52 |     0.0913 |     0.8311 |    0.7331 |     0.1116 |     0.8032 |    0.7015 |   8.45e-05 |     
   53 |     0.0901 |     0.8338 |    0.7364 |     0.0999 |     0.8179 |    0.7188 |   7.92e-05 |     
   54 |     0.0893 |     0.8345 |    0.7376 |     0.1002 |     0.8169 |    0.7174 |   7.40e-05 |     
   55 |     0.0887 |     0.8357 |    0.7390 |     0.1067 |     0.8089 |    0.7086 |   6.90e-05 |     
   56 |     0.0883 |     0.8360 |    0.7394 |     0.1003 |     0.8195 |    0.7200 |   6.41e-05 |     
   57 |     0.0873 |     0.8383 |    0.7422 |     0.1034 |     0.8173 |    0.7170 |   5.93e-05 |     
   58 |     0.0856 |     0.8411 |    0.7458 |     0.1017 |     0.8192 |    0.7208 |   5.47e-05 |     
   59 |     0.0851 |     0.8420 |    0.7466 |     0.1011 |     0.8200 |    0.7214 |   5.02e-05 |     
   60 |     0.0844 |     0.8432 |    0.7483 |     0.1008 |     0.8211 |    0.7224 |   4.58e-05 |    *
   61 |     0.0836 |     0.8448 |    0.7509 |     0.1007 |     0.8188 |    0.7203 |   4.17e-05 |     
   62 |     0.0826 |     0.8462 |    0.7522 |     0.1002 |     0.8203 |    0.7218 |   3.77e-05 |     
--- R2 + image-value context regrouping with regroup_text anchors validation statistics ---
up4: ca=0.9044+/-0.0899, sa=1.0088+/-0.0069, amp=0.0000, suppress=0.0000, guide_abs=0.1453
up4 residuals: local_mean=5.476e-02, global_mean=0.0188, local_strength=0.1205, global_strength=0.1185, gain=[0.9905,1.0579], saturation=0.0143, text_film=0.0199
up4 haar: reconstruction_error=5.811e-07, skip_low/high=0.7989/0.2011, plam_low/high=1.0000/0.0000
up4 strengths: plam=0.9117, region=0.1205, detail=0.1185; residual_std region/detail/refine=0.2985/0.3737/0.2972
up4 guide_mix: entropy=0.9806, raw_low=0.3085, plam_low=0.2531, decoder_low=0.2790, detail=0.1595; agreement plam/decoder=0.5995/0.3928, support=0.8066+/-0.0515
up4 adaptive_frequency: ALPF strength=0.2539, weights=0.1424/0.7216/0.1360, sum=1.0000, entropy=0.7135, delta_std=0.0784; AHPF strength=0.0794, weights=0.2860/0.5476/0.1664, sum=1.0000, entropy=0.8927, residual_std=0.1019, scaled_std=0.0081
up3: ca=1.0052+/-0.1393, sa=1.0091+/-0.0037, amp=0.0000, suppress=0.0000, guide_abs=0.2527
up3 residuals: local_mean=1.894e-02, global_mean=0.0561, local_strength=0.1193, global_strength=0.1225, gain=[0.9957,1.0306], saturation=0.0000, text_film=0.0321
up3 haar: reconstruction_error=9.537e-07, skip_low/high=0.7869/0.2131, plam_low/high=1.0000/0.0000
up3 strengths: plam=0.8845, region=0.1193, detail=0.1225; residual_std region/detail/refine=0.3267/0.5670/0.5065
up3 guide_mix: entropy=0.9808, raw_low=0.3275, plam_low=0.2412, decoder_low=0.2633, detail=0.1680; agreement plam/decoder=0.0138/-0.0810, support=0.6612+/-0.0705
up3 adaptive_frequency: ALPF strength=0.2976, weights=0.1047/0.3702/0.5250, sum=1.0000, entropy=0.7649, delta_std=0.0660; AHPF strength=0.1024, weights=0.6718/0.2108/0.1175, sum=1.0000, entropy=0.7128, residual_std=0.0681, scaled_std=0.0070
up2: ca=0.9282+/-0.0897, sa=1.0044+/-0.0030, amp=0.0000, suppress=0.0000, guide_abs=0.1618
up2 residuals: local_mean=5.847e-03, global_mean=0.0324, local_strength=0.1185, global_strength=0.1145, gain=[0.9729,1.0329], saturation=0.0000, text_film=0.0248
up2 haar: reconstruction_error=9.537e-07, skip_low/high=0.7731/0.2269, plam_low/high=1.0000/0.0000
up2 strengths: plam=0.8126, region=0.1185, detail=0.1145; residual_std region/detail/refine=0.1759/0.2551/0.1120
up2 guide_mix: entropy=0.9357, raw_low=0.2860, plam_low=0.1502, decoder_low=0.4092, detail=0.1546; agreement plam/decoder=0.5944/-0.0638, support=0.5542+/-0.0389
up1: ca=0.8470+/-0.1061, sa=1.0036+/-0.0106, amp=0.0000, suppress=0.0000, guide_abs=0.2008
up1 residuals: local_mean=1.246e-03, global_mean=0.0445, local_strength=0.1275, global_strength=0.0782, gain=[0.9236,1.0772], saturation=0.0258, text_film=0.0291
up1 haar: reconstruction_error=2.816e-06, skip_low/high=0.7209/0.2791, plam_low/high=1.0000/0.0000
up1 strengths: plam=0.9291, region=0.1275, detail=0.0782; residual_std region/detail/refine=0.5552/0.4036/0.1607
up1 guide_mix: entropy=0.9600, raw_low=0.2864, plam_low=0.2694, decoder_low=0.3244, detail=0.1198; agreement plam/decoder=0.6943/0.1158, support=0.7282+/-0.0912

========= Epoch [63/80] =========
M2_Test_session_09.13_22h33
Training with batch size : 16
   [Train] Epoch: [63][20/357]  Loss:0.096 (Avg 0.0791) IoU:0.722 (Avg 0.7586) Dice:0.8036 (Avg 0.8506) LR 3.39e-05   (AvgTime 0.6)   
   [Train] Epoch: [63][40/357]  Loss:0.119 (Avg 0.0781) IoU:0.665 (Avg 0.7621) Dice:0.7861 (Avg 0.8536) LR 3.39e-05   (AvgTime 0.6)   
   [Train] Epoch: [63][60/357]  Loss:0.046 (Avg 0.0802) IoU:0.854 (Avg 0.7571) Dice:0.9192 (Avg 0.8495) LR 3.39e-05   (AvgTime 0.6)   
   [Train] Epoch: [63][80/357]  Loss:0.068 (Avg 0.0794) IoU:0.789 (Avg 0.7588) Dice:0.8775 (Avg 0.8510) LR 3.39e-05   (AvgTime 0.6)   
   [Train] Epoch: [63][100/357]  Loss:0.082 (Avg 0.0791) IoU:0.752 (Avg 0.7597) Dice:0.8492 (Avg 0.8517) LR 3.39e-05   (AvgTime 0.6)   
   [Train] Epoch: [63][120/357]  Loss:0.125 (Avg 0.0798) IoU:0.662 (Avg 0.7584) Dice:0.7767 (Avg 0.8510) LR 3.39e-05   (AvgTime 0.6)   
   [Train] Epoch: [63][140/357]  Loss:0.068 (Avg 0.0791) IoU:0.801 (Avg 0.7604) Dice:0.8848 (Avg 0.8526) LR 3.39e-05   (AvgTime 0.6)   
   [Train] Epoch: [63][160/357]  Loss:0.075 (Avg 0.0796) IoU:0.762 (Avg 0.7598) Dice:0.8564 (Avg 0.8520) LR 3.39e-05   (AvgTime 0.6)   
   [Train] Epoch: [63][180/357]  Loss:0.132 (Avg 0.0802) IoU:0.633 (Avg 0.7587) Dice:0.7403 (Avg 0.8509) LR 3.39e-05   (AvgTime 0.6)   
   [Train] Epoch: [63][200/357]  Loss:0.114 (Avg 0.0803) IoU:0.661 (Avg 0.7585) Dice:0.7747 (Avg 0.8508) LR 3.39e-05   (AvgTime 0.6)   
   [Train] Epoch: [63][220/357]  Loss:0.088 (Avg 0.0807) IoU:0.740 (Avg 0.7573) Dice:0.8329 (Avg 0.8501) LR 3.39e-05   (AvgTime 0.6)   
   [Train] Epoch: [63][240/357]  Loss:0.111 (Avg 0.0814) IoU:0.697 (Avg 0.7558) Dice:0.7931 (Avg 0.8487) LR 3.39e-05   (AvgTime 0.6)   
   [Train] Epoch: [63][260/357]  Loss:0.089 (Avg 0.0812) IoU:0.735 (Avg 0.7565) Dice:0.8397 (Avg 0.8492) LR 3.39e-05   (AvgTime 0.6)   
   [Train] Epoch: [63][280/357]  Loss:0.076 (Avg 0.0814) IoU:0.764 (Avg 0.7559) Dice:0.8566 (Avg 0.8488) LR 3.39e-05   (AvgTime 0.6)   
   [Train] Epoch: [63][300/357]  Loss:0.088 (Avg 0.0815) IoU:0.753 (Avg 0.7556) Dice:0.8404 (Avg 0.8486) LR 3.39e-05   (AvgTime 0.6)   
   [Train] Epoch: [63][320/357]  Loss:0.066 (Avg 0.0817) IoU:0.822 (Avg 0.7548) Dice:0.8905 (Avg 0.8481) LR 3.39e-05   (AvgTime 0.6)   
   [Train] Epoch: [63][340/357]  Loss:0.071 (Avg 0.0816) IoU:0.786 (Avg 0.7550) Dice:0.8755 (Avg 0.8483) LR 3.39e-05   (AvgTime 0.6)   
   [Train] Epoch: [63][357/357]  Loss:0.058 (Avg 0.0816) IoU:0.833 (Avg 0.7546) Dice:0.9053 (Avg 0.8481) LR 3.39e-05   (AvgTime 0.6)   
   [Train] Loss components: dice=0.128773, focal=0.034505, total=0.081639
Validation
   [Val] Epoch: [63][20/90]  Loss:0.128 (Avg 0.1062) IoU:0.673 (Avg 0.7232) Dice:0.7900 (Avg 0.8247) (AvgTime 0.3)   
   [Val] Epoch: [63][40/90]  Loss:0.083 (Avg 0.1085) IoU:0.743 (Avg 0.7112) Dice:0.8420 (Avg 0.8130) (AvgTime 0.2)   
   [Val] Epoch: [63][60/90]  Loss:0.137 (Avg 0.1021) IoU:0.656 (Avg 0.7227) Dice:0.7593 (Avg 0.8205) (AvgTime 0.2)   
   [Val] Epoch: [63][80/90]  Loss:0.105 (Avg 0.1013) IoU:0.699 (Avg 0.7212) Dice:0.8025 (Avg 0.8195) (AvgTime 0.2)   
   [Val] Epoch: [63][90/90]  Loss:0.133 (Avg 0.1015) IoU:0.629 (Avg 0.7210) Dice:0.7521 (Avg 0.8192) (AvgTime 0.2)   
   [Val] Loss components: dice=0.151706, focal=0.051299, total=0.101503
	 No iou improvement; selected epoch 60
	 early_stopping_count: 3/80
--- Epoch History (1..63) ---
Epoch |  TrainLoss |  TrainDice |  TrainIoU |    ValLoss |    ValDice |    ValIoU |         LR | Best
    1 |     0.2378 |     0.6073 |    0.4781 |     0.2212 |     0.6176 |    0.4873 |   3.00e-04 |     
    2 |     0.1754 |     0.6971 |    0.5727 |     0.1642 |     0.7061 |    0.5868 |   3.00e-04 |     
    3 |     0.1564 |     0.7248 |    0.6043 |     0.1373 |     0.7621 |    0.6492 |   3.00e-04 |     
    4 |     0.1512 |     0.7340 |    0.6154 |     0.1450 |     0.7555 |    0.6397 |   2.99e-04 |     
    5 |     0.1427 |     0.7474 |    0.6307 |     0.1478 |     0.7229 |    0.6010 |   2.98e-04 |     
    6 |     0.1390 |     0.7527 |    0.6372 |     0.1355 |     0.7500 |    0.6298 |   2.97e-04 |     
    7 |     0.1353 |     0.7589 |    0.6439 |     0.1369 |     0.7611 |    0.6439 |   2.96e-04 |     
    8 |     0.1328 |     0.7617 |    0.6475 |     0.1354 |     0.7518 |    0.6330 |   2.94e-04 |     
    9 |     0.1294 |     0.7676 |    0.6543 |     0.1259 |     0.7724 |    0.6623 |   2.92e-04 |     
   10 |     0.1295 |     0.7672 |    0.6539 |     0.1216 |     0.7861 |    0.6776 |   2.91e-04 |     
   11 |     0.1289 |     0.7699 |    0.6573 |     0.1227 |     0.7768 |    0.6660 |   2.88e-04 |     
   12 |     0.1259 |     0.7736 |    0.6616 |     0.1186 |     0.7928 |    0.6867 |   2.86e-04 |     
   13 |     0.1252 |     0.7750 |    0.6628 |     0.1353 |     0.7535 |    0.6352 |   2.83e-04 |     
   14 |     0.1232 |     0.7784 |    0.6678 |     0.1165 |     0.7837 |    0.6714 |   2.80e-04 |     
   15 |     0.1251 |     0.7742 |    0.6624 |     0.1190 |     0.7813 |    0.6712 |   2.77e-04 |     
   16 |     0.1215 |     0.7804 |    0.6697 |     0.1217 |     0.7897 |    0.6820 |   2.74e-04 |     
   17 |     0.1251 |     0.7760 |    0.6651 |     0.1343 |     0.7581 |    0.6458 |   2.71e-04 |     
   18 |     0.1198 |     0.7841 |    0.6743 |     0.1146 |     0.7928 |    0.6860 |   2.67e-04 |     
   19 |     0.1188 |     0.7853 |    0.6759 |     0.1158 |     0.7821 |    0.6716 |   2.63e-04 |     
   20 |     0.1162 |     0.7892 |    0.6812 |     0.1173 |     0.7890 |    0.6811 |   2.59e-04 |     
   21 |     0.1166 |     0.7883 |    0.6797 |     0.1159 |     0.7814 |    0.6698 |   2.55e-04 |     
   22 |     0.1165 |     0.7891 |    0.6807 |     0.1344 |     0.7703 |    0.6587 |   2.51e-04 |     
   23 |     0.1151 |     0.7912 |    0.6838 |     0.1108 |     0.7995 |    0.6952 |   2.46e-04 |     
   24 |     0.1139 |     0.7933 |    0.6855 |     0.1130 |     0.8017 |    0.6980 |   2.42e-04 |     
   25 |     0.1139 |     0.7934 |    0.6864 |     0.1150 |     0.7985 |    0.6949 |   2.37e-04 |     
   26 |     0.1126 |     0.7952 |    0.6882 |     0.1089 |     0.7988 |    0.6928 |   2.32e-04 |     
   27 |     0.1106 |     0.7984 |    0.6923 |     0.1083 |     0.8002 |    0.6945 |   2.27e-04 |     
   28 |     0.1117 |     0.7968 |    0.6907 |     0.1093 |     0.8014 |    0.6969 |   2.22e-04 |     
   29 |     0.1108 |     0.7982 |    0.6926 |     0.1124 |     0.7947 |    0.6863 |   2.17e-04 |     
   30 |     0.1098 |     0.7995 |    0.6939 |     0.1096 |     0.7995 |    0.6962 |   2.11e-04 |     
   31 |     0.1100 |     0.8004 |    0.6948 |     0.1204 |     0.7933 |    0.6865 |   2.06e-04 |     
   32 |     0.1078 |     0.8031 |    0.6977 |     0.1063 |     0.8077 |    0.7051 |   2.00e-04 |     
   33 |     0.1066 |     0.8052 |    0.7006 |     0.1119 |     0.7959 |    0.6884 |   1.94e-04 |     
   34 |     0.1059 |     0.8063 |    0.7019 |     0.1097 |     0.8017 |    0.6963 |   1.89e-04 |     
   35 |     0.1044 |     0.8089 |    0.7053 |     0.1052 |     0.8108 |    0.7082 |   1.83e-04 |     
   36 |     0.1040 |     0.8097 |    0.7064 |     0.1073 |     0.7999 |    0.6943 |   1.77e-04 |     
   37 |     0.1048 |     0.8085 |    0.7047 |     0.1086 |     0.7999 |    0.6950 |   1.71e-04 |     
   38 |     0.1035 |     0.8101 |    0.7068 |     0.1042 |     0.8094 |    0.7070 |   1.65e-04 |     
   39 |     0.1021 |     0.8125 |    0.7099 |     0.1052 |     0.8071 |    0.7047 |   1.59e-04 |     
   40 |     0.1014 |     0.8135 |    0.7112 |     0.1052 |     0.8101 |    0.7089 |   1.53e-04 |     
   41 |     0.1007 |     0.8154 |    0.7135 |     0.1046 |     0.8120 |    0.7110 |   1.48e-04 |     
   42 |     0.1002 |     0.8163 |    0.7143 |     0.1045 |     0.8106 |    0.7087 |   1.42e-04 |     
   43 |     0.0986 |     0.8183 |    0.7172 |     0.1072 |     0.8092 |    0.7077 |   1.36e-04 |     
   44 |     0.0976 |     0.8210 |    0.7201 |     0.1020 |     0.8183 |    0.7185 |   1.30e-04 |     
   45 |     0.0973 |     0.8210 |    0.7204 |     0.1191 |     0.7921 |    0.6898 |   1.24e-04 |     
   46 |     0.0962 |     0.8230 |    0.7226 |     0.1033 |     0.8138 |    0.7140 |   1.18e-04 |     
   47 |     0.0954 |     0.8246 |    0.7249 |     0.1030 |     0.8082 |    0.7048 |   1.12e-04 |     
   48 |     0.0955 |     0.8241 |    0.7246 |     0.1029 |     0.8154 |    0.7143 |   1.07e-04 |     
   49 |     0.0943 |     0.8265 |    0.7277 |     0.1010 |     0.8167 |    0.7161 |   1.01e-04 |     
   50 |     0.0928 |     0.8293 |    0.7307 |     0.1054 |     0.8127 |    0.7122 |   9.54e-05 |     
   51 |     0.0922 |     0.8301 |    0.7320 |     0.1069 |     0.8143 |    0.7147 |   8.99e-05 |     
   52 |     0.0913 |     0.8311 |    0.7331 |     0.1116 |     0.8032 |    0.7015 |   8.45e-05 |     
   53 |     0.0901 |     0.8338 |    0.7364 |     0.0999 |     0.8179 |    0.7188 |   7.92e-05 |     
   54 |     0.0893 |     0.8345 |    0.7376 |     0.1002 |     0.8169 |    0.7174 |   7.40e-05 |     
   55 |     0.0887 |     0.8357 |    0.7390 |     0.1067 |     0.8089 |    0.7086 |   6.90e-05 |     
   56 |     0.0883 |     0.8360 |    0.7394 |     0.1003 |     0.8195 |    0.7200 |   6.41e-05 |     
   57 |     0.0873 |     0.8383 |    0.7422 |     0.1034 |     0.8173 |    0.7170 |   5.93e-05 |     
   58 |     0.0856 |     0.8411 |    0.7458 |     0.1017 |     0.8192 |    0.7208 |   5.47e-05 |     
   59 |     0.0851 |     0.8420 |    0.7466 |     0.1011 |     0.8200 |    0.7214 |   5.02e-05 |     
   60 |     0.0844 |     0.8432 |    0.7483 |     0.1008 |     0.8211 |    0.7224 |   4.58e-05 |    *
   61 |     0.0836 |     0.8448 |    0.7509 |     0.1007 |     0.8188 |    0.7203 |   4.17e-05 |     
   62 |     0.0826 |     0.8462 |    0.7522 |     0.1002 |     0.8203 |    0.7218 |   3.77e-05 |     
   63 |     0.0816 |     0.8481 |    0.7546 |     0.1015 |     0.8192 |    0.7210 |   3.39e-05 |     
--- R2 + image-value context regrouping with regroup_text anchors validation statistics ---
up4: ca=0.9049+/-0.0896, sa=1.0087+/-0.0067, amp=0.0000, suppress=0.0000, guide_abs=0.1434
up4 residuals: local_mean=5.339e-02, global_mean=0.0198, local_strength=0.1205, global_strength=0.1186, gain=[0.9902,1.0576], saturation=0.0133, text_film=0.0199
up4 haar: reconstruction_error=6.035e-07, skip_low/high=0.7957/0.2043, plam_low/high=1.0000/0.0000
up4 strengths: plam=0.9116, region=0.1205, detail=0.1186; residual_std region/detail/refine=0.3002/0.3722/0.2957
up4 guide_mix: entropy=0.9814, raw_low=0.3098, plam_low=0.2588, decoder_low=0.2704, detail=0.1611; agreement plam/decoder=0.6289/0.4317, support=0.8007+/-0.0504
up4 adaptive_frequency: ALPF strength=0.2540, weights=0.1386/0.7254/0.1360, sum=1.0000, entropy=0.7077, delta_std=0.0775; AHPF strength=0.0794, weights=0.2803/0.5523/0.1674, sum=1.0000, entropy=0.8908, residual_std=0.1032, scaled_std=0.0082
up3: ca=1.0056+/-0.1377, sa=1.0090+/-0.0037, amp=0.0000, suppress=0.0000, guide_abs=0.2514
up3 residuals: local_mean=1.884e-02, global_mean=0.0555, local_strength=0.1193, global_strength=0.1226, gain=[0.9952,1.0286], saturation=0.0000, text_film=0.0295
up3 haar: reconstruction_error=1.073e-06, skip_low/high=0.7847/0.2153, plam_low/high=1.0000/0.0000
up3 strengths: plam=0.8845, region=0.1193, detail=0.1226; residual_std region/detail/refine=0.3268/0.5651/0.5027
up3 guide_mix: entropy=0.9814, raw_low=0.3271, plam_low=0.2460, decoder_low=0.2579, detail=0.1690; agreement plam/decoder=0.0300/-0.0579, support=0.6612+/-0.0719
up3 adaptive_frequency: ALPF strength=0.2978, weights=0.1157/0.4017/0.4826, sum=1.0000, entropy=0.7674, delta_std=0.0664; AHPF strength=0.1024, weights=0.6264/0.2390/0.1346, sum=1.0000, entropy=0.7517, residual_std=0.0792, scaled_std=0.0081
up2: ca=0.9288+/-0.0887, sa=1.0044+/-0.0031, amp=0.0000, suppress=0.0000, guide_abs=0.1606
up2 residuals: local_mean=5.902e-03, global_mean=0.0325, local_strength=0.1185, global_strength=0.1144, gain=[0.9730,1.0333], saturation=0.0000, text_film=0.0239
up2 haar: reconstruction_error=9.537e-07, skip_low/high=0.7683/0.2317, plam_low/high=1.0000/0.0000
up2 strengths: plam=0.8126, region=0.1185, detail=0.1144; residual_std region/detail/refine=0.1758/0.2640/0.1118
up2 guide_mix: entropy=0.9431, raw_low=0.2907, plam_low=0.1567, decoder_low=0.3953, detail=0.1573; agreement plam/decoder=0.6119/-0.1175, support=0.5541+/-0.0401
up1: ca=0.8453+/-0.1055, sa=1.0036+/-0.0106, amp=0.0000, suppress=0.0000, guide_abs=0.2062
up1 residuals: local_mean=1.301e-03, global_mean=0.0446, local_strength=0.1275, global_strength=0.0782, gain=[0.9236,1.0771], saturation=0.0295, text_film=0.0266
up1 haar: reconstruction_error=2.816e-06, skip_low/high=0.7162/0.2838, plam_low/high=1.0000/0.0000
up1 strengths: plam=0.9291, region=0.1275, detail=0.0782; residual_std region/detail/refine=0.5586/0.4057/0.1609
up1 guide_mix: entropy=0.9577, raw_low=0.2711, plam_low=0.2874, decoder_low=0.3253, detail=0.1162; agreement plam/decoder=0.6778/0.1213, support=0.7318+/-0.0920

========= Epoch [64/80] =========
M2_Test_session_09.13_22h33
Training with batch size : 16
   [Train] Epoch: [64][20/357]  Loss:0.084 (Avg 0.0791) IoU:0.734 (Avg 0.7569) Dice:0.8352 (Avg 0.8506) LR 3.03e-05   (AvgTime 0.6)   
   [Train] Epoch: [64][40/357]  Loss:0.102 (Avg 0.0800) IoU:0.688 (Avg 0.7562) Dice:0.7980 (Avg 0.8488) LR 3.03e-05   (AvgTime 0.6)   
   [Train] Epoch: [64][60/357]  Loss:0.077 (Avg 0.0769) IoU:0.759 (Avg 0.7655) Dice:0.8464 (Avg 0.8560) LR 3.03e-05   (AvgTime 0.6)   
   [Train] Epoch: [64][80/357]  Loss:0.113 (Avg 0.0775) IoU:0.687 (Avg 0.7633) Dice:0.7949 (Avg 0.8544) LR 3.03e-05   (AvgTime 0.6)   
   [Train] Epoch: [64][100/357]  Loss:0.063 (Avg 0.0784) IoU:0.800 (Avg 0.7606) Dice:0.8835 (Avg 0.8525) LR 3.03e-05   (AvgTime 0.6)   
   [Train] Epoch: [64][120/357]  Loss:0.071 (Avg 0.0787) IoU:0.791 (Avg 0.7602) Dice:0.8788 (Avg 0.8522) LR 3.03e-05   (AvgTime 0.6)   
   [Train] Epoch: [64][140/357]  Loss:0.063 (Avg 0.0796) IoU:0.809 (Avg 0.7579) Dice:0.8815 (Avg 0.8506) LR 3.03e-05   (AvgTime 0.6)   
   [Train] Epoch: [64][160/357]  Loss:0.072 (Avg 0.0800) IoU:0.770 (Avg 0.7570) Dice:0.8641 (Avg 0.8500) LR 3.03e-05   (AvgTime 0.6)   
   [Train] Epoch: [64][180/357]  Loss:0.070 (Avg 0.0797) IoU:0.774 (Avg 0.7575) Dice:0.8669 (Avg 0.8504) LR 3.03e-05   (AvgTime 0.6)   
   [Train] Epoch: [64][200/357]  Loss:0.092 (Avg 0.0795) IoU:0.707 (Avg 0.7582) Dice:0.8090 (Avg 0.8509) LR 3.03e-05   (AvgTime 0.6)   
   [Train] Epoch: [64][220/357]  Loss:0.098 (Avg 0.0800) IoU:0.687 (Avg 0.7571) Dice:0.8043 (Avg 0.8499) LR 3.03e-05   (AvgTime 0.6)   
   [Train] Epoch: [64][240/357]  Loss:0.100 (Avg 0.0802) IoU:0.723 (Avg 0.7570) Dice:0.8189 (Avg 0.8498) LR 3.03e-05   (AvgTime 0.6)   
   [Train] Epoch: [64][260/357]  Loss:0.071 (Avg 0.0800) IoU:0.774 (Avg 0.7576) Dice:0.8653 (Avg 0.8504) LR 3.03e-05   (AvgTime 0.6)   
   [Train] Epoch: [64][280/357]  Loss:0.106 (Avg 0.0800) IoU:0.687 (Avg 0.7576) Dice:0.7899 (Avg 0.8505) LR 3.03e-05   (AvgTime 0.6)   
   [Train] Epoch: [64][300/357]  Loss:0.088 (Avg 0.0802) IoU:0.760 (Avg 0.7572) Dice:0.8452 (Avg 0.8502) LR 3.03e-05   (AvgTime 0.6)   
   [Train] Epoch: [64][320/357]  Loss:0.094 (Avg 0.0800) IoU:0.717 (Avg 0.7573) Dice:0.8201 (Avg 0.8504) LR 3.03e-05   (AvgTime 0.6)   
   [Train] Epoch: [64][340/357]  Loss:0.092 (Avg 0.0805) IoU:0.716 (Avg 0.7568) Dice:0.8185 (Avg 0.8499) LR 3.03e-05   (AvgTime 0.6)   
   [Train] Epoch: [64][357/357]  Loss:0.060 (Avg 0.0807) IoU:0.814 (Avg 0.7566) Dice:0.8932 (Avg 0.8496) LR 3.03e-05   (AvgTime 0.6)   
   [Train] Loss components: dice=0.127352, focal=0.033974, total=0.080663
Validation
   [Val] Epoch: [64][20/90]  Loss:0.126 (Avg 0.1041) IoU:0.673 (Avg 0.7248) Dice:0.7908 (Avg 0.8258) (AvgTime 0.3)   
   [Val] Epoch: [64][40/90]  Loss:0.084 (Avg 0.1086) IoU:0.744 (Avg 0.7123) Dice:0.8441 (Avg 0.8137) (AvgTime 0.2)   
   [Val] Epoch: [64][60/90]  Loss:0.132 (Avg 0.1018) IoU:0.667 (Avg 0.7242) Dice:0.7678 (Avg 0.8213) (AvgTime 0.2)   
   [Val] Epoch: [64][80/90]  Loss:0.105 (Avg 0.1014) IoU:0.709 (Avg 0.7225) Dice:0.8099 (Avg 0.8204) (AvgTime 0.2)   
   [Val] Epoch: [64][90/90]  Loss:0.128 (Avg 0.1015) IoU:0.630 (Avg 0.7222) Dice:0.7555 (Avg 0.8201) (AvgTime 0.2)   
   [Val] Loss components: dice=0.151495, focal=0.051599, total=0.101547
	 No iou improvement; selected epoch 60
	 early_stopping_count: 4/80
--- Epoch History (1..64) ---
Epoch |  TrainLoss |  TrainDice |  TrainIoU |    ValLoss |    ValDice |    ValIoU |         LR | Best
    1 |     0.2378 |     0.6073 |    0.4781 |     0.2212 |     0.6176 |    0.4873 |   3.00e-04 |     
    2 |     0.1754 |     0.6971 |    0.5727 |     0.1642 |     0.7061 |    0.5868 |   3.00e-04 |     
    3 |     0.1564 |     0.7248 |    0.6043 |     0.1373 |     0.7621 |    0.6492 |   3.00e-04 |     
    4 |     0.1512 |     0.7340 |    0.6154 |     0.1450 |     0.7555 |    0.6397 |   2.99e-04 |     
    5 |     0.1427 |     0.7474 |    0.6307 |     0.1478 |     0.7229 |    0.6010 |   2.98e-04 |     
    6 |     0.1390 |     0.7527 |    0.6372 |     0.1355 |     0.7500 |    0.6298 |   2.97e-04 |     
    7 |     0.1353 |     0.7589 |    0.6439 |     0.1369 |     0.7611 |    0.6439 |   2.96e-04 |     
    8 |     0.1328 |     0.7617 |    0.6475 |     0.1354 |     0.7518 |    0.6330 |   2.94e-04 |     
    9 |     0.1294 |     0.7676 |    0.6543 |     0.1259 |     0.7724 |    0.6623 |   2.92e-04 |     
   10 |     0.1295 |     0.7672 |    0.6539 |     0.1216 |     0.7861 |    0.6776 |   2.91e-04 |     
   11 |     0.1289 |     0.7699 |    0.6573 |     0.1227 |     0.7768 |    0.6660 |   2.88e-04 |     
   12 |     0.1259 |     0.7736 |    0.6616 |     0.1186 |     0.7928 |    0.6867 |   2.86e-04 |     
   13 |     0.1252 |     0.7750 |    0.6628 |     0.1353 |     0.7535 |    0.6352 |   2.83e-04 |     
   14 |     0.1232 |     0.7784 |    0.6678 |     0.1165 |     0.7837 |    0.6714 |   2.80e-04 |     
   15 |     0.1251 |     0.7742 |    0.6624 |     0.1190 |     0.7813 |    0.6712 |   2.77e-04 |     
   16 |     0.1215 |     0.7804 |    0.6697 |     0.1217 |     0.7897 |    0.6820 |   2.74e-04 |     
   17 |     0.1251 |     0.7760 |    0.6651 |     0.1343 |     0.7581 |    0.6458 |   2.71e-04 |     
   18 |     0.1198 |     0.7841 |    0.6743 |     0.1146 |     0.7928 |    0.6860 |   2.67e-04 |     
   19 |     0.1188 |     0.7853 |    0.6759 |     0.1158 |     0.7821 |    0.6716 |   2.63e-04 |     
   20 |     0.1162 |     0.7892 |    0.6812 |     0.1173 |     0.7890 |    0.6811 |   2.59e-04 |     
   21 |     0.1166 |     0.7883 |    0.6797 |     0.1159 |     0.7814 |    0.6698 |   2.55e-04 |     
   22 |     0.1165 |     0.7891 |    0.6807 |     0.1344 |     0.7703 |    0.6587 |   2.51e-04 |     
   23 |     0.1151 |     0.7912 |    0.6838 |     0.1108 |     0.7995 |    0.6952 |   2.46e-04 |     
   24 |     0.1139 |     0.7933 |    0.6855 |     0.1130 |     0.8017 |    0.6980 |   2.42e-04 |     
   25 |     0.1139 |     0.7934 |    0.6864 |     0.1150 |     0.7985 |    0.6949 |   2.37e-04 |     
   26 |     0.1126 |     0.7952 |    0.6882 |     0.1089 |     0.7988 |    0.6928 |   2.32e-04 |     
   27 |     0.1106 |     0.7984 |    0.6923 |     0.1083 |     0.8002 |    0.6945 |   2.27e-04 |     
   28 |     0.1117 |     0.7968 |    0.6907 |     0.1093 |     0.8014 |    0.6969 |   2.22e-04 |     
   29 |     0.1108 |     0.7982 |    0.6926 |     0.1124 |     0.7947 |    0.6863 |   2.17e-04 |     
   30 |     0.1098 |     0.7995 |    0.6939 |     0.1096 |     0.7995 |    0.6962 |   2.11e-04 |     
   31 |     0.1100 |     0.8004 |    0.6948 |     0.1204 |     0.7933 |    0.6865 |   2.06e-04 |     
   32 |     0.1078 |     0.8031 |    0.6977 |     0.1063 |     0.8077 |    0.7051 |   2.00e-04 |     
   33 |     0.1066 |     0.8052 |    0.7006 |     0.1119 |     0.7959 |    0.6884 |   1.94e-04 |     
   34 |     0.1059 |     0.8063 |    0.7019 |     0.1097 |     0.8017 |    0.6963 |   1.89e-04 |     
   35 |     0.1044 |     0.8089 |    0.7053 |     0.1052 |     0.8108 |    0.7082 |   1.83e-04 |     
   36 |     0.1040 |     0.8097 |    0.7064 |     0.1073 |     0.7999 |    0.6943 |   1.77e-04 |     
   37 |     0.1048 |     0.8085 |    0.7047 |     0.1086 |     0.7999 |    0.6950 |   1.71e-04 |     
   38 |     0.1035 |     0.8101 |    0.7068 |     0.1042 |     0.8094 |    0.7070 |   1.65e-04 |     
   39 |     0.1021 |     0.8125 |    0.7099 |     0.1052 |     0.8071 |    0.7047 |   1.59e-04 |     
   40 |     0.1014 |     0.8135 |    0.7112 |     0.1052 |     0.8101 |    0.7089 |   1.53e-04 |     
   41 |     0.1007 |     0.8154 |    0.7135 |     0.1046 |     0.8120 |    0.7110 |   1.48e-04 |     
   42 |     0.1002 |     0.8163 |    0.7143 |     0.1045 |     0.8106 |    0.7087 |   1.42e-04 |     
   43 |     0.0986 |     0.8183 |    0.7172 |     0.1072 |     0.8092 |    0.7077 |   1.36e-04 |     
   44 |     0.0976 |     0.8210 |    0.7201 |     0.1020 |     0.8183 |    0.7185 |   1.30e-04 |     
   45 |     0.0973 |     0.8210 |    0.7204 |     0.1191 |     0.7921 |    0.6898 |   1.24e-04 |     
   46 |     0.0962 |     0.8230 |    0.7226 |     0.1033 |     0.8138 |    0.7140 |   1.18e-04 |     
   47 |     0.0954 |     0.8246 |    0.7249 |     0.1030 |     0.8082 |    0.7048 |   1.12e-04 |     
   48 |     0.0955 |     0.8241 |    0.7246 |     0.1029 |     0.8154 |    0.7143 |   1.07e-04 |     
   49 |     0.0943 |     0.8265 |    0.7277 |     0.1010 |     0.8167 |    0.7161 |   1.01e-04 |     
   50 |     0.0928 |     0.8293 |    0.7307 |     0.1054 |     0.8127 |    0.7122 |   9.54e-05 |     
   51 |     0.0922 |     0.8301 |    0.7320 |     0.1069 |     0.8143 |    0.7147 |   8.99e-05 |     
   52 |     0.0913 |     0.8311 |    0.7331 |     0.1116 |     0.8032 |    0.7015 |   8.45e-05 |     
   53 |     0.0901 |     0.8338 |    0.7364 |     0.0999 |     0.8179 |    0.7188 |   7.92e-05 |     
   54 |     0.0893 |     0.8345 |    0.7376 |     0.1002 |     0.8169 |    0.7174 |   7.40e-05 |     
   55 |     0.0887 |     0.8357 |    0.7390 |     0.1067 |     0.8089 |    0.7086 |   6.90e-05 |     
   56 |     0.0883 |     0.8360 |    0.7394 |     0.1003 |     0.8195 |    0.7200 |   6.41e-05 |     
   57 |     0.0873 |     0.8383 |    0.7422 |     0.1034 |     0.8173 |    0.7170 |   5.93e-05 |     
   58 |     0.0856 |     0.8411 |    0.7458 |     0.1017 |     0.8192 |    0.7208 |   5.47e-05 |     
   59 |     0.0851 |     0.8420 |    0.7466 |     0.1011 |     0.8200 |    0.7214 |   5.02e-05 |     
   60 |     0.0844 |     0.8432 |    0.7483 |     0.1008 |     0.8211 |    0.7224 |   4.58e-05 |    *
   61 |     0.0836 |     0.8448 |    0.7509 |     0.1007 |     0.8188 |    0.7203 |   4.17e-05 |     
   62 |     0.0826 |     0.8462 |    0.7522 |     0.1002 |     0.8203 |    0.7218 |   3.77e-05 |     
   63 |     0.0816 |     0.8481 |    0.7546 |     0.1015 |     0.8192 |    0.7210 |   3.39e-05 |     
   64 |     0.0807 |     0.8496 |    0.7566 |     0.1015 |     0.8201 |    0.7222 |   3.03e-05 |     
--- R2 + image-value context regrouping with regroup_text anchors validation statistics ---
up4: ca=0.9081+/-0.0890, sa=1.0085+/-0.0067, amp=0.0000, suppress=0.0000, guide_abs=0.1342
up4 residuals: local_mean=5.301e-02, global_mean=0.0184, local_strength=0.1205, global_strength=0.1186, gain=[0.9908,1.0619], saturation=0.0153, text_film=0.0197
up4 haar: reconstruction_error=9.537e-07, skip_low/high=0.7954/0.2046, plam_low/high=1.0000/0.0000
up4 strengths: plam=0.9116, region=0.1205, detail=0.1186; residual_std region/detail/refine=0.3020/0.3758/0.2988
up4 guide_mix: entropy=0.9816, raw_low=0.3165, plam_low=0.2447, decoder_low=0.2734, detail=0.1654; agreement plam/decoder=0.6365/0.4305, support=0.7921+/-0.0522
up4 adaptive_frequency: ALPF strength=0.2540, weights=0.1415/0.7232/0.1353, sum=1.0000, entropy=0.7110, delta_std=0.0775; AHPF strength=0.0794, weights=0.2867/0.5465/0.1668, sum=1.0000, entropy=0.8938, residual_std=0.1040, scaled_std=0.0083
up3: ca=1.0070+/-0.1368, sa=1.0091+/-0.0038, amp=0.0000, suppress=0.0000, guide_abs=0.2588
up3 residuals: local_mean=1.900e-02, global_mean=0.0555, local_strength=0.1193, global_strength=0.1226, gain=[0.9951,1.0284], saturation=0.0000, text_film=0.0272
up3 haar: reconstruction_error=9.537e-07, skip_low/high=0.7837/0.2163, plam_low/high=1.0000/0.0000
up3 strengths: plam=0.8844, region=0.1193, detail=0.1226; residual_std region/detail/refine=0.3260/0.5649/0.4988
up3 guide_mix: entropy=0.9811, raw_low=0.3296, plam_low=0.2365, decoder_low=0.2627, detail=0.1712; agreement plam/decoder=0.0532/-0.0640, support=0.6674+/-0.0733
up3 adaptive_frequency: ALPF strength=0.2979, weights=0.1083/0.3911/0.5007, sum=1.0000, entropy=0.7640, delta_std=0.0679; AHPF strength=0.1024, weights=0.6044/0.2486/0.1470, sum=1.0000, entropy=0.7779, residual_std=0.0861, scaled_std=0.0088
up2: ca=0.9328+/-0.0899, sa=1.0044+/-0.0032, amp=0.0000, suppress=0.0000, guide_abs=0.1599
up2 residuals: local_mean=5.863e-03, global_mean=0.0327, local_strength=0.1185, global_strength=0.1145, gain=[0.9707,1.0345], saturation=0.0000, text_film=0.0231
up2 haar: reconstruction_error=9.537e-07, skip_low/high=0.7660/0.2340, plam_low/high=1.0000/0.0000
up2 strengths: plam=0.8126, region=0.1185, detail=0.1145; residual_std region/detail/refine=0.1757/0.2675/0.1122
up2 guide_mix: entropy=0.9351, raw_low=0.2872, plam_low=0.1454, decoder_low=0.4089, detail=0.1585; agreement plam/decoder=0.6655/-0.0487, support=0.5537+/-0.0389
up1: ca=0.8539+/-0.1067, sa=1.0036+/-0.0106, amp=0.0000, suppress=0.0000, guide_abs=0.2047
up1 residuals: local_mean=1.283e-03, global_mean=0.0447, local_strength=0.1275, global_strength=0.0782, gain=[0.9236,1.0770], saturation=0.0315, text_film=0.0298
up1 haar: reconstruction_error=2.638e-06, skip_low/high=0.7228/0.2772, plam_low/high=1.0000/0.0000
up1 strengths: plam=0.9291, region=0.1275, detail=0.0782; residual_std region/detail/refine=0.5622/0.4061/0.1611
up1 guide_mix: entropy=0.9584, raw_low=0.2866, plam_low=0.2635, decoder_low=0.3312, detail=0.1187; agreement plam/decoder=0.6922/0.1724, support=0.7302+/-0.0941

========= Epoch [65/80] =========
M2_Test_session_09.13_22h33
Training with batch size : 16
   [Train] Epoch: [65][20/357]  Loss:0.066 (Avg 0.0855) IoU:0.792 (Avg 0.7481) Dice:0.8771 (Avg 0.8419) LR 2.68e-05   (AvgTime 0.6)   
   [Train] Epoch: [65][40/357]  Loss:0.081 (Avg 0.0813) IoU:0.739 (Avg 0.7546) Dice:0.8414 (Avg 0.8475) LR 2.68e-05   (AvgTime 0.6)   
   [Train] Epoch: [65][60/357]  Loss:0.074 (Avg 0.0794) IoU:0.768 (Avg 0.7585) Dice:0.8564 (Avg 0.8509) LR 2.68e-05   (AvgTime 0.6)   
   [Train] Epoch: [65][80/357]  Loss:0.096 (Avg 0.0786) IoU:0.713 (Avg 0.7620) Dice:0.8235 (Avg 0.8532) LR 2.68e-05   (AvgTime 0.6)   
   [Train] Epoch: [65][100/357]  Loss:0.089 (Avg 0.0778) IoU:0.748 (Avg 0.7634) Dice:0.8512 (Avg 0.8547) LR 2.68e-05   (AvgTime 0.6)   
   [Train] Epoch: [65][120/357]  Loss:0.107 (Avg 0.0787) IoU:0.709 (Avg 0.7610) Dice:0.8141 (Avg 0.8528) LR 2.68e-05   (AvgTime 0.6)   
   [Train] Epoch: [65][140/357]  Loss:0.064 (Avg 0.0793) IoU:0.789 (Avg 0.7600) Dice:0.8748 (Avg 0.8520) LR 2.68e-05   (AvgTime 0.6)   
   [Train] Epoch: [65][160/357]  Loss:0.076 (Avg 0.0799) IoU:0.765 (Avg 0.7584) Dice:0.8610 (Avg 0.8508) LR 2.68e-05   (AvgTime 0.6)   
   [Train] Epoch: [65][180/357]  Loss:0.076 (Avg 0.0795) IoU:0.743 (Avg 0.7592) Dice:0.8433 (Avg 0.8516) LR 2.68e-05   (AvgTime 0.6)   
   [Train] Epoch: [65][200/357]  Loss:0.079 (Avg 0.0799) IoU:0.743 (Avg 0.7581) Dice:0.8427 (Avg 0.8508) LR 2.68e-05   (AvgTime 0.6)   
   [Train] Epoch: [65][220/357]  Loss:0.059 (Avg 0.0801) IoU:0.816 (Avg 0.7574) Dice:0.8948 (Avg 0.8504) LR 2.68e-05   (AvgTime 0.6)   
   [Train] Epoch: [65][240/357]  Loss:0.087 (Avg 0.0807) IoU:0.745 (Avg 0.7562) Dice:0.8387 (Avg 0.8492) LR 2.68e-05   (AvgTime 0.6)   
   [Train] Epoch: [65][260/357]  Loss:0.101 (Avg 0.0805) IoU:0.722 (Avg 0.7567) Dice:0.8104 (Avg 0.8496) LR 2.68e-05   (AvgTime 0.6)   
   [Train] Epoch: [65][280/357]  Loss:0.096 (Avg 0.0806) IoU:0.730 (Avg 0.7568) Dice:0.8343 (Avg 0.8496) LR 2.68e-05   (AvgTime 0.6)   
   [Train] Epoch: [65][300/357]  Loss:0.077 (Avg 0.0804) IoU:0.757 (Avg 0.7572) Dice:0.8545 (Avg 0.8499) LR 2.68e-05   (AvgTime 0.6)   
   [Train] Epoch: [65][320/357]  Loss:0.089 (Avg 0.0804) IoU:0.738 (Avg 0.7576) Dice:0.8307 (Avg 0.8501) LR 2.68e-05   (AvgTime 0.6)   
   [Train] Epoch: [65][340/357]  Loss:0.092 (Avg 0.0805) IoU:0.712 (Avg 0.7570) Dice:0.8132 (Avg 0.8497) LR 2.68e-05   (AvgTime 0.6)   
   [Train] Epoch: [65][357/357]  Loss:0.080 (Avg 0.0805) IoU:0.785 (Avg 0.7575) Dice:0.8548 (Avg 0.8501) LR 2.68e-05   (AvgTime 0.6)   
   [Train] Loss components: dice=0.127031, focal=0.033882, total=0.080456
Validation
   [Val] Epoch: [65][20/90]  Loss:0.127 (Avg 0.1037) IoU:0.663 (Avg 0.7233) Dice:0.7844 (Avg 0.8251) (AvgTime 0.3)   
   [Val] Epoch: [65][40/90]  Loss:0.090 (Avg 0.1077) IoU:0.722 (Avg 0.7097) Dice:0.8286 (Avg 0.8121) (AvgTime 0.3)   
   [Val] Epoch: [65][60/90]  Loss:0.135 (Avg 0.1008) IoU:0.650 (Avg 0.7224) Dice:0.7558 (Avg 0.8205) (AvgTime 0.2)   
   [Val] Epoch: [65][80/90]  Loss:0.098 (Avg 0.0998) IoU:0.710 (Avg 0.7217) Dice:0.8125 (Avg 0.8202) (AvgTime 0.2)   
   [Val] Epoch: [65][90/90]  Loss:0.136 (Avg 0.1000) IoU:0.619 (Avg 0.7212) Dice:0.7471 (Avg 0.8196) (AvgTime 0.2)   
   [Val] Loss components: dice=0.151260, focal=0.048645, total=0.099953
	 No iou improvement; selected epoch 60
	 early_stopping_count: 5/80
--- Epoch History (1..65) ---
Epoch |  TrainLoss |  TrainDice |  TrainIoU |    ValLoss |    ValDice |    ValIoU |         LR | Best
    1 |     0.2378 |     0.6073 |    0.4781 |     0.2212 |     0.6176 |    0.4873 |   3.00e-04 |     
    2 |     0.1754 |     0.6971 |    0.5727 |     0.1642 |     0.7061 |    0.5868 |   3.00e-04 |     
    3 |     0.1564 |     0.7248 |    0.6043 |     0.1373 |     0.7621 |    0.6492 |   3.00e-04 |     
    4 |     0.1512 |     0.7340 |    0.6154 |     0.1450 |     0.7555 |    0.6397 |   2.99e-04 |     
    5 |     0.1427 |     0.7474 |    0.6307 |     0.1478 |     0.7229 |    0.6010 |   2.98e-04 |     
    6 |     0.1390 |     0.7527 |    0.6372 |     0.1355 |     0.7500 |    0.6298 |   2.97e-04 |     
    7 |     0.1353 |     0.7589 |    0.6439 |     0.1369 |     0.7611 |    0.6439 |   2.96e-04 |     
    8 |     0.1328 |     0.7617 |    0.6475 |     0.1354 |     0.7518 |    0.6330 |   2.94e-04 |     
    9 |     0.1294 |     0.7676 |    0.6543 |     0.1259 |     0.7724 |    0.6623 |   2.92e-04 |     
   10 |     0.1295 |     0.7672 |    0.6539 |     0.1216 |     0.7861 |    0.6776 |   2.91e-04 |     
   11 |     0.1289 |     0.7699 |    0.6573 |     0.1227 |     0.7768 |    0.6660 |   2.88e-04 |     
   12 |     0.1259 |     0.7736 |    0.6616 |     0.1186 |     0.7928 |    0.6867 |   2.86e-04 |     
   13 |     0.1252 |     0.7750 |    0.6628 |     0.1353 |     0.7535 |    0.6352 |   2.83e-04 |     
   14 |     0.1232 |     0.7784 |    0.6678 |     0.1165 |     0.7837 |    0.6714 |   2.80e-04 |     
   15 |     0.1251 |     0.7742 |    0.6624 |     0.1190 |     0.7813 |    0.6712 |   2.77e-04 |     
   16 |     0.1215 |     0.7804 |    0.6697 |     0.1217 |     0.7897 |    0.6820 |   2.74e-04 |     
   17 |     0.1251 |     0.7760 |    0.6651 |     0.1343 |     0.7581 |    0.6458 |   2.71e-04 |     
   18 |     0.1198 |     0.7841 |    0.6743 |     0.1146 |     0.7928 |    0.6860 |   2.67e-04 |     
   19 |     0.1188 |     0.7853 |    0.6759 |     0.1158 |     0.7821 |    0.6716 |   2.63e-04 |     
   20 |     0.1162 |     0.7892 |    0.6812 |     0.1173 |     0.7890 |    0.6811 |   2.59e-04 |     
   21 |     0.1166 |     0.7883 |    0.6797 |     0.1159 |     0.7814 |    0.6698 |   2.55e-04 |     
   22 |     0.1165 |     0.7891 |    0.6807 |     0.1344 |     0.7703 |    0.6587 |   2.51e-04 |     
   23 |     0.1151 |     0.7912 |    0.6838 |     0.1108 |     0.7995 |    0.6952 |   2.46e-04 |     
   24 |     0.1139 |     0.7933 |    0.6855 |     0.1130 |     0.8017 |    0.6980 |   2.42e-04 |     
   25 |     0.1139 |     0.7934 |    0.6864 |     0.1150 |     0.7985 |    0.6949 |   2.37e-04 |     
   26 |     0.1126 |     0.7952 |    0.6882 |     0.1089 |     0.7988 |    0.6928 |   2.32e-04 |     
   27 |     0.1106 |     0.7984 |    0.6923 |     0.1083 |     0.8002 |    0.6945 |   2.27e-04 |     
   28 |     0.1117 |     0.7968 |    0.6907 |     0.1093 |     0.8014 |    0.6969 |   2.22e-04 |     
   29 |     0.1108 |     0.7982 |    0.6926 |     0.1124 |     0.7947 |    0.6863 |   2.17e-04 |     
   30 |     0.1098 |     0.7995 |    0.6939 |     0.1096 |     0.7995 |    0.6962 |   2.11e-04 |     
   31 |     0.1100 |     0.8004 |    0.6948 |     0.1204 |     0.7933 |    0.6865 |   2.06e-04 |     
   32 |     0.1078 |     0.8031 |    0.6977 |     0.1063 |     0.8077 |    0.7051 |   2.00e-04 |     
   33 |     0.1066 |     0.8052 |    0.7006 |     0.1119 |     0.7959 |    0.6884 |   1.94e-04 |     
   34 |     0.1059 |     0.8063 |    0.7019 |     0.1097 |     0.8017 |    0.6963 |   1.89e-04 |     
   35 |     0.1044 |     0.8089 |    0.7053 |     0.1052 |     0.8108 |    0.7082 |   1.83e-04 |     
   36 |     0.1040 |     0.8097 |    0.7064 |     0.1073 |     0.7999 |    0.6943 |   1.77e-04 |     
   37 |     0.1048 |     0.8085 |    0.7047 |     0.1086 |     0.7999 |    0.6950 |   1.71e-04 |     
   38 |     0.1035 |     0.8101 |    0.7068 |     0.1042 |     0.8094 |    0.7070 |   1.65e-04 |     
   39 |     0.1021 |     0.8125 |    0.7099 |     0.1052 |     0.8071 |    0.7047 |   1.59e-04 |     
   40 |     0.1014 |     0.8135 |    0.7112 |     0.1052 |     0.8101 |    0.7089 |   1.53e-04 |     
   41 |     0.1007 |     0.8154 |    0.7135 |     0.1046 |     0.8120 |    0.7110 |   1.48e-04 |     
   42 |     0.1002 |     0.8163 |    0.7143 |     0.1045 |     0.8106 |    0.7087 |   1.42e-04 |     
   43 |     0.0986 |     0.8183 |    0.7172 |     0.1072 |     0.8092 |    0.7077 |   1.36e-04 |     
   44 |     0.0976 |     0.8210 |    0.7201 |     0.1020 |     0.8183 |    0.7185 |   1.30e-04 |     
   45 |     0.0973 |     0.8210 |    0.7204 |     0.1191 |     0.7921 |    0.6898 |   1.24e-04 |     
   46 |     0.0962 |     0.8230 |    0.7226 |     0.1033 |     0.8138 |    0.7140 |   1.18e-04 |     
   47 |     0.0954 |     0.8246 |    0.7249 |     0.1030 |     0.8082 |    0.7048 |   1.12e-04 |     
   48 |     0.0955 |     0.8241 |    0.7246 |     0.1029 |     0.8154 |    0.7143 |   1.07e-04 |     
   49 |     0.0943 |     0.8265 |    0.7277 |     0.1010 |     0.8167 |    0.7161 |   1.01e-04 |     
   50 |     0.0928 |     0.8293 |    0.7307 |     0.1054 |     0.8127 |    0.7122 |   9.54e-05 |     
   51 |     0.0922 |     0.8301 |    0.7320 |     0.1069 |     0.8143 |    0.7147 |   8.99e-05 |     
   52 |     0.0913 |     0.8311 |    0.7331 |     0.1116 |     0.8032 |    0.7015 |   8.45e-05 |     
   53 |     0.0901 |     0.8338 |    0.7364 |     0.0999 |     0.8179 |    0.7188 |   7.92e-05 |     
   54 |     0.0893 |     0.8345 |    0.7376 |     0.1002 |     0.8169 |    0.7174 |   7.40e-05 |     
   55 |     0.0887 |     0.8357 |    0.7390 |     0.1067 |     0.8089 |    0.7086 |   6.90e-05 |     
   56 |     0.0883 |     0.8360 |    0.7394 |     0.1003 |     0.8195 |    0.7200 |   6.41e-05 |     
   57 |     0.0873 |     0.8383 |    0.7422 |     0.1034 |     0.8173 |    0.7170 |   5.93e-05 |     
   58 |     0.0856 |     0.8411 |    0.7458 |     0.1017 |     0.8192 |    0.7208 |   5.47e-05 |     
   59 |     0.0851 |     0.8420 |    0.7466 |     0.1011 |     0.8200 |    0.7214 |   5.02e-05 |     
   60 |     0.0844 |     0.8432 |    0.7483 |     0.1008 |     0.8211 |    0.7224 |   4.58e-05 |    *
   61 |     0.0836 |     0.8448 |    0.7509 |     0.1007 |     0.8188 |    0.7203 |   4.17e-05 |     
   62 |     0.0826 |     0.8462 |    0.7522 |     0.1002 |     0.8203 |    0.7218 |   3.77e-05 |     
   63 |     0.0816 |     0.8481 |    0.7546 |     0.1015 |     0.8192 |    0.7210 |   3.39e-05 |     
   64 |     0.0807 |     0.8496 |    0.7566 |     0.1015 |     0.8201 |    0.7222 |   3.03e-05 |     
   65 |     0.0805 |     0.8501 |    0.7575 |     0.1000 |     0.8196 |    0.7212 |   2.68e-05 |     
--- R2 + image-value context regrouping with regroup_text anchors validation statistics ---
up4: ca=0.9093+/-0.0899, sa=1.0087+/-0.0067, amp=0.0000, suppress=0.0000, guide_abs=0.1409
up4 residuals: local_mean=5.332e-02, global_mean=0.0199, local_strength=0.1205, global_strength=0.1187, gain=[0.9901,1.0584], saturation=0.0163, text_film=0.0196
up4 haar: reconstruction_error=9.537e-07, skip_low/high=0.7974/0.2026, plam_low/high=1.0000/0.0000
up4 strengths: plam=0.9117, region=0.1205, detail=0.1187; residual_std region/detail/refine=0.2969/0.3789/0.3025
up4 guide_mix: entropy=0.9814, raw_low=0.3204, plam_low=0.2431, decoder_low=0.2701, detail=0.1664; agreement plam/decoder=0.6023/0.3737, support=0.7949+/-0.0518
up4 adaptive_frequency: ALPF strength=0.2541, weights=0.1399/0.7246/0.1355, sum=1.0000, entropy=0.7087, delta_std=0.0763; AHPF strength=0.0794, weights=0.2831/0.5495/0.1674, sum=1.0000, entropy=0.8923, residual_std=0.1041, scaled_std=0.0083
up3: ca=1.0090+/-0.1360, sa=1.0092+/-0.0038, amp=0.0000, suppress=0.0000, guide_abs=0.2614
up3 residuals: local_mean=1.936e-02, global_mean=0.0563, local_strength=0.1193, global_strength=0.1226, gain=[0.9953,1.0291], saturation=0.0000, text_film=0.0302
up3 haar: reconstruction_error=9.537e-07, skip_low/high=0.7860/0.2140, plam_low/high=1.0000/0.0000
up3 strengths: plam=0.8844, region=0.1193, detail=0.1226; residual_std region/detail/refine=0.3299/0.5723/0.5094
up3 guide_mix: entropy=0.9805, raw_low=0.3330, plam_low=0.2339, decoder_low=0.2616, detail=0.1716; agreement plam/decoder=-0.0057/-0.0586, support=0.6671+/-0.0740
up3 adaptive_frequency: ALPF strength=0.2981, weights=0.1180/0.4178/0.4642, sum=1.0000, entropy=0.7748, delta_std=0.0653; AHPF strength=0.1024, weights=0.5772/0.2665/0.1563, sum=1.0000, entropy=0.8007, residual_std=0.0888, scaled_std=0.0091
up2: ca=0.9295+/-0.0875, sa=1.0044+/-0.0031, amp=0.0000, suppress=0.0000, guide_abs=0.1590
up2 residuals: local_mean=5.889e-03, global_mean=0.0326, local_strength=0.1185, global_strength=0.1145, gain=[0.9715,1.0328], saturation=0.0000, text_film=0.0260
up2 haar: reconstruction_error=9.537e-07, skip_low/high=0.7650/0.2350, plam_low/high=1.0000/0.0000
up2 strengths: plam=0.8126, region=0.1185, detail=0.1145; residual_std region/detail/refine=0.1764/0.2593/0.1123
up2 guide_mix: entropy=0.9350, raw_low=0.2848, plam_low=0.1470, decoder_low=0.4107, detail=0.1575; agreement plam/decoder=0.6307/-0.0918, support=0.5541+/-0.0391
up1: ca=0.8534+/-0.1022, sa=1.0036+/-0.0105, amp=0.0000, suppress=0.0000, guide_abs=0.2024
up1 residuals: local_mean=1.208e-03, global_mean=0.0447, local_strength=0.1275, global_strength=0.0781, gain=[0.9237,1.0771], saturation=0.0293, text_film=0.0306
up1 haar: reconstruction_error=2.056e-06, skip_low/high=0.7219/0.2781, plam_low/high=1.0000/0.0000
up1 strengths: plam=0.9290, region=0.1275, detail=0.0781; residual_std region/detail/refine=0.5512/0.4030/0.1612
up1 guide_mix: entropy=0.9597, raw_low=0.2887, plam_low=0.2644, decoder_low=0.3268, detail=0.1201; agreement plam/decoder=0.6773/0.1798, support=0.7311+/-0.0928

========= Epoch [66/80] =========
M2_Test_session_09.13_22h33
Training with batch size : 16
   [Train] Epoch: [66][20/357]  Loss:0.068 (Avg 0.0820) IoU:0.794 (Avg 0.7561) Dice:0.8779 (Avg 0.8484) LR 2.36e-05   (AvgTime 0.6)   
   [Train] Epoch: [66][40/357]  Loss:0.072 (Avg 0.0802) IoU:0.773 (Avg 0.7601) Dice:0.8666 (Avg 0.8521) LR 2.36e-05   (AvgTime 0.6)   
   [Train] Epoch: [66][60/357]  Loss:0.065 (Avg 0.0799) IoU:0.789 (Avg 0.7599) Dice:0.8685 (Avg 0.8516) LR 2.36e-05   (AvgTime 0.6)   
   [Train] Epoch: [66][80/357]  Loss:0.070 (Avg 0.0800) IoU:0.807 (Avg 0.7583) Dice:0.8863 (Avg 0.8505) LR 2.36e-05   (AvgTime 0.6)   
   [Train] Epoch: [66][100/357]  Loss:0.076 (Avg 0.0781) IoU:0.756 (Avg 0.7627) Dice:0.8444 (Avg 0.8542) LR 2.36e-05   (AvgTime 0.6)   
   [Train] Epoch: [66][120/357]  Loss:0.074 (Avg 0.0783) IoU:0.766 (Avg 0.7622) Dice:0.8575 (Avg 0.8538) LR 2.36e-05   (AvgTime 0.6)   
   [Train] Epoch: [66][140/357]  Loss:0.085 (Avg 0.0789) IoU:0.748 (Avg 0.7607) Dice:0.8484 (Avg 0.8526) LR 2.36e-05   (AvgTime 0.6)   
   [Train] Epoch: [66][160/357]  Loss:0.078 (Avg 0.0784) IoU:0.774 (Avg 0.7623) Dice:0.8530 (Avg 0.8536) LR 2.36e-05   (AvgTime 0.6)   
   [Train] Epoch: [66][180/357]  Loss:0.078 (Avg 0.0795) IoU:0.751 (Avg 0.7594) Dice:0.8485 (Avg 0.8514) LR 2.36e-05   (AvgTime 0.6)   
   [Train] Epoch: [66][200/357]  Loss:0.087 (Avg 0.0791) IoU:0.735 (Avg 0.7605) Dice:0.8337 (Avg 0.8522) LR 2.36e-05   (AvgTime 0.6)   
   [Train] Epoch: [66][220/357]  Loss:0.081 (Avg 0.0789) IoU:0.737 (Avg 0.7614) Dice:0.8397 (Avg 0.8529) LR 2.36e-05   (AvgTime 0.6)   
   [Train] Epoch: [66][240/357]  Loss:0.068 (Avg 0.0785) IoU:0.787 (Avg 0.7620) Dice:0.8701 (Avg 0.8535) LR 2.36e-05   (AvgTime 0.6)   
   [Train] Epoch: [66][260/357]  Loss:0.051 (Avg 0.0785) IoU:0.818 (Avg 0.7619) Dice:0.8964 (Avg 0.8536) LR 2.36e-05   (AvgTime 0.6)   
   [Train] Epoch: [66][280/357]  Loss:0.091 (Avg 0.0784) IoU:0.726 (Avg 0.7622) Dice:0.8268 (Avg 0.8538) LR 2.36e-05   (AvgTime 0.6)   
   [Train] Epoch: [66][300/357]  Loss:0.068 (Avg 0.0786) IoU:0.778 (Avg 0.7616) Dice:0.8695 (Avg 0.8535) LR 2.36e-05   (AvgTime 0.6)   
   [Train] Epoch: [66][320/357]  Loss:0.091 (Avg 0.0786) IoU:0.742 (Avg 0.7617) Dice:0.8313 (Avg 0.8535) LR 2.36e-05   (AvgTime 0.6)   
   [Train] Epoch: [66][340/357]  Loss:0.048 (Avg 0.0786) IoU:0.838 (Avg 0.7616) Dice:0.9093 (Avg 0.8535) LR 2.36e-05   (AvgTime 0.6)   
   [Train] Epoch: [66][357/357]  Loss:0.080 (Avg 0.0788) IoU:0.732 (Avg 0.7610) Dice:0.8372 (Avg 0.8530) LR 2.36e-05   (AvgTime 0.6)   
   [Train] Loss components: dice=0.124392, focal=0.033215, total=0.078803
Validation
   [Val] Epoch: [66][20/90]  Loss:0.127 (Avg 0.1039) IoU:0.669 (Avg 0.7240) Dice:0.7897 (Avg 0.8257) (AvgTime 0.3)   
   [Val] Epoch: [66][40/90]  Loss:0.083 (Avg 0.1073) IoU:0.738 (Avg 0.7114) Dice:0.8402 (Avg 0.8137) (AvgTime 0.2)   
   [Val] Epoch: [66][60/90]  Loss:0.133 (Avg 0.1005) IoU:0.659 (Avg 0.7241) Dice:0.7628 (Avg 0.8216) (AvgTime 0.2)   
   [Val] Epoch: [66][80/90]  Loss:0.099 (Avg 0.0996) IoU:0.714 (Avg 0.7233) Dice:0.8144 (Avg 0.8214) (AvgTime 0.2)   
   [Val] Epoch: [66][90/90]  Loss:0.137 (Avg 0.1000) IoU:0.619 (Avg 0.7229) Dice:0.7436 (Avg 0.8208) (AvgTime 0.2)   
   [Val] Loss components: dice=0.150384, focal=0.049592, total=0.099988
	 Saving best model by iou: 0.722891
	 Saving to Covid19/BetterLViT/m2_text_regroup/M2_Test_session_09.13_22h33/models//best_model-BetterLViT.pth.tar
	 early_stopping_count: 0/80
--- Epoch History (1..66) ---
Epoch |  TrainLoss |  TrainDice |  TrainIoU |    ValLoss |    ValDice |    ValIoU |         LR | Best
    1 |     0.2378 |     0.6073 |    0.4781 |     0.2212 |     0.6176 |    0.4873 |   3.00e-04 |     
    2 |     0.1754 |     0.6971 |    0.5727 |     0.1642 |     0.7061 |    0.5868 |   3.00e-04 |     
    3 |     0.1564 |     0.7248 |    0.6043 |     0.1373 |     0.7621 |    0.6492 |   3.00e-04 |     
    4 |     0.1512 |     0.7340 |    0.6154 |     0.1450 |     0.7555 |    0.6397 |   2.99e-04 |     
    5 |     0.1427 |     0.7474 |    0.6307 |     0.1478 |     0.7229 |    0.6010 |   2.98e-04 |     
    6 |     0.1390 |     0.7527 |    0.6372 |     0.1355 |     0.7500 |    0.6298 |   2.97e-04 |     
    7 |     0.1353 |     0.7589 |    0.6439 |     0.1369 |     0.7611 |    0.6439 |   2.96e-04 |     
    8 |     0.1328 |     0.7617 |    0.6475 |     0.1354 |     0.7518 |    0.6330 |   2.94e-04 |     
    9 |     0.1294 |     0.7676 |    0.6543 |     0.1259 |     0.7724 |    0.6623 |   2.92e-04 |     
   10 |     0.1295 |     0.7672 |    0.6539 |     0.1216 |     0.7861 |    0.6776 |   2.91e-04 |     
   11 |     0.1289 |     0.7699 |    0.6573 |     0.1227 |     0.7768 |    0.6660 |   2.88e-04 |     
   12 |     0.1259 |     0.7736 |    0.6616 |     0.1186 |     0.7928 |    0.6867 |   2.86e-04 |     
   13 |     0.1252 |     0.7750 |    0.6628 |     0.1353 |     0.7535 |    0.6352 |   2.83e-04 |     
   14 |     0.1232 |     0.7784 |    0.6678 |     0.1165 |     0.7837 |    0.6714 |   2.80e-04 |     
   15 |     0.1251 |     0.7742 |    0.6624 |     0.1190 |     0.7813 |    0.6712 |   2.77e-04 |     
   16 |     0.1215 |     0.7804 |    0.6697 |     0.1217 |     0.7897 |    0.6820 |   2.74e-04 |     
   17 |     0.1251 |     0.7760 |    0.6651 |     0.1343 |     0.7581 |    0.6458 |   2.71e-04 |     
   18 |     0.1198 |     0.7841 |    0.6743 |     0.1146 |     0.7928 |    0.6860 |   2.67e-04 |     
   19 |     0.1188 |     0.7853 |    0.6759 |     0.1158 |     0.7821 |    0.6716 |   2.63e-04 |     
   20 |     0.1162 |     0.7892 |    0.6812 |     0.1173 |     0.7890 |    0.6811 |   2.59e-04 |     
   21 |     0.1166 |     0.7883 |    0.6797 |     0.1159 |     0.7814 |    0.6698 |   2.55e-04 |     
   22 |     0.1165 |     0.7891 |    0.6807 |     0.1344 |     0.7703 |    0.6587 |   2.51e-04 |     
   23 |     0.1151 |     0.7912 |    0.6838 |     0.1108 |     0.7995 |    0.6952 |   2.46e-04 |     
   24 |     0.1139 |     0.7933 |    0.6855 |     0.1130 |     0.8017 |    0.6980 |   2.42e-04 |     
   25 |     0.1139 |     0.7934 |    0.6864 |     0.1150 |     0.7985 |    0.6949 |   2.37e-04 |     
   26 |     0.1126 |     0.7952 |    0.6882 |     0.1089 |     0.7988 |    0.6928 |   2.32e-04 |     
   27 |     0.1106 |     0.7984 |    0.6923 |     0.1083 |     0.8002 |    0.6945 |   2.27e-04 |     
   28 |     0.1117 |     0.7968 |    0.6907 |     0.1093 |     0.8014 |    0.6969 |   2.22e-04 |     
   29 |     0.1108 |     0.7982 |    0.6926 |     0.1124 |     0.7947 |    0.6863 |   2.17e-04 |     
   30 |     0.1098 |     0.7995 |    0.6939 |     0.1096 |     0.7995 |    0.6962 |   2.11e-04 |     
   31 |     0.1100 |     0.8004 |    0.6948 |     0.1204 |     0.7933 |    0.6865 |   2.06e-04 |     
   32 |     0.1078 |     0.8031 |    0.6977 |     0.1063 |     0.8077 |    0.7051 |   2.00e-04 |     
   33 |     0.1066 |     0.8052 |    0.7006 |     0.1119 |     0.7959 |    0.6884 |   1.94e-04 |     
   34 |     0.1059 |     0.8063 |    0.7019 |     0.1097 |     0.8017 |    0.6963 |   1.89e-04 |     
   35 |     0.1044 |     0.8089 |    0.7053 |     0.1052 |     0.8108 |    0.7082 |   1.83e-04 |     
   36 |     0.1040 |     0.8097 |    0.7064 |     0.1073 |     0.7999 |    0.6943 |   1.77e-04 |     
   37 |     0.1048 |     0.8085 |    0.7047 |     0.1086 |     0.7999 |    0.6950 |   1.71e-04 |     
   38 |     0.1035 |     0.8101 |    0.7068 |     0.1042 |     0.8094 |    0.7070 |   1.65e-04 |     
   39 |     0.1021 |     0.8125 |    0.7099 |     0.1052 |     0.8071 |    0.7047 |   1.59e-04 |     
   40 |     0.1014 |     0.8135 |    0.7112 |     0.1052 |     0.8101 |    0.7089 |   1.53e-04 |     
   41 |     0.1007 |     0.8154 |    0.7135 |     0.1046 |     0.8120 |    0.7110 |   1.48e-04 |     
   42 |     0.1002 |     0.8163 |    0.7143 |     0.1045 |     0.8106 |    0.7087 |   1.42e-04 |     
   43 |     0.0986 |     0.8183 |    0.7172 |     0.1072 |     0.8092 |    0.7077 |   1.36e-04 |     
   44 |     0.0976 |     0.8210 |    0.7201 |     0.1020 |     0.8183 |    0.7185 |   1.30e-04 |     
   45 |     0.0973 |     0.8210 |    0.7204 |     0.1191 |     0.7921 |    0.6898 |   1.24e-04 |     
   46 |     0.0962 |     0.8230 |    0.7226 |     0.1033 |     0.8138 |    0.7140 |   1.18e-04 |     
   47 |     0.0954 |     0.8246 |    0.7249 |     0.1030 |     0.8082 |    0.7048 |   1.12e-04 |     
   48 |     0.0955 |     0.8241 |    0.7246 |     0.1029 |     0.8154 |    0.7143 |   1.07e-04 |     
   49 |     0.0943 |     0.8265 |    0.7277 |     0.1010 |     0.8167 |    0.7161 |   1.01e-04 |     
   50 |     0.0928 |     0.8293 |    0.7307 |     0.1054 |     0.8127 |    0.7122 |   9.54e-05 |     
   51 |     0.0922 |     0.8301 |    0.7320 |     0.1069 |     0.8143 |    0.7147 |   8.99e-05 |     
   52 |     0.0913 |     0.8311 |    0.7331 |     0.1116 |     0.8032 |    0.7015 |   8.45e-05 |     
   53 |     0.0901 |     0.8338 |    0.7364 |     0.0999 |     0.8179 |    0.7188 |   7.92e-05 |     
   54 |     0.0893 |     0.8345 |    0.7376 |     0.1002 |     0.8169 |    0.7174 |   7.40e-05 |     
   55 |     0.0887 |     0.8357 |    0.7390 |     0.1067 |     0.8089 |    0.7086 |   6.90e-05 |     
   56 |     0.0883 |     0.8360 |    0.7394 |     0.1003 |     0.8195 |    0.7200 |   6.41e-05 |     
   57 |     0.0873 |     0.8383 |    0.7422 |     0.1034 |     0.8173 |    0.7170 |   5.93e-05 |     
   58 |     0.0856 |     0.8411 |    0.7458 |     0.1017 |     0.8192 |    0.7208 |   5.47e-05 |     
   59 |     0.0851 |     0.8420 |    0.7466 |     0.1011 |     0.8200 |    0.7214 |   5.02e-05 |     
   60 |     0.0844 |     0.8432 |    0.7483 |     0.1008 |     0.8211 |    0.7224 |   4.58e-05 |     
   61 |     0.0836 |     0.8448 |    0.7509 |     0.1007 |     0.8188 |    0.7203 |   4.17e-05 |     
   62 |     0.0826 |     0.8462 |    0.7522 |     0.1002 |     0.8203 |    0.7218 |   3.77e-05 |     
   63 |     0.0816 |     0.8481 |    0.7546 |     0.1015 |     0.8192 |    0.7210 |   3.39e-05 |     
   64 |     0.0807 |     0.8496 |    0.7566 |     0.1015 |     0.8201 |    0.7222 |   3.03e-05 |     
   65 |     0.0805 |     0.8501 |    0.7575 |     0.1000 |     0.8196 |    0.7212 |   2.68e-05 |     
   66 |     0.0788 |     0.8530 |    0.7610 |     0.1000 |     0.8208 |    0.7229 |   2.36e-05 |    *
--- R2 + image-value context regrouping with regroup_text anchors validation statistics ---
up4: ca=0.9086+/-0.0892, sa=1.0086+/-0.0067, amp=0.0000, suppress=0.0000, guide_abs=0.1379
up4 residuals: local_mean=5.307e-02, global_mean=0.0189, local_strength=0.1205, global_strength=0.1187, gain=[0.9906,1.0587], saturation=0.0112, text_film=0.0191
up4 haar: reconstruction_error=9.537e-07, skip_low/high=0.7942/0.2058, plam_low/high=1.0000/0.0000
up4 strengths: plam=0.9117, region=0.1205, detail=0.1187; residual_std region/detail/refine=0.2933/0.3731/0.2992
up4 guide_mix: entropy=0.9818, raw_low=0.3116, plam_low=0.2510, decoder_low=0.2740, detail=0.1634; agreement plam/decoder=0.6307/0.3572, support=0.7879+/-0.0516
up4 adaptive_frequency: ALPF strength=0.2542, weights=0.1363/0.7270/0.1366, sum=1.0000, entropy=0.7052, delta_std=0.0771; AHPF strength=0.0794, weights=0.2841/0.5493/0.1666, sum=1.0000, entropy=0.8915, residual_std=0.1029, scaled_std=0.0082
up3: ca=1.0081+/-0.1369, sa=1.0091+/-0.0037, amp=0.0000, suppress=0.0000, guide_abs=0.2588
up3 residuals: local_mean=1.871e-02, global_mean=0.0561, local_strength=0.1193, global_strength=0.1226, gain=[0.9950,1.0281], saturation=0.0000, text_film=0.0299
up3 haar: reconstruction_error=9.537e-07, skip_low/high=0.7842/0.2158, plam_low/high=1.0000/0.0000
up3 strengths: plam=0.8843, region=0.1193, detail=0.1226; residual_std region/detail/refine=0.3287/0.5692/0.5051
up3 guide_mix: entropy=0.9815, raw_low=0.3290, plam_low=0.2434, decoder_low=0.2567, detail=0.1709; agreement plam/decoder=0.0079/-0.0779, support=0.6639+/-0.0708
up3 adaptive_frequency: ALPF strength=0.2982, weights=0.1040/0.3697/0.5263, sum=1.0000, entropy=0.7629, delta_std=0.0661; AHPF strength=0.1024, weights=0.6459/0.2264/0.1277, sum=1.0000, entropy=0.7439, residual_std=0.0749, scaled_std=0.0077
up2: ca=0.9305+/-0.0841, sa=1.0044+/-0.0031, amp=0.0000, suppress=0.0000, guide_abs=0.1587
up2 residuals: local_mean=5.880e-03, global_mean=0.0323, local_strength=0.1186, global_strength=0.1145, gain=[0.9704,1.0340], saturation=0.0000, text_film=0.0250
up2 haar: reconstruction_error=9.537e-07, skip_low/high=0.7692/0.2308, plam_low/high=1.0000/0.0000
up2 strengths: plam=0.8126, region=0.1186, detail=0.1145; residual_std region/detail/refine=0.1746/0.2649/0.1118
up2 guide_mix: entropy=0.9400, raw_low=0.2917, plam_low=0.1509, decoder_low=0.3992, detail=0.1583; agreement plam/decoder=0.5803/-0.1149, support=0.5543+/-0.0375
up1: ca=0.8597+/-0.1019, sa=1.0036+/-0.0106, amp=0.0000, suppress=0.0000, guide_abs=0.1934
up1 residuals: local_mean=1.089e-03, global_mean=0.0447, local_strength=0.1275, global_strength=0.0781, gain=[0.9237,1.0769], saturation=0.0236, text_film=0.0294
up1 haar: reconstruction_error=2.634e-06, skip_low/high=0.7202/0.2798, plam_low/high=1.0000/0.0000
up1 strengths: plam=0.9290, region=0.1275, detail=0.0781; residual_std region/detail/refine=0.5425/0.4017/0.1613
up1 guide_mix: entropy=0.9577, raw_low=0.2776, plam_low=0.2753, decoder_low=0.3302, detail=0.1169; agreement plam/decoder=0.6724/0.1670, support=0.7210+/-0.0913

========= Epoch [67/80] =========
M2_Test_session_09.13_22h33
Training with batch size : 16
   [Train] Epoch: [67][20/357]  Loss:0.064 (Avg 0.0759) IoU:0.789 (Avg 0.7708) Dice:0.8767 (Avg 0.8613) LR 2.05e-05   (AvgTime 0.6)   
   [Train] Epoch: [67][40/357]  Loss:0.050 (Avg 0.0753) IoU:0.831 (Avg 0.7713) Dice:0.9039 (Avg 0.8607) LR 2.05e-05   (AvgTime 0.6)   
   [Train] Epoch: [67][60/357]  Loss:0.097 (Avg 0.0769) IoU:0.751 (Avg 0.7676) Dice:0.8348 (Avg 0.8584) LR 2.05e-05   (AvgTime 0.6)   
   [Train] Epoch: [67][80/357]  Loss:0.057 (Avg 0.0782) IoU:0.821 (Avg 0.7649) Dice:0.8967 (Avg 0.8557) LR 2.05e-05   (AvgTime 0.6)   
   [Train] Epoch: [67][100/357]  Loss:0.094 (Avg 0.0782) IoU:0.706 (Avg 0.7643) Dice:0.8200 (Avg 0.8555) LR 2.05e-05   (AvgTime 0.6)   
   [Train] Epoch: [67][120/357]  Loss:0.057 (Avg 0.0784) IoU:0.805 (Avg 0.7632) Dice:0.8850 (Avg 0.8548) LR 2.05e-05   (AvgTime 0.6)   
   [Train] Epoch: [67][140/357]  Loss:0.078 (Avg 0.0779) IoU:0.763 (Avg 0.7632) Dice:0.8546 (Avg 0.8547) LR 2.05e-05   (AvgTime 0.6)   
   [Train] Epoch: [67][160/357]  Loss:0.063 (Avg 0.0780) IoU:0.813 (Avg 0.7628) Dice:0.8878 (Avg 0.8545) LR 2.05e-05   (AvgTime 0.6)   
   [Train] Epoch: [67][180/357]  Loss:0.077 (Avg 0.0791) IoU:0.785 (Avg 0.7604) Dice:0.8720 (Avg 0.8526) LR 2.05e-05   (AvgTime 0.6)   
   [Train] Epoch: [67][200/357]  Loss:0.066 (Avg 0.0789) IoU:0.779 (Avg 0.7608) Dice:0.8705 (Avg 0.8527) LR 2.05e-05   (AvgTime 0.6)   
   [Train] Epoch: [67][220/357]  Loss:0.093 (Avg 0.0793) IoU:0.731 (Avg 0.7598) Dice:0.8287 (Avg 0.8520) LR 2.05e-05   (AvgTime 0.6)   
   [Train] Epoch: [67][240/357]  Loss:0.089 (Avg 0.0789) IoU:0.716 (Avg 0.7608) Dice:0.8215 (Avg 0.8527) LR 2.05e-05   (AvgTime 0.6)   
   [Train] Epoch: [67][260/357]  Loss:0.107 (Avg 0.0793) IoU:0.693 (Avg 0.7601) Dice:0.7866 (Avg 0.8521) LR 2.05e-05   (AvgTime 0.6)   
   [Train] Epoch: [67][280/357]  Loss:0.096 (Avg 0.0794) IoU:0.719 (Avg 0.7594) Dice:0.8152 (Avg 0.8518) LR 2.05e-05   (AvgTime 0.6)   
   [Train] Epoch: [67][300/357]  Loss:0.078 (Avg 0.0788) IoU:0.744 (Avg 0.7608) Dice:0.8441 (Avg 0.8528) LR 2.05e-05   (AvgTime 0.6)   
   [Train] Epoch: [67][320/357]  Loss:0.085 (Avg 0.0787) IoU:0.733 (Avg 0.7611) Dice:0.8355 (Avg 0.8531) LR 2.05e-05   (AvgTime 0.6)   
   [Train] Epoch: [67][340/357]  Loss:0.076 (Avg 0.0784) IoU:0.777 (Avg 0.7616) Dice:0.8523 (Avg 0.8535) LR 2.05e-05   (AvgTime 0.6)   
   [Train] Epoch: [67][357/357]  Loss:0.099 (Avg 0.0783) IoU:0.716 (Avg 0.7618) Dice:0.8100 (Avg 0.8537) LR 2.05e-05   (AvgTime 0.6)   
   [Train] Loss components: dice=0.123667, focal=0.033002, total=0.078335
Validation
   [Val] Epoch: [67][20/90]  Loss:0.125 (Avg 0.1049) IoU:0.680 (Avg 0.7285) Dice:0.7981 (Avg 0.8292) (AvgTime 0.3)   
   [Val] Epoch: [67][40/90]  Loss:0.086 (Avg 0.1082) IoU:0.734 (Avg 0.7163) Dice:0.8392 (Avg 0.8171) (AvgTime 0.2)   
   [Val] Epoch: [67][60/90]  Loss:0.132 (Avg 0.1012) IoU:0.660 (Avg 0.7279) Dice:0.7637 (Avg 0.8245) (AvgTime 0.2)   
   [Val] Epoch: [67][80/90]  Loss:0.104 (Avg 0.1008) IoU:0.698 (Avg 0.7262) Dice:0.8012 (Avg 0.8233) (AvgTime 0.2)   
   [Val] Epoch: [67][90/90]  Loss:0.134 (Avg 0.1007) IoU:0.632 (Avg 0.7260) Dice:0.7557 (Avg 0.8231) (AvgTime 0.2)   
   [Val] Loss components: dice=0.148328, focal=0.053105, total=0.100716
	 Saving best model by iou: 0.725972
	 Saving to Covid19/BetterLViT/m2_text_regroup/M2_Test_session_09.13_22h33/models//best_model-BetterLViT.pth.tar
	 early_stopping_count: 0/80
--- Epoch History (1..67) ---
Epoch |  TrainLoss |  TrainDice |  TrainIoU |    ValLoss |    ValDice |    ValIoU |         LR | Best
    1 |     0.2378 |     0.6073 |    0.4781 |     0.2212 |     0.6176 |    0.4873 |   3.00e-04 |     
    2 |     0.1754 |     0.6971 |    0.5727 |     0.1642 |     0.7061 |    0.5868 |   3.00e-04 |     
    3 |     0.1564 |     0.7248 |    0.6043 |     0.1373 |     0.7621 |    0.6492 |   3.00e-04 |     
    4 |     0.1512 |     0.7340 |    0.6154 |     0.1450 |     0.7555 |    0.6397 |   2.99e-04 |     
    5 |     0.1427 |     0.7474 |    0.6307 |     0.1478 |     0.7229 |    0.6010 |   2.98e-04 |     
    6 |     0.1390 |     0.7527 |    0.6372 |     0.1355 |     0.7500 |    0.6298 |   2.97e-04 |     
    7 |     0.1353 |     0.7589 |    0.6439 |     0.1369 |     0.7611 |    0.6439 |   2.96e-04 |     
    8 |     0.1328 |     0.7617 |    0.6475 |     0.1354 |     0.7518 |    0.6330 |   2.94e-04 |     
    9 |     0.1294 |     0.7676 |    0.6543 |     0.1259 |     0.7724 |    0.6623 |   2.92e-04 |     
   10 |     0.1295 |     0.7672 |    0.6539 |     0.1216 |     0.7861 |    0.6776 |   2.91e-04 |     
   11 |     0.1289 |     0.7699 |    0.6573 |     0.1227 |     0.7768 |    0.6660 |   2.88e-04 |     
   12 |     0.1259 |     0.7736 |    0.6616 |     0.1186 |     0.7928 |    0.6867 |   2.86e-04 |     
   13 |     0.1252 |     0.7750 |    0.6628 |     0.1353 |     0.7535 |    0.6352 |   2.83e-04 |     
   14 |     0.1232 |     0.7784 |    0.6678 |     0.1165 |     0.7837 |    0.6714 |   2.80e-04 |     
   15 |     0.1251 |     0.7742 |    0.6624 |     0.1190 |     0.7813 |    0.6712 |   2.77e-04 |     
   16 |     0.1215 |     0.7804 |    0.6697 |     0.1217 |     0.7897 |    0.6820 |   2.74e-04 |     
   17 |     0.1251 |     0.7760 |    0.6651 |     0.1343 |     0.7581 |    0.6458 |   2.71e-04 |     
   18 |     0.1198 |     0.7841 |    0.6743 |     0.1146 |     0.7928 |    0.6860 |   2.67e-04 |     
   19 |     0.1188 |     0.7853 |    0.6759 |     0.1158 |     0.7821 |    0.6716 |   2.63e-04 |     
   20 |     0.1162 |     0.7892 |    0.6812 |     0.1173 |     0.7890 |    0.6811 |   2.59e-04 |     
   21 |     0.1166 |     0.7883 |    0.6797 |     0.1159 |     0.7814 |    0.6698 |   2.55e-04 |     
   22 |     0.1165 |     0.7891 |    0.6807 |     0.1344 |     0.7703 |    0.6587 |   2.51e-04 |     
   23 |     0.1151 |     0.7912 |    0.6838 |     0.1108 |     0.7995 |    0.6952 |   2.46e-04 |     
   24 |     0.1139 |     0.7933 |    0.6855 |     0.1130 |     0.8017 |    0.6980 |   2.42e-04 |     
   25 |     0.1139 |     0.7934 |    0.6864 |     0.1150 |     0.7985 |    0.6949 |   2.37e-04 |     
   26 |     0.1126 |     0.7952 |    0.6882 |     0.1089 |     0.7988 |    0.6928 |   2.32e-04 |     
   27 |     0.1106 |     0.7984 |    0.6923 |     0.1083 |     0.8002 |    0.6945 |   2.27e-04 |     
   28 |     0.1117 |     0.7968 |    0.6907 |     0.1093 |     0.8014 |    0.6969 |   2.22e-04 |     
   29 |     0.1108 |     0.7982 |    0.6926 |     0.1124 |     0.7947 |    0.6863 |   2.17e-04 |     
   30 |     0.1098 |     0.7995 |    0.6939 |     0.1096 |     0.7995 |    0.6962 |   2.11e-04 |     
   31 |     0.1100 |     0.8004 |    0.6948 |     0.1204 |     0.7933 |    0.6865 |   2.06e-04 |     
   32 |     0.1078 |     0.8031 |    0.6977 |     0.1063 |     0.8077 |    0.7051 |   2.00e-04 |     
   33 |     0.1066 |     0.8052 |    0.7006 |     0.1119 |     0.7959 |    0.6884 |   1.94e-04 |     
   34 |     0.1059 |     0.8063 |    0.7019 |     0.1097 |     0.8017 |    0.6963 |   1.89e-04 |     
   35 |     0.1044 |     0.8089 |    0.7053 |     0.1052 |     0.8108 |    0.7082 |   1.83e-04 |     
   36 |     0.1040 |     0.8097 |    0.7064 |     0.1073 |     0.7999 |    0.6943 |   1.77e-04 |     
   37 |     0.1048 |     0.8085 |    0.7047 |     0.1086 |     0.7999 |    0.6950 |   1.71e-04 |     
   38 |     0.1035 |     0.8101 |    0.7068 |     0.1042 |     0.8094 |    0.7070 |   1.65e-04 |     
   39 |     0.1021 |     0.8125 |    0.7099 |     0.1052 |     0.8071 |    0.7047 |   1.59e-04 |     
   40 |     0.1014 |     0.8135 |    0.7112 |     0.1052 |     0.8101 |    0.7089 |   1.53e-04 |     
   41 |     0.1007 |     0.8154 |    0.7135 |     0.1046 |     0.8120 |    0.7110 |   1.48e-04 |     
   42 |     0.1002 |     0.8163 |    0.7143 |     0.1045 |     0.8106 |    0.7087 |   1.42e-04 |     
   43 |     0.0986 |     0.8183 |    0.7172 |     0.1072 |     0.8092 |    0.7077 |   1.36e-04 |     
   44 |     0.0976 |     0.8210 |    0.7201 |     0.1020 |     0.8183 |    0.7185 |   1.30e-04 |     
   45 |     0.0973 |     0.8210 |    0.7204 |     0.1191 |     0.7921 |    0.6898 |   1.24e-04 |     
   46 |     0.0962 |     0.8230 |    0.7226 |     0.1033 |     0.8138 |    0.7140 |   1.18e-04 |     
   47 |     0.0954 |     0.8246 |    0.7249 |     0.1030 |     0.8082 |    0.7048 |   1.12e-04 |     
   48 |     0.0955 |     0.8241 |    0.7246 |     0.1029 |     0.8154 |    0.7143 |   1.07e-04 |     
   49 |     0.0943 |     0.8265 |    0.7277 |     0.1010 |     0.8167 |    0.7161 |   1.01e-04 |     
   50 |     0.0928 |     0.8293 |    0.7307 |     0.1054 |     0.8127 |    0.7122 |   9.54e-05 |     
   51 |     0.0922 |     0.8301 |    0.7320 |     0.1069 |     0.8143 |    0.7147 |   8.99e-05 |     
   52 |     0.0913 |     0.8311 |    0.7331 |     0.1116 |     0.8032 |    0.7015 |   8.45e-05 |     
   53 |     0.0901 |     0.8338 |    0.7364 |     0.0999 |     0.8179 |    0.7188 |   7.92e-05 |     
   54 |     0.0893 |     0.8345 |    0.7376 |     0.1002 |     0.8169 |    0.7174 |   7.40e-05 |     
   55 |     0.0887 |     0.8357 |    0.7390 |     0.1067 |     0.8089 |    0.7086 |   6.90e-05 |     
   56 |     0.0883 |     0.8360 |    0.7394 |     0.1003 |     0.8195 |    0.7200 |   6.41e-05 |     
   57 |     0.0873 |     0.8383 |    0.7422 |     0.1034 |     0.8173 |    0.7170 |   5.93e-05 |     
   58 |     0.0856 |     0.8411 |    0.7458 |     0.1017 |     0.8192 |    0.7208 |   5.47e-05 |     
   59 |     0.0851 |     0.8420 |    0.7466 |     0.1011 |     0.8200 |    0.7214 |   5.02e-05 |     
   60 |     0.0844 |     0.8432 |    0.7483 |     0.1008 |     0.8211 |    0.7224 |   4.58e-05 |     
   61 |     0.0836 |     0.8448 |    0.7509 |     0.1007 |     0.8188 |    0.7203 |   4.17e-05 |     
   62 |     0.0826 |     0.8462 |    0.7522 |     0.1002 |     0.8203 |    0.7218 |   3.77e-05 |     
   63 |     0.0816 |     0.8481 |    0.7546 |     0.1015 |     0.8192 |    0.7210 |   3.39e-05 |     
   64 |     0.0807 |     0.8496 |    0.7566 |     0.1015 |     0.8201 |    0.7222 |   3.03e-05 |     
   65 |     0.0805 |     0.8501 |    0.7575 |     0.1000 |     0.8196 |    0.7212 |   2.68e-05 |     
   66 |     0.0788 |     0.8530 |    0.7610 |     0.1000 |     0.8208 |    0.7229 |   2.36e-05 |     
   67 |     0.0783 |     0.8537 |    0.7618 |     0.1007 |     0.8231 |    0.7260 |   2.05e-05 |    *
--- R2 + image-value context regrouping with regroup_text anchors validation statistics ---
up4: ca=0.9098+/-0.0871, sa=1.0085+/-0.0067, amp=0.0000, suppress=0.0000, guide_abs=0.1461
up4 residuals: local_mean=5.385e-02, global_mean=0.0178, local_strength=0.1205, global_strength=0.1187, gain=[0.9895,1.0566], saturation=0.0143, text_film=0.0198
up4 haar: reconstruction_error=4.768e-07, skip_low/high=0.7947/0.2053, plam_low/high=1.0000/0.0000
up4 strengths: plam=0.9116, region=0.1205, detail=0.1187; residual_std region/detail/refine=0.2963/0.3755/0.2982
up4 guide_mix: entropy=0.9813, raw_low=0.3135, plam_low=0.2442, decoder_low=0.2782, detail=0.1641; agreement plam/decoder=0.6106/0.3565, support=0.7935+/-0.0517
up4 adaptive_frequency: ALPF strength=0.2543, weights=0.1376/0.7259/0.1364, sum=1.0000, entropy=0.7069, delta_std=0.0789; AHPF strength=0.0794, weights=0.2826/0.5505/0.1669, sum=1.0000, entropy=0.8915, residual_std=0.1045, scaled_std=0.0083
up3: ca=1.0106+/-0.1351, sa=1.0092+/-0.0038, amp=0.0000, suppress=0.0000, guide_abs=0.2581
up3 residuals: local_mean=1.906e-02, global_mean=0.0562, local_strength=0.1193, global_strength=0.1226, gain=[0.9951,1.0284], saturation=0.0000, text_film=0.0293
up3 haar: reconstruction_error=9.537e-07, skip_low/high=0.7826/0.2174, plam_low/high=1.0000/0.0000
up3 strengths: plam=0.8843, region=0.1193, detail=0.1226; residual_std region/detail/refine=0.3257/0.5697/0.5058
up3 guide_mix: entropy=0.9812, raw_low=0.3297, plam_low=0.2348, decoder_low=0.2635, detail=0.1721; agreement plam/decoder=-0.0286/-0.0668, support=0.6632+/-0.0709
up3 adaptive_frequency: ALPF strength=0.2983, weights=0.1042/0.3770/0.5188, sum=1.0000, entropy=0.7637, delta_std=0.0683; AHPF strength=0.1024, weights=0.6363/0.2305/0.1332, sum=1.0000, entropy=0.7533, residual_std=0.0771, scaled_std=0.0079
up2: ca=0.9315+/-0.0831, sa=1.0044+/-0.0031, amp=0.0000, suppress=0.0000, guide_abs=0.1613
up2 residuals: local_mean=5.853e-03, global_mean=0.0327, local_strength=0.1185, global_strength=0.1145, gain=[0.9705,1.0328], saturation=0.0000, text_film=0.0237
up2 haar: reconstruction_error=9.537e-07, skip_low/high=0.7662/0.2338, plam_low/high=1.0000/0.0000
up2 strengths: plam=0.8125, region=0.1185, detail=0.1145; residual_std region/detail/refine=0.1735/0.2617/0.1117
up2 guide_mix: entropy=0.9339, raw_low=0.2854, plam_low=0.1456, decoder_low=0.4117, detail=0.1573; agreement plam/decoder=0.6035/-0.1049, support=0.5543+/-0.0376
up1: ca=0.8590+/-0.1004, sa=1.0036+/-0.0106, amp=0.0000, suppress=0.0000, guide_abs=0.1974
up1 residuals: local_mean=1.140e-03, global_mean=0.0447, local_strength=0.1275, global_strength=0.0781, gain=[0.9238,1.0768], saturation=0.0294, text_film=0.0290
up1 haar: reconstruction_error=2.749e-06, skip_low/high=0.7212/0.2788, plam_low/high=1.0000/0.0000
up1 strengths: plam=0.9289, region=0.1275, detail=0.0781; residual_std region/detail/refine=0.5624/0.4045/0.1614
up1 guide_mix: entropy=0.9591, raw_low=0.2853, plam_low=0.2652, decoder_low=0.3299, detail=0.1196; agreement plam/decoder=0.6688/0.1903, support=0.7249+/-0.0942

========= Epoch [68/80] =========
M2_Test_session_09.13_22h33
Training with batch size : 16
   [Train] Epoch: [68][20/357]  Loss:0.054 (Avg 0.0823) IoU:0.827 (Avg 0.7500) Dice:0.9030 (Avg 0.8453) LR 1.77e-05   (AvgTime 0.6)   
   [Train] Epoch: [68][40/357]  Loss:0.072 (Avg 0.0823) IoU:0.782 (Avg 0.7512) Dice:0.8674 (Avg 0.8460) LR 1.77e-05   (AvgTime 0.6)   
   [Train] Epoch: [68][60/357]  Loss:0.086 (Avg 0.0815) IoU:0.739 (Avg 0.7531) Dice:0.8375 (Avg 0.8475) LR 1.77e-05   (AvgTime 0.6)   
   [Train] Epoch: [68][80/357]  Loss:0.063 (Avg 0.0809) IoU:0.810 (Avg 0.7550) Dice:0.8902 (Avg 0.8487) LR 1.77e-05   (AvgTime 0.6)   
   [Train] Epoch: [68][100/357]  Loss:0.077 (Avg 0.0789) IoU:0.748 (Avg 0.7595) Dice:0.8453 (Avg 0.8522) LR 1.77e-05   (AvgTime 0.6)   
   [Train] Epoch: [68][120/357]  Loss:0.096 (Avg 0.0786) IoU:0.719 (Avg 0.7611) Dice:0.8135 (Avg 0.8533) LR 1.77e-05   (AvgTime 0.6)   
   [Train] Epoch: [68][140/357]  Loss:0.068 (Avg 0.0790) IoU:0.793 (Avg 0.7606) Dice:0.8780 (Avg 0.8526) LR 1.77e-05   (AvgTime 0.6)   
   [Train] Epoch: [68][160/357]  Loss:0.055 (Avg 0.0791) IoU:0.827 (Avg 0.7600) Dice:0.9013 (Avg 0.8523) LR 1.77e-05   (AvgTime 0.6)   
   [Train] Epoch: [68][180/357]  Loss:0.084 (Avg 0.0785) IoU:0.733 (Avg 0.7615) Dice:0.8351 (Avg 0.8534) LR 1.77e-05   (AvgTime 0.6)   
   [Train] Epoch: [68][200/357]  Loss:0.059 (Avg 0.0776) IoU:0.817 (Avg 0.7636) Dice:0.8970 (Avg 0.8551) LR 1.77e-05   (AvgTime 0.6)   
   [Train] Epoch: [68][220/357]  Loss:0.067 (Avg 0.0773) IoU:0.790 (Avg 0.7647) Dice:0.8756 (Avg 0.8559) LR 1.77e-05   (AvgTime 0.6)   
   [Train] Epoch: [68][240/357]  Loss:0.073 (Avg 0.0774) IoU:0.776 (Avg 0.7645) Dice:0.8613 (Avg 0.8558) LR 1.77e-05   (AvgTime 0.6)   
   [Train] Epoch: [68][260/357]  Loss:0.076 (Avg 0.0776) IoU:0.754 (Avg 0.7639) Dice:0.8522 (Avg 0.8554) LR 1.77e-05   (AvgTime 0.6)   
   [Train] Epoch: [68][280/357]  Loss:0.079 (Avg 0.0775) IoU:0.740 (Avg 0.7643) Dice:0.8420 (Avg 0.8557) LR 1.77e-05   (AvgTime 0.6)   
   [Train] Epoch: [68][300/357]  Loss:0.078 (Avg 0.0778) IoU:0.756 (Avg 0.7633) Dice:0.8488 (Avg 0.8549) LR 1.77e-05   (AvgTime 0.6)   
   [Train] Epoch: [68][320/357]  Loss:0.075 (Avg 0.0779) IoU:0.773 (Avg 0.7633) Dice:0.8562 (Avg 0.8548) LR 1.77e-05   (AvgTime 0.6)   
   [Train] Epoch: [68][340/357]  Loss:0.092 (Avg 0.0778) IoU:0.724 (Avg 0.7634) Dice:0.8196 (Avg 0.8549) LR 1.77e-05   (AvgTime 0.6)   
   [Train] Epoch: [68][357/357]  Loss:0.070 (Avg 0.0776) IoU:0.781 (Avg 0.7638) Dice:0.8696 (Avg 0.8552) LR 1.77e-05   (AvgTime 0.6)   
   [Train] Loss components: dice=0.122066, focal=0.033115, total=0.077591
Validation
   [Val] Epoch: [68][20/90]  Loss:0.130 (Avg 0.1071) IoU:0.673 (Avg 0.7238) Dice:0.7944 (Avg 0.8248) (AvgTime 0.3)   
   [Val] Epoch: [68][40/90]  Loss:0.093 (Avg 0.1100) IoU:0.721 (Avg 0.7131) Dice:0.8291 (Avg 0.8145) (AvgTime 0.2)   
   [Val] Epoch: [68][60/90]  Loss:0.140 (Avg 0.1031) IoU:0.653 (Avg 0.7255) Dice:0.7596 (Avg 0.8227) (AvgTime 0.2)   
   [Val] Epoch: [68][80/90]  Loss:0.100 (Avg 0.1026) IoU:0.714 (Avg 0.7245) Dice:0.8156 (Avg 0.8222) (AvgTime 0.2)   
   [Val] Epoch: [68][90/90]  Loss:0.141 (Avg 0.1028) IoU:0.618 (Avg 0.7240) Dice:0.7433 (Avg 0.8217) (AvgTime 0.2)   
   [Val] Loss components: dice=0.148685, focal=0.056829, total=0.102757
	 No iou improvement; selected epoch 67
	 early_stopping_count: 1/80
--- Epoch History (1..68) ---
Epoch |  TrainLoss |  TrainDice |  TrainIoU |    ValLoss |    ValDice |    ValIoU |         LR | Best
    1 |     0.2378 |     0.6073 |    0.4781 |     0.2212 |     0.6176 |    0.4873 |   3.00e-04 |     
    2 |     0.1754 |     0.6971 |    0.5727 |     0.1642 |     0.7061 |    0.5868 |   3.00e-04 |     
    3 |     0.1564 |     0.7248 |    0.6043 |     0.1373 |     0.7621 |    0.6492 |   3.00e-04 |     
    4 |     0.1512 |     0.7340 |    0.6154 |     0.1450 |     0.7555 |    0.6397 |   2.99e-04 |     
    5 |     0.1427 |     0.7474 |    0.6307 |     0.1478 |     0.7229 |    0.6010 |   2.98e-04 |     
    6 |     0.1390 |     0.7527 |    0.6372 |     0.1355 |     0.7500 |    0.6298 |   2.97e-04 |     
    7 |     0.1353 |     0.7589 |    0.6439 |     0.1369 |     0.7611 |    0.6439 |   2.96e-04 |     
    8 |     0.1328 |     0.7617 |    0.6475 |     0.1354 |     0.7518 |    0.6330 |   2.94e-04 |     
    9 |     0.1294 |     0.7676 |    0.6543 |     0.1259 |     0.7724 |    0.6623 |   2.92e-04 |     
   10 |     0.1295 |     0.7672 |    0.6539 |     0.1216 |     0.7861 |    0.6776 |   2.91e-04 |     
   11 |     0.1289 |     0.7699 |    0.6573 |     0.1227 |     0.7768 |    0.6660 |   2.88e-04 |     
   12 |     0.1259 |     0.7736 |    0.6616 |     0.1186 |     0.7928 |    0.6867 |   2.86e-04 |     
   13 |     0.1252 |     0.7750 |    0.6628 |     0.1353 |     0.7535 |    0.6352 |   2.83e-04 |     
   14 |     0.1232 |     0.7784 |    0.6678 |     0.1165 |     0.7837 |    0.6714 |   2.80e-04 |     
   15 |     0.1251 |     0.7742 |    0.6624 |     0.1190 |     0.7813 |    0.6712 |   2.77e-04 |     
   16 |     0.1215 |     0.7804 |    0.6697 |     0.1217 |     0.7897 |    0.6820 |   2.74e-04 |     
   17 |     0.1251 |     0.7760 |    0.6651 |     0.1343 |     0.7581 |    0.6458 |   2.71e-04 |     
   18 |     0.1198 |     0.7841 |    0.6743 |     0.1146 |     0.7928 |    0.6860 |   2.67e-04 |     
   19 |     0.1188 |     0.7853 |    0.6759 |     0.1158 |     0.7821 |    0.6716 |   2.63e-04 |     
   20 |     0.1162 |     0.7892 |    0.6812 |     0.1173 |     0.7890 |    0.6811 |   2.59e-04 |     
   21 |     0.1166 |     0.7883 |    0.6797 |     0.1159 |     0.7814 |    0.6698 |   2.55e-04 |     
   22 |     0.1165 |     0.7891 |    0.6807 |     0.1344 |     0.7703 |    0.6587 |   2.51e-04 |     
   23 |     0.1151 |     0.7912 |    0.6838 |     0.1108 |     0.7995 |    0.6952 |   2.46e-04 |     
   24 |     0.1139 |     0.7933 |    0.6855 |     0.1130 |     0.8017 |    0.6980 |   2.42e-04 |     
   25 |     0.1139 |     0.7934 |    0.6864 |     0.1150 |     0.7985 |    0.6949 |   2.37e-04 |     
   26 |     0.1126 |     0.7952 |    0.6882 |     0.1089 |     0.7988 |    0.6928 |   2.32e-04 |     
   27 |     0.1106 |     0.7984 |    0.6923 |     0.1083 |     0.8002 |    0.6945 |   2.27e-04 |     
   28 |     0.1117 |     0.7968 |    0.6907 |     0.1093 |     0.8014 |    0.6969 |   2.22e-04 |     
   29 |     0.1108 |     0.7982 |    0.6926 |     0.1124 |     0.7947 |    0.6863 |   2.17e-04 |     
   30 |     0.1098 |     0.7995 |    0.6939 |     0.1096 |     0.7995 |    0.6962 |   2.11e-04 |     
   31 |     0.1100 |     0.8004 |    0.6948 |     0.1204 |     0.7933 |    0.6865 |   2.06e-04 |     
   32 |     0.1078 |     0.8031 |    0.6977 |     0.1063 |     0.8077 |    0.7051 |   2.00e-04 |     
   33 |     0.1066 |     0.8052 |    0.7006 |     0.1119 |     0.7959 |    0.6884 |   1.94e-04 |     
   34 |     0.1059 |     0.8063 |    0.7019 |     0.1097 |     0.8017 |    0.6963 |   1.89e-04 |     
   35 |     0.1044 |     0.8089 |    0.7053 |     0.1052 |     0.8108 |    0.7082 |   1.83e-04 |     
   36 |     0.1040 |     0.8097 |    0.7064 |     0.1073 |     0.7999 |    0.6943 |   1.77e-04 |     
   37 |     0.1048 |     0.8085 |    0.7047 |     0.1086 |     0.7999 |    0.6950 |   1.71e-04 |     
   38 |     0.1035 |     0.8101 |    0.7068 |     0.1042 |     0.8094 |    0.7070 |   1.65e-04 |     
   39 |     0.1021 |     0.8125 |    0.7099 |     0.1052 |     0.8071 |    0.7047 |   1.59e-04 |     
   40 |     0.1014 |     0.8135 |    0.7112 |     0.1052 |     0.8101 |    0.7089 |   1.53e-04 |     
   41 |     0.1007 |     0.8154 |    0.7135 |     0.1046 |     0.8120 |    0.7110 |   1.48e-04 |     
   42 |     0.1002 |     0.8163 |    0.7143 |     0.1045 |     0.8106 |    0.7087 |   1.42e-04 |     
   43 |     0.0986 |     0.8183 |    0.7172 |     0.1072 |     0.8092 |    0.7077 |   1.36e-04 |     
   44 |     0.0976 |     0.8210 |    0.7201 |     0.1020 |     0.8183 |    0.7185 |   1.30e-04 |     
   45 |     0.0973 |     0.8210 |    0.7204 |     0.1191 |     0.7921 |    0.6898 |   1.24e-04 |     
   46 |     0.0962 |     0.8230 |    0.7226 |     0.1033 |     0.8138 |    0.7140 |   1.18e-04 |     
   47 |     0.0954 |     0.8246 |    0.7249 |     0.1030 |     0.8082 |    0.7048 |   1.12e-04 |     
   48 |     0.0955 |     0.8241 |    0.7246 |     0.1029 |     0.8154 |    0.7143 |   1.07e-04 |     
   49 |     0.0943 |     0.8265 |    0.7277 |     0.1010 |     0.8167 |    0.7161 |   1.01e-04 |     
   50 |     0.0928 |     0.8293 |    0.7307 |     0.1054 |     0.8127 |    0.7122 |   9.54e-05 |     
   51 |     0.0922 |     0.8301 |    0.7320 |     0.1069 |     0.8143 |    0.7147 |   8.99e-05 |     
   52 |     0.0913 |     0.8311 |    0.7331 |     0.1116 |     0.8032 |    0.7015 |   8.45e-05 |     
   53 |     0.0901 |     0.8338 |    0.7364 |     0.0999 |     0.8179 |    0.7188 |   7.92e-05 |     
   54 |     0.0893 |     0.8345 |    0.7376 |     0.1002 |     0.8169 |    0.7174 |   7.40e-05 |     
   55 |     0.0887 |     0.8357 |    0.7390 |     0.1067 |     0.8089 |    0.7086 |   6.90e-05 |     
   56 |     0.0883 |     0.8360 |    0.7394 |     0.1003 |     0.8195 |    0.7200 |   6.41e-05 |     
   57 |     0.0873 |     0.8383 |    0.7422 |     0.1034 |     0.8173 |    0.7170 |   5.93e-05 |     
   58 |     0.0856 |     0.8411 |    0.7458 |     0.1017 |     0.8192 |    0.7208 |   5.47e-05 |     
   59 |     0.0851 |     0.8420 |    0.7466 |     0.1011 |     0.8200 |    0.7214 |   5.02e-05 |     
   60 |     0.0844 |     0.8432 |    0.7483 |     0.1008 |     0.8211 |    0.7224 |   4.58e-05 |     
   61 |     0.0836 |     0.8448 |    0.7509 |     0.1007 |     0.8188 |    0.7203 |   4.17e-05 |     
   62 |     0.0826 |     0.8462 |    0.7522 |     0.1002 |     0.8203 |    0.7218 |   3.77e-05 |     
   63 |     0.0816 |     0.8481 |    0.7546 |     0.1015 |     0.8192 |    0.7210 |   3.39e-05 |     
   64 |     0.0807 |     0.8496 |    0.7566 |     0.1015 |     0.8201 |    0.7222 |   3.03e-05 |     
   65 |     0.0805 |     0.8501 |    0.7575 |     0.1000 |     0.8196 |    0.7212 |   2.68e-05 |     
   66 |     0.0788 |     0.8530 |    0.7610 |     0.1000 |     0.8208 |    0.7229 |   2.36e-05 |     
   67 |     0.0783 |     0.8537 |    0.7618 |     0.1007 |     0.8231 |    0.7260 |   2.05e-05 |    *
   68 |     0.0776 |     0.8552 |    0.7638 |     0.1028 |     0.8217 |    0.7240 |   1.77e-05 |     
--- R2 + image-value context regrouping with regroup_text anchors validation statistics ---
up4: ca=0.9109+/-0.0870, sa=1.0085+/-0.0066, amp=0.0000, suppress=0.0000, guide_abs=0.1448
up4 residuals: local_mean=5.374e-02, global_mean=0.0179, local_strength=0.1205, global_strength=0.1187, gain=[0.9908,1.0572], saturation=0.0153, text_film=0.0195
up4 haar: reconstruction_error=9.537e-07, skip_low/high=0.7940/0.2060, plam_low/high=1.0000/0.0000
up4 strengths: plam=0.9116, region=0.1205, detail=0.1187; residual_std region/detail/refine=0.2984/0.3768/0.2993
up4 guide_mix: entropy=0.9818, raw_low=0.3172, plam_low=0.2411, decoder_low=0.2747, detail=0.1670; agreement plam/decoder=0.6250/0.3358, support=0.7949+/-0.0524
up4 adaptive_frequency: ALPF strength=0.2544, weights=0.1362/0.7268/0.1370, sum=1.0000, entropy=0.7057, delta_std=0.0788; AHPF strength=0.0794, weights=0.2839/0.5493/0.1668, sum=1.0000, entropy=0.8925, residual_std=0.1047, scaled_std=0.0083
up3: ca=1.0103+/-0.1335, sa=1.0092+/-0.0037, amp=0.0000, suppress=0.0000, guide_abs=0.2564
up3 residuals: local_mean=1.904e-02, global_mean=0.0561, local_strength=0.1192, global_strength=0.1226, gain=[0.9955,1.0275], saturation=0.0000, text_film=0.0280
up3 haar: reconstruction_error=9.537e-07, skip_low/high=0.7833/0.2167, plam_low/high=1.0000/0.0000
up3 strengths: plam=0.8843, region=0.1192, detail=0.1226; residual_std region/detail/refine=0.3233/0.5681/0.5037
up3 guide_mix: entropy=0.9811, raw_low=0.3326, plam_low=0.2331, decoder_low=0.2608, detail=0.1736; agreement plam/decoder=-0.0128/-0.0780, support=0.6626+/-0.0709
up3 adaptive_frequency: ALPF strength=0.2985, weights=0.1069/0.3823/0.5108, sum=1.0000, entropy=0.7607, delta_std=0.0673; AHPF strength=0.1024, weights=0.6166/0.2420/0.1414, sum=1.0000, entropy=0.7694, residual_std=0.0819, scaled_std=0.0084
up2: ca=0.9362+/-0.0810, sa=1.0044+/-0.0031, amp=0.0000, suppress=0.0000, guide_abs=0.1609
up2 residuals: local_mean=5.780e-03, global_mean=0.0328, local_strength=0.1186, global_strength=0.1145, gain=[0.9718,1.0331], saturation=0.0000, text_film=0.0241
up2 haar: reconstruction_error=9.537e-07, skip_low/high=0.7673/0.2327, plam_low/high=1.0000/0.0000
up2 strengths: plam=0.8125, region=0.1186, detail=0.1145; residual_std region/detail/refine=0.1752/0.2622/0.1113
up2 guide_mix: entropy=0.9353, raw_low=0.2899, plam_low=0.1442, decoder_low=0.4068, detail=0.1591; agreement plam/decoder=0.6054/-0.0822, support=0.5546+/-0.0383
up1: ca=0.8616+/-0.0998, sa=1.0036+/-0.0105, amp=0.0000, suppress=0.0000, guide_abs=0.1952
up1 residuals: local_mean=1.055e-03, global_mean=0.0447, local_strength=0.1275, global_strength=0.0781, gain=[0.9238,1.0768], saturation=0.0303, text_film=0.0300
up1 haar: reconstruction_error=2.399e-06, skip_low/high=0.7228/0.2772, plam_low/high=1.0000/0.0000
up1 strengths: plam=0.9289, region=0.1275, detail=0.0781; residual_std region/detail/refine=0.5499/0.4004/0.1615
up1 guide_mix: entropy=0.9590, raw_low=0.2891, plam_low=0.2606, decoder_low=0.3303, detail=0.1200; agreement plam/decoder=0.6598/0.1993, support=0.7230+/-0.0932

========= Epoch [69/80] =========
M2_Test_session_09.13_22h33
Training with batch size : 16
   [Train] Epoch: [69][20/357]  Loss:0.058 (Avg 0.0852) IoU:0.810 (Avg 0.7442) Dice:0.8913 (Avg 0.8399) LR 1.51e-05   (AvgTime 0.6)   
   [Train] Epoch: [69][40/357]  Loss:0.064 (Avg 0.0809) IoU:0.799 (Avg 0.7567) Dice:0.8827 (Avg 0.8491) LR 1.51e-05   (AvgTime 0.6)   
   [Train] Epoch: [69][60/357]  Loss:0.076 (Avg 0.0797) IoU:0.763 (Avg 0.7599) Dice:0.8570 (Avg 0.8514) LR 1.51e-05   (AvgTime 0.6)   
   [Train] Epoch: [69][80/357]  Loss:0.076 (Avg 0.0785) IoU:0.760 (Avg 0.7617) Dice:0.8540 (Avg 0.8530) LR 1.51e-05   (AvgTime 0.6)   
   [Train] Epoch: [69][100/357]  Loss:0.088 (Avg 0.0765) IoU:0.730 (Avg 0.7660) Dice:0.8274 (Avg 0.8565) LR 1.51e-05   (AvgTime 0.6)   
   [Train] Epoch: [69][120/357]  Loss:0.094 (Avg 0.0761) IoU:0.746 (Avg 0.7674) Dice:0.8477 (Avg 0.8579) LR 1.51e-05   (AvgTime 0.6)   
   [Train] Epoch: [69][140/357]  Loss:0.059 (Avg 0.0760) IoU:0.815 (Avg 0.7674) Dice:0.8946 (Avg 0.8580) LR 1.51e-05   (AvgTime 0.6)   
   [Train] Epoch: [69][160/357]  Loss:0.080 (Avg 0.0762) IoU:0.753 (Avg 0.7677) Dice:0.8535 (Avg 0.8581) LR 1.51e-05   (AvgTime 0.6)   
   [Train] Epoch: [69][180/357]  Loss:0.064 (Avg 0.0760) IoU:0.781 (Avg 0.7678) Dice:0.8719 (Avg 0.8582) LR 1.51e-05   (AvgTime 0.6)   
   [Train] Epoch: [69][200/357]  Loss:0.071 (Avg 0.0759) IoU:0.750 (Avg 0.7678) Dice:0.8462 (Avg 0.8581) LR 1.51e-05   (AvgTime 0.6)   
   [Train] Epoch: [69][220/357]  Loss:0.080 (Avg 0.0760) IoU:0.759 (Avg 0.7677) Dice:0.8529 (Avg 0.8581) LR 1.51e-05   (AvgTime 0.6)   
   [Train] Epoch: [69][240/357]  Loss:0.065 (Avg 0.0761) IoU:0.801 (Avg 0.7674) Dice:0.8822 (Avg 0.8579) LR 1.51e-05   (AvgTime 0.6)   
   [Train] Epoch: [69][260/357]  Loss:0.098 (Avg 0.0764) IoU:0.700 (Avg 0.7665) Dice:0.7983 (Avg 0.8572) LR 1.51e-05   (AvgTime 0.6)   
   [Train] Epoch: [69][280/357]  Loss:0.099 (Avg 0.0766) IoU:0.722 (Avg 0.7658) Dice:0.8296 (Avg 0.8568) LR 1.51e-05   (AvgTime 0.6)   
   [Train] Epoch: [69][300/357]  Loss:0.080 (Avg 0.0766) IoU:0.756 (Avg 0.7658) Dice:0.8461 (Avg 0.8567) LR 1.51e-05   (AvgTime 0.6)   
   [Train] Epoch: [69][320/357]  Loss:0.052 (Avg 0.0767) IoU:0.844 (Avg 0.7654) Dice:0.9131 (Avg 0.8564) LR 1.51e-05   (AvgTime 0.6)   
   [Train] Epoch: [69][340/357]  Loss:0.063 (Avg 0.0767) IoU:0.802 (Avg 0.7654) Dice:0.8877 (Avg 0.8564) LR 1.51e-05   (AvgTime 0.6)   
   [Train] Epoch: [69][357/357]  Loss:0.057 (Avg 0.0766) IoU:0.792 (Avg 0.7660) Dice:0.8803 (Avg 0.8568) LR 1.51e-05   (AvgTime 0.6)   
   [Train] Loss components: dice=0.120690, focal=0.032419, total=0.076555
Validation
   [Val] Epoch: [69][20/90]  Loss:0.124 (Avg 0.1039) IoU:0.684 (Avg 0.7261) Dice:0.7976 (Avg 0.8268) (AvgTime 0.3)   
   [Val] Epoch: [69][40/90]  Loss:0.086 (Avg 0.1083) IoU:0.730 (Avg 0.7134) Dice:0.8340 (Avg 0.8146) (AvgTime 0.2)   
   [Val] Epoch: [69][60/90]  Loss:0.128 (Avg 0.1010) IoU:0.669 (Avg 0.7252) Dice:0.7705 (Avg 0.8223) (AvgTime 0.2)   
   [Val] Epoch: [69][80/90]  Loss:0.104 (Avg 0.1001) IoU:0.694 (Avg 0.7236) Dice:0.7988 (Avg 0.8213) (AvgTime 0.2)   
   [Val] Epoch: [69][90/90]  Loss:0.135 (Avg 0.1001) IoU:0.620 (Avg 0.7234) Dice:0.7454 (Avg 0.8211) (AvgTime 0.2)   
   [Val] Loss components: dice=0.149302, focal=0.050886, total=0.100094
	 No iou improvement; selected epoch 67
	 early_stopping_count: 2/80
--- Epoch History (1..69) ---
Epoch |  TrainLoss |  TrainDice |  TrainIoU |    ValLoss |    ValDice |    ValIoU |         LR | Best
    1 |     0.2378 |     0.6073 |    0.4781 |     0.2212 |     0.6176 |    0.4873 |   3.00e-04 |     
    2 |     0.1754 |     0.6971 |    0.5727 |     0.1642 |     0.7061 |    0.5868 |   3.00e-04 |     
    3 |     0.1564 |     0.7248 |    0.6043 |     0.1373 |     0.7621 |    0.6492 |   3.00e-04 |     
    4 |     0.1512 |     0.7340 |    0.6154 |     0.1450 |     0.7555 |    0.6397 |   2.99e-04 |     
    5 |     0.1427 |     0.7474 |    0.6307 |     0.1478 |     0.7229 |    0.6010 |   2.98e-04 |     
    6 |     0.1390 |     0.7527 |    0.6372 |     0.1355 |     0.7500 |    0.6298 |   2.97e-04 |     
    7 |     0.1353 |     0.7589 |    0.6439 |     0.1369 |     0.7611 |    0.6439 |   2.96e-04 |     
    8 |     0.1328 |     0.7617 |    0.6475 |     0.1354 |     0.7518 |    0.6330 |   2.94e-04 |     
    9 |     0.1294 |     0.7676 |    0.6543 |     0.1259 |     0.7724 |    0.6623 |   2.92e-04 |     
   10 |     0.1295 |     0.7672 |    0.6539 |     0.1216 |     0.7861 |    0.6776 |   2.91e-04 |     
   11 |     0.1289 |     0.7699 |    0.6573 |     0.1227 |     0.7768 |    0.6660 |   2.88e-04 |     
   12 |     0.1259 |     0.7736 |    0.6616 |     0.1186 |     0.7928 |    0.6867 |   2.86e-04 |     
   13 |     0.1252 |     0.7750 |    0.6628 |     0.1353 |     0.7535 |    0.6352 |   2.83e-04 |     
   14 |     0.1232 |     0.7784 |    0.6678 |     0.1165 |     0.7837 |    0.6714 |   2.80e-04 |     
   15 |     0.1251 |     0.7742 |    0.6624 |     0.1190 |     0.7813 |    0.6712 |   2.77e-04 |     
   16 |     0.1215 |     0.7804 |    0.6697 |     0.1217 |     0.7897 |    0.6820 |   2.74e-04 |     
   17 |     0.1251 |     0.7760 |    0.6651 |     0.1343 |     0.7581 |    0.6458 |   2.71e-04 |     
   18 |     0.1198 |     0.7841 |    0.6743 |     0.1146 |     0.7928 |    0.6860 |   2.67e-04 |     
   19 |     0.1188 |     0.7853 |    0.6759 |     0.1158 |     0.7821 |    0.6716 |   2.63e-04 |     
   20 |     0.1162 |     0.7892 |    0.6812 |     0.1173 |     0.7890 |    0.6811 |   2.59e-04 |     
   21 |     0.1166 |     0.7883 |    0.6797 |     0.1159 |     0.7814 |    0.6698 |   2.55e-04 |     
   22 |     0.1165 |     0.7891 |    0.6807 |     0.1344 |     0.7703 |    0.6587 |   2.51e-04 |     
   23 |     0.1151 |     0.7912 |    0.6838 |     0.1108 |     0.7995 |    0.6952 |   2.46e-04 |     
   24 |     0.1139 |     0.7933 |    0.6855 |     0.1130 |     0.8017 |    0.6980 |   2.42e-04 |     
   25 |     0.1139 |     0.7934 |    0.6864 |     0.1150 |     0.7985 |    0.6949 |   2.37e-04 |     
   26 |     0.1126 |     0.7952 |    0.6882 |     0.1089 |     0.7988 |    0.6928 |   2.32e-04 |     
   27 |     0.1106 |     0.7984 |    0.6923 |     0.1083 |     0.8002 |    0.6945 |   2.27e-04 |     
   28 |     0.1117 |     0.7968 |    0.6907 |     0.1093 |     0.8014 |    0.6969 |   2.22e-04 |     
   29 |     0.1108 |     0.7982 |    0.6926 |     0.1124 |     0.7947 |    0.6863 |   2.17e-04 |     
   30 |     0.1098 |     0.7995 |    0.6939 |     0.1096 |     0.7995 |    0.6962 |   2.11e-04 |     
   31 |     0.1100 |     0.8004 |    0.6948 |     0.1204 |     0.7933 |    0.6865 |   2.06e-04 |     
   32 |     0.1078 |     0.8031 |    0.6977 |     0.1063 |     0.8077 |    0.7051 |   2.00e-04 |     
   33 |     0.1066 |     0.8052 |    0.7006 |     0.1119 |     0.7959 |    0.6884 |   1.94e-04 |     
   34 |     0.1059 |     0.8063 |    0.7019 |     0.1097 |     0.8017 |    0.6963 |   1.89e-04 |     
   35 |     0.1044 |     0.8089 |    0.7053 |     0.1052 |     0.8108 |    0.7082 |   1.83e-04 |     
   36 |     0.1040 |     0.8097 |    0.7064 |     0.1073 |     0.7999 |    0.6943 |   1.77e-04 |     
   37 |     0.1048 |     0.8085 |    0.7047 |     0.1086 |     0.7999 |    0.6950 |   1.71e-04 |     
   38 |     0.1035 |     0.8101 |    0.7068 |     0.1042 |     0.8094 |    0.7070 |   1.65e-04 |     
   39 |     0.1021 |     0.8125 |    0.7099 |     0.1052 |     0.8071 |    0.7047 |   1.59e-04 |     
   40 |     0.1014 |     0.8135 |    0.7112 |     0.1052 |     0.8101 |    0.7089 |   1.53e-04 |     
   41 |     0.1007 |     0.8154 |    0.7135 |     0.1046 |     0.8120 |    0.7110 |   1.48e-04 |     
   42 |     0.1002 |     0.8163 |    0.7143 |     0.1045 |     0.8106 |    0.7087 |   1.42e-04 |     
   43 |     0.0986 |     0.8183 |    0.7172 |     0.1072 |     0.8092 |    0.7077 |   1.36e-04 |     
   44 |     0.0976 |     0.8210 |    0.7201 |     0.1020 |     0.8183 |    0.7185 |   1.30e-04 |     
   45 |     0.0973 |     0.8210 |    0.7204 |     0.1191 |     0.7921 |    0.6898 |   1.24e-04 |     
   46 |     0.0962 |     0.8230 |    0.7226 |     0.1033 |     0.8138 |    0.7140 |   1.18e-04 |     
   47 |     0.0954 |     0.8246 |    0.7249 |     0.1030 |     0.8082 |    0.7048 |   1.12e-04 |     
   48 |     0.0955 |     0.8241 |    0.7246 |     0.1029 |     0.8154 |    0.7143 |   1.07e-04 |     
   49 |     0.0943 |     0.8265 |    0.7277 |     0.1010 |     0.8167 |    0.7161 |   1.01e-04 |     
   50 |     0.0928 |     0.8293 |    0.7307 |     0.1054 |     0.8127 |    0.7122 |   9.54e-05 |     
   51 |     0.0922 |     0.8301 |    0.7320 |     0.1069 |     0.8143 |    0.7147 |   8.99e-05 |     
   52 |     0.0913 |     0.8311 |    0.7331 |     0.1116 |     0.8032 |    0.7015 |   8.45e-05 |     
   53 |     0.0901 |     0.8338 |    0.7364 |     0.0999 |     0.8179 |    0.7188 |   7.92e-05 |     
   54 |     0.0893 |     0.8345 |    0.7376 |     0.1002 |     0.8169 |    0.7174 |   7.40e-05 |     
   55 |     0.0887 |     0.8357 |    0.7390 |     0.1067 |     0.8089 |    0.7086 |   6.90e-05 |     
   56 |     0.0883 |     0.8360 |    0.7394 |     0.1003 |     0.8195 |    0.7200 |   6.41e-05 |     
   57 |     0.0873 |     0.8383 |    0.7422 |     0.1034 |     0.8173 |    0.7170 |   5.93e-05 |     
   58 |     0.0856 |     0.8411 |    0.7458 |     0.1017 |     0.8192 |    0.7208 |   5.47e-05 |     
   59 |     0.0851 |     0.8420 |    0.7466 |     0.1011 |     0.8200 |    0.7214 |   5.02e-05 |     
   60 |     0.0844 |     0.8432 |    0.7483 |     0.1008 |     0.8211 |    0.7224 |   4.58e-05 |     
   61 |     0.0836 |     0.8448 |    0.7509 |     0.1007 |     0.8188 |    0.7203 |   4.17e-05 |     
   62 |     0.0826 |     0.8462 |    0.7522 |     0.1002 |     0.8203 |    0.7218 |   3.77e-05 |     
   63 |     0.0816 |     0.8481 |    0.7546 |     0.1015 |     0.8192 |    0.7210 |   3.39e-05 |     
   64 |     0.0807 |     0.8496 |    0.7566 |     0.1015 |     0.8201 |    0.7222 |   3.03e-05 |     
   65 |     0.0805 |     0.8501 |    0.7575 |     0.1000 |     0.8196 |    0.7212 |   2.68e-05 |     
   66 |     0.0788 |     0.8530 |    0.7610 |     0.1000 |     0.8208 |    0.7229 |   2.36e-05 |     
   67 |     0.0783 |     0.8537 |    0.7618 |     0.1007 |     0.8231 |    0.7260 |   2.05e-05 |    *
   68 |     0.0776 |     0.8552 |    0.7638 |     0.1028 |     0.8217 |    0.7240 |   1.77e-05 |     
   69 |     0.0766 |     0.8568 |    0.7660 |     0.1001 |     0.8211 |    0.7234 |   1.51e-05 |     
--- R2 + image-value context regrouping with regroup_text anchors validation statistics ---
up4: ca=0.9114+/-0.0861, sa=1.0084+/-0.0066, amp=0.0000, suppress=0.0000, guide_abs=0.1445
up4 residuals: local_mean=5.361e-02, global_mean=0.0173, local_strength=0.1205, global_strength=0.1187, gain=[0.9896,1.0575], saturation=0.0153, text_film=0.0195
up4 haar: reconstruction_error=4.768e-07, skip_low/high=0.7926/0.2074, plam_low/high=1.0000/0.0000
up4 strengths: plam=0.9116, region=0.1205, detail=0.1187; residual_std region/detail/refine=0.2967/0.3751/0.2963
up4 guide_mix: entropy=0.9821, raw_low=0.3169, plam_low=0.2429, decoder_low=0.2729, detail=0.1673; agreement plam/decoder=0.6239/0.3230, support=0.7925+/-0.0517
up4 adaptive_frequency: ALPF strength=0.2544, weights=0.1367/0.7263/0.1370, sum=1.0000, entropy=0.7063, delta_std=0.0787; AHPF strength=0.0794, weights=0.2822/0.5506/0.1672, sum=1.0000, entropy=0.8919, residual_std=0.1056, scaled_std=0.0084
up3: ca=1.0110+/-0.1336, sa=1.0093+/-0.0037, amp=0.0000, suppress=0.0000, guide_abs=0.2593
up3 residuals: local_mean=1.969e-02, global_mean=0.0562, local_strength=0.1192, global_strength=0.1226, gain=[0.9958,1.0265], saturation=0.0000, text_film=0.0266
up3 haar: reconstruction_error=9.537e-07, skip_low/high=0.7818/0.2182, plam_low/high=1.0000/0.0000
up3 strengths: plam=0.8843, region=0.1192, detail=0.1226; residual_std region/detail/refine=0.3202/0.5692/0.5031
up3 guide_mix: entropy=0.9817, raw_low=0.3329, plam_low=0.2366, decoder_low=0.2555, detail=0.1750; agreement plam/decoder=0.0212/-0.0768, support=0.6643+/-0.0713
up3 adaptive_frequency: ALPF strength=0.2986, weights=0.1065/0.3791/0.5144, sum=1.0000, entropy=0.7628, delta_std=0.0675; AHPF strength=0.1024, weights=0.6303/0.2341/0.1357, sum=1.0000, entropy=0.7564, residual_std=0.0800, scaled_std=0.0082
up2: ca=0.9376+/-0.0785, sa=1.0044+/-0.0032, amp=0.0000, suppress=0.0000, guide_abs=0.1655
up2 residuals: local_mean=5.781e-03, global_mean=0.0328, local_strength=0.1186, global_strength=0.1145, gain=[0.9703,1.0331], saturation=0.0000, text_film=0.0233
up2 haar: reconstruction_error=9.537e-07, skip_low/high=0.7672/0.2328, plam_low/high=1.0000/0.0000
up2 strengths: plam=0.8125, region=0.1186, detail=0.1145; residual_std region/detail/refine=0.1749/0.2670/0.1113
up2 guide_mix: entropy=0.9407, raw_low=0.2920, plam_low=0.1505, decoder_low=0.3979, detail=0.1596; agreement plam/decoder=0.5506/-0.1648, support=0.5554+/-0.0387
up1: ca=0.8625+/-0.0983, sa=1.0036+/-0.0106, amp=0.0000, suppress=0.0000, guide_abs=0.1986
up1 residuals: local_mean=1.200e-03, global_mean=0.0448, local_strength=0.1275, global_strength=0.0781, gain=[0.9237,1.0770], saturation=0.0299, text_film=0.0281
up1 haar: reconstruction_error=2.831e-06, skip_low/high=0.7205/0.2795, plam_low/high=1.0000/0.0000
up1 strengths: plam=0.9289, region=0.1275, detail=0.0781; residual_std region/detail/refine=0.5609/0.4044/0.1616
up1 guide_mix: entropy=0.9590, raw_low=0.2822, plam_low=0.2712, decoder_low=0.3279, detail=0.1187; agreement plam/decoder=0.6726/0.1629, support=0.7277+/-0.0932

========= Epoch [70/80] =========
M2_Test_session_09.13_22h33
Training with batch size : 16
   [Train] Epoch: [70][20/357]  Loss:0.100 (Avg 0.0731) IoU:0.685 (Avg 0.7783) Dice:0.7949 (Avg 0.8643) LR 1.27e-05   (AvgTime 0.6)   
   [Train] Epoch: [70][40/357]  Loss:0.096 (Avg 0.0732) IoU:0.734 (Avg 0.7751) Dice:0.8134 (Avg 0.8621) LR 1.27e-05   (AvgTime 0.6)   
   [Train] Epoch: [70][60/357]  Loss:0.078 (Avg 0.0749) IoU:0.754 (Avg 0.7710) Dice:0.8493 (Avg 0.8593) LR 1.27e-05   (AvgTime 0.6)   
   [Train] Epoch: [70][80/357]  Loss:0.067 (Avg 0.0738) IoU:0.773 (Avg 0.7729) Dice:0.8666 (Avg 0.8614) LR 1.27e-05   (AvgTime 0.6)   
   [Train] Epoch: [70][100/357]  Loss:0.069 (Avg 0.0743) IoU:0.782 (Avg 0.7725) Dice:0.8730 (Avg 0.8612) LR 1.27e-05   (AvgTime 0.6)   
   [Train] Epoch: [70][120/357]  Loss:0.089 (Avg 0.0757) IoU:0.738 (Avg 0.7686) Dice:0.8332 (Avg 0.8584) LR 1.27e-05   (AvgTime 0.6)   
   [Train] Epoch: [70][140/357]  Loss:0.066 (Avg 0.0748) IoU:0.816 (Avg 0.7705) Dice:0.8949 (Avg 0.8599) LR 1.27e-05   (AvgTime 0.6)   
   [Train] Epoch: [70][160/357]  Loss:0.101 (Avg 0.0754) IoU:0.712 (Avg 0.7691) Dice:0.8088 (Avg 0.8587) LR 1.27e-05   (AvgTime 0.6)   
   [Train] Epoch: [70][180/357]  Loss:0.093 (Avg 0.0759) IoU:0.721 (Avg 0.7677) Dice:0.8233 (Avg 0.8578) LR 1.27e-05   (AvgTime 0.6)   
   [Train] Epoch: [70][200/357]  Loss:0.110 (Avg 0.0765) IoU:0.713 (Avg 0.7665) Dice:0.8144 (Avg 0.8568) LR 1.27e-05   (AvgTime 0.6)   
   [Train] Epoch: [70][220/357]  Loss:0.074 (Avg 0.0765) IoU:0.794 (Avg 0.7669) Dice:0.8810 (Avg 0.8572) LR 1.27e-05   (AvgTime 0.6)   
   [Train] Epoch: [70][240/357]  Loss:0.093 (Avg 0.0764) IoU:0.730 (Avg 0.7668) Dice:0.8312 (Avg 0.8572) LR 1.27e-05   (AvgTime 0.6)   
   [Train] Epoch: [70][260/357]  Loss:0.064 (Avg 0.0766) IoU:0.793 (Avg 0.7663) Dice:0.8756 (Avg 0.8567) LR 1.27e-05   (AvgTime 0.6)   
   [Train] Epoch: [70][280/357]  Loss:0.092 (Avg 0.0763) IoU:0.726 (Avg 0.7669) Dice:0.8237 (Avg 0.8574) LR 1.27e-05   (AvgTime 0.6)   
   [Train] Epoch: [70][300/357]  Loss:0.085 (Avg 0.0760) IoU:0.743 (Avg 0.7671) Dice:0.8300 (Avg 0.8575) LR 1.27e-05   (AvgTime 0.6)   
   [Train] Epoch: [70][320/357]  Loss:0.101 (Avg 0.0762) IoU:0.722 (Avg 0.7671) Dice:0.8312 (Avg 0.8576) LR 1.27e-05   (AvgTime 0.6)   
   [Train] Epoch: [70][340/357]  Loss:0.072 (Avg 0.0762) IoU:0.774 (Avg 0.7670) Dice:0.8650 (Avg 0.8575) LR 1.27e-05   (AvgTime 0.6)   
   [Train] Epoch: [70][357/357]  Loss:0.082 (Avg 0.0760) IoU:0.757 (Avg 0.7675) Dice:0.8522 (Avg 0.8578) LR 1.27e-05   (AvgTime 0.6)   
   [Train] Loss components: dice=0.119876, focal=0.032211, total=0.076044
Validation
   [Val] Epoch: [70][20/90]  Loss:0.132 (Avg 0.1086) IoU:0.675 (Avg 0.7237) Dice:0.7956 (Avg 0.8244) (AvgTime 0.3)   
   [Val] Epoch: [70][40/90]  Loss:0.091 (Avg 0.1113) IoU:0.730 (Avg 0.7143) Dice:0.8351 (Avg 0.8150) (AvgTime 0.2)   
   [Val] Epoch: [70][60/90]  Loss:0.140 (Avg 0.1043) IoU:0.651 (Avg 0.7258) Dice:0.7585 (Avg 0.8226) (AvgTime 0.2)   
   [Val] Epoch: [70][80/90]  Loss:0.104 (Avg 0.1032) IoU:0.706 (Avg 0.7252) Dice:0.8069 (Avg 0.8223) (AvgTime 0.2)   
   [Val] Epoch: [70][90/90]  Loss:0.143 (Avg 0.1033) IoU:0.617 (Avg 0.7248) Dice:0.7429 (Avg 0.8219) (AvgTime 0.2)   
   [Val] Loss components: dice=0.147892, focal=0.058686, total=0.103289
	 No iou improvement; selected epoch 67
	 early_stopping_count: 3/80
--- Epoch History (1..70) ---
Epoch |  TrainLoss |  TrainDice |  TrainIoU |    ValLoss |    ValDice |    ValIoU |         LR | Best
    1 |     0.2378 |     0.6073 |    0.4781 |     0.2212 |     0.6176 |    0.4873 |   3.00e-04 |     
    2 |     0.1754 |     0.6971 |    0.5727 |     0.1642 |     0.7061 |    0.5868 |   3.00e-04 |     
    3 |     0.1564 |     0.7248 |    0.6043 |     0.1373 |     0.7621 |    0.6492 |   3.00e-04 |     
    4 |     0.1512 |     0.7340 |    0.6154 |     0.1450 |     0.7555 |    0.6397 |   2.99e-04 |     
    5 |     0.1427 |     0.7474 |    0.6307 |     0.1478 |     0.7229 |    0.6010 |   2.98e-04 |     
    6 |     0.1390 |     0.7527 |    0.6372 |     0.1355 |     0.7500 |    0.6298 |   2.97e-04 |     
    7 |     0.1353 |     0.7589 |    0.6439 |     0.1369 |     0.7611 |    0.6439 |   2.96e-04 |     
    8 |     0.1328 |     0.7617 |    0.6475 |     0.1354 |     0.7518 |    0.6330 |   2.94e-04 |     
    9 |     0.1294 |     0.7676 |    0.6543 |     0.1259 |     0.7724 |    0.6623 |   2.92e-04 |     
   10 |     0.1295 |     0.7672 |    0.6539 |     0.1216 |     0.7861 |    0.6776 |   2.91e-04 |     
   11 |     0.1289 |     0.7699 |    0.6573 |     0.1227 |     0.7768 |    0.6660 |   2.88e-04 |     
   12 |     0.1259 |     0.7736 |    0.6616 |     0.1186 |     0.7928 |    0.6867 |   2.86e-04 |     
   13 |     0.1252 |     0.7750 |    0.6628 |     0.1353 |     0.7535 |    0.6352 |   2.83e-04 |     
   14 |     0.1232 |     0.7784 |    0.6678 |     0.1165 |     0.7837 |    0.6714 |   2.80e-04 |     
   15 |     0.1251 |     0.7742 |    0.6624 |     0.1190 |     0.7813 |    0.6712 |   2.77e-04 |     
   16 |     0.1215 |     0.7804 |    0.6697 |     0.1217 |     0.7897 |    0.6820 |   2.74e-04 |     
   17 |     0.1251 |     0.7760 |    0.6651 |     0.1343 |     0.7581 |    0.6458 |   2.71e-04 |     
   18 |     0.1198 |     0.7841 |    0.6743 |     0.1146 |     0.7928 |    0.6860 |   2.67e-04 |     
   19 |     0.1188 |     0.7853 |    0.6759 |     0.1158 |     0.7821 |    0.6716 |   2.63e-04 |     
   20 |     0.1162 |     0.7892 |    0.6812 |     0.1173 |     0.7890 |    0.6811 |   2.59e-04 |     
   21 |     0.1166 |     0.7883 |    0.6797 |     0.1159 |     0.7814 |    0.6698 |   2.55e-04 |     
   22 |     0.1165 |     0.7891 |    0.6807 |     0.1344 |     0.7703 |    0.6587 |   2.51e-04 |     
   23 |     0.1151 |     0.7912 |    0.6838 |     0.1108 |     0.7995 |    0.6952 |   2.46e-04 |     
   24 |     0.1139 |     0.7933 |    0.6855 |     0.1130 |     0.8017 |    0.6980 |   2.42e-04 |     
   25 |     0.1139 |     0.7934 |    0.6864 |     0.1150 |     0.7985 |    0.6949 |   2.37e-04 |     
   26 |     0.1126 |     0.7952 |    0.6882 |     0.1089 |     0.7988 |    0.6928 |   2.32e-04 |     
   27 |     0.1106 |     0.7984 |    0.6923 |     0.1083 |     0.8002 |    0.6945 |   2.27e-04 |     
   28 |     0.1117 |     0.7968 |    0.6907 |     0.1093 |     0.8014 |    0.6969 |   2.22e-04 |     
   29 |     0.1108 |     0.7982 |    0.6926 |     0.1124 |     0.7947 |    0.6863 |   2.17e-04 |     
   30 |     0.1098 |     0.7995 |    0.6939 |     0.1096 |     0.7995 |    0.6962 |   2.11e-04 |     
   31 |     0.1100 |     0.8004 |    0.6948 |     0.1204 |     0.7933 |    0.6865 |   2.06e-04 |     
   32 |     0.1078 |     0.8031 |    0.6977 |     0.1063 |     0.8077 |    0.7051 |   2.00e-04 |     
   33 |     0.1066 |     0.8052 |    0.7006 |     0.1119 |     0.7959 |    0.6884 |   1.94e-04 |     
   34 |     0.1059 |     0.8063 |    0.7019 |     0.1097 |     0.8017 |    0.6963 |   1.89e-04 |     
   35 |     0.1044 |     0.8089 |    0.7053 |     0.1052 |     0.8108 |    0.7082 |   1.83e-04 |     
   36 |     0.1040 |     0.8097 |    0.7064 |     0.1073 |     0.7999 |    0.6943 |   1.77e-04 |     
   37 |     0.1048 |     0.8085 |    0.7047 |     0.1086 |     0.7999 |    0.6950 |   1.71e-04 |     
   38 |     0.1035 |     0.8101 |    0.7068 |     0.1042 |     0.8094 |    0.7070 |   1.65e-04 |     
   39 |     0.1021 |     0.8125 |    0.7099 |     0.1052 |     0.8071 |    0.7047 |   1.59e-04 |     
   40 |     0.1014 |     0.8135 |    0.7112 |     0.1052 |     0.8101 |    0.7089 |   1.53e-04 |     
   41 |     0.1007 |     0.8154 |    0.7135 |     0.1046 |     0.8120 |    0.7110 |   1.48e-04 |     
   42 |     0.1002 |     0.8163 |    0.7143 |     0.1045 |     0.8106 |    0.7087 |   1.42e-04 |     
   43 |     0.0986 |     0.8183 |    0.7172 |     0.1072 |     0.8092 |    0.7077 |   1.36e-04 |     
   44 |     0.0976 |     0.8210 |    0.7201 |     0.1020 |     0.8183 |    0.7185 |   1.30e-04 |     
   45 |     0.0973 |     0.8210 |    0.7204 |     0.1191 |     0.7921 |    0.6898 |   1.24e-04 |     
   46 |     0.0962 |     0.8230 |    0.7226 |     0.1033 |     0.8138 |    0.7140 |   1.18e-04 |     
   47 |     0.0954 |     0.8246 |    0.7249 |     0.1030 |     0.8082 |    0.7048 |   1.12e-04 |     
   48 |     0.0955 |     0.8241 |    0.7246 |     0.1029 |     0.8154 |    0.7143 |   1.07e-04 |     
   49 |     0.0943 |     0.8265 |    0.7277 |     0.1010 |     0.8167 |    0.7161 |   1.01e-04 |     
   50 |     0.0928 |     0.8293 |    0.7307 |     0.1054 |     0.8127 |    0.7122 |   9.54e-05 |     
   51 |     0.0922 |     0.8301 |    0.7320 |     0.1069 |     0.8143 |    0.7147 |   8.99e-05 |     
   52 |     0.0913 |     0.8311 |    0.7331 |     0.1116 |     0.8032 |    0.7015 |   8.45e-05 |     
   53 |     0.0901 |     0.8338 |    0.7364 |     0.0999 |     0.8179 |    0.7188 |   7.92e-05 |     
   54 |     0.0893 |     0.8345 |    0.7376 |     0.1002 |     0.8169 |    0.7174 |   7.40e-05 |     
   55 |     0.0887 |     0.8357 |    0.7390 |     0.1067 |     0.8089 |    0.7086 |   6.90e-05 |     
   56 |     0.0883 |     0.8360 |    0.7394 |     0.1003 |     0.8195 |    0.7200 |   6.41e-05 |     
   57 |     0.0873 |     0.8383 |    0.7422 |     0.1034 |     0.8173 |    0.7170 |   5.93e-05 |     
   58 |     0.0856 |     0.8411 |    0.7458 |     0.1017 |     0.8192 |    0.7208 |   5.47e-05 |     
   59 |     0.0851 |     0.8420 |    0.7466 |     0.1011 |     0.8200 |    0.7214 |   5.02e-05 |     
   60 |     0.0844 |     0.8432 |    0.7483 |     0.1008 |     0.8211 |    0.7224 |   4.58e-05 |     
   61 |     0.0836 |     0.8448 |    0.7509 |     0.1007 |     0.8188 |    0.7203 |   4.17e-05 |     
   62 |     0.0826 |     0.8462 |    0.7522 |     0.1002 |     0.8203 |    0.7218 |   3.77e-05 |     
   63 |     0.0816 |     0.8481 |    0.7546 |     0.1015 |     0.8192 |    0.7210 |   3.39e-05 |     
   64 |     0.0807 |     0.8496 |    0.7566 |     0.1015 |     0.8201 |    0.7222 |   3.03e-05 |     
   65 |     0.0805 |     0.8501 |    0.7575 |     0.1000 |     0.8196 |    0.7212 |   2.68e-05 |     
   66 |     0.0788 |     0.8530 |    0.7610 |     0.1000 |     0.8208 |    0.7229 |   2.36e-05 |     
   67 |     0.0783 |     0.8537 |    0.7618 |     0.1007 |     0.8231 |    0.7260 |   2.05e-05 |    *
   68 |     0.0776 |     0.8552 |    0.7638 |     0.1028 |     0.8217 |    0.7240 |   1.77e-05 |     
   69 |     0.0766 |     0.8568 |    0.7660 |     0.1001 |     0.8211 |    0.7234 |   1.51e-05 |     
   70 |     0.0760 |     0.8578 |    0.7675 |     0.1033 |     0.8219 |    0.7248 |   1.27e-05 |     
--- R2 + image-value context regrouping with regroup_text anchors validation statistics ---
up4: ca=0.9113+/-0.0848, sa=1.0084+/-0.0065, amp=0.0000, suppress=0.0000, guide_abs=0.1420
up4 residuals: local_mean=5.356e-02, global_mean=0.0171, local_strength=0.1205, global_strength=0.1188, gain=[0.9896,1.0554], saturation=0.0122, text_film=0.0194
up4 haar: reconstruction_error=4.768e-07, skip_low/high=0.7926/0.2074, plam_low/high=1.0000/0.0000
up4 strengths: plam=0.9116, region=0.1205, detail=0.1188; residual_std region/detail/refine=0.2929/0.3779/0.2982
up4 guide_mix: entropy=0.9820, raw_low=0.3178, plam_low=0.2404, decoder_low=0.2736, detail=0.1681; agreement plam/decoder=0.6246/0.3299, support=0.7903+/-0.0518
up4 adaptive_frequency: ALPF strength=0.2545, weights=0.1376/0.7256/0.1368, sum=1.0000, entropy=0.7073, delta_std=0.0787; AHPF strength=0.0794, weights=0.2848/0.5487/0.1664, sum=1.0000, entropy=0.8922, residual_std=0.1066, scaled_std=0.0085
up3: ca=1.0124+/-0.1319, sa=1.0092+/-0.0037, amp=0.0000, suppress=0.0000, guide_abs=0.2567
up3 residuals: local_mean=1.941e-02, global_mean=0.0560, local_strength=0.1192, global_strength=0.1227, gain=[0.9952,1.0264], saturation=0.0000, text_film=0.0300
up3 haar: reconstruction_error=9.537e-07, skip_low/high=0.7816/0.2184, plam_low/high=1.0000/0.0000
up3 strengths: plam=0.8844, region=0.1192, detail=0.1227; residual_std region/detail/refine=0.3185/0.5696/0.5038
up3 guide_mix: entropy=0.9815, raw_low=0.3323, plam_low=0.2334, decoder_low=0.2595, detail=0.1748; agreement plam/decoder=-0.0272/-0.0885, support=0.6623+/-0.0693
up3 adaptive_frequency: ALPF strength=0.2986, weights=0.1092/0.3863/0.5045, sum=1.0000, entropy=0.7623, delta_std=0.0671; AHPF strength=0.1024, weights=0.6182/0.2410/0.1408, sum=1.0000, entropy=0.7656, residual_std=0.0828, scaled_std=0.0085
up2: ca=0.9387+/-0.0782, sa=1.0044+/-0.0031, amp=0.0000, suppress=0.0000, guide_abs=0.1629
up2 residuals: local_mean=5.739e-03, global_mean=0.0329, local_strength=0.1186, global_strength=0.1145, gain=[0.9717,1.0325], saturation=0.0000, text_film=0.0235
up2 haar: reconstruction_error=9.537e-07, skip_low/high=0.7652/0.2348, plam_low/high=1.0000/0.0000
up2 strengths: plam=0.8125, region=0.1186, detail=0.1145; residual_std region/detail/refine=0.1742/0.2601/0.1111
up2 guide_mix: entropy=0.9380, raw_low=0.2854, plam_low=0.1506, decoder_low=0.4062, detail=0.1578; agreement plam/decoder=0.5835/-0.1328, support=0.5548+/-0.0376
up1: ca=0.8646+/-0.0981, sa=1.0036+/-0.0106, amp=0.0000, suppress=0.0000, guide_abs=0.2002
up1 residuals: local_mean=1.103e-03, global_mean=0.0448, local_strength=0.1275, global_strength=0.0781, gain=[0.9237,1.0770], saturation=0.0297, text_film=0.0296
up1 haar: reconstruction_error=2.593e-06, skip_low/high=0.7216/0.2784, plam_low/high=1.0000/0.0000
up1 strengths: plam=0.9289, region=0.1275, detail=0.0781; residual_std region/detail/refine=0.5545/0.4044/0.1616
up1 guide_mix: entropy=0.9602, raw_low=0.2878, plam_low=0.2690, decoder_low=0.3232, detail=0.1199; agreement plam/decoder=0.6633/0.1783, support=0.7287+/-0.0918

========= Epoch [71/80] =========
M2_Test_session_09.13_22h33
Training with batch size : 16
   [Train] Epoch: [71][20/357]  Loss:0.068 (Avg 0.0762) IoU:0.801 (Avg 0.7665) Dice:0.8697 (Avg 0.8556) LR 1.05e-05   (AvgTime 0.6)   
   [Train] Epoch: [71][40/357]  Loss:0.060 (Avg 0.0766) IoU:0.802 (Avg 0.7671) Dice:0.8842 (Avg 0.8561) LR 1.05e-05   (AvgTime 0.6)   
   [Train] Epoch: [71][60/357]  Loss:0.103 (Avg 0.0761) IoU:0.710 (Avg 0.7679) Dice:0.8036 (Avg 0.8575) LR 1.05e-05   (AvgTime 0.6)   
   [Train] Epoch: [71][80/357]  Loss:0.074 (Avg 0.0769) IoU:0.787 (Avg 0.7662) Dice:0.8733 (Avg 0.8565) LR 1.05e-05   (AvgTime 0.6)   
   [Train] Epoch: [71][100/357]  Loss:0.059 (Avg 0.0753) IoU:0.801 (Avg 0.7697) Dice:0.8853 (Avg 0.8593) LR 1.05e-05   (AvgTime 0.6)   
   [Train] Epoch: [71][120/357]  Loss:0.070 (Avg 0.0759) IoU:0.813 (Avg 0.7683) Dice:0.8877 (Avg 0.8581) LR 1.05e-05   (AvgTime 0.6)   
   [Train] Epoch: [71][140/357]  Loss:0.054 (Avg 0.0749) IoU:0.817 (Avg 0.7706) Dice:0.8971 (Avg 0.8600) LR 1.05e-05   (AvgTime 0.6)   
   [Train] Epoch: [71][160/357]  Loss:0.091 (Avg 0.0756) IoU:0.719 (Avg 0.7686) Dice:0.8114 (Avg 0.8585) LR 1.05e-05   (AvgTime 0.6)   
   [Train] Epoch: [71][180/357]  Loss:0.084 (Avg 0.0753) IoU:0.726 (Avg 0.7693) Dice:0.8366 (Avg 0.8591) LR 1.05e-05   (AvgTime 0.6)   
   [Train] Epoch: [71][200/357]  Loss:0.104 (Avg 0.0752) IoU:0.687 (Avg 0.7694) Dice:0.7938 (Avg 0.8592) LR 1.05e-05   (AvgTime 0.6)   
   [Train] Epoch: [71][220/357]  Loss:0.091 (Avg 0.0755) IoU:0.761 (Avg 0.7688) Dice:0.8546 (Avg 0.8587) LR 1.05e-05   (AvgTime 0.6)   
   [Train] Epoch: [71][240/357]  Loss:0.077 (Avg 0.0753) IoU:0.771 (Avg 0.7693) Dice:0.8582 (Avg 0.8591) LR 1.05e-05   (AvgTime 0.6)   
   [Train] Epoch: [71][260/357]  Loss:0.071 (Avg 0.0755) IoU:0.778 (Avg 0.7689) Dice:0.8686 (Avg 0.8588) LR 1.05e-05   (AvgTime 0.6)   
   [Train] Epoch: [71][280/357]  Loss:0.074 (Avg 0.0753) IoU:0.777 (Avg 0.7692) Dice:0.8615 (Avg 0.8590) LR 1.05e-05   (AvgTime 0.6)   
   [Train] Epoch: [71][300/357]  Loss:0.056 (Avg 0.0754) IoU:0.814 (Avg 0.7690) Dice:0.8928 (Avg 0.8588) LR 1.05e-05   (AvgTime 0.6)   
   [Train] Epoch: [71][320/357]  Loss:0.072 (Avg 0.0753) IoU:0.755 (Avg 0.7688) Dice:0.8502 (Avg 0.8588) LR 1.05e-05   (AvgTime 0.6)   
   [Train] Epoch: [71][340/357]  Loss:0.056 (Avg 0.0753) IoU:0.823 (Avg 0.7686) Dice:0.8982 (Avg 0.8587) LR 1.05e-05   (AvgTime 0.6)   
   [Train] Epoch: [71][357/357]  Loss:0.076 (Avg 0.0756) IoU:0.749 (Avg 0.7682) Dice:0.8449 (Avg 0.8585) LR 1.05e-05   (AvgTime 0.6)   
   [Train] Loss components: dice=0.119158, focal=0.032038, total=0.075598
Validation
   [Val] Epoch: [71][20/90]  Loss:0.128 (Avg 0.1068) IoU:0.671 (Avg 0.7235) Dice:0.7925 (Avg 0.8245) (AvgTime 0.3)   
   [Val] Epoch: [71][40/90]  Loss:0.090 (Avg 0.1095) IoU:0.727 (Avg 0.7127) Dice:0.8323 (Avg 0.8141) (AvgTime 0.2)   
   [Val] Epoch: [71][60/90]  Loss:0.135 (Avg 0.1023) IoU:0.656 (Avg 0.7247) Dice:0.7607 (Avg 0.8222) (AvgTime 0.2)   
   [Val] Epoch: [71][80/90]  Loss:0.109 (Avg 0.1012) IoU:0.694 (Avg 0.7238) Dice:0.7953 (Avg 0.8218) (AvgTime 0.2)   
   [Val] Epoch: [71][90/90]  Loss:0.137 (Avg 0.1012) IoU:0.622 (Avg 0.7237) Dice:0.7479 (Avg 0.8216) (AvgTime 0.2)   
   [Val] Loss components: dice=0.148859, focal=0.053539, total=0.101199
	 No iou improvement; selected epoch 67
	 early_stopping_count: 4/80
--- Epoch History (1..71) ---
Epoch |  TrainLoss |  TrainDice |  TrainIoU |    ValLoss |    ValDice |    ValIoU |         LR | Best
    1 |     0.2378 |     0.6073 |    0.4781 |     0.2212 |     0.6176 |    0.4873 |   3.00e-04 |     
    2 |     0.1754 |     0.6971 |    0.5727 |     0.1642 |     0.7061 |    0.5868 |   3.00e-04 |     
    3 |     0.1564 |     0.7248 |    0.6043 |     0.1373 |     0.7621 |    0.6492 |   3.00e-04 |     
    4 |     0.1512 |     0.7340 |    0.6154 |     0.1450 |     0.7555 |    0.6397 |   2.99e-04 |     
    5 |     0.1427 |     0.7474 |    0.6307 |     0.1478 |     0.7229 |    0.6010 |   2.98e-04 |     
    6 |     0.1390 |     0.7527 |    0.6372 |     0.1355 |     0.7500 |    0.6298 |   2.97e-04 |     
    7 |     0.1353 |     0.7589 |    0.6439 |     0.1369 |     0.7611 |    0.6439 |   2.96e-04 |     
    8 |     0.1328 |     0.7617 |    0.6475 |     0.1354 |     0.7518 |    0.6330 |   2.94e-04 |     
    9 |     0.1294 |     0.7676 |    0.6543 |     0.1259 |     0.7724 |    0.6623 |   2.92e-04 |     
   10 |     0.1295 |     0.7672 |    0.6539 |     0.1216 |     0.7861 |    0.6776 |   2.91e-04 |     
   11 |     0.1289 |     0.7699 |    0.6573 |     0.1227 |     0.7768 |    0.6660 |   2.88e-04 |     
   12 |     0.1259 |     0.7736 |    0.6616 |     0.1186 |     0.7928 |    0.6867 |   2.86e-04 |     
   13 |     0.1252 |     0.7750 |    0.6628 |     0.1353 |     0.7535 |    0.6352 |   2.83e-04 |     
   14 |     0.1232 |     0.7784 |    0.6678 |     0.1165 |     0.7837 |    0.6714 |   2.80e-04 |     
   15 |     0.1251 |     0.7742 |    0.6624 |     0.1190 |     0.7813 |    0.6712 |   2.77e-04 |     
   16 |     0.1215 |     0.7804 |    0.6697 |     0.1217 |     0.7897 |    0.6820 |   2.74e-04 |     
   17 |     0.1251 |     0.7760 |    0.6651 |     0.1343 |     0.7581 |    0.6458 |   2.71e-04 |     
   18 |     0.1198 |     0.7841 |    0.6743 |     0.1146 |     0.7928 |    0.6860 |   2.67e-04 |     
   19 |     0.1188 |     0.7853 |    0.6759 |     0.1158 |     0.7821 |    0.6716 |   2.63e-04 |     
   20 |     0.1162 |     0.7892 |    0.6812 |     0.1173 |     0.7890 |    0.6811 |   2.59e-04 |     
   21 |     0.1166 |     0.7883 |    0.6797 |     0.1159 |     0.7814 |    0.6698 |   2.55e-04 |     
   22 |     0.1165 |     0.7891 |    0.6807 |     0.1344 |     0.7703 |    0.6587 |   2.51e-04 |     
   23 |     0.1151 |     0.7912 |    0.6838 |     0.1108 |     0.7995 |    0.6952 |   2.46e-04 |     
   24 |     0.1139 |     0.7933 |    0.6855 |     0.1130 |     0.8017 |    0.6980 |   2.42e-04 |     
   25 |     0.1139 |     0.7934 |    0.6864 |     0.1150 |     0.7985 |    0.6949 |   2.37e-04 |     
   26 |     0.1126 |     0.7952 |    0.6882 |     0.1089 |     0.7988 |    0.6928 |   2.32e-04 |     
   27 |     0.1106 |     0.7984 |    0.6923 |     0.1083 |     0.8002 |    0.6945 |   2.27e-04 |     
   28 |     0.1117 |     0.7968 |    0.6907 |     0.1093 |     0.8014 |    0.6969 |   2.22e-04 |     
   29 |     0.1108 |     0.7982 |    0.6926 |     0.1124 |     0.7947 |    0.6863 |   2.17e-04 |     
   30 |     0.1098 |     0.7995 |    0.6939 |     0.1096 |     0.7995 |    0.6962 |   2.11e-04 |     
   31 |     0.1100 |     0.8004 |    0.6948 |     0.1204 |     0.7933 |    0.6865 |   2.06e-04 |     
   32 |     0.1078 |     0.8031 |    0.6977 |     0.1063 |     0.8077 |    0.7051 |   2.00e-04 |     
   33 |     0.1066 |     0.8052 |    0.7006 |     0.1119 |     0.7959 |    0.6884 |   1.94e-04 |     
   34 |     0.1059 |     0.8063 |    0.7019 |     0.1097 |     0.8017 |    0.6963 |   1.89e-04 |     
   35 |     0.1044 |     0.8089 |    0.7053 |     0.1052 |     0.8108 |    0.7082 |   1.83e-04 |     
   36 |     0.1040 |     0.8097 |    0.7064 |     0.1073 |     0.7999 |    0.6943 |   1.77e-04 |     
   37 |     0.1048 |     0.8085 |    0.7047 |     0.1086 |     0.7999 |    0.6950 |   1.71e-04 |     
   38 |     0.1035 |     0.8101 |    0.7068 |     0.1042 |     0.8094 |    0.7070 |   1.65e-04 |     
   39 |     0.1021 |     0.8125 |    0.7099 |     0.1052 |     0.8071 |    0.7047 |   1.59e-04 |     
   40 |     0.1014 |     0.8135 |    0.7112 |     0.1052 |     0.8101 |    0.7089 |   1.53e-04 |     
   41 |     0.1007 |     0.8154 |    0.7135 |     0.1046 |     0.8120 |    0.7110 |   1.48e-04 |     
   42 |     0.1002 |     0.8163 |    0.7143 |     0.1045 |     0.8106 |    0.7087 |   1.42e-04 |     
   43 |     0.0986 |     0.8183 |    0.7172 |     0.1072 |     0.8092 |    0.7077 |   1.36e-04 |     
   44 |     0.0976 |     0.8210 |    0.7201 |     0.1020 |     0.8183 |    0.7185 |   1.30e-04 |     
   45 |     0.0973 |     0.8210 |    0.7204 |     0.1191 |     0.7921 |    0.6898 |   1.24e-04 |     
   46 |     0.0962 |     0.8230 |    0.7226 |     0.1033 |     0.8138 |    0.7140 |   1.18e-04 |     
   47 |     0.0954 |     0.8246 |    0.7249 |     0.1030 |     0.8082 |    0.7048 |   1.12e-04 |     
   48 |     0.0955 |     0.8241 |    0.7246 |     0.1029 |     0.8154 |    0.7143 |   1.07e-04 |     
   49 |     0.0943 |     0.8265 |    0.7277 |     0.1010 |     0.8167 |    0.7161 |   1.01e-04 |     
   50 |     0.0928 |     0.8293 |    0.7307 |     0.1054 |     0.8127 |    0.7122 |   9.54e-05 |     
   51 |     0.0922 |     0.8301 |    0.7320 |     0.1069 |     0.8143 |    0.7147 |   8.99e-05 |     
   52 |     0.0913 |     0.8311 |    0.7331 |     0.1116 |     0.8032 |    0.7015 |   8.45e-05 |     
   53 |     0.0901 |     0.8338 |    0.7364 |     0.0999 |     0.8179 |    0.7188 |   7.92e-05 |     
   54 |     0.0893 |     0.8345 |    0.7376 |     0.1002 |     0.8169 |    0.7174 |   7.40e-05 |     
   55 |     0.0887 |     0.8357 |    0.7390 |     0.1067 |     0.8089 |    0.7086 |   6.90e-05 |     
   56 |     0.0883 |     0.8360 |    0.7394 |     0.1003 |     0.8195 |    0.7200 |   6.41e-05 |     
   57 |     0.0873 |     0.8383 |    0.7422 |     0.1034 |     0.8173 |    0.7170 |   5.93e-05 |     
   58 |     0.0856 |     0.8411 |    0.7458 |     0.1017 |     0.8192 |    0.7208 |   5.47e-05 |     
   59 |     0.0851 |     0.8420 |    0.7466 |     0.1011 |     0.8200 |    0.7214 |   5.02e-05 |     
   60 |     0.0844 |     0.8432 |    0.7483 |     0.1008 |     0.8211 |    0.7224 |   4.58e-05 |     
   61 |     0.0836 |     0.8448 |    0.7509 |     0.1007 |     0.8188 |    0.7203 |   4.17e-05 |     
   62 |     0.0826 |     0.8462 |    0.7522 |     0.1002 |     0.8203 |    0.7218 |   3.77e-05 |     
   63 |     0.0816 |     0.8481 |    0.7546 |     0.1015 |     0.8192 |    0.7210 |   3.39e-05 |     
   64 |     0.0807 |     0.8496 |    0.7566 |     0.1015 |     0.8201 |    0.7222 |   3.03e-05 |     
   65 |     0.0805 |     0.8501 |    0.7575 |     0.1000 |     0.8196 |    0.7212 |   2.68e-05 |     
   66 |     0.0788 |     0.8530 |    0.7610 |     0.1000 |     0.8208 |    0.7229 |   2.36e-05 |     
   67 |     0.0783 |     0.8537 |    0.7618 |     0.1007 |     0.8231 |    0.7260 |   2.05e-05 |    *
   68 |     0.0776 |     0.8552 |    0.7638 |     0.1028 |     0.8217 |    0.7240 |   1.77e-05 |     
   69 |     0.0766 |     0.8568 |    0.7660 |     0.1001 |     0.8211 |    0.7234 |   1.51e-05 |     
   70 |     0.0760 |     0.8578 |    0.7675 |     0.1033 |     0.8219 |    0.7248 |   1.27e-05 |     
   71 |     0.0756 |     0.8585 |    0.7682 |     0.1012 |     0.8216 |    0.7237 |   1.05e-05 |     
--- R2 + image-value context regrouping with regroup_text anchors validation statistics ---
up4: ca=0.9125+/-0.0844, sa=1.0084+/-0.0065, amp=0.0000, suppress=0.0000, guide_abs=0.1382
up4 residuals: local_mean=5.303e-02, global_mean=0.0173, local_strength=0.1204, global_strength=0.1188, gain=[0.9894,1.0544], saturation=0.0122, text_film=0.0194
up4 haar: reconstruction_error=9.537e-07, skip_low/high=0.7921/0.2079, plam_low/high=1.0000/0.0000
up4 strengths: plam=0.9117, region=0.1204, detail=0.1188; residual_std region/detail/refine=0.2949/0.3764/0.2965
up4 guide_mix: entropy=0.9820, raw_low=0.3183, plam_low=0.2383, decoder_low=0.2745, detail=0.1688; agreement plam/decoder=0.6300/0.3244, support=0.7877+/-0.0515
up4 adaptive_frequency: ALPF strength=0.2545, weights=0.1371/0.7263/0.1366, sum=1.0000, entropy=0.7063, delta_std=0.0794; AHPF strength=0.0794, weights=0.2864/0.5476/0.1661, sum=1.0000, entropy=0.8930, residual_std=0.1065, scaled_std=0.0084
up3: ca=1.0144+/-0.1303, sa=1.0091+/-0.0037, amp=0.0000, suppress=0.0000, guide_abs=0.2545
up3 residuals: local_mean=1.900e-02, global_mean=0.0557, local_strength=0.1193, global_strength=0.1227, gain=[0.9950,1.0261], saturation=0.0000, text_film=0.0313
up3 haar: reconstruction_error=9.537e-07, skip_low/high=0.7808/0.2192, plam_low/high=1.0000/0.0000
up3 strengths: plam=0.8843, region=0.1193, detail=0.1227; residual_std region/detail/refine=0.3209/0.5697/0.5038
up3 guide_mix: entropy=0.9815, raw_low=0.3315, plam_low=0.2314, decoder_low=0.2621, detail=0.1749; agreement plam/decoder=-0.0114/-0.0805, support=0.6605+/-0.0696
up3 adaptive_frequency: ALPF strength=0.2987, weights=0.1078/0.3807/0.5114, sum=1.0000, entropy=0.7604, delta_std=0.0681; AHPF strength=0.1024, weights=0.6305/0.2339/0.1356, sum=1.0000, entropy=0.7532, residual_std=0.0802, scaled_std=0.0082
up2: ca=0.9387+/-0.0787, sa=1.0045+/-0.0031, amp=0.0000, suppress=0.0000, guide_abs=0.1652
up2 residuals: local_mean=5.788e-03, global_mean=0.0330, local_strength=0.1186, global_strength=0.1145, gain=[0.9721,1.0326], saturation=0.0000, text_film=0.0237
up2 haar: reconstruction_error=9.537e-07, skip_low/high=0.7633/0.2367, plam_low/high=1.0000/0.0000
up2 strengths: plam=0.8125, region=0.1186, detail=0.1145; residual_std region/detail/refine=0.1741/0.2605/0.1110
up2 guide_mix: entropy=0.9375, raw_low=0.2834, plam_low=0.1516, decoder_low=0.4081, detail=0.1569; agreement plam/decoder=0.5675/-0.1841, support=0.5553+/-0.0379
up1: ca=0.8651+/-0.0978, sa=1.0036+/-0.0104, amp=0.0000, suppress=0.0000, guide_abs=0.1960
up1 residuals: local_mean=9.861e-04, global_mean=0.0448, local_strength=0.1276, global_strength=0.0781, gain=[0.9240,1.0767], saturation=0.0280, text_film=0.0316
up1 haar: reconstruction_error=2.220e-06, skip_low/high=0.7226/0.2774, plam_low/high=1.0000/0.0000
up1 strengths: plam=0.9288, region=0.1276, detail=0.0781; residual_std region/detail/refine=0.5540/0.3969/0.1616
up1 guide_mix: entropy=0.9581, raw_low=0.2843, plam_low=0.2692, decoder_low=0.3290, detail=0.1176; agreement plam/decoder=0.6750/0.1954, support=0.7248+/-0.0926

========= Epoch [72/80] =========
M2_Test_session_09.13_22h33
Training with batch size : 16
   [Train] Epoch: [72][20/357]  Loss:0.088 (Avg 0.0724) IoU:0.731 (Avg 0.7760) Dice:0.8285 (Avg 0.8644) LR 8.50e-06   (AvgTime 0.6)   
   [Train] Epoch: [72][40/357]  Loss:0.053 (Avg 0.0732) IoU:0.824 (Avg 0.7722) Dice:0.8990 (Avg 0.8617) LR 8.50e-06   (AvgTime 0.6)   
   [Train] Epoch: [72][60/357]  Loss:0.055 (Avg 0.0721) IoU:0.821 (Avg 0.7759) Dice:0.8983 (Avg 0.8647) LR 8.50e-06   (AvgTime 0.6)   
   [Train] Epoch: [72][80/357]  Loss:0.085 (Avg 0.0731) IoU:0.733 (Avg 0.7750) Dice:0.8318 (Avg 0.8638) LR 8.50e-06   (AvgTime 0.6)   
   [Train] Epoch: [72][100/357]  Loss:0.109 (Avg 0.0731) IoU:0.685 (Avg 0.7741) Dice:0.7904 (Avg 0.8633) LR 8.50e-06   (AvgTime 0.6)   
   [Train] Epoch: [72][120/357]  Loss:0.067 (Avg 0.0730) IoU:0.782 (Avg 0.7742) Dice:0.8752 (Avg 0.8633) LR 8.50e-06   (AvgTime 0.6)   
   [Train] Epoch: [72][140/357]  Loss:0.062 (Avg 0.0728) IoU:0.812 (Avg 0.7758) Dice:0.8885 (Avg 0.8643) LR 8.50e-06   (AvgTime 0.6)   
   [Train] Epoch: [72][160/357]  Loss:0.063 (Avg 0.0731) IoU:0.841 (Avg 0.7752) Dice:0.9110 (Avg 0.8638) LR 8.50e-06   (AvgTime 0.6)   
   [Train] Epoch: [72][180/357]  Loss:0.081 (Avg 0.0735) IoU:0.762 (Avg 0.7745) Dice:0.8469 (Avg 0.8632) LR 8.50e-06   (AvgTime 0.6)   
   [Train] Epoch: [72][200/357]  Loss:0.067 (Avg 0.0738) IoU:0.780 (Avg 0.7744) Dice:0.8713 (Avg 0.8631) LR 8.50e-06   (AvgTime 0.6)   
   [Train] Epoch: [72][220/357]  Loss:0.082 (Avg 0.0737) IoU:0.743 (Avg 0.7742) Dice:0.8410 (Avg 0.8630) LR 8.50e-06   (AvgTime 0.6)   
   [Train] Epoch: [72][240/357]  Loss:0.074 (Avg 0.0735) IoU:0.762 (Avg 0.7742) Dice:0.8578 (Avg 0.8629) LR 8.50e-06   (AvgTime 0.6)   
   [Train] Epoch: [72][260/357]  Loss:0.078 (Avg 0.0742) IoU:0.780 (Avg 0.7725) Dice:0.8670 (Avg 0.8616) LR 8.50e-06   (AvgTime 0.6)   
   [Train] Epoch: [72][280/357]  Loss:0.063 (Avg 0.0743) IoU:0.800 (Avg 0.7722) Dice:0.8807 (Avg 0.8614) LR 8.50e-06   (AvgTime 0.6)   
   [Train] Epoch: [72][300/357]  Loss:0.052 (Avg 0.0746) IoU:0.839 (Avg 0.7713) Dice:0.9099 (Avg 0.8608) LR 8.50e-06   (AvgTime 0.6)   
   [Train] Epoch: [72][320/357]  Loss:0.105 (Avg 0.0749) IoU:0.727 (Avg 0.7705) Dice:0.8125 (Avg 0.8601) LR 8.50e-06   (AvgTime 0.6)   
   [Train] Epoch: [72][340/357]  Loss:0.127 (Avg 0.0752) IoU:0.683 (Avg 0.7698) Dice:0.7970 (Avg 0.8596) LR 8.50e-06   (AvgTime 0.6)   
   [Train] Epoch: [72][357/357]  Loss:0.056 (Avg 0.0753) IoU:0.811 (Avg 0.7691) Dice:0.8920 (Avg 0.8592) LR 8.50e-06   (AvgTime 0.6)   
   [Train] Loss components: dice=0.118648, focal=0.031994, total=0.075321
Validation
   [Val] Epoch: [72][20/90]  Loss:0.120 (Avg 0.1047) IoU:0.689 (Avg 0.7260) Dice:0.8049 (Avg 0.8268) (AvgTime 0.3)   
   [Val] Epoch: [72][40/90]  Loss:0.089 (Avg 0.1081) IoU:0.729 (Avg 0.7138) Dice:0.8334 (Avg 0.8151) (AvgTime 0.3)   
   [Val] Epoch: [72][60/90]  Loss:0.136 (Avg 0.1010) IoU:0.655 (Avg 0.7262) Dice:0.7605 (Avg 0.8232) (AvgTime 0.2)   
   [Val] Epoch: [72][80/90]  Loss:0.104 (Avg 0.0999) IoU:0.706 (Avg 0.7254) Dice:0.8066 (Avg 0.8229) (AvgTime 0.2)   
   [Val] Epoch: [72][90/90]  Loss:0.139 (Avg 0.0998) IoU:0.623 (Avg 0.7256) Dice:0.7482 (Avg 0.8230) (AvgTime 0.2)   
   [Val] Loss components: dice=0.148081, focal=0.051531, total=0.099806
	 No iou improvement; selected epoch 67
	 early_stopping_count: 5/80
--- Epoch History (1..72) ---
Epoch |  TrainLoss |  TrainDice |  TrainIoU |    ValLoss |    ValDice |    ValIoU |         LR | Best
    1 |     0.2378 |     0.6073 |    0.4781 |     0.2212 |     0.6176 |    0.4873 |   3.00e-04 |     
    2 |     0.1754 |     0.6971 |    0.5727 |     0.1642 |     0.7061 |    0.5868 |   3.00e-04 |     
    3 |     0.1564 |     0.7248 |    0.6043 |     0.1373 |     0.7621 |    0.6492 |   3.00e-04 |     
    4 |     0.1512 |     0.7340 |    0.6154 |     0.1450 |     0.7555 |    0.6397 |   2.99e-04 |     
    5 |     0.1427 |     0.7474 |    0.6307 |     0.1478 |     0.7229 |    0.6010 |   2.98e-04 |     
    6 |     0.1390 |     0.7527 |    0.6372 |     0.1355 |     0.7500 |    0.6298 |   2.97e-04 |     
    7 |     0.1353 |     0.7589 |    0.6439 |     0.1369 |     0.7611 |    0.6439 |   2.96e-04 |     
    8 |     0.1328 |     0.7617 |    0.6475 |     0.1354 |     0.7518 |    0.6330 |   2.94e-04 |     
    9 |     0.1294 |     0.7676 |    0.6543 |     0.1259 |     0.7724 |    0.6623 |   2.92e-04 |     
   10 |     0.1295 |     0.7672 |    0.6539 |     0.1216 |     0.7861 |    0.6776 |   2.91e-04 |     
   11 |     0.1289 |     0.7699 |    0.6573 |     0.1227 |     0.7768 |    0.6660 |   2.88e-04 |     
   12 |     0.1259 |     0.7736 |    0.6616 |     0.1186 |     0.7928 |    0.6867 |   2.86e-04 |     
   13 |     0.1252 |     0.7750 |    0.6628 |     0.1353 |     0.7535 |    0.6352 |   2.83e-04 |     
   14 |     0.1232 |     0.7784 |    0.6678 |     0.1165 |     0.7837 |    0.6714 |   2.80e-04 |     
   15 |     0.1251 |     0.7742 |    0.6624 |     0.1190 |     0.7813 |    0.6712 |   2.77e-04 |     
   16 |     0.1215 |     0.7804 |    0.6697 |     0.1217 |     0.7897 |    0.6820 |   2.74e-04 |     
   17 |     0.1251 |     0.7760 |    0.6651 |     0.1343 |     0.7581 |    0.6458 |   2.71e-04 |     
   18 |     0.1198 |     0.7841 |    0.6743 |     0.1146 |     0.7928 |    0.6860 |   2.67e-04 |     
   19 |     0.1188 |     0.7853 |    0.6759 |     0.1158 |     0.7821 |    0.6716 |   2.63e-04 |     
   20 |     0.1162 |     0.7892 |    0.6812 |     0.1173 |     0.7890 |    0.6811 |   2.59e-04 |     
   21 |     0.1166 |     0.7883 |    0.6797 |     0.1159 |     0.7814 |    0.6698 |   2.55e-04 |     
   22 |     0.1165 |     0.7891 |    0.6807 |     0.1344 |     0.7703 |    0.6587 |   2.51e-04 |     
   23 |     0.1151 |     0.7912 |    0.6838 |     0.1108 |     0.7995 |    0.6952 |   2.46e-04 |     
   24 |     0.1139 |     0.7933 |    0.6855 |     0.1130 |     0.8017 |    0.6980 |   2.42e-04 |     
   25 |     0.1139 |     0.7934 |    0.6864 |     0.1150 |     0.7985 |    0.6949 |   2.37e-04 |     
   26 |     0.1126 |     0.7952 |    0.6882 |     0.1089 |     0.7988 |    0.6928 |   2.32e-04 |     
   27 |     0.1106 |     0.7984 |    0.6923 |     0.1083 |     0.8002 |    0.6945 |   2.27e-04 |     
   28 |     0.1117 |     0.7968 |    0.6907 |     0.1093 |     0.8014 |    0.6969 |   2.22e-04 |     
   29 |     0.1108 |     0.7982 |    0.6926 |     0.1124 |     0.7947 |    0.6863 |   2.17e-04 |     
   30 |     0.1098 |     0.7995 |    0.6939 |     0.1096 |     0.7995 |    0.6962 |   2.11e-04 |     
   31 |     0.1100 |     0.8004 |    0.6948 |     0.1204 |     0.7933 |    0.6865 |   2.06e-04 |     
   32 |     0.1078 |     0.8031 |    0.6977 |     0.1063 |     0.8077 |    0.7051 |   2.00e-04 |     
   33 |     0.1066 |     0.8052 |    0.7006 |     0.1119 |     0.7959 |    0.6884 |   1.94e-04 |     
   34 |     0.1059 |     0.8063 |    0.7019 |     0.1097 |     0.8017 |    0.6963 |   1.89e-04 |     
   35 |     0.1044 |     0.8089 |    0.7053 |     0.1052 |     0.8108 |    0.7082 |   1.83e-04 |     
   36 |     0.1040 |     0.8097 |    0.7064 |     0.1073 |     0.7999 |    0.6943 |   1.77e-04 |     
   37 |     0.1048 |     0.8085 |    0.7047 |     0.1086 |     0.7999 |    0.6950 |   1.71e-04 |     
   38 |     0.1035 |     0.8101 |    0.7068 |     0.1042 |     0.8094 |    0.7070 |   1.65e-04 |     
   39 |     0.1021 |     0.8125 |    0.7099 |     0.1052 |     0.8071 |    0.7047 |   1.59e-04 |     
   40 |     0.1014 |     0.8135 |    0.7112 |     0.1052 |     0.8101 |    0.7089 |   1.53e-04 |     
   41 |     0.1007 |     0.8154 |    0.7135 |     0.1046 |     0.8120 |    0.7110 |   1.48e-04 |     
   42 |     0.1002 |     0.8163 |    0.7143 |     0.1045 |     0.8106 |    0.7087 |   1.42e-04 |     
   43 |     0.0986 |     0.8183 |    0.7172 |     0.1072 |     0.8092 |    0.7077 |   1.36e-04 |     
   44 |     0.0976 |     0.8210 |    0.7201 |     0.1020 |     0.8183 |    0.7185 |   1.30e-04 |     
   45 |     0.0973 |     0.8210 |    0.7204 |     0.1191 |     0.7921 |    0.6898 |   1.24e-04 |     
   46 |     0.0962 |     0.8230 |    0.7226 |     0.1033 |     0.8138 |    0.7140 |   1.18e-04 |     
   47 |     0.0954 |     0.8246 |    0.7249 |     0.1030 |     0.8082 |    0.7048 |   1.12e-04 |     
   48 |     0.0955 |     0.8241 |    0.7246 |     0.1029 |     0.8154 |    0.7143 |   1.07e-04 |     
   49 |     0.0943 |     0.8265 |    0.7277 |     0.1010 |     0.8167 |    0.7161 |   1.01e-04 |     
   50 |     0.0928 |     0.8293 |    0.7307 |     0.1054 |     0.8127 |    0.7122 |   9.54e-05 |     
   51 |     0.0922 |     0.8301 |    0.7320 |     0.1069 |     0.8143 |    0.7147 |   8.99e-05 |     
   52 |     0.0913 |     0.8311 |    0.7331 |     0.1116 |     0.8032 |    0.7015 |   8.45e-05 |     
   53 |     0.0901 |     0.8338 |    0.7364 |     0.0999 |     0.8179 |    0.7188 |   7.92e-05 |     
   54 |     0.0893 |     0.8345 |    0.7376 |     0.1002 |     0.8169 |    0.7174 |   7.40e-05 |     
   55 |     0.0887 |     0.8357 |    0.7390 |     0.1067 |     0.8089 |    0.7086 |   6.90e-05 |     
   56 |     0.0883 |     0.8360 |    0.7394 |     0.1003 |     0.8195 |    0.7200 |   6.41e-05 |     
   57 |     0.0873 |     0.8383 |    0.7422 |     0.1034 |     0.8173 |    0.7170 |   5.93e-05 |     
   58 |     0.0856 |     0.8411 |    0.7458 |     0.1017 |     0.8192 |    0.7208 |   5.47e-05 |     
   59 |     0.0851 |     0.8420 |    0.7466 |     0.1011 |     0.8200 |    0.7214 |   5.02e-05 |     
   60 |     0.0844 |     0.8432 |    0.7483 |     0.1008 |     0.8211 |    0.7224 |   4.58e-05 |     
   61 |     0.0836 |     0.8448 |    0.7509 |     0.1007 |     0.8188 |    0.7203 |   4.17e-05 |     
   62 |     0.0826 |     0.8462 |    0.7522 |     0.1002 |     0.8203 |    0.7218 |   3.77e-05 |     
   63 |     0.0816 |     0.8481 |    0.7546 |     0.1015 |     0.8192 |    0.7210 |   3.39e-05 |     
   64 |     0.0807 |     0.8496 |    0.7566 |     0.1015 |     0.8201 |    0.7222 |   3.03e-05 |     
   65 |     0.0805 |     0.8501 |    0.7575 |     0.1000 |     0.8196 |    0.7212 |   2.68e-05 |     
   66 |     0.0788 |     0.8530 |    0.7610 |     0.1000 |     0.8208 |    0.7229 |   2.36e-05 |     
   67 |     0.0783 |     0.8537 |    0.7618 |     0.1007 |     0.8231 |    0.7260 |   2.05e-05 |    *
   68 |     0.0776 |     0.8552 |    0.7638 |     0.1028 |     0.8217 |    0.7240 |   1.77e-05 |     
   69 |     0.0766 |     0.8568 |    0.7660 |     0.1001 |     0.8211 |    0.7234 |   1.51e-05 |     
   70 |     0.0760 |     0.8578 |    0.7675 |     0.1033 |     0.8219 |    0.7248 |   1.27e-05 |     
   71 |     0.0756 |     0.8585 |    0.7682 |     0.1012 |     0.8216 |    0.7237 |   1.05e-05 |     
   72 |     0.0753 |     0.8592 |    0.7691 |     0.0998 |     0.8230 |    0.7256 |   8.50e-06 |     
--- R2 + image-value context regrouping with regroup_text anchors validation statistics ---
up4: ca=0.9136+/-0.0847, sa=1.0083+/-0.0065, amp=0.0000, suppress=0.0000, guide_abs=0.1392
up4 residuals: local_mean=5.306e-02, global_mean=0.0165, local_strength=0.1205, global_strength=0.1188, gain=[0.9900,1.0551], saturation=0.0133, text_film=0.0194
up4 haar: reconstruction_error=4.992e-07, skip_low/high=0.7915/0.2085, plam_low/high=1.0000/0.0000
up4 strengths: plam=0.9117, region=0.1205, detail=0.1188; residual_std region/detail/refine=0.2969/0.3768/0.2963
up4 guide_mix: entropy=0.9824, raw_low=0.3201, plam_low=0.2384, decoder_low=0.2710, detail=0.1705; agreement plam/decoder=0.6295/0.3338, support=0.7879+/-0.0512
up4 adaptive_frequency: ALPF strength=0.2546, weights=0.1335/0.7288/0.1377, sum=1.0000, entropy=0.7021, delta_std=0.0798; AHPF strength=0.0794, weights=0.2811/0.5519/0.1671, sum=1.0000, entropy=0.8907, residual_std=0.1075, scaled_std=0.0085
up3: ca=1.0146+/-0.1302, sa=1.0091+/-0.0038, amp=0.0000, suppress=0.0000, guide_abs=0.2539
up3 residuals: local_mean=1.884e-02, global_mean=0.0557, local_strength=0.1193, global_strength=0.1227, gain=[0.9947,1.0257], saturation=0.0000, text_film=0.0304
up3 haar: reconstruction_error=9.537e-07, skip_low/high=0.7793/0.2207, plam_low/high=1.0000/0.0000
up3 strengths: plam=0.8844, region=0.1193, detail=0.1227; residual_std region/detail/refine=0.3217/0.5715/0.5038
up3 guide_mix: entropy=0.9821, raw_low=0.3329, plam_low=0.2330, decoder_low=0.2567, detail=0.1774; agreement plam/decoder=-0.0058/-0.0819, support=0.6603+/-0.0687
up3 adaptive_frequency: ALPF strength=0.2988, weights=0.1113/0.3937/0.4950, sum=1.0000, entropy=0.7611, delta_std=0.0678; AHPF strength=0.1024, weights=0.6070/0.2471/0.1459, sum=1.0000, entropy=0.7716, residual_std=0.0872, scaled_std=0.0089
up2: ca=0.9385+/-0.0781, sa=1.0045+/-0.0033, amp=0.0000, suppress=0.0000, guide_abs=0.1621
up2 residuals: local_mean=5.844e-03, global_mean=0.0331, local_strength=0.1186, global_strength=0.1145, gain=[0.9705,1.0339], saturation=0.0000, text_film=0.0238
up2 haar: reconstruction_error=9.537e-07, skip_low/high=0.7635/0.2365, plam_low/high=1.0000/0.0000
up2 strengths: plam=0.8125, region=0.1186, detail=0.1145; residual_std region/detail/refine=0.1743/0.2694/0.1110
up2 guide_mix: entropy=0.9394, raw_low=0.2887, plam_low=0.1488, decoder_low=0.4019, detail=0.1606; agreement plam/decoder=0.6142/-0.1466, support=0.5552+/-0.0384
up1: ca=0.8670+/-0.0984, sa=1.0036+/-0.0106, amp=0.0000, suppress=0.0000, guide_abs=0.1959
up1 residuals: local_mean=9.328e-04, global_mean=0.0448, local_strength=0.1276, global_strength=0.0781, gain=[0.9237,1.0769], saturation=0.0263, text_film=0.0302
up1 haar: reconstruction_error=2.682e-06, skip_low/high=0.7210/0.2790, plam_low/high=1.0000/0.0000
up1 strengths: plam=0.9288, region=0.1276, detail=0.0781; residual_std region/detail/refine=0.5371/0.4053/0.1616
up1 guide_mix: entropy=0.9585, raw_low=0.2830, plam_low=0.2683, decoder_low=0.3303, detail=0.1183; agreement plam/decoder=0.6659/0.1862, support=0.7245+/-0.0915

========= Epoch [73/80] =========
M2_Test_session_09.13_22h33
Training with batch size : 16
   [Train] Epoch: [73][20/357]  Loss:0.093 (Avg 0.0746) IoU:0.716 (Avg 0.7746) Dice:0.8207 (Avg 0.8626) LR 6.76e-06   (AvgTime 0.6)   
   [Train] Epoch: [73][40/357]  Loss:0.094 (Avg 0.0729) IoU:0.725 (Avg 0.7778) Dice:0.8216 (Avg 0.8650) LR 6.76e-06   (AvgTime 0.6)   
   [Train] Epoch: [73][60/357]  Loss:0.069 (Avg 0.0720) IoU:0.769 (Avg 0.7782) Dice:0.8628 (Avg 0.8656) LR 6.76e-06   (AvgTime 0.6)   
   [Train] Epoch: [73][80/357]  Loss:0.079 (Avg 0.0746) IoU:0.777 (Avg 0.7712) Dice:0.8519 (Avg 0.8608) LR 6.76e-06   (AvgTime 0.6)   
   [Train] Epoch: [73][100/357]  Loss:0.121 (Avg 0.0752) IoU:0.659 (Avg 0.7697) Dice:0.7625 (Avg 0.8595) LR 6.76e-06   (AvgTime 0.6)   
   [Train] Epoch: [73][120/357]  Loss:0.058 (Avg 0.0742) IoU:0.801 (Avg 0.7720) Dice:0.8878 (Avg 0.8612) LR 6.76e-06   (AvgTime 0.6)   
   [Train] Epoch: [73][140/357]  Loss:0.066 (Avg 0.0732) IoU:0.800 (Avg 0.7743) Dice:0.8807 (Avg 0.8630) LR 6.76e-06   (AvgTime 0.6)   
   [Train] Epoch: [73][160/357]  Loss:0.073 (Avg 0.0735) IoU:0.765 (Avg 0.7735) Dice:0.8591 (Avg 0.8623) LR 6.76e-06   (AvgTime 0.6)   
   [Train] Epoch: [73][180/357]  Loss:0.085 (Avg 0.0745) IoU:0.738 (Avg 0.7716) Dice:0.8416 (Avg 0.8608) LR 6.76e-06   (AvgTime 0.6)   
   [Train] Epoch: [73][200/357]  Loss:0.070 (Avg 0.0740) IoU:0.777 (Avg 0.7728) Dice:0.8672 (Avg 0.8618) LR 6.76e-06   (AvgTime 0.6)   
   [Train] Epoch: [73][220/357]  Loss:0.069 (Avg 0.0741) IoU:0.777 (Avg 0.7722) Dice:0.8686 (Avg 0.8613) LR 6.76e-06   (AvgTime 0.6)   
   [Train] Epoch: [73][240/357]  Loss:0.066 (Avg 0.0742) IoU:0.791 (Avg 0.7724) Dice:0.8789 (Avg 0.8613) LR 6.76e-06   (AvgTime 0.6)   
   [Train] Epoch: [73][260/357]  Loss:0.078 (Avg 0.0745) IoU:0.744 (Avg 0.7714) Dice:0.8413 (Avg 0.8607) LR 6.76e-06   (AvgTime 0.6)   
   [Train] Epoch: [73][280/357]  Loss:0.085 (Avg 0.0748) IoU:0.752 (Avg 0.7704) Dice:0.8534 (Avg 0.8600) LR 6.76e-06   (AvgTime 0.6)   
   [Train] Epoch: [73][300/357]  Loss:0.066 (Avg 0.0748) IoU:0.778 (Avg 0.7705) Dice:0.8714 (Avg 0.8602) LR 6.76e-06   (AvgTime 0.6)   
   [Train] Epoch: [73][320/357]  Loss:0.078 (Avg 0.0748) IoU:0.737 (Avg 0.7702) Dice:0.8408 (Avg 0.8600) LR 6.76e-06   (AvgTime 0.6)   
   [Train] Epoch: [73][340/357]  Loss:0.087 (Avg 0.0747) IoU:0.757 (Avg 0.7706) Dice:0.8531 (Avg 0.8603) LR 6.76e-06   (AvgTime 0.6)   
   [Train] Epoch: [73][357/357]  Loss:0.085 (Avg 0.0750) IoU:0.746 (Avg 0.7699) Dice:0.8458 (Avg 0.8599) LR 6.76e-06   (AvgTime 0.6)   
   [Train] Loss components: dice=0.117948, focal=0.031955, total=0.074952
Validation
   [Val] Epoch: [73][20/90]  Loss:0.129 (Avg 0.1057) IoU:0.674 (Avg 0.7254) Dice:0.7934 (Avg 0.8266) (AvgTime 0.3)   
   [Val] Epoch: [73][40/90]  Loss:0.092 (Avg 0.1090) IoU:0.724 (Avg 0.7135) Dice:0.8308 (Avg 0.8150) (AvgTime 0.3)   
   [Val] Epoch: [73][60/90]  Loss:0.135 (Avg 0.1020) IoU:0.658 (Avg 0.7259) Dice:0.7630 (Avg 0.8232) (AvgTime 0.2)   
   [Val] Epoch: [73][80/90]  Loss:0.107 (Avg 0.1015) IoU:0.699 (Avg 0.7247) Dice:0.8011 (Avg 0.8225) (AvgTime 0.2)   
   [Val] Epoch: [73][90/90]  Loss:0.137 (Avg 0.1015) IoU:0.624 (Avg 0.7247) Dice:0.7497 (Avg 0.8225) (AvgTime 0.2)   
   [Val] Loss components: dice=0.148305, focal=0.054638, total=0.101472
	 No iou improvement; selected epoch 67
	 early_stopping_count: 6/80
--- Epoch History (1..73) ---
Epoch |  TrainLoss |  TrainDice |  TrainIoU |    ValLoss |    ValDice |    ValIoU |         LR | Best
    1 |     0.2378 |     0.6073 |    0.4781 |     0.2212 |     0.6176 |    0.4873 |   3.00e-04 |     
    2 |     0.1754 |     0.6971 |    0.5727 |     0.1642 |     0.7061 |    0.5868 |   3.00e-04 |     
    3 |     0.1564 |     0.7248 |    0.6043 |     0.1373 |     0.7621 |    0.6492 |   3.00e-04 |     
    4 |     0.1512 |     0.7340 |    0.6154 |     0.1450 |     0.7555 |    0.6397 |   2.99e-04 |     
    5 |     0.1427 |     0.7474 |    0.6307 |     0.1478 |     0.7229 |    0.6010 |   2.98e-04 |     
    6 |     0.1390 |     0.7527 |    0.6372 |     0.1355 |     0.7500 |    0.6298 |   2.97e-04 |     
    7 |     0.1353 |     0.7589 |    0.6439 |     0.1369 |     0.7611 |    0.6439 |   2.96e-04 |     
    8 |     0.1328 |     0.7617 |    0.6475 |     0.1354 |     0.7518 |    0.6330 |   2.94e-04 |     
    9 |     0.1294 |     0.7676 |    0.6543 |     0.1259 |     0.7724 |    0.6623 |   2.92e-04 |     
   10 |     0.1295 |     0.7672 |    0.6539 |     0.1216 |     0.7861 |    0.6776 |   2.91e-04 |     
   11 |     0.1289 |     0.7699 |    0.6573 |     0.1227 |     0.7768 |    0.6660 |   2.88e-04 |     
   12 |     0.1259 |     0.7736 |    0.6616 |     0.1186 |     0.7928 |    0.6867 |   2.86e-04 |     
   13 |     0.1252 |     0.7750 |    0.6628 |     0.1353 |     0.7535 |    0.6352 |   2.83e-04 |     
   14 |     0.1232 |     0.7784 |    0.6678 |     0.1165 |     0.7837 |    0.6714 |   2.80e-04 |     
   15 |     0.1251 |     0.7742 |    0.6624 |     0.1190 |     0.7813 |    0.6712 |   2.77e-04 |     
   16 |     0.1215 |     0.7804 |    0.6697 |     0.1217 |     0.7897 |    0.6820 |   2.74e-04 |     
   17 |     0.1251 |     0.7760 |    0.6651 |     0.1343 |     0.7581 |    0.6458 |   2.71e-04 |     
   18 |     0.1198 |     0.7841 |    0.6743 |     0.1146 |     0.7928 |    0.6860 |   2.67e-04 |     
   19 |     0.1188 |     0.7853 |    0.6759 |     0.1158 |     0.7821 |    0.6716 |   2.63e-04 |     
   20 |     0.1162 |     0.7892 |    0.6812 |     0.1173 |     0.7890 |    0.6811 |   2.59e-04 |     
   21 |     0.1166 |     0.7883 |    0.6797 |     0.1159 |     0.7814 |    0.6698 |   2.55e-04 |     
   22 |     0.1165 |     0.7891 |    0.6807 |     0.1344 |     0.7703 |    0.6587 |   2.51e-04 |     
   23 |     0.1151 |     0.7912 |    0.6838 |     0.1108 |     0.7995 |    0.6952 |   2.46e-04 |     
   24 |     0.1139 |     0.7933 |    0.6855 |     0.1130 |     0.8017 |    0.6980 |   2.42e-04 |     
   25 |     0.1139 |     0.7934 |    0.6864 |     0.1150 |     0.7985 |    0.6949 |   2.37e-04 |     
   26 |     0.1126 |     0.7952 |    0.6882 |     0.1089 |     0.7988 |    0.6928 |   2.32e-04 |     
   27 |     0.1106 |     0.7984 |    0.6923 |     0.1083 |     0.8002 |    0.6945 |   2.27e-04 |     
   28 |     0.1117 |     0.7968 |    0.6907 |     0.1093 |     0.8014 |    0.6969 |   2.22e-04 |     
   29 |     0.1108 |     0.7982 |    0.6926 |     0.1124 |     0.7947 |    0.6863 |   2.17e-04 |     
   30 |     0.1098 |     0.7995 |    0.6939 |     0.1096 |     0.7995 |    0.6962 |   2.11e-04 |     
   31 |     0.1100 |     0.8004 |    0.6948 |     0.1204 |     0.7933 |    0.6865 |   2.06e-04 |     
   32 |     0.1078 |     0.8031 |    0.6977 |     0.1063 |     0.8077 |    0.7051 |   2.00e-04 |     
   33 |     0.1066 |     0.8052 |    0.7006 |     0.1119 |     0.7959 |    0.6884 |   1.94e-04 |     
   34 |     0.1059 |     0.8063 |    0.7019 |     0.1097 |     0.8017 |    0.6963 |   1.89e-04 |     
   35 |     0.1044 |     0.8089 |    0.7053 |     0.1052 |     0.8108 |    0.7082 |   1.83e-04 |     
   36 |     0.1040 |     0.8097 |    0.7064 |     0.1073 |     0.7999 |    0.6943 |   1.77e-04 |     
   37 |     0.1048 |     0.8085 |    0.7047 |     0.1086 |     0.7999 |    0.6950 |   1.71e-04 |     
   38 |     0.1035 |     0.8101 |    0.7068 |     0.1042 |     0.8094 |    0.7070 |   1.65e-04 |     
   39 |     0.1021 |     0.8125 |    0.7099 |     0.1052 |     0.8071 |    0.7047 |   1.59e-04 |     
   40 |     0.1014 |     0.8135 |    0.7112 |     0.1052 |     0.8101 |    0.7089 |   1.53e-04 |     
   41 |     0.1007 |     0.8154 |    0.7135 |     0.1046 |     0.8120 |    0.7110 |   1.48e-04 |     
   42 |     0.1002 |     0.8163 |    0.7143 |     0.1045 |     0.8106 |    0.7087 |   1.42e-04 |     
   43 |     0.0986 |     0.8183 |    0.7172 |     0.1072 |     0.8092 |    0.7077 |   1.36e-04 |     
   44 |     0.0976 |     0.8210 |    0.7201 |     0.1020 |     0.8183 |    0.7185 |   1.30e-04 |     
   45 |     0.0973 |     0.8210 |    0.7204 |     0.1191 |     0.7921 |    0.6898 |   1.24e-04 |     
   46 |     0.0962 |     0.8230 |    0.7226 |     0.1033 |     0.8138 |    0.7140 |   1.18e-04 |     
   47 |     0.0954 |     0.8246 |    0.7249 |     0.1030 |     0.8082 |    0.7048 |   1.12e-04 |     
   48 |     0.0955 |     0.8241 |    0.7246 |     0.1029 |     0.8154 |    0.7143 |   1.07e-04 |     
   49 |     0.0943 |     0.8265 |    0.7277 |     0.1010 |     0.8167 |    0.7161 |   1.01e-04 |     
   50 |     0.0928 |     0.8293 |    0.7307 |     0.1054 |     0.8127 |    0.7122 |   9.54e-05 |     
   51 |     0.0922 |     0.8301 |    0.7320 |     0.1069 |     0.8143 |    0.7147 |   8.99e-05 |     
   52 |     0.0913 |     0.8311 |    0.7331 |     0.1116 |     0.8032 |    0.7015 |   8.45e-05 |     
   53 |     0.0901 |     0.8338 |    0.7364 |     0.0999 |     0.8179 |    0.7188 |   7.92e-05 |     
   54 |     0.0893 |     0.8345 |    0.7376 |     0.1002 |     0.8169 |    0.7174 |   7.40e-05 |     
   55 |     0.0887 |     0.8357 |    0.7390 |     0.1067 |     0.8089 |    0.7086 |   6.90e-05 |     
   56 |     0.0883 |     0.8360 |    0.7394 |     0.1003 |     0.8195 |    0.7200 |   6.41e-05 |     
   57 |     0.0873 |     0.8383 |    0.7422 |     0.1034 |     0.8173 |    0.7170 |   5.93e-05 |     
   58 |     0.0856 |     0.8411 |    0.7458 |     0.1017 |     0.8192 |    0.7208 |   5.47e-05 |     
   59 |     0.0851 |     0.8420 |    0.7466 |     0.1011 |     0.8200 |    0.7214 |   5.02e-05 |     
   60 |     0.0844 |     0.8432 |    0.7483 |     0.1008 |     0.8211 |    0.7224 |   4.58e-05 |     
   61 |     0.0836 |     0.8448 |    0.7509 |     0.1007 |     0.8188 |    0.7203 |   4.17e-05 |     
   62 |     0.0826 |     0.8462 |    0.7522 |     0.1002 |     0.8203 |    0.7218 |   3.77e-05 |     
   63 |     0.0816 |     0.8481 |    0.7546 |     0.1015 |     0.8192 |    0.7210 |   3.39e-05 |     
   64 |     0.0807 |     0.8496 |    0.7566 |     0.1015 |     0.8201 |    0.7222 |   3.03e-05 |     
   65 |     0.0805 |     0.8501 |    0.7575 |     0.1000 |     0.8196 |    0.7212 |   2.68e-05 |     
   66 |     0.0788 |     0.8530 |    0.7610 |     0.1000 |     0.8208 |    0.7229 |   2.36e-05 |     
   67 |     0.0783 |     0.8537 |    0.7618 |     0.1007 |     0.8231 |    0.7260 |   2.05e-05 |    *
   68 |     0.0776 |     0.8552 |    0.7638 |     0.1028 |     0.8217 |    0.7240 |   1.77e-05 |     
   69 |     0.0766 |     0.8568 |    0.7660 |     0.1001 |     0.8211 |    0.7234 |   1.51e-05 |     
   70 |     0.0760 |     0.8578 |    0.7675 |     0.1033 |     0.8219 |    0.7248 |   1.27e-05 |     
   71 |     0.0756 |     0.8585 |    0.7682 |     0.1012 |     0.8216 |    0.7237 |   1.05e-05 |     
   72 |     0.0753 |     0.8592 |    0.7691 |     0.0998 |     0.8230 |    0.7256 |   8.50e-06 |     
   73 |     0.0750 |     0.8599 |    0.7699 |     0.1015 |     0.8225 |    0.7247 |   6.76e-06 |     
--- R2 + image-value context regrouping with regroup_text anchors validation statistics ---
up4: ca=0.9137+/-0.0844, sa=1.0082+/-0.0065, amp=0.0000, suppress=0.0000, guide_abs=0.1366
up4 residuals: local_mean=5.287e-02, global_mean=0.0162, local_strength=0.1204, global_strength=0.1188, gain=[0.9898,1.0556], saturation=0.0112, text_film=0.0194
up4 haar: reconstruction_error=9.537e-07, skip_low/high=0.7907/0.2093, plam_low/high=1.0000/0.0000
up4 strengths: plam=0.9117, region=0.1204, detail=0.1188; residual_std region/detail/refine=0.2947/0.3781/0.2971
up4 guide_mix: entropy=0.9825, raw_low=0.3197, plam_low=0.2362, decoder_low=0.2729, detail=0.1712; agreement plam/decoder=0.6386/0.3416, support=0.7842+/-0.0511
up4 adaptive_frequency: ALPF strength=0.2546, weights=0.1326/0.7292/0.1381, sum=1.0000, entropy=0.7013, delta_std=0.0805; AHPF strength=0.0794, weights=0.2804/0.5526/0.1670, sum=1.0000, entropy=0.8903, residual_std=0.1086, scaled_std=0.0086
up3: ca=1.0145+/-0.1301, sa=1.0091+/-0.0038, amp=0.0000, suppress=0.0000, guide_abs=0.2538
up3 residuals: local_mean=1.903e-02, global_mean=0.0556, local_strength=0.1193, global_strength=0.1227, gain=[0.9938,1.0272], saturation=0.0000, text_film=0.0305
up3 haar: reconstruction_error=9.537e-07, skip_low/high=0.7790/0.2210, plam_low/high=1.0000/0.0000
up3 strengths: plam=0.8844, region=0.1193, detail=0.1227; residual_std region/detail/refine=0.3187/0.5709/0.5035
up3 guide_mix: entropy=0.9821, raw_low=0.3309, plam_low=0.2330, decoder_low=0.2598, detail=0.1763; agreement plam/decoder=-0.0091/-0.0738, support=0.6601+/-0.0687
up3 adaptive_frequency: ALPF strength=0.2988, weights=0.1086/0.3879/0.5035, sum=1.0000, entropy=0.7583, delta_std=0.0685; AHPF strength=0.1024, weights=0.6114/0.2432/0.1454, sum=1.0000, entropy=0.7677, residual_std=0.0863, scaled_std=0.0088
up2: ca=0.9395+/-0.0768, sa=1.0045+/-0.0031, amp=0.0000, suppress=0.0000, guide_abs=0.1640
up2 residuals: local_mean=5.812e-03, global_mean=0.0330, local_strength=0.1186, global_strength=0.1145, gain=[0.9725,1.0317], saturation=0.0000, text_film=0.0237
up2 haar: reconstruction_error=9.537e-07, skip_low/high=0.7642/0.2358, plam_low/high=1.0000/0.0000
up2 strengths: plam=0.8125, region=0.1186, detail=0.1145; residual_std region/detail/refine=0.1738/0.2619/0.1110
up2 guide_mix: entropy=0.9391, raw_low=0.2850, plam_low=0.1524, decoder_low=0.4049, detail=0.1577; agreement plam/decoder=0.5945/-0.1442, support=0.5551+/-0.0381
up1: ca=0.8683+/-0.0980, sa=1.0036+/-0.0105, amp=0.0000, suppress=0.0000, guide_abs=0.1957
up1 residuals: local_mean=9.764e-04, global_mean=0.0448, local_strength=0.1276, global_strength=0.0781, gain=[0.9239,1.0767], saturation=0.0270, text_film=0.0305
up1 haar: reconstruction_error=2.354e-06, skip_low/high=0.7217/0.2783, plam_low/high=1.0000/0.0000
up1 strengths: plam=0.9288, region=0.1276, detail=0.0781; residual_std region/detail/refine=0.5478/0.3996/0.1616
up1 guide_mix: entropy=0.9584, raw_low=0.2811, plam_low=0.2755, decoder_low=0.3262, detail=0.1172; agreement plam/decoder=0.6703/0.1864, support=0.7237+/-0.0917

========= Epoch [74/80] =========
M2_Test_session_09.13_22h33
Training with batch size : 16
   [Train] Epoch: [74][20/357]  Loss:0.069 (Avg 0.0774) IoU:0.785 (Avg 0.7662) Dice:0.8760 (Avg 0.8563) LR 5.24e-06   (AvgTime 0.6)   
   [Train] Epoch: [74][40/357]  Loss:0.070 (Avg 0.0773) IoU:0.794 (Avg 0.7668) Dice:0.8710 (Avg 0.8563) LR 5.24e-06   (AvgTime 0.6)   
   [Train] Epoch: [74][60/357]  Loss:0.087 (Avg 0.0765) IoU:0.735 (Avg 0.7681) Dice:0.8284 (Avg 0.8572) LR 5.24e-06   (AvgTime 0.6)   
   [Train] Epoch: [74][80/357]  Loss:0.073 (Avg 0.0758) IoU:0.760 (Avg 0.7699) Dice:0.8538 (Avg 0.8588) LR 5.24e-06   (AvgTime 0.6)   
   [Train] Epoch: [74][100/357]  Loss:0.076 (Avg 0.0750) IoU:0.753 (Avg 0.7711) Dice:0.8480 (Avg 0.8598) LR 5.24e-06   (AvgTime 0.6)   
   [Train] Epoch: [74][120/357]  Loss:0.080 (Avg 0.0748) IoU:0.738 (Avg 0.7720) Dice:0.8315 (Avg 0.8606) LR 5.24e-06   (AvgTime 0.6)   
   [Train] Epoch: [74][140/357]  Loss:0.056 (Avg 0.0749) IoU:0.817 (Avg 0.7713) Dice:0.8947 (Avg 0.8604) LR 5.24e-06   (AvgTime 0.6)   
   [Train] Epoch: [74][160/357]  Loss:0.056 (Avg 0.0745) IoU:0.811 (Avg 0.7717) Dice:0.8929 (Avg 0.8610) LR 5.24e-06   (AvgTime 0.6)   
   [Train] Epoch: [74][180/357]  Loss:0.078 (Avg 0.0745) IoU:0.746 (Avg 0.7714) Dice:0.8450 (Avg 0.8609) LR 5.24e-06   (AvgTime 0.6)   
   [Train] Epoch: [74][200/357]  Loss:0.075 (Avg 0.0739) IoU:0.769 (Avg 0.7727) Dice:0.8563 (Avg 0.8617) LR 5.24e-06   (AvgTime 0.6)   
   [Train] Epoch: [74][220/357]  Loss:0.061 (Avg 0.0742) IoU:0.796 (Avg 0.7717) Dice:0.8822 (Avg 0.8610) LR 5.24e-06   (AvgTime 0.6)   
   [Train] Epoch: [74][240/357]  Loss:0.065 (Avg 0.0740) IoU:0.808 (Avg 0.7720) Dice:0.8872 (Avg 0.8613) LR 5.24e-06   (AvgTime 0.6)   
   [Train] Epoch: [74][260/357]  Loss:0.078 (Avg 0.0737) IoU:0.758 (Avg 0.7728) Dice:0.8499 (Avg 0.8619) LR 5.24e-06   (AvgTime 0.6)   
   [Train] Epoch: [74][280/357]  Loss:0.073 (Avg 0.0738) IoU:0.769 (Avg 0.7720) Dice:0.8599 (Avg 0.8614) LR 5.24e-06   (AvgTime 0.6)   
   [Train] Epoch: [74][300/357]  Loss:0.080 (Avg 0.0737) IoU:0.751 (Avg 0.7722) Dice:0.8407 (Avg 0.8616) LR 5.24e-06   (AvgTime 0.6)   
   [Train] Epoch: [74][320/357]  Loss:0.068 (Avg 0.0739) IoU:0.778 (Avg 0.7721) Dice:0.8691 (Avg 0.8615) LR 5.24e-06   (AvgTime 0.6)   
   [Train] Epoch: [74][340/357]  Loss:0.052 (Avg 0.0737) IoU:0.822 (Avg 0.7731) Dice:0.8992 (Avg 0.8621) LR 5.24e-06   (AvgTime 0.6)   
   [Train] Epoch: [74][357/357]  Loss:0.062 (Avg 0.0739) IoU:0.797 (Avg 0.7725) Dice:0.8813 (Avg 0.8617) LR 5.24e-06   (AvgTime 0.6)   
   [Train] Loss components: dice=0.116521, focal=0.031360, total=0.073941
Validation
   [Val] Epoch: [74][20/90]  Loss:0.131 (Avg 0.1067) IoU:0.669 (Avg 0.7252) Dice:0.7900 (Avg 0.8264) (AvgTime 0.3)   
   [Val] Epoch: [74][40/90]  Loss:0.088 (Avg 0.1098) IoU:0.729 (Avg 0.7141) Dice:0.8352 (Avg 0.8154) (AvgTime 0.2)   
   [Val] Epoch: [74][60/90]  Loss:0.137 (Avg 0.1025) IoU:0.655 (Avg 0.7262) Dice:0.7611 (Avg 0.8234) (AvgTime 0.2)   
   [Val] Epoch: [74][80/90]  Loss:0.107 (Avg 0.1016) IoU:0.699 (Avg 0.7255) Dice:0.8000 (Avg 0.8231) (AvgTime 0.2)   
   [Val] Epoch: [74][90/90]  Loss:0.141 (Avg 0.1018) IoU:0.618 (Avg 0.7253) Dice:0.7433 (Avg 0.8228) (AvgTime 0.2)   
   [Val] Loss components: dice=0.147689, focal=0.055950, total=0.101819
	 No iou improvement; selected epoch 67
	 early_stopping_count: 7/80
--- Epoch History (1..74) ---
Epoch |  TrainLoss |  TrainDice |  TrainIoU |    ValLoss |    ValDice |    ValIoU |         LR | Best
    1 |     0.2378 |     0.6073 |    0.4781 |     0.2212 |     0.6176 |    0.4873 |   3.00e-04 |     
    2 |     0.1754 |     0.6971 |    0.5727 |     0.1642 |     0.7061 |    0.5868 |   3.00e-04 |     
    3 |     0.1564 |     0.7248 |    0.6043 |     0.1373 |     0.7621 |    0.6492 |   3.00e-04 |     
    4 |     0.1512 |     0.7340 |    0.6154 |     0.1450 |     0.7555 |    0.6397 |   2.99e-04 |     
    5 |     0.1427 |     0.7474 |    0.6307 |     0.1478 |     0.7229 |    0.6010 |   2.98e-04 |     
    6 |     0.1390 |     0.7527 |    0.6372 |     0.1355 |     0.7500 |    0.6298 |   2.97e-04 |     
    7 |     0.1353 |     0.7589 |    0.6439 |     0.1369 |     0.7611 |    0.6439 |   2.96e-04 |     
    8 |     0.1328 |     0.7617 |    0.6475 |     0.1354 |     0.7518 |    0.6330 |   2.94e-04 |     
    9 |     0.1294 |     0.7676 |    0.6543 |     0.1259 |     0.7724 |    0.6623 |   2.92e-04 |     
   10 |     0.1295 |     0.7672 |    0.6539 |     0.1216 |     0.7861 |    0.6776 |   2.91e-04 |     
   11 |     0.1289 |     0.7699 |    0.6573 |     0.1227 |     0.7768 |    0.6660 |   2.88e-04 |     
   12 |     0.1259 |     0.7736 |    0.6616 |     0.1186 |     0.7928 |    0.6867 |   2.86e-04 |     
   13 |     0.1252 |     0.7750 |    0.6628 |     0.1353 |     0.7535 |    0.6352 |   2.83e-04 |     
   14 |     0.1232 |     0.7784 |    0.6678 |     0.1165 |     0.7837 |    0.6714 |   2.80e-04 |     
   15 |     0.1251 |     0.7742 |    0.6624 |     0.1190 |     0.7813 |    0.6712 |   2.77e-04 |     
   16 |     0.1215 |     0.7804 |    0.6697 |     0.1217 |     0.7897 |    0.6820 |   2.74e-04 |     
   17 |     0.1251 |     0.7760 |    0.6651 |     0.1343 |     0.7581 |    0.6458 |   2.71e-04 |     
   18 |     0.1198 |     0.7841 |    0.6743 |     0.1146 |     0.7928 |    0.6860 |   2.67e-04 |     
   19 |     0.1188 |     0.7853 |    0.6759 |     0.1158 |     0.7821 |    0.6716 |   2.63e-04 |     
   20 |     0.1162 |     0.7892 |    0.6812 |     0.1173 |     0.7890 |    0.6811 |   2.59e-04 |     
   21 |     0.1166 |     0.7883 |    0.6797 |     0.1159 |     0.7814 |    0.6698 |   2.55e-04 |     
   22 |     0.1165 |     0.7891 |    0.6807 |     0.1344 |     0.7703 |    0.6587 |   2.51e-04 |     
   23 |     0.1151 |     0.7912 |    0.6838 |     0.1108 |     0.7995 |    0.6952 |   2.46e-04 |     
   24 |     0.1139 |     0.7933 |    0.6855 |     0.1130 |     0.8017 |    0.6980 |   2.42e-04 |     
   25 |     0.1139 |     0.7934 |    0.6864 |     0.1150 |     0.7985 |    0.6949 |   2.37e-04 |     
   26 |     0.1126 |     0.7952 |    0.6882 |     0.1089 |     0.7988 |    0.6928 |   2.32e-04 |     
   27 |     0.1106 |     0.7984 |    0.6923 |     0.1083 |     0.8002 |    0.6945 |   2.27e-04 |     
   28 |     0.1117 |     0.7968 |    0.6907 |     0.1093 |     0.8014 |    0.6969 |   2.22e-04 |     
   29 |     0.1108 |     0.7982 |    0.6926 |     0.1124 |     0.7947 |    0.6863 |   2.17e-04 |     
   30 |     0.1098 |     0.7995 |    0.6939 |     0.1096 |     0.7995 |    0.6962 |   2.11e-04 |     
   31 |     0.1100 |     0.8004 |    0.6948 |     0.1204 |     0.7933 |    0.6865 |   2.06e-04 |     
   32 |     0.1078 |     0.8031 |    0.6977 |     0.1063 |     0.8077 |    0.7051 |   2.00e-04 |     
   33 |     0.1066 |     0.8052 |    0.7006 |     0.1119 |     0.7959 |    0.6884 |   1.94e-04 |     
   34 |     0.1059 |     0.8063 |    0.7019 |     0.1097 |     0.8017 |    0.6963 |   1.89e-04 |     
   35 |     0.1044 |     0.8089 |    0.7053 |     0.1052 |     0.8108 |    0.7082 |   1.83e-04 |     
   36 |     0.1040 |     0.8097 |    0.7064 |     0.1073 |     0.7999 |    0.6943 |   1.77e-04 |     
   37 |     0.1048 |     0.8085 |    0.7047 |     0.1086 |     0.7999 |    0.6950 |   1.71e-04 |     
   38 |     0.1035 |     0.8101 |    0.7068 |     0.1042 |     0.8094 |    0.7070 |   1.65e-04 |     
   39 |     0.1021 |     0.8125 |    0.7099 |     0.1052 |     0.8071 |    0.7047 |   1.59e-04 |     
   40 |     0.1014 |     0.8135 |    0.7112 |     0.1052 |     0.8101 |    0.7089 |   1.53e-04 |     
   41 |     0.1007 |     0.8154 |    0.7135 |     0.1046 |     0.8120 |    0.7110 |   1.48e-04 |     
   42 |     0.1002 |     0.8163 |    0.7143 |     0.1045 |     0.8106 |    0.7087 |   1.42e-04 |     
   43 |     0.0986 |     0.8183 |    0.7172 |     0.1072 |     0.8092 |    0.7077 |   1.36e-04 |     
   44 |     0.0976 |     0.8210 |    0.7201 |     0.1020 |     0.8183 |    0.7185 |   1.30e-04 |     
   45 |     0.0973 |     0.8210 |    0.7204 |     0.1191 |     0.7921 |    0.6898 |   1.24e-04 |     
   46 |     0.0962 |     0.8230 |    0.7226 |     0.1033 |     0.8138 |    0.7140 |   1.18e-04 |     
   47 |     0.0954 |     0.8246 |    0.7249 |     0.1030 |     0.8082 |    0.7048 |   1.12e-04 |     
   48 |     0.0955 |     0.8241 |    0.7246 |     0.1029 |     0.8154 |    0.7143 |   1.07e-04 |     
   49 |     0.0943 |     0.8265 |    0.7277 |     0.1010 |     0.8167 |    0.7161 |   1.01e-04 |     
   50 |     0.0928 |     0.8293 |    0.7307 |     0.1054 |     0.8127 |    0.7122 |   9.54e-05 |     
   51 |     0.0922 |     0.8301 |    0.7320 |     0.1069 |     0.8143 |    0.7147 |   8.99e-05 |     
   52 |     0.0913 |     0.8311 |    0.7331 |     0.1116 |     0.8032 |    0.7015 |   8.45e-05 |     
   53 |     0.0901 |     0.8338 |    0.7364 |     0.0999 |     0.8179 |    0.7188 |   7.92e-05 |     
   54 |     0.0893 |     0.8345 |    0.7376 |     0.1002 |     0.8169 |    0.7174 |   7.40e-05 |     
   55 |     0.0887 |     0.8357 |    0.7390 |     0.1067 |     0.8089 |    0.7086 |   6.90e-05 |     
   56 |     0.0883 |     0.8360 |    0.7394 |     0.1003 |     0.8195 |    0.7200 |   6.41e-05 |     
   57 |     0.0873 |     0.8383 |    0.7422 |     0.1034 |     0.8173 |    0.7170 |   5.93e-05 |     
   58 |     0.0856 |     0.8411 |    0.7458 |     0.1017 |     0.8192 |    0.7208 |   5.47e-05 |     
   59 |     0.0851 |     0.8420 |    0.7466 |     0.1011 |     0.8200 |    0.7214 |   5.02e-05 |     
   60 |     0.0844 |     0.8432 |    0.7483 |     0.1008 |     0.8211 |    0.7224 |   4.58e-05 |     
   61 |     0.0836 |     0.8448 |    0.7509 |     0.1007 |     0.8188 |    0.7203 |   4.17e-05 |     
   62 |     0.0826 |     0.8462 |    0.7522 |     0.1002 |     0.8203 |    0.7218 |   3.77e-05 |     
   63 |     0.0816 |     0.8481 |    0.7546 |     0.1015 |     0.8192 |    0.7210 |   3.39e-05 |     
   64 |     0.0807 |     0.8496 |    0.7566 |     0.1015 |     0.8201 |    0.7222 |   3.03e-05 |     
   65 |     0.0805 |     0.8501 |    0.7575 |     0.1000 |     0.8196 |    0.7212 |   2.68e-05 |     
   66 |     0.0788 |     0.8530 |    0.7610 |     0.1000 |     0.8208 |    0.7229 |   2.36e-05 |     
   67 |     0.0783 |     0.8537 |    0.7618 |     0.1007 |     0.8231 |    0.7260 |   2.05e-05 |    *
   68 |     0.0776 |     0.8552 |    0.7638 |     0.1028 |     0.8217 |    0.7240 |   1.77e-05 |     
   69 |     0.0766 |     0.8568 |    0.7660 |     0.1001 |     0.8211 |    0.7234 |   1.51e-05 |     
   70 |     0.0760 |     0.8578 |    0.7675 |     0.1033 |     0.8219 |    0.7248 |   1.27e-05 |     
   71 |     0.0756 |     0.8585 |    0.7682 |     0.1012 |     0.8216 |    0.7237 |   1.05e-05 |     
   72 |     0.0753 |     0.8592 |    0.7691 |     0.0998 |     0.8230 |    0.7256 |   8.50e-06 |     
   73 |     0.0750 |     0.8599 |    0.7699 |     0.1015 |     0.8225 |    0.7247 |   6.76e-06 |     
   74 |     0.0739 |     0.8617 |    0.7725 |     0.1018 |     0.8228 |    0.7253 |   5.24e-06 |     
--- R2 + image-value context regrouping with regroup_text anchors validation statistics ---
up4: ca=0.9140+/-0.0842, sa=1.0083+/-0.0065, amp=0.0000, suppress=0.0000, guide_abs=0.1391
up4 residuals: local_mean=5.304e-02, global_mean=0.0163, local_strength=0.1204, global_strength=0.1188, gain=[0.9899,1.0557], saturation=0.0112, text_film=0.0194
up4 haar: reconstruction_error=5.662e-07, skip_low/high=0.7898/0.2102, plam_low/high=1.0000/0.0000
up4 strengths: plam=0.9117, region=0.1204, detail=0.1188; residual_std region/detail/refine=0.2935/0.3804/0.2974
up4 guide_mix: entropy=0.9819, raw_low=0.3252, plam_low=0.2256, decoder_low=0.2737, detail=0.1755; agreement plam/decoder=0.6385/0.3358, support=0.7859+/-0.0513
up4 adaptive_frequency: ALPF strength=0.2546, weights=0.1339/0.7282/0.1379, sum=1.0000, entropy=0.7029, delta_std=0.0810; AHPF strength=0.0794, weights=0.2821/0.5510/0.1669, sum=1.0000, entropy=0.8912, residual_std=0.1098, scaled_std=0.0087
up3: ca=1.0153+/-0.1294, sa=1.0091+/-0.0039, amp=0.0000, suppress=0.0000, guide_abs=0.2555
up3 residuals: local_mean=1.904e-02, global_mean=0.0556, local_strength=0.1193, global_strength=0.1227, gain=[0.9940,1.0267], saturation=0.0000, text_film=0.0307
up3 haar: reconstruction_error=9.537e-07, skip_low/high=0.7776/0.2224, plam_low/high=1.0000/0.0000
up3 strengths: plam=0.8843, region=0.1193, detail=0.1227; residual_std region/detail/refine=0.3192/0.5740/0.5049
up3 guide_mix: entropy=0.9816, raw_low=0.3350, plam_low=0.2248, decoder_low=0.2605, detail=0.1796; agreement plam/decoder=-0.0168/-0.0751, support=0.6596+/-0.0685
up3 adaptive_frequency: ALPF strength=0.2989, weights=0.1112/0.3927/0.4961, sum=1.0000, entropy=0.7611, delta_std=0.0684; AHPF strength=0.1024, weights=0.6137/0.2425/0.1438, sum=1.0000, entropy=0.7639, residual_std=0.0873, scaled_std=0.0089
up2: ca=0.9406+/-0.0758, sa=1.0045+/-0.0032, amp=0.0000, suppress=0.0000, guide_abs=0.1645
up2 residuals: local_mean=5.790e-03, global_mean=0.0330, local_strength=0.1186, global_strength=0.1145, gain=[0.9708,1.0331], saturation=0.0000, text_film=0.0236
up2 haar: reconstruction_error=9.537e-07, skip_low/high=0.7633/0.2367, plam_low/high=1.0000/0.0000
up2 strengths: plam=0.8125, region=0.1186, detail=0.1145; residual_std region/detail/refine=0.1739/0.2688/0.1112
up2 guide_mix: entropy=0.9399, raw_low=0.2895, plam_low=0.1484, decoder_low=0.4005, detail=0.1617; agreement plam/decoder=0.6170/-0.1249, support=0.5550+/-0.0377
up1: ca=0.8685+/-0.0970, sa=1.0036+/-0.0106, amp=0.0000, suppress=0.0000, guide_abs=0.1968
up1 residuals: local_mean=1.027e-03, global_mean=0.0448, local_strength=0.1276, global_strength=0.0781, gain=[0.9237,1.0769], saturation=0.0305, text_film=0.0302
up1 haar: reconstruction_error=2.451e-06, skip_low/high=0.7206/0.2794, plam_low/high=1.0000/0.0000
up1 strengths: plam=0.9288, region=0.1276, detail=0.0781; residual_std region/detail/refine=0.5631/0.4072/0.1616
up1 guide_mix: entropy=0.9599, raw_low=0.2868, plam_low=0.2680, decoder_low=0.3253, detail=0.1199; agreement plam/decoder=0.6645/0.1968, support=0.7247+/-0.0929

========= Epoch [75/80] =========
M2_Test_session_09.13_22h33
Training with batch size : 16
   [Train] Epoch: [75][20/357]  Loss:0.096 (Avg 0.0705) IoU:0.724 (Avg 0.7829) Dice:0.8158 (Avg 0.8697) LR 3.95e-06   (AvgTime 0.6)   
   [Train] Epoch: [75][40/357]  Loss:0.104 (Avg 0.0756) IoU:0.720 (Avg 0.7699) Dice:0.8169 (Avg 0.8592) LR 3.95e-06   (AvgTime 0.6)   
   [Train] Epoch: [75][60/357]  Loss:0.080 (Avg 0.0769) IoU:0.765 (Avg 0.7655) Dice:0.8530 (Avg 0.8565) LR 3.95e-06   (AvgTime 0.6)   
   [Train] Epoch: [75][80/357]  Loss:0.133 (Avg 0.0776) IoU:0.653 (Avg 0.7646) Dice:0.7499 (Avg 0.8550) LR 3.95e-06   (AvgTime 0.6)   
   [Train] Epoch: [75][100/357]  Loss:0.051 (Avg 0.0762) IoU:0.834 (Avg 0.7678) Dice:0.9080 (Avg 0.8576) LR 3.95e-06   (AvgTime 0.6)   
   [Train] Epoch: [75][120/357]  Loss:0.098 (Avg 0.0770) IoU:0.708 (Avg 0.7646) Dice:0.8053 (Avg 0.8555) LR 3.95e-06   (AvgTime 0.5)   
   [Train] Epoch: [75][140/357]  Loss:0.124 (Avg 0.0777) IoU:0.641 (Avg 0.7635) Dice:0.7625 (Avg 0.8544) LR 3.95e-06   (AvgTime 0.5)   
   [Train] Epoch: [75][160/357]  Loss:0.067 (Avg 0.0775) IoU:0.774 (Avg 0.7639) Dice:0.8660 (Avg 0.8550) LR 3.95e-06   (AvgTime 0.5)   
   [Train] Epoch: [75][180/357]  Loss:0.078 (Avg 0.0769) IoU:0.772 (Avg 0.7650) Dice:0.8609 (Avg 0.8559) LR 3.95e-06   (AvgTime 0.5)   
   [Train] Epoch: [75][200/357]  Loss:0.062 (Avg 0.0760) IoU:0.789 (Avg 0.7675) Dice:0.8781 (Avg 0.8579) LR 3.95e-06   (AvgTime 0.5)   
   [Train] Epoch: [75][220/357]  Loss:0.057 (Avg 0.0762) IoU:0.815 (Avg 0.7668) Dice:0.8944 (Avg 0.8575) LR 3.95e-06   (AvgTime 0.5)   
   [Train] Epoch: [75][240/357]  Loss:0.058 (Avg 0.0758) IoU:0.820 (Avg 0.7679) Dice:0.8974 (Avg 0.8582) LR 3.95e-06   (AvgTime 0.5)   
   [Train] Epoch: [75][260/357]  Loss:0.058 (Avg 0.0756) IoU:0.811 (Avg 0.7683) Dice:0.8908 (Avg 0.8586) LR 3.95e-06   (AvgTime 0.5)   
   [Train] Epoch: [75][280/357]  Loss:0.088 (Avg 0.0756) IoU:0.765 (Avg 0.7687) Dice:0.8566 (Avg 0.8589) LR 3.95e-06   (AvgTime 0.5)   
   [Train] Epoch: [75][300/357]  Loss:0.068 (Avg 0.0751) IoU:0.788 (Avg 0.7698) Dice:0.8770 (Avg 0.8598) LR 3.95e-06   (AvgTime 0.5)   
   [Train] Epoch: [75][320/357]  Loss:0.098 (Avg 0.0748) IoU:0.690 (Avg 0.7704) Dice:0.8054 (Avg 0.8602) LR 3.95e-06   (AvgTime 0.5)   
   [Train] Epoch: [75][340/357]  Loss:0.048 (Avg 0.0745) IoU:0.844 (Avg 0.7713) Dice:0.9126 (Avg 0.8608) LR 3.95e-06   (AvgTime 0.5)   
   [Train] Epoch: [75][357/357]  Loss:0.076 (Avg 0.0745) IoU:0.762 (Avg 0.7713) Dice:0.8554 (Avg 0.8608) LR 3.95e-06   (AvgTime 0.5)   
   [Train] Loss components: dice=0.117314, focal=0.031735, total=0.074525
Validation
   [Val] Epoch: [75][20/90]  Loss:0.130 (Avg 0.1082) IoU:0.675 (Avg 0.7248) Dice:0.7945 (Avg 0.8257) (AvgTime 0.3)   
   [Val] Epoch: [75][40/90]  Loss:0.094 (Avg 0.1111) IoU:0.727 (Avg 0.7143) Dice:0.8328 (Avg 0.8152) (AvgTime 0.2)   
   [Val] Epoch: [75][60/90]  Loss:0.139 (Avg 0.1036) IoU:0.657 (Avg 0.7269) Dice:0.7616 (Avg 0.8238) (AvgTime 0.2)   
   [Val] Epoch: [75][80/90]  Loss:0.108 (Avg 0.1028) IoU:0.699 (Avg 0.7259) Dice:0.8007 (Avg 0.8232) (AvgTime 0.2)   
   [Val] Epoch: [75][90/90]  Loss:0.137 (Avg 0.1030) IoU:0.625 (Avg 0.7256) Dice:0.7498 (Avg 0.8228) (AvgTime 0.2)   
   [Val] Loss components: dice=0.147643, focal=0.058298, total=0.102971
	 No iou improvement; selected epoch 67
	 early_stopping_count: 8/80
--- Epoch History (1..75) ---
Epoch |  TrainLoss |  TrainDice |  TrainIoU |    ValLoss |    ValDice |    ValIoU |         LR | Best
    1 |     0.2378 |     0.6073 |    0.4781 |     0.2212 |     0.6176 |    0.4873 |   3.00e-04 |     
    2 |     0.1754 |     0.6971 |    0.5727 |     0.1642 |     0.7061 |    0.5868 |   3.00e-04 |     
    3 |     0.1564 |     0.7248 |    0.6043 |     0.1373 |     0.7621 |    0.6492 |   3.00e-04 |     
    4 |     0.1512 |     0.7340 |    0.6154 |     0.1450 |     0.7555 |    0.6397 |   2.99e-04 |     
    5 |     0.1427 |     0.7474 |    0.6307 |     0.1478 |     0.7229 |    0.6010 |   2.98e-04 |     
    6 |     0.1390 |     0.7527 |    0.6372 |     0.1355 |     0.7500 |    0.6298 |   2.97e-04 |     
    7 |     0.1353 |     0.7589 |    0.6439 |     0.1369 |     0.7611 |    0.6439 |   2.96e-04 |     
    8 |     0.1328 |     0.7617 |    0.6475 |     0.1354 |     0.7518 |    0.6330 |   2.94e-04 |     
    9 |     0.1294 |     0.7676 |    0.6543 |     0.1259 |     0.7724 |    0.6623 |   2.92e-04 |     
   10 |     0.1295 |     0.7672 |    0.6539 |     0.1216 |     0.7861 |    0.6776 |   2.91e-04 |     
   11 |     0.1289 |     0.7699 |    0.6573 |     0.1227 |     0.7768 |    0.6660 |   2.88e-04 |     
   12 |     0.1259 |     0.7736 |    0.6616 |     0.1186 |     0.7928 |    0.6867 |   2.86e-04 |     
   13 |     0.1252 |     0.7750 |    0.6628 |     0.1353 |     0.7535 |    0.6352 |   2.83e-04 |     
   14 |     0.1232 |     0.7784 |    0.6678 |     0.1165 |     0.7837 |    0.6714 |   2.80e-04 |     
   15 |     0.1251 |     0.7742 |    0.6624 |     0.1190 |     0.7813 |    0.6712 |   2.77e-04 |     
   16 |     0.1215 |     0.7804 |    0.6697 |     0.1217 |     0.7897 |    0.6820 |   2.74e-04 |     
   17 |     0.1251 |     0.7760 |    0.6651 |     0.1343 |     0.7581 |    0.6458 |   2.71e-04 |     
   18 |     0.1198 |     0.7841 |    0.6743 |     0.1146 |     0.7928 |    0.6860 |   2.67e-04 |     
   19 |     0.1188 |     0.7853 |    0.6759 |     0.1158 |     0.7821 |    0.6716 |   2.63e-04 |     
   20 |     0.1162 |     0.7892 |    0.6812 |     0.1173 |     0.7890 |    0.6811 |   2.59e-04 |     
   21 |     0.1166 |     0.7883 |    0.6797 |     0.1159 |     0.7814 |    0.6698 |   2.55e-04 |     
   22 |     0.1165 |     0.7891 |    0.6807 |     0.1344 |     0.7703 |    0.6587 |   2.51e-04 |     
   23 |     0.1151 |     0.7912 |    0.6838 |     0.1108 |     0.7995 |    0.6952 |   2.46e-04 |     
   24 |     0.1139 |     0.7933 |    0.6855 |     0.1130 |     0.8017 |    0.6980 |   2.42e-04 |     
   25 |     0.1139 |     0.7934 |    0.6864 |     0.1150 |     0.7985 |    0.6949 |   2.37e-04 |     
   26 |     0.1126 |     0.7952 |    0.6882 |     0.1089 |     0.7988 |    0.6928 |   2.32e-04 |     
   27 |     0.1106 |     0.7984 |    0.6923 |     0.1083 |     0.8002 |    0.6945 |   2.27e-04 |     
   28 |     0.1117 |     0.7968 |    0.6907 |     0.1093 |     0.8014 |    0.6969 |   2.22e-04 |     
   29 |     0.1108 |     0.7982 |    0.6926 |     0.1124 |     0.7947 |    0.6863 |   2.17e-04 |     
   30 |     0.1098 |     0.7995 |    0.6939 |     0.1096 |     0.7995 |    0.6962 |   2.11e-04 |     
   31 |     0.1100 |     0.8004 |    0.6948 |     0.1204 |     0.7933 |    0.6865 |   2.06e-04 |     
   32 |     0.1078 |     0.8031 |    0.6977 |     0.1063 |     0.8077 |    0.7051 |   2.00e-04 |     
   33 |     0.1066 |     0.8052 |    0.7006 |     0.1119 |     0.7959 |    0.6884 |   1.94e-04 |     
   34 |     0.1059 |     0.8063 |    0.7019 |     0.1097 |     0.8017 |    0.6963 |   1.89e-04 |     
   35 |     0.1044 |     0.8089 |    0.7053 |     0.1052 |     0.8108 |    0.7082 |   1.83e-04 |     
   36 |     0.1040 |     0.8097 |    0.7064 |     0.1073 |     0.7999 |    0.6943 |   1.77e-04 |     
   37 |     0.1048 |     0.8085 |    0.7047 |     0.1086 |     0.7999 |    0.6950 |   1.71e-04 |     
   38 |     0.1035 |     0.8101 |    0.7068 |     0.1042 |     0.8094 |    0.7070 |   1.65e-04 |     
   39 |     0.1021 |     0.8125 |    0.7099 |     0.1052 |     0.8071 |    0.7047 |   1.59e-04 |     
   40 |     0.1014 |     0.8135 |    0.7112 |     0.1052 |     0.8101 |    0.7089 |   1.53e-04 |     
   41 |     0.1007 |     0.8154 |    0.7135 |     0.1046 |     0.8120 |    0.7110 |   1.48e-04 |     
   42 |     0.1002 |     0.8163 |    0.7143 |     0.1045 |     0.8106 |    0.7087 |   1.42e-04 |     
   43 |     0.0986 |     0.8183 |    0.7172 |     0.1072 |     0.8092 |    0.7077 |   1.36e-04 |     
   44 |     0.0976 |     0.8210 |    0.7201 |     0.1020 |     0.8183 |    0.7185 |   1.30e-04 |     
   45 |     0.0973 |     0.8210 |    0.7204 |     0.1191 |     0.7921 |    0.6898 |   1.24e-04 |     
   46 |     0.0962 |     0.8230 |    0.7226 |     0.1033 |     0.8138 |    0.7140 |   1.18e-04 |     
   47 |     0.0954 |     0.8246 |    0.7249 |     0.1030 |     0.8082 |    0.7048 |   1.12e-04 |     
   48 |     0.0955 |     0.8241 |    0.7246 |     0.1029 |     0.8154 |    0.7143 |   1.07e-04 |     
   49 |     0.0943 |     0.8265 |    0.7277 |     0.1010 |     0.8167 |    0.7161 |   1.01e-04 |     
   50 |     0.0928 |     0.8293 |    0.7307 |     0.1054 |     0.8127 |    0.7122 |   9.54e-05 |     
   51 |     0.0922 |     0.8301 |    0.7320 |     0.1069 |     0.8143 |    0.7147 |   8.99e-05 |     
   52 |     0.0913 |     0.8311 |    0.7331 |     0.1116 |     0.8032 |    0.7015 |   8.45e-05 |     
   53 |     0.0901 |     0.8338 |    0.7364 |     0.0999 |     0.8179 |    0.7188 |   7.92e-05 |     
   54 |     0.0893 |     0.8345 |    0.7376 |     0.1002 |     0.8169 |    0.7174 |   7.40e-05 |     
   55 |     0.0887 |     0.8357 |    0.7390 |     0.1067 |     0.8089 |    0.7086 |   6.90e-05 |     
   56 |     0.0883 |     0.8360 |    0.7394 |     0.1003 |     0.8195 |    0.7200 |   6.41e-05 |     
   57 |     0.0873 |     0.8383 |    0.7422 |     0.1034 |     0.8173 |    0.7170 |   5.93e-05 |     
   58 |     0.0856 |     0.8411 |    0.7458 |     0.1017 |     0.8192 |    0.7208 |   5.47e-05 |     
   59 |     0.0851 |     0.8420 |    0.7466 |     0.1011 |     0.8200 |    0.7214 |   5.02e-05 |     
   60 |     0.0844 |     0.8432 |    0.7483 |     0.1008 |     0.8211 |    0.7224 |   4.58e-05 |     
   61 |     0.0836 |     0.8448 |    0.7509 |     0.1007 |     0.8188 |    0.7203 |   4.17e-05 |     
   62 |     0.0826 |     0.8462 |    0.7522 |     0.1002 |     0.8203 |    0.7218 |   3.77e-05 |     
   63 |     0.0816 |     0.8481 |    0.7546 |     0.1015 |     0.8192 |    0.7210 |   3.39e-05 |     
   64 |     0.0807 |     0.8496 |    0.7566 |     0.1015 |     0.8201 |    0.7222 |   3.03e-05 |     
   65 |     0.0805 |     0.8501 |    0.7575 |     0.1000 |     0.8196 |    0.7212 |   2.68e-05 |     
   66 |     0.0788 |     0.8530 |    0.7610 |     0.1000 |     0.8208 |    0.7229 |   2.36e-05 |     
   67 |     0.0783 |     0.8537 |    0.7618 |     0.1007 |     0.8231 |    0.7260 |   2.05e-05 |    *
   68 |     0.0776 |     0.8552 |    0.7638 |     0.1028 |     0.8217 |    0.7240 |   1.77e-05 |     
   69 |     0.0766 |     0.8568 |    0.7660 |     0.1001 |     0.8211 |    0.7234 |   1.51e-05 |     
   70 |     0.0760 |     0.8578 |    0.7675 |     0.1033 |     0.8219 |    0.7248 |   1.27e-05 |     
   71 |     0.0756 |     0.8585 |    0.7682 |     0.1012 |     0.8216 |    0.7237 |   1.05e-05 |     
   72 |     0.0753 |     0.8592 |    0.7691 |     0.0998 |     0.8230 |    0.7256 |   8.50e-06 |     
   73 |     0.0750 |     0.8599 |    0.7699 |     0.1015 |     0.8225 |    0.7247 |   6.76e-06 |     
   74 |     0.0739 |     0.8617 |    0.7725 |     0.1018 |     0.8228 |    0.7253 |   5.24e-06 |     
   75 |     0.0745 |     0.8608 |    0.7713 |     0.1030 |     0.8228 |    0.7256 |   3.95e-06 |     
--- R2 + image-value context regrouping with regroup_text anchors validation statistics ---
up4: ca=0.9146+/-0.0843, sa=1.0083+/-0.0066, amp=0.0000, suppress=0.0000, guide_abs=0.1394
up4 residuals: local_mean=5.307e-02, global_mean=0.0167, local_strength=0.1204, global_strength=0.1188, gain=[0.9896,1.0556], saturation=0.0112, text_film=0.0194
up4 haar: reconstruction_error=5.960e-07, skip_low/high=0.7884/0.2116, plam_low/high=1.0000/0.0000
up4 strengths: plam=0.9117, region=0.1204, detail=0.1188; residual_std region/detail/refine=0.2929/0.3824/0.2966
up4 guide_mix: entropy=0.9807, raw_low=0.3276, plam_low=0.2150, decoder_low=0.2793, detail=0.1780; agreement plam/decoder=0.6409/0.3292, support=0.7845+/-0.0511
up4 adaptive_frequency: ALPF strength=0.2546, weights=0.1349/0.7275/0.1376, sum=1.0000, entropy=0.7038, delta_std=0.0838; AHPF strength=0.0793, weights=0.2832/0.5501/0.1667, sum=1.0000, entropy=0.8916, residual_std=0.1120, scaled_std=0.0089
up3: ca=1.0159+/-0.1286, sa=1.0091+/-0.0039, amp=0.0000, suppress=0.0000, guide_abs=0.2561
up3 residuals: local_mean=1.921e-02, global_mean=0.0554, local_strength=0.1192, global_strength=0.1227, gain=[0.9939,1.0267], saturation=0.0000, text_film=0.0294
up3 haar: reconstruction_error=9.537e-07, skip_low/high=0.7771/0.2229, plam_low/high=1.0000/0.0000
up3 strengths: plam=0.8843, region=0.1192, detail=0.1227; residual_std region/detail/refine=0.3185/0.5749/0.5052
up3 guide_mix: entropy=0.9814, raw_low=0.3342, plam_low=0.2223, decoder_low=0.2640, detail=0.1795; agreement plam/decoder=-0.0112/-0.0724, support=0.6602+/-0.0687
up3 adaptive_frequency: ALPF strength=0.2989, weights=0.1124/0.3958/0.4918, sum=1.0000, entropy=0.7631, delta_std=0.0694; AHPF strength=0.1024, weights=0.6171/0.2407/0.1421, sum=1.0000, entropy=0.7593, residual_std=0.0870, scaled_std=0.0089
up2: ca=0.9404+/-0.0758, sa=1.0045+/-0.0033, amp=0.0000, suppress=0.0000, guide_abs=0.1648
up2 residuals: local_mean=5.798e-03, global_mean=0.0330, local_strength=0.1186, global_strength=0.1145, gain=[0.9709,1.0337], saturation=0.0000, text_film=0.0237
up2 haar: reconstruction_error=9.537e-07, skip_low/high=0.7628/0.2372, plam_low/high=1.0000/0.0000
up2 strengths: plam=0.8125, region=0.1186, detail=0.1145; residual_std region/detail/refine=0.1742/0.2699/0.1111
up2 guide_mix: entropy=0.9402, raw_low=0.2896, plam_low=0.1487, decoder_low=0.4000, detail=0.1617; agreement plam/decoder=0.6104/-0.1378, support=0.5551+/-0.0381
up1: ca=0.8683+/-0.0969, sa=1.0036+/-0.0106, amp=0.0000, suppress=0.0000, guide_abs=0.1951
up1 residuals: local_mean=9.552e-04, global_mean=0.0448, local_strength=0.1276, global_strength=0.0781, gain=[0.9237,1.0769], saturation=0.0289, text_film=0.0307
up1 haar: reconstruction_error=2.839e-06, skip_low/high=0.7199/0.2801, plam_low/high=1.0000/0.0000
up1 strengths: plam=0.9288, region=0.1276, detail=0.0781; residual_std region/detail/refine=0.5561/0.4084/0.1616
up1 guide_mix: entropy=0.9597, raw_low=0.2852, plam_low=0.2678, decoder_low=0.3272, detail=0.1198; agreement plam/decoder=0.6686/0.1996, support=0.7226+/-0.0926

========= Epoch [76/80] =========
M2_Test_session_09.13_22h33
Training with batch size : 16
   [Train] Epoch: [76][20/357]  Loss:0.053 (Avg 0.0735) IoU:0.837 (Avg 0.7744) Dice:0.9077 (Avg 0.8636) LR 2.89e-06   (AvgTime 0.6)   
   [Train] Epoch: [76][40/357]  Loss:0.090 (Avg 0.0741) IoU:0.742 (Avg 0.7721) Dice:0.8235 (Avg 0.8615) LR 2.89e-06   (AvgTime 0.6)   
   [Train] Epoch: [76][60/357]  Loss:0.116 (Avg 0.0734) IoU:0.669 (Avg 0.7743) Dice:0.7819 (Avg 0.8628) LR 2.89e-06   (AvgTime 0.6)   
   [Train] Epoch: [76][80/357]  Loss:0.073 (Avg 0.0727) IoU:0.783 (Avg 0.7761) Dice:0.8657 (Avg 0.8644) LR 2.89e-06   (AvgTime 0.6)   
   [Train] Epoch: [76][100/357]  Loss:0.120 (Avg 0.0735) IoU:0.667 (Avg 0.7746) Dice:0.7708 (Avg 0.8632) LR 2.89e-06   (AvgTime 0.6)   
   [Train] Epoch: [76][120/357]  Loss:0.063 (Avg 0.0736) IoU:0.814 (Avg 0.7746) Dice:0.8920 (Avg 0.8631) LR 2.89e-06   (AvgTime 0.6)   
   [Train] Epoch: [76][140/357]  Loss:0.074 (Avg 0.0734) IoU:0.749 (Avg 0.7740) Dice:0.8455 (Avg 0.8629) LR 2.89e-06   (AvgTime 0.6)   
   [Train] Epoch: [76][160/357]  Loss:0.056 (Avg 0.0733) IoU:0.813 (Avg 0.7740) Dice:0.8944 (Avg 0.8629) LR 2.89e-06   (AvgTime 0.5)   
   [Train] Epoch: [76][180/357]  Loss:0.089 (Avg 0.0737) IoU:0.739 (Avg 0.7728) Dice:0.8417 (Avg 0.8622) LR 2.89e-06   (AvgTime 0.5)   
   [Train] Epoch: [76][200/357]  Loss:0.070 (Avg 0.0732) IoU:0.788 (Avg 0.7740) Dice:0.8686 (Avg 0.8629) LR 2.89e-06   (AvgTime 0.5)   
   [Train] Epoch: [76][220/357]  Loss:0.066 (Avg 0.0728) IoU:0.795 (Avg 0.7748) Dice:0.8748 (Avg 0.8635) LR 2.89e-06   (AvgTime 0.5)   
   [Train] Epoch: [76][240/357]  Loss:0.061 (Avg 0.0731) IoU:0.790 (Avg 0.7743) Dice:0.8779 (Avg 0.8630) LR 2.89e-06   (AvgTime 0.5)   
   [Train] Epoch: [76][260/357]  Loss:0.095 (Avg 0.0733) IoU:0.714 (Avg 0.7738) Dice:0.8149 (Avg 0.8626) LR 2.89e-06   (AvgTime 0.5)   
   [Train] Epoch: [76][280/357]  Loss:0.060 (Avg 0.0731) IoU:0.808 (Avg 0.7746) Dice:0.8897 (Avg 0.8632) LR 2.89e-06   (AvgTime 0.5)   
   [Train] Epoch: [76][300/357]  Loss:0.068 (Avg 0.0732) IoU:0.789 (Avg 0.7745) Dice:0.8777 (Avg 0.8631) LR 2.89e-06   (AvgTime 0.5)   
   [Train] Epoch: [76][320/357]  Loss:0.103 (Avg 0.0731) IoU:0.696 (Avg 0.7746) Dice:0.8064 (Avg 0.8632) LR 2.89e-06   (AvgTime 0.5)   
   [Train] Epoch: [76][340/357]  Loss:0.083 (Avg 0.0735) IoU:0.767 (Avg 0.7737) Dice:0.8549 (Avg 0.8626) LR 2.89e-06   (AvgTime 0.5)   
   [Train] Epoch: [76][357/357]  Loss:0.102 (Avg 0.0735) IoU:0.709 (Avg 0.7736) Dice:0.8192 (Avg 0.8626) LR 2.89e-06   (AvgTime 0.5)   
   [Train] Loss components: dice=0.115724, focal=0.031302, total=0.073513
Validation
   [Val] Epoch: [76][20/90]  Loss:0.126 (Avg 0.1065) IoU:0.681 (Avg 0.7238) Dice:0.7994 (Avg 0.8250) (AvgTime 0.3)   
   [Val] Epoch: [76][40/90]  Loss:0.088 (Avg 0.1097) IoU:0.732 (Avg 0.7125) Dice:0.8363 (Avg 0.8138) (AvgTime 0.2)   
   [Val] Epoch: [76][60/90]  Loss:0.136 (Avg 0.1024) IoU:0.659 (Avg 0.7250) Dice:0.7628 (Avg 0.8224) (AvgTime 0.2)   
   [Val] Epoch: [76][80/90]  Loss:0.108 (Avg 0.1016) IoU:0.700 (Avg 0.7239) Dice:0.8010 (Avg 0.8218) (AvgTime 0.2)   
   [Val] Epoch: [76][90/90]  Loss:0.135 (Avg 0.1018) IoU:0.629 (Avg 0.7237) Dice:0.7538 (Avg 0.8215) (AvgTime 0.2)   
   [Val] Loss components: dice=0.148820, focal=0.054718, total=0.101769
	 No iou improvement; selected epoch 67
	 early_stopping_count: 9/80
--- Epoch History (1..76) ---
Epoch |  TrainLoss |  TrainDice |  TrainIoU |    ValLoss |    ValDice |    ValIoU |         LR | Best
    1 |     0.2378 |     0.6073 |    0.4781 |     0.2212 |     0.6176 |    0.4873 |   3.00e-04 |     
    2 |     0.1754 |     0.6971 |    0.5727 |     0.1642 |     0.7061 |    0.5868 |   3.00e-04 |     
    3 |     0.1564 |     0.7248 |    0.6043 |     0.1373 |     0.7621 |    0.6492 |   3.00e-04 |     
    4 |     0.1512 |     0.7340 |    0.6154 |     0.1450 |     0.7555 |    0.6397 |   2.99e-04 |     
    5 |     0.1427 |     0.7474 |    0.6307 |     0.1478 |     0.7229 |    0.6010 |   2.98e-04 |     
    6 |     0.1390 |     0.7527 |    0.6372 |     0.1355 |     0.7500 |    0.6298 |   2.97e-04 |     
    7 |     0.1353 |     0.7589 |    0.6439 |     0.1369 |     0.7611 |    0.6439 |   2.96e-04 |     
    8 |     0.1328 |     0.7617 |    0.6475 |     0.1354 |     0.7518 |    0.6330 |   2.94e-04 |     
    9 |     0.1294 |     0.7676 |    0.6543 |     0.1259 |     0.7724 |    0.6623 |   2.92e-04 |     
   10 |     0.1295 |     0.7672 |    0.6539 |     0.1216 |     0.7861 |    0.6776 |   2.91e-04 |     
   11 |     0.1289 |     0.7699 |    0.6573 |     0.1227 |     0.7768 |    0.6660 |   2.88e-04 |     
   12 |     0.1259 |     0.7736 |    0.6616 |     0.1186 |     0.7928 |    0.6867 |   2.86e-04 |     
   13 |     0.1252 |     0.7750 |    0.6628 |     0.1353 |     0.7535 |    0.6352 |   2.83e-04 |     
   14 |     0.1232 |     0.7784 |    0.6678 |     0.1165 |     0.7837 |    0.6714 |   2.80e-04 |     
   15 |     0.1251 |     0.7742 |    0.6624 |     0.1190 |     0.7813 |    0.6712 |   2.77e-04 |     
   16 |     0.1215 |     0.7804 |    0.6697 |     0.1217 |     0.7897 |    0.6820 |   2.74e-04 |     
   17 |     0.1251 |     0.7760 |    0.6651 |     0.1343 |     0.7581 |    0.6458 |   2.71e-04 |     
   18 |     0.1198 |     0.7841 |    0.6743 |     0.1146 |     0.7928 |    0.6860 |   2.67e-04 |     
   19 |     0.1188 |     0.7853 |    0.6759 |     0.1158 |     0.7821 |    0.6716 |   2.63e-04 |     
   20 |     0.1162 |     0.7892 |    0.6812 |     0.1173 |     0.7890 |    0.6811 |   2.59e-04 |     
   21 |     0.1166 |     0.7883 |    0.6797 |     0.1159 |     0.7814 |    0.6698 |   2.55e-04 |     
   22 |     0.1165 |     0.7891 |    0.6807 |     0.1344 |     0.7703 |    0.6587 |   2.51e-04 |     
   23 |     0.1151 |     0.7912 |    0.6838 |     0.1108 |     0.7995 |    0.6952 |   2.46e-04 |     
   24 |     0.1139 |     0.7933 |    0.6855 |     0.1130 |     0.8017 |    0.6980 |   2.42e-04 |     
   25 |     0.1139 |     0.7934 |    0.6864 |     0.1150 |     0.7985 |    0.6949 |   2.37e-04 |     
   26 |     0.1126 |     0.7952 |    0.6882 |     0.1089 |     0.7988 |    0.6928 |   2.32e-04 |     
   27 |     0.1106 |     0.7984 |    0.6923 |     0.1083 |     0.8002 |    0.6945 |   2.27e-04 |     
   28 |     0.1117 |     0.7968 |    0.6907 |     0.1093 |     0.8014 |    0.6969 |   2.22e-04 |     
   29 |     0.1108 |     0.7982 |    0.6926 |     0.1124 |     0.7947 |    0.6863 |   2.17e-04 |     
   30 |     0.1098 |     0.7995 |    0.6939 |     0.1096 |     0.7995 |    0.6962 |   2.11e-04 |     
   31 |     0.1100 |     0.8004 |    0.6948 |     0.1204 |     0.7933 |    0.6865 |   2.06e-04 |     
   32 |     0.1078 |     0.8031 |    0.6977 |     0.1063 |     0.8077 |    0.7051 |   2.00e-04 |     
   33 |     0.1066 |     0.8052 |    0.7006 |     0.1119 |     0.7959 |    0.6884 |   1.94e-04 |     
   34 |     0.1059 |     0.8063 |    0.7019 |     0.1097 |     0.8017 |    0.6963 |   1.89e-04 |     
   35 |     0.1044 |     0.8089 |    0.7053 |     0.1052 |     0.8108 |    0.7082 |   1.83e-04 |     
   36 |     0.1040 |     0.8097 |    0.7064 |     0.1073 |     0.7999 |    0.6943 |   1.77e-04 |     
   37 |     0.1048 |     0.8085 |    0.7047 |     0.1086 |     0.7999 |    0.6950 |   1.71e-04 |     
   38 |     0.1035 |     0.8101 |    0.7068 |     0.1042 |     0.8094 |    0.7070 |   1.65e-04 |     
   39 |     0.1021 |     0.8125 |    0.7099 |     0.1052 |     0.8071 |    0.7047 |   1.59e-04 |     
   40 |     0.1014 |     0.8135 |    0.7112 |     0.1052 |     0.8101 |    0.7089 |   1.53e-04 |     
   41 |     0.1007 |     0.8154 |    0.7135 |     0.1046 |     0.8120 |    0.7110 |   1.48e-04 |     
   42 |     0.1002 |     0.8163 |    0.7143 |     0.1045 |     0.8106 |    0.7087 |   1.42e-04 |     
   43 |     0.0986 |     0.8183 |    0.7172 |     0.1072 |     0.8092 |    0.7077 |   1.36e-04 |     
   44 |     0.0976 |     0.8210 |    0.7201 |     0.1020 |     0.8183 |    0.7185 |   1.30e-04 |     
   45 |     0.0973 |     0.8210 |    0.7204 |     0.1191 |     0.7921 |    0.6898 |   1.24e-04 |     
   46 |     0.0962 |     0.8230 |    0.7226 |     0.1033 |     0.8138 |    0.7140 |   1.18e-04 |     
   47 |     0.0954 |     0.8246 |    0.7249 |     0.1030 |     0.8082 |    0.7048 |   1.12e-04 |     
   48 |     0.0955 |     0.8241 |    0.7246 |     0.1029 |     0.8154 |    0.7143 |   1.07e-04 |     
   49 |     0.0943 |     0.8265 |    0.7277 |     0.1010 |     0.8167 |    0.7161 |   1.01e-04 |     
   50 |     0.0928 |     0.8293 |    0.7307 |     0.1054 |     0.8127 |    0.7122 |   9.54e-05 |     
   51 |     0.0922 |     0.8301 |    0.7320 |     0.1069 |     0.8143 |    0.7147 |   8.99e-05 |     
   52 |     0.0913 |     0.8311 |    0.7331 |     0.1116 |     0.8032 |    0.7015 |   8.45e-05 |     
   53 |     0.0901 |     0.8338 |    0.7364 |     0.0999 |     0.8179 |    0.7188 |   7.92e-05 |     
   54 |     0.0893 |     0.8345 |    0.7376 |     0.1002 |     0.8169 |    0.7174 |   7.40e-05 |     
   55 |     0.0887 |     0.8357 |    0.7390 |     0.1067 |     0.8089 |    0.7086 |   6.90e-05 |     
   56 |     0.0883 |     0.8360 |    0.7394 |     0.1003 |     0.8195 |    0.7200 |   6.41e-05 |     
   57 |     0.0873 |     0.8383 |    0.7422 |     0.1034 |     0.8173 |    0.7170 |   5.93e-05 |     
   58 |     0.0856 |     0.8411 |    0.7458 |     0.1017 |     0.8192 |    0.7208 |   5.47e-05 |     
   59 |     0.0851 |     0.8420 |    0.7466 |     0.1011 |     0.8200 |    0.7214 |   5.02e-05 |     
   60 |     0.0844 |     0.8432 |    0.7483 |     0.1008 |     0.8211 |    0.7224 |   4.58e-05 |     
   61 |     0.0836 |     0.8448 |    0.7509 |     0.1007 |     0.8188 |    0.7203 |   4.17e-05 |     
   62 |     0.0826 |     0.8462 |    0.7522 |     0.1002 |     0.8203 |    0.7218 |   3.77e-05 |     
   63 |     0.0816 |     0.8481 |    0.7546 |     0.1015 |     0.8192 |    0.7210 |   3.39e-05 |     
   64 |     0.0807 |     0.8496 |    0.7566 |     0.1015 |     0.8201 |    0.7222 |   3.03e-05 |     
   65 |     0.0805 |     0.8501 |    0.7575 |     0.1000 |     0.8196 |    0.7212 |   2.68e-05 |     
   66 |     0.0788 |     0.8530 |    0.7610 |     0.1000 |     0.8208 |    0.7229 |   2.36e-05 |     
   67 |     0.0783 |     0.8537 |    0.7618 |     0.1007 |     0.8231 |    0.7260 |   2.05e-05 |    *
   68 |     0.0776 |     0.8552 |    0.7638 |     0.1028 |     0.8217 |    0.7240 |   1.77e-05 |     
   69 |     0.0766 |     0.8568 |    0.7660 |     0.1001 |     0.8211 |    0.7234 |   1.51e-05 |     
   70 |     0.0760 |     0.8578 |    0.7675 |     0.1033 |     0.8219 |    0.7248 |   1.27e-05 |     
   71 |     0.0756 |     0.8585 |    0.7682 |     0.1012 |     0.8216 |    0.7237 |   1.05e-05 |     
   72 |     0.0753 |     0.8592 |    0.7691 |     0.0998 |     0.8230 |    0.7256 |   8.50e-06 |     
   73 |     0.0750 |     0.8599 |    0.7699 |     0.1015 |     0.8225 |    0.7247 |   6.76e-06 |     
   74 |     0.0739 |     0.8617 |    0.7725 |     0.1018 |     0.8228 |    0.7253 |   5.24e-06 |     
   75 |     0.0745 |     0.8608 |    0.7713 |     0.1030 |     0.8228 |    0.7256 |   3.95e-06 |     
   76 |     0.0735 |     0.8626 |    0.7736 |     0.1018 |     0.8215 |    0.7237 |   2.89e-06 |     
--- R2 + image-value context regrouping with regroup_text anchors validation statistics ---
up4: ca=0.9150+/-0.0844, sa=1.0083+/-0.0066, amp=0.0000, suppress=0.0000, guide_abs=0.1387
up4 residuals: local_mean=5.285e-02, global_mean=0.0168, local_strength=0.1204, global_strength=0.1188, gain=[0.9904,1.0556], saturation=0.0112, text_film=0.0194
up4 haar: reconstruction_error=6.557e-07, skip_low/high=0.7875/0.2125, plam_low/high=1.0000/0.0000
up4 strengths: plam=0.9117, region=0.1204, detail=0.1188; residual_std region/detail/refine=0.2927/0.3819/0.2950
up4 guide_mix: entropy=0.9801, raw_low=0.3241, plam_low=0.2123, decoder_low=0.2867, detail=0.1768; agreement plam/decoder=0.6397/0.3320, support=0.7836+/-0.0504
up4 adaptive_frequency: ALPF strength=0.2546, weights=0.1354/0.7273/0.1373, sum=1.0000, entropy=0.7041, delta_std=0.0854; AHPF strength=0.0793, weights=0.2845/0.5489/0.1666, sum=1.0000, entropy=0.8922, residual_std=0.1124, scaled_std=0.0089
up3: ca=1.0159+/-0.1283, sa=1.0091+/-0.0038, amp=0.0000, suppress=0.0000, guide_abs=0.2563
up3 residuals: local_mean=1.912e-02, global_mean=0.0554, local_strength=0.1193, global_strength=0.1227, gain=[0.9941,1.0265], saturation=0.0000, text_film=0.0289
up3 haar: reconstruction_error=9.537e-07, skip_low/high=0.7769/0.2231, plam_low/high=1.0000/0.0000
up3 strengths: plam=0.8844, region=0.1193, detail=0.1227; residual_std region/detail/refine=0.3197/0.5741/0.5046
up3 guide_mix: entropy=0.9814, raw_low=0.3309, plam_low=0.2226, decoder_low=0.2688, detail=0.1777; agreement plam/decoder=-0.0009/-0.0802, support=0.6604+/-0.0687
up3 adaptive_frequency: ALPF strength=0.2989, weights=0.1104/0.3901/0.4995, sum=1.0000, entropy=0.7615, delta_std=0.0707; AHPF strength=0.1024, weights=0.6252/0.2359/0.1389, sum=1.0000, entropy=0.7527, residual_std=0.0852, scaled_std=0.0087
up2: ca=0.9408+/-0.0751, sa=1.0045+/-0.0032, amp=0.0000, suppress=0.0000, guide_abs=0.1660
up2 residuals: local_mean=5.841e-03, global_mean=0.0330, local_strength=0.1186, global_strength=0.1145, gain=[0.9721,1.0323], saturation=0.0000, text_film=0.0240
up2 haar: reconstruction_error=9.537e-07, skip_low/high=0.7617/0.2383, plam_low/high=1.0000/0.0000
up2 strengths: plam=0.8125, region=0.1186, detail=0.1145; residual_std region/detail/refine=0.1741/0.2647/0.1110
up2 guide_mix: entropy=0.9384, raw_low=0.2840, plam_low=0.1513, decoder_low=0.4064, detail=0.1583; agreement plam/decoder=0.5831/-0.1562, support=0.5555+/-0.0383
up1: ca=0.8687+/-0.0965, sa=1.0036+/-0.0105, amp=0.0000, suppress=0.0000, guide_abs=0.1939
up1 residuals: local_mean=9.383e-04, global_mean=0.0448, local_strength=0.1276, global_strength=0.0781, gain=[0.9239,1.0768], saturation=0.0265, text_film=0.0303
up1 haar: reconstruction_error=2.503e-06, skip_low/high=0.7207/0.2793, plam_low/high=1.0000/0.0000
up1 strengths: plam=0.9288, region=0.1276, detail=0.0781; residual_std region/detail/refine=0.5514/0.4001/0.1616
up1 guide_mix: entropy=0.9579, raw_low=0.2805, plam_low=0.2725, decoder_low=0.3298, detail=0.1172; agreement plam/decoder=0.6738/0.1890, support=0.7221+/-0.0918

========= Epoch [77/80] =========
M2_Test_session_09.13_22h33
Training with batch size : 16
   [Train] Epoch: [77][20/357]  Loss:0.054 (Avg 0.0724) IoU:0.816 (Avg 0.7730) Dice:0.8926 (Avg 0.8630) LR 2.06e-06   (AvgTime 0.6)   
   [Train] Epoch: [77][40/357]  Loss:0.074 (Avg 0.0744) IoU:0.781 (Avg 0.7704) Dice:0.8690 (Avg 0.8611) LR 2.06e-06   (AvgTime 0.6)   
   [Train] Epoch: [77][60/357]  Loss:0.069 (Avg 0.0745) IoU:0.758 (Avg 0.7685) Dice:0.8570 (Avg 0.8597) LR 2.06e-06   (AvgTime 0.6)   
   [Train] Epoch: [77][80/357]  Loss:0.062 (Avg 0.0739) IoU:0.798 (Avg 0.7711) Dice:0.8788 (Avg 0.8617) LR 2.06e-06   (AvgTime 0.5)   
   [Train] Epoch: [77][100/357]  Loss:0.063 (Avg 0.0736) IoU:0.795 (Avg 0.7718) Dice:0.8822 (Avg 0.8623) LR 2.06e-06   (AvgTime 0.5)   
   [Train] Epoch: [77][120/357]  Loss:0.050 (Avg 0.0733) IoU:0.846 (Avg 0.7735) Dice:0.9122 (Avg 0.8629) LR 2.06e-06   (AvgTime 0.5)   
   [Train] Epoch: [77][140/357]  Loss:0.067 (Avg 0.0739) IoU:0.787 (Avg 0.7722) Dice:0.8736 (Avg 0.8619) LR 2.06e-06   (AvgTime 0.5)   
   [Train] Epoch: [77][160/357]  Loss:0.065 (Avg 0.0732) IoU:0.789 (Avg 0.7744) Dice:0.8771 (Avg 0.8633) LR 2.06e-06   (AvgTime 0.5)   
   [Train] Epoch: [77][180/357]  Loss:0.076 (Avg 0.0729) IoU:0.767 (Avg 0.7751) Dice:0.8612 (Avg 0.8638) LR 2.06e-06   (AvgTime 0.5)   
   [Train] Epoch: [77][200/357]  Loss:0.055 (Avg 0.0729) IoU:0.816 (Avg 0.7749) Dice:0.8924 (Avg 0.8637) LR 2.06e-06   (AvgTime 0.5)   
   [Train] Epoch: [77][220/357]  Loss:0.050 (Avg 0.0734) IoU:0.836 (Avg 0.7738) Dice:0.9081 (Avg 0.8628) LR 2.06e-06   (AvgTime 0.5)   
   [Train] Epoch: [77][240/357]  Loss:0.080 (Avg 0.0734) IoU:0.742 (Avg 0.7735) Dice:0.8379 (Avg 0.8625) LR 2.06e-06   (AvgTime 0.5)   
   [Train] Epoch: [77][260/357]  Loss:0.085 (Avg 0.0736) IoU:0.742 (Avg 0.7734) Dice:0.8343 (Avg 0.8624) LR 2.06e-06   (AvgTime 0.5)   
   [Train] Epoch: [77][280/357]  Loss:0.058 (Avg 0.0738) IoU:0.796 (Avg 0.7728) Dice:0.8809 (Avg 0.8620) LR 2.06e-06   (AvgTime 0.5)   
   [Train] Epoch: [77][300/357]  Loss:0.096 (Avg 0.0741) IoU:0.714 (Avg 0.7722) Dice:0.8268 (Avg 0.8616) LR 2.06e-06   (AvgTime 0.5)   
   [Train] Epoch: [77][320/357]  Loss:0.049 (Avg 0.0739) IoU:0.833 (Avg 0.7724) Dice:0.9070 (Avg 0.8618) LR 2.06e-06   (AvgTime 0.5)   
   [Train] Epoch: [77][340/357]  Loss:0.084 (Avg 0.0737) IoU:0.746 (Avg 0.7730) Dice:0.8406 (Avg 0.8623) LR 2.06e-06   (AvgTime 0.5)   
   [Train] Epoch: [77][357/357]  Loss:0.069 (Avg 0.0738) IoU:0.778 (Avg 0.7728) Dice:0.8680 (Avg 0.8622) LR 2.06e-06   (AvgTime 0.5)   
   [Train] Loss components: dice=0.115987, focal=0.031544, total=0.073766
Validation
   [Val] Epoch: [77][20/90]  Loss:0.126 (Avg 0.1067) IoU:0.678 (Avg 0.7241) Dice:0.7973 (Avg 0.8252) (AvgTime 0.3)   
   [Val] Epoch: [77][40/90]  Loss:0.090 (Avg 0.1102) IoU:0.728 (Avg 0.7129) Dice:0.8336 (Avg 0.8141) (AvgTime 0.2)   
   [Val] Epoch: [77][60/90]  Loss:0.135 (Avg 0.1026) IoU:0.658 (Avg 0.7256) Dice:0.7627 (Avg 0.8227) (AvgTime 0.2)   
   [Val] Epoch: [77][80/90]  Loss:0.108 (Avg 0.1017) IoU:0.697 (Avg 0.7245) Dice:0.7991 (Avg 0.8221) (AvgTime 0.2)   
   [Val] Epoch: [77][90/90]  Loss:0.138 (Avg 0.1017) IoU:0.625 (Avg 0.7246) Dice:0.7504 (Avg 0.8221) (AvgTime 0.2)   
   [Val] Loss components: dice=0.148349, focal=0.055138, total=0.101743
	 No iou improvement; selected epoch 67
	 early_stopping_count: 10/80
--- Epoch History (1..77) ---
Epoch |  TrainLoss |  TrainDice |  TrainIoU |    ValLoss |    ValDice |    ValIoU |         LR | Best
    1 |     0.2378 |     0.6073 |    0.4781 |     0.2212 |     0.6176 |    0.4873 |   3.00e-04 |     
    2 |     0.1754 |     0.6971 |    0.5727 |     0.1642 |     0.7061 |    0.5868 |   3.00e-04 |     
    3 |     0.1564 |     0.7248 |    0.6043 |     0.1373 |     0.7621 |    0.6492 |   3.00e-04 |     
    4 |     0.1512 |     0.7340 |    0.6154 |     0.1450 |     0.7555 |    0.6397 |   2.99e-04 |     
    5 |     0.1427 |     0.7474 |    0.6307 |     0.1478 |     0.7229 |    0.6010 |   2.98e-04 |     
    6 |     0.1390 |     0.7527 |    0.6372 |     0.1355 |     0.7500 |    0.6298 |   2.97e-04 |     
    7 |     0.1353 |     0.7589 |    0.6439 |     0.1369 |     0.7611 |    0.6439 |   2.96e-04 |     
    8 |     0.1328 |     0.7617 |    0.6475 |     0.1354 |     0.7518 |    0.6330 |   2.94e-04 |     
    9 |     0.1294 |     0.7676 |    0.6543 |     0.1259 |     0.7724 |    0.6623 |   2.92e-04 |     
   10 |     0.1295 |     0.7672 |    0.6539 |     0.1216 |     0.7861 |    0.6776 |   2.91e-04 |     
   11 |     0.1289 |     0.7699 |    0.6573 |     0.1227 |     0.7768 |    0.6660 |   2.88e-04 |     
   12 |     0.1259 |     0.7736 |    0.6616 |     0.1186 |     0.7928 |    0.6867 |   2.86e-04 |     
   13 |     0.1252 |     0.7750 |    0.6628 |     0.1353 |     0.7535 |    0.6352 |   2.83e-04 |     
   14 |     0.1232 |     0.7784 |    0.6678 |     0.1165 |     0.7837 |    0.6714 |   2.80e-04 |     
   15 |     0.1251 |     0.7742 |    0.6624 |     0.1190 |     0.7813 |    0.6712 |   2.77e-04 |     
   16 |     0.1215 |     0.7804 |    0.6697 |     0.1217 |     0.7897 |    0.6820 |   2.74e-04 |     
   17 |     0.1251 |     0.7760 |    0.6651 |     0.1343 |     0.7581 |    0.6458 |   2.71e-04 |     
   18 |     0.1198 |     0.7841 |    0.6743 |     0.1146 |     0.7928 |    0.6860 |   2.67e-04 |     
   19 |     0.1188 |     0.7853 |    0.6759 |     0.1158 |     0.7821 |    0.6716 |   2.63e-04 |     
   20 |     0.1162 |     0.7892 |    0.6812 |     0.1173 |     0.7890 |    0.6811 |   2.59e-04 |     
   21 |     0.1166 |     0.7883 |    0.6797 |     0.1159 |     0.7814 |    0.6698 |   2.55e-04 |     
   22 |     0.1165 |     0.7891 |    0.6807 |     0.1344 |     0.7703 |    0.6587 |   2.51e-04 |     
   23 |     0.1151 |     0.7912 |    0.6838 |     0.1108 |     0.7995 |    0.6952 |   2.46e-04 |     
   24 |     0.1139 |     0.7933 |    0.6855 |     0.1130 |     0.8017 |    0.6980 |   2.42e-04 |     
   25 |     0.1139 |     0.7934 |    0.6864 |     0.1150 |     0.7985 |    0.6949 |   2.37e-04 |     
   26 |     0.1126 |     0.7952 |    0.6882 |     0.1089 |     0.7988 |    0.6928 |   2.32e-04 |     
   27 |     0.1106 |     0.7984 |    0.6923 |     0.1083 |     0.8002 |    0.6945 |   2.27e-04 |     
   28 |     0.1117 |     0.7968 |    0.6907 |     0.1093 |     0.8014 |    0.6969 |   2.22e-04 |     
   29 |     0.1108 |     0.7982 |    0.6926 |     0.1124 |     0.7947 |    0.6863 |   2.17e-04 |     
   30 |     0.1098 |     0.7995 |    0.6939 |     0.1096 |     0.7995 |    0.6962 |   2.11e-04 |     
   31 |     0.1100 |     0.8004 |    0.6948 |     0.1204 |     0.7933 |    0.6865 |   2.06e-04 |     
   32 |     0.1078 |     0.8031 |    0.6977 |     0.1063 |     0.8077 |    0.7051 |   2.00e-04 |     
   33 |     0.1066 |     0.8052 |    0.7006 |     0.1119 |     0.7959 |    0.6884 |   1.94e-04 |     
   34 |     0.1059 |     0.8063 |    0.7019 |     0.1097 |     0.8017 |    0.6963 |   1.89e-04 |     
   35 |     0.1044 |     0.8089 |    0.7053 |     0.1052 |     0.8108 |    0.7082 |   1.83e-04 |     
   36 |     0.1040 |     0.8097 |    0.7064 |     0.1073 |     0.7999 |    0.6943 |   1.77e-04 |     
   37 |     0.1048 |     0.8085 |    0.7047 |     0.1086 |     0.7999 |    0.6950 |   1.71e-04 |     
   38 |     0.1035 |     0.8101 |    0.7068 |     0.1042 |     0.8094 |    0.7070 |   1.65e-04 |     
   39 |     0.1021 |     0.8125 |    0.7099 |     0.1052 |     0.8071 |    0.7047 |   1.59e-04 |     
   40 |     0.1014 |     0.8135 |    0.7112 |     0.1052 |     0.8101 |    0.7089 |   1.53e-04 |     
   41 |     0.1007 |     0.8154 |    0.7135 |     0.1046 |     0.8120 |    0.7110 |   1.48e-04 |     
   42 |     0.1002 |     0.8163 |    0.7143 |     0.1045 |     0.8106 |    0.7087 |   1.42e-04 |     
   43 |     0.0986 |     0.8183 |    0.7172 |     0.1072 |     0.8092 |    0.7077 |   1.36e-04 |     
   44 |     0.0976 |     0.8210 |    0.7201 |     0.1020 |     0.8183 |    0.7185 |   1.30e-04 |     
   45 |     0.0973 |     0.8210 |    0.7204 |     0.1191 |     0.7921 |    0.6898 |   1.24e-04 |     
   46 |     0.0962 |     0.8230 |    0.7226 |     0.1033 |     0.8138 |    0.7140 |   1.18e-04 |     
   47 |     0.0954 |     0.8246 |    0.7249 |     0.1030 |     0.8082 |    0.7048 |   1.12e-04 |     
   48 |     0.0955 |     0.8241 |    0.7246 |     0.1029 |     0.8154 |    0.7143 |   1.07e-04 |     
   49 |     0.0943 |     0.8265 |    0.7277 |     0.1010 |     0.8167 |    0.7161 |   1.01e-04 |     
   50 |     0.0928 |     0.8293 |    0.7307 |     0.1054 |     0.8127 |    0.7122 |   9.54e-05 |     
   51 |     0.0922 |     0.8301 |    0.7320 |     0.1069 |     0.8143 |    0.7147 |   8.99e-05 |     
   52 |     0.0913 |     0.8311 |    0.7331 |     0.1116 |     0.8032 |    0.7015 |   8.45e-05 |     
   53 |     0.0901 |     0.8338 |    0.7364 |     0.0999 |     0.8179 |    0.7188 |   7.92e-05 |     
   54 |     0.0893 |     0.8345 |    0.7376 |     0.1002 |     0.8169 |    0.7174 |   7.40e-05 |     
   55 |     0.0887 |     0.8357 |    0.7390 |     0.1067 |     0.8089 |    0.7086 |   6.90e-05 |     
   56 |     0.0883 |     0.8360 |    0.7394 |     0.1003 |     0.8195 |    0.7200 |   6.41e-05 |     
   57 |     0.0873 |     0.8383 |    0.7422 |     0.1034 |     0.8173 |    0.7170 |   5.93e-05 |     
   58 |     0.0856 |     0.8411 |    0.7458 |     0.1017 |     0.8192 |    0.7208 |   5.47e-05 |     
   59 |     0.0851 |     0.8420 |    0.7466 |     0.1011 |     0.8200 |    0.7214 |   5.02e-05 |     
   60 |     0.0844 |     0.8432 |    0.7483 |     0.1008 |     0.8211 |    0.7224 |   4.58e-05 |     
   61 |     0.0836 |     0.8448 |    0.7509 |     0.1007 |     0.8188 |    0.7203 |   4.17e-05 |     
   62 |     0.0826 |     0.8462 |    0.7522 |     0.1002 |     0.8203 |    0.7218 |   3.77e-05 |     
   63 |     0.0816 |     0.8481 |    0.7546 |     0.1015 |     0.8192 |    0.7210 |   3.39e-05 |     
   64 |     0.0807 |     0.8496 |    0.7566 |     0.1015 |     0.8201 |    0.7222 |   3.03e-05 |     
   65 |     0.0805 |     0.8501 |    0.7575 |     0.1000 |     0.8196 |    0.7212 |   2.68e-05 |     
   66 |     0.0788 |     0.8530 |    0.7610 |     0.1000 |     0.8208 |    0.7229 |   2.36e-05 |     
   67 |     0.0783 |     0.8537 |    0.7618 |     0.1007 |     0.8231 |    0.7260 |   2.05e-05 |    *
   68 |     0.0776 |     0.8552 |    0.7638 |     0.1028 |     0.8217 |    0.7240 |   1.77e-05 |     
   69 |     0.0766 |     0.8568 |    0.7660 |     0.1001 |     0.8211 |    0.7234 |   1.51e-05 |     
   70 |     0.0760 |     0.8578 |    0.7675 |     0.1033 |     0.8219 |    0.7248 |   1.27e-05 |     
   71 |     0.0756 |     0.8585 |    0.7682 |     0.1012 |     0.8216 |    0.7237 |   1.05e-05 |     
   72 |     0.0753 |     0.8592 |    0.7691 |     0.0998 |     0.8230 |    0.7256 |   8.50e-06 |     
   73 |     0.0750 |     0.8599 |    0.7699 |     0.1015 |     0.8225 |    0.7247 |   6.76e-06 |     
   74 |     0.0739 |     0.8617 |    0.7725 |     0.1018 |     0.8228 |    0.7253 |   5.24e-06 |     
   75 |     0.0745 |     0.8608 |    0.7713 |     0.1030 |     0.8228 |    0.7256 |   3.95e-06 |     
   76 |     0.0735 |     0.8626 |    0.7736 |     0.1018 |     0.8215 |    0.7237 |   2.89e-06 |     
   77 |     0.0738 |     0.8622 |    0.7728 |     0.1017 |     0.8221 |    0.7246 |   2.06e-06 |     
--- R2 + image-value context regrouping with regroup_text anchors validation statistics ---
up4: ca=0.9154+/-0.0841, sa=1.0083+/-0.0066, amp=0.0000, suppress=0.0000, guide_abs=0.1393
up4 residuals: local_mean=5.277e-02, global_mean=0.0166, local_strength=0.1204, global_strength=0.1188, gain=[0.9901,1.0553], saturation=0.0112, text_film=0.0194
up4 haar: reconstruction_error=9.537e-07, skip_low/high=0.7865/0.2135, plam_low/high=1.0000/0.0000
up4 strengths: plam=0.9117, region=0.1204, detail=0.1188; residual_std region/detail/refine=0.2919/0.3872/0.2961
up4 guide_mix: entropy=0.9769, raw_low=0.3291, plam_low=0.1963, decoder_low=0.2943, detail=0.1803; agreement plam/decoder=0.6438/0.3525, support=0.7828+/-0.0505
up4 adaptive_frequency: ALPF strength=0.2546, weights=0.1339/0.7285/0.1376, sum=1.0000, entropy=0.7023, delta_std=0.0889; AHPF strength=0.0793, weights=0.2843/0.5492/0.1666, sum=1.0000, entropy=0.8920, residual_std=0.1159, scaled_std=0.0092
up3: ca=1.0159+/-0.1281, sa=1.0091+/-0.0038, amp=0.0000, suppress=0.0000, guide_abs=0.2549
up3 residuals: local_mean=1.897e-02, global_mean=0.0553, local_strength=0.1193, global_strength=0.1227, gain=[0.9938,1.0271], saturation=0.0000, text_film=0.0294
up3 haar: reconstruction_error=9.537e-07, skip_low/high=0.7776/0.2224, plam_low/high=1.0000/0.0000
up3 strengths: plam=0.8843, region=0.1193, detail=0.1227; residual_std region/detail/refine=0.3185/0.5739/0.5041
up3 guide_mix: entropy=0.9803, raw_low=0.3325, plam_low=0.2152, decoder_low=0.2738, detail=0.1784; agreement plam/decoder=-0.0130/-0.0843, support=0.6587+/-0.0680
up3 adaptive_frequency: ALPF strength=0.2989, weights=0.1097/0.3885/0.5018, sum=1.0000, entropy=0.7596, delta_std=0.0718; AHPF strength=0.1024, weights=0.6247/0.2358/0.1395, sum=1.0000, entropy=0.7528, residual_std=0.0855, scaled_std=0.0088
up2: ca=0.9408+/-0.0751, sa=1.0045+/-0.0031, amp=0.0000, suppress=0.0000, guide_abs=0.1651
up2 residuals: local_mean=5.817e-03, global_mean=0.0330, local_strength=0.1186, global_strength=0.1145, gain=[0.9726,1.0319], saturation=0.0000, text_film=0.0239
up2 haar: reconstruction_error=9.537e-07, skip_low/high=0.7632/0.2368, plam_low/high=1.0000/0.0000
up2 strengths: plam=0.8125, region=0.1186, detail=0.1145; residual_std region/detail/refine=0.1740/0.2613/0.1108
up2 guide_mix: entropy=0.9375, raw_low=0.2850, plam_low=0.1498, decoder_low=0.4070, detail=0.1582; agreement plam/decoder=0.5897/-0.1392, support=0.5553+/-0.0379
up1: ca=0.8690+/-0.0963, sa=1.0036+/-0.0105, amp=0.0000, suppress=0.0000, guide_abs=0.1970
up1 residuals: local_mean=9.603e-04, global_mean=0.0448, local_strength=0.1276, global_strength=0.0781, gain=[0.9239,1.0768], saturation=0.0291, text_film=0.0303
up1 haar: reconstruction_error=2.850e-06, skip_low/high=0.7209/0.2791, plam_low/high=1.0000/0.0000
up1 strengths: plam=0.9288, region=0.1276, detail=0.0781; residual_std region/detail/refine=0.5543/0.4002/0.1616
up1 guide_mix: entropy=0.9580, raw_low=0.2815, plam_low=0.2696, decoder_low=0.3312, detail=0.1177; agreement plam/decoder=0.6578/0.1864, support=0.7245+/-0.0926

========= Epoch [78/80] =========
M2_Test_session_09.13_22h33
Training with batch size : 16
   [Train] Epoch: [78][20/357]  Loss:0.076 (Avg 0.0779) IoU:0.761 (Avg 0.7570) Dice:0.8550 (Avg 0.8502) LR 1.47e-06   (AvgTime 0.6)   
   [Train] Epoch: [78][40/357]  Loss:0.093 (Avg 0.0759) IoU:0.767 (Avg 0.7672) Dice:0.8631 (Avg 0.8574) LR 1.47e-06   (AvgTime 0.5)   
   [Train] Epoch: [78][60/357]  Loss:0.048 (Avg 0.0754) IoU:0.842 (Avg 0.7693) Dice:0.9115 (Avg 0.8587) LR 1.47e-06   (AvgTime 0.5)   
   [Train] Epoch: [78][80/357]  Loss:0.093 (Avg 0.0754) IoU:0.722 (Avg 0.7699) Dice:0.8261 (Avg 0.8593) LR 1.47e-06   (AvgTime 0.5)   
   [Train] Epoch: [78][100/357]  Loss:0.087 (Avg 0.0755) IoU:0.731 (Avg 0.7684) Dice:0.8295 (Avg 0.8585) LR 1.47e-06   (AvgTime 0.5)   
   [Train] Epoch: [78][120/357]  Loss:0.069 (Avg 0.0753) IoU:0.777 (Avg 0.7695) Dice:0.8700 (Avg 0.8594) LR 1.47e-06   (AvgTime 0.5)   
   [Train] Epoch: [78][140/357]  Loss:0.082 (Avg 0.0741) IoU:0.744 (Avg 0.7719) Dice:0.8482 (Avg 0.8613) LR 1.47e-06   (AvgTime 0.5)   
   [Train] Epoch: [78][160/357]  Loss:0.057 (Avg 0.0741) IoU:0.808 (Avg 0.7720) Dice:0.8872 (Avg 0.8614) LR 1.47e-06   (AvgTime 0.5)   
   [Train] Epoch: [78][180/357]  Loss:0.102 (Avg 0.0743) IoU:0.721 (Avg 0.7714) Dice:0.8223 (Avg 0.8610) LR 1.47e-06   (AvgTime 0.5)   
   [Train] Epoch: [78][200/357]  Loss:0.056 (Avg 0.0741) IoU:0.820 (Avg 0.7724) Dice:0.8986 (Avg 0.8616) LR 1.47e-06   (AvgTime 0.5)   
   [Train] Epoch: [78][220/357]  Loss:0.069 (Avg 0.0740) IoU:0.777 (Avg 0.7724) Dice:0.8665 (Avg 0.8617) LR 1.47e-06   (AvgTime 0.5)   
   [Train] Epoch: [78][240/357]  Loss:0.072 (Avg 0.0735) IoU:0.775 (Avg 0.7736) Dice:0.8683 (Avg 0.8626) LR 1.47e-06   (AvgTime 0.5)   
   [Train] Epoch: [78][260/357]  Loss:0.070 (Avg 0.0733) IoU:0.810 (Avg 0.7744) Dice:0.8919 (Avg 0.8631) LR 1.47e-06   (AvgTime 0.5)   
   [Train] Epoch: [78][280/357]  Loss:0.064 (Avg 0.0731) IoU:0.809 (Avg 0.7746) Dice:0.8906 (Avg 0.8633) LR 1.47e-06   (AvgTime 0.5)   
   [Train] Epoch: [78][300/357]  Loss:0.082 (Avg 0.0734) IoU:0.753 (Avg 0.7737) Dice:0.8521 (Avg 0.8626) LR 1.47e-06   (AvgTime 0.5)   
   [Train] Epoch: [78][320/357]  Loss:0.064 (Avg 0.0735) IoU:0.806 (Avg 0.7734) Dice:0.8884 (Avg 0.8625) LR 1.47e-06   (AvgTime 0.5)   
   [Train] Epoch: [78][340/357]  Loss:0.067 (Avg 0.0733) IoU:0.783 (Avg 0.7736) Dice:0.8715 (Avg 0.8626) LR 1.47e-06   (AvgTime 0.5)   
   [Train] Epoch: [78][357/357]  Loss:0.062 (Avg 0.0732) IoU:0.803 (Avg 0.7739) Dice:0.8838 (Avg 0.8629) LR 1.47e-06   (AvgTime 0.5)   
   [Train] Loss components: dice=0.115416, focal=0.030891, total=0.073153
Validation
   [Val] Epoch: [78][20/90]  Loss:0.129 (Avg 0.1076) IoU:0.677 (Avg 0.7247) Dice:0.7964 (Avg 0.8256) (AvgTime 0.3)   
   [Val] Epoch: [78][40/90]  Loss:0.094 (Avg 0.1107) IoU:0.726 (Avg 0.7137) Dice:0.8321 (Avg 0.8146) (AvgTime 0.2)   
   [Val] Epoch: [78][60/90]  Loss:0.136 (Avg 0.1030) IoU:0.658 (Avg 0.7268) Dice:0.7630 (Avg 0.8235) (AvgTime 0.2)   
   [Val] Epoch: [78][80/90]  Loss:0.106 (Avg 0.1022) IoU:0.702 (Avg 0.7256) Dice:0.8035 (Avg 0.8229) (AvgTime 0.2)   
   [Val] Epoch: [78][90/90]  Loss:0.138 (Avg 0.1023) IoU:0.627 (Avg 0.7257) Dice:0.7519 (Avg 0.8229) (AvgTime 0.2)   
   [Val] Loss components: dice=0.147752, focal=0.056757, total=0.102255
	 No iou improvement; selected epoch 67
	 early_stopping_count: 11/80
--- Epoch History (1..78) ---
Epoch |  TrainLoss |  TrainDice |  TrainIoU |    ValLoss |    ValDice |    ValIoU |         LR | Best
    1 |     0.2378 |     0.6073 |    0.4781 |     0.2212 |     0.6176 |    0.4873 |   3.00e-04 |     
    2 |     0.1754 |     0.6971 |    0.5727 |     0.1642 |     0.7061 |    0.5868 |   3.00e-04 |     
    3 |     0.1564 |     0.7248 |    0.6043 |     0.1373 |     0.7621 |    0.6492 |   3.00e-04 |     
    4 |     0.1512 |     0.7340 |    0.6154 |     0.1450 |     0.7555 |    0.6397 |   2.99e-04 |     
    5 |     0.1427 |     0.7474 |    0.6307 |     0.1478 |     0.7229 |    0.6010 |   2.98e-04 |     
    6 |     0.1390 |     0.7527 |    0.6372 |     0.1355 |     0.7500 |    0.6298 |   2.97e-04 |     
    7 |     0.1353 |     0.7589 |    0.6439 |     0.1369 |     0.7611 |    0.6439 |   2.96e-04 |     
    8 |     0.1328 |     0.7617 |    0.6475 |     0.1354 |     0.7518 |    0.6330 |   2.94e-04 |     
    9 |     0.1294 |     0.7676 |    0.6543 |     0.1259 |     0.7724 |    0.6623 |   2.92e-04 |     
   10 |     0.1295 |     0.7672 |    0.6539 |     0.1216 |     0.7861 |    0.6776 |   2.91e-04 |     
   11 |     0.1289 |     0.7699 |    0.6573 |     0.1227 |     0.7768 |    0.6660 |   2.88e-04 |     
   12 |     0.1259 |     0.7736 |    0.6616 |     0.1186 |     0.7928 |    0.6867 |   2.86e-04 |     
   13 |     0.1252 |     0.7750 |    0.6628 |     0.1353 |     0.7535 |    0.6352 |   2.83e-04 |     
   14 |     0.1232 |     0.7784 |    0.6678 |     0.1165 |     0.7837 |    0.6714 |   2.80e-04 |     
   15 |     0.1251 |     0.7742 |    0.6624 |     0.1190 |     0.7813 |    0.6712 |   2.77e-04 |     
   16 |     0.1215 |     0.7804 |    0.6697 |     0.1217 |     0.7897 |    0.6820 |   2.74e-04 |     
   17 |     0.1251 |     0.7760 |    0.6651 |     0.1343 |     0.7581 |    0.6458 |   2.71e-04 |     
   18 |     0.1198 |     0.7841 |    0.6743 |     0.1146 |     0.7928 |    0.6860 |   2.67e-04 |     
   19 |     0.1188 |     0.7853 |    0.6759 |     0.1158 |     0.7821 |    0.6716 |   2.63e-04 |     
   20 |     0.1162 |     0.7892 |    0.6812 |     0.1173 |     0.7890 |    0.6811 |   2.59e-04 |     
   21 |     0.1166 |     0.7883 |    0.6797 |     0.1159 |     0.7814 |    0.6698 |   2.55e-04 |     
   22 |     0.1165 |     0.7891 |    0.6807 |     0.1344 |     0.7703 |    0.6587 |   2.51e-04 |     
   23 |     0.1151 |     0.7912 |    0.6838 |     0.1108 |     0.7995 |    0.6952 |   2.46e-04 |     
   24 |     0.1139 |     0.7933 |    0.6855 |     0.1130 |     0.8017 |    0.6980 |   2.42e-04 |     
   25 |     0.1139 |     0.7934 |    0.6864 |     0.1150 |     0.7985 |    0.6949 |   2.37e-04 |     
   26 |     0.1126 |     0.7952 |    0.6882 |     0.1089 |     0.7988 |    0.6928 |   2.32e-04 |     
   27 |     0.1106 |     0.7984 |    0.6923 |     0.1083 |     0.8002 |    0.6945 |   2.27e-04 |     
   28 |     0.1117 |     0.7968 |    0.6907 |     0.1093 |     0.8014 |    0.6969 |   2.22e-04 |     
   29 |     0.1108 |     0.7982 |    0.6926 |     0.1124 |     0.7947 |    0.6863 |   2.17e-04 |     
   30 |     0.1098 |     0.7995 |    0.6939 |     0.1096 |     0.7995 |    0.6962 |   2.11e-04 |     
   31 |     0.1100 |     0.8004 |    0.6948 |     0.1204 |     0.7933 |    0.6865 |   2.06e-04 |     
   32 |     0.1078 |     0.8031 |    0.6977 |     0.1063 |     0.8077 |    0.7051 |   2.00e-04 |     
   33 |     0.1066 |     0.8052 |    0.7006 |     0.1119 |     0.7959 |    0.6884 |   1.94e-04 |     
   34 |     0.1059 |     0.8063 |    0.7019 |     0.1097 |     0.8017 |    0.6963 |   1.89e-04 |     
   35 |     0.1044 |     0.8089 |    0.7053 |     0.1052 |     0.8108 |    0.7082 |   1.83e-04 |     
   36 |     0.1040 |     0.8097 |    0.7064 |     0.1073 |     0.7999 |    0.6943 |   1.77e-04 |     
   37 |     0.1048 |     0.8085 |    0.7047 |     0.1086 |     0.7999 |    0.6950 |   1.71e-04 |     
   38 |     0.1035 |     0.8101 |    0.7068 |     0.1042 |     0.8094 |    0.7070 |   1.65e-04 |     
   39 |     0.1021 |     0.8125 |    0.7099 |     0.1052 |     0.8071 |    0.7047 |   1.59e-04 |     
   40 |     0.1014 |     0.8135 |    0.7112 |     0.1052 |     0.8101 |    0.7089 |   1.53e-04 |     
   41 |     0.1007 |     0.8154 |    0.7135 |     0.1046 |     0.8120 |    0.7110 |   1.48e-04 |     
   42 |     0.1002 |     0.8163 |    0.7143 |     0.1045 |     0.8106 |    0.7087 |   1.42e-04 |     
   43 |     0.0986 |     0.8183 |    0.7172 |     0.1072 |     0.8092 |    0.7077 |   1.36e-04 |     
   44 |     0.0976 |     0.8210 |    0.7201 |     0.1020 |     0.8183 |    0.7185 |   1.30e-04 |     
   45 |     0.0973 |     0.8210 |    0.7204 |     0.1191 |     0.7921 |    0.6898 |   1.24e-04 |     
   46 |     0.0962 |     0.8230 |    0.7226 |     0.1033 |     0.8138 |    0.7140 |   1.18e-04 |     
   47 |     0.0954 |     0.8246 |    0.7249 |     0.1030 |     0.8082 |    0.7048 |   1.12e-04 |     
   48 |     0.0955 |     0.8241 |    0.7246 |     0.1029 |     0.8154 |    0.7143 |   1.07e-04 |     
   49 |     0.0943 |     0.8265 |    0.7277 |     0.1010 |     0.8167 |    0.7161 |   1.01e-04 |     
   50 |     0.0928 |     0.8293 |    0.7307 |     0.1054 |     0.8127 |    0.7122 |   9.54e-05 |     
   51 |     0.0922 |     0.8301 |    0.7320 |     0.1069 |     0.8143 |    0.7147 |   8.99e-05 |     
   52 |     0.0913 |     0.8311 |    0.7331 |     0.1116 |     0.8032 |    0.7015 |   8.45e-05 |     
   53 |     0.0901 |     0.8338 |    0.7364 |     0.0999 |     0.8179 |    0.7188 |   7.92e-05 |     
   54 |     0.0893 |     0.8345 |    0.7376 |     0.1002 |     0.8169 |    0.7174 |   7.40e-05 |     
   55 |     0.0887 |     0.8357 |    0.7390 |     0.1067 |     0.8089 |    0.7086 |   6.90e-05 |     
   56 |     0.0883 |     0.8360 |    0.7394 |     0.1003 |     0.8195 |    0.7200 |   6.41e-05 |     
   57 |     0.0873 |     0.8383 |    0.7422 |     0.1034 |     0.8173 |    0.7170 |   5.93e-05 |     
   58 |     0.0856 |     0.8411 |    0.7458 |     0.1017 |     0.8192 |    0.7208 |   5.47e-05 |     
   59 |     0.0851 |     0.8420 |    0.7466 |     0.1011 |     0.8200 |    0.7214 |   5.02e-05 |     
   60 |     0.0844 |     0.8432 |    0.7483 |     0.1008 |     0.8211 |    0.7224 |   4.58e-05 |     
   61 |     0.0836 |     0.8448 |    0.7509 |     0.1007 |     0.8188 |    0.7203 |   4.17e-05 |     
   62 |     0.0826 |     0.8462 |    0.7522 |     0.1002 |     0.8203 |    0.7218 |   3.77e-05 |     
   63 |     0.0816 |     0.8481 |    0.7546 |     0.1015 |     0.8192 |    0.7210 |   3.39e-05 |     
   64 |     0.0807 |     0.8496 |    0.7566 |     0.1015 |     0.8201 |    0.7222 |   3.03e-05 |     
   65 |     0.0805 |     0.8501 |    0.7575 |     0.1000 |     0.8196 |    0.7212 |   2.68e-05 |     
   66 |     0.0788 |     0.8530 |    0.7610 |     0.1000 |     0.8208 |    0.7229 |   2.36e-05 |     
   67 |     0.0783 |     0.8537 |    0.7618 |     0.1007 |     0.8231 |    0.7260 |   2.05e-05 |    *
   68 |     0.0776 |     0.8552 |    0.7638 |     0.1028 |     0.8217 |    0.7240 |   1.77e-05 |     
   69 |     0.0766 |     0.8568 |    0.7660 |     0.1001 |     0.8211 |    0.7234 |   1.51e-05 |     
   70 |     0.0760 |     0.8578 |    0.7675 |     0.1033 |     0.8219 |    0.7248 |   1.27e-05 |     
   71 |     0.0756 |     0.8585 |    0.7682 |     0.1012 |     0.8216 |    0.7237 |   1.05e-05 |     
   72 |     0.0753 |     0.8592 |    0.7691 |     0.0998 |     0.8230 |    0.7256 |   8.50e-06 |     
   73 |     0.0750 |     0.8599 |    0.7699 |     0.1015 |     0.8225 |    0.7247 |   6.76e-06 |     
   74 |     0.0739 |     0.8617 |    0.7725 |     0.1018 |     0.8228 |    0.7253 |   5.24e-06 |     
   75 |     0.0745 |     0.8608 |    0.7713 |     0.1030 |     0.8228 |    0.7256 |   3.95e-06 |     
   76 |     0.0735 |     0.8626 |    0.7736 |     0.1018 |     0.8215 |    0.7237 |   2.89e-06 |     
   77 |     0.0738 |     0.8622 |    0.7728 |     0.1017 |     0.8221 |    0.7246 |   2.06e-06 |     
   78 |     0.0732 |     0.8629 |    0.7739 |     0.1023 |     0.8229 |    0.7257 |   1.47e-06 |     
--- R2 + image-value context regrouping with regroup_text anchors validation statistics ---
up4: ca=0.9157+/-0.0839, sa=1.0082+/-0.0066, amp=0.0000, suppress=0.0000, guide_abs=0.1391
up4 residuals: local_mean=5.269e-02, global_mean=0.0164, local_strength=0.1204, global_strength=0.1188, gain=[0.9899,1.0557], saturation=0.0112, text_film=0.0194
up4 haar: reconstruction_error=6.370e-07, skip_low/high=0.7862/0.2138, plam_low/high=1.0000/0.0000
up4 strengths: plam=0.9117, region=0.1204, detail=0.1188; residual_std region/detail/refine=0.2920/0.3871/0.2957
up4 guide_mix: entropy=0.9758, raw_low=0.3250, plam_low=0.1943, decoder_low=0.3024, detail=0.1784; agreement plam/decoder=0.6448/0.3397, support=0.7822+/-0.0506
up4 adaptive_frequency: ALPF strength=0.2546, weights=0.1348/0.7279/0.1374, sum=1.0000, entropy=0.7032, delta_std=0.0902; AHPF strength=0.0793, weights=0.2842/0.5491/0.1667, sum=1.0000, entropy=0.8921, residual_std=0.1161, scaled_std=0.0092
up3: ca=1.0165+/-0.1278, sa=1.0090+/-0.0039, amp=0.0000, suppress=0.0000, guide_abs=0.2540
up3 residuals: local_mean=1.892e-02, global_mean=0.0552, local_strength=0.1193, global_strength=0.1227, gain=[0.9936,1.0270], saturation=0.0000, text_film=0.0303
up3 haar: reconstruction_error=9.537e-07, skip_low/high=0.7762/0.2238, plam_low/high=1.0000/0.0000
up3 strengths: plam=0.8843, region=0.1193, detail=0.1227; residual_std region/detail/refine=0.3181/0.5750/0.5034
up3 guide_mix: entropy=0.9805, raw_low=0.3307, plam_low=0.2151, decoder_low=0.2757, detail=0.1785; agreement plam/decoder=-0.0033/-0.0791, support=0.6586+/-0.0676
up3 adaptive_frequency: ALPF strength=0.2989, weights=0.1091/0.3876/0.5033, sum=1.0000, entropy=0.7587, delta_std=0.0723; AHPF strength=0.1024, weights=0.6243/0.2359/0.1398, sum=1.0000, entropy=0.7532, residual_std=0.0868, scaled_std=0.0089
up2: ca=0.9411+/-0.0749, sa=1.0045+/-0.0032, amp=0.0000, suppress=0.0000, guide_abs=0.1647
up2 residuals: local_mean=5.814e-03, global_mean=0.0330, local_strength=0.1186, global_strength=0.1145, gain=[0.9714,1.0335], saturation=0.0000, text_film=0.0239
up2 haar: reconstruction_error=9.537e-07, skip_low/high=0.7629/0.2371, plam_low/high=1.0000/0.0000
up2 strengths: plam=0.8125, region=0.1186, detail=0.1145; residual_std region/detail/refine=0.1740/0.2686/0.1110
up2 guide_mix: entropy=0.9402, raw_low=0.2887, plam_low=0.1496, decoder_low=0.4008, detail=0.1610; agreement plam/decoder=0.6063/-0.1462, support=0.5552+/-0.0379
up1: ca=0.8692+/-0.0963, sa=1.0036+/-0.0106, amp=0.0000, suppress=0.0000, guide_abs=0.1969
up1 residuals: local_mean=9.445e-04, global_mean=0.0448, local_strength=0.1276, global_strength=0.0781, gain=[0.9237,1.0769], saturation=0.0291, text_film=0.0302
up1 haar: reconstruction_error=2.682e-06, skip_low/high=0.7199/0.2801, plam_low/high=1.0000/0.0000
up1 strengths: plam=0.9288, region=0.1276, detail=0.0781; residual_std region/detail/refine=0.5519/0.4070/0.1616
up1 guide_mix: entropy=0.9591, raw_low=0.2840, plam_low=0.2685, decoder_low=0.3284, detail=0.1191; agreement plam/decoder=0.6600/0.1896, support=0.7243+/-0.0924

========= Epoch [79/80] =========
M2_Test_session_09.13_22h33
Training with batch size : 16
   [Train] Epoch: [79][20/357]  Loss:0.080 (Avg 0.0721) IoU:0.761 (Avg 0.7778) Dice:0.8515 (Avg 0.8658) LR 1.12e-06   (AvgTime 0.6)   
   [Train] Epoch: [79][40/357]  Loss:0.067 (Avg 0.0709) IoU:0.805 (Avg 0.7811) Dice:0.8810 (Avg 0.8683) LR 1.12e-06   (AvgTime 0.6)   
   [Train] Epoch: [79][60/357]  Loss:0.058 (Avg 0.0719) IoU:0.827 (Avg 0.7781) Dice:0.8929 (Avg 0.8658) LR 1.12e-06   (AvgTime 0.6)   
   [Train] Epoch: [79][80/357]  Loss:0.063 (Avg 0.0721) IoU:0.795 (Avg 0.7786) Dice:0.8796 (Avg 0.8659) LR 1.12e-06   (AvgTime 0.6)   
   [Train] Epoch: [79][100/357]  Loss:0.105 (Avg 0.0728) IoU:0.683 (Avg 0.7772) Dice:0.7946 (Avg 0.8646) LR 1.12e-06   (AvgTime 0.6)   
   [Train] Epoch: [79][120/357]  Loss:0.083 (Avg 0.0723) IoU:0.751 (Avg 0.7779) Dice:0.8484 (Avg 0.8653) LR 1.12e-06   (AvgTime 0.5)   
   [Train] Epoch: [79][140/357]  Loss:0.077 (Avg 0.0728) IoU:0.770 (Avg 0.7762) Dice:0.8570 (Avg 0.8641) LR 1.12e-06   (AvgTime 0.5)   
   [Train] Epoch: [79][160/357]  Loss:0.054 (Avg 0.0725) IoU:0.818 (Avg 0.7763) Dice:0.8953 (Avg 0.8642) LR 1.12e-06   (AvgTime 0.5)   
   [Train] Epoch: [79][180/357]  Loss:0.062 (Avg 0.0729) IoU:0.793 (Avg 0.7750) Dice:0.8812 (Avg 0.8633) LR 1.12e-06   (AvgTime 0.5)   
   [Train] Epoch: [79][200/357]  Loss:0.061 (Avg 0.0728) IoU:0.824 (Avg 0.7755) Dice:0.8960 (Avg 0.8637) LR 1.12e-06   (AvgTime 0.6)   
   [Train] Epoch: [79][220/357]  Loss:0.066 (Avg 0.0722) IoU:0.802 (Avg 0.7767) Dice:0.8873 (Avg 0.8648) LR 1.12e-06   (AvgTime 0.6)   
   [Train] Epoch: [79][240/357]  Loss:0.080 (Avg 0.0726) IoU:0.739 (Avg 0.7757) Dice:0.8432 (Avg 0.8641) LR 1.12e-06   (AvgTime 0.6)   
   [Train] Epoch: [79][260/357]  Loss:0.063 (Avg 0.0729) IoU:0.801 (Avg 0.7753) Dice:0.8802 (Avg 0.8639) LR 1.12e-06   (AvgTime 0.6)   
   [Train] Epoch: [79][280/357]  Loss:0.060 (Avg 0.0728) IoU:0.789 (Avg 0.7754) Dice:0.8761 (Avg 0.8639) LR 1.12e-06   (AvgTime 0.6)   
   [Train] Epoch: [79][300/357]  Loss:0.061 (Avg 0.0724) IoU:0.800 (Avg 0.7764) Dice:0.8861 (Avg 0.8646) LR 1.12e-06   (AvgTime 0.6)   
   [Train] Epoch: [79][320/357]  Loss:0.076 (Avg 0.0724) IoU:0.750 (Avg 0.7762) Dice:0.8485 (Avg 0.8645) LR 1.12e-06   (AvgTime 0.6)   
   [Train] Epoch: [79][340/357]  Loss:0.087 (Avg 0.0726) IoU:0.725 (Avg 0.7756) Dice:0.8300 (Avg 0.8641) LR 1.12e-06   (AvgTime 0.6)   
   [Train] Epoch: [79][357/357]  Loss:0.103 (Avg 0.0727) IoU:0.755 (Avg 0.7754) Dice:0.8499 (Avg 0.8640) LR 1.12e-06   (AvgTime 0.6)   
   [Train] Loss components: dice=0.114299, focal=0.031070, total=0.072684
Validation
   [Val] Epoch: [79][20/90]  Loss:0.124 (Avg 0.1057) IoU:0.682 (Avg 0.7257) Dice:0.8001 (Avg 0.8265) (AvgTime 0.3)   
   [Val] Epoch: [79][40/90]  Loss:0.091 (Avg 0.1095) IoU:0.726 (Avg 0.7133) Dice:0.8318 (Avg 0.8144) (AvgTime 0.2)   
   [Val] Epoch: [79][60/90]  Loss:0.133 (Avg 0.1019) IoU:0.660 (Avg 0.7264) Dice:0.7648 (Avg 0.8234) (AvgTime 0.2)   
   [Val] Epoch: [79][80/90]  Loss:0.106 (Avg 0.1009) IoU:0.701 (Avg 0.7253) Dice:0.8020 (Avg 0.8230) (AvgTime 0.2)   
   [Val] Epoch: [79][90/90]  Loss:0.137 (Avg 0.1009) IoU:0.627 (Avg 0.7252) Dice:0.7522 (Avg 0.8228) (AvgTime 0.2)   
   [Val] Loss components: dice=0.148011, focal=0.053827, total=0.100919
	 No iou improvement; selected epoch 67
	 early_stopping_count: 12/80
--- Epoch History (1..79) ---
Epoch |  TrainLoss |  TrainDice |  TrainIoU |    ValLoss |    ValDice |    ValIoU |         LR | Best
    1 |     0.2378 |     0.6073 |    0.4781 |     0.2212 |     0.6176 |    0.4873 |   3.00e-04 |     
    2 |     0.1754 |     0.6971 |    0.5727 |     0.1642 |     0.7061 |    0.5868 |   3.00e-04 |     
    3 |     0.1564 |     0.7248 |    0.6043 |     0.1373 |     0.7621 |    0.6492 |   3.00e-04 |     
    4 |     0.1512 |     0.7340 |    0.6154 |     0.1450 |     0.7555 |    0.6397 |   2.99e-04 |     
    5 |     0.1427 |     0.7474 |    0.6307 |     0.1478 |     0.7229 |    0.6010 |   2.98e-04 |     
    6 |     0.1390 |     0.7527 |    0.6372 |     0.1355 |     0.7500 |    0.6298 |   2.97e-04 |     
    7 |     0.1353 |     0.7589 |    0.6439 |     0.1369 |     0.7611 |    0.6439 |   2.96e-04 |     
    8 |     0.1328 |     0.7617 |    0.6475 |     0.1354 |     0.7518 |    0.6330 |   2.94e-04 |     
    9 |     0.1294 |     0.7676 |    0.6543 |     0.1259 |     0.7724 |    0.6623 |   2.92e-04 |     
   10 |     0.1295 |     0.7672 |    0.6539 |     0.1216 |     0.7861 |    0.6776 |   2.91e-04 |     
   11 |     0.1289 |     0.7699 |    0.6573 |     0.1227 |     0.7768 |    0.6660 |   2.88e-04 |     
   12 |     0.1259 |     0.7736 |    0.6616 |     0.1186 |     0.7928 |    0.6867 |   2.86e-04 |     
   13 |     0.1252 |     0.7750 |    0.6628 |     0.1353 |     0.7535 |    0.6352 |   2.83e-04 |     
   14 |     0.1232 |     0.7784 |    0.6678 |     0.1165 |     0.7837 |    0.6714 |   2.80e-04 |     
   15 |     0.1251 |     0.7742 |    0.6624 |     0.1190 |     0.7813 |    0.6712 |   2.77e-04 |     
   16 |     0.1215 |     0.7804 |    0.6697 |     0.1217 |     0.7897 |    0.6820 |   2.74e-04 |     
   17 |     0.1251 |     0.7760 |    0.6651 |     0.1343 |     0.7581 |    0.6458 |   2.71e-04 |     
   18 |     0.1198 |     0.7841 |    0.6743 |     0.1146 |     0.7928 |    0.6860 |   2.67e-04 |     
   19 |     0.1188 |     0.7853 |    0.6759 |     0.1158 |     0.7821 |    0.6716 |   2.63e-04 |     
   20 |     0.1162 |     0.7892 |    0.6812 |     0.1173 |     0.7890 |    0.6811 |   2.59e-04 |     
   21 |     0.1166 |     0.7883 |    0.6797 |     0.1159 |     0.7814 |    0.6698 |   2.55e-04 |     
   22 |     0.1165 |     0.7891 |    0.6807 |     0.1344 |     0.7703 |    0.6587 |   2.51e-04 |     
   23 |     0.1151 |     0.7912 |    0.6838 |     0.1108 |     0.7995 |    0.6952 |   2.46e-04 |     
   24 |     0.1139 |     0.7933 |    0.6855 |     0.1130 |     0.8017 |    0.6980 |   2.42e-04 |     
   25 |     0.1139 |     0.7934 |    0.6864 |     0.1150 |     0.7985 |    0.6949 |   2.37e-04 |     
   26 |     0.1126 |     0.7952 |    0.6882 |     0.1089 |     0.7988 |    0.6928 |   2.32e-04 |     
   27 |     0.1106 |     0.7984 |    0.6923 |     0.1083 |     0.8002 |    0.6945 |   2.27e-04 |     
   28 |     0.1117 |     0.7968 |    0.6907 |     0.1093 |     0.8014 |    0.6969 |   2.22e-04 |     
   29 |     0.1108 |     0.7982 |    0.6926 |     0.1124 |     0.7947 |    0.6863 |   2.17e-04 |     
   30 |     0.1098 |     0.7995 |    0.6939 |     0.1096 |     0.7995 |    0.6962 |   2.11e-04 |     
   31 |     0.1100 |     0.8004 |    0.6948 |     0.1204 |     0.7933 |    0.6865 |   2.06e-04 |     
   32 |     0.1078 |     0.8031 |    0.6977 |     0.1063 |     0.8077 |    0.7051 |   2.00e-04 |     
   33 |     0.1066 |     0.8052 |    0.7006 |     0.1119 |     0.7959 |    0.6884 |   1.94e-04 |     
   34 |     0.1059 |     0.8063 |    0.7019 |     0.1097 |     0.8017 |    0.6963 |   1.89e-04 |     
   35 |     0.1044 |     0.8089 |    0.7053 |     0.1052 |     0.8108 |    0.7082 |   1.83e-04 |     
   36 |     0.1040 |     0.8097 |    0.7064 |     0.1073 |     0.7999 |    0.6943 |   1.77e-04 |     
   37 |     0.1048 |     0.8085 |    0.7047 |     0.1086 |     0.7999 |    0.6950 |   1.71e-04 |     
   38 |     0.1035 |     0.8101 |    0.7068 |     0.1042 |     0.8094 |    0.7070 |   1.65e-04 |     
   39 |     0.1021 |     0.8125 |    0.7099 |     0.1052 |     0.8071 |    0.7047 |   1.59e-04 |     
   40 |     0.1014 |     0.8135 |    0.7112 |     0.1052 |     0.8101 |    0.7089 |   1.53e-04 |     
   41 |     0.1007 |     0.8154 |    0.7135 |     0.1046 |     0.8120 |    0.7110 |   1.48e-04 |     
   42 |     0.1002 |     0.8163 |    0.7143 |     0.1045 |     0.8106 |    0.7087 |   1.42e-04 |     
   43 |     0.0986 |     0.8183 |    0.7172 |     0.1072 |     0.8092 |    0.7077 |   1.36e-04 |     
   44 |     0.0976 |     0.8210 |    0.7201 |     0.1020 |     0.8183 |    0.7185 |   1.30e-04 |     
   45 |     0.0973 |     0.8210 |    0.7204 |     0.1191 |     0.7921 |    0.6898 |   1.24e-04 |     
   46 |     0.0962 |     0.8230 |    0.7226 |     0.1033 |     0.8138 |    0.7140 |   1.18e-04 |     
   47 |     0.0954 |     0.8246 |    0.7249 |     0.1030 |     0.8082 |    0.7048 |   1.12e-04 |     
   48 |     0.0955 |     0.8241 |    0.7246 |     0.1029 |     0.8154 |    0.7143 |   1.07e-04 |     
   49 |     0.0943 |     0.8265 |    0.7277 |     0.1010 |     0.8167 |    0.7161 |   1.01e-04 |     
   50 |     0.0928 |     0.8293 |    0.7307 |     0.1054 |     0.8127 |    0.7122 |   9.54e-05 |     
   51 |     0.0922 |     0.8301 |    0.7320 |     0.1069 |     0.8143 |    0.7147 |   8.99e-05 |     
   52 |     0.0913 |     0.8311 |    0.7331 |     0.1116 |     0.8032 |    0.7015 |   8.45e-05 |     
   53 |     0.0901 |     0.8338 |    0.7364 |     0.0999 |     0.8179 |    0.7188 |   7.92e-05 |     
   54 |     0.0893 |     0.8345 |    0.7376 |     0.1002 |     0.8169 |    0.7174 |   7.40e-05 |     
   55 |     0.0887 |     0.8357 |    0.7390 |     0.1067 |     0.8089 |    0.7086 |   6.90e-05 |     
   56 |     0.0883 |     0.8360 |    0.7394 |     0.1003 |     0.8195 |    0.7200 |   6.41e-05 |     
   57 |     0.0873 |     0.8383 |    0.7422 |     0.1034 |     0.8173 |    0.7170 |   5.93e-05 |     
   58 |     0.0856 |     0.8411 |    0.7458 |     0.1017 |     0.8192 |    0.7208 |   5.47e-05 |     
   59 |     0.0851 |     0.8420 |    0.7466 |     0.1011 |     0.8200 |    0.7214 |   5.02e-05 |     
   60 |     0.0844 |     0.8432 |    0.7483 |     0.1008 |     0.8211 |    0.7224 |   4.58e-05 |     
   61 |     0.0836 |     0.8448 |    0.7509 |     0.1007 |     0.8188 |    0.7203 |   4.17e-05 |     
   62 |     0.0826 |     0.8462 |    0.7522 |     0.1002 |     0.8203 |    0.7218 |   3.77e-05 |     
   63 |     0.0816 |     0.8481 |    0.7546 |     0.1015 |     0.8192 |    0.7210 |   3.39e-05 |     
   64 |     0.0807 |     0.8496 |    0.7566 |     0.1015 |     0.8201 |    0.7222 |   3.03e-05 |     
   65 |     0.0805 |     0.8501 |    0.7575 |     0.1000 |     0.8196 |    0.7212 |   2.68e-05 |     
   66 |     0.0788 |     0.8530 |    0.7610 |     0.1000 |     0.8208 |    0.7229 |   2.36e-05 |     
   67 |     0.0783 |     0.8537 |    0.7618 |     0.1007 |     0.8231 |    0.7260 |   2.05e-05 |    *
   68 |     0.0776 |     0.8552 |    0.7638 |     0.1028 |     0.8217 |    0.7240 |   1.77e-05 |     
   69 |     0.0766 |     0.8568 |    0.7660 |     0.1001 |     0.8211 |    0.7234 |   1.51e-05 |     
   70 |     0.0760 |     0.8578 |    0.7675 |     0.1033 |     0.8219 |    0.7248 |   1.27e-05 |     
   71 |     0.0756 |     0.8585 |    0.7682 |     0.1012 |     0.8216 |    0.7237 |   1.05e-05 |     
   72 |     0.0753 |     0.8592 |    0.7691 |     0.0998 |     0.8230 |    0.7256 |   8.50e-06 |     
   73 |     0.0750 |     0.8599 |    0.7699 |     0.1015 |     0.8225 |    0.7247 |   6.76e-06 |     
   74 |     0.0739 |     0.8617 |    0.7725 |     0.1018 |     0.8228 |    0.7253 |   5.24e-06 |     
   75 |     0.0745 |     0.8608 |    0.7713 |     0.1030 |     0.8228 |    0.7256 |   3.95e-06 |     
   76 |     0.0735 |     0.8626 |    0.7736 |     0.1018 |     0.8215 |    0.7237 |   2.89e-06 |     
   77 |     0.0738 |     0.8622 |    0.7728 |     0.1017 |     0.8221 |    0.7246 |   2.06e-06 |     
   78 |     0.0732 |     0.8629 |    0.7739 |     0.1023 |     0.8229 |    0.7257 |   1.47e-06 |     
   79 |     0.0727 |     0.8640 |    0.7754 |     0.1009 |     0.8228 |    0.7252 |   1.12e-06 |     
--- R2 + image-value context regrouping with regroup_text anchors validation statistics ---
up4: ca=0.9159+/-0.0839, sa=1.0083+/-0.0067, amp=0.0000, suppress=0.0000, guide_abs=0.1402
up4 residuals: local_mean=5.277e-02, global_mean=0.0165, local_strength=0.1204, global_strength=0.1188, gain=[0.9893,1.0559], saturation=0.0112, text_film=0.0194
up4 haar: reconstruction_error=9.537e-07, skip_low/high=0.7850/0.2150, plam_low/high=1.0000/0.0000
up4 strengths: plam=0.9117, region=0.1204, detail=0.1188; residual_std region/detail/refine=0.2910/0.3904/0.2949
up4 guide_mix: entropy=0.9731, raw_low=0.3263, plam_low=0.1850, decoder_low=0.3089, detail=0.1797; agreement plam/decoder=0.6418/0.3453, support=0.7819+/-0.0504
up4 adaptive_frequency: ALPF strength=0.2546, weights=0.1347/0.7280/0.1372, sum=1.0000, entropy=0.7030, delta_std=0.0943; AHPF strength=0.0793, weights=0.2845/0.5489/0.1666, sum=1.0000, entropy=0.8922, residual_std=0.1190, scaled_std=0.0094
up3: ca=1.0166+/-0.1277, sa=1.0091+/-0.0039, amp=0.0000, suppress=0.0000, guide_abs=0.2546
up3 residuals: local_mean=1.903e-02, global_mean=0.0553, local_strength=0.1193, global_strength=0.1227, gain=[0.9938,1.0269], saturation=0.0000, text_film=0.0295
up3 haar: reconstruction_error=9.537e-07, skip_low/high=0.7770/0.2230, plam_low/high=1.0000/0.0000
up3 strengths: plam=0.8843, region=0.1193, detail=0.1227; residual_std region/detail/refine=0.3179/0.5758/0.5046
up3 guide_mix: entropy=0.9801, raw_low=0.3315, plam_low=0.2138, decoder_low=0.2762, detail=0.1785; agreement plam/decoder=-0.0075/-0.0868, support=0.6587+/-0.0679
up3 adaptive_frequency: ALPF strength=0.2989, weights=0.1079/0.3845/0.5076, sum=1.0000, entropy=0.7578, delta_std=0.0732; AHPF strength=0.1024, weights=0.6283/0.2335/0.1382, sum=1.0000, entropy=0.7501, residual_std=0.0859, scaled_std=0.0088
up2: ca=0.9412+/-0.0747, sa=1.0045+/-0.0032, amp=0.0000, suppress=0.0000, guide_abs=0.1658
up2 residuals: local_mean=5.825e-03, global_mean=0.0330, local_strength=0.1186, global_strength=0.1145, gain=[0.9716,1.0332], saturation=0.0000, text_film=0.0237
up2 haar: reconstruction_error=9.537e-07, skip_low/high=0.7638/0.2362, plam_low/high=1.0000/0.0000
up2 strengths: plam=0.8125, region=0.1186, detail=0.1145; residual_std region/detail/refine=0.1740/0.2671/0.1109
up2 guide_mix: entropy=0.9391, raw_low=0.2878, plam_low=0.1492, decoder_low=0.4028, detail=0.1602; agreement plam/decoder=0.6050/-0.1501, support=0.5554+/-0.0381
up1: ca=0.8694+/-0.0961, sa=1.0036+/-0.0106, amp=0.0000, suppress=0.0000, guide_abs=0.1955
up1 residuals: local_mean=9.484e-04, global_mean=0.0448, local_strength=0.1276, global_strength=0.0781, gain=[0.9238,1.0768], saturation=0.0271, text_film=0.0304
up1 haar: reconstruction_error=2.593e-06, skip_low/high=0.7207/0.2793, plam_low/high=1.0000/0.0000
up1 strengths: plam=0.9288, region=0.1276, detail=0.0781; residual_std region/detail/refine=0.5516/0.4037/0.1616
up1 guide_mix: entropy=0.9580, raw_low=0.2819, plam_low=0.2678, decoder_low=0.3323, detail=0.1181; agreement plam/decoder=0.6660/0.1859, support=0.7232+/-0.0918

========= Epoch [80/80] =========
M2_Test_session_09.13_22h33
Training with batch size : 16
   [Train] Epoch: [80][20/357]  Loss:0.050 (Avg 0.0706) IoU:0.836 (Avg 0.7806) Dice:0.9043 (Avg 0.8676) LR 1.00e-06   (AvgTime 0.6)   
   [Train] Epoch: [80][40/357]  Loss:0.084 (Avg 0.0718) IoU:0.744 (Avg 0.7773) Dice:0.8437 (Avg 0.8657) LR 1.00e-06   (AvgTime 0.5)   
   [Train] Epoch: [80][60/357]  Loss:0.097 (Avg 0.0733) IoU:0.719 (Avg 0.7744) Dice:0.8208 (Avg 0.8631) LR 1.00e-06   (AvgTime 0.6)   
   [Train] Epoch: [80][80/357]  Loss:0.054 (Avg 0.0749) IoU:0.829 (Avg 0.7696) Dice:0.9036 (Avg 0.8597) LR 1.00e-06   (AvgTime 0.6)   
   [Train] Epoch: [80][100/357]  Loss:0.045 (Avg 0.0741) IoU:0.851 (Avg 0.7717) Dice:0.9176 (Avg 0.8613) LR 1.00e-06   (AvgTime 0.5)   
   [Train] Epoch: [80][120/357]  Loss:0.063 (Avg 0.0737) IoU:0.779 (Avg 0.7726) Dice:0.8700 (Avg 0.8622) LR 1.00e-06   (AvgTime 0.6)   
   [Train] Epoch: [80][140/357]  Loss:0.060 (Avg 0.0742) IoU:0.815 (Avg 0.7714) Dice:0.8863 (Avg 0.8611) LR 1.00e-06   (AvgTime 0.6)   
   [Train] Epoch: [80][160/357]  Loss:0.079 (Avg 0.0735) IoU:0.775 (Avg 0.7736) Dice:0.8555 (Avg 0.8626) LR 1.00e-06   (AvgTime 0.6)   
   [Train] Epoch: [80][180/357]  Loss:0.048 (Avg 0.0735) IoU:0.853 (Avg 0.7739) Dice:0.9195 (Avg 0.8628) LR 1.00e-06   (AvgTime 0.6)   
   [Train] Epoch: [80][200/357]  Loss:0.070 (Avg 0.0731) IoU:0.786 (Avg 0.7748) Dice:0.8743 (Avg 0.8635) LR 1.00e-06   (AvgTime 0.6)   
   [Train] Epoch: [80][220/357]  Loss:0.050 (Avg 0.0734) IoU:0.829 (Avg 0.7737) Dice:0.9019 (Avg 0.8627) LR 1.00e-06   (AvgTime 0.6)   
   [Train] Epoch: [80][240/357]  Loss:0.067 (Avg 0.0729) IoU:0.795 (Avg 0.7749) Dice:0.8789 (Avg 0.8636) LR 1.00e-06   (AvgTime 0.6)   
   [Train] Epoch: [80][260/357]  Loss:0.068 (Avg 0.0730) IoU:0.787 (Avg 0.7744) Dice:0.8715 (Avg 0.8632) LR 1.00e-06   (AvgTime 0.6)   
   [Train] Epoch: [80][280/357]  Loss:0.097 (Avg 0.0730) IoU:0.724 (Avg 0.7747) Dice:0.8243 (Avg 0.8634) LR 1.00e-06   (AvgTime 0.6)   
   [Train] Epoch: [80][300/357]  Loss:0.111 (Avg 0.0730) IoU:0.704 (Avg 0.7746) Dice:0.8026 (Avg 0.8634) LR 1.00e-06   (AvgTime 0.6)   
   [Train] Epoch: [80][320/357]  Loss:0.085 (Avg 0.0731) IoU:0.749 (Avg 0.7743) Dice:0.8464 (Avg 0.8631) LR 1.00e-06   (AvgTime 0.6)   
   [Train] Epoch: [80][340/357]  Loss:0.083 (Avg 0.0729) IoU:0.741 (Avg 0.7749) Dice:0.8431 (Avg 0.8637) LR 1.00e-06   (AvgTime 0.6)   
   [Train] Epoch: [80][357/357]  Loss:0.072 (Avg 0.0730) IoU:0.763 (Avg 0.7744) Dice:0.8578 (Avg 0.8633) LR 1.00e-06   (AvgTime 0.6)   
   [Train] Loss components: dice=0.114892, focal=0.031133, total=0.073012
Validation
   [Val] Epoch: [80][20/90]  Loss:0.126 (Avg 0.1071) IoU:0.680 (Avg 0.7249) Dice:0.7983 (Avg 0.8258) (AvgTime 0.3)   
   [Val] Epoch: [80][40/90]  Loss:0.091 (Avg 0.1107) IoU:0.729 (Avg 0.7130) Dice:0.8342 (Avg 0.8141) (AvgTime 0.2)   
   [Val] Epoch: [80][60/90]  Loss:0.134 (Avg 0.1029) IoU:0.660 (Avg 0.7261) Dice:0.7648 (Avg 0.8231) (AvgTime 0.2)   
   [Val] Epoch: [80][80/90]  Loss:0.110 (Avg 0.1021) IoU:0.696 (Avg 0.7249) Dice:0.7974 (Avg 0.8225) (AvgTime 0.2)   
   [Val] Epoch: [80][90/90]  Loss:0.138 (Avg 0.1022) IoU:0.627 (Avg 0.7249) Dice:0.7518 (Avg 0.8224) (AvgTime 0.2)   
   [Val] Loss components: dice=0.148317, focal=0.056048, total=0.102182
	 No iou improvement; selected epoch 67
	 early_stopping_count: 13/80
--- Epoch History (1..80) ---
Epoch |  TrainLoss |  TrainDice |  TrainIoU |    ValLoss |    ValDice |    ValIoU |         LR | Best
    1 |     0.2378 |     0.6073 |    0.4781 |     0.2212 |     0.6176 |    0.4873 |   3.00e-04 |     
    2 |     0.1754 |     0.6971 |    0.5727 |     0.1642 |     0.7061 |    0.5868 |   3.00e-04 |     
    3 |     0.1564 |     0.7248 |    0.6043 |     0.1373 |     0.7621 |    0.6492 |   3.00e-04 |     
    4 |     0.1512 |     0.7340 |    0.6154 |     0.1450 |     0.7555 |    0.6397 |   2.99e-04 |     
    5 |     0.1427 |     0.7474 |    0.6307 |     0.1478 |     0.7229 |    0.6010 |   2.98e-04 |     
    6 |     0.1390 |     0.7527 |    0.6372 |     0.1355 |     0.7500 |    0.6298 |   2.97e-04 |     
    7 |     0.1353 |     0.7589 |    0.6439 |     0.1369 |     0.7611 |    0.6439 |   2.96e-04 |     
    8 |     0.1328 |     0.7617 |    0.6475 |     0.1354 |     0.7518 |    0.6330 |   2.94e-04 |     
    9 |     0.1294 |     0.7676 |    0.6543 |     0.1259 |     0.7724 |    0.6623 |   2.92e-04 |     
   10 |     0.1295 |     0.7672 |    0.6539 |     0.1216 |     0.7861 |    0.6776 |   2.91e-04 |     
   11 |     0.1289 |     0.7699 |    0.6573 |     0.1227 |     0.7768 |    0.6660 |   2.88e-04 |     
   12 |     0.1259 |     0.7736 |    0.6616 |     0.1186 |     0.7928 |    0.6867 |   2.86e-04 |     
   13 |     0.1252 |     0.7750 |    0.6628 |     0.1353 |     0.7535 |    0.6352 |   2.83e-04 |     
   14 |     0.1232 |     0.7784 |    0.6678 |     0.1165 |     0.7837 |    0.6714 |   2.80e-04 |     
   15 |     0.1251 |     0.7742 |    0.6624 |     0.1190 |     0.7813 |    0.6712 |   2.77e-04 |     
   16 |     0.1215 |     0.7804 |    0.6697 |     0.1217 |     0.7897 |    0.6820 |   2.74e-04 |     
   17 |     0.1251 |     0.7760 |    0.6651 |     0.1343 |     0.7581 |    0.6458 |   2.71e-04 |     
   18 |     0.1198 |     0.7841 |    0.6743 |     0.1146 |     0.7928 |    0.6860 |   2.67e-04 |     
   19 |     0.1188 |     0.7853 |    0.6759 |     0.1158 |     0.7821 |    0.6716 |   2.63e-04 |     
   20 |     0.1162 |     0.7892 |    0.6812 |     0.1173 |     0.7890 |    0.6811 |   2.59e-04 |     
   21 |     0.1166 |     0.7883 |    0.6797 |     0.1159 |     0.7814 |    0.6698 |   2.55e-04 |     
   22 |     0.1165 |     0.7891 |    0.6807 |     0.1344 |     0.7703 |    0.6587 |   2.51e-04 |     
   23 |     0.1151 |     0.7912 |    0.6838 |     0.1108 |     0.7995 |    0.6952 |   2.46e-04 |     
   24 |     0.1139 |     0.7933 |    0.6855 |     0.1130 |     0.8017 |    0.6980 |   2.42e-04 |     
   25 |     0.1139 |     0.7934 |    0.6864 |     0.1150 |     0.7985 |    0.6949 |   2.37e-04 |     
   26 |     0.1126 |     0.7952 |    0.6882 |     0.1089 |     0.7988 |    0.6928 |   2.32e-04 |     
   27 |     0.1106 |     0.7984 |    0.6923 |     0.1083 |     0.8002 |    0.6945 |   2.27e-04 |     
   28 |     0.1117 |     0.7968 |    0.6907 |     0.1093 |     0.8014 |    0.6969 |   2.22e-04 |     
   29 |     0.1108 |     0.7982 |    0.6926 |     0.1124 |     0.7947 |    0.6863 |   2.17e-04 |     
   30 |     0.1098 |     0.7995 |    0.6939 |     0.1096 |     0.7995 |    0.6962 |   2.11e-04 |     
   31 |     0.1100 |     0.8004 |    0.6948 |     0.1204 |     0.7933 |    0.6865 |   2.06e-04 |     
   32 |     0.1078 |     0.8031 |    0.6977 |     0.1063 |     0.8077 |    0.7051 |   2.00e-04 |     
   33 |     0.1066 |     0.8052 |    0.7006 |     0.1119 |     0.7959 |    0.6884 |   1.94e-04 |     
   34 |     0.1059 |     0.8063 |    0.7019 |     0.1097 |     0.8017 |    0.6963 |   1.89e-04 |     
   35 |     0.1044 |     0.8089 |    0.7053 |     0.1052 |     0.8108 |    0.7082 |   1.83e-04 |     
   36 |     0.1040 |     0.8097 |    0.7064 |     0.1073 |     0.7999 |    0.6943 |   1.77e-04 |     
   37 |     0.1048 |     0.8085 |    0.7047 |     0.1086 |     0.7999 |    0.6950 |   1.71e-04 |     
   38 |     0.1035 |     0.8101 |    0.7068 |     0.1042 |     0.8094 |    0.7070 |   1.65e-04 |     
   39 |     0.1021 |     0.8125 |    0.7099 |     0.1052 |     0.8071 |    0.7047 |   1.59e-04 |     
   40 |     0.1014 |     0.8135 |    0.7112 |     0.1052 |     0.8101 |    0.7089 |   1.53e-04 |     
   41 |     0.1007 |     0.8154 |    0.7135 |     0.1046 |     0.8120 |    0.7110 |   1.48e-04 |     
   42 |     0.1002 |     0.8163 |    0.7143 |     0.1045 |     0.8106 |    0.7087 |   1.42e-04 |     
   43 |     0.0986 |     0.8183 |    0.7172 |     0.1072 |     0.8092 |    0.7077 |   1.36e-04 |     
   44 |     0.0976 |     0.8210 |    0.7201 |     0.1020 |     0.8183 |    0.7185 |   1.30e-04 |     
   45 |     0.0973 |     0.8210 |    0.7204 |     0.1191 |     0.7921 |    0.6898 |   1.24e-04 |     
   46 |     0.0962 |     0.8230 |    0.7226 |     0.1033 |     0.8138 |    0.7140 |   1.18e-04 |     
   47 |     0.0954 |     0.8246 |    0.7249 |     0.1030 |     0.8082 |    0.7048 |   1.12e-04 |     
   48 |     0.0955 |     0.8241 |    0.7246 |     0.1029 |     0.8154 |    0.7143 |   1.07e-04 |     
   49 |     0.0943 |     0.8265 |    0.7277 |     0.1010 |     0.8167 |    0.7161 |   1.01e-04 |     
   50 |     0.0928 |     0.8293 |    0.7307 |     0.1054 |     0.8127 |    0.7122 |   9.54e-05 |     
   51 |     0.0922 |     0.8301 |    0.7320 |     0.1069 |     0.8143 |    0.7147 |   8.99e-05 |     
   52 |     0.0913 |     0.8311 |    0.7331 |     0.1116 |     0.8032 |    0.7015 |   8.45e-05 |     
   53 |     0.0901 |     0.8338 |    0.7364 |     0.0999 |     0.8179 |    0.7188 |   7.92e-05 |     
   54 |     0.0893 |     0.8345 |    0.7376 |     0.1002 |     0.8169 |    0.7174 |   7.40e-05 |     
   55 |     0.0887 |     0.8357 |    0.7390 |     0.1067 |     0.8089 |    0.7086 |   6.90e-05 |     
   56 |     0.0883 |     0.8360 |    0.7394 |     0.1003 |     0.8195 |    0.7200 |   6.41e-05 |     
   57 |     0.0873 |     0.8383 |    0.7422 |     0.1034 |     0.8173 |    0.7170 |   5.93e-05 |     
   58 |     0.0856 |     0.8411 |    0.7458 |     0.1017 |     0.8192 |    0.7208 |   5.47e-05 |     
   59 |     0.0851 |     0.8420 |    0.7466 |     0.1011 |     0.8200 |    0.7214 |   5.02e-05 |     
   60 |     0.0844 |     0.8432 |    0.7483 |     0.1008 |     0.8211 |    0.7224 |   4.58e-05 |     
   61 |     0.0836 |     0.8448 |    0.7509 |     0.1007 |     0.8188 |    0.7203 |   4.17e-05 |     
   62 |     0.0826 |     0.8462 |    0.7522 |     0.1002 |     0.8203 |    0.7218 |   3.77e-05 |     
   63 |     0.0816 |     0.8481 |    0.7546 |     0.1015 |     0.8192 |    0.7210 |   3.39e-05 |     
   64 |     0.0807 |     0.8496 |    0.7566 |     0.1015 |     0.8201 |    0.7222 |   3.03e-05 |     
   65 |     0.0805 |     0.8501 |    0.7575 |     0.1000 |     0.8196 |    0.7212 |   2.68e-05 |     
   66 |     0.0788 |     0.8530 |    0.7610 |     0.1000 |     0.8208 |    0.7229 |   2.36e-05 |     
   67 |     0.0783 |     0.8537 |    0.7618 |     0.1007 |     0.8231 |    0.7260 |   2.05e-05 |    *
   68 |     0.0776 |     0.8552 |    0.7638 |     0.1028 |     0.8217 |    0.7240 |   1.77e-05 |     
   69 |     0.0766 |     0.8568 |    0.7660 |     0.1001 |     0.8211 |    0.7234 |   1.51e-05 |     
   70 |     0.0760 |     0.8578 |    0.7675 |     0.1033 |     0.8219 |    0.7248 |   1.27e-05 |     
   71 |     0.0756 |     0.8585 |    0.7682 |     0.1012 |     0.8216 |    0.7237 |   1.05e-05 |     
   72 |     0.0753 |     0.8592 |    0.7691 |     0.0998 |     0.8230 |    0.7256 |   8.50e-06 |     
   73 |     0.0750 |     0.8599 |    0.7699 |     0.1015 |     0.8225 |    0.7247 |   6.76e-06 |     
   74 |     0.0739 |     0.8617 |    0.7725 |     0.1018 |     0.8228 |    0.7253 |   5.24e-06 |     
   75 |     0.0745 |     0.8608 |    0.7713 |     0.1030 |     0.8228 |    0.7256 |   3.95e-06 |     
   76 |     0.0735 |     0.8626 |    0.7736 |     0.1018 |     0.8215 |    0.7237 |   2.89e-06 |     
   77 |     0.0738 |     0.8622 |    0.7728 |     0.1017 |     0.8221 |    0.7246 |   2.06e-06 |     
   78 |     0.0732 |     0.8629 |    0.7739 |     0.1023 |     0.8229 |    0.7257 |   1.47e-06 |     
   79 |     0.0727 |     0.8640 |    0.7754 |     0.1009 |     0.8228 |    0.7252 |   1.12e-06 |     
   80 |     0.0730 |     0.8633 |    0.7744 |     0.1022 |     0.8224 |    0.7249 |   1.00e-06 |     
--- R2 + image-value context regrouping with regroup_text anchors validation statistics ---
up4: ca=0.9163+/-0.0840, sa=1.0083+/-0.0067, amp=0.0000, suppress=0.0000, guide_abs=0.1405
up4 residuals: local_mean=5.274e-02, global_mean=0.0166, local_strength=0.1204, global_strength=0.1188, gain=[0.9892,1.0555], saturation=0.0102, text_film=0.0193
up4 haar: reconstruction_error=9.537e-07, skip_low/high=0.7838/0.2162, plam_low/high=1.0000/0.0000
up4 strengths: plam=0.9117, region=0.1204, detail=0.1188; residual_std region/detail/refine=0.2907/0.3925/0.2946
up4 guide_mix: entropy=0.9706, raw_low=0.3251, plam_low=0.1785, decoder_low=0.3167, detail=0.1797; agreement plam/decoder=0.6426/0.3405, support=0.7814+/-0.0504
up4 adaptive_frequency: ALPF strength=0.2546, weights=0.1339/0.7286/0.1374, sum=1.0000, entropy=0.7020, delta_std=0.0975; AHPF strength=0.0793, weights=0.2847/0.5488/0.1665, sum=1.0000, entropy=0.8922, residual_std=0.1208, scaled_std=0.0096
up3: ca=1.0169+/-0.1274, sa=1.0091+/-0.0039, amp=0.0000, suppress=0.0000, guide_abs=0.2547
up3 residuals: local_mean=1.905e-02, global_mean=0.0553, local_strength=0.1193, global_strength=0.1227, gain=[0.9936,1.0269], saturation=0.0000, text_film=0.0294
up3 haar: reconstruction_error=9.537e-07, skip_low/high=0.7758/0.2242, plam_low/high=1.0000/0.0000
up3 strengths: plam=0.8843, region=0.1193, detail=0.1227; residual_std region/detail/refine=0.3179/0.5766/0.5045
up3 guide_mix: entropy=0.9797, raw_low=0.3309, plam_low=0.2105, decoder_low=0.2796, detail=0.1789; agreement plam/decoder=0.0031/-0.0823, support=0.6585+/-0.0677
up3 adaptive_frequency: ALPF strength=0.2989, weights=0.1073/0.3828/0.5099, sum=1.0000, entropy=0.7574, delta_std=0.0745; AHPF strength=0.1024, weights=0.6317/0.2314/0.1369, sum=1.0000, entropy=0.7469, residual_std=0.0859, scaled_std=0.0088
up2: ca=0.9413+/-0.0746, sa=1.0045+/-0.0033, amp=0.0000, suppress=0.0000, guide_abs=0.1665
up2 residuals: local_mean=5.817e-03, global_mean=0.0330, local_strength=0.1186, global_strength=0.1145, gain=[0.9704,1.0341], saturation=0.0000, text_film=0.0238
up2 haar: reconstruction_error=9.537e-07, skip_low/high=0.7623/0.2377, plam_low/high=1.0000/0.0000
up2 strengths: plam=0.8125, region=0.1186, detail=0.1145; residual_std region/detail/refine=0.1736/0.2724/0.1110
up2 guide_mix: entropy=0.9396, raw_low=0.2902, plam_low=0.1470, decoder_low=0.4004, detail=0.1624; agreement plam/decoder=0.6069/-0.1462, support=0.5554+/-0.0378
up1: ca=0.8695+/-0.0961, sa=1.0036+/-0.0106, amp=0.0000, suppress=0.0000, guide_abs=0.1947
up1 residuals: local_mean=9.515e-04, global_mean=0.0448, local_strength=0.1276, global_strength=0.0781, gain=[0.9237,1.0769], saturation=0.0272, text_film=0.0304
up1 haar: reconstruction_error=2.347e-06, skip_low/high=0.7207/0.2793, plam_low/high=1.0000/0.0000
up1 strengths: plam=0.9288, region=0.1276, detail=0.0781; residual_std region/detail/refine=0.5533/0.4080/0.1616
up1 guide_mix: entropy=0.9589, raw_low=0.2839, plam_low=0.2673, decoder_low=0.3297, detail=0.1190; agreement plam/decoder=0.6709/0.1882, support=0.7227+/-0.0920
