[boot] entered __main__, sending Bark start notification...
[boot] Bark call returned, continuing setup...
BetterLViT
Paper experiment RS1 / rs1_global_iou: R2 plus final-map regional overlap: global
Controlled factors: decoder_fusion=fam_eppa_v4b, RACE=False, LoRA=False, loss=dice_focal, seed=1219
Local runtime: batch_size=16, train_drop_last=True, deterministic=True, MIOpen=True, MIOPEN_FIND_MODE=unset
transformer head num: 4
transformer layers num: 4
transformer expand ratio: 4
total params: 149254103 (149.25M)
trainable params: 39624605 (39.62M, 26.55%)
Objective: dice_focal (boundary_weight=0.0)
Optimizer groups: decay=172 tensors, no_decay=324 tensors; EPPA residual gates are protected from L2 decay
log dir: 

========= Epoch [1/80] =========
RS1_Test_session_09.11_04h18
Training with batch size : 16
   [Train] Epoch: [1][20/357]  Loss:0.383 (Avg 0.4835) IoU:0.452 (Avg 0.2748) Dice:0.5934 (Avg 0.3928) LR 3.00e-04   (AvgTime 0.6)   
   [Train] Epoch: [1][40/357]  Loss:0.344 (Avg 0.4471) IoU:0.494 (Avg 0.3280) Dice:0.6215 (Avg 0.4498) LR 3.00e-04   (AvgTime 0.6)   
   [Train] Epoch: [1][60/357]  Loss:0.430 (Avg 0.4269) IoU:0.317 (Avg 0.3547) Dice:0.4475 (Avg 0.4779) LR 3.00e-04   (AvgTime 0.6)   
   [Train] Epoch: [1][80/357]  Loss:0.288 (Avg 0.4112) IoU:0.560 (Avg 0.3762) Dice:0.6942 (Avg 0.5022) LR 3.00e-04   (AvgTime 0.6)   
   [Train] Epoch: [1][100/357]  Loss:0.358 (Avg 0.3981) IoU:0.437 (Avg 0.3938) Dice:0.5592 (Avg 0.5213) LR 3.00e-04   (AvgTime 0.6)   
   [Train] Epoch: [1][120/357]  Loss:0.349 (Avg 0.3858) IoU:0.426 (Avg 0.4109) Dice:0.5526 (Avg 0.5393) LR 3.00e-04   (AvgTime 0.6)   
   [Train] Epoch: [1][140/357]  Loss:0.272 (Avg 0.3784) IoU:0.546 (Avg 0.4190) Dice:0.6751 (Avg 0.5482) LR 3.00e-04   (AvgTime 0.6)   
   [Train] Epoch: [1][160/357]  Loss:0.353 (Avg 0.3708) IoU:0.429 (Avg 0.4283) Dice:0.5683 (Avg 0.5578) LR 3.00e-04   (AvgTime 0.6)   
   [Train] Epoch: [1][180/357]  Loss:0.359 (Avg 0.3651) IoU:0.385 (Avg 0.4362) Dice:0.5269 (Avg 0.5657) LR 3.00e-04   (AvgTime 0.6)   
   [Train] Epoch: [1][200/357]  Loss:0.301 (Avg 0.3587) IoU:0.498 (Avg 0.4436) Dice:0.6286 (Avg 0.5731) LR 3.00e-04   (AvgTime 0.6)   
   [Train] Epoch: [1][220/357]  Loss:0.312 (Avg 0.3540) IoU:0.477 (Avg 0.4485) Dice:0.6062 (Avg 0.5781) LR 3.00e-04   (AvgTime 0.6)   
   [Train] Epoch: [1][240/357]  Loss:0.358 (Avg 0.3495) IoU:0.383 (Avg 0.4528) Dice:0.5261 (Avg 0.5824) LR 3.00e-04   (AvgTime 0.6)   
   [Train] Epoch: [1][260/357]  Loss:0.275 (Avg 0.3459) IoU:0.552 (Avg 0.4568) Dice:0.6740 (Avg 0.5863) LR 3.00e-04   (AvgTime 0.6)   
   [Train] Epoch: [1][280/357]  Loss:0.294 (Avg 0.3429) IoU:0.503 (Avg 0.4600) Dice:0.6578 (Avg 0.5897) LR 3.00e-04   (AvgTime 0.6)   
   [Train] Epoch: [1][300/357]  Loss:0.269 (Avg 0.3392) IoU:0.558 (Avg 0.4646) Dice:0.6972 (Avg 0.5942) LR 3.00e-04   (AvgTime 0.6)   
   [Train] Epoch: [1][320/357]  Loss:0.222 (Avg 0.3347) IoU:0.606 (Avg 0.4705) Dice:0.7442 (Avg 0.6000) LR 3.00e-04   (AvgTime 0.6)   
   [Train] Epoch: [1][340/357]  Loss:0.272 (Avg 0.3315) IoU:0.625 (Avg 0.4743) Dice:0.7529 (Avg 0.6039) LR 3.00e-04   (AvgTime 0.6)   
   [Train] Epoch: [1][357/357]  Loss:0.246 (Avg 0.3274) IoU:0.573 (Avg 0.4797) Dice:0.6976 (Avg 0.6089) LR 3.00e-04   (AvgTime 0.6)   
   [Train] Loss components: main_dice=0.382916, main_focal=0.088592, main=0.235754, region_raw=0.713922, region_weighted=0.091605, empty_window_fraction=0.000000, total=0.327359
Validation
[ WARN:0@209.427] global loadsave.cpp:848 imwrite_ Unsupported depth image for selected encoder is fallbacked to CV_8U.
   [Val] Epoch: [1][20/90]  Loss:0.340 (Avg 0.2882) IoU:0.429 (Avg 0.5313) Dice:0.5640 (Avg 0.6597) (AvgTime 0.3)   
   [Val] Epoch: [1][40/90]  Loss:0.346 (Avg 0.3017) IoU:0.423 (Avg 0.5167) Dice:0.5713 (Avg 0.6434) (AvgTime 0.3)   
   [Val] Epoch: [1][60/90]  Loss:0.353 (Avg 0.3000) IoU:0.434 (Avg 0.5109) Dice:0.5645 (Avg 0.6382) (AvgTime 0.3)   
   [Val] Epoch: [1][80/90]  Loss:0.327 (Avg 0.3065) IoU:0.448 (Avg 0.4956) Dice:0.5844 (Avg 0.6249) (AvgTime 0.3)   
   [Val] Epoch: [1][90/90]  Loss:0.401 (Avg 0.3091) IoU:0.374 (Avg 0.4911) Dice:0.4867 (Avg 0.6203) (AvgTime 0.3)   
   [Val] Loss components: main_dice=0.347647, main_focal=0.105134, main=0.226391, region_raw=0.644789, region_weighted=0.082734, empty_window_fraction=0.000000, total=0.309125
	 No iou improvement; selected epoch 1
	 early_stopping_count: 0/80
--- Epoch History (1..1) ---
Epoch |  TrainLoss |  TrainDice |  TrainIoU |    ValLoss |    ValDice |    ValIoU |         LR | Best
    1 |     0.3274 |     0.6089 |    0.4797 |     0.3091 |     0.6203 |    0.4911 |   3.00e-04 |    *
--- R2 plus final-map regional overlap: global validation statistics ---
up4: ca=0.9407+/-0.1116, sa=0.9972+/-0.0097, amp=0.0000, suppress=0.0000, guide_abs=0.4600
up4 residuals: local_mean=-2.334e-02, global_mean=-0.0048, local_strength=0.1033, global_strength=0.1005, gain=[0.9381,1.0303], saturation=0.0020, text_film=0.0363
up4 haar: reconstruction_error=4.768e-07, skip_low/high=0.8401/0.1599, plam_low/high=1.0000/0.0000
up4 strengths: plam=0.9968, region=0.1033, detail=0.1005; residual_std region/detail/refine=0.2858/0.3590/0.0492
up4 guide_mix: entropy=0.9687, raw_low=0.3144, plam_low=0.2585, decoder_low=0.2926, detail=0.1346; agreement plam/decoder=0.3865/0.3417, support=0.8103+/-0.0629
up4 adaptive_frequency: ALPF strength=0.2053, weights=0.2032/0.5793/0.2175, sum=1.0000, entropy=0.8510, delta_std=0.1339; AHPF strength=0.0812, weights=0.2786/0.5115/0.2100, sum=1.0000, entropy=0.9329, residual_std=0.1543, scaled_std=0.0125
up3: ca=0.9347+/-0.1827, sa=0.9983+/-0.0075, amp=0.0000, suppress=0.0000, guide_abs=0.4021
up3 residuals: local_mean=-1.228e-02, global_mean=-0.0035, local_strength=0.1041, global_strength=0.1025, gain=[0.9547,1.0322], saturation=0.0000, text_film=0.0814
up3 haar: reconstruction_error=7.153e-07, skip_low/high=0.8603/0.1397, plam_low/high=1.0000/0.0000
up3 strengths: plam=0.9961, region=0.1041, detail=0.1025; residual_std region/detail/refine=0.2469/0.2840/0.0688
up3 guide_mix: entropy=0.9593, raw_low=0.3316, plam_low=0.2684, decoder_low=0.2801, detail=0.1199; agreement plam/decoder=0.7813/-0.0806, support=0.5601+/-0.0215
up3 adaptive_frequency: ALPF strength=0.2043, weights=0.2546/0.6155/0.1299, sum=1.0000, entropy=0.8177, delta_std=0.0579; AHPF strength=0.0837, weights=0.2469/0.4287/0.3244, sum=1.0000, entropy=0.9049, residual_std=0.1564, scaled_std=0.0131
up2: ca=0.9106+/-0.1612, sa=0.9990+/-0.0044, amp=0.0000, suppress=0.0000, guide_abs=0.4086
up2 residuals: local_mean=-1.799e-03, global_mean=-0.0082, local_strength=0.1019, global_strength=0.1010, gain=[0.9695,1.0229], saturation=0.0000, text_film=0.0212
up2 haar: reconstruction_error=9.537e-07, skip_low/high=0.8695/0.1305, plam_low/high=1.0000/0.0000
up2 strengths: plam=0.9939, region=0.1019, detail=0.1010; residual_std region/detail/refine=0.0294/0.2360/0.0579
up2 guide_mix: entropy=0.9412, raw_low=0.3103, plam_low=0.3110, decoder_low=0.2860, detail=0.0927; agreement plam/decoder=0.2436/-0.1924, support=0.5214+/-0.0127
up1: ca=0.9404+/-0.1542, sa=0.9970+/-0.0126, amp=0.0000, suppress=0.0000, guide_abs=0.3339
up1 residuals: local_mean=-2.339e-02, global_mean=-0.0055, local_strength=0.1086, global_strength=0.0991, gain=[0.9095,1.0849], saturation=0.0000, text_film=0.0534
up1 haar: reconstruction_error=1.907e-06, skip_low/high=0.8558/0.1442, plam_low/high=1.0000/0.0000
up1 strengths: plam=0.9935, region=0.1086, detail=0.0991; residual_std region/detail/refine=0.2748/0.2925/0.0572
up1 guide_mix: entropy=0.9176, raw_low=0.3359, plam_low=0.3132, decoder_low=0.2815, detail=0.0694; agreement plam/decoder=0.4452/-0.1036, support=0.5830+/-0.0620

========= Epoch [2/80] =========
RS1_Test_session_09.11_04h18
Training with batch size : 16
   [Train] Epoch: [2][20/357]  Loss:0.247 (Avg 0.2653) IoU:0.580 (Avg 0.5564) Dice:0.7004 (Avg 0.6813) LR 3.00e-04   (AvgTime 0.6)   
   [Train] Epoch: [2][40/357]  Loss:0.244 (Avg 0.2670) IoU:0.596 (Avg 0.5532) Dice:0.7159 (Avg 0.6782) LR 3.00e-04   (AvgTime 0.6)   
   [Train] Epoch: [2][60/357]  Loss:0.297 (Avg 0.2694) IoU:0.532 (Avg 0.5473) Dice:0.6514 (Avg 0.6741) LR 3.00e-04   (AvgTime 0.6)   
   [Train] Epoch: [2][80/357]  Loss:0.312 (Avg 0.2698) IoU:0.517 (Avg 0.5469) Dice:0.6488 (Avg 0.6740) LR 3.00e-04   (AvgTime 0.6)   
   [Train] Epoch: [2][100/357]  Loss:0.257 (Avg 0.2649) IoU:0.586 (Avg 0.5545) Dice:0.6933 (Avg 0.6807) LR 3.00e-04   (AvgTime 0.6)   
   [Train] Epoch: [2][120/357]  Loss:0.257 (Avg 0.2618) IoU:0.589 (Avg 0.5597) Dice:0.6924 (Avg 0.6857) LR 3.00e-04   (AvgTime 0.6)   
   [Train] Epoch: [2][140/357]  Loss:0.280 (Avg 0.2606) IoU:0.539 (Avg 0.5623) Dice:0.6651 (Avg 0.6879) LR 3.00e-04   (AvgTime 0.6)   
   [Train] Epoch: [2][160/357]  Loss:0.355 (Avg 0.2598) IoU:0.397 (Avg 0.5639) Dice:0.5243 (Avg 0.6891) LR 3.00e-04   (AvgTime 0.6)   
   [Train] Epoch: [2][180/357]  Loss:0.285 (Avg 0.2598) IoU:0.504 (Avg 0.5639) Dice:0.6209 (Avg 0.6888) LR 3.00e-04   (AvgTime 0.6)   
   [Train] Epoch: [2][200/357]  Loss:0.224 (Avg 0.2586) IoU:0.616 (Avg 0.5652) Dice:0.7328 (Avg 0.6900) LR 3.00e-04   (AvgTime 0.6)   
   [Train] Epoch: [2][220/357]  Loss:0.234 (Avg 0.2575) IoU:0.622 (Avg 0.5669) Dice:0.7298 (Avg 0.6911) LR 3.00e-04   (AvgTime 0.6)   
   [Train] Epoch: [2][240/357]  Loss:0.260 (Avg 0.2563) IoU:0.565 (Avg 0.5687) Dice:0.6596 (Avg 0.6928) LR 3.00e-04   (AvgTime 0.6)   
   [Train] Epoch: [2][260/357]  Loss:0.247 (Avg 0.2557) IoU:0.565 (Avg 0.5695) Dice:0.6953 (Avg 0.6935) LR 3.00e-04   (AvgTime 0.6)   
   [Train] Epoch: [2][280/357]  Loss:0.247 (Avg 0.2545) IoU:0.555 (Avg 0.5705) Dice:0.6863 (Avg 0.6944) LR 3.00e-04   (AvgTime 0.6)   
   [Train] Epoch: [2][300/357]  Loss:0.260 (Avg 0.2531) IoU:0.560 (Avg 0.5722) Dice:0.6861 (Avg 0.6959) LR 3.00e-04   (AvgTime 0.6)   
   [Train] Epoch: [2][320/357]  Loss:0.239 (Avg 0.2517) IoU:0.585 (Avg 0.5743) Dice:0.7112 (Avg 0.6978) LR 3.00e-04   (AvgTime 0.6)   
   [Train] Epoch: [2][340/357]  Loss:0.202 (Avg 0.2506) IoU:0.677 (Avg 0.5754) Dice:0.7925 (Avg 0.6988) LR 3.00e-04   (AvgTime 0.6)   
   [Train] Epoch: [2][357/357]  Loss:0.187 (Avg 0.2493) IoU:0.672 (Avg 0.5773) Dice:0.7758 (Avg 0.7003) LR 3.00e-04   (AvgTime 0.6)   
   [Train] Loss components: main_dice=0.269123, main_focal=0.077886, main=0.173505, region_raw=0.590567, region_weighted=0.075777, empty_window_fraction=0.000000, total=0.249281
Validation
   [Val] Epoch: [2][20/90]  Loss:0.257 (Avg 0.2153) IoU:0.560 (Avg 0.6356) Dice:0.6807 (Avg 0.7487) (AvgTime 0.3)   
   [Val] Epoch: [2][40/90]  Loss:0.241 (Avg 0.2269) IoU:0.560 (Avg 0.6168) Dice:0.6963 (Avg 0.7303) (AvgTime 0.2)   
   [Val] Epoch: [2][60/90]  Loss:0.263 (Avg 0.2225) IoU:0.552 (Avg 0.6174) Dice:0.6746 (Avg 0.7303) (AvgTime 0.2)   
   [Val] Epoch: [2][80/90]  Loss:0.239 (Avg 0.2256) IoU:0.568 (Avg 0.6092) Dice:0.6980 (Avg 0.7239) (AvgTime 0.2)   
   [Val] Epoch: [2][90/90]  Loss:0.303 (Avg 0.2277) IoU:0.478 (Avg 0.6053) Dice:0.6084 (Avg 0.7202) (AvgTime 0.2)   
   [Val] Loss components: main_dice=0.250789, main_focal=0.066831, main=0.158810, region_raw=0.537182, region_weighted=0.068927, empty_window_fraction=0.000000, total=0.227737
	 No iou improvement; selected epoch 1
	 early_stopping_count: 1/80
--- Epoch History (1..2) ---
Epoch |  TrainLoss |  TrainDice |  TrainIoU |    ValLoss |    ValDice |    ValIoU |         LR | Best
    1 |     0.3274 |     0.6089 |    0.4797 |     0.3091 |     0.6203 |    0.4911 |   3.00e-04 |    *
    2 |     0.2493 |     0.7003 |    0.5773 |     0.2277 |     0.7202 |    0.6053 |   3.00e-04 |     
--- R2 plus final-map regional overlap: global validation statistics ---
up4: ca=0.9247+/-0.1273, sa=0.9969+/-0.0131, amp=0.0000, suppress=0.0000, guide_abs=0.4537
up4 residuals: local_mean=-2.919e-02, global_mean=-0.0019, local_strength=0.1045, global_strength=0.0991, gain=[0.9282,1.0330], saturation=0.0337, text_film=0.0290
up4 haar: reconstruction_error=5.960e-07, skip_low/high=0.8193/0.1807, plam_low/high=1.0000/0.0000
up4 strengths: plam=0.9944, region=0.1045, detail=0.0991; residual_std region/detail/refine=0.3454/0.4203/0.0480
up4 guide_mix: entropy=0.9744, raw_low=0.3263, plam_low=0.2422, decoder_low=0.2807, detail=0.1508; agreement plam/decoder=0.0531/0.3076, support=0.8138+/-0.0726
up4 adaptive_frequency: ALPF strength=0.2082, weights=0.1993/0.4911/0.3096, sum=1.0000, entropy=0.8799, delta_std=0.1482; AHPF strength=0.0815, weights=0.3415/0.4879/0.1706, sum=1.0000, entropy=0.9211, residual_std=0.1672, scaled_std=0.0136
up3: ca=0.9552+/-0.1836, sa=0.9976+/-0.0129, amp=0.0000, suppress=0.0000, guide_abs=0.3990
up3 residuals: local_mean=-1.942e-02, global_mean=-0.0035, local_strength=0.1060, global_strength=0.1047, gain=[0.9312,1.0539], saturation=0.0000, text_film=0.0599
up3 haar: reconstruction_error=9.537e-07, skip_low/high=0.8186/0.1814, plam_low/high=1.0000/0.0000
up3 strengths: plam=0.9925, region=0.1060, detail=0.1047; residual_std region/detail/refine=0.3621/0.3629/0.0961
up3 guide_mix: entropy=0.9724, raw_low=0.3195, plam_low=0.2513, decoder_low=0.2858, detail=0.1434; agreement plam/decoder=0.7597/0.0351, support=0.6170+/-0.0368
up3 adaptive_frequency: ALPF strength=0.2076, weights=0.2295/0.6331/0.1374, sum=1.0000, entropy=0.8037, delta_std=0.0698; AHPF strength=0.0857, weights=0.2543/0.4182/0.3275, sum=1.0000, entropy=0.9059, residual_std=0.1952, scaled_std=0.0167
up2: ca=0.9230+/-0.1539, sa=0.9990+/-0.0057, amp=0.0000, suppress=0.0000, guide_abs=0.3503
up2 residuals: local_mean=-2.551e-03, global_mean=-0.0069, local_strength=0.1044, global_strength=0.1024, gain=[0.9633,1.0341], saturation=0.0000, text_film=0.0219
up2 haar: reconstruction_error=1.252e-06, skip_low/high=0.8517/0.1483, plam_low/high=1.0000/0.0000
up2 strengths: plam=0.9898, region=0.1044, detail=0.1024; residual_std region/detail/refine=0.0970/0.2590/0.0510
up2 guide_mix: entropy=0.9520, raw_low=0.3039, plam_low=0.2989, decoder_low=0.2914, detail=0.1057; agreement plam/decoder=0.4888/-0.0782, support=0.5376+/-0.0334
up1: ca=0.9404+/-0.1447, sa=0.9964+/-0.0147, amp=0.0000, suppress=0.0000, guide_abs=0.2776
up1 residuals: local_mean=-3.170e-02, global_mean=-0.0023, local_strength=0.1118, global_strength=0.0991, gain=[0.9065,1.0890], saturation=0.0003, text_film=0.0328
up1 haar: reconstruction_error=2.034e-06, skip_low/high=0.8116/0.1884, plam_low/high=1.0000/0.0000
up1 strengths: plam=0.9886, region=0.1118, detail=0.0991; residual_std region/detail/refine=0.4108/0.3193/0.0530
up1 guide_mix: entropy=0.9266, raw_low=0.2959, plam_low=0.3273, decoder_low=0.2997, detail=0.0771; agreement plam/decoder=0.3573/-0.1897, support=0.5825+/-0.0761

========= Epoch [3/80] =========
RS1_Test_session_09.11_04h18
Training with batch size : 16
   [Train] Epoch: [3][20/357]  Loss:0.188 (Avg 0.2253) IoU:0.671 (Avg 0.6020) Dice:0.7808 (Avg 0.7198) LR 3.00e-04   (AvgTime 0.5)   
   [Train] Epoch: [3][40/357]  Loss:0.207 (Avg 0.2248) IoU:0.622 (Avg 0.6061) Dice:0.7489 (Avg 0.7243) LR 3.00e-04   (AvgTime 0.5)   
   [Train] Epoch: [3][60/357]  Loss:0.250 (Avg 0.2276) IoU:0.571 (Avg 0.6054) Dice:0.6945 (Avg 0.7230) LR 3.00e-04   (AvgTime 0.5)   
   [Train] Epoch: [3][80/357]  Loss:0.240 (Avg 0.2311) IoU:0.567 (Avg 0.6013) Dice:0.6941 (Avg 0.7198) LR 3.00e-04   (AvgTime 0.5)   
   [Train] Epoch: [3][100/357]  Loss:0.242 (Avg 0.2309) IoU:0.560 (Avg 0.6018) Dice:0.6857 (Avg 0.7209) LR 3.00e-04   (AvgTime 0.5)   
   [Train] Epoch: [3][120/357]  Loss:0.181 (Avg 0.2303) IoU:0.673 (Avg 0.6016) Dice:0.7942 (Avg 0.7214) LR 3.00e-04   (AvgTime 0.6)   
   [Train] Epoch: [3][140/357]  Loss:0.219 (Avg 0.2280) IoU:0.638 (Avg 0.6046) Dice:0.7546 (Avg 0.7244) LR 3.00e-04   (AvgTime 0.6)   
   [Train] Epoch: [3][160/357]  Loss:0.205 (Avg 0.2285) IoU:0.625 (Avg 0.6041) Dice:0.7484 (Avg 0.7238) LR 3.00e-04   (AvgTime 0.6)   
   [Train] Epoch: [3][180/357]  Loss:0.324 (Avg 0.2272) IoU:0.415 (Avg 0.6057) Dice:0.5480 (Avg 0.7253) LR 3.00e-04   (AvgTime 0.6)   
   [Train] Epoch: [3][200/357]  Loss:0.214 (Avg 0.2264) IoU:0.623 (Avg 0.6068) Dice:0.7419 (Avg 0.7261) LR 3.00e-04   (AvgTime 0.6)   
   [Train] Epoch: [3][220/357]  Loss:0.282 (Avg 0.2269) IoU:0.500 (Avg 0.6056) Dice:0.6386 (Avg 0.7252) LR 3.00e-04   (AvgTime 0.6)   
   [Train] Epoch: [3][240/357]  Loss:0.203 (Avg 0.2260) IoU:0.658 (Avg 0.6067) Dice:0.7579 (Avg 0.7265) LR 3.00e-04   (AvgTime 0.6)   
   [Train] Epoch: [3][260/357]  Loss:0.215 (Avg 0.2254) IoU:0.621 (Avg 0.6070) Dice:0.7367 (Avg 0.7267) LR 3.00e-04   (AvgTime 0.6)   
   [Train] Epoch: [3][280/357]  Loss:0.259 (Avg 0.2260) IoU:0.554 (Avg 0.6062) Dice:0.6697 (Avg 0.7259) LR 3.00e-04   (AvgTime 0.6)   
   [Train] Epoch: [3][300/357]  Loss:0.224 (Avg 0.2255) IoU:0.576 (Avg 0.6068) Dice:0.7101 (Avg 0.7263) LR 3.00e-04   (AvgTime 0.6)   
   [Train] Epoch: [3][320/357]  Loss:0.274 (Avg 0.2256) IoU:0.501 (Avg 0.6065) Dice:0.6533 (Avg 0.7262) LR 3.00e-04   (AvgTime 0.6)   
   [Train] Epoch: [3][340/357]  Loss:0.229 (Avg 0.2260) IoU:0.669 (Avg 0.6059) Dice:0.7776 (Avg 0.7256) LR 3.00e-04   (AvgTime 0.6)   
   [Train] Epoch: [3][357/357]  Loss:0.235 (Avg 0.2258) IoU:0.609 (Avg 0.6062) Dice:0.7150 (Avg 0.7259) LR 3.00e-04   (AvgTime 0.6)   
   [Train] Loss components: main_dice=0.240528, main_focal=0.073488, main=0.157008, region_raw=0.535892, region_weighted=0.068761, empty_window_fraction=0.000000, total=0.225769
Validation
   [Val] Epoch: [3][20/90]  Loss:0.219 (Avg 0.1997) IoU:0.624 (Avg 0.6635) Dice:0.7517 (Avg 0.7759) (AvgTime 0.2)   
   [Val] Epoch: [3][40/90]  Loss:0.225 (Avg 0.2089) IoU:0.592 (Avg 0.6450) Dice:0.7254 (Avg 0.7581) (AvgTime 0.2)   
   [Val] Epoch: [3][60/90]  Loss:0.246 (Avg 0.2038) IoU:0.584 (Avg 0.6496) Dice:0.7028 (Avg 0.7611) (AvgTime 0.2)   
   [Val] Epoch: [3][80/90]  Loss:0.209 (Avg 0.2059) IoU:0.621 (Avg 0.6446) Dice:0.7472 (Avg 0.7573) (AvgTime 0.2)   
   [Val] Epoch: [3][90/90]  Loss:0.259 (Avg 0.2068) IoU:0.557 (Avg 0.6429) Dice:0.6914 (Avg 0.7560) (AvgTime 0.2)   
   [Val] Loss components: main_dice=0.219975, main_focal=0.058287, main=0.139131, region_raw=0.527271, region_weighted=0.067655, empty_window_fraction=0.000000, total=0.206786
	 No iou improvement; selected epoch 1
	 early_stopping_count: 2/80
--- Epoch History (1..3) ---
Epoch |  TrainLoss |  TrainDice |  TrainIoU |    ValLoss |    ValDice |    ValIoU |         LR | Best
    1 |     0.3274 |     0.6089 |    0.4797 |     0.3091 |     0.6203 |    0.4911 |   3.00e-04 |    *
    2 |     0.2493 |     0.7003 |    0.5773 |     0.2277 |     0.7202 |    0.6053 |   3.00e-04 |     
    3 |     0.2258 |     0.7259 |    0.6062 |     0.2068 |     0.7560 |    0.6429 |   3.00e-04 |     
--- R2 plus final-map regional overlap: global validation statistics ---
up4: ca=0.9126+/-0.1395, sa=0.9968+/-0.0111, amp=0.0000, suppress=0.0000, guide_abs=0.3460
up4 residuals: local_mean=-1.911e-02, global_mean=-0.0141, local_strength=0.1053, global_strength=0.0977, gain=[0.9320,1.0352], saturation=0.0143, text_film=0.0233
up4 haar: reconstruction_error=5.364e-07, skip_low/high=0.8008/0.1992, plam_low/high=1.0000/0.0000
up4 strengths: plam=0.9913, region=0.1053, detail=0.0977; residual_std region/detail/refine=0.3897/0.4221/0.0720
up4 guide_mix: entropy=0.9773, raw_low=0.3002, plam_low=0.2690, decoder_low=0.2820, detail=0.1488; agreement plam/decoder=0.5379/0.5320, support=0.8025+/-0.0698
up4 adaptive_frequency: ALPF strength=0.2100, weights=0.2039/0.5666/0.2295, sum=1.0000, entropy=0.8631, delta_std=0.1394; AHPF strength=0.0812, weights=0.3374/0.4917/0.1709, sum=1.0000, entropy=0.9116, residual_std=0.1709, scaled_std=0.0139
up3: ca=0.9732+/-0.1814, sa=0.9969+/-0.0120, amp=0.0000, suppress=0.0000, guide_abs=0.4057
up3 residuals: local_mean=-1.628e-02, global_mean=-0.0128, local_strength=0.1071, global_strength=0.1063, gain=[0.9184,1.0486], saturation=0.0000, text_film=0.0667
up3 haar: reconstruction_error=9.537e-07, skip_low/high=0.8217/0.1783, plam_low/high=1.0000/0.0000
up3 strengths: plam=0.9891, region=0.1071, detail=0.1063; residual_std region/detail/refine=0.3714/0.3800/0.1903
up3 guide_mix: entropy=0.9721, raw_low=0.3117, plam_low=0.2766, decoder_low=0.2725, detail=0.1392; agreement plam/decoder=0.8047/0.3228, support=0.6192+/-0.0565
up3 adaptive_frequency: ALPF strength=0.2106, weights=0.1961/0.6844/0.1196, sum=1.0000, entropy=0.7455, delta_std=0.0705; AHPF strength=0.0864, weights=0.2408/0.4064/0.3528, sum=1.0000, entropy=0.9286, residual_std=0.1909, scaled_std=0.0165
up2: ca=0.9257+/-0.1395, sa=0.9997+/-0.0056, amp=0.0000, suppress=0.0000, guide_abs=0.2855
up2 residuals: local_mean=-1.404e-03, global_mean=-0.0012, local_strength=0.1057, global_strength=0.1033, gain=[0.9597,1.0405], saturation=0.0000, text_film=0.0195
up2 haar: reconstruction_error=1.192e-06, skip_low/high=0.8503/0.1497, plam_low/high=1.0000/0.0000
up2 strengths: plam=0.9853, region=0.1057, detail=0.1033; residual_std region/detail/refine=0.1268/0.2748/0.0627
up2 guide_mix: entropy=0.9523, raw_low=0.3057, plam_low=0.3188, decoder_low=0.2671, detail=0.1084; agreement plam/decoder=0.7412/-0.3942, support=0.5404+/-0.0381
up1: ca=0.9048+/-0.1437, sa=0.9970+/-0.0150, amp=0.0000, suppress=0.0000, guide_abs=0.2528
up1 residuals: local_mean=-2.896e-02, global_mean=0.0007, local_strength=0.1132, global_strength=0.0991, gain=[0.9035,1.0920], saturation=0.0004, text_film=0.0367
up1 haar: reconstruction_error=2.537e-06, skip_low/high=0.7917/0.2083, plam_low/high=1.0000/0.0000
up1 strengths: plam=0.9842, region=0.1132, detail=0.0991; residual_std region/detail/refine=0.4653/0.3453/0.0465
up1 guide_mix: entropy=0.9324, raw_low=0.2853, plam_low=0.3404, decoder_low=0.2897, detail=0.0846; agreement plam/decoder=0.3642/-0.2261, support=0.5877+/-0.0854

========= Epoch [4/80] =========
RS1_Test_session_09.11_04h18
Training with batch size : 16
   [Train] Epoch: [4][20/357]  Loss:0.246 (Avg 0.1990) IoU:0.581 (Avg 0.6487) Dice:0.7037 (Avg 0.7639) LR 2.99e-04   (AvgTime 0.6)   
   [Train] Epoch: [4][40/357]  Loss:0.246 (Avg 0.2046) IoU:0.552 (Avg 0.6377) Dice:0.6988 (Avg 0.7535) LR 2.99e-04   (AvgTime 0.6)   
   [Train] Epoch: [4][60/357]  Loss:0.276 (Avg 0.2133) IoU:0.503 (Avg 0.6263) Dice:0.6484 (Avg 0.7426) LR 2.99e-04   (AvgTime 0.6)   
   [Train] Epoch: [4][80/357]  Loss:0.189 (Avg 0.2151) IoU:0.687 (Avg 0.6239) Dice:0.7845 (Avg 0.7413) LR 2.99e-04   (AvgTime 0.6)   
   [Train] Epoch: [4][100/357]  Loss:0.194 (Avg 0.2161) IoU:0.646 (Avg 0.6221) Dice:0.7597 (Avg 0.7393) LR 2.99e-04   (AvgTime 0.6)   
   [Train] Epoch: [4][120/357]  Loss:0.192 (Avg 0.2168) IoU:0.639 (Avg 0.6205) Dice:0.7686 (Avg 0.7379) LR 2.99e-04   (AvgTime 0.6)   
   [Train] Epoch: [4][140/357]  Loss:0.259 (Avg 0.2185) IoU:0.561 (Avg 0.6185) Dice:0.6660 (Avg 0.7362) LR 2.99e-04   (AvgTime 0.6)   
   [Train] Epoch: [4][160/357]  Loss:0.217 (Avg 0.2187) IoU:0.599 (Avg 0.6172) Dice:0.7231 (Avg 0.7352) LR 2.99e-04   (AvgTime 0.6)   
   [Train] Epoch: [4][180/357]  Loss:0.223 (Avg 0.2186) IoU:0.633 (Avg 0.6166) Dice:0.7409 (Avg 0.7345) LR 2.99e-04   (AvgTime 0.6)   
   [Train] Epoch: [4][200/357]  Loss:0.151 (Avg 0.2189) IoU:0.718 (Avg 0.6164) Dice:0.8295 (Avg 0.7341) LR 2.99e-04   (AvgTime 0.6)   
   [Train] Epoch: [4][220/357]  Loss:0.258 (Avg 0.2179) IoU:0.511 (Avg 0.6177) Dice:0.6518 (Avg 0.7352) LR 2.99e-04   (AvgTime 0.6)   
   [Train] Epoch: [4][240/357]  Loss:0.190 (Avg 0.2166) IoU:0.641 (Avg 0.6190) Dice:0.7633 (Avg 0.7363) LR 2.99e-04   (AvgTime 0.6)   
   [Train] Epoch: [4][260/357]  Loss:0.297 (Avg 0.2166) IoU:0.549 (Avg 0.6195) Dice:0.6726 (Avg 0.7366) LR 2.99e-04   (AvgTime 0.6)   
   [Train] Epoch: [4][280/357]  Loss:0.191 (Avg 0.2171) IoU:0.669 (Avg 0.6193) Dice:0.7878 (Avg 0.7365) LR 2.99e-04   (AvgTime 0.6)   
   [Train] Epoch: [4][300/357]  Loss:0.174 (Avg 0.2169) IoU:0.687 (Avg 0.6194) Dice:0.8077 (Avg 0.7365) LR 2.99e-04   (AvgTime 0.6)   
   [Train] Epoch: [4][320/357]  Loss:0.247 (Avg 0.2165) IoU:0.576 (Avg 0.6196) Dice:0.6890 (Avg 0.7366) LR 2.99e-04   (AvgTime 0.6)   
   [Train] Epoch: [4][340/357]  Loss:0.180 (Avg 0.2156) IoU:0.648 (Avg 0.6208) Dice:0.7677 (Avg 0.7378) LR 2.99e-04   (AvgTime 0.6)   
   [Train] Epoch: [4][357/357]  Loss:0.228 (Avg 0.2153) IoU:0.640 (Avg 0.6212) Dice:0.7605 (Avg 0.7383) LR 2.99e-04   (AvgTime 0.6)   
   [Train] Loss components: main_dice=0.227908, main_focal=0.072287, main=0.150097, region_raw=0.508479, region_weighted=0.065244, empty_window_fraction=0.000000, total=0.215341
Validation
   [Val] Epoch: [4][20/90]  Loss:0.217 (Avg 0.1988) IoU:0.631 (Avg 0.6637) Dice:0.7567 (Avg 0.7798) (AvgTime 0.3)   
   [Val] Epoch: [4][40/90]  Loss:0.212 (Avg 0.2071) IoU:0.641 (Avg 0.6470) Dice:0.7597 (Avg 0.7628) (AvgTime 0.2)   
   [Val] Epoch: [4][60/90]  Loss:0.245 (Avg 0.2000) IoU:0.592 (Avg 0.6544) Dice:0.7112 (Avg 0.7679) (AvgTime 0.2)   
   [Val] Epoch: [4][80/90]  Loss:0.187 (Avg 0.2006) IoU:0.666 (Avg 0.6521) Dice:0.7857 (Avg 0.7661) (AvgTime 0.2)   
   [Val] Epoch: [4][90/90]  Loss:0.296 (Avg 0.2013) IoU:0.521 (Avg 0.6509) Dice:0.6597 (Avg 0.7654) (AvgTime 0.2)   
   [Val] Loss components: main_dice=0.202361, main_focal=0.077697, main=0.140029, region_raw=0.477458, region_weighted=0.061264, empty_window_fraction=0.000000, total=0.201293
	 No iou improvement; selected epoch 1
	 early_stopping_count: 3/80
--- Epoch History (1..4) ---
Epoch |  TrainLoss |  TrainDice |  TrainIoU |    ValLoss |    ValDice |    ValIoU |         LR | Best
    1 |     0.3274 |     0.6089 |    0.4797 |     0.3091 |     0.6203 |    0.4911 |   3.00e-04 |    *
    2 |     0.2493 |     0.7003 |    0.5773 |     0.2277 |     0.7202 |    0.6053 |   3.00e-04 |     
    3 |     0.2258 |     0.7259 |    0.6062 |     0.2068 |     0.7560 |    0.6429 |   3.00e-04 |     
    4 |     0.2153 |     0.7383 |    0.6212 |     0.2013 |     0.7654 |    0.6509 |   2.99e-04 |     
--- R2 plus final-map regional overlap: global validation statistics ---
up4: ca=0.9149+/-0.1543, sa=0.9988+/-0.0116, amp=0.0000, suppress=0.0000, guide_abs=0.3103
up4 residuals: local_mean=-3.474e-03, global_mean=-0.0109, local_strength=0.1058, global_strength=0.0969, gain=[0.9464,1.0410], saturation=0.0010, text_film=0.0204
up4 haar: reconstruction_error=6.407e-07, skip_low/high=0.8033/0.1967, plam_low/high=1.0000/0.0000
up4 strengths: plam=0.9873, region=0.1058, detail=0.0969; residual_std region/detail/refine=0.3557/0.4589/0.0928
up4 guide_mix: entropy=0.9784, raw_low=0.3171, plam_low=0.2527, decoder_low=0.2745, detail=0.1558; agreement plam/decoder=0.6609/0.5372, support=0.7876+/-0.0608
up4 adaptive_frequency: ALPF strength=0.2109, weights=0.1989/0.6259/0.1752, sum=1.0000, entropy=0.8308, delta_std=0.1281; AHPF strength=0.0807, weights=0.3561/0.4865/0.1574, sum=1.0000, entropy=0.9052, residual_std=0.1822, scaled_std=0.0147
up3: ca=0.9792+/-0.2057, sa=0.9973+/-0.0121, amp=0.0000, suppress=0.0000, guide_abs=0.3687
up3 residuals: local_mean=-1.451e-02, global_mean=-0.0117, local_strength=0.1080, global_strength=0.1075, gain=[0.9242,1.0477], saturation=0.0000, text_film=0.0523
up3 haar: reconstruction_error=9.537e-07, skip_low/high=0.8230/0.1770, plam_low/high=1.0000/0.0000
up3 strengths: plam=0.9857, region=0.1080, detail=0.1075; residual_std region/detail/refine=0.4351/0.4496/0.2718
up3 guide_mix: entropy=0.9723, raw_low=0.3336, plam_low=0.2511, decoder_low=0.2687, detail=0.1467; agreement plam/decoder=0.7730/0.1481, support=0.6489+/-0.0670
up3 adaptive_frequency: ALPF strength=0.2130, weights=0.2014/0.6373/0.1613, sum=1.0000, entropy=0.7873, delta_std=0.0702; AHPF strength=0.0874, weights=0.3160/0.3232/0.3608, sum=1.0000, entropy=0.8884, residual_std=0.2034, scaled_std=0.0178
up2: ca=0.9149+/-0.1488, sa=1.0000+/-0.0063, amp=0.0000, suppress=0.0000, guide_abs=0.2670
up2 residuals: local_mean=-5.522e-04, global_mean=0.0007, local_strength=0.1061, global_strength=0.1043, gain=[0.9608,1.0419], saturation=0.0000, text_film=0.0163
up2 haar: reconstruction_error=9.537e-07, skip_low/high=0.8235/0.1765, plam_low/high=1.0000/0.0000
up2 strengths: plam=0.9802, region=0.1061, detail=0.1043; residual_std region/detail/refine=0.1304/0.2949/0.1085
up2 guide_mix: entropy=0.9586, raw_low=0.2855, plam_low=0.2853, decoder_low=0.3135, detail=0.1157; agreement plam/decoder=0.7388/-0.1377, support=0.5422+/-0.0388
up1: ca=0.9150+/-0.1431, sa=0.9975+/-0.0146, amp=0.0000, suppress=0.0000, guide_abs=0.2386
up1 residuals: local_mean=-2.567e-02, global_mean=0.0035, local_strength=0.1136, global_strength=0.0990, gain=[0.9033,1.0930], saturation=0.0000, text_film=0.0292
up1 haar: reconstruction_error=1.907e-06, skip_low/high=0.7680/0.2320, plam_low/high=1.0000/0.0000
up1 strengths: plam=0.9811, region=0.1136, detail=0.0990; residual_std region/detail/refine=0.4601/0.3445/0.0542
up1 guide_mix: entropy=0.9209, raw_low=0.2437, plam_low=0.3471, decoder_low=0.3310, detail=0.0783; agreement plam/decoder=0.7035/-0.1660, support=0.5906+/-0.0866

========= Epoch [5/80] =========
RS1_Test_session_09.11_04h18
Training with batch size : 16
   [Train] Epoch: [5][20/357]  Loss:0.179 (Avg 0.2124) IoU:0.698 (Avg 0.6198) Dice:0.8094 (Avg 0.7380) LR 2.98e-04   (AvgTime 0.6)   
   [Train] Epoch: [5][40/357]  Loss:0.197 (Avg 0.2081) IoU:0.614 (Avg 0.6360) Dice:0.7510 (Avg 0.7523) LR 2.98e-04   (AvgTime 0.6)   
   [Train] Epoch: [5][60/357]  Loss:0.225 (Avg 0.2074) IoU:0.561 (Avg 0.6355) Dice:0.6988 (Avg 0.7515) LR 2.98e-04   (AvgTime 0.6)   
   [Train] Epoch: [5][80/357]  Loss:0.195 (Avg 0.2103) IoU:0.643 (Avg 0.6276) Dice:0.7705 (Avg 0.7446) LR 2.98e-04   (AvgTime 0.6)   
   [Train] Epoch: [5][100/357]  Loss:0.197 (Avg 0.2087) IoU:0.662 (Avg 0.6298) Dice:0.7742 (Avg 0.7465) LR 2.98e-04   (AvgTime 0.6)   
   [Train] Epoch: [5][120/357]  Loss:0.257 (Avg 0.2090) IoU:0.579 (Avg 0.6308) Dice:0.7006 (Avg 0.7469) LR 2.98e-04   (AvgTime 0.6)   
   [Train] Epoch: [5][140/357]  Loss:0.189 (Avg 0.2096) IoU:0.669 (Avg 0.6288) Dice:0.7825 (Avg 0.7453) LR 2.98e-04   (AvgTime 0.6)   
   [Train] Epoch: [5][160/357]  Loss:0.183 (Avg 0.2100) IoU:0.663 (Avg 0.6286) Dice:0.7873 (Avg 0.7455) LR 2.98e-04   (AvgTime 0.6)   
   [Train] Epoch: [5][180/357]  Loss:0.206 (Avg 0.2088) IoU:0.593 (Avg 0.6300) Dice:0.7279 (Avg 0.7468) LR 2.98e-04   (AvgTime 0.6)   
   [Train] Epoch: [5][200/357]  Loss:0.147 (Avg 0.2076) IoU:0.730 (Avg 0.6318) Dice:0.8309 (Avg 0.7482) LR 2.98e-04   (AvgTime 0.6)   
   [Train] Epoch: [5][220/357]  Loss:0.182 (Avg 0.2070) IoU:0.637 (Avg 0.6323) Dice:0.7594 (Avg 0.7484) LR 2.98e-04   (AvgTime 0.6)   
   [Train] Epoch: [5][240/357]  Loss:0.204 (Avg 0.2073) IoU:0.614 (Avg 0.6313) Dice:0.7247 (Avg 0.7475) LR 2.98e-04   (AvgTime 0.6)   
   [Train] Epoch: [5][260/357]  Loss:0.174 (Avg 0.2073) IoU:0.666 (Avg 0.6313) Dice:0.7865 (Avg 0.7474) LR 2.98e-04   (AvgTime 0.6)   
   [Train] Epoch: [5][280/357]  Loss:0.153 (Avg 0.2063) IoU:0.720 (Avg 0.6325) Dice:0.8192 (Avg 0.7485) LR 2.98e-04   (AvgTime 0.6)   
   [Train] Epoch: [5][300/357]  Loss:0.206 (Avg 0.2057) IoU:0.614 (Avg 0.6336) Dice:0.7476 (Avg 0.7494) LR 2.98e-04   (AvgTime 0.6)   
   [Train] Epoch: [5][320/357]  Loss:0.235 (Avg 0.2049) IoU:0.591 (Avg 0.6343) Dice:0.7072 (Avg 0.7498) LR 2.98e-04   (AvgTime 0.6)   
   [Train] Epoch: [5][340/357]  Loss:0.162 (Avg 0.2046) IoU:0.700 (Avg 0.6346) Dice:0.8015 (Avg 0.7501) LR 2.98e-04   (AvgTime 0.6)   
   [Train] Epoch: [5][357/357]  Loss:0.252 (Avg 0.2041) IoU:0.636 (Avg 0.6359) Dice:0.7453 (Avg 0.7514) LR 2.98e-04   (AvgTime 0.6)   
   [Train] Loss components: main_dice=0.214685, main_focal=0.068987, main=0.141836, region_raw=0.484898, region_weighted=0.062218, empty_window_fraction=0.000000, total=0.204055
Validation
   [Val] Epoch: [5][20/90]  Loss:0.226 (Avg 0.1923) IoU:0.602 (Avg 0.6568) Dice:0.7267 (Avg 0.7714) (AvgTime 0.3)   
   [Val] Epoch: [5][40/90]  Loss:0.198 (Avg 0.2010) IoU:0.617 (Avg 0.6399) Dice:0.7446 (Avg 0.7544) (AvgTime 0.2)   
   [Val] Epoch: [5][60/90]  Loss:0.224 (Avg 0.1919) IoU:0.609 (Avg 0.6498) Dice:0.7220 (Avg 0.7621) (AvgTime 0.2)   
   [Val] Epoch: [5][80/90]  Loss:0.190 (Avg 0.1922) IoU:0.645 (Avg 0.6468) Dice:0.7622 (Avg 0.7602) (AvgTime 0.2)   
   [Val] Epoch: [5][90/90]  Loss:0.241 (Avg 0.1929) IoU:0.555 (Avg 0.6456) Dice:0.6949 (Avg 0.7592) (AvgTime 0.2)   
   [Val] Loss components: main_dice=0.208319, main_focal=0.057976, main=0.133147, region_raw=0.465363, region_weighted=0.059712, empty_window_fraction=0.000000, total=0.192859
	 No iou improvement; selected epoch 1
	 early_stopping_count: 4/80
--- Epoch History (1..5) ---
Epoch |  TrainLoss |  TrainDice |  TrainIoU |    ValLoss |    ValDice |    ValIoU |         LR | Best
    1 |     0.3274 |     0.6089 |    0.4797 |     0.3091 |     0.6203 |    0.4911 |   3.00e-04 |    *
    2 |     0.2493 |     0.7003 |    0.5773 |     0.2277 |     0.7202 |    0.6053 |   3.00e-04 |     
    3 |     0.2258 |     0.7259 |    0.6062 |     0.2068 |     0.7560 |    0.6429 |   3.00e-04 |     
    4 |     0.2153 |     0.7383 |    0.6212 |     0.2013 |     0.7654 |    0.6509 |   2.99e-04 |     
    5 |     0.2041 |     0.7514 |    0.6359 |     0.1929 |     0.7592 |    0.6456 |   2.98e-04 |     
--- R2 plus final-map regional overlap: global validation statistics ---
up4: ca=0.8810+/-0.1360, sa=0.9994+/-0.0088, amp=0.0000, suppress=0.0000, guide_abs=0.2591
up4 residuals: local_mean=3.917e-03, global_mean=-0.0120, local_strength=0.1061, global_strength=0.0967, gain=[0.9699,1.0290], saturation=0.0000, text_film=0.0195
up4 haar: reconstruction_error=9.537e-07, skip_low/high=0.8068/0.1932, plam_low/high=1.0000/0.0000
up4 strengths: plam=0.9852, region=0.1061, detail=0.0967; residual_std region/detail/refine=0.3285/0.4641/0.1614
up4 guide_mix: entropy=0.9778, raw_low=0.3074, plam_low=0.2593, decoder_low=0.2816, detail=0.1517; agreement plam/decoder=0.6666/0.4710, support=0.7359+/-0.0737
up4 adaptive_frequency: ALPF strength=0.2125, weights=0.1744/0.6504/0.1752, sum=1.0000, entropy=0.8063, delta_std=0.1564; AHPF strength=0.0803, weights=0.3010/0.5364/0.1626, sum=1.0000, entropy=0.8916, residual_std=0.1950, scaled_std=0.0157
up3: ca=0.9723+/-0.1863, sa=0.9991+/-0.0093, amp=0.0000, suppress=0.0000, guide_abs=0.3568
up3 residuals: local_mean=-9.015e-03, global_mean=0.0011, local_strength=0.1086, global_strength=0.1085, gain=[0.9463,1.0431], saturation=0.0000, text_film=0.0375
up3 haar: reconstruction_error=9.537e-07, skip_low/high=0.8172/0.1828, plam_low/high=1.0000/0.0000
up3 strengths: plam=0.9827, region=0.1086, detail=0.1085; residual_std region/detail/refine=0.4457/0.4931/0.3411
up3 guide_mix: entropy=0.9716, raw_low=0.3000, plam_low=0.2738, decoder_low=0.2893, detail=0.1369; agreement plam/decoder=0.7389/0.0572, support=0.6920+/-0.0621
up3 adaptive_frequency: ALPF strength=0.2150, weights=0.1974/0.6387/0.1639, sum=1.0000, entropy=0.7920, delta_std=0.0849; AHPF strength=0.0879, weights=0.4329/0.3437/0.2234, sum=1.0000, entropy=0.8731, residual_std=0.1587, scaled_std=0.0140
up2: ca=0.9423+/-0.1366, sa=1.0005+/-0.0053, amp=0.0000, suppress=0.0000, guide_abs=0.2613
up2 residuals: local_mean=8.758e-04, global_mean=0.0039, local_strength=0.1066, global_strength=0.1051, gain=[0.9562,1.0378], saturation=0.0000, text_film=0.0155
up2 haar: reconstruction_error=1.371e-06, skip_low/high=0.8373/0.1627, plam_low/high=1.0000/0.0000
up2 strengths: plam=0.9757, region=0.1066, detail=0.1051; residual_std region/detail/refine=0.1318/0.2981/0.1386
up2 guide_mix: entropy=0.9555, raw_low=0.2916, plam_low=0.3021, decoder_low=0.2959, detail=0.1104; agreement plam/decoder=0.8428/-0.0258, support=0.5411+/-0.0336
up1: ca=0.9224+/-0.1427, sa=0.9977+/-0.0143, amp=0.0000, suppress=0.0000, guide_abs=0.2527
up1 residuals: local_mean=-2.555e-02, global_mean=0.0050, local_strength=0.1145, global_strength=0.0988, gain=[0.9010,1.0909], saturation=0.0000, text_film=0.0290
up1 haar: reconstruction_error=2.332e-06, skip_low/high=0.7729/0.2271, plam_low/high=1.0000/0.0000
up1 strengths: plam=0.9776, region=0.1145, detail=0.0988; residual_std region/detail/refine=0.4631/0.3705/0.0506
up1 guide_mix: entropy=0.9312, raw_low=0.2675, plam_low=0.3529, decoder_low=0.2937, detail=0.0858; agreement plam/decoder=0.6799/-0.0367, support=0.6043+/-0.0969

========= Epoch [6/80] =========
RS1_Test_session_09.11_04h18
Training with batch size : 16
   [Train] Epoch: [6][20/357]  Loss:0.301 (Avg 0.2061) IoU:0.456 (Avg 0.6311) Dice:0.6054 (Avg 0.7491) LR 2.97e-04   (AvgTime 0.6)   
   [Train] Epoch: [6][40/357]  Loss:0.207 (Avg 0.2069) IoU:0.607 (Avg 0.6291) Dice:0.7246 (Avg 0.7479) LR 2.97e-04   (AvgTime 0.6)   
   [Train] Epoch: [6][60/357]  Loss:0.223 (Avg 0.2092) IoU:0.591 (Avg 0.6250) Dice:0.7237 (Avg 0.7442) LR 2.97e-04   (AvgTime 0.6)   
   [Train] Epoch: [6][80/357]  Loss:0.186 (Avg 0.2074) IoU:0.681 (Avg 0.6311) Dice:0.7788 (Avg 0.7493) LR 2.97e-04   (AvgTime 0.6)   
   [Train] Epoch: [6][100/357]  Loss:0.283 (Avg 0.2080) IoU:0.515 (Avg 0.6314) Dice:0.6438 (Avg 0.7486) LR 2.97e-04   (AvgTime 0.6)   
   [Train] Epoch: [6][120/357]  Loss:0.163 (Avg 0.2071) IoU:0.709 (Avg 0.6324) Dice:0.8058 (Avg 0.7487) LR 2.97e-04   (AvgTime 0.6)   
   [Train] Epoch: [6][140/357]  Loss:0.280 (Avg 0.2068) IoU:0.577 (Avg 0.6327) Dice:0.6888 (Avg 0.7490) LR 2.97e-04   (AvgTime 0.6)   
   [Train] Epoch: [6][160/357]  Loss:0.198 (Avg 0.2054) IoU:0.638 (Avg 0.6345) Dice:0.7570 (Avg 0.7504) LR 2.97e-04   (AvgTime 0.6)   
   [Train] Epoch: [6][180/357]  Loss:0.196 (Avg 0.2037) IoU:0.654 (Avg 0.6370) Dice:0.7594 (Avg 0.7521) LR 2.97e-04   (AvgTime 0.6)   
   [Train] Epoch: [6][200/357]  Loss:0.187 (Avg 0.2025) IoU:0.674 (Avg 0.6393) Dice:0.7777 (Avg 0.7539) LR 2.97e-04   (AvgTime 0.6)   
   [Train] Epoch: [6][220/357]  Loss:0.192 (Avg 0.2016) IoU:0.639 (Avg 0.6407) Dice:0.7549 (Avg 0.7550) LR 2.97e-04   (AvgTime 0.6)   
   [Train] Epoch: [6][240/357]  Loss:0.171 (Avg 0.2019) IoU:0.681 (Avg 0.6407) Dice:0.7978 (Avg 0.7553) LR 2.97e-04   (AvgTime 0.6)   
   [Train] Epoch: [6][260/357]  Loss:0.209 (Avg 0.2005) IoU:0.639 (Avg 0.6426) Dice:0.7573 (Avg 0.7571) LR 2.97e-04   (AvgTime 0.6)   
   [Train] Epoch: [6][280/357]  Loss:0.188 (Avg 0.2001) IoU:0.648 (Avg 0.6430) Dice:0.7743 (Avg 0.7573) LR 2.97e-04   (AvgTime 0.6)   
   [Train] Epoch: [6][300/357]  Loss:0.170 (Avg 0.1999) IoU:0.693 (Avg 0.6436) Dice:0.7933 (Avg 0.7580) LR 2.97e-04   (AvgTime 0.6)   
   [Train] Epoch: [6][320/357]  Loss:0.139 (Avg 0.1994) IoU:0.751 (Avg 0.6443) Dice:0.8528 (Avg 0.7584) LR 2.97e-04   (AvgTime 0.6)   
   [Train] Epoch: [6][340/357]  Loss:0.252 (Avg 0.1997) IoU:0.540 (Avg 0.6444) Dice:0.6783 (Avg 0.7583) LR 2.97e-04   (AvgTime 0.6)   
   [Train] Epoch: [6][357/357]  Loss:0.166 (Avg 0.2002) IoU:0.704 (Avg 0.6433) Dice:0.8130 (Avg 0.7575) LR 2.97e-04   (AvgTime 0.6)   
   [Train] Loss components: main_dice=0.209685, main_focal=0.068951, main=0.139318, region_raw=0.474212, region_weighted=0.060847, empty_window_fraction=0.000000, total=0.200165
Validation
   [Val] Epoch: [6][20/90]  Loss:0.221 (Avg 0.1954) IoU:0.609 (Avg 0.6498) Dice:0.7361 (Avg 0.7689) (AvgTime 0.3)   
   [Val] Epoch: [6][40/90]  Loss:0.200 (Avg 0.2073) IoU:0.623 (Avg 0.6313) Dice:0.7520 (Avg 0.7506) (AvgTime 0.2)   
   [Val] Epoch: [6][60/90]  Loss:0.235 (Avg 0.1998) IoU:0.596 (Avg 0.6390) Dice:0.7144 (Avg 0.7567) (AvgTime 0.2)   
   [Val] Epoch: [6][80/90]  Loss:0.176 (Avg 0.1984) IoU:0.666 (Avg 0.6391) Dice:0.7829 (Avg 0.7571) (AvgTime 0.2)   
   [Val] Epoch: [6][90/90]  Loss:0.241 (Avg 0.1994) IoU:0.545 (Avg 0.6374) Dice:0.6881 (Avg 0.7556) (AvgTime 0.2)   
   [Val] Loss components: main_dice=0.212141, main_focal=0.060948, main=0.136544, region_raw=0.489943, region_weighted=0.062866, empty_window_fraction=0.000000, total=0.199410
	 Saving best model by iou: 0.637395
	 Saving to Covid19/BetterLViT/rs1_global_iou/RS1_Test_session_09.11_04h18/models//best_model-BetterLViT.pth.tar
	 early_stopping_count: 0/80
--- Epoch History (1..6) ---
Epoch |  TrainLoss |  TrainDice |  TrainIoU |    ValLoss |    ValDice |    ValIoU |         LR | Best
    1 |     0.3274 |     0.6089 |    0.4797 |     0.3091 |     0.6203 |    0.4911 |   3.00e-04 |     
    2 |     0.2493 |     0.7003 |    0.5773 |     0.2277 |     0.7202 |    0.6053 |   3.00e-04 |     
    3 |     0.2258 |     0.7259 |    0.6062 |     0.2068 |     0.7560 |    0.6429 |   3.00e-04 |     
    4 |     0.2153 |     0.7383 |    0.6212 |     0.2013 |     0.7654 |    0.6509 |   2.99e-04 |     
    5 |     0.2041 |     0.7514 |    0.6359 |     0.1929 |     0.7592 |    0.6456 |   2.98e-04 |     
    6 |     0.2002 |     0.7575 |    0.6433 |     0.1994 |     0.7556 |    0.6374 |   2.97e-04 |    *
--- R2 plus final-map regional overlap: global validation statistics ---
up4: ca=0.9018+/-0.1631, sa=1.0006+/-0.0073, amp=0.0000, suppress=0.0000, guide_abs=0.2821
up4 residuals: local_mean=1.186e-02, global_mean=-0.0084, local_strength=0.1064, global_strength=0.0967, gain=[0.9791,1.0279], saturation=0.0000, text_film=0.0415
up4 haar: reconstruction_error=9.537e-07, skip_low/high=0.8253/0.1747, plam_low/high=1.0000/0.0000
up4 strengths: plam=0.9825, region=0.1064, detail=0.0967; residual_std region/detail/refine=0.3403/0.4001/0.1912
up4 guide_mix: entropy=0.9708, raw_low=0.3247, plam_low=0.2301, decoder_low=0.2984, detail=0.1468; agreement plam/decoder=0.5904/0.1627, support=0.6858+/-0.0734
up4 adaptive_frequency: ALPF strength=0.2143, weights=0.1939/0.6237/0.1825, sum=1.0000, entropy=0.8372, delta_std=0.1289; AHPF strength=0.0799, weights=0.3051/0.5221/0.1728, sum=1.0000, entropy=0.9063, residual_std=0.1622, scaled_std=0.0130
up3: ca=0.9927+/-0.1940, sa=0.9986+/-0.0092, amp=0.0000, suppress=0.0000, guide_abs=0.3506
up3 residuals: local_mean=-1.014e-02, global_mean=-0.0035, local_strength=0.1090, global_strength=0.1092, gain=[0.9491,1.0336], saturation=0.0000, text_film=0.0352
up3 haar: reconstruction_error=9.537e-07, skip_low/high=0.8241/0.1759, plam_low/high=1.0000/0.0000
up3 strengths: plam=0.9795, region=0.1090, detail=0.1092; residual_std region/detail/refine=0.4626/0.5235/0.3915
up3 guide_mix: entropy=0.9720, raw_low=0.3258, plam_low=0.2488, decoder_low=0.2812, detail=0.1441; agreement plam/decoder=0.7177/0.1642, support=0.6627+/-0.0726
up3 adaptive_frequency: ALPF strength=0.2173, weights=0.2468/0.6118/0.1413, sum=1.0000, entropy=0.8170, delta_std=0.0698; AHPF strength=0.0889, weights=0.2792/0.3824/0.3384, sum=1.0000, entropy=0.9312, residual_std=0.1921, scaled_std=0.0171
up2: ca=0.9294+/-0.1362, sa=1.0010+/-0.0056, amp=0.0000, suppress=0.0000, guide_abs=0.2470
up2 residuals: local_mean=6.368e-04, global_mean=0.0086, local_strength=0.1069, global_strength=0.1059, gain=[0.9536,1.0452], saturation=0.0000, text_film=0.0102
up2 haar: reconstruction_error=1.103e-06, skip_low/high=0.8206/0.1794, plam_low/high=1.0000/0.0000
up2 strengths: plam=0.9702, region=0.1069, detail=0.1059; residual_std region/detail/refine=0.1268/0.3303/0.1700
up2 guide_mix: entropy=0.9638, raw_low=0.2991, plam_low=0.2819, decoder_low=0.2959, detail=0.1231; agreement plam/decoder=0.7957/-0.0425, support=0.5392+/-0.0290
up1: ca=0.9091+/-0.1567, sa=0.9976+/-0.0142, amp=0.0000, suppress=0.0000, guide_abs=0.2372
up1 residuals: local_mean=-2.634e-02, global_mean=0.0050, local_strength=0.1151, global_strength=0.0989, gain=[0.9023,1.0920], saturation=0.0000, text_film=0.0262
up1 haar: reconstruction_error=1.907e-06, skip_low/high=0.7750/0.2250, plam_low/high=1.0000/0.0000
up1 strengths: plam=0.9745, region=0.1151, detail=0.0989; residual_std region/detail/refine=0.4858/0.3638/0.0636
up1 guide_mix: entropy=0.9393, raw_low=0.2865, plam_low=0.3156, decoder_low=0.3074, detail=0.0905; agreement plam/decoder=0.3430/-0.2263, support=0.6155+/-0.0938

========= Epoch [7/80] =========
RS1_Test_session_09.11_04h18
Training with batch size : 16
   [Train] Epoch: [7][20/357]  Loss:0.212 (Avg 0.1893) IoU:0.574 (Avg 0.6545) Dice:0.7066 (Avg 0.7676) LR 2.96e-04   (AvgTime 0.6)   
   [Train] Epoch: [7][40/357]  Loss:0.199 (Avg 0.1961) IoU:0.635 (Avg 0.6461) Dice:0.7638 (Avg 0.7606) LR 2.96e-04   (AvgTime 0.6)   
   [Train] Epoch: [7][60/357]  Loss:0.197 (Avg 0.1976) IoU:0.657 (Avg 0.6456) Dice:0.7544 (Avg 0.7595) LR 2.96e-04   (AvgTime 0.6)   
   [Train] Epoch: [7][80/357]  Loss:0.202 (Avg 0.1964) IoU:0.597 (Avg 0.6468) Dice:0.7350 (Avg 0.7606) LR 2.96e-04   (AvgTime 0.6)   
   [Train] Epoch: [7][100/357]  Loss:0.186 (Avg 0.1986) IoU:0.661 (Avg 0.6437) Dice:0.7694 (Avg 0.7581) LR 2.96e-04   (AvgTime 0.6)   
   [Train] Epoch: [7][120/357]  Loss:0.201 (Avg 0.1982) IoU:0.664 (Avg 0.6448) Dice:0.7834 (Avg 0.7591) LR 2.96e-04   (AvgTime 0.6)   
   [Train] Epoch: [7][140/357]  Loss:0.204 (Avg 0.1972) IoU:0.676 (Avg 0.6468) Dice:0.7706 (Avg 0.7608) LR 2.96e-04   (AvgTime 0.6)   
   [Train] Epoch: [7][160/357]  Loss:0.174 (Avg 0.1978) IoU:0.658 (Avg 0.6456) Dice:0.7812 (Avg 0.7601) LR 2.96e-04   (AvgTime 0.6)   
   [Train] Epoch: [7][180/357]  Loss:0.223 (Avg 0.1987) IoU:0.594 (Avg 0.6443) Dice:0.7103 (Avg 0.7589) LR 2.96e-04   (AvgTime 0.6)   
   [Train] Epoch: [7][200/357]  Loss:0.170 (Avg 0.1980) IoU:0.677 (Avg 0.6444) Dice:0.7944 (Avg 0.7590) LR 2.96e-04   (AvgTime 0.6)   
   [Train] Epoch: [7][220/357]  Loss:0.198 (Avg 0.1972) IoU:0.645 (Avg 0.6452) Dice:0.7508 (Avg 0.7598) LR 2.96e-04   (AvgTime 0.6)   
   [Train] Epoch: [7][240/357]  Loss:0.177 (Avg 0.1960) IoU:0.659 (Avg 0.6468) Dice:0.7656 (Avg 0.7612) LR 2.96e-04   (AvgTime 0.6)   
   [Train] Epoch: [7][260/357]  Loss:0.184 (Avg 0.1961) IoU:0.679 (Avg 0.6473) Dice:0.7923 (Avg 0.7615) LR 2.96e-04   (AvgTime 0.6)   
   [Train] Epoch: [7][280/357]  Loss:0.180 (Avg 0.1952) IoU:0.666 (Avg 0.6490) Dice:0.7750 (Avg 0.7626) LR 2.96e-04   (AvgTime 0.6)   
   [Train] Epoch: [7][300/357]  Loss:0.129 (Avg 0.1946) IoU:0.760 (Avg 0.6498) Dice:0.8527 (Avg 0.7631) LR 2.96e-04   (AvgTime 0.6)   
   [Train] Epoch: [7][320/357]  Loss:0.177 (Avg 0.1952) IoU:0.688 (Avg 0.6489) Dice:0.7997 (Avg 0.7622) LR 2.96e-04   (AvgTime 0.6)   
   [Train] Epoch: [7][340/357]  Loss:0.159 (Avg 0.1956) IoU:0.719 (Avg 0.6483) Dice:0.8276 (Avg 0.7617) LR 2.96e-04   (AvgTime 0.6)   
   [Train] Epoch: [7][357/357]  Loss:0.199 (Avg 0.1959) IoU:0.639 (Avg 0.6476) Dice:0.7634 (Avg 0.7613) LR 2.96e-04   (AvgTime 0.6)   
   [Train] Loss components: main_dice=0.205401, main_focal=0.067008, main=0.136204, region_raw=0.465446, region_weighted=0.059722, empty_window_fraction=0.000000, total=0.195927
Validation
   [Val] Epoch: [7][20/90]  Loss:0.212 (Avg 0.1917) IoU:0.629 (Avg 0.6759) Dice:0.7541 (Avg 0.7879) (AvgTime 0.3)   
   [Val] Epoch: [7][40/90]  Loss:0.195 (Avg 0.1992) IoU:0.643 (Avg 0.6593) Dice:0.7623 (Avg 0.7711) (AvgTime 0.2)   
   [Val] Epoch: [7][60/90]  Loss:0.219 (Avg 0.1927) IoU:0.624 (Avg 0.6636) Dice:0.7343 (Avg 0.7737) (AvgTime 0.2)   
   [Val] Epoch: [7][80/90]  Loss:0.191 (Avg 0.1937) IoU:0.650 (Avg 0.6587) Dice:0.7678 (Avg 0.7700) (AvgTime 0.2)   
   [Val] Epoch: [7][90/90]  Loss:0.223 (Avg 0.1953) IoU:0.580 (Avg 0.6559) Dice:0.7165 (Avg 0.7677) (AvgTime 0.2)   
   [Val] Loss components: main_dice=0.204071, main_focal=0.064425, main=0.134248, region_raw=0.475726, region_weighted=0.061041, empty_window_fraction=0.000000, total=0.195289
	 Saving best model by iou: 0.655872
	 Saving to Covid19/BetterLViT/rs1_global_iou/RS1_Test_session_09.11_04h18/models//best_model-BetterLViT.pth.tar
	 early_stopping_count: 0/80
--- Epoch History (1..7) ---
Epoch |  TrainLoss |  TrainDice |  TrainIoU |    ValLoss |    ValDice |    ValIoU |         LR | Best
    1 |     0.3274 |     0.6089 |    0.4797 |     0.3091 |     0.6203 |    0.4911 |   3.00e-04 |     
    2 |     0.2493 |     0.7003 |    0.5773 |     0.2277 |     0.7202 |    0.6053 |   3.00e-04 |     
    3 |     0.2258 |     0.7259 |    0.6062 |     0.2068 |     0.7560 |    0.6429 |   3.00e-04 |     
    4 |     0.2153 |     0.7383 |    0.6212 |     0.2013 |     0.7654 |    0.6509 |   2.99e-04 |     
    5 |     0.2041 |     0.7514 |    0.6359 |     0.1929 |     0.7592 |    0.6456 |   2.98e-04 |     
    6 |     0.2002 |     0.7575 |    0.6433 |     0.1994 |     0.7556 |    0.6374 |   2.97e-04 |     
    7 |     0.1959 |     0.7613 |    0.6476 |     0.1953 |     0.7677 |    0.6559 |   2.96e-04 |    *
--- R2 plus final-map regional overlap: global validation statistics ---
up4: ca=0.8767+/-0.1570, sa=1.0025+/-0.0102, amp=0.0000, suppress=0.0000, guide_abs=0.2388
up4 residuals: local_mean=2.412e-02, global_mean=-0.0035, local_strength=0.1065, global_strength=0.0968, gain=[0.9689,1.0478], saturation=0.0010, text_film=0.0215
up4 haar: reconstruction_error=9.537e-07, skip_low/high=0.8063/0.1937, plam_low/high=1.0000/0.0000
up4 strengths: plam=0.9791, region=0.1065, detail=0.0968; residual_std region/detail/refine=0.3173/0.4336/0.2062
up4 guide_mix: entropy=0.9770, raw_low=0.3036, plam_low=0.2750, decoder_low=0.2732, detail=0.1482; agreement plam/decoder=0.6932/0.5023, support=0.7258+/-0.0800
up4 adaptive_frequency: ALPF strength=0.2150, weights=0.2134/0.6354/0.1512, sum=1.0000, entropy=0.8216, delta_std=0.1304; AHPF strength=0.0796, weights=0.3383/0.4953/0.1664, sum=1.0000, entropy=0.9192, residual_std=0.1652, scaled_std=0.0132
up3: ca=1.0128+/-0.1904, sa=0.9993+/-0.0088, amp=0.0000, suppress=0.0000, guide_abs=0.3272
up3 residuals: local_mean=-5.232e-03, global_mean=-0.0015, local_strength=0.1093, global_strength=0.1097, gain=[0.9376,1.0403], saturation=0.0000, text_film=0.0446
up3 haar: reconstruction_error=9.537e-07, skip_low/high=0.8090/0.1910, plam_low/high=1.0000/0.0000
up3 strengths: plam=0.9765, region=0.1093, detail=0.1097; residual_std region/detail/refine=0.4483/0.5274/0.4075
up3 guide_mix: entropy=0.9703, raw_low=0.2949, plam_low=0.3042, decoder_low=0.2652, detail=0.1357; agreement plam/decoder=0.7666/0.2452, support=0.6959+/-0.0684
up3 adaptive_frequency: ALPF strength=0.2196, weights=0.1967/0.6563/0.1470, sum=1.0000, entropy=0.7666, delta_std=0.0716; AHPF strength=0.0894, weights=0.3307/0.4070/0.2622, sum=1.0000, entropy=0.9419, residual_std=0.1658, scaled_std=0.0148
up2: ca=0.9449+/-0.1273, sa=1.0015+/-0.0048, amp=0.0000, suppress=0.0000, guide_abs=0.1898
up2 residuals: local_mean=5.954e-04, global_mean=0.0136, local_strength=0.1072, global_strength=0.1065, gain=[0.9628,1.0428], saturation=0.0000, text_film=0.0153
up2 haar: reconstruction_error=9.537e-07, skip_low/high=0.8224/0.1776, plam_low/high=1.0000/0.0000
up2 strengths: plam=0.9655, region=0.1072, detail=0.1065; residual_std region/detail/refine=0.1343/0.3002/0.1760
up2 guide_mix: entropy=0.9486, raw_low=0.2632, plam_low=0.3295, decoder_low=0.3027, detail=0.1046; agreement plam/decoder=0.2336/-0.4446, support=0.5448+/-0.0434
up1: ca=0.9119+/-0.1505, sa=0.9977+/-0.0140, amp=0.0000, suppress=0.0001, guide_abs=0.2427
up1 residuals: local_mean=-2.568e-02, global_mean=0.0055, local_strength=0.1154, global_strength=0.0989, gain=[0.8994,1.0912], saturation=0.0003, text_film=0.0235
up1 haar: reconstruction_error=2.056e-06, skip_low/high=0.8009/0.1991, plam_low/high=1.0000/0.0000
up1 strengths: plam=0.9716, region=0.1154, detail=0.0989; residual_std region/detail/refine=0.4629/0.3837/0.0636
up1 guide_mix: entropy=0.9392, raw_low=0.3285, plam_low=0.3094, decoder_low=0.2699, detail=0.0923; agreement plam/decoder=0.0138/-0.1287, support=0.6149+/-0.0956

========= Epoch [8/80] =========
RS1_Test_session_09.11_04h18
Training with batch size : 16
   [Train] Epoch: [8][20/357]  Loss:0.223 (Avg 0.1954) IoU:0.591 (Avg 0.6483) Dice:0.7219 (Avg 0.7631) LR 2.94e-04   (AvgTime 0.5)   
   [Train] Epoch: [8][40/357]  Loss:0.198 (Avg 0.1942) IoU:0.616 (Avg 0.6469) Dice:0.7460 (Avg 0.7614) LR 2.94e-04   (AvgTime 0.5)   
   [Train] Epoch: [8][60/357]  Loss:0.182 (Avg 0.1906) IoU:0.663 (Avg 0.6533) Dice:0.7689 (Avg 0.7664) LR 2.94e-04   (AvgTime 0.5)   
   [Train] Epoch: [8][80/357]  Loss:0.173 (Avg 0.1926) IoU:0.701 (Avg 0.6514) Dice:0.8021 (Avg 0.7637) LR 2.94e-04   (AvgTime 0.5)   
   [Train] Epoch: [8][100/357]  Loss:0.230 (Avg 0.1963) IoU:0.567 (Avg 0.6450) Dice:0.6902 (Avg 0.7590) LR 2.94e-04   (AvgTime 0.5)   
   [Train] Epoch: [8][120/357]  Loss:0.214 (Avg 0.1965) IoU:0.660 (Avg 0.6453) Dice:0.7490 (Avg 0.7592) LR 2.94e-04   (AvgTime 0.5)   
   [Train] Epoch: [8][140/357]  Loss:0.216 (Avg 0.1957) IoU:0.624 (Avg 0.6467) Dice:0.7464 (Avg 0.7603) LR 2.94e-04   (AvgTime 0.5)   
   [Train] Epoch: [8][160/357]  Loss:0.185 (Avg 0.1945) IoU:0.696 (Avg 0.6480) Dice:0.8028 (Avg 0.7615) LR 2.94e-04   (AvgTime 0.5)   
   [Train] Epoch: [8][180/357]  Loss:0.142 (Avg 0.1936) IoU:0.739 (Avg 0.6491) Dice:0.8424 (Avg 0.7626) LR 2.94e-04   (AvgTime 0.5)   
   [Train] Epoch: [8][200/357]  Loss:0.189 (Avg 0.1935) IoU:0.678 (Avg 0.6499) Dice:0.7795 (Avg 0.7633) LR 2.94e-04   (AvgTime 0.5)   
   [Train] Epoch: [8][220/357]  Loss:0.195 (Avg 0.1926) IoU:0.615 (Avg 0.6514) Dice:0.7411 (Avg 0.7648) LR 2.94e-04   (AvgTime 0.5)   
   [Train] Epoch: [8][240/357]  Loss:0.147 (Avg 0.1928) IoU:0.709 (Avg 0.6511) Dice:0.8023 (Avg 0.7639) LR 2.94e-04   (AvgTime 0.5)   
   [Train] Epoch: [8][260/357]  Loss:0.141 (Avg 0.1925) IoU:0.735 (Avg 0.6512) Dice:0.8396 (Avg 0.7640) LR 2.94e-04   (AvgTime 0.6)   
   [Train] Epoch: [8][280/357]  Loss:0.259 (Avg 0.1929) IoU:0.541 (Avg 0.6506) Dice:0.6783 (Avg 0.7634) LR 2.94e-04   (AvgTime 0.6)   
   [Train] Epoch: [8][300/357]  Loss:0.221 (Avg 0.1922) IoU:0.590 (Avg 0.6514) Dice:0.7076 (Avg 0.7643) LR 2.94e-04   (AvgTime 0.6)   
   [Train] Epoch: [8][320/357]  Loss:0.288 (Avg 0.1917) IoU:0.517 (Avg 0.6523) Dice:0.6623 (Avg 0.7650) LR 2.94e-04   (AvgTime 0.6)   
   [Train] Epoch: [8][340/357]  Loss:0.208 (Avg 0.1915) IoU:0.610 (Avg 0.6525) Dice:0.7323 (Avg 0.7651) LR 2.94e-04   (AvgTime 0.6)   
   [Train] Epoch: [8][357/357]  Loss:0.224 (Avg 0.1917) IoU:0.642 (Avg 0.6526) Dice:0.7530 (Avg 0.7652) LR 2.94e-04   (AvgTime 0.6)   
   [Train] Loss components: main_dice=0.200980, main_focal=0.065093, main=0.133037, region_raw=0.457361, region_weighted=0.058685, empty_window_fraction=0.000000, total=0.191722
Validation
   [Val] Epoch: [8][20/90]  Loss:0.213 (Avg 0.1774) IoU:0.638 (Avg 0.6824) Dice:0.7606 (Avg 0.7933) (AvgTime 0.3)   
   [Val] Epoch: [8][40/90]  Loss:0.189 (Avg 0.1879) IoU:0.624 (Avg 0.6602) Dice:0.7497 (Avg 0.7727) (AvgTime 0.2)   
   [Val] Epoch: [8][60/90]  Loss:0.220 (Avg 0.1807) IoU:0.619 (Avg 0.6682) Dice:0.7291 (Avg 0.7781) (AvgTime 0.2)   
   [Val] Epoch: [8][80/90]  Loss:0.177 (Avg 0.1806) IoU:0.659 (Avg 0.6658) Dice:0.7776 (Avg 0.7769) (AvgTime 0.2)   
   [Val] Epoch: [8][90/90]  Loss:0.216 (Avg 0.1819) IoU:0.590 (Avg 0.6638) Dice:0.7274 (Avg 0.7753) (AvgTime 0.2)   
   [Val] Loss components: main_dice=0.195993, main_focal=0.051315, main=0.123654, region_raw=0.453824, region_weighted=0.058231, empty_window_fraction=0.000000, total=0.181885
	 Saving best model by iou: 0.663799
	 Saving to Covid19/BetterLViT/rs1_global_iou/RS1_Test_session_09.11_04h18/models//best_model-BetterLViT.pth.tar
	 early_stopping_count: 0/80
--- Epoch History (1..8) ---
Epoch |  TrainLoss |  TrainDice |  TrainIoU |    ValLoss |    ValDice |    ValIoU |         LR | Best
    1 |     0.3274 |     0.6089 |    0.4797 |     0.3091 |     0.6203 |    0.4911 |   3.00e-04 |     
    2 |     0.2493 |     0.7003 |    0.5773 |     0.2277 |     0.7202 |    0.6053 |   3.00e-04 |     
    3 |     0.2258 |     0.7259 |    0.6062 |     0.2068 |     0.7560 |    0.6429 |   3.00e-04 |     
    4 |     0.2153 |     0.7383 |    0.6212 |     0.2013 |     0.7654 |    0.6509 |   2.99e-04 |     
    5 |     0.2041 |     0.7514 |    0.6359 |     0.1929 |     0.7592 |    0.6456 |   2.98e-04 |     
    6 |     0.2002 |     0.7575 |    0.6433 |     0.1994 |     0.7556 |    0.6374 |   2.97e-04 |     
    7 |     0.1959 |     0.7613 |    0.6476 |     0.1953 |     0.7677 |    0.6559 |   2.96e-04 |     
    8 |     0.1917 |     0.7652 |    0.6526 |     0.1819 |     0.7753 |    0.6638 |   2.94e-04 |    *
--- R2 plus final-map regional overlap: global validation statistics ---
up4: ca=0.8851+/-0.1496, sa=1.0036+/-0.0103, amp=0.0000, suppress=0.0000, guide_abs=0.2263
up4 residuals: local_mean=3.379e-02, global_mean=-0.0018, local_strength=0.1070, global_strength=0.0972, gain=[0.9738,1.0530], saturation=0.0041, text_film=0.0188
up4 haar: reconstruction_error=5.960e-07, skip_low/high=0.8046/0.1954, plam_low/high=1.0000/0.0000
up4 strengths: plam=0.9761, region=0.1070, detail=0.0972; residual_std region/detail/refine=0.3343/0.4387/0.2205
up4 guide_mix: entropy=0.9778, raw_low=0.3039, plam_low=0.2647, decoder_low=0.2808, detail=0.1505; agreement plam/decoder=0.7785/0.2939, support=0.7415+/-0.0843
up4 adaptive_frequency: ALPF strength=0.2162, weights=0.2233/0.6335/0.1432, sum=1.0000, entropy=0.8207, delta_std=0.1295; AHPF strength=0.0793, weights=0.3272/0.5045/0.1683, sum=1.0000, entropy=0.9144, residual_std=0.1662, scaled_std=0.0132
up3: ca=0.9977+/-0.1944, sa=1.0003+/-0.0084, amp=0.0000, suppress=0.0000, guide_abs=0.3257
up3 residuals: local_mean=3.588e-04, global_mean=0.0024, local_strength=0.1097, global_strength=0.1103, gain=[0.9584,1.0401], saturation=0.0000, text_film=0.0355
up3 haar: reconstruction_error=9.537e-07, skip_low/high=0.8036/0.1964, plam_low/high=1.0000/0.0000
up3 strengths: plam=0.9738, region=0.1097, detail=0.1103; residual_std region/detail/refine=0.4244/0.5626/0.4321
up3 guide_mix: entropy=0.9757, raw_low=0.3081, plam_low=0.2643, decoder_low=0.2810, detail=0.1466; agreement plam/decoder=0.8092/0.2318, support=0.7153+/-0.0681
up3 adaptive_frequency: ALPF strength=0.2230, weights=0.1874/0.5185/0.2941, sum=1.0000, entropy=0.7719, delta_std=0.0800; AHPF strength=0.0899, weights=0.4308/0.3705/0.1987, sum=1.0000, entropy=0.8832, residual_std=0.1549, scaled_std=0.0139
up2: ca=0.9434+/-0.1218, sa=1.0015+/-0.0048, amp=0.0000, suppress=0.0000, guide_abs=0.1815
up2 residuals: local_mean=1.593e-03, global_mean=0.0122, local_strength=0.1077, global_strength=0.1069, gain=[0.9580,1.0429], saturation=0.0000, text_film=0.0155
up2 haar: reconstruction_error=9.537e-07, skip_low/high=0.8108/0.1892, plam_low/high=1.0000/0.0000
up2 strengths: plam=0.9605, region=0.1077, detail=0.1069; residual_std region/detail/refine=0.1378/0.3073/0.1533
up2 guide_mix: entropy=0.9583, raw_low=0.2671, plam_low=0.3119, decoder_low=0.3045, detail=0.1165; agreement plam/decoder=0.8438/-0.3664, support=0.5418+/-0.0343
up1: ca=0.8863+/-0.1441, sa=0.9982+/-0.0139, amp=0.0000, suppress=0.0000, guide_abs=0.2324
up1 residuals: local_mean=-2.205e-02, global_mean=0.0069, local_strength=0.1160, global_strength=0.0988, gain=[0.9008,1.0926], saturation=0.0009, text_film=0.0275
up1 haar: reconstruction_error=2.742e-06, skip_low/high=0.7564/0.2436, plam_low/high=1.0000/0.0000
up1 strengths: plam=0.9689, region=0.1160, detail=0.0988; residual_std region/detail/refine=0.4460/0.3734/0.0675
up1 guide_mix: entropy=0.9278, raw_low=0.2483, plam_low=0.3581, decoder_low=0.3084, detail=0.0852; agreement plam/decoder=0.2675/-0.1308, support=0.6188+/-0.0943

========= Epoch [9/80] =========
RS1_Test_session_09.11_04h18
Training with batch size : 16
   [Train] Epoch: [9][20/357]  Loss:0.152 (Avg 0.1874) IoU:0.755 (Avg 0.6580) Dice:0.8353 (Avg 0.7715) LR 2.92e-04   (AvgTime 0.6)   
   [Train] Epoch: [9][40/357]  Loss:0.130 (Avg 0.1877) IoU:0.752 (Avg 0.6547) Dice:0.8513 (Avg 0.7692) LR 2.92e-04   (AvgTime 0.6)   
   [Train] Epoch: [9][60/357]  Loss:0.173 (Avg 0.1833) IoU:0.705 (Avg 0.6612) Dice:0.8129 (Avg 0.7745) LR 2.92e-04   (AvgTime 0.6)   
   [Train] Epoch: [9][80/357]  Loss:0.212 (Avg 0.1843) IoU:0.659 (Avg 0.6610) Dice:0.7572 (Avg 0.7727) LR 2.92e-04   (AvgTime 0.6)   
   [Train] Epoch: [9][100/357]  Loss:0.222 (Avg 0.1882) IoU:0.586 (Avg 0.6551) Dice:0.7144 (Avg 0.7680) LR 2.92e-04   (AvgTime 0.6)   
   [Train] Epoch: [9][120/357]  Loss:0.199 (Avg 0.1879) IoU:0.594 (Avg 0.6561) Dice:0.7259 (Avg 0.7689) LR 2.92e-04   (AvgTime 0.6)   
   [Train] Epoch: [9][140/357]  Loss:0.197 (Avg 0.1868) IoU:0.707 (Avg 0.6591) Dice:0.8171 (Avg 0.7715) LR 2.92e-04   (AvgTime 0.6)   
   [Train] Epoch: [9][160/357]  Loss:0.172 (Avg 0.1855) IoU:0.672 (Avg 0.6623) Dice:0.7971 (Avg 0.7745) LR 2.92e-04   (AvgTime 0.6)   
   [Train] Epoch: [9][180/357]  Loss:0.196 (Avg 0.1861) IoU:0.628 (Avg 0.6617) Dice:0.7578 (Avg 0.7738) LR 2.92e-04   (AvgTime 0.6)   
   [Train] Epoch: [9][200/357]  Loss:0.212 (Avg 0.1869) IoU:0.637 (Avg 0.6608) Dice:0.7453 (Avg 0.7729) LR 2.92e-04   (AvgTime 0.6)   
   [Train] Epoch: [9][220/357]  Loss:0.162 (Avg 0.1866) IoU:0.684 (Avg 0.6609) Dice:0.8005 (Avg 0.7730) LR 2.92e-04   (AvgTime 0.6)   
   [Train] Epoch: [9][240/357]  Loss:0.184 (Avg 0.1873) IoU:0.678 (Avg 0.6596) Dice:0.7743 (Avg 0.7716) LR 2.92e-04   (AvgTime 0.6)   
   [Train] Epoch: [9][260/357]  Loss:0.166 (Avg 0.1875) IoU:0.703 (Avg 0.6592) Dice:0.8092 (Avg 0.7712) LR 2.92e-04   (AvgTime 0.6)   
   [Train] Epoch: [9][280/357]  Loss:0.239 (Avg 0.1883) IoU:0.547 (Avg 0.6573) Dice:0.6769 (Avg 0.7695) LR 2.92e-04   (AvgTime 0.6)   
   [Train] Epoch: [9][300/357]  Loss:0.158 (Avg 0.1885) IoU:0.695 (Avg 0.6575) Dice:0.8089 (Avg 0.7697) LR 2.92e-04   (AvgTime 0.6)   
   [Train] Epoch: [9][320/357]  Loss:0.194 (Avg 0.1886) IoU:0.657 (Avg 0.6576) Dice:0.7783 (Avg 0.7695) LR 2.92e-04   (AvgTime 0.6)   
   [Train] Epoch: [9][340/357]  Loss:0.154 (Avg 0.1886) IoU:0.725 (Avg 0.6575) Dice:0.8287 (Avg 0.7694) LR 2.92e-04   (AvgTime 0.6)   
   [Train] Epoch: [9][357/357]  Loss:0.160 (Avg 0.1890) IoU:0.705 (Avg 0.6569) Dice:0.8059 (Avg 0.7689) LR 2.92e-04   (AvgTime 0.6)   
   [Train] Loss components: main_dice=0.197904, main_focal=0.064282, main=0.131093, region_raw=0.451200, region_weighted=0.057894, empty_window_fraction=0.000000, total=0.188987
Validation
   [Val] Epoch: [9][20/90]  Loss:0.223 (Avg 0.1865) IoU:0.619 (Avg 0.6678) Dice:0.7398 (Avg 0.7798) (AvgTime 0.2)   
   [Val] Epoch: [9][40/90]  Loss:0.198 (Avg 0.1952) IoU:0.602 (Avg 0.6497) Dice:0.7353 (Avg 0.7626) (AvgTime 0.2)   
   [Val] Epoch: [9][60/90]  Loss:0.218 (Avg 0.1867) IoU:0.617 (Avg 0.6583) Dice:0.7286 (Avg 0.7687) (AvgTime 0.2)   
   [Val] Epoch: [9][80/90]  Loss:0.179 (Avg 0.1867) IoU:0.654 (Avg 0.6548) Dice:0.7661 (Avg 0.7667) (AvgTime 0.2)   
   [Val] Epoch: [9][90/90]  Loss:0.225 (Avg 0.1877) IoU:0.559 (Avg 0.6526) Dice:0.6945 (Avg 0.7648) (AvgTime 0.2)   
   [Val] Loss components: main_dice=0.202383, main_focal=0.056690, main=0.129537, region_raw=0.453212, region_weighted=0.058153, empty_window_fraction=0.000000, total=0.187689
	 No iou improvement; selected epoch 8
	 early_stopping_count: 1/80
--- Epoch History (1..9) ---
Epoch |  TrainLoss |  TrainDice |  TrainIoU |    ValLoss |    ValDice |    ValIoU |         LR | Best
    1 |     0.3274 |     0.6089 |    0.4797 |     0.3091 |     0.6203 |    0.4911 |   3.00e-04 |     
    2 |     0.2493 |     0.7003 |    0.5773 |     0.2277 |     0.7202 |    0.6053 |   3.00e-04 |     
    3 |     0.2258 |     0.7259 |    0.6062 |     0.2068 |     0.7560 |    0.6429 |   3.00e-04 |     
    4 |     0.2153 |     0.7383 |    0.6212 |     0.2013 |     0.7654 |    0.6509 |   2.99e-04 |     
    5 |     0.2041 |     0.7514 |    0.6359 |     0.1929 |     0.7592 |    0.6456 |   2.98e-04 |     
    6 |     0.2002 |     0.7575 |    0.6433 |     0.1994 |     0.7556 |    0.6374 |   2.97e-04 |     
    7 |     0.1959 |     0.7613 |    0.6476 |     0.1953 |     0.7677 |    0.6559 |   2.96e-04 |     
    8 |     0.1917 |     0.7652 |    0.6526 |     0.1819 |     0.7753 |    0.6638 |   2.94e-04 |    *
    9 |     0.1890 |     0.7689 |    0.6569 |     0.1877 |     0.7648 |    0.6526 |   2.92e-04 |     
--- R2 plus final-map regional overlap: global validation statistics ---
up4: ca=0.8769+/-0.1422, sa=1.0031+/-0.0107, amp=0.0000, suppress=0.0000, guide_abs=0.2553
up4 residuals: local_mean=4.393e-02, global_mean=-0.0166, local_strength=0.1073, global_strength=0.0976, gain=[0.9758,1.0689], saturation=0.0092, text_film=0.0328
up4 haar: reconstruction_error=4.768e-07, skip_low/high=0.8220/0.1780, plam_low/high=1.0000/0.0000
up4 strengths: plam=0.9730, region=0.1073, detail=0.0976; residual_std region/detail/refine=0.4202/0.4398/0.2502
up4 guide_mix: entropy=0.9755, raw_low=0.3216, plam_low=0.2476, decoder_low=0.2798, detail=0.1510; agreement plam/decoder=0.8056/0.1972, support=0.7411+/-0.0882
up4 adaptive_frequency: ALPF strength=0.2175, weights=0.1873/0.6582/0.1545, sum=1.0000, entropy=0.7956, delta_std=0.1246; AHPF strength=0.0790, weights=0.3352/0.4985/0.1663, sum=1.0000, entropy=0.9190, residual_std=0.1539, scaled_std=0.0122
up3: ca=0.9905+/-0.1912, sa=1.0015+/-0.0070, amp=0.0000, suppress=0.0000, guide_abs=0.3225
up3 residuals: local_mean=5.085e-03, global_mean=0.0086, local_strength=0.1099, global_strength=0.1109, gain=[0.9637,1.0402], saturation=0.0000, text_film=0.0417
up3 haar: reconstruction_error=9.537e-07, skip_low/high=0.8110/0.1890, plam_low/high=1.0000/0.0000
up3 strengths: plam=0.9715, region=0.1099, detail=0.1109; residual_std region/detail/refine=0.3987/0.5508/0.4322
up3 guide_mix: entropy=0.9744, raw_low=0.3058, plam_low=0.2614, decoder_low=0.2888, detail=0.1441; agreement plam/decoder=0.7656/0.2657, support=0.7101+/-0.0714
up3 adaptive_frequency: ALPF strength=0.2256, weights=0.1575/0.4766/0.3659, sum=1.0000, entropy=0.8217, delta_std=0.0785; AHPF strength=0.0906, weights=0.5628/0.2784/0.1588, sum=1.0000, entropy=0.8014, residual_std=0.1195, scaled_std=0.0108
up2: ca=0.9448+/-0.1295, sa=1.0017+/-0.0051, amp=0.0000, suppress=0.0000, guide_abs=0.1888
up2 residuals: local_mean=2.011e-03, global_mean=0.0134, local_strength=0.1082, global_strength=0.1075, gain=[0.9546,1.0437], saturation=0.0000, text_film=0.0148
up2 haar: reconstruction_error=9.537e-07, skip_low/high=0.8119/0.1881, plam_low/high=1.0000/0.0000
up2 strengths: plam=0.9552, region=0.1082, detail=0.1075; residual_std region/detail/refine=0.1439/0.3096/0.1691
up2 guide_mix: entropy=0.9632, raw_low=0.2881, plam_low=0.2876, decoder_low=0.3022, detail=0.1221; agreement plam/decoder=0.5686/-0.3470, support=0.5439+/-0.0373
up1: ca=0.8827+/-0.1428, sa=0.9984+/-0.0139, amp=0.0000, suppress=0.0000, guide_abs=0.2304
up1 residuals: local_mean=-2.083e-02, global_mean=0.0080, local_strength=0.1165, global_strength=0.0986, gain=[0.9006,1.0934], saturation=0.0035, text_film=0.0401
up1 haar: reconstruction_error=2.801e-06, skip_low/high=0.7729/0.2271, plam_low/high=1.0000/0.0000
up1 strengths: plam=0.9659, region=0.1165, detail=0.0986; residual_std region/detail/refine=0.4746/0.3873/0.0676
up1 guide_mix: entropy=0.9487, raw_low=0.3134, plam_low=0.2951, decoder_low=0.2898, detail=0.1017; agreement plam/decoder=0.2506/-0.1795, support=0.6294+/-0.1048

========= Epoch [10/80] =========
RS1_Test_session_09.11_04h18
Training with batch size : 16
   [Train] Epoch: [10][20/357]  Loss:0.198 (Avg 0.1722) IoU:0.625 (Avg 0.6871) Dice:0.7413 (Avg 0.7941) LR 2.91e-04   (AvgTime 0.5)   
   [Train] Epoch: [10][40/357]  Loss:0.191 (Avg 0.1799) IoU:0.650 (Avg 0.6729) Dice:0.7608 (Avg 0.7815) LR 2.91e-04   (AvgTime 0.5)   
   [Train] Epoch: [10][60/357]  Loss:0.165 (Avg 0.1797) IoU:0.721 (Avg 0.6723) Dice:0.8169 (Avg 0.7812) LR 2.91e-04   (AvgTime 0.5)   
   [Train] Epoch: [10][80/357]  Loss:0.254 (Avg 0.1826) IoU:0.530 (Avg 0.6674) Dice:0.6599 (Avg 0.7778) LR 2.91e-04   (AvgTime 0.5)   
   [Train] Epoch: [10][100/357]  Loss:0.192 (Avg 0.1861) IoU:0.641 (Avg 0.6613) Dice:0.7484 (Avg 0.7726) LR 2.91e-04   (AvgTime 0.5)   
   [Train] Epoch: [10][120/357]  Loss:0.169 (Avg 0.1866) IoU:0.689 (Avg 0.6595) Dice:0.7949 (Avg 0.7712) LR 2.91e-04   (AvgTime 0.5)   
   [Train] Epoch: [10][140/357]  Loss:0.160 (Avg 0.1863) IoU:0.708 (Avg 0.6601) Dice:0.8179 (Avg 0.7717) LR 2.91e-04   (AvgTime 0.5)   
   [Train] Epoch: [10][160/357]  Loss:0.215 (Avg 0.1871) IoU:0.591 (Avg 0.6586) Dice:0.7158 (Avg 0.7704) LR 2.91e-04   (AvgTime 0.5)   
   [Train] Epoch: [10][180/357]  Loss:0.255 (Avg 0.1880) IoU:0.563 (Avg 0.6572) Dice:0.6839 (Avg 0.7694) LR 2.91e-04   (AvgTime 0.5)   
   [Train] Epoch: [10][200/357]  Loss:0.199 (Avg 0.1886) IoU:0.603 (Avg 0.6570) Dice:0.7364 (Avg 0.7691) LR 2.91e-04   (AvgTime 0.5)   
   [Train] Epoch: [10][220/357]  Loss:0.146 (Avg 0.1884) IoU:0.729 (Avg 0.6568) Dice:0.8329 (Avg 0.7691) LR 2.91e-04   (AvgTime 0.5)   
   [Train] Epoch: [10][240/357]  Loss:0.194 (Avg 0.1884) IoU:0.660 (Avg 0.6568) Dice:0.7413 (Avg 0.7688) LR 2.91e-04   (AvgTime 0.5)   
   [Train] Epoch: [10][260/357]  Loss:0.158 (Avg 0.1900) IoU:0.698 (Avg 0.6549) Dice:0.8094 (Avg 0.7670) LR 2.91e-04   (AvgTime 0.5)   
   [Train] Epoch: [10][280/357]  Loss:0.188 (Avg 0.1894) IoU:0.657 (Avg 0.6558) Dice:0.7668 (Avg 0.7679) LR 2.91e-04   (AvgTime 0.6)   
   [Train] Epoch: [10][300/357]  Loss:0.242 (Avg 0.1892) IoU:0.556 (Avg 0.6562) Dice:0.6781 (Avg 0.7682) LR 2.91e-04   (AvgTime 0.6)   
   [Train] Epoch: [10][320/357]  Loss:0.170 (Avg 0.1908) IoU:0.710 (Avg 0.6541) Dice:0.8214 (Avg 0.7667) LR 2.91e-04   (AvgTime 0.6)   
   [Train] Epoch: [10][340/357]  Loss:0.194 (Avg 0.1909) IoU:0.653 (Avg 0.6542) Dice:0.7667 (Avg 0.7671) LR 2.91e-04   (AvgTime 0.6)   
   [Train] Epoch: [10][357/357]  Loss:0.210 (Avg 0.1909) IoU:0.647 (Avg 0.6547) Dice:0.7545 (Avg 0.7674) LR 2.91e-04   (AvgTime 0.6)   
   [Train] Loss components: main_dice=0.199375, main_focal=0.065865, main=0.132620, region_raw=0.454280, region_weighted=0.058290, empty_window_fraction=0.000000, total=0.190909
Validation
   [Val] Epoch: [10][20/90]  Loss:0.202 (Avg 0.1944) IoU:0.660 (Avg 0.6679) Dice:0.7804 (Avg 0.7821) (AvgTime 0.3)   
   [Val] Epoch: [10][40/90]  Loss:0.189 (Avg 0.2036) IoU:0.648 (Avg 0.6490) Dice:0.7658 (Avg 0.7634) (AvgTime 0.2)   
   [Val] Epoch: [10][60/90]  Loss:0.244 (Avg 0.1950) IoU:0.583 (Avg 0.6542) Dice:0.6850 (Avg 0.7668) (AvgTime 0.2)   
   [Val] Epoch: [10][80/90]  Loss:0.186 (Avg 0.1962) IoU:0.644 (Avg 0.6487) Dice:0.7663 (Avg 0.7627) (AvgTime 0.2)   
   [Val] Epoch: [10][90/90]  Loss:0.252 (Avg 0.1967) IoU:0.536 (Avg 0.6474) Dice:0.6799 (Avg 0.7614) (AvgTime 0.2)   
   [Val] Loss components: main_dice=0.204710, main_focal=0.071568, main=0.138139, region_raw=0.456487, region_weighted=0.058573, empty_window_fraction=0.000000, total=0.196712
	 No iou improvement; selected epoch 8
	 early_stopping_count: 2/80
--- Epoch History (1..10) ---
Epoch |  TrainLoss |  TrainDice |  TrainIoU |    ValLoss |    ValDice |    ValIoU |         LR | Best
    1 |     0.3274 |     0.6089 |    0.4797 |     0.3091 |     0.6203 |    0.4911 |   3.00e-04 |     
    2 |     0.2493 |     0.7003 |    0.5773 |     0.2277 |     0.7202 |    0.6053 |   3.00e-04 |     
    3 |     0.2258 |     0.7259 |    0.6062 |     0.2068 |     0.7560 |    0.6429 |   3.00e-04 |     
    4 |     0.2153 |     0.7383 |    0.6212 |     0.2013 |     0.7654 |    0.6509 |   2.99e-04 |     
    5 |     0.2041 |     0.7514 |    0.6359 |     0.1929 |     0.7592 |    0.6456 |   2.98e-04 |     
    6 |     0.2002 |     0.7575 |    0.6433 |     0.1994 |     0.7556 |    0.6374 |   2.97e-04 |     
    7 |     0.1959 |     0.7613 |    0.6476 |     0.1953 |     0.7677 |    0.6559 |   2.96e-04 |     
    8 |     0.1917 |     0.7652 |    0.6526 |     0.1819 |     0.7753 |    0.6638 |   2.94e-04 |    *
    9 |     0.1890 |     0.7689 |    0.6569 |     0.1877 |     0.7648 |    0.6526 |   2.92e-04 |     
   10 |     0.1909 |     0.7674 |    0.6547 |     0.1967 |     0.7614 |    0.6474 |   2.91e-04 |     
--- R2 plus final-map regional overlap: global validation statistics ---
up4: ca=0.8626+/-0.1848, sa=1.0054+/-0.0143, amp=0.0000, suppress=0.0000, guide_abs=0.2543
up4 residuals: local_mean=6.433e-02, global_mean=-0.0158, local_strength=0.1078, global_strength=0.0980, gain=[0.9735,1.0826], saturation=0.0612, text_film=0.0214
up4 haar: reconstruction_error=9.537e-07, skip_low/high=0.8190/0.1810, plam_low/high=1.0000/0.0000
up4 strengths: plam=0.9708, region=0.1078, detail=0.0980; residual_std region/detail/refine=0.4399/0.4508/0.2410
up4 guide_mix: entropy=0.9725, raw_low=0.2916, plam_low=0.2859, decoder_low=0.2847, detail=0.1378; agreement plam/decoder=0.6373/0.4114, support=0.7975+/-0.0897
up4 adaptive_frequency: ALPF strength=0.2190, weights=0.1906/0.6617/0.1477, sum=1.0000, entropy=0.7911, delta_std=0.1428; AHPF strength=0.0789, weights=0.3243/0.4998/0.1759, sum=1.0000, entropy=0.9231, residual_std=0.1585, scaled_std=0.0125
up3: ca=0.9953+/-0.2222, sa=1.0017+/-0.0082, amp=0.0000, suppress=0.0000, guide_abs=0.3355
up3 residuals: local_mean=6.649e-03, global_mean=0.0079, local_strength=0.1103, global_strength=0.1114, gain=[0.9627,1.0436], saturation=0.0000, text_film=0.0272
up3 haar: reconstruction_error=9.537e-07, skip_low/high=0.8170/0.1830, plam_low/high=1.0000/0.0000
up3 strengths: plam=0.9682, region=0.1103, detail=0.1114; residual_std region/detail/refine=0.4429/0.5703/0.4390
up3 guide_mix: entropy=0.9737, raw_low=0.3192, plam_low=0.2709, decoder_low=0.2654, detail=0.1444; agreement plam/decoder=0.6968/0.2863, support=0.7419+/-0.0666
up3 adaptive_frequency: ALPF strength=0.2291, weights=0.1608/0.5381/0.3011, sum=1.0000, entropy=0.8358, delta_std=0.0755; AHPF strength=0.0917, weights=0.4732/0.3139/0.2129, sum=1.0000, entropy=0.8812, residual_std=0.1456, scaled_std=0.0134
up2: ca=0.9362+/-0.1315, sa=1.0018+/-0.0050, amp=0.0000, suppress=0.0000, guide_abs=0.3157
up2 residuals: local_mean=1.902e-03, global_mean=0.0149, local_strength=0.1088, global_strength=0.1079, gain=[0.9549,1.0435], saturation=0.0000, text_film=0.0244
up2 haar: reconstruction_error=1.371e-06, skip_low/high=0.8219/0.1781, plam_low/high=1.0000/0.0000
up2 strengths: plam=0.9490, region=0.1088, detail=0.1079; residual_std region/detail/refine=0.1485/0.3214/0.1668
up2 guide_mix: entropy=0.9616, raw_low=0.3048, plam_low=0.2755, decoder_low=0.2995, detail=0.1202; agreement plam/decoder=0.8037/-0.5530, support=0.5565+/-0.0382
up1: ca=0.8803+/-0.1501, sa=0.9989+/-0.0138, amp=0.0000, suppress=0.0000, guide_abs=0.2329
up1 residuals: local_mean=-1.791e-02, global_mean=0.0094, local_strength=0.1171, global_strength=0.0989, gain=[0.9027,1.0939], saturation=0.0012, text_film=0.0306
up1 haar: reconstruction_error=1.907e-06, skip_low/high=0.7746/0.2254, plam_low/high=1.0000/0.0000
up1 strengths: plam=0.9628, region=0.1171, detail=0.0989; residual_std region/detail/refine=0.4859/0.3783/0.0729
up1 guide_mix: entropy=0.9438, raw_low=0.3020, plam_low=0.3047, decoder_low=0.2980, detail=0.0952; agreement plam/decoder=0.3595/-0.2285, support=0.6163+/-0.0994

========= Epoch [11/80] =========
RS1_Test_session_09.11_04h18
Training with batch size : 16
   [Train] Epoch: [11][20/357]  Loss:0.209 (Avg 0.1864) IoU:0.625 (Avg 0.6562) Dice:0.7311 (Avg 0.7677) LR 2.88e-04   (AvgTime 0.6)   
   [Train] Epoch: [11][40/357]  Loss:0.131 (Avg 0.1793) IoU:0.747 (Avg 0.6710) Dice:0.8451 (Avg 0.7802) LR 2.88e-04   (AvgTime 0.5)   
   [Train] Epoch: [11][60/357]  Loss:0.188 (Avg 0.1831) IoU:0.664 (Avg 0.6652) Dice:0.7712 (Avg 0.7766) LR 2.88e-04   (AvgTime 0.5)   
   [Train] Epoch: [11][80/357]  Loss:0.181 (Avg 0.1858) IoU:0.683 (Avg 0.6660) Dice:0.8010 (Avg 0.7773) LR 2.88e-04   (AvgTime 0.5)   
   [Train] Epoch: [11][100/357]  Loss:0.147 (Avg 0.1814) IoU:0.731 (Avg 0.6719) Dice:0.8293 (Avg 0.7825) LR 2.88e-04   (AvgTime 0.5)   
   [Train] Epoch: [11][120/357]  Loss:0.185 (Avg 0.1798) IoU:0.675 (Avg 0.6737) Dice:0.7605 (Avg 0.7839) LR 2.88e-04   (AvgTime 0.5)   
   [Train] Epoch: [11][140/357]  Loss:0.199 (Avg 0.1823) IoU:0.632 (Avg 0.6696) Dice:0.7381 (Avg 0.7798) LR 2.88e-04   (AvgTime 0.5)   
   [Train] Epoch: [11][160/357]  Loss:0.194 (Avg 0.1816) IoU:0.629 (Avg 0.6705) Dice:0.7527 (Avg 0.7805) LR 2.88e-04   (AvgTime 0.5)   
   [Train] Epoch: [11][180/357]  Loss:0.172 (Avg 0.1824) IoU:0.673 (Avg 0.6687) Dice:0.7922 (Avg 0.7790) LR 2.88e-04   (AvgTime 0.5)   
   [Train] Epoch: [11][200/357]  Loss:0.159 (Avg 0.1830) IoU:0.706 (Avg 0.6671) Dice:0.8066 (Avg 0.7776) LR 2.88e-04   (AvgTime 0.5)   
   [Train] Epoch: [11][220/357]  Loss:0.228 (Avg 0.1837) IoU:0.622 (Avg 0.6670) Dice:0.7271 (Avg 0.7775) LR 2.88e-04   (AvgTime 0.5)   
   [Train] Epoch: [11][240/357]  Loss:0.205 (Avg 0.1848) IoU:0.636 (Avg 0.6651) Dice:0.7592 (Avg 0.7761) LR 2.88e-04   (AvgTime 0.5)   
   [Train] Epoch: [11][260/357]  Loss:0.183 (Avg 0.1844) IoU:0.673 (Avg 0.6654) Dice:0.7802 (Avg 0.7765) LR 2.88e-04   (AvgTime 0.5)   
   [Train] Epoch: [11][280/357]  Loss:0.154 (Avg 0.1847) IoU:0.710 (Avg 0.6648) Dice:0.8118 (Avg 0.7760) LR 2.88e-04   (AvgTime 0.5)   
   [Train] Epoch: [11][300/357]  Loss:0.156 (Avg 0.1843) IoU:0.711 (Avg 0.6656) Dice:0.8093 (Avg 0.7764) LR 2.88e-04   (AvgTime 0.5)   
   [Train] Epoch: [11][320/357]  Loss:0.204 (Avg 0.1832) IoU:0.610 (Avg 0.6669) Dice:0.7331 (Avg 0.7773) LR 2.88e-04   (AvgTime 0.5)   
   [Train] Epoch: [11][340/357]  Loss:0.165 (Avg 0.1841) IoU:0.683 (Avg 0.6657) Dice:0.7940 (Avg 0.7764) LR 2.88e-04   (AvgTime 0.5)   
   [Train] Epoch: [11][357/357]  Loss:0.197 (Avg 0.1850) IoU:0.641 (Avg 0.6643) Dice:0.7666 (Avg 0.7752) LR 2.88e-04   (AvgTime 0.5)   
   [Train] Loss components: main_dice=0.192463, main_focal=0.063937, main=0.128200, region_raw=0.442827, region_weighted=0.056820, empty_window_fraction=0.000000, total=0.185020
Validation
   [Val] Epoch: [11][20/90]  Loss:0.198 (Avg 0.1758) IoU:0.650 (Avg 0.6921) Dice:0.7731 (Avg 0.8014) (AvgTime 0.2)   
   [Val] Epoch: [11][40/90]  Loss:0.185 (Avg 0.1845) IoU:0.648 (Avg 0.6742) Dice:0.7700 (Avg 0.7839) (AvgTime 0.2)   
   [Val] Epoch: [11][60/90]  Loss:0.216 (Avg 0.1771) IoU:0.627 (Avg 0.6805) Dice:0.7390 (Avg 0.7882) (AvgTime 0.2)   
   [Val] Epoch: [11][80/90]  Loss:0.169 (Avg 0.1774) IoU:0.679 (Avg 0.6775) Dice:0.7915 (Avg 0.7860) (AvgTime 0.2)   
   [Val] Epoch: [11][90/90]  Loss:0.209 (Avg 0.1777) IoU:0.612 (Avg 0.6761) Dice:0.7445 (Avg 0.7851) (AvgTime 0.2)   
   [Val] Loss components: main_dice=0.186274, main_focal=0.055776, main=0.121025, region_raw=0.441856, region_weighted=0.056695, empty_window_fraction=0.000000, total=0.177721
	 Saving best model by iou: 0.676116
	 Saving to Covid19/BetterLViT/rs1_global_iou/RS1_Test_session_09.11_04h18/models//best_model-BetterLViT.pth.tar
	 early_stopping_count: 0/80
--- Epoch History (1..11) ---
Epoch |  TrainLoss |  TrainDice |  TrainIoU |    ValLoss |    ValDice |    ValIoU |         LR | Best
    1 |     0.3274 |     0.6089 |    0.4797 |     0.3091 |     0.6203 |    0.4911 |   3.00e-04 |     
    2 |     0.2493 |     0.7003 |    0.5773 |     0.2277 |     0.7202 |    0.6053 |   3.00e-04 |     
    3 |     0.2258 |     0.7259 |    0.6062 |     0.2068 |     0.7560 |    0.6429 |   3.00e-04 |     
    4 |     0.2153 |     0.7383 |    0.6212 |     0.2013 |     0.7654 |    0.6509 |   2.99e-04 |     
    5 |     0.2041 |     0.7514 |    0.6359 |     0.1929 |     0.7592 |    0.6456 |   2.98e-04 |     
    6 |     0.2002 |     0.7575 |    0.6433 |     0.1994 |     0.7556 |    0.6374 |   2.97e-04 |     
    7 |     0.1959 |     0.7613 |    0.6476 |     0.1953 |     0.7677 |    0.6559 |   2.96e-04 |     
    8 |     0.1917 |     0.7652 |    0.6526 |     0.1819 |     0.7753 |    0.6638 |   2.94e-04 |     
    9 |     0.1890 |     0.7689 |    0.6569 |     0.1877 |     0.7648 |    0.6526 |   2.92e-04 |     
   10 |     0.1909 |     0.7674 |    0.6547 |     0.1967 |     0.7614 |    0.6474 |   2.91e-04 |     
   11 |     0.1850 |     0.7752 |    0.6643 |     0.1777 |     0.7851 |    0.6761 |   2.88e-04 |    *
--- R2 plus final-map regional overlap: global validation statistics ---
up4: ca=0.9024+/-0.1444, sa=1.0043+/-0.0130, amp=0.0000, suppress=0.0000, guide_abs=0.2135
up4 residuals: local_mean=5.291e-02, global_mean=-0.0132, local_strength=0.1082, global_strength=0.0983, gain=[0.9770,1.0880], saturation=0.0102, text_film=0.0199
up4 haar: reconstruction_error=5.960e-07, skip_low/high=0.8151/0.1849, plam_low/high=1.0000/0.0000
up4 strengths: plam=0.9677, region=0.1082, detail=0.0983; residual_std region/detail/refine=0.4123/0.4332/0.2464
up4 guide_mix: entropy=0.9766, raw_low=0.3127, plam_low=0.2513, decoder_low=0.2851, detail=0.1510; agreement plam/decoder=0.8219/0.2626, support=0.6979+/-0.1086
up4 adaptive_frequency: ALPF strength=0.2202, weights=0.1625/0.6939/0.1435, sum=1.0000, entropy=0.7511, delta_std=0.1311; AHPF strength=0.0786, weights=0.3005/0.5198/0.1797, sum=1.0000, entropy=0.9178, residual_std=0.1637, scaled_std=0.0129
up3: ca=0.9925+/-0.1982, sa=1.0025+/-0.0075, amp=0.0000, suppress=0.0000, guide_abs=0.3244
up3 residuals: local_mean=7.977e-03, global_mean=0.0139, local_strength=0.1105, global_strength=0.1118, gain=[0.9697,1.0335], saturation=0.0000, text_film=0.0390
up3 haar: reconstruction_error=9.537e-07, skip_low/high=0.8083/0.1917, plam_low/high=1.0000/0.0000
up3 strengths: plam=0.9652, region=0.1105, detail=0.1118; residual_std region/detail/refine=0.4253/0.5516/0.4285
up3 guide_mix: entropy=0.9752, raw_low=0.3135, plam_low=0.2592, decoder_low=0.2802, detail=0.1470; agreement plam/decoder=0.7108/0.2724, support=0.7202+/-0.0624
up3 adaptive_frequency: ALPF strength=0.2318, weights=0.1699/0.4892/0.3409, sum=1.0000, entropy=0.7971, delta_std=0.0798; AHPF strength=0.0923, weights=0.5336/0.2935/0.1730, sum=1.0000, entropy=0.8051, residual_std=0.1277, scaled_std=0.0118
up2: ca=0.9271+/-0.1225, sa=1.0019+/-0.0043, amp=0.0000, suppress=0.0000, guide_abs=0.1932
up2 residuals: local_mean=1.953e-03, global_mean=0.0159, local_strength=0.1093, global_strength=0.1083, gain=[0.9592,1.0410], saturation=0.0000, text_film=0.0196
up2 haar: reconstruction_error=9.537e-07, skip_low/high=0.8086/0.1914, plam_low/high=1.0000/0.0000
up2 strengths: plam=0.9437, region=0.1093, detail=0.1083; residual_std region/detail/refine=0.1560/0.3039/0.1660
up2 guide_mix: entropy=0.9623, raw_low=0.2794, plam_low=0.2948, decoder_low=0.3049, detail=0.1210; agreement plam/decoder=0.5798/-0.4036, support=0.5496+/-0.0413
up1: ca=0.8786+/-0.1491, sa=0.9989+/-0.0139, amp=0.0000, suppress=0.0000, guide_abs=0.2385
up1 residuals: local_mean=-1.759e-02, global_mean=0.0096, local_strength=0.1176, global_strength=0.0990, gain=[0.9007,1.0944], saturation=0.0047, text_film=0.0224
up1 haar: reconstruction_error=2.384e-06, skip_low/high=0.7633/0.2367, plam_low/high=1.0000/0.0000
up1 strengths: plam=0.9607, region=0.1176, detail=0.0990; residual_std region/detail/refine=0.4894/0.3981/0.0825
up1 guide_mix: entropy=0.9497, raw_low=0.3076, plam_low=0.3099, decoder_low=0.2791, detail=0.1034; agreement plam/decoder=0.2345/-0.1593, support=0.6345+/-0.1040

========= Epoch [12/80] =========
RS1_Test_session_09.11_04h18
Training with batch size : 16
   [Train] Epoch: [12][20/357]  Loss:0.136 (Avg 0.1869) IoU:0.740 (Avg 0.6538) Dice:0.8436 (Avg 0.7679) LR 2.86e-04   (AvgTime 0.6)   
   [Train] Epoch: [12][40/357]  Loss:0.212 (Avg 0.1831) IoU:0.665 (Avg 0.6660) Dice:0.7581 (Avg 0.7770) LR 2.86e-04   (AvgTime 0.6)   
   [Train] Epoch: [12][60/357]  Loss:0.150 (Avg 0.1839) IoU:0.709 (Avg 0.6650) Dice:0.8171 (Avg 0.7764) LR 2.86e-04   (AvgTime 0.5)   
   [Train] Epoch: [12][80/357]  Loss:0.174 (Avg 0.1823) IoU:0.646 (Avg 0.6663) Dice:0.7680 (Avg 0.7779) LR 2.86e-04   (AvgTime 0.6)   
   [Train] Epoch: [12][100/357]  Loss:0.204 (Avg 0.1829) IoU:0.588 (Avg 0.6642) Dice:0.7370 (Avg 0.7761) LR 2.86e-04   (AvgTime 0.6)   
   [Train] Epoch: [12][120/357]  Loss:0.140 (Avg 0.1840) IoU:0.756 (Avg 0.6641) Dice:0.8465 (Avg 0.7754) LR 2.86e-04   (AvgTime 0.6)   
   [Train] Epoch: [12][140/357]  Loss:0.166 (Avg 0.1844) IoU:0.675 (Avg 0.6634) Dice:0.7923 (Avg 0.7747) LR 2.86e-04   (AvgTime 0.6)   
   [Train] Epoch: [12][160/357]  Loss:0.152 (Avg 0.1856) IoU:0.740 (Avg 0.6621) Dice:0.8342 (Avg 0.7732) LR 2.86e-04   (AvgTime 0.6)   
   [Train] Epoch: [12][180/357]  Loss:0.162 (Avg 0.1855) IoU:0.672 (Avg 0.6621) Dice:0.7952 (Avg 0.7735) LR 2.86e-04   (AvgTime 0.6)   
   [Train] Epoch: [12][200/357]  Loss:0.155 (Avg 0.1847) IoU:0.692 (Avg 0.6633) Dice:0.8057 (Avg 0.7744) LR 2.86e-04   (AvgTime 0.6)   
   [Train] Epoch: [12][220/357]  Loss:0.169 (Avg 0.1854) IoU:0.664 (Avg 0.6628) Dice:0.7735 (Avg 0.7735) LR 2.86e-04   (AvgTime 0.6)   
   [Train] Epoch: [12][240/357]  Loss:0.164 (Avg 0.1855) IoU:0.717 (Avg 0.6625) Dice:0.8257 (Avg 0.7734) LR 2.86e-04   (AvgTime 0.6)   
   [Train] Epoch: [12][260/357]  Loss:0.151 (Avg 0.1860) IoU:0.742 (Avg 0.6619) Dice:0.8263 (Avg 0.7729) LR 2.86e-04   (AvgTime 0.6)   
   [Train] Epoch: [12][280/357]  Loss:0.204 (Avg 0.1855) IoU:0.629 (Avg 0.6632) Dice:0.7410 (Avg 0.7740) LR 2.86e-04   (AvgTime 0.6)   
   [Train] Epoch: [12][300/357]  Loss:0.231 (Avg 0.1852) IoU:0.578 (Avg 0.6638) Dice:0.6938 (Avg 0.7745) LR 2.86e-04   (AvgTime 0.6)   
   [Train] Epoch: [12][320/357]  Loss:0.206 (Avg 0.1855) IoU:0.610 (Avg 0.6635) Dice:0.7367 (Avg 0.7741) LR 2.86e-04   (AvgTime 0.6)   
   [Train] Epoch: [12][340/357]  Loss:0.227 (Avg 0.1853) IoU:0.568 (Avg 0.6636) Dice:0.7041 (Avg 0.7741) LR 2.86e-04   (AvgTime 0.6)   
   [Train] Epoch: [12][357/357]  Loss:0.171 (Avg 0.1847) IoU:0.671 (Avg 0.6644) Dice:0.7818 (Avg 0.7750) LR 2.86e-04   (AvgTime 0.6)   
   [Train] Loss components: main_dice=0.192471, main_focal=0.063325, main=0.127898, region_raw=0.442325, region_weighted=0.056756, empty_window_fraction=0.000000, total=0.184654
Validation
   [Val] Epoch: [12][20/90]  Loss:0.209 (Avg 0.1840) IoU:0.640 (Avg 0.6856) Dice:0.7644 (Avg 0.7953) (AvgTime 0.2)   
   [Val] Epoch: [12][40/90]  Loss:0.188 (Avg 0.1911) IoU:0.661 (Avg 0.6697) Dice:0.7804 (Avg 0.7804) (AvgTime 0.2)   
   [Val] Epoch: [12][60/90]  Loss:0.226 (Avg 0.1821) IoU:0.617 (Avg 0.6800) Dice:0.7333 (Avg 0.7877) (AvgTime 0.2)   
   [Val] Epoch: [12][80/90]  Loss:0.161 (Avg 0.1814) IoU:0.692 (Avg 0.6788) Dice:0.8045 (Avg 0.7869) (AvgTime 0.2)   
   [Val] Epoch: [12][90/90]  Loss:0.222 (Avg 0.1820) IoU:0.579 (Avg 0.6777) Dice:0.7141 (Avg 0.7863) (AvgTime 0.2)   
   [Val] Loss components: main_dice=0.181469, main_focal=0.070299, main=0.125884, region_raw=0.437569, region_weighted=0.056145, empty_window_fraction=0.000000, total=0.182029
	 Saving best model by iou: 0.677709
	 Saving to Covid19/BetterLViT/rs1_global_iou/RS1_Test_session_09.11_04h18/models//best_model-BetterLViT.pth.tar
	 early_stopping_count: 0/80
--- Epoch History (1..12) ---
Epoch |  TrainLoss |  TrainDice |  TrainIoU |    ValLoss |    ValDice |    ValIoU |         LR | Best
    1 |     0.3274 |     0.6089 |    0.4797 |     0.3091 |     0.6203 |    0.4911 |   3.00e-04 |     
    2 |     0.2493 |     0.7003 |    0.5773 |     0.2277 |     0.7202 |    0.6053 |   3.00e-04 |     
    3 |     0.2258 |     0.7259 |    0.6062 |     0.2068 |     0.7560 |    0.6429 |   3.00e-04 |     
    4 |     0.2153 |     0.7383 |    0.6212 |     0.2013 |     0.7654 |    0.6509 |   2.99e-04 |     
    5 |     0.2041 |     0.7514 |    0.6359 |     0.1929 |     0.7592 |    0.6456 |   2.98e-04 |     
    6 |     0.2002 |     0.7575 |    0.6433 |     0.1994 |     0.7556 |    0.6374 |   2.97e-04 |     
    7 |     0.1959 |     0.7613 |    0.6476 |     0.1953 |     0.7677 |    0.6559 |   2.96e-04 |     
    8 |     0.1917 |     0.7652 |    0.6526 |     0.1819 |     0.7753 |    0.6638 |   2.94e-04 |     
    9 |     0.1890 |     0.7689 |    0.6569 |     0.1877 |     0.7648 |    0.6526 |   2.92e-04 |     
   10 |     0.1909 |     0.7674 |    0.6547 |     0.1967 |     0.7614 |    0.6474 |   2.91e-04 |     
   11 |     0.1850 |     0.7752 |    0.6643 |     0.1777 |     0.7851 |    0.6761 |   2.88e-04 |     
   12 |     0.1847 |     0.7750 |    0.6644 |     0.1820 |     0.7863 |    0.6777 |   2.86e-04 |    *
--- R2 plus final-map regional overlap: global validation statistics ---
up4: ca=0.8670+/-0.1340, sa=1.0045+/-0.0142, amp=0.0000, suppress=0.0000, guide_abs=0.2396
up4 residuals: local_mean=6.244e-02, global_mean=-0.0215, local_strength=0.1086, global_strength=0.0988, gain=[0.9753,1.0861], saturation=0.0724, text_film=0.0215
up4 haar: reconstruction_error=9.537e-07, skip_low/high=0.8326/0.1674, plam_low/high=1.0000/0.0000
up4 strengths: plam=0.9653, region=0.1086, detail=0.0988; residual_std region/detail/refine=0.4291/0.4425/0.2797
up4 guide_mix: entropy=0.9741, raw_low=0.3070, plam_low=0.2701, decoder_low=0.2803, detail=0.1426; agreement plam/decoder=0.6330/0.4056, support=0.7684+/-0.1136
up4 adaptive_frequency: ALPF strength=0.2223, weights=0.1483/0.7156/0.1361, sum=1.0000, entropy=0.7199, delta_std=0.1255; AHPF strength=0.0783, weights=0.2977/0.5310/0.1713, sum=1.0000, entropy=0.9034, residual_std=0.1447, scaled_std=0.0113
up3: ca=1.0012+/-0.1924, sa=1.0029+/-0.0073, amp=0.0000, suppress=0.0000, guide_abs=0.3092
up3 residuals: local_mean=1.167e-02, global_mean=0.0140, local_strength=0.1108, global_strength=0.1123, gain=[0.9705,1.0329], saturation=0.0000, text_film=0.0392
up3 haar: reconstruction_error=9.537e-07, skip_low/high=0.8181/0.1819, plam_low/high=1.0000/0.0000
up3 strengths: plam=0.9624, region=0.1108, detail=0.1123; residual_std region/detail/refine=0.4130/0.5599/0.4479
up3 guide_mix: entropy=0.9730, raw_low=0.3181, plam_low=0.2682, decoder_low=0.2711, detail=0.1426; agreement plam/decoder=0.7701/0.2243, support=0.7166+/-0.0696
up3 adaptive_frequency: ALPF strength=0.2350, weights=0.1167/0.3760/0.5073, sum=1.0000, entropy=0.7975, delta_std=0.0840; AHPF strength=0.0929, weights=0.6077/0.2386/0.1537, sum=1.0000, entropy=0.7827, residual_std=0.1055, scaled_std=0.0098
up2: ca=0.9229+/-0.1307, sa=1.0024+/-0.0040, amp=0.0000, suppress=0.0000, guide_abs=0.1902
up2 residuals: local_mean=2.620e-03, global_mean=0.0193, local_strength=0.1100, global_strength=0.1087, gain=[0.9664,1.0375], saturation=0.0000, text_film=0.0201
up2 haar: reconstruction_error=9.537e-07, skip_low/high=0.8184/0.1816, plam_low/high=1.0000/0.0000
up2 strengths: plam=0.9381, region=0.1100, detail=0.1087; residual_std region/detail/refine=0.1657/0.2942/0.1709
up2 guide_mix: entropy=0.9578, raw_low=0.2775, plam_low=0.2966, decoder_low=0.3113, detail=0.1146; agreement plam/decoder=0.6883/-0.2453, support=0.5526+/-0.0360
up1: ca=0.8621+/-0.1581, sa=0.9994+/-0.0135, amp=0.0000, suppress=0.0000, guide_abs=0.2281
up1 residuals: local_mean=-1.424e-02, global_mean=0.0101, local_strength=0.1181, global_strength=0.0991, gain=[0.9032,1.0942], saturation=0.0113, text_film=0.0269
up1 haar: reconstruction_error=2.414e-06, skip_low/high=0.7738/0.2262, plam_low/high=1.0000/0.0000
up1 strengths: plam=0.9584, region=0.1181, detail=0.0991; residual_std region/detail/refine=0.5122/0.3733/0.0866
up1 guide_mix: entropy=0.9441, raw_low=0.3074, plam_low=0.3261, decoder_low=0.2685, detail=0.0981; agreement plam/decoder=0.4940/-0.2046, support=0.6333+/-0.1049

========= Epoch [13/80] =========
RS1_Test_session_09.11_04h18
Training with batch size : 16
   [Train] Epoch: [13][20/357]  Loss:0.175 (Avg 0.1863) IoU:0.652 (Avg 0.6681) Dice:0.7726 (Avg 0.7786) LR 2.83e-04   (AvgTime 0.6)   
   [Train] Epoch: [13][40/357]  Loss:0.189 (Avg 0.1834) IoU:0.658 (Avg 0.6676) Dice:0.7725 (Avg 0.7791) LR 2.83e-04   (AvgTime 0.6)   
   [Train] Epoch: [13][60/357]  Loss:0.202 (Avg 0.1870) IoU:0.658 (Avg 0.6613) Dice:0.7772 (Avg 0.7724) LR 2.83e-04   (AvgTime 0.6)   
   [Train] Epoch: [13][80/357]  Loss:0.167 (Avg 0.1822) IoU:0.711 (Avg 0.6685) Dice:0.8199 (Avg 0.7789) LR 2.83e-04   (AvgTime 0.6)   
   [Train] Epoch: [13][100/357]  Loss:0.196 (Avg 0.1803) IoU:0.659 (Avg 0.6709) Dice:0.7602 (Avg 0.7811) LR 2.83e-04   (AvgTime 0.6)   
   [Train] Epoch: [13][120/357]  Loss:0.124 (Avg 0.1790) IoU:0.761 (Avg 0.6737) Dice:0.8545 (Avg 0.7833) LR 2.83e-04   (AvgTime 0.6)   
   [Train] Epoch: [13][140/357]  Loss:0.219 (Avg 0.1782) IoU:0.580 (Avg 0.6752) Dice:0.7154 (Avg 0.7847) LR 2.83e-04   (AvgTime 0.6)   
   [Train] Epoch: [13][160/357]  Loss:0.210 (Avg 0.1795) IoU:0.618 (Avg 0.6726) Dice:0.7281 (Avg 0.7826) LR 2.83e-04   (AvgTime 0.6)   
   [Train] Epoch: [13][180/357]  Loss:0.136 (Avg 0.1791) IoU:0.774 (Avg 0.6729) Dice:0.8625 (Avg 0.7830) LR 2.83e-04   (AvgTime 0.6)   
   [Train] Epoch: [13][200/357]  Loss:0.149 (Avg 0.1794) IoU:0.728 (Avg 0.6721) Dice:0.8071 (Avg 0.7822) LR 2.83e-04   (AvgTime 0.6)   
   [Train] Epoch: [13][220/357]  Loss:0.185 (Avg 0.1792) IoU:0.656 (Avg 0.6721) Dice:0.7789 (Avg 0.7822) LR 2.83e-04   (AvgTime 0.6)   
   [Train] Epoch: [13][240/357]  Loss:0.149 (Avg 0.1785) IoU:0.716 (Avg 0.6731) Dice:0.8259 (Avg 0.7832) LR 2.83e-04   (AvgTime 0.6)   
   [Train] Epoch: [13][260/357]  Loss:0.140 (Avg 0.1791) IoU:0.728 (Avg 0.6724) Dice:0.8351 (Avg 0.7826) LR 2.83e-04   (AvgTime 0.6)   
   [Train] Epoch: [13][280/357]  Loss:0.185 (Avg 0.1797) IoU:0.670 (Avg 0.6716) Dice:0.7715 (Avg 0.7819) LR 2.83e-04   (AvgTime 0.6)   
   [Train] Epoch: [13][300/357]  Loss:0.238 (Avg 0.1809) IoU:0.576 (Avg 0.6701) Dice:0.7043 (Avg 0.7804) LR 2.83e-04   (AvgTime 0.6)   
   [Train] Epoch: [13][320/357]  Loss:0.166 (Avg 0.1809) IoU:0.697 (Avg 0.6701) Dice:0.7999 (Avg 0.7803) LR 2.83e-04   (AvgTime 0.6)   
   [Train] Epoch: [13][340/357]  Loss:0.159 (Avg 0.1817) IoU:0.712 (Avg 0.6687) Dice:0.8253 (Avg 0.7790) LR 2.83e-04   (AvgTime 0.6)   
   [Train] Epoch: [13][357/357]  Loss:0.200 (Avg 0.1819) IoU:0.604 (Avg 0.6681) Dice:0.7228 (Avg 0.7786) LR 2.83e-04   (AvgTime 0.6)   
   [Train] Loss components: main_dice=0.188925, main_focal=0.062746, main=0.125836, region_raw=0.436885, region_weighted=0.056058, empty_window_fraction=0.000000, total=0.181893
Validation
   [Val] Epoch: [13][20/90]  Loss:0.216 (Avg 0.1729) IoU:0.630 (Avg 0.6887) Dice:0.7549 (Avg 0.7997) (AvgTime 0.3)   
   [Val] Epoch: [13][40/90]  Loss:0.190 (Avg 0.1854) IoU:0.663 (Avg 0.6655) Dice:0.7794 (Avg 0.7777) (AvgTime 0.2)   
   [Val] Epoch: [13][60/90]  Loss:0.225 (Avg 0.1774) IoU:0.630 (Avg 0.6758) Dice:0.7386 (Avg 0.7851) (AvgTime 0.2)   
   [Val] Epoch: [13][80/90]  Loss:0.166 (Avg 0.1771) IoU:0.683 (Avg 0.6736) Dice:0.7952 (Avg 0.7836) (AvgTime 0.2)   
   [Val] Epoch: [13][90/90]  Loss:0.215 (Avg 0.1785) IoU:0.577 (Avg 0.6720) Dice:0.7145 (Avg 0.7822) (AvgTime 0.2)   
   [Val] Loss components: main_dice=0.184855, main_focal=0.061976, main=0.123416, region_raw=0.429484, region_weighted=0.055108, empty_window_fraction=0.000000, total=0.178524
	 No iou improvement; selected epoch 12
	 early_stopping_count: 1/80
--- Epoch History (1..13) ---
Epoch |  TrainLoss |  TrainDice |  TrainIoU |    ValLoss |    ValDice |    ValIoU |         LR | Best
    1 |     0.3274 |     0.6089 |    0.4797 |     0.3091 |     0.6203 |    0.4911 |   3.00e-04 |     
    2 |     0.2493 |     0.7003 |    0.5773 |     0.2277 |     0.7202 |    0.6053 |   3.00e-04 |     
    3 |     0.2258 |     0.7259 |    0.6062 |     0.2068 |     0.7560 |    0.6429 |   3.00e-04 |     
    4 |     0.2153 |     0.7383 |    0.6212 |     0.2013 |     0.7654 |    0.6509 |   2.99e-04 |     
    5 |     0.2041 |     0.7514 |    0.6359 |     0.1929 |     0.7592 |    0.6456 |   2.98e-04 |     
    6 |     0.2002 |     0.7575 |    0.6433 |     0.1994 |     0.7556 |    0.6374 |   2.97e-04 |     
    7 |     0.1959 |     0.7613 |    0.6476 |     0.1953 |     0.7677 |    0.6559 |   2.96e-04 |     
    8 |     0.1917 |     0.7652 |    0.6526 |     0.1819 |     0.7753 |    0.6638 |   2.94e-04 |     
    9 |     0.1890 |     0.7689 |    0.6569 |     0.1877 |     0.7648 |    0.6526 |   2.92e-04 |     
   10 |     0.1909 |     0.7674 |    0.6547 |     0.1967 |     0.7614 |    0.6474 |   2.91e-04 |     
   11 |     0.1850 |     0.7752 |    0.6643 |     0.1777 |     0.7851 |    0.6761 |   2.88e-04 |     
   12 |     0.1847 |     0.7750 |    0.6644 |     0.1820 |     0.7863 |    0.6777 |   2.86e-04 |    *
   13 |     0.1819 |     0.7786 |    0.6681 |     0.1785 |     0.7822 |    0.6720 |   2.83e-04 |     
--- R2 plus final-map regional overlap: global validation statistics ---
up4: ca=0.8701+/-0.1575, sa=1.0065+/-0.0145, amp=0.0000, suppress=0.0000, guide_abs=0.2049
up4 residuals: local_mean=5.927e-02, global_mean=0.0036, local_strength=0.1090, global_strength=0.0991, gain=[0.9816,1.0982], saturation=0.0327, text_film=0.0188
up4 haar: reconstruction_error=9.537e-07, skip_low/high=0.8238/0.1762, plam_low/high=1.0000/0.0000
up4 strengths: plam=0.9628, region=0.1090, detail=0.0991; residual_std region/detail/refine=0.4231/0.4319/0.2788
up4 guide_mix: entropy=0.9705, raw_low=0.2882, plam_low=0.3029, decoder_low=0.2737, detail=0.1351; agreement plam/decoder=0.8048/0.5306, support=0.7311+/-0.1174
up4 adaptive_frequency: ALPF strength=0.2232, weights=0.2025/0.6581/0.1393, sum=1.0000, entropy=0.7946, delta_std=0.1119; AHPF strength=0.0780, weights=0.3147/0.5122/0.1731, sum=1.0000, entropy=0.9182, residual_std=0.1422, scaled_std=0.0111
up3: ca=1.0033+/-0.2090, sa=1.0030+/-0.0077, amp=0.0000, suppress=0.0000, guide_abs=0.3281
up3 residuals: local_mean=1.185e-02, global_mean=0.0143, local_strength=0.1111, global_strength=0.1128, gain=[0.9673,1.0373], saturation=0.0000, text_film=0.0314
up3 haar: reconstruction_error=9.537e-07, skip_low/high=0.8104/0.1896, plam_low/high=1.0000/0.0000
up3 strengths: plam=0.9602, region=0.1111, detail=0.1128; residual_std region/detail/refine=0.4263/0.5860/0.4651
up3 guide_mix: entropy=0.9753, raw_low=0.3150, plam_low=0.2696, decoder_low=0.2687, detail=0.1467; agreement plam/decoder=0.7586/0.3229, support=0.7357+/-0.0667
up3 adaptive_frequency: ALPF strength=0.2380, weights=0.1412/0.4729/0.3859, sum=1.0000, entropy=0.8179, delta_std=0.0805; AHPF strength=0.0937, weights=0.5732/0.2685/0.1583, sum=1.0000, entropy=0.7962, residual_std=0.1245, scaled_std=0.0117
up2: ca=0.9322+/-0.1429, sa=1.0029+/-0.0044, amp=0.0000, suppress=0.0000, guide_abs=0.1779
up2 residuals: local_mean=3.771e-03, global_mean=0.0226, local_strength=0.1106, global_strength=0.1091, gain=[0.9599,1.0414], saturation=0.0000, text_film=0.0205
up2 haar: reconstruction_error=9.537e-07, skip_low/high=0.8074/0.1926, plam_low/high=1.0000/0.0000
up2 strengths: plam=0.9322, region=0.1106, detail=0.1091; residual_std region/detail/refine=0.1757/0.3110/0.1655
up2 guide_mix: entropy=0.9631, raw_low=0.2781, plam_low=0.2980, decoder_low=0.3016, detail=0.1223; agreement plam/decoder=0.7361/-0.2775, support=0.5524+/-0.0420
up1: ca=0.8588+/-0.1488, sa=0.9998+/-0.0136, amp=0.0000, suppress=0.0000, guide_abs=0.2876
up1 residuals: local_mean=-1.228e-02, global_mean=0.0122, local_strength=0.1184, global_strength=0.0992, gain=[0.9019,1.0952], saturation=0.0078, text_film=0.0308
up1 haar: reconstruction_error=2.641e-06, skip_low/high=0.7526/0.2474, plam_low/high=1.0000/0.0000
up1 strengths: plam=0.9560, region=0.1184, detail=0.0992; residual_std region/detail/refine=0.4948/0.3844/0.0916
up1 guide_mix: entropy=0.9444, raw_low=0.2831, plam_low=0.3400, decoder_low=0.2776, detail=0.0993; agreement plam/decoder=0.2605/-0.0989, support=0.6371+/-0.0980

========= Epoch [14/80] =========
RS1_Test_session_09.11_04h18
Training with batch size : 16
   [Train] Epoch: [14][20/357]  Loss:0.172 (Avg 0.1815) IoU:0.705 (Avg 0.6708) Dice:0.8196 (Avg 0.7825) LR 2.80e-04   (AvgTime 0.6)   
   [Train] Epoch: [14][40/357]  Loss:0.132 (Avg 0.1802) IoU:0.769 (Avg 0.6705) Dice:0.8590 (Avg 0.7823) LR 2.80e-04   (AvgTime 0.5)   
   [Train] Epoch: [14][60/357]  Loss:0.233 (Avg 0.1780) IoU:0.607 (Avg 0.6723) Dice:0.7101 (Avg 0.7833) LR 2.80e-04   (AvgTime 0.5)   
   [Train] Epoch: [14][80/357]  Loss:0.206 (Avg 0.1775) IoU:0.658 (Avg 0.6736) Dice:0.7664 (Avg 0.7834) LR 2.80e-04   (AvgTime 0.5)   
   [Train] Epoch: [14][100/357]  Loss:0.165 (Avg 0.1779) IoU:0.702 (Avg 0.6725) Dice:0.8117 (Avg 0.7822) LR 2.80e-04   (AvgTime 0.5)   
   [Train] Epoch: [14][120/357]  Loss:0.206 (Avg 0.1796) IoU:0.684 (Avg 0.6711) Dice:0.7888 (Avg 0.7806) LR 2.80e-04   (AvgTime 0.5)   
   [Train] Epoch: [14][140/357]  Loss:0.170 (Avg 0.1800) IoU:0.675 (Avg 0.6703) Dice:0.7947 (Avg 0.7797) LR 2.80e-04   (AvgTime 0.5)   
   [Train] Epoch: [14][160/357]  Loss:0.198 (Avg 0.1801) IoU:0.610 (Avg 0.6697) Dice:0.7404 (Avg 0.7796) LR 2.80e-04   (AvgTime 0.5)   
   [Train] Epoch: [14][180/357]  Loss:0.173 (Avg 0.1797) IoU:0.689 (Avg 0.6705) Dice:0.8000 (Avg 0.7804) LR 2.80e-04   (AvgTime 0.5)   
   [Train] Epoch: [14][200/357]  Loss:0.182 (Avg 0.1809) IoU:0.655 (Avg 0.6690) Dice:0.7807 (Avg 0.7792) LR 2.80e-04   (AvgTime 0.5)   
   [Train] Epoch: [14][220/357]  Loss:0.172 (Avg 0.1808) IoU:0.685 (Avg 0.6699) Dice:0.7963 (Avg 0.7799) LR 2.80e-04   (AvgTime 0.5)   
   [Train] Epoch: [14][240/357]  Loss:0.157 (Avg 0.1809) IoU:0.721 (Avg 0.6701) Dice:0.8213 (Avg 0.7799) LR 2.80e-04   (AvgTime 0.5)   
   [Train] Epoch: [14][260/357]  Loss:0.143 (Avg 0.1804) IoU:0.734 (Avg 0.6709) Dice:0.8341 (Avg 0.7806) LR 2.80e-04   (AvgTime 0.5)   
   [Train] Epoch: [14][280/357]  Loss:0.226 (Avg 0.1795) IoU:0.659 (Avg 0.6726) Dice:0.7725 (Avg 0.7819) LR 2.80e-04   (AvgTime 0.5)   
   [Train] Epoch: [14][300/357]  Loss:0.155 (Avg 0.1789) IoU:0.700 (Avg 0.6731) Dice:0.8101 (Avg 0.7823) LR 2.80e-04   (AvgTime 0.5)   
   [Train] Epoch: [14][320/357]  Loss:0.214 (Avg 0.1791) IoU:0.576 (Avg 0.6724) Dice:0.6970 (Avg 0.7818) LR 2.80e-04   (AvgTime 0.5)   
   [Train] Epoch: [14][340/357]  Loss:0.160 (Avg 0.1789) IoU:0.719 (Avg 0.6726) Dice:0.8235 (Avg 0.7820) LR 2.80e-04   (AvgTime 0.5)   
   [Train] Epoch: [14][357/357]  Loss:0.166 (Avg 0.1792) IoU:0.694 (Avg 0.6721) Dice:0.8050 (Avg 0.7815) LR 2.80e-04   (AvgTime 0.5)   
   [Train] Loss components: main_dice=0.186176, main_focal=0.061475, main=0.123826, region_raw=0.431253, region_weighted=0.055335, empty_window_fraction=0.000000, total=0.179161
Validation
   [Val] Epoch: [14][20/90]  Loss:0.199 (Avg 0.1707) IoU:0.649 (Avg 0.6958) Dice:0.7675 (Avg 0.8048) (AvgTime 0.2)   
   [Val] Epoch: [14][40/90]  Loss:0.172 (Avg 0.1798) IoU:0.676 (Avg 0.6758) Dice:0.7877 (Avg 0.7861) (AvgTime 0.2)   
   [Val] Epoch: [14][60/90]  Loss:0.212 (Avg 0.1716) IoU:0.630 (Avg 0.6842) Dice:0.7398 (Avg 0.7917) (AvgTime 0.2)   
   [Val] Epoch: [14][80/90]  Loss:0.160 (Avg 0.1704) IoU:0.687 (Avg 0.6833) Dice:0.8019 (Avg 0.7913) (AvgTime 0.2)   
   [Val] Epoch: [14][90/90]  Loss:0.197 (Avg 0.1710) IoU:0.613 (Avg 0.6822) Dice:0.7434 (Avg 0.7906) (AvgTime 0.2)   
   [Val] Loss components: main_dice=0.178463, main_focal=0.056466, main=0.117464, region_raw=0.417040, region_weighted=0.053511, empty_window_fraction=0.000000, total=0.170976
	 Saving best model by iou: 0.682232
	 Saving to Covid19/BetterLViT/rs1_global_iou/RS1_Test_session_09.11_04h18/models//best_model-BetterLViT.pth.tar
	 early_stopping_count: 0/80
--- Epoch History (1..14) ---
Epoch |  TrainLoss |  TrainDice |  TrainIoU |    ValLoss |    ValDice |    ValIoU |         LR | Best
    1 |     0.3274 |     0.6089 |    0.4797 |     0.3091 |     0.6203 |    0.4911 |   3.00e-04 |     
    2 |     0.2493 |     0.7003 |    0.5773 |     0.2277 |     0.7202 |    0.6053 |   3.00e-04 |     
    3 |     0.2258 |     0.7259 |    0.6062 |     0.2068 |     0.7560 |    0.6429 |   3.00e-04 |     
    4 |     0.2153 |     0.7383 |    0.6212 |     0.2013 |     0.7654 |    0.6509 |   2.99e-04 |     
    5 |     0.2041 |     0.7514 |    0.6359 |     0.1929 |     0.7592 |    0.6456 |   2.98e-04 |     
    6 |     0.2002 |     0.7575 |    0.6433 |     0.1994 |     0.7556 |    0.6374 |   2.97e-04 |     
    7 |     0.1959 |     0.7613 |    0.6476 |     0.1953 |     0.7677 |    0.6559 |   2.96e-04 |     
    8 |     0.1917 |     0.7652 |    0.6526 |     0.1819 |     0.7753 |    0.6638 |   2.94e-04 |     
    9 |     0.1890 |     0.7689 |    0.6569 |     0.1877 |     0.7648 |    0.6526 |   2.92e-04 |     
   10 |     0.1909 |     0.7674 |    0.6547 |     0.1967 |     0.7614 |    0.6474 |   2.91e-04 |     
   11 |     0.1850 |     0.7752 |    0.6643 |     0.1777 |     0.7851 |    0.6761 |   2.88e-04 |     
   12 |     0.1847 |     0.7750 |    0.6644 |     0.1820 |     0.7863 |    0.6777 |   2.86e-04 |     
   13 |     0.1819 |     0.7786 |    0.6681 |     0.1785 |     0.7822 |    0.6720 |   2.83e-04 |     
   14 |     0.1792 |     0.7815 |    0.6721 |     0.1710 |     0.7906 |    0.6822 |   2.80e-04 |    *
--- R2 plus final-map regional overlap: global validation statistics ---
up4: ca=0.8879+/-0.1462, sa=1.0094+/-0.0156, amp=0.0000, suppress=0.0000, guide_abs=0.1671
up4 residuals: local_mean=6.822e-02, global_mean=0.0228, local_strength=0.1093, global_strength=0.0995, gain=[0.9776,1.0945], saturation=0.0367, text_film=0.0179
up4 haar: reconstruction_error=6.855e-07, skip_low/high=0.8139/0.1861, plam_low/high=1.0000/0.0000
up4 strengths: plam=0.9610, region=0.1093, detail=0.0995; residual_std region/detail/refine=0.4483/0.4413/0.2659
up4 guide_mix: entropy=0.9760, raw_low=0.3039, plam_low=0.2814, decoder_low=0.2683, detail=0.1463; agreement plam/decoder=0.7737/0.5632, support=0.7076+/-0.1219
up4 adaptive_frequency: ALPF strength=0.2249, weights=0.1903/0.6862/0.1235, sum=1.0000, entropy=0.7504, delta_std=0.1180; AHPF strength=0.0779, weights=0.2199/0.5771/0.2030, sum=1.0000, entropy=0.8749, residual_std=0.1776, scaled_std=0.0138
up3: ca=1.0249+/-0.1990, sa=1.0034+/-0.0077, amp=0.0000, suppress=0.0000, guide_abs=0.3226
up3 residuals: local_mean=1.816e-02, global_mean=0.0117, local_strength=0.1113, global_strength=0.1132, gain=[0.9701,1.0359], saturation=0.0000, text_film=0.0316
up3 haar: reconstruction_error=9.537e-07, skip_low/high=0.8026/0.1974, plam_low/high=1.0000/0.0000
up3 strengths: plam=0.9576, region=0.1113, detail=0.1132; residual_std region/detail/refine=0.3852/0.5801/0.4492
up3 guide_mix: entropy=0.9767, raw_low=0.3228, plam_low=0.2677, decoder_low=0.2566, detail=0.1529; agreement plam/decoder=0.7383/0.2589, support=0.7477+/-0.0550
up3 adaptive_frequency: ALPF strength=0.2407, weights=0.1606/0.5187/0.3206, sum=1.0000, entropy=0.7914, delta_std=0.0773; AHPF strength=0.0944, weights=0.4740/0.2955/0.2306, sum=1.0000, entropy=0.8499, residual_std=0.1515, scaled_std=0.0143
up2: ca=0.9505+/-0.1330, sa=1.0026+/-0.0042, amp=0.0000, suppress=0.0000, guide_abs=0.2231
up2 residuals: local_mean=3.666e-03, global_mean=0.0201, local_strength=0.1109, global_strength=0.1093, gain=[0.9612,1.0398], saturation=0.0000, text_film=0.0187
up2 haar: reconstruction_error=1.192e-06, skip_low/high=0.7925/0.2075, plam_low/high=1.0000/0.0000
up2 strengths: plam=0.9272, region=0.1109, detail=0.1093; residual_std region/detail/refine=0.1760/0.3119/0.1618
up2 guide_mix: entropy=0.9644, raw_low=0.2709, plam_low=0.3053, decoder_low=0.2987, detail=0.1251; agreement plam/decoder=0.5629/-0.1470, support=0.5583+/-0.0425
up1: ca=0.8767+/-0.1418, sa=1.0001+/-0.0134, amp=0.0000, suppress=0.0000, guide_abs=0.2268
up1 residuals: local_mean=-1.105e-02, global_mean=0.0140, local_strength=0.1187, global_strength=0.0994, gain=[0.9030,1.0956], saturation=0.0028, text_film=0.0307
up1 haar: reconstruction_error=2.678e-06, skip_low/high=0.7369/0.2631, plam_low/high=1.0000/0.0000
up1 strengths: plam=0.9541, region=0.1187, detail=0.0994; residual_std region/detail/refine=0.4787/0.3701/0.0958
up1 guide_mix: entropy=0.9378, raw_low=0.2521, plam_low=0.3548, decoder_low=0.2976, detail=0.0955; agreement plam/decoder=0.5228/-0.1108, support=0.6136+/-0.0998

========= Epoch [15/80] =========
RS1_Test_session_09.11_04h18
Training with batch size : 16
   [Train] Epoch: [15][20/357]  Loss:0.138 (Avg 0.1683) IoU:0.723 (Avg 0.6941) Dice:0.8275 (Avg 0.7994) LR 2.77e-04   (AvgTime 0.6)   
   [Train] Epoch: [15][40/357]  Loss:0.274 (Avg 0.1729) IoU:0.531 (Avg 0.6819) Dice:0.6454 (Avg 0.7896) LR 2.77e-04   (AvgTime 0.6)   
   [Train] Epoch: [15][60/357]  Loss:0.233 (Avg 0.1782) IoU:0.607 (Avg 0.6751) Dice:0.7062 (Avg 0.7837) LR 2.77e-04   (AvgTime 0.6)   
   [Train] Epoch: [15][80/357]  Loss:0.151 (Avg 0.1768) IoU:0.694 (Avg 0.6750) Dice:0.8039 (Avg 0.7837) LR 2.77e-04   (AvgTime 0.6)   
   [Train] Epoch: [15][100/357]  Loss:0.163 (Avg 0.1818) IoU:0.694 (Avg 0.6666) Dice:0.8036 (Avg 0.7771) LR 2.77e-04   (AvgTime 0.6)   
   [Train] Epoch: [15][120/357]  Loss:0.201 (Avg 0.1802) IoU:0.672 (Avg 0.6711) Dice:0.7823 (Avg 0.7807) LR 2.77e-04   (AvgTime 0.6)   
   [Train] Epoch: [15][140/357]  Loss:0.169 (Avg 0.1796) IoU:0.686 (Avg 0.6717) Dice:0.7974 (Avg 0.7810) LR 2.77e-04   (AvgTime 0.6)   
   [Train] Epoch: [15][160/357]  Loss:0.154 (Avg 0.1796) IoU:0.708 (Avg 0.6717) Dice:0.8141 (Avg 0.7811) LR 2.77e-04   (AvgTime 0.6)   
   [Train] Epoch: [15][180/357]  Loss:0.149 (Avg 0.1794) IoU:0.707 (Avg 0.6713) Dice:0.8204 (Avg 0.7806) LR 2.77e-04   (AvgTime 0.6)   
   [Train] Epoch: [15][200/357]  Loss:0.182 (Avg 0.1804) IoU:0.641 (Avg 0.6689) Dice:0.7560 (Avg 0.7785) LR 2.77e-04   (AvgTime 0.6)   
   [Train] Epoch: [15][220/357]  Loss:0.165 (Avg 0.1808) IoU:0.688 (Avg 0.6681) Dice:0.7947 (Avg 0.7782) LR 2.77e-04   (AvgTime 0.6)   
   [Train] Epoch: [15][240/357]  Loss:0.175 (Avg 0.1805) IoU:0.673 (Avg 0.6691) Dice:0.7793 (Avg 0.7792) LR 2.77e-04   (AvgTime 0.6)   
   [Train] Epoch: [15][260/357]  Loss:0.194 (Avg 0.1800) IoU:0.633 (Avg 0.6700) Dice:0.7600 (Avg 0.7799) LR 2.77e-04   (AvgTime 0.6)   
   [Train] Epoch: [15][280/357]  Loss:0.171 (Avg 0.1809) IoU:0.703 (Avg 0.6683) Dice:0.8063 (Avg 0.7783) LR 2.77e-04   (AvgTime 0.6)   
   [Train] Epoch: [15][300/357]  Loss:0.217 (Avg 0.1812) IoU:0.614 (Avg 0.6678) Dice:0.7162 (Avg 0.7779) LR 2.77e-04   (AvgTime 0.6)   
   [Train] Epoch: [15][320/357]  Loss:0.194 (Avg 0.1809) IoU:0.656 (Avg 0.6686) Dice:0.7738 (Avg 0.7785) LR 2.77e-04   (AvgTime 0.6)   
   [Train] Epoch: [15][340/357]  Loss:0.196 (Avg 0.1803) IoU:0.646 (Avg 0.6694) Dice:0.7575 (Avg 0.7792) LR 2.77e-04   (AvgTime 0.6)   
   [Train] Epoch: [15][357/357]  Loss:0.202 (Avg 0.1799) IoU:0.658 (Avg 0.6700) Dice:0.7689 (Avg 0.7798) LR 2.77e-04   (AvgTime 0.6)   
   [Train] Loss components: main_dice=0.187591, main_focal=0.061110, main=0.124351, region_raw=0.432641, region_weighted=0.055513, empty_window_fraction=0.000000, total=0.179864
Validation
   [Val] Epoch: [15][20/90]  Loss:0.196 (Avg 0.1675) IoU:0.656 (Avg 0.6970) Dice:0.7757 (Avg 0.8052) (AvgTime 0.2)   
   [Val] Epoch: [15][40/90]  Loss:0.163 (Avg 0.1790) IoU:0.681 (Avg 0.6783) Dice:0.7942 (Avg 0.7869) (AvgTime 0.2)   
   [Val] Epoch: [15][60/90]  Loss:0.202 (Avg 0.1689) IoU:0.643 (Avg 0.6887) Dice:0.7497 (Avg 0.7943) (AvgTime 0.2)   
   [Val] Epoch: [15][80/90]  Loss:0.154 (Avg 0.1672) IoU:0.692 (Avg 0.6883) Dice:0.8011 (Avg 0.7943) (AvgTime 0.2)   
   [Val] Epoch: [15][90/90]  Loss:0.191 (Avg 0.1677) IoU:0.629 (Avg 0.6878) Dice:0.7581 (Avg 0.7939) (AvgTime 0.2)   
   [Val] Loss components: main_dice=0.173785, main_focal=0.059509, main=0.116647, region_raw=0.397691, region_weighted=0.051029, empty_window_fraction=0.000000, total=0.167675
	 Saving best model by iou: 0.687761
	 Saving to Covid19/BetterLViT/rs1_global_iou/RS1_Test_session_09.11_04h18/models//best_model-BetterLViT.pth.tar
	 early_stopping_count: 0/80
--- Epoch History (1..15) ---
Epoch |  TrainLoss |  TrainDice |  TrainIoU |    ValLoss |    ValDice |    ValIoU |         LR | Best
    1 |     0.3274 |     0.6089 |    0.4797 |     0.3091 |     0.6203 |    0.4911 |   3.00e-04 |     
    2 |     0.2493 |     0.7003 |    0.5773 |     0.2277 |     0.7202 |    0.6053 |   3.00e-04 |     
    3 |     0.2258 |     0.7259 |    0.6062 |     0.2068 |     0.7560 |    0.6429 |   3.00e-04 |     
    4 |     0.2153 |     0.7383 |    0.6212 |     0.2013 |     0.7654 |    0.6509 |   2.99e-04 |     
    5 |     0.2041 |     0.7514 |    0.6359 |     0.1929 |     0.7592 |    0.6456 |   2.98e-04 |     
    6 |     0.2002 |     0.7575 |    0.6433 |     0.1994 |     0.7556 |    0.6374 |   2.97e-04 |     
    7 |     0.1959 |     0.7613 |    0.6476 |     0.1953 |     0.7677 |    0.6559 |   2.96e-04 |     
    8 |     0.1917 |     0.7652 |    0.6526 |     0.1819 |     0.7753 |    0.6638 |   2.94e-04 |     
    9 |     0.1890 |     0.7689 |    0.6569 |     0.1877 |     0.7648 |    0.6526 |   2.92e-04 |     
   10 |     0.1909 |     0.7674 |    0.6547 |     0.1967 |     0.7614 |    0.6474 |   2.91e-04 |     
   11 |     0.1850 |     0.7752 |    0.6643 |     0.1777 |     0.7851 |    0.6761 |   2.88e-04 |     
   12 |     0.1847 |     0.7750 |    0.6644 |     0.1820 |     0.7863 |    0.6777 |   2.86e-04 |     
   13 |     0.1819 |     0.7786 |    0.6681 |     0.1785 |     0.7822 |    0.6720 |   2.83e-04 |     
   14 |     0.1792 |     0.7815 |    0.6721 |     0.1710 |     0.7906 |    0.6822 |   2.80e-04 |     
   15 |     0.1799 |     0.7798 |    0.6700 |     0.1677 |     0.7939 |    0.6878 |   2.77e-04 |    *
--- R2 plus final-map regional overlap: global validation statistics ---
up4: ca=0.8816+/-0.1422, sa=1.0085+/-0.0155, amp=0.0013, suppress=0.0000, guide_abs=0.1889
up4 residuals: local_mean=6.827e-02, global_mean=0.0165, local_strength=0.1097, global_strength=0.0999, gain=[0.9792,1.1050], saturation=0.0653, text_film=0.0189
up4 haar: reconstruction_error=9.537e-07, skip_low/high=0.8192/0.1808, plam_low/high=1.0000/0.0000
up4 strengths: plam=0.9585, region=0.1097, detail=0.0999; residual_std region/detail/refine=0.4562/0.4309/0.2715
up4 guide_mix: entropy=0.9776, raw_low=0.3152, plam_low=0.2678, decoder_low=0.2646, detail=0.1524; agreement plam/decoder=0.6786/0.5314, support=0.7469+/-0.1195
up4 adaptive_frequency: ALPF strength=0.2258, weights=0.1758/0.6807/0.1435, sum=1.0000, entropy=0.7693, delta_std=0.1135; AHPF strength=0.0777, weights=0.3208/0.5105/0.1687, sum=1.0000, entropy=0.9149, residual_std=0.1389, scaled_std=0.0108
up3: ca=1.0051+/-0.2073, sa=1.0047+/-0.0078, amp=0.0000, suppress=0.0000, guide_abs=0.3243
up3 residuals: local_mean=2.075e-02, global_mean=0.0211, local_strength=0.1116, global_strength=0.1135, gain=[0.9627,1.0455], saturation=0.0000, text_film=0.0357
up3 haar: reconstruction_error=9.537e-07, skip_low/high=0.8023/0.1977, plam_low/high=1.0000/0.0000
up3 strengths: plam=0.9551, region=0.1116, detail=0.1135; residual_std region/detail/refine=0.3930/0.5933/0.4641
up3 guide_mix: entropy=0.9774, raw_low=0.3321, plam_low=0.2550, decoder_low=0.2540, detail=0.1590; agreement plam/decoder=0.7270/0.2672, support=0.7472+/-0.0754
up3 adaptive_frequency: ALPF strength=0.2432, weights=0.1536/0.5384/0.3080, sum=1.0000, entropy=0.7430, delta_std=0.0815; AHPF strength=0.0952, weights=0.4455/0.3090/0.2455, sum=1.0000, entropy=0.8388, residual_std=0.1611, scaled_std=0.0153
up2: ca=0.9416+/-0.1376, sa=1.0032+/-0.0041, amp=0.0000, suppress=0.0000, guide_abs=0.1922
up2 residuals: local_mean=3.919e-03, global_mean=0.0253, local_strength=0.1116, global_strength=0.1097, gain=[0.9651,1.0411], saturation=0.0000, text_film=0.0195
up2 haar: reconstruction_error=9.537e-07, skip_low/high=0.7968/0.2032, plam_low/high=1.0000/0.0000
up2 strengths: plam=0.9220, region=0.1116, detail=0.1097; residual_std region/detail/refine=0.1829/0.3048/0.1608
up2 guide_mix: entropy=0.9671, raw_low=0.2889, plam_low=0.2624, decoder_low=0.3172, detail=0.1314; agreement plam/decoder=0.6664/-0.2541, support=0.5570+/-0.0418
up1: ca=0.8717+/-0.1438, sa=1.0005+/-0.0137, amp=0.0000, suppress=0.0000, guide_abs=0.2450
up1 residuals: local_mean=-8.875e-03, global_mean=0.0157, local_strength=0.1193, global_strength=0.0997, gain=[0.9024,1.0957], saturation=0.0138, text_film=0.0289
up1 haar: reconstruction_error=1.907e-06, skip_low/high=0.7501/0.2499, plam_low/high=1.0000/0.0000
up1 strengths: plam=0.9519, region=0.1193, detail=0.0997; residual_std region/detail/refine=0.4542/0.3842/0.0964
up1 guide_mix: entropy=0.9491, raw_low=0.2876, plam_low=0.3000, decoder_low=0.3103, detail=0.1022; agreement plam/decoder=0.4973/-0.0686, support=0.6502+/-0.1089

========= Epoch [16/80] =========
RS1_Test_session_09.11_04h18
Training with batch size : 16
   [Train] Epoch: [16][20/357]  Loss:0.165 (Avg 0.1665) IoU:0.729 (Avg 0.6929) Dice:0.8258 (Avg 0.7992) LR 2.74e-04   (AvgTime 0.6)   
   [Train] Epoch: [16][40/357]  Loss:0.159 (Avg 0.1699) IoU:0.695 (Avg 0.6879) Dice:0.8085 (Avg 0.7950) LR 2.74e-04   (AvgTime 0.5)   
   [Train] Epoch: [16][60/357]  Loss:0.162 (Avg 0.1709) IoU:0.718 (Avg 0.6852) Dice:0.8236 (Avg 0.7926) LR 2.74e-04   (AvgTime 0.5)   
   [Train] Epoch: [16][80/357]  Loss:0.227 (Avg 0.1721) IoU:0.598 (Avg 0.6834) Dice:0.6910 (Avg 0.7906) LR 2.74e-04   (AvgTime 0.5)   
   [Train] Epoch: [16][100/357]  Loss:0.194 (Avg 0.1717) IoU:0.621 (Avg 0.6837) Dice:0.7366 (Avg 0.7912) LR 2.74e-04   (AvgTime 0.5)   
   [Train] Epoch: [16][120/357]  Loss:0.159 (Avg 0.1734) IoU:0.718 (Avg 0.6805) Dice:0.8182 (Avg 0.7887) LR 2.74e-04   (AvgTime 0.5)   
   [Train] Epoch: [16][140/357]  Loss:0.144 (Avg 0.1720) IoU:0.740 (Avg 0.6831) Dice:0.8368 (Avg 0.7911) LR 2.74e-04   (AvgTime 0.5)   
   [Train] Epoch: [16][160/357]  Loss:0.207 (Avg 0.1735) IoU:0.653 (Avg 0.6809) Dice:0.7567 (Avg 0.7893) LR 2.74e-04   (AvgTime 0.5)   
   [Train] Epoch: [16][180/357]  Loss:0.207 (Avg 0.1754) IoU:0.599 (Avg 0.6782) Dice:0.7204 (Avg 0.7872) LR 2.74e-04   (AvgTime 0.5)   
   [Train] Epoch: [16][200/357]  Loss:0.174 (Avg 0.1765) IoU:0.666 (Avg 0.6769) Dice:0.7906 (Avg 0.7860) LR 2.74e-04   (AvgTime 0.5)   
   [Train] Epoch: [16][220/357]  Loss:0.129 (Avg 0.1753) IoU:0.765 (Avg 0.6786) Dice:0.8587 (Avg 0.7873) LR 2.74e-04   (AvgTime 0.5)   
   [Train] Epoch: [16][240/357]  Loss:0.147 (Avg 0.1762) IoU:0.744 (Avg 0.6770) Dice:0.8413 (Avg 0.7860) LR 2.74e-04   (AvgTime 0.5)   
   [Train] Epoch: [16][260/357]  Loss:0.257 (Avg 0.1769) IoU:0.535 (Avg 0.6758) Dice:0.6510 (Avg 0.7848) LR 2.74e-04   (AvgTime 0.5)   
   [Train] Epoch: [16][280/357]  Loss:0.199 (Avg 0.1776) IoU:0.614 (Avg 0.6743) Dice:0.7384 (Avg 0.7835) LR 2.74e-04   (AvgTime 0.5)   
   [Train] Epoch: [16][300/357]  Loss:0.193 (Avg 0.1783) IoU:0.626 (Avg 0.6735) Dice:0.7495 (Avg 0.7830) LR 2.74e-04   (AvgTime 0.5)   
   [Train] Epoch: [16][320/357]  Loss:0.141 (Avg 0.1777) IoU:0.723 (Avg 0.6745) Dice:0.8329 (Avg 0.7839) LR 2.74e-04   (AvgTime 0.5)   
   [Train] Epoch: [16][340/357]  Loss:0.177 (Avg 0.1775) IoU:0.654 (Avg 0.6749) Dice:0.7787 (Avg 0.7841) LR 2.74e-04   (AvgTime 0.5)   
   [Train] Epoch: [16][357/357]  Loss:0.183 (Avg 0.1784) IoU:0.657 (Avg 0.6735) Dice:0.7808 (Avg 0.7828) LR 2.74e-04   (AvgTime 0.5)   
   [Train] Loss components: main_dice=0.185156, main_focal=0.061370, main=0.123263, region_raw=0.429402, region_weighted=0.055097, empty_window_fraction=0.000000, total=0.178360
Validation
   [Val] Epoch: [16][20/90]  Loss:0.216 (Avg 0.1842) IoU:0.652 (Avg 0.6957) Dice:0.7752 (Avg 0.8050) (AvgTime 0.3)   
   [Val] Epoch: [16][40/90]  Loss:0.166 (Avg 0.1911) IoU:0.690 (Avg 0.6780) Dice:0.8087 (Avg 0.7882) (AvgTime 0.2)   
   [Val] Epoch: [16][60/90]  Loss:0.236 (Avg 0.1805) IoU:0.619 (Avg 0.6894) Dice:0.7327 (Avg 0.7955) (AvgTime 0.2)   
   [Val] Epoch: [16][80/90]  Loss:0.165 (Avg 0.1782) IoU:0.702 (Avg 0.6906) Dice:0.8118 (Avg 0.7966) (AvgTime 0.2)   
   [Val] Epoch: [16][90/90]  Loss:0.205 (Avg 0.1778) IoU:0.602 (Avg 0.6907) Dice:0.7282 (Avg 0.7969) (AvgTime 0.2)   
   [Val] Loss components: main_dice=0.171912, main_focal=0.076190, main=0.124051, region_raw=0.418821, region_weighted=0.053740, empty_window_fraction=0.000000, total=0.177791
	 Saving best model by iou: 0.690693
	 Saving to Covid19/BetterLViT/rs1_global_iou/RS1_Test_session_09.11_04h18/models//best_model-BetterLViT.pth.tar
	 early_stopping_count: 0/80
--- Epoch History (1..16) ---
Epoch |  TrainLoss |  TrainDice |  TrainIoU |    ValLoss |    ValDice |    ValIoU |         LR | Best
    1 |     0.3274 |     0.6089 |    0.4797 |     0.3091 |     0.6203 |    0.4911 |   3.00e-04 |     
    2 |     0.2493 |     0.7003 |    0.5773 |     0.2277 |     0.7202 |    0.6053 |   3.00e-04 |     
    3 |     0.2258 |     0.7259 |    0.6062 |     0.2068 |     0.7560 |    0.6429 |   3.00e-04 |     
    4 |     0.2153 |     0.7383 |    0.6212 |     0.2013 |     0.7654 |    0.6509 |   2.99e-04 |     
    5 |     0.2041 |     0.7514 |    0.6359 |     0.1929 |     0.7592 |    0.6456 |   2.98e-04 |     
    6 |     0.2002 |     0.7575 |    0.6433 |     0.1994 |     0.7556 |    0.6374 |   2.97e-04 |     
    7 |     0.1959 |     0.7613 |    0.6476 |     0.1953 |     0.7677 |    0.6559 |   2.96e-04 |     
    8 |     0.1917 |     0.7652 |    0.6526 |     0.1819 |     0.7753 |    0.6638 |   2.94e-04 |     
    9 |     0.1890 |     0.7689 |    0.6569 |     0.1877 |     0.7648 |    0.6526 |   2.92e-04 |     
   10 |     0.1909 |     0.7674 |    0.6547 |     0.1967 |     0.7614 |    0.6474 |   2.91e-04 |     
   11 |     0.1850 |     0.7752 |    0.6643 |     0.1777 |     0.7851 |    0.6761 |   2.88e-04 |     
   12 |     0.1847 |     0.7750 |    0.6644 |     0.1820 |     0.7863 |    0.6777 |   2.86e-04 |     
   13 |     0.1819 |     0.7786 |    0.6681 |     0.1785 |     0.7822 |    0.6720 |   2.83e-04 |     
   14 |     0.1792 |     0.7815 |    0.6721 |     0.1710 |     0.7906 |    0.6822 |   2.80e-04 |     
   15 |     0.1799 |     0.7798 |    0.6700 |     0.1677 |     0.7939 |    0.6878 |   2.77e-04 |     
   16 |     0.1784 |     0.7828 |    0.6735 |     0.1778 |     0.7969 |    0.6907 |   2.74e-04 |    *
--- R2 plus final-map regional overlap: global validation statistics ---
up4: ca=0.8801+/-0.1432, sa=1.0093+/-0.0158, amp=0.0003, suppress=0.0000, guide_abs=0.1984
up4 residuals: local_mean=7.234e-02, global_mean=0.0180, local_strength=0.1101, global_strength=0.1004, gain=[0.9773,1.1003], saturation=0.0173, text_film=0.0209
up4 haar: reconstruction_error=5.364e-07, skip_low/high=0.8216/0.1784, plam_low/high=1.0000/0.0000
up4 strengths: plam=0.9553, region=0.1101, detail=0.1004; residual_std region/detail/refine=0.4703/0.4144/0.2881
up4 guide_mix: entropy=0.9741, raw_low=0.3020, plam_low=0.2944, decoder_low=0.2603, detail=0.1434; agreement plam/decoder=0.7276/0.4521, support=0.6848+/-0.1203
up4 adaptive_frequency: ALPF strength=0.2267, weights=0.1759/0.6804/0.1436, sum=1.0000, entropy=0.7673, delta_std=0.1030; AHPF strength=0.0775, weights=0.2974/0.5299/0.1727, sum=1.0000, entropy=0.9037, residual_std=0.1379, scaled_std=0.0107
up3: ca=0.9943+/-0.2067, sa=1.0047+/-0.0083, amp=0.0000, suppress=0.0000, guide_abs=0.3434
up3 residuals: local_mean=2.019e-02, global_mean=0.0207, local_strength=0.1119, global_strength=0.1139, gain=[0.9638,1.0435], saturation=0.0000, text_film=0.0315
up3 haar: reconstruction_error=9.537e-07, skip_low/high=0.8001/0.1999, plam_low/high=1.0000/0.0000
up3 strengths: plam=0.9528, region=0.1119, detail=0.1139; residual_std region/detail/refine=0.4403/0.6192/0.4870
up3 guide_mix: entropy=0.9777, raw_low=0.3358, plam_low=0.2463, decoder_low=0.2554, detail=0.1625; agreement plam/decoder=0.6714/0.3068, support=0.7588+/-0.0600
up3 adaptive_frequency: ALPF strength=0.2463, weights=0.1605/0.4898/0.3497, sum=1.0000, entropy=0.7897, delta_std=0.0738; AHPF strength=0.0956, weights=0.5018/0.3160/0.1822, sum=1.0000, entropy=0.8474, residual_std=0.1463, scaled_std=0.0140
up2: ca=0.9363+/-0.1429, sa=1.0035+/-0.0043, amp=0.0000, suppress=0.0000, guide_abs=0.2177
up2 residuals: local_mean=3.995e-03, global_mean=0.0274, local_strength=0.1121, global_strength=0.1102, gain=[0.9697,1.0442], saturation=0.0000, text_film=0.0262
up2 haar: reconstruction_error=9.537e-07, skip_low/high=0.7942/0.2058, plam_low/high=1.0000/0.0000
up2 strengths: plam=0.9171, region=0.1121, detail=0.1102; residual_std region/detail/refine=0.1902/0.3137/0.1691
up2 guide_mix: entropy=0.9684, raw_low=0.2903, plam_low=0.2725, decoder_low=0.3056, detail=0.1316; agreement plam/decoder=0.5962/0.1422, support=0.5628+/-0.0400
up1: ca=0.8671+/-0.1706, sa=1.0008+/-0.0133, amp=0.0000, suppress=0.0000, guide_abs=0.2661
up1 residuals: local_mean=-6.894e-03, global_mean=0.0163, local_strength=0.1196, global_strength=0.0997, gain=[0.9031,1.0956], saturation=0.0138, text_film=0.0302
up1 haar: reconstruction_error=2.816e-06, skip_low/high=0.7458/0.2542, plam_low/high=1.0000/0.0000
up1 strengths: plam=0.9502, region=0.1196, detail=0.0997; residual_std region/detail/refine=0.4484/0.3717/0.1018
up1 guide_mix: entropy=0.9411, raw_low=0.2671, plam_low=0.3389, decoder_low=0.2984, detail=0.0957; agreement plam/decoder=0.4548/-0.1734, support=0.6694+/-0.1123

========= Epoch [17/80] =========
RS1_Test_session_09.11_04h18
Training with batch size : 16
   [Train] Epoch: [17][20/357]  Loss:0.193 (Avg 0.1679) IoU:0.628 (Avg 0.6946) Dice:0.7426 (Avg 0.8020) LR 2.71e-04   (AvgTime 0.6)   
   [Train] Epoch: [17][40/357]  Loss:0.180 (Avg 0.1695) IoU:0.662 (Avg 0.6871) Dice:0.7733 (Avg 0.7958) LR 2.71e-04   (AvgTime 0.6)   
   [Train] Epoch: [17][60/357]  Loss:0.206 (Avg 0.1708) IoU:0.615 (Avg 0.6875) Dice:0.7381 (Avg 0.7958) LR 2.71e-04   (AvgTime 0.6)   
   [Train] Epoch: [17][80/357]  Loss:0.165 (Avg 0.1713) IoU:0.710 (Avg 0.6846) Dice:0.8162 (Avg 0.7934) LR 2.71e-04   (AvgTime 0.6)   
   [Train] Epoch: [17][100/357]  Loss:0.150 (Avg 0.1752) IoU:0.724 (Avg 0.6795) Dice:0.8224 (Avg 0.7881) LR 2.71e-04   (AvgTime 0.6)   
   [Train] Epoch: [17][120/357]  Loss:0.166 (Avg 0.1750) IoU:0.683 (Avg 0.6787) Dice:0.7921 (Avg 0.7874) LR 2.71e-04   (AvgTime 0.6)   
   [Train] Epoch: [17][140/357]  Loss:0.188 (Avg 0.1764) IoU:0.650 (Avg 0.6758) Dice:0.7549 (Avg 0.7848) LR 2.71e-04   (AvgTime 0.6)   
   [Train] Epoch: [17][160/357]  Loss:0.165 (Avg 0.1760) IoU:0.686 (Avg 0.6769) Dice:0.7914 (Avg 0.7861) LR 2.71e-04   (AvgTime 0.6)   
   [Train] Epoch: [17][180/357]  Loss:0.185 (Avg 0.1768) IoU:0.663 (Avg 0.6765) Dice:0.7805 (Avg 0.7854) LR 2.71e-04   (AvgTime 0.6)   
   [Train] Epoch: [17][200/357]  Loss:0.142 (Avg 0.1766) IoU:0.711 (Avg 0.6760) Dice:0.8214 (Avg 0.7852) LR 2.71e-04   (AvgTime 0.6)   
   [Train] Epoch: [17][220/357]  Loss:0.207 (Avg 0.1762) IoU:0.609 (Avg 0.6761) Dice:0.7303 (Avg 0.7853) LR 2.71e-04   (AvgTime 0.6)   
   [Train] Epoch: [17][240/357]  Loss:0.200 (Avg 0.1760) IoU:0.629 (Avg 0.6769) Dice:0.7457 (Avg 0.7859) LR 2.71e-04   (AvgTime 0.6)   
   [Train] Epoch: [17][260/357]  Loss:0.142 (Avg 0.1769) IoU:0.724 (Avg 0.6758) Dice:0.8336 (Avg 0.7849) LR 2.71e-04   (AvgTime 0.6)   
   [Train] Epoch: [17][280/357]  Loss:0.194 (Avg 0.1768) IoU:0.628 (Avg 0.6761) Dice:0.7356 (Avg 0.7849) LR 2.71e-04   (AvgTime 0.6)   
   [Train] Epoch: [17][300/357]  Loss:0.205 (Avg 0.1770) IoU:0.634 (Avg 0.6756) Dice:0.7374 (Avg 0.7844) LR 2.71e-04   (AvgTime 0.6)   
   [Train] Epoch: [17][320/357]  Loss:0.192 (Avg 0.1791) IoU:0.631 (Avg 0.6729) Dice:0.7480 (Avg 0.7820) LR 2.71e-04   (AvgTime 0.6)   
   [Train] Epoch: [17][340/357]  Loss:0.175 (Avg 0.1804) IoU:0.722 (Avg 0.6710) Dice:0.8310 (Avg 0.7804) LR 2.71e-04   (AvgTime 0.6)   
   [Train] Epoch: [17][357/357]  Loss:0.150 (Avg 0.1800) IoU:0.758 (Avg 0.6717) Dice:0.8563 (Avg 0.7809) LR 2.71e-04   (AvgTime 0.6)   
   [Train] Loss components: main_dice=0.186994, main_focal=0.062121, main=0.124557, region_raw=0.431727, region_weighted=0.055396, empty_window_fraction=0.000000, total=0.179953
Validation
   [Val] Epoch: [17][20/90]  Loss:0.229 (Avg 0.1926) IoU:0.627 (Avg 0.6760) Dice:0.7471 (Avg 0.7867) (AvgTime 0.2)   
   [Val] Epoch: [17][40/90]  Loss:0.190 (Avg 0.1983) IoU:0.642 (Avg 0.6618) Dice:0.7671 (Avg 0.7726) (AvgTime 0.2)   
   [Val] Epoch: [17][60/90]  Loss:0.232 (Avg 0.1876) IoU:0.625 (Avg 0.6715) Dice:0.7380 (Avg 0.7795) (AvgTime 0.2)   
   [Val] Epoch: [17][80/90]  Loss:0.163 (Avg 0.1869) IoU:0.686 (Avg 0.6689) Dice:0.8005 (Avg 0.7779) (AvgTime 0.2)   
   [Val] Epoch: [17][90/90]  Loss:0.260 (Avg 0.1871) IoU:0.578 (Avg 0.6682) Dice:0.7017 (Avg 0.7775) (AvgTime 0.2)   
   [Val] Loss components: main_dice=0.189839, main_focal=0.076571, main=0.133205, region_raw=0.419662, region_weighted=0.053848, empty_window_fraction=0.000000, total=0.187053
	 No iou improvement; selected epoch 16
	 early_stopping_count: 1/80
--- Epoch History (1..17) ---
Epoch |  TrainLoss |  TrainDice |  TrainIoU |    ValLoss |    ValDice |    ValIoU |         LR | Best
    1 |     0.3274 |     0.6089 |    0.4797 |     0.3091 |     0.6203 |    0.4911 |   3.00e-04 |     
    2 |     0.2493 |     0.7003 |    0.5773 |     0.2277 |     0.7202 |    0.6053 |   3.00e-04 |     
    3 |     0.2258 |     0.7259 |    0.6062 |     0.2068 |     0.7560 |    0.6429 |   3.00e-04 |     
    4 |     0.2153 |     0.7383 |    0.6212 |     0.2013 |     0.7654 |    0.6509 |   2.99e-04 |     
    5 |     0.2041 |     0.7514 |    0.6359 |     0.1929 |     0.7592 |    0.6456 |   2.98e-04 |     
    6 |     0.2002 |     0.7575 |    0.6433 |     0.1994 |     0.7556 |    0.6374 |   2.97e-04 |     
    7 |     0.1959 |     0.7613 |    0.6476 |     0.1953 |     0.7677 |    0.6559 |   2.96e-04 |     
    8 |     0.1917 |     0.7652 |    0.6526 |     0.1819 |     0.7753 |    0.6638 |   2.94e-04 |     
    9 |     0.1890 |     0.7689 |    0.6569 |     0.1877 |     0.7648 |    0.6526 |   2.92e-04 |     
   10 |     0.1909 |     0.7674 |    0.6547 |     0.1967 |     0.7614 |    0.6474 |   2.91e-04 |     
   11 |     0.1850 |     0.7752 |    0.6643 |     0.1777 |     0.7851 |    0.6761 |   2.88e-04 |     
   12 |     0.1847 |     0.7750 |    0.6644 |     0.1820 |     0.7863 |    0.6777 |   2.86e-04 |     
   13 |     0.1819 |     0.7786 |    0.6681 |     0.1785 |     0.7822 |    0.6720 |   2.83e-04 |     
   14 |     0.1792 |     0.7815 |    0.6721 |     0.1710 |     0.7906 |    0.6822 |   2.80e-04 |     
   15 |     0.1799 |     0.7798 |    0.6700 |     0.1677 |     0.7939 |    0.6878 |   2.77e-04 |     
   16 |     0.1784 |     0.7828 |    0.6735 |     0.1778 |     0.7969 |    0.6907 |   2.74e-04 |    *
   17 |     0.1800 |     0.7809 |    0.6717 |     0.1871 |     0.7775 |    0.6682 |   2.71e-04 |     
--- R2 plus final-map regional overlap: global validation statistics ---
up4: ca=0.8506+/-0.1804, sa=1.0070+/-0.0151, amp=0.0000, suppress=0.0000, guide_abs=0.2154
up4 residuals: local_mean=7.344e-02, global_mean=-0.0055, local_strength=0.1107, global_strength=0.1007, gain=[0.9766,1.0976], saturation=0.0633, text_film=0.0226
up4 haar: reconstruction_error=9.537e-07, skip_low/high=0.8310/0.1690, plam_low/high=1.0000/0.0000
up4 strengths: plam=0.9536, region=0.1107, detail=0.1007; residual_std region/detail/refine=0.4921/0.3860/0.2779
up4 guide_mix: entropy=0.9598, raw_low=0.2593, plam_low=0.3295, decoder_low=0.2899, detail=0.1212; agreement plam/decoder=0.3704/0.2587, support=0.7174+/-0.1262
up4 adaptive_frequency: ALPF strength=0.2278, weights=0.1949/0.6664/0.1387, sum=1.0000, entropy=0.7850, delta_std=0.1082; AHPF strength=0.0773, weights=0.3185/0.5105/0.1710, sum=1.0000, entropy=0.9163, residual_std=0.1127, scaled_std=0.0087
up3: ca=0.9878+/-0.2232, sa=1.0051+/-0.0074, amp=0.0000, suppress=0.0000, guide_abs=0.3640
up3 residuals: local_mean=2.486e-02, global_mean=0.0200, local_strength=0.1120, global_strength=0.1143, gain=[0.9702,1.0364], saturation=0.0000, text_film=0.0358
up3 haar: reconstruction_error=9.537e-07, skip_low/high=0.8085/0.1915, plam_low/high=1.0000/0.0000
up3 strengths: plam=0.9507, region=0.1120, detail=0.1143; residual_std region/detail/refine=0.4475/0.6263/0.5234
up3 guide_mix: entropy=0.9763, raw_low=0.3258, plam_low=0.2582, decoder_low=0.2631, detail=0.1529; agreement plam/decoder=0.7003/0.2289, support=0.7916+/-0.0585
up3 adaptive_frequency: ALPF strength=0.2490, weights=0.1182/0.4194/0.4624, sum=1.0000, entropy=0.7576, delta_std=0.0803; AHPF strength=0.0966, weights=0.4840/0.2404/0.2757, sum=1.0000, entropy=0.8178, residual_std=0.1470, scaled_std=0.0142
up2: ca=0.9302+/-0.1492, sa=1.0035+/-0.0040, amp=0.0000, suppress=0.0000, guide_abs=0.2155
up2 residuals: local_mean=4.121e-03, global_mean=0.0279, local_strength=0.1126, global_strength=0.1104, gain=[0.9704,1.0414], saturation=0.0000, text_film=0.0236
up2 haar: reconstruction_error=9.537e-07, skip_low/high=0.7947/0.2053, plam_low/high=1.0000/0.0000
up2 strengths: plam=0.9117, region=0.1126, detail=0.1104; residual_std region/detail/refine=0.1954/0.2955/0.1588
up2 guide_mix: entropy=0.9625, raw_low=0.2870, plam_low=0.2557, decoder_low=0.3309, detail=0.1263; agreement plam/decoder=0.6412/0.1684, support=0.5618+/-0.0400
up1: ca=0.8539+/-0.1730, sa=1.0012+/-0.0134, amp=0.0000, suppress=0.0000, guide_abs=0.2373
up1 residuals: local_mean=-4.858e-03, global_mean=0.0174, local_strength=0.1202, global_strength=0.0998, gain=[0.9038,1.0950], saturation=0.0211, text_film=0.0311
up1 haar: reconstruction_error=2.503e-06, skip_low/high=0.7551/0.2449, plam_low/high=1.0000/0.0000
up1 strengths: plam=0.9482, region=0.1202, detail=0.0998; residual_std region/detail/refine=0.5401/0.3710/0.1079
up1 guide_mix: entropy=0.9457, raw_low=0.2779, plam_low=0.3031, decoder_low=0.3201, detail=0.0989; agreement plam/decoder=0.4514/-0.1616, support=0.6422+/-0.1139

========= Epoch [18/80] =========
RS1_Test_session_09.11_04h18
Training with batch size : 16
   [Train] Epoch: [18][20/357]  Loss:0.176 (Avg 0.1941) IoU:0.675 (Avg 0.6544) Dice:0.7916 (Avg 0.7648) LR 2.67e-04   (AvgTime 0.6)   
   [Train] Epoch: [18][40/357]  Loss:0.196 (Avg 0.1933) IoU:0.637 (Avg 0.6559) Dice:0.7540 (Avg 0.7659) LR 2.67e-04   (AvgTime 0.5)   
   [Train] Epoch: [18][60/357]  Loss:0.214 (Avg 0.1889) IoU:0.636 (Avg 0.6635) Dice:0.7456 (Avg 0.7729) LR 2.67e-04   (AvgTime 0.5)   
   [Train] Epoch: [18][80/357]  Loss:0.214 (Avg 0.1847) IoU:0.639 (Avg 0.6683) Dice:0.7183 (Avg 0.7773) LR 2.67e-04   (AvgTime 0.5)   
   [Train] Epoch: [18][100/357]  Loss:0.165 (Avg 0.1816) IoU:0.699 (Avg 0.6713) Dice:0.8072 (Avg 0.7803) LR 2.67e-04   (AvgTime 0.5)   
   [Train] Epoch: [18][120/357]  Loss:0.128 (Avg 0.1790) IoU:0.747 (Avg 0.6747) Dice:0.8465 (Avg 0.7834) LR 2.67e-04   (AvgTime 0.5)   
   [Train] Epoch: [18][140/357]  Loss:0.145 (Avg 0.1786) IoU:0.723 (Avg 0.6748) Dice:0.8268 (Avg 0.7834) LR 2.67e-04   (AvgTime 0.5)   
   [Train] Epoch: [18][160/357]  Loss:0.233 (Avg 0.1786) IoU:0.561 (Avg 0.6753) Dice:0.6755 (Avg 0.7835) LR 2.67e-04   (AvgTime 0.5)   
   [Train] Epoch: [18][180/357]  Loss:0.158 (Avg 0.1779) IoU:0.737 (Avg 0.6759) Dice:0.8263 (Avg 0.7842) LR 2.67e-04   (AvgTime 0.5)   
   [Train] Epoch: [18][200/357]  Loss:0.237 (Avg 0.1769) IoU:0.591 (Avg 0.6769) Dice:0.7033 (Avg 0.7849) LR 2.67e-04   (AvgTime 0.5)   
   [Train] Epoch: [18][220/357]  Loss:0.192 (Avg 0.1771) IoU:0.657 (Avg 0.6770) Dice:0.7681 (Avg 0.7851) LR 2.67e-04   (AvgTime 0.5)   
   [Train] Epoch: [18][240/357]  Loss:0.152 (Avg 0.1779) IoU:0.727 (Avg 0.6761) Dice:0.8257 (Avg 0.7842) LR 2.67e-04   (AvgTime 0.5)   
   [Train] Epoch: [18][260/357]  Loss:0.257 (Avg 0.1782) IoU:0.572 (Avg 0.6757) Dice:0.6712 (Avg 0.7842) LR 2.67e-04   (AvgTime 0.5)   
   [Train] Epoch: [18][280/357]  Loss:0.223 (Avg 0.1775) IoU:0.577 (Avg 0.6765) Dice:0.7029 (Avg 0.7849) LR 2.67e-04   (AvgTime 0.5)   
   [Train] Epoch: [18][300/357]  Loss:0.159 (Avg 0.1768) IoU:0.697 (Avg 0.6778) Dice:0.8001 (Avg 0.7859) LR 2.67e-04   (AvgTime 0.5)   
   [Train] Epoch: [18][320/357]  Loss:0.177 (Avg 0.1766) IoU:0.689 (Avg 0.6779) Dice:0.7942 (Avg 0.7860) LR 2.67e-04   (AvgTime 0.5)   
   [Train] Epoch: [18][340/357]  Loss:0.196 (Avg 0.1763) IoU:0.625 (Avg 0.6778) Dice:0.7436 (Avg 0.7861) LR 2.67e-04   (AvgTime 0.5)   
   [Train] Epoch: [18][357/357]  Loss:0.251 (Avg 0.1765) IoU:0.538 (Avg 0.6774) Dice:0.6547 (Avg 0.7859) LR 2.67e-04   (AvgTime 0.5)   
   [Train] Loss components: main_dice=0.182364, main_focal=0.061377, main=0.121871, region_raw=0.426004, region_weighted=0.054661, empty_window_fraction=0.000000, total=0.176532
Validation
   [Val] Epoch: [18][20/90]  Loss:0.211 (Avg 0.1790) IoU:0.636 (Avg 0.6792) Dice:0.7595 (Avg 0.7921) (AvgTime 0.3)   
   [Val] Epoch: [18][40/90]  Loss:0.170 (Avg 0.1853) IoU:0.679 (Avg 0.6639) Dice:0.7938 (Avg 0.7772) (AvgTime 0.2)   
   [Val] Epoch: [18][60/90]  Loss:0.218 (Avg 0.1766) IoU:0.621 (Avg 0.6745) Dice:0.7356 (Avg 0.7843) (AvgTime 0.2)   
   [Val] Epoch: [18][80/90]  Loss:0.147 (Avg 0.1764) IoU:0.709 (Avg 0.6743) Dice:0.8170 (Avg 0.7840) (AvgTime 0.2)   
   [Val] Epoch: [18][90/90]  Loss:0.204 (Avg 0.1763) IoU:0.612 (Avg 0.6744) Dice:0.7439 (Avg 0.7844) (AvgTime 0.2)   
   [Val] Loss components: main_dice=0.182408, main_focal=0.062820, main=0.122614, region_raw=0.418488, region_weighted=0.053697, empty_window_fraction=0.000000, total=0.176311
	 No iou improvement; selected epoch 16
	 early_stopping_count: 2/80
--- Epoch History (1..18) ---
Epoch |  TrainLoss |  TrainDice |  TrainIoU |    ValLoss |    ValDice |    ValIoU |         LR | Best
    1 |     0.3274 |     0.6089 |    0.4797 |     0.3091 |     0.6203 |    0.4911 |   3.00e-04 |     
    2 |     0.2493 |     0.7003 |    0.5773 |     0.2277 |     0.7202 |    0.6053 |   3.00e-04 |     
    3 |     0.2258 |     0.7259 |    0.6062 |     0.2068 |     0.7560 |    0.6429 |   3.00e-04 |     
    4 |     0.2153 |     0.7383 |    0.6212 |     0.2013 |     0.7654 |    0.6509 |   2.99e-04 |     
    5 |     0.2041 |     0.7514 |    0.6359 |     0.1929 |     0.7592 |    0.6456 |   2.98e-04 |     
    6 |     0.2002 |     0.7575 |    0.6433 |     0.1994 |     0.7556 |    0.6374 |   2.97e-04 |     
    7 |     0.1959 |     0.7613 |    0.6476 |     0.1953 |     0.7677 |    0.6559 |   2.96e-04 |     
    8 |     0.1917 |     0.7652 |    0.6526 |     0.1819 |     0.7753 |    0.6638 |   2.94e-04 |     
    9 |     0.1890 |     0.7689 |    0.6569 |     0.1877 |     0.7648 |    0.6526 |   2.92e-04 |     
   10 |     0.1909 |     0.7674 |    0.6547 |     0.1967 |     0.7614 |    0.6474 |   2.91e-04 |     
   11 |     0.1850 |     0.7752 |    0.6643 |     0.1777 |     0.7851 |    0.6761 |   2.88e-04 |     
   12 |     0.1847 |     0.7750 |    0.6644 |     0.1820 |     0.7863 |    0.6777 |   2.86e-04 |     
   13 |     0.1819 |     0.7786 |    0.6681 |     0.1785 |     0.7822 |    0.6720 |   2.83e-04 |     
   14 |     0.1792 |     0.7815 |    0.6721 |     0.1710 |     0.7906 |    0.6822 |   2.80e-04 |     
   15 |     0.1799 |     0.7798 |    0.6700 |     0.1677 |     0.7939 |    0.6878 |   2.77e-04 |     
   16 |     0.1784 |     0.7828 |    0.6735 |     0.1778 |     0.7969 |    0.6907 |   2.74e-04 |    *
   17 |     0.1800 |     0.7809 |    0.6717 |     0.1871 |     0.7775 |    0.6682 |   2.71e-04 |     
   18 |     0.1765 |     0.7859 |    0.6774 |     0.1763 |     0.7844 |    0.6744 |   2.67e-04 |     
--- R2 plus final-map regional overlap: global validation statistics ---
up4: ca=0.8966+/-0.1449, sa=1.0083+/-0.0150, amp=0.0000, suppress=0.0000, guide_abs=0.2318
up4 residuals: local_mean=7.925e-02, global_mean=0.0014, local_strength=0.1111, global_strength=0.1012, gain=[0.9849,1.0948], saturation=0.1214, text_film=0.0220
up4 haar: reconstruction_error=9.537e-07, skip_low/high=0.8198/0.1802, plam_low/high=1.0000/0.0000
up4 strengths: plam=0.9504, region=0.1111, detail=0.1012; residual_std region/detail/refine=0.5243/0.4095/0.2782
up4 guide_mix: entropy=0.9725, raw_low=0.2875, plam_low=0.2870, decoder_low=0.2878, detail=0.1378; agreement plam/decoder=0.7415/0.4049, support=0.7810+/-0.1182
up4 adaptive_frequency: ALPF strength=0.2290, weights=0.1796/0.6794/0.1411, sum=1.0000, entropy=0.7697, delta_std=0.1138; AHPF strength=0.0770, weights=0.3104/0.5163/0.1733, sum=1.0000, entropy=0.9158, residual_std=0.1234, scaled_std=0.0095
up3: ca=0.9865+/-0.2070, sa=1.0048+/-0.0068, amp=0.0000, suppress=0.0000, guide_abs=0.3546
up3 residuals: local_mean=2.737e-02, global_mean=0.0148, local_strength=0.1122, global_strength=0.1146, gain=[0.9755,1.0350], saturation=0.0000, text_film=0.0328
up3 haar: reconstruction_error=1.192e-06, skip_low/high=0.8028/0.1972, plam_low/high=1.0000/0.0000
up3 strengths: plam=0.9480, region=0.1122, detail=0.1146; residual_std region/detail/refine=0.4100/0.5860/0.4692
up3 guide_mix: entropy=0.9761, raw_low=0.3229, plam_low=0.2409, decoder_low=0.2819, detail=0.1543; agreement plam/decoder=0.6957/0.3611, support=0.7911+/-0.0630
up3 adaptive_frequency: ALPF strength=0.2523, weights=0.1305/0.4025/0.4670, sum=1.0000, entropy=0.7590, delta_std=0.0854; AHPF strength=0.0970, weights=0.5638/0.2882/0.1480, sum=1.0000, entropy=0.8077, residual_std=0.1109, scaled_std=0.0108
up2: ca=0.9072+/-0.1301, sa=1.0033+/-0.0046, amp=0.0000, suppress=0.0000, guide_abs=0.2038
up2 residuals: local_mean=3.521e-03, global_mean=0.0262, local_strength=0.1130, global_strength=0.1107, gain=[0.9651,1.0460], saturation=0.0000, text_film=0.0483
up2 haar: reconstruction_error=9.537e-07, skip_low/high=0.7922/0.2078, plam_low/high=1.0000/0.0000
up2 strengths: plam=0.9074, region=0.1130, detail=0.1107; residual_std region/detail/refine=0.1883/0.3214/0.1608
up2 guide_mix: entropy=0.9657, raw_low=0.3039, plam_low=0.2268, decoder_low=0.3302, detail=0.1391; agreement plam/decoder=0.5583/0.0166, support=0.5625+/-0.0338
up1: ca=0.8350+/-0.1586, sa=1.0014+/-0.0136, amp=0.0000, suppress=0.0000, guide_abs=0.2354
up1 residuals: local_mean=-4.825e-03, global_mean=0.0200, local_strength=0.1206, global_strength=0.0999, gain=[0.9031,1.0961], saturation=0.0118, text_film=0.0320
up1 haar: reconstruction_error=1.907e-06, skip_low/high=0.7297/0.2703, plam_low/high=1.0000/0.0000
up1 strengths: plam=0.9465, region=0.1206, detail=0.0999; residual_std region/detail/refine=0.5539/0.3766/0.1130
up1 guide_mix: entropy=0.9443, raw_low=0.2531, plam_low=0.3045, decoder_low=0.3408, detail=0.1016; agreement plam/decoder=0.5355/0.1310, support=0.6381+/-0.1140

========= Epoch [19/80] =========
RS1_Test_session_09.11_04h18
Training with batch size : 16
   [Train] Epoch: [19][20/357]  Loss:0.190 (Avg 0.1727) IoU:0.645 (Avg 0.6788) Dice:0.7700 (Avg 0.7884) LR 2.63e-04   (AvgTime 0.6)   
   [Train] Epoch: [19][40/357]  Loss:0.155 (Avg 0.1713) IoU:0.692 (Avg 0.6816) Dice:0.8035 (Avg 0.7901) LR 2.63e-04   (AvgTime 0.6)   
   [Train] Epoch: [19][60/357]  Loss:0.130 (Avg 0.1733) IoU:0.762 (Avg 0.6804) Dice:0.8519 (Avg 0.7885) LR 2.63e-04   (AvgTime 0.6)   
   [Train] Epoch: [19][80/357]  Loss:0.149 (Avg 0.1756) IoU:0.732 (Avg 0.6767) Dice:0.8297 (Avg 0.7856) LR 2.63e-04   (AvgTime 0.6)   
   [Train] Epoch: [19][100/357]  Loss:0.116 (Avg 0.1736) IoU:0.810 (Avg 0.6818) Dice:0.8910 (Avg 0.7897) LR 2.63e-04   (AvgTime 0.6)   
   [Train] Epoch: [19][120/357]  Loss:0.176 (Avg 0.1750) IoU:0.666 (Avg 0.6788) Dice:0.7636 (Avg 0.7866) LR 2.63e-04   (AvgTime 0.6)   
   [Train] Epoch: [19][140/357]  Loss:0.149 (Avg 0.1725) IoU:0.737 (Avg 0.6837) Dice:0.8319 (Avg 0.7905) LR 2.63e-04   (AvgTime 0.6)   
   [Train] Epoch: [19][160/357]  Loss:0.226 (Avg 0.1723) IoU:0.599 (Avg 0.6841) Dice:0.7102 (Avg 0.7908) LR 2.63e-04   (AvgTime 0.6)   
   [Train] Epoch: [19][180/357]  Loss:0.141 (Avg 0.1732) IoU:0.734 (Avg 0.6822) Dice:0.8320 (Avg 0.7892) LR 2.63e-04   (AvgTime 0.6)   
   [Train] Epoch: [19][200/357]  Loss:0.202 (Avg 0.1745) IoU:0.625 (Avg 0.6801) Dice:0.7302 (Avg 0.7874) LR 2.63e-04   (AvgTime 0.6)   
   [Train] Epoch: [19][220/357]  Loss:0.126 (Avg 0.1739) IoU:0.771 (Avg 0.6813) Dice:0.8640 (Avg 0.7882) LR 2.63e-04   (AvgTime 0.6)   
   [Train] Epoch: [19][240/357]  Loss:0.186 (Avg 0.1734) IoU:0.663 (Avg 0.6818) Dice:0.7770 (Avg 0.7888) LR 2.63e-04   (AvgTime 0.6)   
   [Train] Epoch: [19][260/357]  Loss:0.159 (Avg 0.1723) IoU:0.683 (Avg 0.6834) Dice:0.7967 (Avg 0.7903) LR 2.63e-04   (AvgTime 0.6)   
   [Train] Epoch: [19][280/357]  Loss:0.191 (Avg 0.1732) IoU:0.661 (Avg 0.6819) Dice:0.7577 (Avg 0.7890) LR 2.63e-04   (AvgTime 0.6)   
   [Train] Epoch: [19][300/357]  Loss:0.149 (Avg 0.1732) IoU:0.727 (Avg 0.6818) Dice:0.8251 (Avg 0.7888) LR 2.63e-04   (AvgTime 0.6)   
   [Train] Epoch: [19][320/357]  Loss:0.152 (Avg 0.1729) IoU:0.708 (Avg 0.6820) Dice:0.8131 (Avg 0.7891) LR 2.63e-04   (AvgTime 0.6)   
   [Train] Epoch: [19][340/357]  Loss:0.226 (Avg 0.1729) IoU:0.565 (Avg 0.6816) Dice:0.7035 (Avg 0.7889) LR 2.63e-04   (AvgTime 0.6)   
   [Train] Epoch: [19][357/357]  Loss:0.150 (Avg 0.1725) IoU:0.700 (Avg 0.6825) Dice:0.8059 (Avg 0.7898) LR 2.63e-04   (AvgTime 0.6)   
   [Train] Loss components: main_dice=0.178691, main_focal=0.058859, main=0.118775, region_raw=0.418494, region_weighted=0.053698, empty_window_fraction=0.000000, total=0.172473
Validation
   [Val] Epoch: [19][20/90]  Loss:0.193 (Avg 0.1667) IoU:0.670 (Avg 0.7067) Dice:0.7871 (Avg 0.8116) (AvgTime 0.2)   
   [Val] Epoch: [19][40/90]  Loss:0.157 (Avg 0.1739) IoU:0.702 (Avg 0.6890) Dice:0.8080 (Avg 0.7948) (AvgTime 0.2)   
   [Val] Epoch: [19][60/90]  Loss:0.192 (Avg 0.1656) IoU:0.656 (Avg 0.6967) Dice:0.7585 (Avg 0.7995) (AvgTime 0.2)   
   [Val] Epoch: [19][80/90]  Loss:0.151 (Avg 0.1646) IoU:0.699 (Avg 0.6955) Dice:0.8066 (Avg 0.7990) (AvgTime 0.2)   
   [Val] Epoch: [19][90/90]  Loss:0.197 (Avg 0.1650) IoU:0.610 (Avg 0.6943) Dice:0.7429 (Avg 0.7980) (AvgTime 0.2)   
   [Val] Loss components: main_dice=0.172127, main_focal=0.054890, main=0.113509, region_raw=0.401109, region_weighted=0.051467, empty_window_fraction=0.000000, total=0.164976
	 Saving best model by iou: 0.694294
	 Saving to Covid19/BetterLViT/rs1_global_iou/RS1_Test_session_09.11_04h18/models//best_model-BetterLViT.pth.tar
	 early_stopping_count: 0/80
--- Epoch History (1..19) ---
Epoch |  TrainLoss |  TrainDice |  TrainIoU |    ValLoss |    ValDice |    ValIoU |         LR | Best
    1 |     0.3274 |     0.6089 |    0.4797 |     0.3091 |     0.6203 |    0.4911 |   3.00e-04 |     
    2 |     0.2493 |     0.7003 |    0.5773 |     0.2277 |     0.7202 |    0.6053 |   3.00e-04 |     
    3 |     0.2258 |     0.7259 |    0.6062 |     0.2068 |     0.7560 |    0.6429 |   3.00e-04 |     
    4 |     0.2153 |     0.7383 |    0.6212 |     0.2013 |     0.7654 |    0.6509 |   2.99e-04 |     
    5 |     0.2041 |     0.7514 |    0.6359 |     0.1929 |     0.7592 |    0.6456 |   2.98e-04 |     
    6 |     0.2002 |     0.7575 |    0.6433 |     0.1994 |     0.7556 |    0.6374 |   2.97e-04 |     
    7 |     0.1959 |     0.7613 |    0.6476 |     0.1953 |     0.7677 |    0.6559 |   2.96e-04 |     
    8 |     0.1917 |     0.7652 |    0.6526 |     0.1819 |     0.7753 |    0.6638 |   2.94e-04 |     
    9 |     0.1890 |     0.7689 |    0.6569 |     0.1877 |     0.7648 |    0.6526 |   2.92e-04 |     
   10 |     0.1909 |     0.7674 |    0.6547 |     0.1967 |     0.7614 |    0.6474 |   2.91e-04 |     
   11 |     0.1850 |     0.7752 |    0.6643 |     0.1777 |     0.7851 |    0.6761 |   2.88e-04 |     
   12 |     0.1847 |     0.7750 |    0.6644 |     0.1820 |     0.7863 |    0.6777 |   2.86e-04 |     
   13 |     0.1819 |     0.7786 |    0.6681 |     0.1785 |     0.7822 |    0.6720 |   2.83e-04 |     
   14 |     0.1792 |     0.7815 |    0.6721 |     0.1710 |     0.7906 |    0.6822 |   2.80e-04 |     
   15 |     0.1799 |     0.7798 |    0.6700 |     0.1677 |     0.7939 |    0.6878 |   2.77e-04 |     
   16 |     0.1784 |     0.7828 |    0.6735 |     0.1778 |     0.7969 |    0.6907 |   2.74e-04 |     
   17 |     0.1800 |     0.7809 |    0.6717 |     0.1871 |     0.7775 |    0.6682 |   2.71e-04 |     
   18 |     0.1765 |     0.7859 |    0.6774 |     0.1763 |     0.7844 |    0.6744 |   2.67e-04 |     
   19 |     0.1725 |     0.7898 |    0.6825 |     0.1650 |     0.7980 |    0.6943 |   2.63e-04 |    *
--- R2 plus final-map regional overlap: global validation statistics ---
up4: ca=0.8965+/-0.1374, sa=1.0087+/-0.0150, amp=0.0000, suppress=0.0000, guide_abs=0.1927
up4 residuals: local_mean=7.424e-02, global_mean=0.0105, local_strength=0.1113, global_strength=0.1017, gain=[0.9801,1.0982], saturation=0.0704, text_film=0.0223
up4 haar: reconstruction_error=9.537e-07, skip_low/high=0.8282/0.1718, plam_low/high=1.0000/0.0000
up4 strengths: plam=0.9484, region=0.1113, detail=0.1017; residual_std region/detail/refine=0.4754/0.4173/0.2914
up4 guide_mix: entropy=0.9725, raw_low=0.3014, plam_low=0.2981, decoder_low=0.2601, detail=0.1404; agreement plam/decoder=0.6969/0.6224, support=0.7671+/-0.1165
up4 adaptive_frequency: ALPF strength=0.2303, weights=0.1930/0.6646/0.1424, sum=1.0000, entropy=0.7880, delta_std=0.1012; AHPF strength=0.0768, weights=0.3086/0.5178/0.1736, sum=1.0000, entropy=0.9154, residual_std=0.1225, scaled_std=0.0094
up3: ca=0.9896+/-0.1987, sa=1.0050+/-0.0071, amp=0.0000, suppress=0.0000, guide_abs=0.3408
up3 residuals: local_mean=2.427e-02, global_mean=0.0201, local_strength=0.1124, global_strength=0.1150, gain=[0.9731,1.0373], saturation=0.0000, text_film=0.0300
up3 haar: reconstruction_error=9.537e-07, skip_low/high=0.8009/0.1991, plam_low/high=1.0000/0.0000
up3 strengths: plam=0.9459, region=0.1124, detail=0.1150; residual_std region/detail/refine=0.3781/0.6304/0.5283
up3 guide_mix: entropy=0.9778, raw_low=0.3153, plam_low=0.2622, decoder_low=0.2696, detail=0.1530; agreement plam/decoder=0.6998/0.2924, support=0.7721+/-0.0621
up3 adaptive_frequency: ALPF strength=0.2543, weights=0.1276/0.4518/0.4207, sum=1.0000, entropy=0.8137, delta_std=0.0805; AHPF strength=0.0975, weights=0.6333/0.2402/0.1265, sum=1.0000, entropy=0.7484, residual_std=0.0900, scaled_std=0.0088
up2: ca=0.9248+/-0.1371, sa=1.0036+/-0.0042, amp=0.0000, suppress=0.0000, guide_abs=0.2061
up2 residuals: local_mean=4.144e-03, global_mean=0.0281, local_strength=0.1134, global_strength=0.1109, gain=[0.9634,1.0397], saturation=0.0000, text_film=0.0232
up2 haar: reconstruction_error=9.537e-07, skip_low/high=0.8001/0.1999, plam_low/high=1.0000/0.0000
up2 strengths: plam=0.9037, region=0.1134, detail=0.1109; residual_std region/detail/refine=0.2011/0.3023/0.1616
up2 guide_mix: entropy=0.9623, raw_low=0.2856, plam_low=0.2466, decoder_low=0.3388, detail=0.1289; agreement plam/decoder=0.5357/-0.1709, support=0.5663+/-0.0422
up1: ca=0.8632+/-0.1529, sa=1.0018+/-0.0138, amp=0.0000, suppress=0.0000, guide_abs=0.2598
up1 residuals: local_mean=-2.584e-03, global_mean=0.0212, local_strength=0.1209, global_strength=0.1001, gain=[0.9028,1.0968], saturation=0.0234, text_film=0.0373
up1 haar: reconstruction_error=1.907e-06, skip_low/high=0.7467/0.2533, plam_low/high=1.0000/0.0000
up1 strengths: plam=0.9448, region=0.1209, detail=0.1001; residual_std region/detail/refine=0.5421/0.3949/0.1146
up1 guide_mix: entropy=0.9506, raw_low=0.2843, plam_low=0.2941, decoder_low=0.3169, detail=0.1046; agreement plam/decoder=0.4743/-0.0465, support=0.6576+/-0.1211

========= Epoch [20/80] =========
RS1_Test_session_09.11_04h18
Training with batch size : 16
   [Train] Epoch: [20][20/357]  Loss:0.168 (Avg 0.1618) IoU:0.706 (Avg 0.6972) Dice:0.8093 (Avg 0.8018) LR 2.59e-04   (AvgTime 0.5)   
   [Train] Epoch: [20][40/357]  Loss:0.130 (Avg 0.1597) IoU:0.750 (Avg 0.7050) Dice:0.8416 (Avg 0.8070) LR 2.59e-04   (AvgTime 0.5)   
   [Train] Epoch: [20][60/357]  Loss:0.171 (Avg 0.1663) IoU:0.680 (Avg 0.6946) Dice:0.7913 (Avg 0.7986) LR 2.59e-04   (AvgTime 0.5)   
   [Train] Epoch: [20][80/357]  Loss:0.163 (Avg 0.1633) IoU:0.712 (Avg 0.6981) Dice:0.8158 (Avg 0.8023) LR 2.59e-04   (AvgTime 0.5)   
   [Train] Epoch: [20][100/357]  Loss:0.136 (Avg 0.1650) IoU:0.751 (Avg 0.6952) Dice:0.8481 (Avg 0.7996) LR 2.59e-04   (AvgTime 0.5)   
   [Train] Epoch: [20][120/357]  Loss:0.161 (Avg 0.1650) IoU:0.689 (Avg 0.6954) Dice:0.7997 (Avg 0.7998) LR 2.59e-04   (AvgTime 0.5)   
   [Train] Epoch: [20][140/357]  Loss:0.210 (Avg 0.1669) IoU:0.621 (Avg 0.6915) Dice:0.7338 (Avg 0.7966) LR 2.59e-04   (AvgTime 0.5)   
   [Train] Epoch: [20][160/357]  Loss:0.187 (Avg 0.1661) IoU:0.699 (Avg 0.6930) Dice:0.8159 (Avg 0.7981) LR 2.59e-04   (AvgTime 0.5)   
   [Train] Epoch: [20][180/357]  Loss:0.153 (Avg 0.1658) IoU:0.730 (Avg 0.6936) Dice:0.8254 (Avg 0.7989) LR 2.59e-04   (AvgTime 0.5)   
   [Train] Epoch: [20][200/357]  Loss:0.159 (Avg 0.1657) IoU:0.744 (Avg 0.6946) Dice:0.8459 (Avg 0.7998) LR 2.59e-04   (AvgTime 0.5)   
   [Train] Epoch: [20][220/357]  Loss:0.168 (Avg 0.1665) IoU:0.698 (Avg 0.6934) Dice:0.7939 (Avg 0.7987) LR 2.59e-04   (AvgTime 0.5)   
   [Train] Epoch: [20][240/357]  Loss:0.180 (Avg 0.1672) IoU:0.654 (Avg 0.6923) Dice:0.7633 (Avg 0.7976) LR 2.59e-04   (AvgTime 0.6)   
   [Train] Epoch: [20][260/357]  Loss:0.169 (Avg 0.1682) IoU:0.710 (Avg 0.6906) Dice:0.8217 (Avg 0.7962) LR 2.59e-04   (AvgTime 0.6)   
   [Train] Epoch: [20][280/357]  Loss:0.183 (Avg 0.1702) IoU:0.650 (Avg 0.6869) Dice:0.7616 (Avg 0.7933) LR 2.59e-04   (AvgTime 0.6)   
   [Train] Epoch: [20][300/357]  Loss:0.178 (Avg 0.1713) IoU:0.666 (Avg 0.6856) Dice:0.7667 (Avg 0.7920) LR 2.59e-04   (AvgTime 0.6)   
   [Train] Epoch: [20][320/357]  Loss:0.147 (Avg 0.1714) IoU:0.706 (Avg 0.6855) Dice:0.8170 (Avg 0.7920) LR 2.59e-04   (AvgTime 0.6)   
   [Train] Epoch: [20][340/357]  Loss:0.201 (Avg 0.1719) IoU:0.636 (Avg 0.6844) Dice:0.7504 (Avg 0.7910) LR 2.59e-04   (AvgTime 0.6)   
   [Train] Epoch: [20][357/357]  Loss:0.161 (Avg 0.1717) IoU:0.688 (Avg 0.6844) Dice:0.7859 (Avg 0.7911) LR 2.59e-04   (AvgTime 0.6)   
   [Train] Loss components: main_dice=0.177652, main_focal=0.058813, main=0.118233, region_raw=0.416344, region_weighted=0.053422, empty_window_fraction=0.000000, total=0.171655
Validation
   [Val] Epoch: [20][20/90]  Loss:0.192 (Avg 0.1704) IoU:0.671 (Avg 0.6939) Dice:0.7872 (Avg 0.8027) (AvgTime 0.3)   
   [Val] Epoch: [20][40/90]  Loss:0.172 (Avg 0.1799) IoU:0.654 (Avg 0.6731) Dice:0.7737 (Avg 0.7832) (AvgTime 0.2)   
   [Val] Epoch: [20][60/90]  Loss:0.199 (Avg 0.1715) IoU:0.649 (Avg 0.6808) Dice:0.7531 (Avg 0.7881) (AvgTime 0.2)   
   [Val] Epoch: [20][80/90]  Loss:0.168 (Avg 0.1718) IoU:0.670 (Avg 0.6763) Dice:0.7848 (Avg 0.7850) (AvgTime 0.2)   
   [Val] Epoch: [20][90/90]  Loss:0.201 (Avg 0.1718) IoU:0.582 (Avg 0.6753) Dice:0.7205 (Avg 0.7842) (AvgTime 0.2)   
   [Val] Loss components: main_dice=0.184126, main_focal=0.052459, main=0.118293, region_raw=0.417256, region_weighted=0.053539, empty_window_fraction=0.000000, total=0.171832
	 No iou improvement; selected epoch 19
	 early_stopping_count: 1/80
--- Epoch History (1..20) ---
Epoch |  TrainLoss |  TrainDice |  TrainIoU |    ValLoss |    ValDice |    ValIoU |         LR | Best
    1 |     0.3274 |     0.6089 |    0.4797 |     0.3091 |     0.6203 |    0.4911 |   3.00e-04 |     
    2 |     0.2493 |     0.7003 |    0.5773 |     0.2277 |     0.7202 |    0.6053 |   3.00e-04 |     
    3 |     0.2258 |     0.7259 |    0.6062 |     0.2068 |     0.7560 |    0.6429 |   3.00e-04 |     
    4 |     0.2153 |     0.7383 |    0.6212 |     0.2013 |     0.7654 |    0.6509 |   2.99e-04 |     
    5 |     0.2041 |     0.7514 |    0.6359 |     0.1929 |     0.7592 |    0.6456 |   2.98e-04 |     
    6 |     0.2002 |     0.7575 |    0.6433 |     0.1994 |     0.7556 |    0.6374 |   2.97e-04 |     
    7 |     0.1959 |     0.7613 |    0.6476 |     0.1953 |     0.7677 |    0.6559 |   2.96e-04 |     
    8 |     0.1917 |     0.7652 |    0.6526 |     0.1819 |     0.7753 |    0.6638 |   2.94e-04 |     
    9 |     0.1890 |     0.7689 |    0.6569 |     0.1877 |     0.7648 |    0.6526 |   2.92e-04 |     
   10 |     0.1909 |     0.7674 |    0.6547 |     0.1967 |     0.7614 |    0.6474 |   2.91e-04 |     
   11 |     0.1850 |     0.7752 |    0.6643 |     0.1777 |     0.7851 |    0.6761 |   2.88e-04 |     
   12 |     0.1847 |     0.7750 |    0.6644 |     0.1820 |     0.7863 |    0.6777 |   2.86e-04 |     
   13 |     0.1819 |     0.7786 |    0.6681 |     0.1785 |     0.7822 |    0.6720 |   2.83e-04 |     
   14 |     0.1792 |     0.7815 |    0.6721 |     0.1710 |     0.7906 |    0.6822 |   2.80e-04 |     
   15 |     0.1799 |     0.7798 |    0.6700 |     0.1677 |     0.7939 |    0.6878 |   2.77e-04 |     
   16 |     0.1784 |     0.7828 |    0.6735 |     0.1778 |     0.7969 |    0.6907 |   2.74e-04 |     
   17 |     0.1800 |     0.7809 |    0.6717 |     0.1871 |     0.7775 |    0.6682 |   2.71e-04 |     
   18 |     0.1765 |     0.7859 |    0.6774 |     0.1763 |     0.7844 |    0.6744 |   2.67e-04 |     
   19 |     0.1725 |     0.7898 |    0.6825 |     0.1650 |     0.7980 |    0.6943 |   2.63e-04 |    *
   20 |     0.1717 |     0.7911 |    0.6844 |     0.1718 |     0.7842 |    0.6753 |   2.59e-04 |     
--- R2 plus final-map regional overlap: global validation statistics ---
up4: ca=0.8707+/-0.1390, sa=1.0104+/-0.0169, amp=0.0005, suppress=0.0000, guide_abs=0.1997
up4 residuals: local_mean=8.404e-02, global_mean=0.0146, local_strength=0.1116, global_strength=0.1020, gain=[0.9618,1.1028], saturation=0.1690, text_film=0.0211
up4 haar: reconstruction_error=1.013e-06, skip_low/high=0.8269/0.1731, plam_low/high=1.0000/0.0000
up4 strengths: plam=0.9453, region=0.1116, detail=0.1020; residual_std region/detail/refine=0.4579/0.4146/0.2642
up4 guide_mix: entropy=0.9623, raw_low=0.2777, plam_low=0.3404, decoder_low=0.2537, detail=0.1283; agreement plam/decoder=0.6953/0.5656, support=0.8266+/-0.1052
up4 adaptive_frequency: ALPF strength=0.2311, weights=0.1484/0.7074/0.1443, sum=1.0000, entropy=0.7331, delta_std=0.1190; AHPF strength=0.0767, weights=0.3110/0.5231/0.1658, sum=1.0000, entropy=0.9083, residual_std=0.1366, scaled_std=0.0105
up3: ca=0.9754+/-0.2122, sa=1.0054+/-0.0088, amp=0.0000, suppress=0.0000, guide_abs=0.3203
up3 residuals: local_mean=2.279e-02, global_mean=0.0249, local_strength=0.1127, global_strength=0.1153, gain=[0.9244,1.0662], saturation=0.0002, text_film=0.0414
up3 haar: reconstruction_error=1.049e-06, skip_low/high=0.8372/0.1628, plam_low/high=1.0000/0.0000
up3 strengths: plam=0.9437, region=0.1127, detail=0.1153; residual_std region/detail/refine=0.3889/0.6370/0.5254
up3 guide_mix: entropy=0.9715, raw_low=0.3110, plam_low=0.3041, decoder_low=0.2416, detail=0.1433; agreement plam/decoder=0.6720/0.1610, support=0.7517+/-0.0725
up3 adaptive_frequency: ALPF strength=0.2565, weights=0.1017/0.3866/0.5116, sum=1.0000, entropy=0.7469, delta_std=0.0920; AHPF strength=0.0981, weights=0.6578/0.1878/0.1544, sum=1.0000, entropy=0.6998, residual_std=0.1090, scaled_std=0.0107
up2: ca=0.9018+/-0.1472, sa=1.0039+/-0.0074, amp=0.0000, suppress=0.0000, guide_abs=0.1908
up2 residuals: local_mean=4.034e-03, global_mean=0.0308, local_strength=0.1139, global_strength=0.1113, gain=[0.9391,1.0680], saturation=0.0000, text_film=0.0232
up2 haar: reconstruction_error=1.907e-06, skip_low/high=0.7853/0.2147, plam_low/high=1.0000/0.0000
up2 strengths: plam=0.8990, region=0.1139, detail=0.1113; residual_std region/detail/refine=0.2062/0.3952/0.1614
up2 guide_mix: entropy=0.9674, raw_low=0.2854, plam_low=0.2437, decoder_low=0.3332, detail=0.1377; agreement plam/decoder=0.6521/0.0277, support=0.5691+/-0.0467
up1: ca=0.8164+/-0.1506, sa=1.0018+/-0.0145, amp=0.0000, suppress=0.0000, guide_abs=0.2468
up1 residuals: local_mean=-2.335e-03, global_mean=0.0211, local_strength=0.1212, global_strength=0.1004, gain=[0.9009,1.0975], saturation=0.0071, text_film=0.0370
up1 haar: reconstruction_error=2.772e-06, skip_low/high=0.7324/0.2676, plam_low/high=1.0000/0.0000
up1 strengths: plam=0.9433, region=0.1212, detail=0.1004; residual_std region/detail/refine=0.5415/0.4315/0.1173
up1 guide_mix: entropy=0.9329, raw_low=0.2362, plam_low=0.2963, decoder_low=0.3722, detail=0.0954; agreement plam/decoder=0.1142/-0.2017, support=0.6536+/-0.1095

========= Epoch [21/80] =========
RS1_Test_session_09.11_04h18
Training with batch size : 16
   [Train] Epoch: [21][20/357]  Loss:0.174 (Avg 0.1751) IoU:0.658 (Avg 0.6731) Dice:0.7788 (Avg 0.7827) LR 2.55e-04   (AvgTime 0.6)   
   [Train] Epoch: [21][40/357]  Loss:0.178 (Avg 0.1705) IoU:0.681 (Avg 0.6834) Dice:0.7986 (Avg 0.7921) LR 2.55e-04   (AvgTime 0.6)   
   [Train] Epoch: [21][60/357]  Loss:0.115 (Avg 0.1681) IoU:0.768 (Avg 0.6883) Dice:0.8623 (Avg 0.7960) LR 2.55e-04   (AvgTime 0.6)   
   [Train] Epoch: [21][80/357]  Loss:0.154 (Avg 0.1685) IoU:0.728 (Avg 0.6872) Dice:0.8185 (Avg 0.7943) LR 2.55e-04   (AvgTime 0.6)   
   [Train] Epoch: [21][100/357]  Loss:0.199 (Avg 0.1711) IoU:0.653 (Avg 0.6824) Dice:0.7731 (Avg 0.7905) LR 2.55e-04   (AvgTime 0.6)   
   [Train] Epoch: [21][120/357]  Loss:0.144 (Avg 0.1713) IoU:0.728 (Avg 0.6817) Dice:0.8252 (Avg 0.7899) LR 2.55e-04   (AvgTime 0.6)   
   [Train] Epoch: [21][140/357]  Loss:0.153 (Avg 0.1709) IoU:0.694 (Avg 0.6819) Dice:0.8000 (Avg 0.7900) LR 2.55e-04   (AvgTime 0.6)   
   [Train] Epoch: [21][160/357]  Loss:0.149 (Avg 0.1705) IoU:0.730 (Avg 0.6836) Dice:0.8188 (Avg 0.7912) LR 2.55e-04   (AvgTime 0.6)   
   [Train] Epoch: [21][180/357]  Loss:0.119 (Avg 0.1702) IoU:0.755 (Avg 0.6832) Dice:0.8517 (Avg 0.7905) LR 2.55e-04   (AvgTime 0.6)   
   [Train] Epoch: [21][200/357]  Loss:0.145 (Avg 0.1703) IoU:0.708 (Avg 0.6836) Dice:0.8196 (Avg 0.7909) LR 2.55e-04   (AvgTime 0.6)   
   [Train] Epoch: [21][220/357]  Loss:0.126 (Avg 0.1689) IoU:0.760 (Avg 0.6860) Dice:0.8493 (Avg 0.7929) LR 2.55e-04   (AvgTime 0.6)   
   [Train] Epoch: [21][240/357]  Loss:0.158 (Avg 0.1692) IoU:0.719 (Avg 0.6855) Dice:0.8127 (Avg 0.7929) LR 2.55e-04   (AvgTime 0.6)   
   [Train] Epoch: [21][260/357]  Loss:0.145 (Avg 0.1687) IoU:0.724 (Avg 0.6862) Dice:0.8269 (Avg 0.7934) LR 2.55e-04   (AvgTime 0.6)   
   [Train] Epoch: [21][280/357]  Loss:0.258 (Avg 0.1692) IoU:0.616 (Avg 0.6860) Dice:0.7344 (Avg 0.7933) LR 2.55e-04   (AvgTime 0.6)   
   [Train] Epoch: [21][300/357]  Loss:0.161 (Avg 0.1692) IoU:0.712 (Avg 0.6868) Dice:0.8039 (Avg 0.7937) LR 2.55e-04   (AvgTime 0.6)   
   [Train] Epoch: [21][320/357]  Loss:0.137 (Avg 0.1701) IoU:0.760 (Avg 0.6853) Dice:0.8584 (Avg 0.7923) LR 2.55e-04   (AvgTime 0.6)   
   [Train] Epoch: [21][340/357]  Loss:0.143 (Avg 0.1700) IoU:0.741 (Avg 0.6852) Dice:0.8416 (Avg 0.7923) LR 2.55e-04   (AvgTime 0.6)   
   [Train] Epoch: [21][357/357]  Loss:0.161 (Avg 0.1702) IoU:0.679 (Avg 0.6849) Dice:0.7889 (Avg 0.7920) LR 2.55e-04   (AvgTime 0.6)   
   [Train] Loss components: main_dice=0.176635, main_focal=0.057823, main=0.117229, region_raw=0.413183, region_weighted=0.053016, empty_window_fraction=0.000000, total=0.170245
Validation
   [Val] Epoch: [21][20/90]  Loss:0.213 (Avg 0.1714) IoU:0.632 (Avg 0.6905) Dice:0.7566 (Avg 0.8006) (AvgTime 0.3)   
   [Val] Epoch: [21][40/90]  Loss:0.175 (Avg 0.1799) IoU:0.661 (Avg 0.6731) Dice:0.7779 (Avg 0.7839) (AvgTime 0.2)   
   [Val] Epoch: [21][60/90]  Loss:0.206 (Avg 0.1706) IoU:0.641 (Avg 0.6842) Dice:0.7479 (Avg 0.7921) (AvgTime 0.2)   
   [Val] Epoch: [21][80/90]  Loss:0.150 (Avg 0.1705) IoU:0.722 (Avg 0.6822) Dice:0.8271 (Avg 0.7908) (AvgTime 0.2)   
   [Val] Epoch: [21][90/90]  Loss:0.203 (Avg 0.1709) IoU:0.596 (Avg 0.6816) Dice:0.7290 (Avg 0.7905) (AvgTime 0.2)   
   [Val] Loss components: main_dice=0.178065, main_focal=0.055165, main=0.116615, region_raw=0.422735, region_weighted=0.054242, empty_window_fraction=0.000000, total=0.170857
	 No iou improvement; selected epoch 19
	 early_stopping_count: 2/80
--- Epoch History (1..21) ---
Epoch |  TrainLoss |  TrainDice |  TrainIoU |    ValLoss |    ValDice |    ValIoU |         LR | Best
    1 |     0.3274 |     0.6089 |    0.4797 |     0.3091 |     0.6203 |    0.4911 |   3.00e-04 |     
    2 |     0.2493 |     0.7003 |    0.5773 |     0.2277 |     0.7202 |    0.6053 |   3.00e-04 |     
    3 |     0.2258 |     0.7259 |    0.6062 |     0.2068 |     0.7560 |    0.6429 |   3.00e-04 |     
    4 |     0.2153 |     0.7383 |    0.6212 |     0.2013 |     0.7654 |    0.6509 |   2.99e-04 |     
    5 |     0.2041 |     0.7514 |    0.6359 |     0.1929 |     0.7592 |    0.6456 |   2.98e-04 |     
    6 |     0.2002 |     0.7575 |    0.6433 |     0.1994 |     0.7556 |    0.6374 |   2.97e-04 |     
    7 |     0.1959 |     0.7613 |    0.6476 |     0.1953 |     0.7677 |    0.6559 |   2.96e-04 |     
    8 |     0.1917 |     0.7652 |    0.6526 |     0.1819 |     0.7753 |    0.6638 |   2.94e-04 |     
    9 |     0.1890 |     0.7689 |    0.6569 |     0.1877 |     0.7648 |    0.6526 |   2.92e-04 |     
   10 |     0.1909 |     0.7674 |    0.6547 |     0.1967 |     0.7614 |    0.6474 |   2.91e-04 |     
   11 |     0.1850 |     0.7752 |    0.6643 |     0.1777 |     0.7851 |    0.6761 |   2.88e-04 |     
   12 |     0.1847 |     0.7750 |    0.6644 |     0.1820 |     0.7863 |    0.6777 |   2.86e-04 |     
   13 |     0.1819 |     0.7786 |    0.6681 |     0.1785 |     0.7822 |    0.6720 |   2.83e-04 |     
   14 |     0.1792 |     0.7815 |    0.6721 |     0.1710 |     0.7906 |    0.6822 |   2.80e-04 |     
   15 |     0.1799 |     0.7798 |    0.6700 |     0.1677 |     0.7939 |    0.6878 |   2.77e-04 |     
   16 |     0.1784 |     0.7828 |    0.6735 |     0.1778 |     0.7969 |    0.6907 |   2.74e-04 |     
   17 |     0.1800 |     0.7809 |    0.6717 |     0.1871 |     0.7775 |    0.6682 |   2.71e-04 |     
   18 |     0.1765 |     0.7859 |    0.6774 |     0.1763 |     0.7844 |    0.6744 |   2.67e-04 |     
   19 |     0.1725 |     0.7898 |    0.6825 |     0.1650 |     0.7980 |    0.6943 |   2.63e-04 |    *
   20 |     0.1717 |     0.7911 |    0.6844 |     0.1718 |     0.7842 |    0.6753 |   2.59e-04 |     
   21 |     0.1702 |     0.7920 |    0.6849 |     0.1709 |     0.7905 |    0.6816 |   2.55e-04 |     
--- R2 plus final-map regional overlap: global validation statistics ---
up4: ca=0.8968+/-0.1377, sa=1.0117+/-0.0153, amp=0.0008, suppress=0.0000, guide_abs=0.2213
up4 residuals: local_mean=8.585e-02, global_mean=0.0261, local_strength=0.1121, global_strength=0.1027, gain=[0.9853,1.1050], saturation=0.1959, text_film=0.0215
up4 haar: reconstruction_error=9.537e-07, skip_low/high=0.8310/0.1690, plam_low/high=1.0000/0.0000
up4 strengths: plam=0.9435, region=0.1121, detail=0.1027; residual_std region/detail/refine=0.5263/0.4259/0.3100
up4 guide_mix: entropy=0.9735, raw_low=0.3010, plam_low=0.2583, decoder_low=0.2981, detail=0.1426; agreement plam/decoder=0.6341/0.6396, support=0.8520+/-0.0881
up4 adaptive_frequency: ALPF strength=0.2325, weights=0.1664/0.6974/0.1362, sum=1.0000, entropy=0.7462, delta_std=0.0983; AHPF strength=0.0766, weights=0.3146/0.5141/0.1714, sum=1.0000, entropy=0.9150, residual_std=0.1129, scaled_std=0.0086
up3: ca=0.9879+/-0.1992, sa=1.0070+/-0.0073, amp=0.0000, suppress=0.0000, guide_abs=0.3228
up3 residuals: local_mean=2.771e-02, global_mean=0.0335, local_strength=0.1126, global_strength=0.1157, gain=[0.9773,1.0387], saturation=0.0000, text_film=0.0347
up3 haar: reconstruction_error=9.537e-07, skip_low/high=0.8079/0.1921, plam_low/high=1.0000/0.0000
up3 strengths: plam=0.9418, region=0.1126, detail=0.1157; residual_std region/detail/refine=0.3774/0.6159/0.5146
up3 guide_mix: entropy=0.9744, raw_low=0.3482, plam_low=0.2509, decoder_low=0.2398, detail=0.1612; agreement plam/decoder=0.7930/0.2480, support=0.7661+/-0.0607
up3 adaptive_frequency: ALPF strength=0.2589, weights=0.1224/0.4069/0.4708, sum=1.0000, entropy=0.7624, delta_std=0.0730; AHPF strength=0.0987, weights=0.6139/0.2298/0.1563, sum=1.0000, entropy=0.7477, residual_std=0.1007, scaled_std=0.0099
up2: ca=0.9006+/-0.1423, sa=1.0039+/-0.0040, amp=0.0000, suppress=0.0000, guide_abs=0.1978
up2 residuals: local_mean=3.790e-03, global_mean=0.0310, local_strength=0.1140, global_strength=0.1116, gain=[0.9663,1.0413], saturation=0.0000, text_film=0.0253
up2 haar: reconstruction_error=9.537e-07, skip_low/high=0.8111/0.1889, plam_low/high=1.0000/0.0000
up2 strengths: plam=0.8956, region=0.1140, detail=0.1116; residual_std region/detail/refine=0.1951/0.2885/0.1665
up2 guide_mix: entropy=0.9564, raw_low=0.3065, plam_low=0.2096, decoder_low=0.3508, detail=0.1331; agreement plam/decoder=0.4376/-0.1367, support=0.5680+/-0.0394
up1: ca=0.8296+/-0.1453, sa=1.0020+/-0.0137, amp=0.0000, suppress=0.0000, guide_abs=0.3135
up1 residuals: local_mean=-2.322e-03, global_mean=0.0228, local_strength=0.1216, global_strength=0.1005, gain=[0.9028,1.0966], saturation=0.0305, text_film=0.0359
up1 haar: reconstruction_error=2.496e-06, skip_low/high=0.7661/0.2339, plam_low/high=1.0000/0.0000
up1 strengths: plam=0.9421, region=0.1216, detail=0.1005; residual_std region/detail/refine=0.5248/0.3909/0.1189
up1 guide_mix: entropy=0.9516, raw_low=0.3514, plam_low=0.2348, decoder_low=0.2968, detail=0.1169; agreement plam/decoder=0.4089/-0.0925, support=0.7013+/-0.1189

========= Epoch [22/80] =========
RS1_Test_session_09.11_04h18
Training with batch size : 16
   [Train] Epoch: [22][20/357]  Loss:0.151 (Avg 0.1752) IoU:0.718 (Avg 0.6729) Dice:0.8257 (Avg 0.7819) LR 2.51e-04   (AvgTime 0.6)   
   [Train] Epoch: [22][40/357]  Loss:0.157 (Avg 0.1669) IoU:0.711 (Avg 0.6883) Dice:0.8087 (Avg 0.7954) LR 2.51e-04   (AvgTime 0.6)   
   [Train] Epoch: [22][60/357]  Loss:0.208 (Avg 0.1667) IoU:0.618 (Avg 0.6892) Dice:0.7462 (Avg 0.7962) LR 2.51e-04   (AvgTime 0.6)   
   [Train] Epoch: [22][80/357]  Loss:0.288 (Avg 0.1707) IoU:0.453 (Avg 0.6830) Dice:0.5851 (Avg 0.7904) LR 2.51e-04   (AvgTime 0.6)   
   [Train] Epoch: [22][100/357]  Loss:0.164 (Avg 0.1707) IoU:0.678 (Avg 0.6835) Dice:0.7851 (Avg 0.7906) LR 2.51e-04   (AvgTime 0.6)   
   [Train] Epoch: [22][120/357]  Loss:0.184 (Avg 0.1711) IoU:0.668 (Avg 0.6836) Dice:0.7747 (Avg 0.7912) LR 2.51e-04   (AvgTime 0.6)   
   [Train] Epoch: [22][140/357]  Loss:0.183 (Avg 0.1714) IoU:0.665 (Avg 0.6828) Dice:0.7652 (Avg 0.7900) LR 2.51e-04   (AvgTime 0.6)   
   [Train] Epoch: [22][160/357]  Loss:0.155 (Avg 0.1723) IoU:0.695 (Avg 0.6816) Dice:0.8067 (Avg 0.7892) LR 2.51e-04   (AvgTime 0.6)   
   [Train] Epoch: [22][180/357]  Loss:0.176 (Avg 0.1724) IoU:0.673 (Avg 0.6811) Dice:0.7830 (Avg 0.7890) LR 2.51e-04   (AvgTime 0.6)   
   [Train] Epoch: [22][200/357]  Loss:0.151 (Avg 0.1729) IoU:0.727 (Avg 0.6806) Dice:0.8245 (Avg 0.7886) LR 2.51e-04   (AvgTime 0.6)   
   [Train] Epoch: [22][220/357]  Loss:0.175 (Avg 0.1724) IoU:0.718 (Avg 0.6813) Dice:0.7944 (Avg 0.7890) LR 2.51e-04   (AvgTime 0.6)   
   [Train] Epoch: [22][240/357]  Loss:0.180 (Avg 0.1726) IoU:0.648 (Avg 0.6812) Dice:0.7602 (Avg 0.7888) LR 2.51e-04   (AvgTime 0.6)   
   [Train] Epoch: [22][260/357]  Loss:0.184 (Avg 0.1722) IoU:0.646 (Avg 0.6815) Dice:0.7480 (Avg 0.7892) LR 2.51e-04   (AvgTime 0.6)   
   [Train] Epoch: [22][280/357]  Loss:0.142 (Avg 0.1720) IoU:0.720 (Avg 0.6816) Dice:0.8204 (Avg 0.7893) LR 2.51e-04   (AvgTime 0.6)   
   [Train] Epoch: [22][300/357]  Loss:0.146 (Avg 0.1725) IoU:0.715 (Avg 0.6813) Dice:0.8209 (Avg 0.7890) LR 2.51e-04   (AvgTime 0.6)   
   [Train] Epoch: [22][320/357]  Loss:0.178 (Avg 0.1722) IoU:0.677 (Avg 0.6820) Dice:0.7878 (Avg 0.7898) LR 2.51e-04   (AvgTime 0.6)   
   [Train] Epoch: [22][340/357]  Loss:0.180 (Avg 0.1719) IoU:0.654 (Avg 0.6826) Dice:0.7571 (Avg 0.7901) LR 2.51e-04   (AvgTime 0.6)   
   [Train] Epoch: [22][357/357]  Loss:0.190 (Avg 0.1715) IoU:0.651 (Avg 0.6835) Dice:0.7368 (Avg 0.7907) LR 2.51e-04   (AvgTime 0.6)   
   [Train] Loss components: main_dice=0.177356, main_focal=0.058759, main=0.118057, region_raw=0.416191, region_weighted=0.053402, empty_window_fraction=0.000000, total=0.171460
Validation
   [Val] Epoch: [22][20/90]  Loss:0.216 (Avg 0.1813) IoU:0.652 (Avg 0.6882) Dice:0.7716 (Avg 0.7971) (AvgTime 0.3)   
   [Val] Epoch: [22][40/90]  Loss:0.174 (Avg 0.1867) IoU:0.678 (Avg 0.6758) Dice:0.7933 (Avg 0.7847) (AvgTime 0.2)   
   [Val] Epoch: [22][60/90]  Loss:0.211 (Avg 0.1781) IoU:0.647 (Avg 0.6838) Dice:0.7510 (Avg 0.7898) (AvgTime 0.2)   
   [Val] Epoch: [22][80/90]  Loss:0.169 (Avg 0.1775) IoU:0.673 (Avg 0.6813) Dice:0.7871 (Avg 0.7885) (AvgTime 0.2)   
   [Val] Epoch: [22][90/90]  Loss:0.225 (Avg 0.1778) IoU:0.580 (Avg 0.6809) Dice:0.7147 (Avg 0.7882) (AvgTime 0.2)   
   [Val] Loss components: main_dice=0.179255, main_focal=0.069839, main=0.124547, region_raw=0.414700, region_weighted=0.053211, empty_window_fraction=0.000000, total=0.177758
	 No iou improvement; selected epoch 19
	 early_stopping_count: 3/80
--- Epoch History (1..22) ---
Epoch |  TrainLoss |  TrainDice |  TrainIoU |    ValLoss |    ValDice |    ValIoU |         LR | Best
    1 |     0.3274 |     0.6089 |    0.4797 |     0.3091 |     0.6203 |    0.4911 |   3.00e-04 |     
    2 |     0.2493 |     0.7003 |    0.5773 |     0.2277 |     0.7202 |    0.6053 |   3.00e-04 |     
    3 |     0.2258 |     0.7259 |    0.6062 |     0.2068 |     0.7560 |    0.6429 |   3.00e-04 |     
    4 |     0.2153 |     0.7383 |    0.6212 |     0.2013 |     0.7654 |    0.6509 |   2.99e-04 |     
    5 |     0.2041 |     0.7514 |    0.6359 |     0.1929 |     0.7592 |    0.6456 |   2.98e-04 |     
    6 |     0.2002 |     0.7575 |    0.6433 |     0.1994 |     0.7556 |    0.6374 |   2.97e-04 |     
    7 |     0.1959 |     0.7613 |    0.6476 |     0.1953 |     0.7677 |    0.6559 |   2.96e-04 |     
    8 |     0.1917 |     0.7652 |    0.6526 |     0.1819 |     0.7753 |    0.6638 |   2.94e-04 |     
    9 |     0.1890 |     0.7689 |    0.6569 |     0.1877 |     0.7648 |    0.6526 |   2.92e-04 |     
   10 |     0.1909 |     0.7674 |    0.6547 |     0.1967 |     0.7614 |    0.6474 |   2.91e-04 |     
   11 |     0.1850 |     0.7752 |    0.6643 |     0.1777 |     0.7851 |    0.6761 |   2.88e-04 |     
   12 |     0.1847 |     0.7750 |    0.6644 |     0.1820 |     0.7863 |    0.6777 |   2.86e-04 |     
   13 |     0.1819 |     0.7786 |    0.6681 |     0.1785 |     0.7822 |    0.6720 |   2.83e-04 |     
   14 |     0.1792 |     0.7815 |    0.6721 |     0.1710 |     0.7906 |    0.6822 |   2.80e-04 |     
   15 |     0.1799 |     0.7798 |    0.6700 |     0.1677 |     0.7939 |    0.6878 |   2.77e-04 |     
   16 |     0.1784 |     0.7828 |    0.6735 |     0.1778 |     0.7969 |    0.6907 |   2.74e-04 |     
   17 |     0.1800 |     0.7809 |    0.6717 |     0.1871 |     0.7775 |    0.6682 |   2.71e-04 |     
   18 |     0.1765 |     0.7859 |    0.6774 |     0.1763 |     0.7844 |    0.6744 |   2.67e-04 |     
   19 |     0.1725 |     0.7898 |    0.6825 |     0.1650 |     0.7980 |    0.6943 |   2.63e-04 |    *
   20 |     0.1717 |     0.7911 |    0.6844 |     0.1718 |     0.7842 |    0.6753 |   2.59e-04 |     
   21 |     0.1702 |     0.7920 |    0.6849 |     0.1709 |     0.7905 |    0.6816 |   2.55e-04 |     
   22 |     0.1715 |     0.7907 |    0.6835 |     0.1778 |     0.7882 |    0.6809 |   2.51e-04 |     
--- R2 plus final-map regional overlap: global validation statistics ---
up4: ca=0.8882+/-0.1374, sa=1.0091+/-0.0154, amp=0.0008, suppress=0.0000, guide_abs=0.1884
up4 residuals: local_mean=8.392e-02, global_mean=0.0041, local_strength=0.1122, global_strength=0.1032, gain=[0.9830,1.1059], saturation=0.0918, text_film=0.0198
up4 haar: reconstruction_error=9.537e-07, skip_low/high=0.8285/0.1715, plam_low/high=1.0000/0.0000
up4 strengths: plam=0.9413, region=0.1122, detail=0.1032; residual_std region/detail/refine=0.4500/0.4023/0.3052
up4 guide_mix: entropy=0.9742, raw_low=0.3095, plam_low=0.2883, decoder_low=0.2578, detail=0.1444; agreement plam/decoder=0.6944/0.5134, support=0.8095+/-0.0951
up4 adaptive_frequency: ALPF strength=0.2334, weights=0.1741/0.6885/0.1374, sum=1.0000, entropy=0.7582, delta_std=0.0871; AHPF strength=0.0764, weights=0.3081/0.5241/0.1678, sum=1.0000, entropy=0.9084, residual_std=0.1080, scaled_std=0.0082
up3: ca=0.9815+/-0.2040, sa=1.0061+/-0.0065, amp=0.0000, suppress=0.0000, guide_abs=0.3492
up3 residuals: local_mean=2.752e-02, global_mean=0.0259, local_strength=0.1127, global_strength=0.1159, gain=[0.9781,1.0344], saturation=0.0000, text_film=0.0275
up3 haar: reconstruction_error=1.192e-06, skip_low/high=0.8169/0.1831, plam_low/high=1.0000/0.0000
up3 strengths: plam=0.9402, region=0.1127, detail=0.1159; residual_std region/detail/refine=0.3952/0.6052/0.5086
up3 guide_mix: entropy=0.9732, raw_low=0.3449, plam_low=0.2517, decoder_low=0.2488, detail=0.1546; agreement plam/decoder=0.7714/0.2450, support=0.7827+/-0.0587
up3 adaptive_frequency: ALPF strength=0.2611, weights=0.1672/0.4970/0.3359, sum=1.0000, entropy=0.8341, delta_std=0.0654; AHPF strength=0.0991, weights=0.4977/0.2859/0.2164, sum=1.0000, entropy=0.8551, residual_std=0.1218, scaled_std=0.0121
up2: ca=0.8863+/-0.1494, sa=1.0040+/-0.0039, amp=0.0000, suppress=0.0000, guide_abs=0.1914
up2 residuals: local_mean=3.650e-03, global_mean=0.0317, local_strength=0.1145, global_strength=0.1117, gain=[0.9638,1.0457], saturation=0.0000, text_film=0.0241
up2 haar: reconstruction_error=9.537e-07, skip_low/high=0.8029/0.1971, plam_low/high=1.0000/0.0000
up2 strengths: plam=0.8925, region=0.1145, detail=0.1117; residual_std region/detail/refine=0.1980/0.2846/0.1578
up2 guide_mix: entropy=0.9589, raw_low=0.2914, plam_low=0.2326, decoder_low=0.3476, detail=0.1283; agreement plam/decoder=0.6814/-0.2919, support=0.5636+/-0.0327
up1: ca=0.8055+/-0.1692, sa=1.0020+/-0.0136, amp=0.0000, suppress=0.0000, guide_abs=0.2726
up1 residuals: local_mean=-1.956e-03, global_mean=0.0218, local_strength=0.1218, global_strength=0.1004, gain=[0.9027,1.0963], saturation=0.0358, text_film=0.0349
up1 haar: reconstruction_error=2.556e-06, skip_low/high=0.7554/0.2446, plam_low/high=1.0000/0.0000
up1 strengths: plam=0.9416, region=0.1218, detail=0.1004; residual_std region/detail/refine=0.5449/0.3850/0.1244
up1 guide_mix: entropy=0.9556, raw_low=0.3152, plam_low=0.2779, decoder_low=0.2953, detail=0.1116; agreement plam/decoder=0.4891/-0.0491, support=0.6964+/-0.1182

========= Epoch [23/80] =========
RS1_Test_session_09.11_04h18
Training with batch size : 16
   [Train] Epoch: [23][20/357]  Loss:0.180 (Avg 0.1613) IoU:0.641 (Avg 0.7016) Dice:0.7532 (Avg 0.8040) LR 2.46e-04   (AvgTime 0.6)   
   [Train] Epoch: [23][40/357]  Loss:0.164 (Avg 0.1672) IoU:0.715 (Avg 0.6929) Dice:0.8158 (Avg 0.7970) LR 2.46e-04   (AvgTime 0.6)   
   [Train] Epoch: [23][60/357]  Loss:0.164 (Avg 0.1677) IoU:0.672 (Avg 0.6923) Dice:0.7894 (Avg 0.7977) LR 2.46e-04   (AvgTime 0.6)   
   [Train] Epoch: [23][80/357]  Loss:0.215 (Avg 0.1699) IoU:0.629 (Avg 0.6890) Dice:0.7338 (Avg 0.7941) LR 2.46e-04   (AvgTime 0.6)   
   [Train] Epoch: [23][100/357]  Loss:0.134 (Avg 0.1724) IoU:0.746 (Avg 0.6843) Dice:0.8427 (Avg 0.7903) LR 2.46e-04   (AvgTime 0.6)   
   [Train] Epoch: [23][120/357]  Loss:0.150 (Avg 0.1726) IoU:0.704 (Avg 0.6842) Dice:0.8071 (Avg 0.7907) LR 2.46e-04   (AvgTime 0.6)   
   [Train] Epoch: [23][140/357]  Loss:0.162 (Avg 0.1739) IoU:0.697 (Avg 0.6825) Dice:0.8062 (Avg 0.7891) LR 2.46e-04   (AvgTime 0.6)   
   [Train] Epoch: [23][160/357]  Loss:0.201 (Avg 0.1729) IoU:0.618 (Avg 0.6830) Dice:0.7332 (Avg 0.7895) LR 2.46e-04   (AvgTime 0.6)   
   [Train] Epoch: [23][180/357]  Loss:0.190 (Avg 0.1720) IoU:0.627 (Avg 0.6846) Dice:0.7511 (Avg 0.7907) LR 2.46e-04   (AvgTime 0.6)   
   [Train] Epoch: [23][200/357]  Loss:0.145 (Avg 0.1719) IoU:0.717 (Avg 0.6845) Dice:0.8226 (Avg 0.7907) LR 2.46e-04   (AvgTime 0.6)   
   [Train] Epoch: [23][220/357]  Loss:0.178 (Avg 0.1718) IoU:0.663 (Avg 0.6842) Dice:0.7736 (Avg 0.7906) LR 2.46e-04   (AvgTime 0.6)   
   [Train] Epoch: [23][240/357]  Loss:0.217 (Avg 0.1722) IoU:0.647 (Avg 0.6833) Dice:0.7690 (Avg 0.7900) LR 2.46e-04   (AvgTime 0.6)   
   [Train] Epoch: [23][260/357]  Loss:0.139 (Avg 0.1710) IoU:0.734 (Avg 0.6848) Dice:0.8307 (Avg 0.7915) LR 2.46e-04   (AvgTime 0.6)   
   [Train] Epoch: [23][280/357]  Loss:0.167 (Avg 0.1697) IoU:0.692 (Avg 0.6867) Dice:0.7974 (Avg 0.7932) LR 2.46e-04   (AvgTime 0.6)   
   [Train] Epoch: [23][300/357]  Loss:0.180 (Avg 0.1703) IoU:0.685 (Avg 0.6858) Dice:0.8055 (Avg 0.7924) LR 2.46e-04   (AvgTime 0.6)   
   [Train] Epoch: [23][320/357]  Loss:0.115 (Avg 0.1706) IoU:0.789 (Avg 0.6856) Dice:0.8781 (Avg 0.7919) LR 2.46e-04   (AvgTime 0.6)   
   [Train] Epoch: [23][340/357]  Loss:0.160 (Avg 0.1702) IoU:0.694 (Avg 0.6861) Dice:0.8027 (Avg 0.7924) LR 2.46e-04   (AvgTime 0.6)   
   [Train] Epoch: [23][357/357]  Loss:0.189 (Avg 0.1702) IoU:0.651 (Avg 0.6865) Dice:0.7689 (Avg 0.7927) LR 2.46e-04   (AvgTime 0.6)   
   [Train] Loss components: main_dice=0.176019, main_focal=0.058654, main=0.117337, region_raw=0.412324, region_weighted=0.052906, empty_window_fraction=0.000000, total=0.170243
Validation
   [Val] Epoch: [23][20/90]  Loss:0.209 (Avg 0.1657) IoU:0.635 (Avg 0.6978) Dice:0.7558 (Avg 0.8046) (AvgTime 0.3)   
   [Val] Epoch: [23][40/90]  Loss:0.171 (Avg 0.1768) IoU:0.666 (Avg 0.6763) Dice:0.7805 (Avg 0.7841) (AvgTime 0.2)   
   [Val] Epoch: [23][60/90]  Loss:0.204 (Avg 0.1685) IoU:0.641 (Avg 0.6854) Dice:0.7452 (Avg 0.7901) (AvgTime 0.2)   
   [Val] Epoch: [23][80/90]  Loss:0.166 (Avg 0.1681) IoU:0.675 (Avg 0.6835) Dice:0.7883 (Avg 0.7891) (AvgTime 0.2)   
   [Val] Epoch: [23][90/90]  Loss:0.194 (Avg 0.1680) IoU:0.628 (Avg 0.6837) Dice:0.7570 (Avg 0.7894) (AvgTime 0.2)   
   [Val] Loss components: main_dice=0.181002, main_focal=0.050622, main=0.115812, region_raw=0.406347, region_weighted=0.052139, empty_window_fraction=0.000000, total=0.167951
	 No iou improvement; selected epoch 19
	 early_stopping_count: 4/80
--- Epoch History (1..23) ---
Epoch |  TrainLoss |  TrainDice |  TrainIoU |    ValLoss |    ValDice |    ValIoU |         LR | Best
    1 |     0.3274 |     0.6089 |    0.4797 |     0.3091 |     0.6203 |    0.4911 |   3.00e-04 |     
    2 |     0.2493 |     0.7003 |    0.5773 |     0.2277 |     0.7202 |    0.6053 |   3.00e-04 |     
    3 |     0.2258 |     0.7259 |    0.6062 |     0.2068 |     0.7560 |    0.6429 |   3.00e-04 |     
    4 |     0.2153 |     0.7383 |    0.6212 |     0.2013 |     0.7654 |    0.6509 |   2.99e-04 |     
    5 |     0.2041 |     0.7514 |    0.6359 |     0.1929 |     0.7592 |    0.6456 |   2.98e-04 |     
    6 |     0.2002 |     0.7575 |    0.6433 |     0.1994 |     0.7556 |    0.6374 |   2.97e-04 |     
    7 |     0.1959 |     0.7613 |    0.6476 |     0.1953 |     0.7677 |    0.6559 |   2.96e-04 |     
    8 |     0.1917 |     0.7652 |    0.6526 |     0.1819 |     0.7753 |    0.6638 |   2.94e-04 |     
    9 |     0.1890 |     0.7689 |    0.6569 |     0.1877 |     0.7648 |    0.6526 |   2.92e-04 |     
   10 |     0.1909 |     0.7674 |    0.6547 |     0.1967 |     0.7614 |    0.6474 |   2.91e-04 |     
   11 |     0.1850 |     0.7752 |    0.6643 |     0.1777 |     0.7851 |    0.6761 |   2.88e-04 |     
   12 |     0.1847 |     0.7750 |    0.6644 |     0.1820 |     0.7863 |    0.6777 |   2.86e-04 |     
   13 |     0.1819 |     0.7786 |    0.6681 |     0.1785 |     0.7822 |    0.6720 |   2.83e-04 |     
   14 |     0.1792 |     0.7815 |    0.6721 |     0.1710 |     0.7906 |    0.6822 |   2.80e-04 |     
   15 |     0.1799 |     0.7798 |    0.6700 |     0.1677 |     0.7939 |    0.6878 |   2.77e-04 |     
   16 |     0.1784 |     0.7828 |    0.6735 |     0.1778 |     0.7969 |    0.6907 |   2.74e-04 |     
   17 |     0.1800 |     0.7809 |    0.6717 |     0.1871 |     0.7775 |    0.6682 |   2.71e-04 |     
   18 |     0.1765 |     0.7859 |    0.6774 |     0.1763 |     0.7844 |    0.6744 |   2.67e-04 |     
   19 |     0.1725 |     0.7898 |    0.6825 |     0.1650 |     0.7980 |    0.6943 |   2.63e-04 |    *
   20 |     0.1717 |     0.7911 |    0.6844 |     0.1718 |     0.7842 |    0.6753 |   2.59e-04 |     
   21 |     0.1702 |     0.7920 |    0.6849 |     0.1709 |     0.7905 |    0.6816 |   2.55e-04 |     
   22 |     0.1715 |     0.7907 |    0.6835 |     0.1778 |     0.7882 |    0.6809 |   2.51e-04 |     
   23 |     0.1702 |     0.7927 |    0.6865 |     0.1680 |     0.7894 |    0.6837 |   2.46e-04 |     
--- R2 plus final-map regional overlap: global validation statistics ---
up4: ca=0.8986+/-0.1303, sa=1.0091+/-0.0151, amp=0.0003, suppress=0.0000, guide_abs=0.1767
up4 residuals: local_mean=7.837e-02, global_mean=0.0090, local_strength=0.1125, global_strength=0.1036, gain=[0.9851,1.1070], saturation=0.0724, text_film=0.0199
up4 haar: reconstruction_error=9.537e-07, skip_low/high=0.8179/0.1821, plam_low/high=1.0000/0.0000
up4 strengths: plam=0.9389, region=0.1125, detail=0.1036; residual_std region/detail/refine=0.4497/0.3956/0.2907
up4 guide_mix: entropy=0.9749, raw_low=0.3021, plam_low=0.2902, decoder_low=0.2631, detail=0.1445; agreement plam/decoder=0.6738/0.6005, support=0.7634+/-0.1118
up4 adaptive_frequency: ALPF strength=0.2347, weights=0.1703/0.6898/0.1399, sum=1.0000, entropy=0.7573, delta_std=0.0982; AHPF strength=0.0762, weights=0.3216/0.5094/0.1690, sum=1.0000, entropy=0.9165, residual_std=0.1121, scaled_std=0.0085
up3: ca=0.9884+/-0.1984, sa=1.0066+/-0.0069, amp=0.0000, suppress=0.0000, guide_abs=0.3386
up3 residuals: local_mean=2.971e-02, global_mean=0.0283, local_strength=0.1130, global_strength=0.1162, gain=[0.9722,1.0422], saturation=0.0000, text_film=0.0354
up3 haar: reconstruction_error=9.537e-07, skip_low/high=0.7973/0.2027, plam_low/high=1.0000/0.0000
up3 strengths: plam=0.9380, region=0.1130, detail=0.1162; residual_std region/detail/refine=0.3921/0.6009/0.4919
up3 guide_mix: entropy=0.9779, raw_low=0.3323, plam_low=0.2550, decoder_low=0.2521, detail=0.1607; agreement plam/decoder=0.7445/0.2160, support=0.7808+/-0.0601
up3 adaptive_frequency: ALPF strength=0.2639, weights=0.1017/0.3520/0.5464, sum=1.0000, entropy=0.7403, delta_std=0.0795; AHPF strength=0.0996, weights=0.6559/0.2137/0.1304, sum=1.0000, entropy=0.7220, residual_std=0.0896, scaled_std=0.0089
up2: ca=0.9013+/-0.1387, sa=1.0035+/-0.0041, amp=0.0000, suppress=0.0000, guide_abs=0.2028
up2 residuals: local_mean=3.089e-03, global_mean=0.0280, local_strength=0.1149, global_strength=0.1120, gain=[0.9587,1.0430], saturation=0.0000, text_film=0.0231
up2 haar: reconstruction_error=1.192e-06, skip_low/high=0.7919/0.2081, plam_low/high=1.0000/0.0000
up2 strengths: plam=0.8890, region=0.1149, detail=0.1120; residual_std region/detail/refine=0.2093/0.3137/0.1622
up2 guide_mix: entropy=0.9662, raw_low=0.2966, plam_low=0.2255, decoder_low=0.3366, detail=0.1413; agreement plam/decoder=0.6663/-0.0676, support=0.5697+/-0.0404
up1: ca=0.8250+/-0.1611, sa=1.0022+/-0.0134, amp=0.0000, suppress=0.0000, guide_abs=0.2584
up1 residuals: local_mean=-1.775e-03, global_mean=0.0238, local_strength=0.1223, global_strength=0.1003, gain=[0.9026,1.0967], saturation=0.0313, text_film=0.0359
up1 haar: reconstruction_error=2.630e-06, skip_low/high=0.7383/0.2617, plam_low/high=1.0000/0.0000
up1 strengths: plam=0.9400, region=0.1223, detail=0.1003; residual_std region/detail/refine=0.5511/0.3709/0.1266
up1 guide_mix: entropy=0.9497, raw_low=0.2743, plam_low=0.2917, decoder_low=0.3290, detail=0.1050; agreement plam/decoder=0.2483/-0.2557, support=0.6705+/-0.1191

========= Epoch [24/80] =========
RS1_Test_session_09.11_04h18
Training with batch size : 16
   [Train] Epoch: [24][20/357]  Loss:0.139 (Avg 0.1541) IoU:0.753 (Avg 0.7147) Dice:0.8438 (Avg 0.8156) LR 2.42e-04   (AvgTime 0.6)   
   [Train] Epoch: [24][40/357]  Loss:0.146 (Avg 0.1673) IoU:0.723 (Avg 0.6943) Dice:0.8276 (Avg 0.7987) LR 2.42e-04   (AvgTime 0.6)   
   [Train] Epoch: [24][60/357]  Loss:0.173 (Avg 0.1662) IoU:0.667 (Avg 0.6940) Dice:0.7679 (Avg 0.7994) LR 2.42e-04   (AvgTime 0.6)   
   [Train] Epoch: [24][80/357]  Loss:0.164 (Avg 0.1677) IoU:0.705 (Avg 0.6911) Dice:0.8093 (Avg 0.7974) LR 2.42e-04   (AvgTime 0.6)   
   [Train] Epoch: [24][100/357]  Loss:0.131 (Avg 0.1666) IoU:0.762 (Avg 0.6918) Dice:0.8574 (Avg 0.7984) LR 2.42e-04   (AvgTime 0.6)   
   [Train] Epoch: [24][120/357]  Loss:0.176 (Avg 0.1662) IoU:0.703 (Avg 0.6925) Dice:0.8032 (Avg 0.7987) LR 2.42e-04   (AvgTime 0.6)   
   [Train] Epoch: [24][140/357]  Loss:0.194 (Avg 0.1671) IoU:0.620 (Avg 0.6904) Dice:0.7415 (Avg 0.7971) LR 2.42e-04   (AvgTime 0.6)   
   [Train] Epoch: [24][160/357]  Loss:0.200 (Avg 0.1682) IoU:0.670 (Avg 0.6882) Dice:0.7621 (Avg 0.7955) LR 2.42e-04   (AvgTime 0.6)   
   [Train] Epoch: [24][180/357]  Loss:0.136 (Avg 0.1682) IoU:0.750 (Avg 0.6887) Dice:0.8475 (Avg 0.7956) LR 2.42e-04   (AvgTime 0.6)   
   [Train] Epoch: [24][200/357]  Loss:0.135 (Avg 0.1682) IoU:0.747 (Avg 0.6889) Dice:0.8456 (Avg 0.7958) LR 2.42e-04   (AvgTime 0.6)   
   [Train] Epoch: [24][220/357]  Loss:0.134 (Avg 0.1678) IoU:0.738 (Avg 0.6895) Dice:0.8373 (Avg 0.7962) LR 2.42e-04   (AvgTime 0.6)   
   [Train] Epoch: [24][240/357]  Loss:0.173 (Avg 0.1676) IoU:0.702 (Avg 0.6893) Dice:0.8123 (Avg 0.7958) LR 2.42e-04   (AvgTime 0.6)   
   [Train] Epoch: [24][260/357]  Loss:0.196 (Avg 0.1672) IoU:0.614 (Avg 0.6902) Dice:0.7344 (Avg 0.7966) LR 2.42e-04   (AvgTime 0.6)   
   [Train] Epoch: [24][280/357]  Loss:0.135 (Avg 0.1678) IoU:0.754 (Avg 0.6895) Dice:0.8381 (Avg 0.7958) LR 2.42e-04   (AvgTime 0.6)   
   [Train] Epoch: [24][300/357]  Loss:0.182 (Avg 0.1675) IoU:0.677 (Avg 0.6897) Dice:0.7903 (Avg 0.7961) LR 2.42e-04   (AvgTime 0.6)   
   [Train] Epoch: [24][320/357]  Loss:0.193 (Avg 0.1670) IoU:0.632 (Avg 0.6906) Dice:0.7550 (Avg 0.7968) LR 2.42e-04   (AvgTime 0.6)   
   [Train] Epoch: [24][340/357]  Loss:0.137 (Avg 0.1671) IoU:0.747 (Avg 0.6907) Dice:0.8387 (Avg 0.7967) LR 2.42e-04   (AvgTime 0.6)   
   [Train] Epoch: [24][357/357]  Loss:0.216 (Avg 0.1674) IoU:0.604 (Avg 0.6902) Dice:0.7257 (Avg 0.7964) LR 2.42e-04   (AvgTime 0.6)   
   [Train] Loss components: main_dice=0.172600, main_focal=0.057378, main=0.114989, region_raw=0.408105, region_weighted=0.052365, empty_window_fraction=0.000000, total=0.167354
Validation
   [Val] Epoch: [24][20/90]  Loss:0.219 (Avg 0.1725) IoU:0.645 (Avg 0.7096) Dice:0.7661 (Avg 0.8145) (AvgTime 0.3)   
   [Val] Epoch: [24][40/90]  Loss:0.160 (Avg 0.1792) IoU:0.703 (Avg 0.6927) Dice:0.8129 (Avg 0.7984) (AvgTime 0.2)   
   [Val] Epoch: [24][60/90]  Loss:0.216 (Avg 0.1679) IoU:0.638 (Avg 0.7058) Dice:0.7514 (Avg 0.8076) (AvgTime 0.2)   
   [Val] Epoch: [24][80/90]  Loss:0.137 (Avg 0.1666) IoU:0.728 (Avg 0.7047) Dice:0.8320 (Avg 0.8069) (AvgTime 0.2)   
   [Val] Epoch: [24][90/90]  Loss:0.211 (Avg 0.1675) IoU:0.576 (Avg 0.7029) Dice:0.7107 (Avg 0.8056) (AvgTime 0.2)   
   [Val] Loss components: main_dice=0.163464, main_focal=0.071064, main=0.117264, region_raw=0.391298, region_weighted=0.050208, empty_window_fraction=0.000000, total=0.167472
	 Saving best model by iou: 0.702850
	 Saving to Covid19/BetterLViT/rs1_global_iou/RS1_Test_session_09.11_04h18/models//best_model-BetterLViT.pth.tar
	 early_stopping_count: 0/80
--- Epoch History (1..24) ---
Epoch |  TrainLoss |  TrainDice |  TrainIoU |    ValLoss |    ValDice |    ValIoU |         LR | Best
    1 |     0.3274 |     0.6089 |    0.4797 |     0.3091 |     0.6203 |    0.4911 |   3.00e-04 |     
    2 |     0.2493 |     0.7003 |    0.5773 |     0.2277 |     0.7202 |    0.6053 |   3.00e-04 |     
    3 |     0.2258 |     0.7259 |    0.6062 |     0.2068 |     0.7560 |    0.6429 |   3.00e-04 |     
    4 |     0.2153 |     0.7383 |    0.6212 |     0.2013 |     0.7654 |    0.6509 |   2.99e-04 |     
    5 |     0.2041 |     0.7514 |    0.6359 |     0.1929 |     0.7592 |    0.6456 |   2.98e-04 |     
    6 |     0.2002 |     0.7575 |    0.6433 |     0.1994 |     0.7556 |    0.6374 |   2.97e-04 |     
    7 |     0.1959 |     0.7613 |    0.6476 |     0.1953 |     0.7677 |    0.6559 |   2.96e-04 |     
    8 |     0.1917 |     0.7652 |    0.6526 |     0.1819 |     0.7753 |    0.6638 |   2.94e-04 |     
    9 |     0.1890 |     0.7689 |    0.6569 |     0.1877 |     0.7648 |    0.6526 |   2.92e-04 |     
   10 |     0.1909 |     0.7674 |    0.6547 |     0.1967 |     0.7614 |    0.6474 |   2.91e-04 |     
   11 |     0.1850 |     0.7752 |    0.6643 |     0.1777 |     0.7851 |    0.6761 |   2.88e-04 |     
   12 |     0.1847 |     0.7750 |    0.6644 |     0.1820 |     0.7863 |    0.6777 |   2.86e-04 |     
   13 |     0.1819 |     0.7786 |    0.6681 |     0.1785 |     0.7822 |    0.6720 |   2.83e-04 |     
   14 |     0.1792 |     0.7815 |    0.6721 |     0.1710 |     0.7906 |    0.6822 |   2.80e-04 |     
   15 |     0.1799 |     0.7798 |    0.6700 |     0.1677 |     0.7939 |    0.6878 |   2.77e-04 |     
   16 |     0.1784 |     0.7828 |    0.6735 |     0.1778 |     0.7969 |    0.6907 |   2.74e-04 |     
   17 |     0.1800 |     0.7809 |    0.6717 |     0.1871 |     0.7775 |    0.6682 |   2.71e-04 |     
   18 |     0.1765 |     0.7859 |    0.6774 |     0.1763 |     0.7844 |    0.6744 |   2.67e-04 |     
   19 |     0.1725 |     0.7898 |    0.6825 |     0.1650 |     0.7980 |    0.6943 |   2.63e-04 |     
   20 |     0.1717 |     0.7911 |    0.6844 |     0.1718 |     0.7842 |    0.6753 |   2.59e-04 |     
   21 |     0.1702 |     0.7920 |    0.6849 |     0.1709 |     0.7905 |    0.6816 |   2.55e-04 |     
   22 |     0.1715 |     0.7907 |    0.6835 |     0.1778 |     0.7882 |    0.6809 |   2.51e-04 |     
   23 |     0.1702 |     0.7927 |    0.6865 |     0.1680 |     0.7894 |    0.6837 |   2.46e-04 |     
   24 |     0.1674 |     0.7964 |    0.6902 |     0.1675 |     0.8056 |    0.7029 |   2.42e-04 |    *
--- R2 plus final-map regional overlap: global validation statistics ---
up4: ca=0.8940+/-0.1308, sa=1.0099+/-0.0155, amp=0.0003, suppress=0.0000, guide_abs=0.1757
up4 residuals: local_mean=8.391e-02, global_mean=0.0106, local_strength=0.1126, global_strength=0.1042, gain=[0.9847,1.1040], saturation=0.0847, text_film=0.0209
up4 haar: reconstruction_error=9.537e-07, skip_low/high=0.8268/0.1732, plam_low/high=1.0000/0.0000
up4 strengths: plam=0.9371, region=0.1126, detail=0.1042; residual_std region/detail/refine=0.4163/0.4022/0.3011
up4 guide_mix: entropy=0.9730, raw_low=0.2963, plam_low=0.2783, decoder_low=0.2863, detail=0.1391; agreement plam/decoder=0.6119/0.4626, support=0.7597+/-0.1185
up4 adaptive_frequency: ALPF strength=0.2355, weights=0.1964/0.6658/0.1378, sum=1.0000, entropy=0.7833, delta_std=0.0974; AHPF strength=0.0761, weights=0.2971/0.5291/0.1738, sum=1.0000, entropy=0.9063, residual_std=0.1128, scaled_std=0.0086
up3: ca=0.9905+/-0.2014, sa=1.0069+/-0.0068, amp=0.0000, suppress=0.0000, guide_abs=0.3308
up3 residuals: local_mean=2.771e-02, global_mean=0.0325, local_strength=0.1131, global_strength=0.1165, gain=[0.9727,1.0453], saturation=0.0000, text_film=0.0392
up3 haar: reconstruction_error=9.537e-07, skip_low/high=0.7995/0.2005, plam_low/high=1.0000/0.0000
up3 strengths: plam=0.9361, region=0.1131, detail=0.1165; residual_std region/detail/refine=0.3907/0.6257/0.5288
up3 guide_mix: entropy=0.9776, raw_low=0.3369, plam_low=0.2449, decoder_low=0.2553, detail=0.1629; agreement plam/decoder=0.6556/0.2563, support=0.7762+/-0.0598
up3 adaptive_frequency: ALPF strength=0.2655, weights=0.1152/0.3574/0.5274, sum=1.0000, entropy=0.7526, delta_std=0.0760; AHPF strength=0.0999, weights=0.6604/0.2167/0.1229, sum=1.0000, entropy=0.7186, residual_std=0.0824, scaled_std=0.0082
up2: ca=0.8828+/-0.1319, sa=1.0038+/-0.0036, amp=0.0000, suppress=0.0000, guide_abs=0.2196
up2 residuals: local_mean=2.844e-03, global_mean=0.0311, local_strength=0.1152, global_strength=0.1124, gain=[0.9699,1.0425], saturation=0.0000, text_film=0.0383
up2 haar: reconstruction_error=9.537e-07, skip_low/high=0.8008/0.1992, plam_low/high=1.0000/0.0000
up2 strengths: plam=0.8855, region=0.1152, detail=0.1124; residual_std region/detail/refine=0.2103/0.3011/0.1718
up2 guide_mix: entropy=0.9615, raw_low=0.3113, plam_low=0.2091, decoder_low=0.3391, detail=0.1405; agreement plam/decoder=0.7380/-0.0332, support=0.5696+/-0.0389
up1: ca=0.8290+/-0.1593, sa=1.0025+/-0.0137, amp=0.0000, suppress=0.0000, guide_abs=0.2811
up1 residuals: local_mean=-7.242e-05, global_mean=0.0245, local_strength=0.1225, global_strength=0.1003, gain=[0.9026,1.0969], saturation=0.0250, text_film=0.0388
up1 haar: reconstruction_error=2.164e-06, skip_low/high=0.7409/0.2591, plam_low/high=1.0000/0.0000
up1 strengths: plam=0.9388, region=0.1225, detail=0.1003; residual_std region/detail/refine=0.5713/0.3827/0.1294
up1 guide_mix: entropy=0.9476, raw_low=0.2837, plam_low=0.2699, decoder_low=0.3420, detail=0.1044; agreement plam/decoder=0.3701/0.1368, support=0.6684+/-0.1175

========= Epoch [25/80] =========
RS1_Test_session_09.11_04h18
Training with batch size : 16
   [Train] Epoch: [25][20/357]  Loss:0.175 (Avg 0.1688) IoU:0.684 (Avg 0.6856) Dice:0.7996 (Avg 0.7932) LR 2.37e-04   (AvgTime 0.6)   
   [Train] Epoch: [25][40/357]  Loss:0.203 (Avg 0.1684) IoU:0.646 (Avg 0.6907) Dice:0.7720 (Avg 0.7953) LR 2.37e-04   (AvgTime 0.6)   
   [Train] Epoch: [25][60/357]  Loss:0.208 (Avg 0.1691) IoU:0.639 (Avg 0.6871) Dice:0.7576 (Avg 0.7929) LR 2.37e-04   (AvgTime 0.6)   
   [Train] Epoch: [25][80/357]  Loss:0.162 (Avg 0.1668) IoU:0.701 (Avg 0.6910) Dice:0.8112 (Avg 0.7962) LR 2.37e-04   (AvgTime 0.6)   
   [Train] Epoch: [25][100/357]  Loss:0.167 (Avg 0.1681) IoU:0.761 (Avg 0.6891) Dice:0.8512 (Avg 0.7950) LR 2.37e-04   (AvgTime 0.6)   
   [Train] Epoch: [25][120/357]  Loss:0.121 (Avg 0.1678) IoU:0.765 (Avg 0.6904) Dice:0.8576 (Avg 0.7963) LR 2.37e-04   (AvgTime 0.6)   
   [Train] Epoch: [25][140/357]  Loss:0.176 (Avg 0.1684) IoU:0.681 (Avg 0.6889) Dice:0.7814 (Avg 0.7949) LR 2.37e-04   (AvgTime 0.6)   
   [Train] Epoch: [25][160/357]  Loss:0.129 (Avg 0.1674) IoU:0.747 (Avg 0.6901) Dice:0.8439 (Avg 0.7961) LR 2.37e-04   (AvgTime 0.6)   
   [Train] Epoch: [25][180/357]  Loss:0.171 (Avg 0.1671) IoU:0.695 (Avg 0.6903) Dice:0.7928 (Avg 0.7963) LR 2.37e-04   (AvgTime 0.6)   
   [Train] Epoch: [25][200/357]  Loss:0.156 (Avg 0.1670) IoU:0.710 (Avg 0.6906) Dice:0.8152 (Avg 0.7966) LR 2.37e-04   (AvgTime 0.6)   
   [Train] Epoch: [25][220/357]  Loss:0.179 (Avg 0.1668) IoU:0.664 (Avg 0.6909) Dice:0.7793 (Avg 0.7968) LR 2.37e-04   (AvgTime 0.6)   
   [Train] Epoch: [25][240/357]  Loss:0.158 (Avg 0.1663) IoU:0.675 (Avg 0.6919) Dice:0.7871 (Avg 0.7976) LR 2.37e-04   (AvgTime 0.6)   
   [Train] Epoch: [25][260/357]  Loss:0.171 (Avg 0.1661) IoU:0.699 (Avg 0.6923) Dice:0.8094 (Avg 0.7979) LR 2.37e-04   (AvgTime 0.6)   
   [Train] Epoch: [25][280/357]  Loss:0.139 (Avg 0.1661) IoU:0.733 (Avg 0.6923) Dice:0.8362 (Avg 0.7980) LR 2.37e-04   (AvgTime 0.6)   
   [Train] Epoch: [25][300/357]  Loss:0.220 (Avg 0.1662) IoU:0.581 (Avg 0.6919) Dice:0.6951 (Avg 0.7978) LR 2.37e-04   (AvgTime 0.6)   
   [Train] Epoch: [25][320/357]  Loss:0.168 (Avg 0.1659) IoU:0.692 (Avg 0.6927) Dice:0.7980 (Avg 0.7982) LR 2.37e-04   (AvgTime 0.6)   
   [Train] Epoch: [25][340/357]  Loss:0.240 (Avg 0.1664) IoU:0.642 (Avg 0.6919) Dice:0.7476 (Avg 0.7975) LR 2.37e-04   (AvgTime 0.6)   
   [Train] Epoch: [25][357/357]  Loss:0.158 (Avg 0.1664) IoU:0.699 (Avg 0.6919) Dice:0.8064 (Avg 0.7976) LR 2.37e-04   (AvgTime 0.6)   
   [Train] Loss components: main_dice=0.171418, main_focal=0.057152, main=0.114285, region_raw=0.405808, region_weighted=0.052070, empty_window_fraction=0.000000, total=0.166355
Validation
   [Val] Epoch: [25][20/90]  Loss:0.213 (Avg 0.1754) IoU:0.638 (Avg 0.6919) Dice:0.7581 (Avg 0.8009) (AvgTime 0.2)   
   [Val] Epoch: [25][40/90]  Loss:0.159 (Avg 0.1814) IoU:0.689 (Avg 0.6762) Dice:0.8051 (Avg 0.7848) (AvgTime 0.2)   
   [Val] Epoch: [25][60/90]  Loss:0.222 (Avg 0.1719) IoU:0.627 (Avg 0.6900) Dice:0.7351 (Avg 0.7943) (AvgTime 0.2)   
   [Val] Epoch: [25][80/90]  Loss:0.158 (Avg 0.1716) IoU:0.684 (Avg 0.6894) Dice:0.7947 (Avg 0.7940) (AvgTime 0.2)   
   [Val] Epoch: [25][90/90]  Loss:0.209 (Avg 0.1719) IoU:0.594 (Avg 0.6891) Dice:0.7264 (Avg 0.7939) (AvgTime 0.2)   
   [Val] Loss components: main_dice=0.175554, main_focal=0.064147, main=0.119851, region_raw=0.405913, region_weighted=0.052084, empty_window_fraction=0.000000, total=0.171934
	 No iou improvement; selected epoch 24
	 early_stopping_count: 1/80
--- Epoch History (1..25) ---
Epoch |  TrainLoss |  TrainDice |  TrainIoU |    ValLoss |    ValDice |    ValIoU |         LR | Best
    1 |     0.3274 |     0.6089 |    0.4797 |     0.3091 |     0.6203 |    0.4911 |   3.00e-04 |     
    2 |     0.2493 |     0.7003 |    0.5773 |     0.2277 |     0.7202 |    0.6053 |   3.00e-04 |     
    3 |     0.2258 |     0.7259 |    0.6062 |     0.2068 |     0.7560 |    0.6429 |   3.00e-04 |     
    4 |     0.2153 |     0.7383 |    0.6212 |     0.2013 |     0.7654 |    0.6509 |   2.99e-04 |     
    5 |     0.2041 |     0.7514 |    0.6359 |     0.1929 |     0.7592 |    0.6456 |   2.98e-04 |     
    6 |     0.2002 |     0.7575 |    0.6433 |     0.1994 |     0.7556 |    0.6374 |   2.97e-04 |     
    7 |     0.1959 |     0.7613 |    0.6476 |     0.1953 |     0.7677 |    0.6559 |   2.96e-04 |     
    8 |     0.1917 |     0.7652 |    0.6526 |     0.1819 |     0.7753 |    0.6638 |   2.94e-04 |     
    9 |     0.1890 |     0.7689 |    0.6569 |     0.1877 |     0.7648 |    0.6526 |   2.92e-04 |     
   10 |     0.1909 |     0.7674 |    0.6547 |     0.1967 |     0.7614 |    0.6474 |   2.91e-04 |     
   11 |     0.1850 |     0.7752 |    0.6643 |     0.1777 |     0.7851 |    0.6761 |   2.88e-04 |     
   12 |     0.1847 |     0.7750 |    0.6644 |     0.1820 |     0.7863 |    0.6777 |   2.86e-04 |     
   13 |     0.1819 |     0.7786 |    0.6681 |     0.1785 |     0.7822 |    0.6720 |   2.83e-04 |     
   14 |     0.1792 |     0.7815 |    0.6721 |     0.1710 |     0.7906 |    0.6822 |   2.80e-04 |     
   15 |     0.1799 |     0.7798 |    0.6700 |     0.1677 |     0.7939 |    0.6878 |   2.77e-04 |     
   16 |     0.1784 |     0.7828 |    0.6735 |     0.1778 |     0.7969 |    0.6907 |   2.74e-04 |     
   17 |     0.1800 |     0.7809 |    0.6717 |     0.1871 |     0.7775 |    0.6682 |   2.71e-04 |     
   18 |     0.1765 |     0.7859 |    0.6774 |     0.1763 |     0.7844 |    0.6744 |   2.67e-04 |     
   19 |     0.1725 |     0.7898 |    0.6825 |     0.1650 |     0.7980 |    0.6943 |   2.63e-04 |     
   20 |     0.1717 |     0.7911 |    0.6844 |     0.1718 |     0.7842 |    0.6753 |   2.59e-04 |     
   21 |     0.1702 |     0.7920 |    0.6849 |     0.1709 |     0.7905 |    0.6816 |   2.55e-04 |     
   22 |     0.1715 |     0.7907 |    0.6835 |     0.1778 |     0.7882 |    0.6809 |   2.51e-04 |     
   23 |     0.1702 |     0.7927 |    0.6865 |     0.1680 |     0.7894 |    0.6837 |   2.46e-04 |     
   24 |     0.1674 |     0.7964 |    0.6902 |     0.1675 |     0.8056 |    0.7029 |   2.42e-04 |    *
   25 |     0.1664 |     0.7976 |    0.6919 |     0.1719 |     0.7939 |    0.6891 |   2.37e-04 |     
--- R2 plus final-map regional overlap: global validation statistics ---
up4: ca=0.8853+/-0.1361, sa=1.0102+/-0.0149, amp=0.0018, suppress=0.0000, guide_abs=0.1724
up4 residuals: local_mean=8.497e-02, global_mean=0.0129, local_strength=0.1130, global_strength=0.1047, gain=[0.9871,1.1112], saturation=0.1265, text_film=0.0217
up4 haar: reconstruction_error=9.537e-07, skip_low/high=0.8230/0.1770, plam_low/high=1.0000/0.0000
up4 strengths: plam=0.9350, region=0.1130, detail=0.1047; residual_std region/detail/refine=0.4588/0.3824/0.2911
up4 guide_mix: entropy=0.9676, raw_low=0.2973, plam_low=0.3217, decoder_low=0.2452, detail=0.1359; agreement plam/decoder=0.6028/0.5132, support=0.8111+/-0.1066
up4 adaptive_frequency: ALPF strength=0.2369, weights=0.1661/0.6914/0.1425, sum=1.0000, entropy=0.7555, delta_std=0.0821; AHPF strength=0.0760, weights=0.3263/0.5064/0.1673, sum=1.0000, entropy=0.9126, residual_std=0.0992, scaled_std=0.0075
up3: ca=0.9861+/-0.2095, sa=1.0071+/-0.0072, amp=0.0000, suppress=0.0000, guide_abs=0.3273
up3 residuals: local_mean=3.062e-02, global_mean=0.0311, local_strength=0.1131, global_strength=0.1168, gain=[0.9736,1.0472], saturation=0.0000, text_film=0.0309
up3 haar: reconstruction_error=9.537e-07, skip_low/high=0.7988/0.2012, plam_low/high=1.0000/0.0000
up3 strengths: plam=0.9347, region=0.1131, detail=0.1168; residual_std region/detail/refine=0.3682/0.5965/0.4955
up3 guide_mix: entropy=0.9775, raw_low=0.3318, plam_low=0.2624, decoder_low=0.2459, detail=0.1598; agreement plam/decoder=0.6730/0.2059, support=0.7749+/-0.0578
up3 adaptive_frequency: ALPF strength=0.2676, weights=0.1442/0.5132/0.3426, sum=1.0000, entropy=0.7799, delta_std=0.0666; AHPF strength=0.1004, weights=0.4827/0.3010/0.2164, sum=1.0000, entropy=0.8510, residual_std=0.1291, scaled_std=0.0130
up2: ca=0.9079+/-0.1360, sa=1.0037+/-0.0040, amp=0.0000, suppress=0.0000, guide_abs=0.2155
up2 residuals: local_mean=3.565e-03, global_mean=0.0288, local_strength=0.1157, global_strength=0.1127, gain=[0.9647,1.0391], saturation=0.0000, text_film=0.0265
up2 haar: reconstruction_error=1.252e-06, skip_low/high=0.7970/0.2030, plam_low/high=1.0000/0.0000
up2 strengths: plam=0.8832, region=0.1157, detail=0.1127; residual_std region/detail/refine=0.2131/0.3149/0.1630
up2 guide_mix: entropy=0.9691, raw_low=0.3116, plam_low=0.2306, decoder_low=0.3151, detail=0.1427; agreement plam/decoder=0.7018/-0.2039, support=0.5740+/-0.0394
up1: ca=0.8394+/-0.1565, sa=1.0025+/-0.0138, amp=0.0000, suppress=0.0000, guide_abs=0.2848
up1 residuals: local_mean=-4.327e-04, global_mean=0.0258, local_strength=0.1228, global_strength=0.1006, gain=[0.9026,1.0970], saturation=0.0419, text_film=0.0378
up1 haar: reconstruction_error=2.339e-06, skip_low/high=0.7336/0.2664, plam_low/high=1.0000/0.0000
up1 strengths: plam=0.9381, region=0.1228, detail=0.1006; residual_std region/detail/refine=0.5254/0.3879/0.1367
up1 guide_mix: entropy=0.9389, raw_low=0.2466, plam_low=0.3175, decoder_low=0.3396, detail=0.0962; agreement plam/decoder=0.2581/-0.0851, support=0.6962+/-0.1183

========= Epoch [26/80] =========
RS1_Test_session_09.11_04h18
Training with batch size : 16
   [Train] Epoch: [26][20/357]  Loss:0.129 (Avg 0.1600) IoU:0.756 (Avg 0.7004) Dice:0.8558 (Avg 0.8054) LR 2.32e-04   (AvgTime 0.6)   
   [Train] Epoch: [26][40/357]  Loss:0.173 (Avg 0.1613) IoU:0.694 (Avg 0.6988) Dice:0.8017 (Avg 0.8027) LR 2.32e-04   (AvgTime 0.5)   
   [Train] Epoch: [26][60/357]  Loss:0.149 (Avg 0.1615) IoU:0.727 (Avg 0.6995) Dice:0.8291 (Avg 0.8040) LR 2.32e-04   (AvgTime 0.5)   
   [Train] Epoch: [26][80/357]  Loss:0.186 (Avg 0.1628) IoU:0.644 (Avg 0.6967) Dice:0.7485 (Avg 0.8014) LR 2.32e-04   (AvgTime 0.5)   
   [Train] Epoch: [26][100/357]  Loss:0.156 (Avg 0.1641) IoU:0.716 (Avg 0.6956) Dice:0.8089 (Avg 0.8007) LR 2.32e-04   (AvgTime 0.6)   
   [Train] Epoch: [26][120/357]  Loss:0.145 (Avg 0.1633) IoU:0.717 (Avg 0.6963) Dice:0.8253 (Avg 0.8016) LR 2.32e-04   (AvgTime 0.5)   
   [Train] Epoch: [26][140/357]  Loss:0.162 (Avg 0.1660) IoU:0.687 (Avg 0.6923) Dice:0.8008 (Avg 0.7976) LR 2.32e-04   (AvgTime 0.5)   
   [Train] Epoch: [26][160/357]  Loss:0.116 (Avg 0.1668) IoU:0.796 (Avg 0.6914) Dice:0.8674 (Avg 0.7969) LR 2.32e-04   (AvgTime 0.6)   
   [Train] Epoch: [26][180/357]  Loss:0.169 (Avg 0.1662) IoU:0.684 (Avg 0.6922) Dice:0.7835 (Avg 0.7977) LR 2.32e-04   (AvgTime 0.6)   
   [Train] Epoch: [26][200/357]  Loss:0.167 (Avg 0.1676) IoU:0.679 (Avg 0.6898) Dice:0.7990 (Avg 0.7957) LR 2.32e-04   (AvgTime 0.6)   
   [Train] Epoch: [26][220/357]  Loss:0.156 (Avg 0.1663) IoU:0.685 (Avg 0.6920) Dice:0.7982 (Avg 0.7977) LR 2.32e-04   (AvgTime 0.5)   
   [Train] Epoch: [26][240/357]  Loss:0.131 (Avg 0.1662) IoU:0.761 (Avg 0.6918) Dice:0.8497 (Avg 0.7975) LR 2.32e-04   (AvgTime 0.6)   
   [Train] Epoch: [26][260/357]  Loss:0.181 (Avg 0.1668) IoU:0.678 (Avg 0.6910) Dice:0.7916 (Avg 0.7966) LR 2.32e-04   (AvgTime 0.5)   
   [Train] Epoch: [26][280/357]  Loss:0.152 (Avg 0.1663) IoU:0.704 (Avg 0.6918) Dice:0.8170 (Avg 0.7974) LR 2.32e-04   (AvgTime 0.5)   
   [Train] Epoch: [26][300/357]  Loss:0.223 (Avg 0.1665) IoU:0.582 (Avg 0.6916) Dice:0.7216 (Avg 0.7973) LR 2.32e-04   (AvgTime 0.6)   
   [Train] Epoch: [26][320/357]  Loss:0.127 (Avg 0.1662) IoU:0.744 (Avg 0.6917) Dice:0.8451 (Avg 0.7975) LR 2.32e-04   (AvgTime 0.6)   
   [Train] Epoch: [26][340/357]  Loss:0.161 (Avg 0.1668) IoU:0.731 (Avg 0.6908) Dice:0.8332 (Avg 0.7969) LR 2.32e-04   (AvgTime 0.6)   
   [Train] Epoch: [26][357/357]  Loss:0.163 (Avg 0.1663) IoU:0.711 (Avg 0.6916) Dice:0.7989 (Avg 0.7975) LR 2.32e-04   (AvgTime 0.6)   
   [Train] Loss components: main_dice=0.171636, main_focal=0.056603, main=0.114119, region_raw=0.406694, region_weighted=0.052184, empty_window_fraction=0.000000, total=0.166303
Validation
   [Val] Epoch: [26][20/90]  Loss:0.189 (Avg 0.1638) IoU:0.671 (Avg 0.7026) Dice:0.7870 (Avg 0.8096) (AvgTime 0.2)   
   [Val] Epoch: [26][40/90]  Loss:0.158 (Avg 0.1719) IoU:0.690 (Avg 0.6846) Dice:0.8034 (Avg 0.7929) (AvgTime 0.2)   
   [Val] Epoch: [26][60/90]  Loss:0.194 (Avg 0.1634) IoU:0.661 (Avg 0.6948) Dice:0.7637 (Avg 0.7999) (AvgTime 0.2)   
   [Val] Epoch: [26][80/90]  Loss:0.150 (Avg 0.1632) IoU:0.706 (Avg 0.6928) Dice:0.8140 (Avg 0.7987) (AvgTime 0.2)   
   [Val] Epoch: [26][90/90]  Loss:0.203 (Avg 0.1635) IoU:0.599 (Avg 0.6924) Dice:0.7314 (Avg 0.7985) (AvgTime 0.2)   
   [Val] Loss components: main_dice=0.171108, main_focal=0.049535, main=0.110321, region_raw=0.414480, region_weighted=0.053183, empty_window_fraction=0.000000, total=0.163504
	 No iou improvement; selected epoch 24
	 early_stopping_count: 2/80
--- Epoch History (1..26) ---
Epoch |  TrainLoss |  TrainDice |  TrainIoU |    ValLoss |    ValDice |    ValIoU |         LR | Best
    1 |     0.3274 |     0.6089 |    0.4797 |     0.3091 |     0.6203 |    0.4911 |   3.00e-04 |     
    2 |     0.2493 |     0.7003 |    0.5773 |     0.2277 |     0.7202 |    0.6053 |   3.00e-04 |     
    3 |     0.2258 |     0.7259 |    0.6062 |     0.2068 |     0.7560 |    0.6429 |   3.00e-04 |     
    4 |     0.2153 |     0.7383 |    0.6212 |     0.2013 |     0.7654 |    0.6509 |   2.99e-04 |     
    5 |     0.2041 |     0.7514 |    0.6359 |     0.1929 |     0.7592 |    0.6456 |   2.98e-04 |     
    6 |     0.2002 |     0.7575 |    0.6433 |     0.1994 |     0.7556 |    0.6374 |   2.97e-04 |     
    7 |     0.1959 |     0.7613 |    0.6476 |     0.1953 |     0.7677 |    0.6559 |   2.96e-04 |     
    8 |     0.1917 |     0.7652 |    0.6526 |     0.1819 |     0.7753 |    0.6638 |   2.94e-04 |     
    9 |     0.1890 |     0.7689 |    0.6569 |     0.1877 |     0.7648 |    0.6526 |   2.92e-04 |     
   10 |     0.1909 |     0.7674 |    0.6547 |     0.1967 |     0.7614 |    0.6474 |   2.91e-04 |     
   11 |     0.1850 |     0.7752 |    0.6643 |     0.1777 |     0.7851 |    0.6761 |   2.88e-04 |     
   12 |     0.1847 |     0.7750 |    0.6644 |     0.1820 |     0.7863 |    0.6777 |   2.86e-04 |     
   13 |     0.1819 |     0.7786 |    0.6681 |     0.1785 |     0.7822 |    0.6720 |   2.83e-04 |     
   14 |     0.1792 |     0.7815 |    0.6721 |     0.1710 |     0.7906 |    0.6822 |   2.80e-04 |     
   15 |     0.1799 |     0.7798 |    0.6700 |     0.1677 |     0.7939 |    0.6878 |   2.77e-04 |     
   16 |     0.1784 |     0.7828 |    0.6735 |     0.1778 |     0.7969 |    0.6907 |   2.74e-04 |     
   17 |     0.1800 |     0.7809 |    0.6717 |     0.1871 |     0.7775 |    0.6682 |   2.71e-04 |     
   18 |     0.1765 |     0.7859 |    0.6774 |     0.1763 |     0.7844 |    0.6744 |   2.67e-04 |     
   19 |     0.1725 |     0.7898 |    0.6825 |     0.1650 |     0.7980 |    0.6943 |   2.63e-04 |     
   20 |     0.1717 |     0.7911 |    0.6844 |     0.1718 |     0.7842 |    0.6753 |   2.59e-04 |     
   21 |     0.1702 |     0.7920 |    0.6849 |     0.1709 |     0.7905 |    0.6816 |   2.55e-04 |     
   22 |     0.1715 |     0.7907 |    0.6835 |     0.1778 |     0.7882 |    0.6809 |   2.51e-04 |     
   23 |     0.1702 |     0.7927 |    0.6865 |     0.1680 |     0.7894 |    0.6837 |   2.46e-04 |     
   24 |     0.1674 |     0.7964 |    0.6902 |     0.1675 |     0.8056 |    0.7029 |   2.42e-04 |    *
   25 |     0.1664 |     0.7976 |    0.6919 |     0.1719 |     0.7939 |    0.6891 |   2.37e-04 |     
   26 |     0.1663 |     0.7975 |    0.6916 |     0.1635 |     0.7985 |    0.6924 |   2.32e-04 |     
--- R2 plus final-map regional overlap: global validation statistics ---
up4: ca=0.9001+/-0.1348, sa=1.0099+/-0.0137, amp=0.0003, suppress=0.0000, guide_abs=0.1937
up4 residuals: local_mean=7.482e-02, global_mean=0.0190, local_strength=0.1131, global_strength=0.1052, gain=[0.9902,1.1045], saturation=0.0622, text_film=0.0203
up4 haar: reconstruction_error=9.537e-07, skip_low/high=0.8185/0.1815, plam_low/high=1.0000/0.0000
up4 strengths: plam=0.9337, region=0.1131, detail=0.1052; residual_std region/detail/refine=0.4398/0.3928/0.3114
up4 guide_mix: entropy=0.9754, raw_low=0.3068, plam_low=0.2824, decoder_low=0.2651, detail=0.1457; agreement plam/decoder=0.6773/0.5309, support=0.7715+/-0.1080
up4 adaptive_frequency: ALPF strength=0.2372, weights=0.1834/0.6788/0.1377, sum=1.0000, entropy=0.7701, delta_std=0.0808; AHPF strength=0.0759, weights=0.3255/0.5099/0.1646, sum=1.0000, entropy=0.9122, residual_std=0.1008, scaled_std=0.0077
up3: ca=0.9836+/-0.1903, sa=1.0072+/-0.0066, amp=0.0000, suppress=0.0000, guide_abs=0.3264
up3 residuals: local_mean=3.012e-02, global_mean=0.0326, local_strength=0.1133, global_strength=0.1171, gain=[0.9728,1.0450], saturation=0.0000, text_film=0.0222
up3 haar: reconstruction_error=9.537e-07, skip_low/high=0.8080/0.1920, plam_low/high=1.0000/0.0000
up3 strengths: plam=0.9334, region=0.1133, detail=0.1171; residual_std region/detail/refine=0.3593/0.6053/0.5204
up3 guide_mix: entropy=0.9758, raw_low=0.3329, plam_low=0.2508, decoder_low=0.2611, detail=0.1552; agreement plam/decoder=0.6691/0.2094, support=0.7572+/-0.0641
up3 adaptive_frequency: ALPF strength=0.2699, weights=0.1311/0.4219/0.4470, sum=1.0000, entropy=0.7837, delta_std=0.0709; AHPF strength=0.1006, weights=0.6072/0.2488/0.1440, sum=1.0000, entropy=0.7691, residual_std=0.0968, scaled_std=0.0097
up2: ca=0.8985+/-0.1364, sa=1.0037+/-0.0034, amp=0.0000, suppress=0.0000, guide_abs=0.1955
up2 residuals: local_mean=3.539e-03, global_mean=0.0291, local_strength=0.1158, global_strength=0.1129, gain=[0.9678,1.0418], saturation=0.0000, text_film=0.0293
up2 haar: reconstruction_error=9.537e-07, skip_low/high=0.8062/0.1938, plam_low/high=1.0000/0.0000
up2 strengths: plam=0.8805, region=0.1158, detail=0.1129; residual_std region/detail/refine=0.2142/0.2944/0.1653
up2 guide_mix: entropy=0.9635, raw_low=0.3105, plam_low=0.2234, decoder_low=0.3296, detail=0.1366; agreement plam/decoder=0.7211/-0.0802, support=0.5668+/-0.0371
up1: ca=0.8163+/-0.1532, sa=1.0025+/-0.0134, amp=0.0000, suppress=0.0000, guide_abs=0.2510
up1 residuals: local_mean=-1.674e-03, global_mean=0.0272, local_strength=0.1232, global_strength=0.1006, gain=[0.9031,1.0965], saturation=0.0256, text_film=0.0393
up1 haar: reconstruction_error=1.907e-06, skip_low/high=0.7229/0.2771, plam_low/high=1.0000/0.0000
up1 strengths: plam=0.9370, region=0.1232, detail=0.1006; residual_std region/detail/refine=0.5638/0.3722/0.1371
up1 guide_mix: entropy=0.9405, raw_low=0.2444, plam_low=0.3144, decoder_low=0.3424, detail=0.0988; agreement plam/decoder=0.3939/-0.1300, support=0.6660+/-0.1177

========= Epoch [27/80] =========
RS1_Test_session_09.11_04h18
Training with batch size : 16
   [Train] Epoch: [27][20/357]  Loss:0.149 (Avg 0.1648) IoU:0.718 (Avg 0.6926) Dice:0.8143 (Avg 0.7991) LR 2.27e-04   (AvgTime 0.6)   
   [Train] Epoch: [27][40/357]  Loss:0.165 (Avg 0.1626) IoU:0.706 (Avg 0.6972) Dice:0.8146 (Avg 0.8041) LR 2.27e-04   (AvgTime 0.6)   
   [Train] Epoch: [27][60/357]  Loss:0.123 (Avg 0.1591) IoU:0.758 (Avg 0.6997) Dice:0.8468 (Avg 0.8061) LR 2.27e-04   (AvgTime 0.5)   
   [Train] Epoch: [27][80/357]  Loss:0.153 (Avg 0.1591) IoU:0.704 (Avg 0.7002) Dice:0.8097 (Avg 0.8058) LR 2.27e-04   (AvgTime 0.5)   
   [Train] Epoch: [27][100/357]  Loss:0.140 (Avg 0.1592) IoU:0.740 (Avg 0.7013) Dice:0.8302 (Avg 0.8061) LR 2.27e-04   (AvgTime 0.5)   
   [Train] Epoch: [27][120/357]  Loss:0.227 (Avg 0.1601) IoU:0.596 (Avg 0.7004) Dice:0.7010 (Avg 0.8046) LR 2.27e-04   (AvgTime 0.6)   
   [Train] Epoch: [27][140/357]  Loss:0.148 (Avg 0.1609) IoU:0.703 (Avg 0.6993) Dice:0.8169 (Avg 0.8040) LR 2.27e-04   (AvgTime 0.5)   
   [Train] Epoch: [27][160/357]  Loss:0.173 (Avg 0.1610) IoU:0.681 (Avg 0.7002) Dice:0.7891 (Avg 0.8047) LR 2.27e-04   (AvgTime 0.5)   
   [Train] Epoch: [27][180/357]  Loss:0.261 (Avg 0.1618) IoU:0.638 (Avg 0.6993) Dice:0.7461 (Avg 0.8041) LR 2.27e-04   (AvgTime 0.6)   
   [Train] Epoch: [27][200/357]  Loss:0.171 (Avg 0.1636) IoU:0.676 (Avg 0.6961) Dice:0.7812 (Avg 0.8014) LR 2.27e-04   (AvgTime 0.5)   
   [Train] Epoch: [27][220/357]  Loss:0.177 (Avg 0.1637) IoU:0.661 (Avg 0.6959) Dice:0.7803 (Avg 0.8013) LR 2.27e-04   (AvgTime 0.5)   
   [Train] Epoch: [27][240/357]  Loss:0.166 (Avg 0.1632) IoU:0.696 (Avg 0.6964) Dice:0.7920 (Avg 0.8014) LR 2.27e-04   (AvgTime 0.6)   
   [Train] Epoch: [27][260/357]  Loss:0.200 (Avg 0.1630) IoU:0.614 (Avg 0.6964) Dice:0.7329 (Avg 0.8015) LR 2.27e-04   (AvgTime 0.6)   
   [Train] Epoch: [27][280/357]  Loss:0.156 (Avg 0.1626) IoU:0.702 (Avg 0.6971) Dice:0.8015 (Avg 0.8019) LR 2.27e-04   (AvgTime 0.6)   
   [Train] Epoch: [27][300/357]  Loss:0.190 (Avg 0.1629) IoU:0.629 (Avg 0.6968) Dice:0.7635 (Avg 0.8017) LR 2.27e-04   (AvgTime 0.6)   
   [Train] Epoch: [27][320/357]  Loss:0.161 (Avg 0.1630) IoU:0.716 (Avg 0.6967) Dice:0.8219 (Avg 0.8015) LR 2.27e-04   (AvgTime 0.6)   
   [Train] Epoch: [27][340/357]  Loss:0.167 (Avg 0.1626) IoU:0.697 (Avg 0.6973) Dice:0.8028 (Avg 0.8021) LR 2.27e-04   (AvgTime 0.6)   
   [Train] Epoch: [27][357/357]  Loss:0.129 (Avg 0.1632) IoU:0.747 (Avg 0.6966) Dice:0.8378 (Avg 0.8013) LR 2.27e-04   (AvgTime 0.6)   
   [Train] Loss components: main_dice=0.167926, main_focal=0.055956, main=0.111941, region_raw=0.399330, region_weighted=0.051239, empty_window_fraction=0.000000, total=0.163180
Validation
   [Val] Epoch: [27][20/90]  Loss:0.203 (Avg 0.1610) IoU:0.665 (Avg 0.7168) Dice:0.7817 (Avg 0.8200) (AvgTime 0.2)   
   [Val] Epoch: [27][40/90]  Loss:0.148 (Avg 0.1695) IoU:0.719 (Avg 0.6976) Dice:0.8249 (Avg 0.8023) (AvgTime 0.2)   
   [Val] Epoch: [27][60/90]  Loss:0.191 (Avg 0.1591) IoU:0.671 (Avg 0.7098) Dice:0.7716 (Avg 0.8107) (AvgTime 0.2)   
   [Val] Epoch: [27][80/90]  Loss:0.145 (Avg 0.1588) IoU:0.720 (Avg 0.7076) Dice:0.8233 (Avg 0.8092) (AvgTime 0.2)   
   [Val] Epoch: [27][90/90]  Loss:0.181 (Avg 0.1589) IoU:0.628 (Avg 0.7069) Dice:0.7567 (Avg 0.8088) (AvgTime 0.2)   
   [Val] Loss components: main_dice=0.161950, main_focal=0.058089, main=0.110020, region_raw=0.381282, region_weighted=0.048923, empty_window_fraction=0.000000, total=0.158943
	 Saving best model by iou: 0.706866
	 Saving to Covid19/BetterLViT/rs1_global_iou/RS1_Test_session_09.11_04h18/models//best_model-BetterLViT.pth.tar
	 early_stopping_count: 0/80
--- Epoch History (1..27) ---
Epoch |  TrainLoss |  TrainDice |  TrainIoU |    ValLoss |    ValDice |    ValIoU |         LR | Best
    1 |     0.3274 |     0.6089 |    0.4797 |     0.3091 |     0.6203 |    0.4911 |   3.00e-04 |     
    2 |     0.2493 |     0.7003 |    0.5773 |     0.2277 |     0.7202 |    0.6053 |   3.00e-04 |     
    3 |     0.2258 |     0.7259 |    0.6062 |     0.2068 |     0.7560 |    0.6429 |   3.00e-04 |     
    4 |     0.2153 |     0.7383 |    0.6212 |     0.2013 |     0.7654 |    0.6509 |   2.99e-04 |     
    5 |     0.2041 |     0.7514 |    0.6359 |     0.1929 |     0.7592 |    0.6456 |   2.98e-04 |     
    6 |     0.2002 |     0.7575 |    0.6433 |     0.1994 |     0.7556 |    0.6374 |   2.97e-04 |     
    7 |     0.1959 |     0.7613 |    0.6476 |     0.1953 |     0.7677 |    0.6559 |   2.96e-04 |     
    8 |     0.1917 |     0.7652 |    0.6526 |     0.1819 |     0.7753 |    0.6638 |   2.94e-04 |     
    9 |     0.1890 |     0.7689 |    0.6569 |     0.1877 |     0.7648 |    0.6526 |   2.92e-04 |     
   10 |     0.1909 |     0.7674 |    0.6547 |     0.1967 |     0.7614 |    0.6474 |   2.91e-04 |     
   11 |     0.1850 |     0.7752 |    0.6643 |     0.1777 |     0.7851 |    0.6761 |   2.88e-04 |     
   12 |     0.1847 |     0.7750 |    0.6644 |     0.1820 |     0.7863 |    0.6777 |   2.86e-04 |     
   13 |     0.1819 |     0.7786 |    0.6681 |     0.1785 |     0.7822 |    0.6720 |   2.83e-04 |     
   14 |     0.1792 |     0.7815 |    0.6721 |     0.1710 |     0.7906 |    0.6822 |   2.80e-04 |     
   15 |     0.1799 |     0.7798 |    0.6700 |     0.1677 |     0.7939 |    0.6878 |   2.77e-04 |     
   16 |     0.1784 |     0.7828 |    0.6735 |     0.1778 |     0.7969 |    0.6907 |   2.74e-04 |     
   17 |     0.1800 |     0.7809 |    0.6717 |     0.1871 |     0.7775 |    0.6682 |   2.71e-04 |     
   18 |     0.1765 |     0.7859 |    0.6774 |     0.1763 |     0.7844 |    0.6744 |   2.67e-04 |     
   19 |     0.1725 |     0.7898 |    0.6825 |     0.1650 |     0.7980 |    0.6943 |   2.63e-04 |     
   20 |     0.1717 |     0.7911 |    0.6844 |     0.1718 |     0.7842 |    0.6753 |   2.59e-04 |     
   21 |     0.1702 |     0.7920 |    0.6849 |     0.1709 |     0.7905 |    0.6816 |   2.55e-04 |     
   22 |     0.1715 |     0.7907 |    0.6835 |     0.1778 |     0.7882 |    0.6809 |   2.51e-04 |     
   23 |     0.1702 |     0.7927 |    0.6865 |     0.1680 |     0.7894 |    0.6837 |   2.46e-04 |     
   24 |     0.1674 |     0.7964 |    0.6902 |     0.1675 |     0.8056 |    0.7029 |   2.42e-04 |     
   25 |     0.1664 |     0.7976 |    0.6919 |     0.1719 |     0.7939 |    0.6891 |   2.37e-04 |     
   26 |     0.1663 |     0.7975 |    0.6916 |     0.1635 |     0.7985 |    0.6924 |   2.32e-04 |     
   27 |     0.1632 |     0.8013 |    0.6966 |     0.1589 |     0.8088 |    0.7069 |   2.27e-04 |    *
--- R2 plus final-map regional overlap: global validation statistics ---
up4: ca=0.8958+/-0.1325, sa=1.0088+/-0.0137, amp=0.0000, suppress=0.0000, guide_abs=0.1760
up4 residuals: local_mean=8.074e-02, global_mean=0.0015, local_strength=0.1134, global_strength=0.1056, gain=[0.9827,1.0990], saturation=0.1408, text_film=0.0204
up4 haar: reconstruction_error=9.537e-07, skip_low/high=0.8150/0.1850, plam_low/high=1.0000/0.0000
up4 strengths: plam=0.9325, region=0.1134, detail=0.1056; residual_std region/detail/refine=0.4702/0.4062/0.3004
up4 guide_mix: entropy=0.9780, raw_low=0.3055, plam_low=0.2673, decoder_low=0.2762, detail=0.1510; agreement plam/decoder=0.5348/0.4913, support=0.8088+/-0.1106
up4 adaptive_frequency: ALPF strength=0.2388, weights=0.1567/0.7039/0.1394, sum=1.0000, entropy=0.7387, delta_std=0.0930; AHPF strength=0.0757, weights=0.2964/0.5326/0.1710, sum=1.0000, entropy=0.9019, residual_std=0.1140, scaled_std=0.0086
up3: ca=0.9847+/-0.1955, sa=1.0073+/-0.0067, amp=0.0000, suppress=0.0000, guide_abs=0.3189
up3 residuals: local_mean=3.046e-02, global_mean=0.0329, local_strength=0.1133, global_strength=0.1173, gain=[0.9777,1.0439], saturation=0.0000, text_film=0.0337
up3 haar: reconstruction_error=9.537e-07, skip_low/high=0.7939/0.2061, plam_low/high=1.0000/0.0000
up3 strengths: plam=0.9319, region=0.1133, detail=0.1173; residual_std region/detail/refine=0.3640/0.5942/0.4970
up3 guide_mix: entropy=0.9778, raw_low=0.3408, plam_low=0.2311, decoder_low=0.2596, detail=0.1685; agreement plam/decoder=0.6406/0.2091, support=0.7590+/-0.0653
up3 adaptive_frequency: ALPF strength=0.2718, weights=0.1183/0.3987/0.4830, sum=1.0000, entropy=0.7598, delta_std=0.0782; AHPF strength=0.1010, weights=0.6330/0.2154/0.1515, sum=1.0000, entropy=0.7036, residual_std=0.0988, scaled_std=0.0100
up2: ca=0.9042+/-0.1289, sa=1.0037+/-0.0036, amp=0.0000, suppress=0.0000, guide_abs=0.1837
up2 residuals: local_mean=3.812e-03, global_mean=0.0292, local_strength=0.1160, global_strength=0.1131, gain=[0.9689,1.0408], saturation=0.0000, text_film=0.0290
up2 haar: reconstruction_error=9.537e-07, skip_low/high=0.7926/0.2074, plam_low/high=1.0000/0.0000
up2 strengths: plam=0.8781, region=0.1160, detail=0.1131; residual_std region/detail/refine=0.2211/0.2964/0.1690
up2 guide_mix: entropy=0.9580, raw_low=0.3004, plam_low=0.2022, decoder_low=0.3567, detail=0.1407; agreement plam/decoder=0.5676/-0.0564, support=0.5683+/-0.0445
up1: ca=0.8137+/-0.1549, sa=1.0027+/-0.0136, amp=0.0000, suppress=0.0000, guide_abs=0.2597
up1 residuals: local_mean=-5.083e-04, global_mean=0.0275, local_strength=0.1233, global_strength=0.1006, gain=[0.9026,1.0971], saturation=0.0390, text_film=0.0389
up1 haar: reconstruction_error=2.474e-06, skip_low/high=0.7396/0.2604, plam_low/high=1.0000/0.0000
up1 strengths: plam=0.9363, region=0.1233, detail=0.1006; residual_std region/detail/refine=0.5204/0.3871/0.1393
up1 guide_mix: entropy=0.9492, raw_low=0.2844, plam_low=0.2602, decoder_low=0.3472, detail=0.1082; agreement plam/decoder=0.2621/-0.1756, support=0.6917+/-0.1156

========= Epoch [28/80] =========
RS1_Test_session_09.11_04h18
Training with batch size : 16
   [Train] Epoch: [28][20/357]  Loss:0.176 (Avg 0.1552) IoU:0.669 (Avg 0.7140) Dice:0.7812 (Avg 0.8160) LR 2.22e-04   (AvgTime 0.5)   
   [Train] Epoch: [28][40/357]  Loss:0.174 (Avg 0.1561) IoU:0.697 (Avg 0.7132) Dice:0.8006 (Avg 0.8155) LR 2.22e-04   (AvgTime 0.5)   
   [Train] Epoch: [28][60/357]  Loss:0.171 (Avg 0.1600) IoU:0.685 (Avg 0.7030) Dice:0.8054 (Avg 0.8068) LR 2.22e-04   (AvgTime 0.5)   
   [Train] Epoch: [28][80/357]  Loss:0.127 (Avg 0.1611) IoU:0.754 (Avg 0.7019) Dice:0.8459 (Avg 0.8052) LR 2.22e-04   (AvgTime 0.5)   
   [Train] Epoch: [28][100/357]  Loss:0.191 (Avg 0.1628) IoU:0.646 (Avg 0.6987) Dice:0.7523 (Avg 0.8027) LR 2.22e-04   (AvgTime 0.5)   
   [Train] Epoch: [28][120/357]  Loss:0.149 (Avg 0.1629) IoU:0.717 (Avg 0.6979) Dice:0.8203 (Avg 0.8026) LR 2.22e-04   (AvgTime 0.6)   
   [Train] Epoch: [28][140/357]  Loss:0.122 (Avg 0.1603) IoU:0.761 (Avg 0.7028) Dice:0.8540 (Avg 0.8067) LR 2.22e-04   (AvgTime 0.5)   
   [Train] Epoch: [28][160/357]  Loss:0.168 (Avg 0.1616) IoU:0.695 (Avg 0.7005) Dice:0.8122 (Avg 0.8048) LR 2.22e-04   (AvgTime 0.5)   
   [Train] Epoch: [28][180/357]  Loss:0.127 (Avg 0.1629) IoU:0.761 (Avg 0.6982) Dice:0.8585 (Avg 0.8026) LR 2.22e-04   (AvgTime 0.5)   
   [Train] Epoch: [28][200/357]  Loss:0.108 (Avg 0.1622) IoU:0.795 (Avg 0.6992) Dice:0.8815 (Avg 0.8035) LR 2.22e-04   (AvgTime 0.5)   
   [Train] Epoch: [28][220/357]  Loss:0.143 (Avg 0.1624) IoU:0.733 (Avg 0.6993) Dice:0.8280 (Avg 0.8036) LR 2.22e-04   (AvgTime 0.5)   
   [Train] Epoch: [28][240/357]  Loss:0.206 (Avg 0.1623) IoU:0.634 (Avg 0.6993) Dice:0.7338 (Avg 0.8035) LR 2.22e-04   (AvgTime 0.5)   
   [Train] Epoch: [28][260/357]  Loss:0.125 (Avg 0.1627) IoU:0.781 (Avg 0.6991) Dice:0.8646 (Avg 0.8031) LR 2.22e-04   (AvgTime 0.5)   
   [Train] Epoch: [28][280/357]  Loss:0.181 (Avg 0.1630) IoU:0.648 (Avg 0.6983) Dice:0.7716 (Avg 0.8026) LR 2.22e-04   (AvgTime 0.5)   
   [Train] Epoch: [28][300/357]  Loss:0.131 (Avg 0.1624) IoU:0.742 (Avg 0.6986) Dice:0.8371 (Avg 0.8028) LR 2.22e-04   (AvgTime 0.5)   
   [Train] Epoch: [28][320/357]  Loss:0.124 (Avg 0.1618) IoU:0.758 (Avg 0.6997) Dice:0.8522 (Avg 0.8037) LR 2.22e-04   (AvgTime 0.5)   
   [Train] Epoch: [28][340/357]  Loss:0.150 (Avg 0.1619) IoU:0.695 (Avg 0.6995) Dice:0.8086 (Avg 0.8037) LR 2.22e-04   (AvgTime 0.5)   
   [Train] Epoch: [28][357/357]  Loss:0.158 (Avg 0.1623) IoU:0.717 (Avg 0.6989) Dice:0.8188 (Avg 0.8031) LR 2.22e-04   (AvgTime 0.5)   
   [Train] Loss components: main_dice=0.166653, main_focal=0.055862, main=0.111258, region_raw=0.398074, region_weighted=0.051078, empty_window_fraction=0.000000, total=0.162335
Validation
   [Val] Epoch: [28][20/90]  Loss:0.193 (Avg 0.1661) IoU:0.667 (Avg 0.7080) Dice:0.7837 (Avg 0.8133) (AvgTime 0.3)   
   [Val] Epoch: [28][40/90]  Loss:0.162 (Avg 0.1742) IoU:0.685 (Avg 0.6896) Dice:0.7977 (Avg 0.7964) (AvgTime 0.2)   
   [Val] Epoch: [28][60/90]  Loss:0.206 (Avg 0.1644) IoU:0.645 (Avg 0.7003) Dice:0.7546 (Avg 0.8034) (AvgTime 0.2)   
   [Val] Epoch: [28][80/90]  Loss:0.156 (Avg 0.1643) IoU:0.688 (Avg 0.6972) Dice:0.8025 (Avg 0.8015) (AvgTime 0.2)   
   [Val] Epoch: [28][90/90]  Loss:0.194 (Avg 0.1645) IoU:0.632 (Avg 0.6963) Dice:0.7546 (Avg 0.8009) (AvgTime 0.2)   
   [Val] Loss components: main_dice=0.169185, main_focal=0.059412, main=0.114299, region_raw=0.391072, region_weighted=0.050179, empty_window_fraction=0.000000, total=0.164478
	 No iou improvement; selected epoch 27
	 early_stopping_count: 1/80
--- Epoch History (1..28) ---
Epoch |  TrainLoss |  TrainDice |  TrainIoU |    ValLoss |    ValDice |    ValIoU |         LR | Best
    1 |     0.3274 |     0.6089 |    0.4797 |     0.3091 |     0.6203 |    0.4911 |   3.00e-04 |     
    2 |     0.2493 |     0.7003 |    0.5773 |     0.2277 |     0.7202 |    0.6053 |   3.00e-04 |     
    3 |     0.2258 |     0.7259 |    0.6062 |     0.2068 |     0.7560 |    0.6429 |   3.00e-04 |     
    4 |     0.2153 |     0.7383 |    0.6212 |     0.2013 |     0.7654 |    0.6509 |   2.99e-04 |     
    5 |     0.2041 |     0.7514 |    0.6359 |     0.1929 |     0.7592 |    0.6456 |   2.98e-04 |     
    6 |     0.2002 |     0.7575 |    0.6433 |     0.1994 |     0.7556 |    0.6374 |   2.97e-04 |     
    7 |     0.1959 |     0.7613 |    0.6476 |     0.1953 |     0.7677 |    0.6559 |   2.96e-04 |     
    8 |     0.1917 |     0.7652 |    0.6526 |     0.1819 |     0.7753 |    0.6638 |   2.94e-04 |     
    9 |     0.1890 |     0.7689 |    0.6569 |     0.1877 |     0.7648 |    0.6526 |   2.92e-04 |     
   10 |     0.1909 |     0.7674 |    0.6547 |     0.1967 |     0.7614 |    0.6474 |   2.91e-04 |     
   11 |     0.1850 |     0.7752 |    0.6643 |     0.1777 |     0.7851 |    0.6761 |   2.88e-04 |     
   12 |     0.1847 |     0.7750 |    0.6644 |     0.1820 |     0.7863 |    0.6777 |   2.86e-04 |     
   13 |     0.1819 |     0.7786 |    0.6681 |     0.1785 |     0.7822 |    0.6720 |   2.83e-04 |     
   14 |     0.1792 |     0.7815 |    0.6721 |     0.1710 |     0.7906 |    0.6822 |   2.80e-04 |     
   15 |     0.1799 |     0.7798 |    0.6700 |     0.1677 |     0.7939 |    0.6878 |   2.77e-04 |     
   16 |     0.1784 |     0.7828 |    0.6735 |     0.1778 |     0.7969 |    0.6907 |   2.74e-04 |     
   17 |     0.1800 |     0.7809 |    0.6717 |     0.1871 |     0.7775 |    0.6682 |   2.71e-04 |     
   18 |     0.1765 |     0.7859 |    0.6774 |     0.1763 |     0.7844 |    0.6744 |   2.67e-04 |     
   19 |     0.1725 |     0.7898 |    0.6825 |     0.1650 |     0.7980 |    0.6943 |   2.63e-04 |     
   20 |     0.1717 |     0.7911 |    0.6844 |     0.1718 |     0.7842 |    0.6753 |   2.59e-04 |     
   21 |     0.1702 |     0.7920 |    0.6849 |     0.1709 |     0.7905 |    0.6816 |   2.55e-04 |     
   22 |     0.1715 |     0.7907 |    0.6835 |     0.1778 |     0.7882 |    0.6809 |   2.51e-04 |     
   23 |     0.1702 |     0.7927 |    0.6865 |     0.1680 |     0.7894 |    0.6837 |   2.46e-04 |     
   24 |     0.1674 |     0.7964 |    0.6902 |     0.1675 |     0.8056 |    0.7029 |   2.42e-04 |     
   25 |     0.1664 |     0.7976 |    0.6919 |     0.1719 |     0.7939 |    0.6891 |   2.37e-04 |     
   26 |     0.1663 |     0.7975 |    0.6916 |     0.1635 |     0.7985 |    0.6924 |   2.32e-04 |     
   27 |     0.1632 |     0.8013 |    0.6966 |     0.1589 |     0.8088 |    0.7069 |   2.27e-04 |    *
   28 |     0.1623 |     0.8031 |    0.6989 |     0.1645 |     0.8009 |    0.6963 |   2.22e-04 |     
--- R2 plus final-map regional overlap: global validation statistics ---
up4: ca=0.8882+/-0.1361, sa=1.0083+/-0.0126, amp=0.0000, suppress=0.0000, guide_abs=0.1681
up4 residuals: local_mean=7.302e-02, global_mean=0.0043, local_strength=0.1135, global_strength=0.1061, gain=[0.9904,1.0937], saturation=0.1071, text_film=0.0198
up4 haar: reconstruction_error=4.768e-07, skip_low/high=0.8238/0.1762, plam_low/high=1.0000/0.0000
up4 strengths: plam=0.9307, region=0.1135, detail=0.1061; residual_std region/detail/refine=0.3881/0.3873/0.3088
up4 guide_mix: entropy=0.9732, raw_low=0.2932, plam_low=0.2946, decoder_low=0.2723, detail=0.1400; agreement plam/decoder=0.6276/0.5349, support=0.7904+/-0.1149
up4 adaptive_frequency: ALPF strength=0.2396, weights=0.1685/0.6946/0.1369, sum=1.0000, entropy=0.7508, delta_std=0.0808; AHPF strength=0.0756, weights=0.3121/0.5184/0.1695, sum=1.0000, entropy=0.9125, residual_std=0.0962, scaled_std=0.0073
up3: ca=0.9898+/-0.2015, sa=1.0081+/-0.0066, amp=0.0000, suppress=0.0000, guide_abs=0.3128
up3 residuals: local_mean=2.772e-02, global_mean=0.0425, local_strength=0.1134, global_strength=0.1175, gain=[0.9702,1.0541], saturation=0.0000, text_film=0.0367
up3 haar: reconstruction_error=9.537e-07, skip_low/high=0.7943/0.2057, plam_low/high=1.0000/0.0000
up3 strengths: plam=0.9302, region=0.1134, detail=0.1175; residual_std region/detail/refine=0.3690/0.6111/0.5269
up3 guide_mix: entropy=0.9789, raw_low=0.3220, plam_low=0.2676, decoder_low=0.2515, detail=0.1588; agreement plam/decoder=0.6948/0.2216, support=0.7549+/-0.0668
up3 adaptive_frequency: ALPF strength=0.2738, weights=0.1160/0.3943/0.4897, sum=1.0000, entropy=0.7432, delta_std=0.0680; AHPF strength=0.1015, weights=0.6046/0.2400/0.1554, sum=1.0000, entropy=0.7495, residual_std=0.0952, scaled_std=0.0097
up2: ca=0.9067+/-0.1366, sa=1.0037+/-0.0036, amp=0.0000, suppress=0.0000, guide_abs=0.1795
up2 residuals: local_mean=2.897e-03, global_mean=0.0296, local_strength=0.1163, global_strength=0.1132, gain=[0.9641,1.0405], saturation=0.0000, text_film=0.0304
up2 haar: reconstruction_error=9.537e-07, skip_low/high=0.7920/0.2080, plam_low/high=1.0000/0.0000
up2 strengths: plam=0.8754, region=0.1163, detail=0.1132; residual_std region/detail/refine=0.2192/0.2992/0.1574
up2 guide_mix: entropy=0.9639, raw_low=0.3079, plam_low=0.2120, decoder_low=0.3371, detail=0.1429; agreement plam/decoder=0.7604/-0.1825, support=0.5663+/-0.0395
up1: ca=0.8286+/-0.1599, sa=1.0032+/-0.0134, amp=0.0000, suppress=0.0000, guide_abs=0.2556
up1 residuals: local_mean=1.519e-03, global_mean=0.0300, local_strength=0.1235, global_strength=0.1005, gain=[0.9031,1.0967], saturation=0.0206, text_film=0.0430
up1 haar: reconstruction_error=1.997e-06, skip_low/high=0.7267/0.2733, plam_low/high=1.0000/0.0000
up1 strengths: plam=0.9353, region=0.1235, detail=0.1005; residual_std region/detail/refine=0.4957/0.3751/0.1426
up1 guide_mix: entropy=0.9337, raw_low=0.2405, plam_low=0.2904, decoder_low=0.3733, detail=0.0959; agreement plam/decoder=0.2034/-0.2042, support=0.6845+/-0.1104

========= Epoch [29/80] =========
RS1_Test_session_09.11_04h18
Training with batch size : 16
   [Train] Epoch: [29][20/357]  Loss:0.170 (Avg 0.1607) IoU:0.699 (Avg 0.6999) Dice:0.8065 (Avg 0.8035) LR 2.17e-04   (AvgTime 0.6)   
   [Train] Epoch: [29][40/357]  Loss:0.143 (Avg 0.1655) IoU:0.722 (Avg 0.6914) Dice:0.8236 (Avg 0.7955) LR 2.17e-04   (AvgTime 0.6)   
   [Train] Epoch: [29][60/357]  Loss:0.154 (Avg 0.1673) IoU:0.703 (Avg 0.6884) Dice:0.8099 (Avg 0.7932) LR 2.17e-04   (AvgTime 0.6)   
   [Train] Epoch: [29][80/357]  Loss:0.124 (Avg 0.1658) IoU:0.753 (Avg 0.6902) Dice:0.8528 (Avg 0.7949) LR 2.17e-04   (AvgTime 0.6)   
   [Train] Epoch: [29][100/357]  Loss:0.188 (Avg 0.1656) IoU:0.626 (Avg 0.6908) Dice:0.7525 (Avg 0.7961) LR 2.17e-04   (AvgTime 0.6)   
   [Train] Epoch: [29][120/357]  Loss:0.131 (Avg 0.1643) IoU:0.757 (Avg 0.6938) Dice:0.8512 (Avg 0.7983) LR 2.17e-04   (AvgTime 0.6)   
   [Train] Epoch: [29][140/357]  Loss:0.200 (Avg 0.1638) IoU:0.604 (Avg 0.6941) Dice:0.7400 (Avg 0.7991) LR 2.17e-04   (AvgTime 0.6)   
   [Train] Epoch: [29][160/357]  Loss:0.122 (Avg 0.1622) IoU:0.759 (Avg 0.6963) Dice:0.8573 (Avg 0.8010) LR 2.17e-04   (AvgTime 0.6)   
   [Train] Epoch: [29][180/357]  Loss:0.123 (Avg 0.1614) IoU:0.768 (Avg 0.6979) Dice:0.8643 (Avg 0.8023) LR 2.17e-04   (AvgTime 0.6)   
   [Train] Epoch: [29][200/357]  Loss:0.225 (Avg 0.1622) IoU:0.611 (Avg 0.6970) Dice:0.6899 (Avg 0.8009) LR 2.17e-04   (AvgTime 0.6)   
   [Train] Epoch: [29][220/357]  Loss:0.149 (Avg 0.1616) IoU:0.730 (Avg 0.6979) Dice:0.8165 (Avg 0.8015) LR 2.17e-04   (AvgTime 0.6)   
   [Train] Epoch: [29][240/357]  Loss:0.208 (Avg 0.1611) IoU:0.615 (Avg 0.6989) Dice:0.7355 (Avg 0.8027) LR 2.17e-04   (AvgTime 0.6)   
   [Train] Epoch: [29][260/357]  Loss:0.127 (Avg 0.1612) IoU:0.760 (Avg 0.6988) Dice:0.8570 (Avg 0.8027) LR 2.17e-04   (AvgTime 0.6)   
   [Train] Epoch: [29][280/357]  Loss:0.120 (Avg 0.1614) IoU:0.767 (Avg 0.6984) Dice:0.8628 (Avg 0.8026) LR 2.17e-04   (AvgTime 0.6)   
   [Train] Epoch: [29][300/357]  Loss:0.117 (Avg 0.1606) IoU:0.770 (Avg 0.6997) Dice:0.8526 (Avg 0.8037) LR 2.17e-04   (AvgTime 0.6)   
   [Train] Epoch: [29][320/357]  Loss:0.133 (Avg 0.1606) IoU:0.758 (Avg 0.7004) Dice:0.8570 (Avg 0.8042) LR 2.17e-04   (AvgTime 0.6)   
   [Train] Epoch: [29][340/357]  Loss:0.164 (Avg 0.1609) IoU:0.715 (Avg 0.7004) Dice:0.7921 (Avg 0.8040) LR 2.17e-04   (AvgTime 0.6)   
   [Train] Epoch: [29][357/357]  Loss:0.126 (Avg 0.1611) IoU:0.761 (Avg 0.7006) Dice:0.8519 (Avg 0.8041) LR 2.17e-04   (AvgTime 0.6)   
   [Train] Loss components: main_dice=0.165911, main_focal=0.054967, main=0.110439, region_raw=0.395046, region_weighted=0.050689, empty_window_fraction=0.000000, total=0.161128
Validation
   [Val] Epoch: [29][20/90]  Loss:0.195 (Avg 0.1642) IoU:0.648 (Avg 0.7031) Dice:0.7698 (Avg 0.8110) (AvgTime 0.2)   
   [Val] Epoch: [29][40/90]  Loss:0.160 (Avg 0.1735) IoU:0.699 (Avg 0.6850) Dice:0.8101 (Avg 0.7942) (AvgTime 0.2)   
   [Val] Epoch: [29][60/90]  Loss:0.204 (Avg 0.1661) IoU:0.637 (Avg 0.6947) Dice:0.7507 (Avg 0.8008) (AvgTime 0.2)   
   [Val] Epoch: [29][80/90]  Loss:0.150 (Avg 0.1644) IoU:0.707 (Avg 0.6950) Dice:0.8149 (Avg 0.8014) (AvgTime 0.2)   
   [Val] Epoch: [29][90/90]  Loss:0.204 (Avg 0.1656) IoU:0.595 (Avg 0.6931) Dice:0.7287 (Avg 0.8001) (AvgTime 0.2)   
   [Val] Loss components: main_dice=0.171620, main_focal=0.050174, main=0.110897, region_raw=0.426412, region_weighted=0.054714, empty_window_fraction=0.000000, total=0.165611
	 No iou improvement; selected epoch 27
	 early_stopping_count: 2/80
--- Epoch History (1..29) ---
Epoch |  TrainLoss |  TrainDice |  TrainIoU |    ValLoss |    ValDice |    ValIoU |         LR | Best
    1 |     0.3274 |     0.6089 |    0.4797 |     0.3091 |     0.6203 |    0.4911 |   3.00e-04 |     
    2 |     0.2493 |     0.7003 |    0.5773 |     0.2277 |     0.7202 |    0.6053 |   3.00e-04 |     
    3 |     0.2258 |     0.7259 |    0.6062 |     0.2068 |     0.7560 |    0.6429 |   3.00e-04 |     
    4 |     0.2153 |     0.7383 |    0.6212 |     0.2013 |     0.7654 |    0.6509 |   2.99e-04 |     
    5 |     0.2041 |     0.7514 |    0.6359 |     0.1929 |     0.7592 |    0.6456 |   2.98e-04 |     
    6 |     0.2002 |     0.7575 |    0.6433 |     0.1994 |     0.7556 |    0.6374 |   2.97e-04 |     
    7 |     0.1959 |     0.7613 |    0.6476 |     0.1953 |     0.7677 |    0.6559 |   2.96e-04 |     
    8 |     0.1917 |     0.7652 |    0.6526 |     0.1819 |     0.7753 |    0.6638 |   2.94e-04 |     
    9 |     0.1890 |     0.7689 |    0.6569 |     0.1877 |     0.7648 |    0.6526 |   2.92e-04 |     
   10 |     0.1909 |     0.7674 |    0.6547 |     0.1967 |     0.7614 |    0.6474 |   2.91e-04 |     
   11 |     0.1850 |     0.7752 |    0.6643 |     0.1777 |     0.7851 |    0.6761 |   2.88e-04 |     
   12 |     0.1847 |     0.7750 |    0.6644 |     0.1820 |     0.7863 |    0.6777 |   2.86e-04 |     
   13 |     0.1819 |     0.7786 |    0.6681 |     0.1785 |     0.7822 |    0.6720 |   2.83e-04 |     
   14 |     0.1792 |     0.7815 |    0.6721 |     0.1710 |     0.7906 |    0.6822 |   2.80e-04 |     
   15 |     0.1799 |     0.7798 |    0.6700 |     0.1677 |     0.7939 |    0.6878 |   2.77e-04 |     
   16 |     0.1784 |     0.7828 |    0.6735 |     0.1778 |     0.7969 |    0.6907 |   2.74e-04 |     
   17 |     0.1800 |     0.7809 |    0.6717 |     0.1871 |     0.7775 |    0.6682 |   2.71e-04 |     
   18 |     0.1765 |     0.7859 |    0.6774 |     0.1763 |     0.7844 |    0.6744 |   2.67e-04 |     
   19 |     0.1725 |     0.7898 |    0.6825 |     0.1650 |     0.7980 |    0.6943 |   2.63e-04 |     
   20 |     0.1717 |     0.7911 |    0.6844 |     0.1718 |     0.7842 |    0.6753 |   2.59e-04 |     
   21 |     0.1702 |     0.7920 |    0.6849 |     0.1709 |     0.7905 |    0.6816 |   2.55e-04 |     
   22 |     0.1715 |     0.7907 |    0.6835 |     0.1778 |     0.7882 |    0.6809 |   2.51e-04 |     
   23 |     0.1702 |     0.7927 |    0.6865 |     0.1680 |     0.7894 |    0.6837 |   2.46e-04 |     
   24 |     0.1674 |     0.7964 |    0.6902 |     0.1675 |     0.8056 |    0.7029 |   2.42e-04 |     
   25 |     0.1664 |     0.7976 |    0.6919 |     0.1719 |     0.7939 |    0.6891 |   2.37e-04 |     
   26 |     0.1663 |     0.7975 |    0.6916 |     0.1635 |     0.7985 |    0.6924 |   2.32e-04 |     
   27 |     0.1632 |     0.8013 |    0.6966 |     0.1589 |     0.8088 |    0.7069 |   2.27e-04 |    *
   28 |     0.1623 |     0.8031 |    0.6989 |     0.1645 |     0.8009 |    0.6963 |   2.22e-04 |     
   29 |     0.1611 |     0.8041 |    0.7006 |     0.1656 |     0.8001 |    0.6931 |   2.17e-04 |     
--- R2 plus final-map regional overlap: global validation statistics ---
up4: ca=0.8894+/-0.1429, sa=1.0104+/-0.0131, amp=0.0000, suppress=0.0000, guide_abs=0.2065
up4 residuals: local_mean=7.657e-02, global_mean=0.0195, local_strength=0.1136, global_strength=0.1066, gain=[0.9902,1.0940], saturation=0.1327, text_film=0.0207
up4 haar: reconstruction_error=9.537e-07, skip_low/high=0.8293/0.1707, plam_low/high=1.0000/0.0000
up4 strengths: plam=0.9305, region=0.1136, detail=0.1066; residual_std region/detail/refine=0.4181/0.4102/0.3189
up4 guide_mix: entropy=0.9747, raw_low=0.3083, plam_low=0.2707, decoder_low=0.2769, detail=0.1441; agreement plam/decoder=0.5359/0.4460, support=0.7952+/-0.1111
up4 adaptive_frequency: ALPF strength=0.2408, weights=0.1688/0.6952/0.1360, sum=1.0000, entropy=0.7495, delta_std=0.0877; AHPF strength=0.0755, weights=0.3091/0.5213/0.1695, sum=1.0000, entropy=0.9107, residual_std=0.1039, scaled_std=0.0078
up3: ca=0.9924+/-0.1891, sa=1.0090+/-0.0069, amp=0.0000, suppress=0.0000, guide_abs=0.3425
up3 residuals: local_mean=3.338e-02, global_mean=0.0444, local_strength=0.1134, global_strength=0.1179, gain=[0.9798,1.0479], saturation=0.0000, text_film=0.0280
up3 haar: reconstruction_error=9.537e-07, skip_low/high=0.8043/0.1957, plam_low/high=1.0000/0.0000
up3 strengths: plam=0.9288, region=0.1134, detail=0.1179; residual_std region/detail/refine=0.3797/0.6194/0.5378
up3 guide_mix: entropy=0.9760, raw_low=0.3381, plam_low=0.2607, decoder_low=0.2420, detail=0.1592; agreement plam/decoder=0.6674/0.2285, support=0.7791+/-0.0607
up3 adaptive_frequency: ALPF strength=0.2758, weights=0.1774/0.5914/0.2312, sum=1.0000, entropy=0.8362, delta_std=0.0641; AHPF strength=0.1022, weights=0.3984/0.3552/0.2464, sum=1.0000, entropy=0.9474, residual_std=0.1307, scaled_std=0.0134
up2: ca=0.8923+/-0.1333, sa=1.0040+/-0.0030, amp=0.0000, suppress=0.0000, guide_abs=0.1831
up2 residuals: local_mean=3.617e-03, global_mean=0.0318, local_strength=0.1166, global_strength=0.1133, gain=[0.9710,1.0354], saturation=0.0000, text_film=0.0277
up2 haar: reconstruction_error=9.537e-07, skip_low/high=0.8044/0.1956, plam_low/high=1.0000/0.0000
up2 strengths: plam=0.8735, region=0.1166, detail=0.1133; residual_std region/detail/refine=0.2149/0.2739/0.1548
up2 guide_mix: entropy=0.9627, raw_low=0.3027, plam_low=0.2304, decoder_low=0.3337, detail=0.1331; agreement plam/decoder=0.7828/0.0469, support=0.5653+/-0.0323
up1: ca=0.8146+/-0.1526, sa=1.0033+/-0.0134, amp=0.0000, suppress=0.0000, guide_abs=0.2700
up1 residuals: local_mean=1.360e-03, global_mean=0.0308, local_strength=0.1238, global_strength=0.1006, gain=[0.9030,1.0966], saturation=0.0347, text_film=0.0452
up1 haar: reconstruction_error=1.907e-06, skip_low/high=0.7384/0.2616, plam_low/high=1.0000/0.0000
up1 strengths: plam=0.9341, region=0.1238, detail=0.1006; residual_std region/detail/refine=0.5211/0.3725/0.1482
up1 guide_mix: entropy=0.9436, raw_low=0.2640, plam_low=0.2953, decoder_low=0.3414, detail=0.0993; agreement plam/decoder=0.3102/-0.2197, support=0.7032+/-0.1151

========= Epoch [30/80] =========
RS1_Test_session_09.11_04h18
Training with batch size : 16
   [Train] Epoch: [30][20/357]  Loss:0.139 (Avg 0.1744) IoU:0.758 (Avg 0.6832) Dice:0.8538 (Avg 0.7928) LR 2.11e-04   (AvgTime 0.5)   
   [Train] Epoch: [30][40/357]  Loss:0.163 (Avg 0.1688) IoU:0.697 (Avg 0.6916) Dice:0.8023 (Avg 0.7996) LR 2.11e-04   (AvgTime 0.5)   
   [Train] Epoch: [30][60/357]  Loss:0.142 (Avg 0.1675) IoU:0.715 (Avg 0.6926) Dice:0.8163 (Avg 0.7987) LR 2.11e-04   (AvgTime 0.5)   
   [Train] Epoch: [30][80/357]  Loss:0.177 (Avg 0.1669) IoU:0.721 (Avg 0.6928) Dice:0.8019 (Avg 0.7994) LR 2.11e-04   (AvgTime 0.5)   
   [Train] Epoch: [30][100/357]  Loss:0.193 (Avg 0.1686) IoU:0.683 (Avg 0.6895) Dice:0.7678 (Avg 0.7965) LR 2.11e-04   (AvgTime 0.5)   
   [Train] Epoch: [30][120/357]  Loss:0.129 (Avg 0.1672) IoU:0.738 (Avg 0.6918) Dice:0.8424 (Avg 0.7981) LR 2.11e-04   (AvgTime 0.5)   
   [Train] Epoch: [30][140/357]  Loss:0.146 (Avg 0.1651) IoU:0.723 (Avg 0.6955) Dice:0.8250 (Avg 0.8010) LR 2.11e-04   (AvgTime 0.5)   
   [Train] Epoch: [30][160/357]  Loss:0.161 (Avg 0.1652) IoU:0.697 (Avg 0.6951) Dice:0.8085 (Avg 0.8006) LR 2.11e-04   (AvgTime 0.5)   
   [Train] Epoch: [30][180/357]  Loss:0.158 (Avg 0.1646) IoU:0.706 (Avg 0.6957) Dice:0.7945 (Avg 0.8009) LR 2.11e-04   (AvgTime 0.5)   
   [Train] Epoch: [30][200/357]  Loss:0.170 (Avg 0.1639) IoU:0.677 (Avg 0.6963) Dice:0.7894 (Avg 0.8012) LR 2.11e-04   (AvgTime 0.5)   
   [Train] Epoch: [30][220/357]  Loss:0.169 (Avg 0.1638) IoU:0.719 (Avg 0.6960) Dice:0.8257 (Avg 0.8011) LR 2.11e-04   (AvgTime 0.5)   
   [Train] Epoch: [30][240/357]  Loss:0.166 (Avg 0.1630) IoU:0.666 (Avg 0.6973) Dice:0.7864 (Avg 0.8022) LR 2.11e-04   (AvgTime 0.5)   
   [Train] Epoch: [30][260/357]  Loss:0.200 (Avg 0.1633) IoU:0.632 (Avg 0.6970) Dice:0.7458 (Avg 0.8018) LR 2.11e-04   (AvgTime 0.5)   
   [Train] Epoch: [30][280/357]  Loss:0.170 (Avg 0.1634) IoU:0.689 (Avg 0.6969) Dice:0.7976 (Avg 0.8016) LR 2.11e-04   (AvgTime 0.5)   
   [Train] Epoch: [30][300/357]  Loss:0.143 (Avg 0.1627) IoU:0.734 (Avg 0.6979) Dice:0.8223 (Avg 0.8025) LR 2.11e-04   (AvgTime 0.5)   
   [Train] Epoch: [30][320/357]  Loss:0.096 (Avg 0.1616) IoU:0.819 (Avg 0.6998) Dice:0.8965 (Avg 0.8038) LR 2.11e-04   (AvgTime 0.5)   
   [Train] Epoch: [30][340/357]  Loss:0.163 (Avg 0.1616) IoU:0.685 (Avg 0.7003) Dice:0.7998 (Avg 0.8042) LR 2.11e-04   (AvgTime 0.5)   
   [Train] Epoch: [30][357/357]  Loss:0.158 (Avg 0.1618) IoU:0.675 (Avg 0.6998) Dice:0.7966 (Avg 0.8040) LR 2.11e-04   (AvgTime 0.5)   
   [Train] Loss components: main_dice=0.165800, main_focal=0.055873, main=0.110837, region_raw=0.396935, region_weighted=0.050932, empty_window_fraction=0.000000, total=0.161768
Validation
   [Val] Epoch: [30][20/90]  Loss:0.201 (Avg 0.1625) IoU:0.658 (Avg 0.7133) Dice:0.7756 (Avg 0.8173) (AvgTime 0.2)   
   [Val] Epoch: [30][40/90]  Loss:0.145 (Avg 0.1712) IoU:0.723 (Avg 0.6962) Dice:0.8279 (Avg 0.8006) (AvgTime 0.2)   
   [Val] Epoch: [30][60/90]  Loss:0.189 (Avg 0.1606) IoU:0.663 (Avg 0.7091) Dice:0.7620 (Avg 0.8095) (AvgTime 0.2)   
   [Val] Epoch: [30][80/90]  Loss:0.149 (Avg 0.1589) IoU:0.702 (Avg 0.7081) Dice:0.8092 (Avg 0.8091) (AvgTime 0.2)   
   [Val] Epoch: [30][90/90]  Loss:0.190 (Avg 0.1588) IoU:0.614 (Avg 0.7079) Dice:0.7462 (Avg 0.8091) (AvgTime 0.2)   
   [Val] Loss components: main_dice=0.162477, main_focal=0.055266, main=0.108872, region_raw=0.389429, region_weighted=0.049968, empty_window_fraction=0.000000, total=0.158840
	 Saving best model by iou: 0.707938
	 Saving to Covid19/BetterLViT/rs1_global_iou/RS1_Test_session_09.11_04h18/models//best_model-BetterLViT.pth.tar
	 early_stopping_count: 0/80
--- Epoch History (1..30) ---
Epoch |  TrainLoss |  TrainDice |  TrainIoU |    ValLoss |    ValDice |    ValIoU |         LR | Best
    1 |     0.3274 |     0.6089 |    0.4797 |     0.3091 |     0.6203 |    0.4911 |   3.00e-04 |     
    2 |     0.2493 |     0.7003 |    0.5773 |     0.2277 |     0.7202 |    0.6053 |   3.00e-04 |     
    3 |     0.2258 |     0.7259 |    0.6062 |     0.2068 |     0.7560 |    0.6429 |   3.00e-04 |     
    4 |     0.2153 |     0.7383 |    0.6212 |     0.2013 |     0.7654 |    0.6509 |   2.99e-04 |     
    5 |     0.2041 |     0.7514 |    0.6359 |     0.1929 |     0.7592 |    0.6456 |   2.98e-04 |     
    6 |     0.2002 |     0.7575 |    0.6433 |     0.1994 |     0.7556 |    0.6374 |   2.97e-04 |     
    7 |     0.1959 |     0.7613 |    0.6476 |     0.1953 |     0.7677 |    0.6559 |   2.96e-04 |     
    8 |     0.1917 |     0.7652 |    0.6526 |     0.1819 |     0.7753 |    0.6638 |   2.94e-04 |     
    9 |     0.1890 |     0.7689 |    0.6569 |     0.1877 |     0.7648 |    0.6526 |   2.92e-04 |     
   10 |     0.1909 |     0.7674 |    0.6547 |     0.1967 |     0.7614 |    0.6474 |   2.91e-04 |     
   11 |     0.1850 |     0.7752 |    0.6643 |     0.1777 |     0.7851 |    0.6761 |   2.88e-04 |     
   12 |     0.1847 |     0.7750 |    0.6644 |     0.1820 |     0.7863 |    0.6777 |   2.86e-04 |     
   13 |     0.1819 |     0.7786 |    0.6681 |     0.1785 |     0.7822 |    0.6720 |   2.83e-04 |     
   14 |     0.1792 |     0.7815 |    0.6721 |     0.1710 |     0.7906 |    0.6822 |   2.80e-04 |     
   15 |     0.1799 |     0.7798 |    0.6700 |     0.1677 |     0.7939 |    0.6878 |   2.77e-04 |     
   16 |     0.1784 |     0.7828 |    0.6735 |     0.1778 |     0.7969 |    0.6907 |   2.74e-04 |     
   17 |     0.1800 |     0.7809 |    0.6717 |     0.1871 |     0.7775 |    0.6682 |   2.71e-04 |     
   18 |     0.1765 |     0.7859 |    0.6774 |     0.1763 |     0.7844 |    0.6744 |   2.67e-04 |     
   19 |     0.1725 |     0.7898 |    0.6825 |     0.1650 |     0.7980 |    0.6943 |   2.63e-04 |     
   20 |     0.1717 |     0.7911 |    0.6844 |     0.1718 |     0.7842 |    0.6753 |   2.59e-04 |     
   21 |     0.1702 |     0.7920 |    0.6849 |     0.1709 |     0.7905 |    0.6816 |   2.55e-04 |     
   22 |     0.1715 |     0.7907 |    0.6835 |     0.1778 |     0.7882 |    0.6809 |   2.51e-04 |     
   23 |     0.1702 |     0.7927 |    0.6865 |     0.1680 |     0.7894 |    0.6837 |   2.46e-04 |     
   24 |     0.1674 |     0.7964 |    0.6902 |     0.1675 |     0.8056 |    0.7029 |   2.42e-04 |     
   25 |     0.1664 |     0.7976 |    0.6919 |     0.1719 |     0.7939 |    0.6891 |   2.37e-04 |     
   26 |     0.1663 |     0.7975 |    0.6916 |     0.1635 |     0.7985 |    0.6924 |   2.32e-04 |     
   27 |     0.1632 |     0.8013 |    0.6966 |     0.1589 |     0.8088 |    0.7069 |   2.27e-04 |     
   28 |     0.1623 |     0.8031 |    0.6989 |     0.1645 |     0.8009 |    0.6963 |   2.22e-04 |     
   29 |     0.1611 |     0.8041 |    0.7006 |     0.1656 |     0.8001 |    0.6931 |   2.17e-04 |     
   30 |     0.1618 |     0.8040 |    0.6998 |     0.1588 |     0.8091 |    0.7079 |   2.11e-04 |    *
--- R2 plus final-map regional overlap: global validation statistics ---
up4: ca=0.8907+/-0.1306, sa=1.0088+/-0.0121, amp=0.0000, suppress=0.0000, guide_abs=0.1927
up4 residuals: local_mean=6.895e-02, global_mean=0.0123, local_strength=0.1139, global_strength=0.1072, gain=[0.9895,1.0952], saturation=0.0633, text_film=0.0240
up4 haar: reconstruction_error=4.768e-07, skip_low/high=0.8306/0.1694, plam_low/high=1.0000/0.0000
up4 strengths: plam=0.9286, region=0.1139, detail=0.1072; residual_std region/detail/refine=0.3953/0.3995/0.3302
up4 guide_mix: entropy=0.9701, raw_low=0.2897, plam_low=0.3105, decoder_low=0.2639, detail=0.1358; agreement plam/decoder=0.5982/0.5904, support=0.7190+/-0.1274
up4 adaptive_frequency: ALPF strength=0.2417, weights=0.1660/0.6952/0.1388, sum=1.0000, entropy=0.7502, delta_std=0.0837; AHPF strength=0.0755, weights=0.3179/0.5175/0.1646, sum=1.0000, entropy=0.9092, residual_std=0.0954, scaled_std=0.0072
up3: ca=0.9874+/-0.1930, sa=1.0090+/-0.0063, amp=0.0000, suppress=0.0000, guide_abs=0.3266
up3 residuals: local_mean=3.244e-02, global_mean=0.0452, local_strength=0.1134, global_strength=0.1181, gain=[0.9809,1.0417], saturation=0.0000, text_film=0.0258
up3 haar: reconstruction_error=9.537e-07, skip_low/high=0.8035/0.1965, plam_low/high=1.0000/0.0000
up3 strengths: plam=0.9270, region=0.1134, detail=0.1181; residual_std region/detail/refine=0.3423/0.6147/0.5381
up3 guide_mix: entropy=0.9772, raw_low=0.3302, plam_low=0.2593, decoder_low=0.2531, detail=0.1575; agreement plam/decoder=0.6990/0.1899, support=0.7577+/-0.0626
up3 adaptive_frequency: ALPF strength=0.2774, weights=0.0923/0.3709/0.5368, sum=1.0000, entropy=0.7661, delta_std=0.0750; AHPF strength=0.1030, weights=0.7091/0.1603/0.1306, sum=1.0000, entropy=0.6387, residual_std=0.0760, scaled_std=0.0078
up2: ca=0.9040+/-0.1374, sa=1.0043+/-0.0032, amp=0.0000, suppress=0.0000, guide_abs=0.1908
up2 residuals: local_mean=3.129e-03, global_mean=0.0346, local_strength=0.1169, global_strength=0.1137, gain=[0.9680,1.0373], saturation=0.0001, text_film=0.0291
up2 haar: reconstruction_error=9.537e-07, skip_low/high=0.7924/0.2076, plam_low/high=1.0000/0.0000
up2 strengths: plam=0.8704, region=0.1169, detail=0.1137; residual_std region/detail/refine=0.2310/0.2948/0.1695
up2 guide_mix: entropy=0.9652, raw_low=0.3016, plam_low=0.2221, decoder_low=0.3357, detail=0.1407; agreement plam/decoder=0.7167/-0.1147, support=0.5717+/-0.0444
up1: ca=0.8211+/-0.1551, sa=1.0033+/-0.0137, amp=0.0000, suppress=0.0000, guide_abs=0.2596
up1 residuals: local_mean=5.070e-04, global_mean=0.0319, local_strength=0.1240, global_strength=0.1005, gain=[0.9024,1.0973], saturation=0.0394, text_film=0.0443
up1 haar: reconstruction_error=2.328e-06, skip_low/high=0.7236/0.2764, plam_low/high=1.0000/0.0000
up1 strengths: plam=0.9333, region=0.1240, detail=0.1005; residual_std region/detail/refine=0.5594/0.3870/0.1481
up1 guide_mix: entropy=0.9411, raw_low=0.2405, plam_low=0.3158, decoder_low=0.3432, detail=0.1005; agreement plam/decoder=0.2644/-0.0673, support=0.6928+/-0.1205

========= Epoch [31/80] =========
RS1_Test_session_09.11_04h18
Training with batch size : 16
   [Train] Epoch: [31][20/357]  Loss:0.158 (Avg 0.1554) IoU:0.703 (Avg 0.7087) Dice:0.7971 (Avg 0.8099) LR 2.06e-04   (AvgTime 0.6)   
   [Train] Epoch: [31][40/357]  Loss:0.167 (Avg 0.1598) IoU:0.706 (Avg 0.7018) Dice:0.7971 (Avg 0.8055) LR 2.06e-04   (AvgTime 0.6)   
   [Train] Epoch: [31][60/357]  Loss:0.152 (Avg 0.1560) IoU:0.748 (Avg 0.7087) Dice:0.8388 (Avg 0.8112) LR 2.06e-04   (AvgTime 0.6)   
   [Train] Epoch: [31][80/357]  Loss:0.178 (Avg 0.1582) IoU:0.656 (Avg 0.7038) Dice:0.7658 (Avg 0.8069) LR 2.06e-04   (AvgTime 0.6)   
   [Train] Epoch: [31][100/357]  Loss:0.175 (Avg 0.1585) IoU:0.638 (Avg 0.7031) Dice:0.7720 (Avg 0.8063) LR 2.06e-04   (AvgTime 0.6)   
   [Train] Epoch: [31][120/357]  Loss:0.147 (Avg 0.1582) IoU:0.712 (Avg 0.7030) Dice:0.8221 (Avg 0.8067) LR 2.06e-04   (AvgTime 0.6)   
   [Train] Epoch: [31][140/357]  Loss:0.118 (Avg 0.1566) IoU:0.775 (Avg 0.7058) Dice:0.8637 (Avg 0.8089) LR 2.06e-04   (AvgTime 0.6)   
   [Train] Epoch: [31][160/357]  Loss:0.176 (Avg 0.1591) IoU:0.656 (Avg 0.7017) Dice:0.7578 (Avg 0.8054) LR 2.06e-04   (AvgTime 0.6)   
   [Train] Epoch: [31][180/357]  Loss:0.185 (Avg 0.1584) IoU:0.658 (Avg 0.7032) Dice:0.7752 (Avg 0.8067) LR 2.06e-04   (AvgTime 0.6)   
   [Train] Epoch: [31][200/357]  Loss:0.132 (Avg 0.1588) IoU:0.743 (Avg 0.7027) Dice:0.8420 (Avg 0.8065) LR 2.06e-04   (AvgTime 0.6)   
   [Train] Epoch: [31][220/357]  Loss:0.126 (Avg 0.1581) IoU:0.751 (Avg 0.7039) Dice:0.8460 (Avg 0.8074) LR 2.06e-04   (AvgTime 0.6)   
   [Train] Epoch: [31][240/357]  Loss:0.172 (Avg 0.1591) IoU:0.716 (Avg 0.7026) Dice:0.8241 (Avg 0.8064) LR 2.06e-04   (AvgTime 0.6)   
   [Train] Epoch: [31][260/357]  Loss:0.186 (Avg 0.1593) IoU:0.663 (Avg 0.7024) Dice:0.7663 (Avg 0.8062) LR 2.06e-04   (AvgTime 0.6)   
   [Train] Epoch: [31][280/357]  Loss:0.174 (Avg 0.1598) IoU:0.655 (Avg 0.7018) Dice:0.7777 (Avg 0.8057) LR 2.06e-04   (AvgTime 0.6)   
   [Train] Epoch: [31][300/357]  Loss:0.163 (Avg 0.1600) IoU:0.690 (Avg 0.7016) Dice:0.7909 (Avg 0.8054) LR 2.06e-04   (AvgTime 0.6)   
   [Train] Epoch: [31][320/357]  Loss:0.125 (Avg 0.1598) IoU:0.789 (Avg 0.7023) Dice:0.8768 (Avg 0.8060) LR 2.06e-04   (AvgTime 0.6)   
   [Train] Epoch: [31][340/357]  Loss:0.105 (Avg 0.1594) IoU:0.783 (Avg 0.7029) Dice:0.8744 (Avg 0.8063) LR 2.06e-04   (AvgTime 0.6)   
   [Train] Epoch: [31][357/357]  Loss:0.125 (Avg 0.1594) IoU:0.762 (Avg 0.7029) Dice:0.8596 (Avg 0.8063) LR 2.06e-04   (AvgTime 0.6)   
   [Train] Loss components: main_dice=0.163543, main_focal=0.054687, main=0.109115, region_raw=0.391748, region_weighted=0.050266, empty_window_fraction=0.000000, total=0.159381
Validation
   [Val] Epoch: [31][20/90]  Loss:0.214 (Avg 0.1807) IoU:0.649 (Avg 0.7058) Dice:0.7676 (Avg 0.8123) (AvgTime 0.2)   
   [Val] Epoch: [31][40/90]  Loss:0.152 (Avg 0.1864) IoU:0.714 (Avg 0.6901) Dice:0.8204 (Avg 0.7967) (AvgTime 0.2)   
   [Val] Epoch: [31][60/90]  Loss:0.197 (Avg 0.1739) IoU:0.662 (Avg 0.7023) Dice:0.7644 (Avg 0.8052) (AvgTime 0.2)   
   [Val] Epoch: [31][80/90]  Loss:0.154 (Avg 0.1736) IoU:0.701 (Avg 0.7003) Dice:0.8101 (Avg 0.8043) (AvgTime 0.2)   
   [Val] Epoch: [31][90/90]  Loss:0.223 (Avg 0.1735) IoU:0.572 (Avg 0.6998) Dice:0.7031 (Avg 0.8039) (AvgTime 0.2)   
   [Val] Loss components: main_dice=0.166607, main_focal=0.079698, main=0.123152, region_raw=0.392057, region_weighted=0.050306, empty_window_fraction=0.000000, total=0.173458
	 No iou improvement; selected epoch 30
	 early_stopping_count: 1/80
--- Epoch History (1..31) ---
Epoch |  TrainLoss |  TrainDice |  TrainIoU |    ValLoss |    ValDice |    ValIoU |         LR | Best
    1 |     0.3274 |     0.6089 |    0.4797 |     0.3091 |     0.6203 |    0.4911 |   3.00e-04 |     
    2 |     0.2493 |     0.7003 |    0.5773 |     0.2277 |     0.7202 |    0.6053 |   3.00e-04 |     
    3 |     0.2258 |     0.7259 |    0.6062 |     0.2068 |     0.7560 |    0.6429 |   3.00e-04 |     
    4 |     0.2153 |     0.7383 |    0.6212 |     0.2013 |     0.7654 |    0.6509 |   2.99e-04 |     
    5 |     0.2041 |     0.7514 |    0.6359 |     0.1929 |     0.7592 |    0.6456 |   2.98e-04 |     
    6 |     0.2002 |     0.7575 |    0.6433 |     0.1994 |     0.7556 |    0.6374 |   2.97e-04 |     
    7 |     0.1959 |     0.7613 |    0.6476 |     0.1953 |     0.7677 |    0.6559 |   2.96e-04 |     
    8 |     0.1917 |     0.7652 |    0.6526 |     0.1819 |     0.7753 |    0.6638 |   2.94e-04 |     
    9 |     0.1890 |     0.7689 |    0.6569 |     0.1877 |     0.7648 |    0.6526 |   2.92e-04 |     
   10 |     0.1909 |     0.7674 |    0.6547 |     0.1967 |     0.7614 |    0.6474 |   2.91e-04 |     
   11 |     0.1850 |     0.7752 |    0.6643 |     0.1777 |     0.7851 |    0.6761 |   2.88e-04 |     
   12 |     0.1847 |     0.7750 |    0.6644 |     0.1820 |     0.7863 |    0.6777 |   2.86e-04 |     
   13 |     0.1819 |     0.7786 |    0.6681 |     0.1785 |     0.7822 |    0.6720 |   2.83e-04 |     
   14 |     0.1792 |     0.7815 |    0.6721 |     0.1710 |     0.7906 |    0.6822 |   2.80e-04 |     
   15 |     0.1799 |     0.7798 |    0.6700 |     0.1677 |     0.7939 |    0.6878 |   2.77e-04 |     
   16 |     0.1784 |     0.7828 |    0.6735 |     0.1778 |     0.7969 |    0.6907 |   2.74e-04 |     
   17 |     0.1800 |     0.7809 |    0.6717 |     0.1871 |     0.7775 |    0.6682 |   2.71e-04 |     
   18 |     0.1765 |     0.7859 |    0.6774 |     0.1763 |     0.7844 |    0.6744 |   2.67e-04 |     
   19 |     0.1725 |     0.7898 |    0.6825 |     0.1650 |     0.7980 |    0.6943 |   2.63e-04 |     
   20 |     0.1717 |     0.7911 |    0.6844 |     0.1718 |     0.7842 |    0.6753 |   2.59e-04 |     
   21 |     0.1702 |     0.7920 |    0.6849 |     0.1709 |     0.7905 |    0.6816 |   2.55e-04 |     
   22 |     0.1715 |     0.7907 |    0.6835 |     0.1778 |     0.7882 |    0.6809 |   2.51e-04 |     
   23 |     0.1702 |     0.7927 |    0.6865 |     0.1680 |     0.7894 |    0.6837 |   2.46e-04 |     
   24 |     0.1674 |     0.7964 |    0.6902 |     0.1675 |     0.8056 |    0.7029 |   2.42e-04 |     
   25 |     0.1664 |     0.7976 |    0.6919 |     0.1719 |     0.7939 |    0.6891 |   2.37e-04 |     
   26 |     0.1663 |     0.7975 |    0.6916 |     0.1635 |     0.7985 |    0.6924 |   2.32e-04 |     
   27 |     0.1632 |     0.8013 |    0.6966 |     0.1589 |     0.8088 |    0.7069 |   2.27e-04 |     
   28 |     0.1623 |     0.8031 |    0.6989 |     0.1645 |     0.8009 |    0.6963 |   2.22e-04 |     
   29 |     0.1611 |     0.8041 |    0.7006 |     0.1656 |     0.8001 |    0.6931 |   2.17e-04 |     
   30 |     0.1618 |     0.8040 |    0.6998 |     0.1588 |     0.8091 |    0.7079 |   2.11e-04 |    *
   31 |     0.1594 |     0.8063 |    0.7029 |     0.1735 |     0.8039 |    0.6998 |   2.06e-04 |     
--- R2 plus final-map regional overlap: global validation statistics ---
up4: ca=0.8957+/-0.1287, sa=1.0101+/-0.0117, amp=0.0000, suppress=0.0000, guide_abs=0.1798
up4 residuals: local_mean=7.248e-02, global_mean=0.0195, local_strength=0.1142, global_strength=0.1073, gain=[0.9894,1.0968], saturation=0.1041, text_film=0.0233
up4 haar: reconstruction_error=9.537e-07, skip_low/high=0.8234/0.1766, plam_low/high=1.0000/0.0000
up4 strengths: plam=0.9274, region=0.1142, detail=0.1073; residual_std region/detail/refine=0.3800/0.3962/0.3210
up4 guide_mix: entropy=0.9755, raw_low=0.3045, plam_low=0.2679, decoder_low=0.2823, detail=0.1454; agreement plam/decoder=0.5245/0.5845, support=0.7597+/-0.1171
up4 adaptive_frequency: ALPF strength=0.2421, weights=0.1569/0.7067/0.1364, sum=1.0000, entropy=0.7344, delta_std=0.0825; AHPF strength=0.0753, weights=0.3168/0.5185/0.1647, sum=1.0000, entropy=0.9072, residual_std=0.0966, scaled_std=0.0073
up3: ca=0.9672+/-0.1962, sa=1.0082+/-0.0058, amp=0.0000, suppress=0.0000, guide_abs=0.3266
up3 residuals: local_mean=2.993e-02, global_mean=0.0405, local_strength=0.1136, global_strength=0.1182, gain=[0.9792,1.0406], saturation=0.0000, text_film=0.0351
up3 haar: reconstruction_error=9.537e-07, skip_low/high=0.8013/0.1987, plam_low/high=1.0000/0.0000
up3 strengths: plam=0.9258, region=0.1136, detail=0.1182; residual_std region/detail/refine=0.3513/0.5737/0.4951
up3 guide_mix: entropy=0.9767, raw_low=0.3317, plam_low=0.2527, decoder_low=0.2587, detail=0.1569; agreement plam/decoder=0.7148/0.2010, support=0.7654+/-0.0561
up3 adaptive_frequency: ALPF strength=0.2787, weights=0.1162/0.3841/0.4997, sum=1.0000, entropy=0.7470, delta_std=0.0675; AHPF strength=0.1036, weights=0.6559/0.2055/0.1386, sum=1.0000, entropy=0.6844, residual_std=0.0792, scaled_std=0.0082
up2: ca=0.8923+/-0.1337, sa=1.0042+/-0.0032, amp=0.0000, suppress=0.0000, guide_abs=0.1838
up2 residuals: local_mean=2.895e-03, global_mean=0.0343, local_strength=0.1169, global_strength=0.1139, gain=[0.9669,1.0429], saturation=0.0000, text_film=0.0317
up2 haar: reconstruction_error=9.537e-07, skip_low/high=0.8082/0.1918, plam_low/high=1.0000/0.0000
up2 strengths: plam=0.8688, region=0.1169, detail=0.1139; residual_std region/detail/refine=0.2158/0.2705/0.1629
up2 guide_mix: entropy=0.9504, raw_low=0.2957, plam_low=0.2012, decoder_low=0.3716, detail=0.1314; agreement plam/decoder=0.6281/-0.2381, support=0.5666+/-0.0389
up1: ca=0.8314+/-0.1544, sa=1.0033+/-0.0134, amp=0.0000, suppress=0.0000, guide_abs=0.2875
up1 residuals: local_mean=-3.802e-04, global_mean=0.0330, local_strength=0.1243, global_strength=0.1005, gain=[0.9031,1.0966], saturation=0.0547, text_film=0.0408
up1 haar: reconstruction_error=2.801e-06, skip_low/high=0.7667/0.2333, plam_low/high=1.0000/0.0000
up1 strengths: plam=0.9325, region=0.1243, detail=0.1005; residual_std region/detail/refine=0.6201/0.3896/0.1523
up1 guide_mix: entropy=0.9500, raw_low=0.3406, plam_low=0.2481, decoder_low=0.3013, detail=0.1100; agreement plam/decoder=0.3781/0.0687, support=0.7009+/-0.1251

========= Epoch [32/80] =========
RS1_Test_session_09.11_04h18
Training with batch size : 16
   [Train] Epoch: [32][20/357]  Loss:0.181 (Avg 0.1480) IoU:0.648 (Avg 0.7193) Dice:0.7552 (Avg 0.8201) LR 2.00e-04   (AvgTime 0.6)   
   [Train] Epoch: [32][40/357]  Loss:0.173 (Avg 0.1526) IoU:0.687 (Avg 0.7123) Dice:0.7796 (Avg 0.8145) LR 2.00e-04   (AvgTime 0.6)   
   [Train] Epoch: [32][60/357]  Loss:0.160 (Avg 0.1517) IoU:0.684 (Avg 0.7139) Dice:0.7988 (Avg 0.8159) LR 2.00e-04   (AvgTime 0.6)   
   [Train] Epoch: [32][80/357]  Loss:0.147 (Avg 0.1525) IoU:0.722 (Avg 0.7131) Dice:0.8148 (Avg 0.8153) LR 2.00e-04   (AvgTime 0.6)   
   [Train] Epoch: [32][100/357]  Loss:0.181 (Avg 0.1545) IoU:0.667 (Avg 0.7095) Dice:0.7958 (Avg 0.8127) LR 2.00e-04   (AvgTime 0.6)   
   [Train] Epoch: [32][120/357]  Loss:0.143 (Avg 0.1570) IoU:0.722 (Avg 0.7059) Dice:0.8256 (Avg 0.8098) LR 2.00e-04   (AvgTime 0.5)   
   [Train] Epoch: [32][140/357]  Loss:0.117 (Avg 0.1558) IoU:0.756 (Avg 0.7079) Dice:0.8512 (Avg 0.8116) LR 2.00e-04   (AvgTime 0.5)   
   [Train] Epoch: [32][160/357]  Loss:0.119 (Avg 0.1570) IoU:0.781 (Avg 0.7060) Dice:0.8696 (Avg 0.8098) LR 2.00e-04   (AvgTime 0.5)   
   [Train] Epoch: [32][180/357]  Loss:0.181 (Avg 0.1576) IoU:0.666 (Avg 0.7046) Dice:0.7630 (Avg 0.8084) LR 2.00e-04   (AvgTime 0.5)   
   [Train] Epoch: [32][200/357]  Loss:0.116 (Avg 0.1573) IoU:0.781 (Avg 0.7047) Dice:0.8737 (Avg 0.8083) LR 2.00e-04   (AvgTime 0.5)   
   [Train] Epoch: [32][220/357]  Loss:0.197 (Avg 0.1575) IoU:0.654 (Avg 0.7049) Dice:0.7740 (Avg 0.8084) LR 2.00e-04   (AvgTime 0.5)   
   [Train] Epoch: [32][240/357]  Loss:0.210 (Avg 0.1580) IoU:0.637 (Avg 0.7043) Dice:0.7469 (Avg 0.8079) LR 2.00e-04   (AvgTime 0.5)   
   [Train] Epoch: [32][260/357]  Loss:0.135 (Avg 0.1576) IoU:0.736 (Avg 0.7053) Dice:0.8371 (Avg 0.8087) LR 2.00e-04   (AvgTime 0.5)   
   [Train] Epoch: [32][280/357]  Loss:0.122 (Avg 0.1571) IoU:0.769 (Avg 0.7066) Dice:0.8491 (Avg 0.8097) LR 2.00e-04   (AvgTime 0.5)   
   [Train] Epoch: [32][300/357]  Loss:0.118 (Avg 0.1577) IoU:0.772 (Avg 0.7055) Dice:0.8670 (Avg 0.8089) LR 2.00e-04   (AvgTime 0.5)   
   [Train] Epoch: [32][320/357]  Loss:0.143 (Avg 0.1580) IoU:0.733 (Avg 0.7053) Dice:0.8362 (Avg 0.8087) LR 2.00e-04   (AvgTime 0.5)   
   [Train] Epoch: [32][340/357]  Loss:0.132 (Avg 0.1576) IoU:0.773 (Avg 0.7056) Dice:0.8676 (Avg 0.8091) LR 2.00e-04   (AvgTime 0.5)   
   [Train] Epoch: [32][357/357]  Loss:0.140 (Avg 0.1576) IoU:0.738 (Avg 0.7058) Dice:0.8364 (Avg 0.8091) LR 2.00e-04   (AvgTime 0.5)   
   [Train] Loss components: main_dice=0.161301, main_focal=0.054009, main=0.107655, region_raw=0.389079, region_weighted=0.049924, empty_window_fraction=0.000000, total=0.157578
Validation
   [Val] Epoch: [32][20/90]  Loss:0.202 (Avg 0.1660) IoU:0.667 (Avg 0.7154) Dice:0.7851 (Avg 0.8190) (AvgTime 0.2)   
   [Val] Epoch: [32][40/90]  Loss:0.149 (Avg 0.1724) IoU:0.714 (Avg 0.6983) Dice:0.8199 (Avg 0.8026) (AvgTime 0.2)   
   [Val] Epoch: [32][60/90]  Loss:0.206 (Avg 0.1634) IoU:0.651 (Avg 0.7080) Dice:0.7607 (Avg 0.8093) (AvgTime 0.2)   
   [Val] Epoch: [32][80/90]  Loss:0.144 (Avg 0.1622) IoU:0.722 (Avg 0.7074) Dice:0.8256 (Avg 0.8092) (AvgTime 0.2)   
   [Val] Epoch: [32][90/90]  Loss:0.232 (Avg 0.1622) IoU:0.565 (Avg 0.7070) Dice:0.7000 (Avg 0.8091) (AvgTime 0.2)   
   [Val] Loss components: main_dice=0.160389, main_focal=0.066204, main=0.113296, region_raw=0.381180, region_weighted=0.048910, empty_window_fraction=0.000000, total=0.162206
	 No iou improvement; selected epoch 30
	 early_stopping_count: 2/80
--- Epoch History (1..32) ---
Epoch |  TrainLoss |  TrainDice |  TrainIoU |    ValLoss |    ValDice |    ValIoU |         LR | Best
    1 |     0.3274 |     0.6089 |    0.4797 |     0.3091 |     0.6203 |    0.4911 |   3.00e-04 |     
    2 |     0.2493 |     0.7003 |    0.5773 |     0.2277 |     0.7202 |    0.6053 |   3.00e-04 |     
    3 |     0.2258 |     0.7259 |    0.6062 |     0.2068 |     0.7560 |    0.6429 |   3.00e-04 |     
    4 |     0.2153 |     0.7383 |    0.6212 |     0.2013 |     0.7654 |    0.6509 |   2.99e-04 |     
    5 |     0.2041 |     0.7514 |    0.6359 |     0.1929 |     0.7592 |    0.6456 |   2.98e-04 |     
    6 |     0.2002 |     0.7575 |    0.6433 |     0.1994 |     0.7556 |    0.6374 |   2.97e-04 |     
    7 |     0.1959 |     0.7613 |    0.6476 |     0.1953 |     0.7677 |    0.6559 |   2.96e-04 |     
    8 |     0.1917 |     0.7652 |    0.6526 |     0.1819 |     0.7753 |    0.6638 |   2.94e-04 |     
    9 |     0.1890 |     0.7689 |    0.6569 |     0.1877 |     0.7648 |    0.6526 |   2.92e-04 |     
   10 |     0.1909 |     0.7674 |    0.6547 |     0.1967 |     0.7614 |    0.6474 |   2.91e-04 |     
   11 |     0.1850 |     0.7752 |    0.6643 |     0.1777 |     0.7851 |    0.6761 |   2.88e-04 |     
   12 |     0.1847 |     0.7750 |    0.6644 |     0.1820 |     0.7863 |    0.6777 |   2.86e-04 |     
   13 |     0.1819 |     0.7786 |    0.6681 |     0.1785 |     0.7822 |    0.6720 |   2.83e-04 |     
   14 |     0.1792 |     0.7815 |    0.6721 |     0.1710 |     0.7906 |    0.6822 |   2.80e-04 |     
   15 |     0.1799 |     0.7798 |    0.6700 |     0.1677 |     0.7939 |    0.6878 |   2.77e-04 |     
   16 |     0.1784 |     0.7828 |    0.6735 |     0.1778 |     0.7969 |    0.6907 |   2.74e-04 |     
   17 |     0.1800 |     0.7809 |    0.6717 |     0.1871 |     0.7775 |    0.6682 |   2.71e-04 |     
   18 |     0.1765 |     0.7859 |    0.6774 |     0.1763 |     0.7844 |    0.6744 |   2.67e-04 |     
   19 |     0.1725 |     0.7898 |    0.6825 |     0.1650 |     0.7980 |    0.6943 |   2.63e-04 |     
   20 |     0.1717 |     0.7911 |    0.6844 |     0.1718 |     0.7842 |    0.6753 |   2.59e-04 |     
   21 |     0.1702 |     0.7920 |    0.6849 |     0.1709 |     0.7905 |    0.6816 |   2.55e-04 |     
   22 |     0.1715 |     0.7907 |    0.6835 |     0.1778 |     0.7882 |    0.6809 |   2.51e-04 |     
   23 |     0.1702 |     0.7927 |    0.6865 |     0.1680 |     0.7894 |    0.6837 |   2.46e-04 |     
   24 |     0.1674 |     0.7964 |    0.6902 |     0.1675 |     0.8056 |    0.7029 |   2.42e-04 |     
   25 |     0.1664 |     0.7976 |    0.6919 |     0.1719 |     0.7939 |    0.6891 |   2.37e-04 |     
   26 |     0.1663 |     0.7975 |    0.6916 |     0.1635 |     0.7985 |    0.6924 |   2.32e-04 |     
   27 |     0.1632 |     0.8013 |    0.6966 |     0.1589 |     0.8088 |    0.7069 |   2.27e-04 |     
   28 |     0.1623 |     0.8031 |    0.6989 |     0.1645 |     0.8009 |    0.6963 |   2.22e-04 |     
   29 |     0.1611 |     0.8041 |    0.7006 |     0.1656 |     0.8001 |    0.6931 |   2.17e-04 |     
   30 |     0.1618 |     0.8040 |    0.6998 |     0.1588 |     0.8091 |    0.7079 |   2.11e-04 |    *
   31 |     0.1594 |     0.8063 |    0.7029 |     0.1735 |     0.8039 |    0.6998 |   2.06e-04 |     
   32 |     0.1576 |     0.8091 |    0.7058 |     0.1622 |     0.8091 |    0.7070 |   2.00e-04 |     
--- R2 plus final-map regional overlap: global validation statistics ---
up4: ca=0.8950+/-0.1263, sa=1.0110+/-0.0121, amp=0.0000, suppress=0.0000, guide_abs=0.1840
up4 residuals: local_mean=7.600e-02, global_mean=0.0246, local_strength=0.1144, global_strength=0.1077, gain=[0.9914,1.0896], saturation=0.1245, text_film=0.0256
up4 haar: reconstruction_error=5.662e-07, skip_low/high=0.8147/0.1853, plam_low/high=1.0000/0.0000
up4 strengths: plam=0.9269, region=0.1144, detail=0.1077; residual_std region/detail/refine=0.4176/0.4126/0.3221
up4 guide_mix: entropy=0.9782, raw_low=0.3056, plam_low=0.2812, decoder_low=0.2613, detail=0.1519; agreement plam/decoder=0.5313/0.5767, support=0.7816+/-0.1204
up4 adaptive_frequency: ALPF strength=0.2431, weights=0.1504/0.7086/0.1410, sum=1.0000, entropy=0.7314, delta_std=0.0822; AHPF strength=0.0752, weights=0.3200/0.5145/0.1655, sum=1.0000, entropy=0.9103, residual_std=0.1049, scaled_std=0.0079
up3: ca=0.9838+/-0.1909, sa=1.0095+/-0.0068, amp=0.0000, suppress=0.0000, guide_abs=0.3258
up3 residuals: local_mean=3.607e-02, global_mean=0.0463, local_strength=0.1136, global_strength=0.1185, gain=[0.9775,1.0501], saturation=0.0000, text_film=0.0232
up3 haar: reconstruction_error=9.537e-07, skip_low/high=0.7970/0.2030, plam_low/high=1.0000/0.0000
up3 strengths: plam=0.9248, region=0.1136, detail=0.1185; residual_std region/detail/refine=0.3319/0.6061/0.5201
up3 guide_mix: entropy=0.9779, raw_low=0.3432, plam_low=0.2466, decoder_low=0.2413, detail=0.1689; agreement plam/decoder=0.6976/0.2693, support=0.7670+/-0.0572
up3 adaptive_frequency: ALPF strength=0.2807, weights=0.1026/0.4227/0.4748, sum=1.0000, entropy=0.7469, delta_std=0.0680; AHPF strength=0.1039, weights=0.6045/0.2253/0.1702, sum=1.0000, entropy=0.7563, residual_std=0.0982, scaled_std=0.0102
up2: ca=0.8955+/-0.1375, sa=1.0043+/-0.0033, amp=0.0000, suppress=0.0000, guide_abs=0.1918
up2 residuals: local_mean=2.600e-03, global_mean=0.0353, local_strength=0.1173, global_strength=0.1141, gain=[0.9680,1.0412], saturation=0.0000, text_film=0.0313
up2 haar: reconstruction_error=9.537e-07, skip_low/high=0.7923/0.2077, plam_low/high=1.0000/0.0000
up2 strengths: plam=0.8672, region=0.1173, detail=0.1141; residual_std region/detail/refine=0.2286/0.2914/0.1667
up2 guide_mix: entropy=0.9618, raw_low=0.3084, plam_low=0.1989, decoder_low=0.3453, detail=0.1475; agreement plam/decoder=0.7272/0.1295, support=0.5685+/-0.0440
up1: ca=0.8168+/-0.1543, sa=1.0033+/-0.0137, amp=0.0000, suppress=0.0000, guide_abs=0.2511
up1 residuals: local_mean=-5.224e-04, global_mean=0.0341, local_strength=0.1244, global_strength=0.1005, gain=[0.9023,1.0974], saturation=0.0436, text_film=0.0455
up1 haar: reconstruction_error=2.183e-06, skip_low/high=0.7312/0.2688, plam_low/high=1.0000/0.0000
up1 strengths: plam=0.9319, region=0.1244, detail=0.1005; residual_std region/detail/refine=0.5792/0.3920/0.1535
up1 guide_mix: entropy=0.9528, raw_low=0.2790, plam_low=0.2751, decoder_low=0.3355, detail=0.1104; agreement plam/decoder=0.3323/0.0049, support=0.6951+/-0.1240

========= Epoch [33/80] =========
RS1_Test_session_09.11_04h18
Training with batch size : 16
   [Train] Epoch: [33][20/357]  Loss:0.161 (Avg 0.1508) IoU:0.686 (Avg 0.7167) Dice:0.7988 (Avg 0.8191) LR 1.94e-04   (AvgTime 0.6)   
   [Train] Epoch: [33][40/357]  Loss:0.138 (Avg 0.1593) IoU:0.730 (Avg 0.7034) Dice:0.8318 (Avg 0.8070) LR 1.94e-04   (AvgTime 0.5)   
   [Train] Epoch: [33][60/357]  Loss:0.163 (Avg 0.1617) IoU:0.721 (Avg 0.6991) Dice:0.8287 (Avg 0.8035) LR 1.94e-04   (AvgTime 0.5)   
   [Train] Epoch: [33][80/357]  Loss:0.132 (Avg 0.1629) IoU:0.745 (Avg 0.6968) Dice:0.8490 (Avg 0.8026) LR 1.94e-04   (AvgTime 0.5)   
   [Train] Epoch: [33][100/357]  Loss:0.141 (Avg 0.1619) IoU:0.722 (Avg 0.6988) Dice:0.8222 (Avg 0.8040) LR 1.94e-04   (AvgTime 0.5)   
   [Train] Epoch: [33][120/357]  Loss:0.128 (Avg 0.1602) IoU:0.755 (Avg 0.7017) Dice:0.8537 (Avg 0.8059) LR 1.94e-04   (AvgTime 0.5)   
   [Train] Epoch: [33][140/357]  Loss:0.202 (Avg 0.1596) IoU:0.650 (Avg 0.7028) Dice:0.7744 (Avg 0.8071) LR 1.94e-04   (AvgTime 0.5)   
   [Train] Epoch: [33][160/357]  Loss:0.193 (Avg 0.1591) IoU:0.715 (Avg 0.7038) Dice:0.7966 (Avg 0.8080) LR 1.94e-04   (AvgTime 0.5)   
   [Train] Epoch: [33][180/357]  Loss:0.155 (Avg 0.1591) IoU:0.730 (Avg 0.7037) Dice:0.8190 (Avg 0.8076) LR 1.94e-04   (AvgTime 0.5)   
   [Train] Epoch: [33][200/357]  Loss:0.188 (Avg 0.1590) IoU:0.638 (Avg 0.7033) Dice:0.7570 (Avg 0.8073) LR 1.94e-04   (AvgTime 0.5)   
   [Train] Epoch: [33][220/357]  Loss:0.148 (Avg 0.1583) IoU:0.707 (Avg 0.7042) Dice:0.8168 (Avg 0.8081) LR 1.94e-04   (AvgTime 0.5)   
   [Train] Epoch: [33][240/357]  Loss:0.143 (Avg 0.1574) IoU:0.709 (Avg 0.7061) Dice:0.8114 (Avg 0.8095) LR 1.94e-04   (AvgTime 0.5)   
   [Train] Epoch: [33][260/357]  Loss:0.211 (Avg 0.1573) IoU:0.618 (Avg 0.7066) Dice:0.7301 (Avg 0.8097) LR 1.94e-04   (AvgTime 0.5)   
   [Train] Epoch: [33][280/357]  Loss:0.142 (Avg 0.1577) IoU:0.732 (Avg 0.7059) Dice:0.8294 (Avg 0.8092) LR 1.94e-04   (AvgTime 0.5)   
   [Train] Epoch: [33][300/357]  Loss:0.132 (Avg 0.1575) IoU:0.755 (Avg 0.7063) Dice:0.8427 (Avg 0.8093) LR 1.94e-04   (AvgTime 0.5)   
   [Train] Epoch: [33][320/357]  Loss:0.194 (Avg 0.1580) IoU:0.620 (Avg 0.7053) Dice:0.7236 (Avg 0.8084) LR 1.94e-04   (AvgTime 0.5)   
   [Train] Epoch: [33][340/357]  Loss:0.155 (Avg 0.1580) IoU:0.694 (Avg 0.7053) Dice:0.8049 (Avg 0.8083) LR 1.94e-04   (AvgTime 0.5)   
   [Train] Epoch: [33][357/357]  Loss:0.207 (Avg 0.1577) IoU:0.630 (Avg 0.7056) Dice:0.7427 (Avg 0.8087) LR 1.94e-04   (AvgTime 0.5)   
   [Train] Loss components: main_dice=0.161325, main_focal=0.054138, main=0.107731, region_raw=0.389711, region_weighted=0.050005, empty_window_fraction=0.000000, total=0.157736
Validation
   [Val] Epoch: [33][20/90]  Loss:0.191 (Avg 0.1642) IoU:0.658 (Avg 0.7022) Dice:0.7764 (Avg 0.8090) (AvgTime 0.2)   
   [Val] Epoch: [33][40/90]  Loss:0.150 (Avg 0.1710) IoU:0.697 (Avg 0.6867) Dice:0.8085 (Avg 0.7941) (AvgTime 0.2)   
   [Val] Epoch: [33][60/90]  Loss:0.200 (Avg 0.1615) IoU:0.644 (Avg 0.6986) Dice:0.7505 (Avg 0.8028) (AvgTime 0.2)   
   [Val] Epoch: [33][80/90]  Loss:0.148 (Avg 0.1607) IoU:0.704 (Avg 0.6979) Dice:0.8097 (Avg 0.8027) (AvgTime 0.2)   
   [Val] Epoch: [33][90/90]  Loss:0.197 (Avg 0.1609) IoU:0.599 (Avg 0.6973) Dice:0.7318 (Avg 0.8024) (AvgTime 0.2)   
   [Val] Loss components: main_dice=0.167104, main_focal=0.054005, main=0.110555, region_raw=0.392270, region_weighted=0.050333, empty_window_fraction=0.000000, total=0.160888
	 No iou improvement; selected epoch 30
	 early_stopping_count: 3/80
--- Epoch History (1..33) ---
Epoch |  TrainLoss |  TrainDice |  TrainIoU |    ValLoss |    ValDice |    ValIoU |         LR | Best
    1 |     0.3274 |     0.6089 |    0.4797 |     0.3091 |     0.6203 |    0.4911 |   3.00e-04 |     
    2 |     0.2493 |     0.7003 |    0.5773 |     0.2277 |     0.7202 |    0.6053 |   3.00e-04 |     
    3 |     0.2258 |     0.7259 |    0.6062 |     0.2068 |     0.7560 |    0.6429 |   3.00e-04 |     
    4 |     0.2153 |     0.7383 |    0.6212 |     0.2013 |     0.7654 |    0.6509 |   2.99e-04 |     
    5 |     0.2041 |     0.7514 |    0.6359 |     0.1929 |     0.7592 |    0.6456 |   2.98e-04 |     
    6 |     0.2002 |     0.7575 |    0.6433 |     0.1994 |     0.7556 |    0.6374 |   2.97e-04 |     
    7 |     0.1959 |     0.7613 |    0.6476 |     0.1953 |     0.7677 |    0.6559 |   2.96e-04 |     
    8 |     0.1917 |     0.7652 |    0.6526 |     0.1819 |     0.7753 |    0.6638 |   2.94e-04 |     
    9 |     0.1890 |     0.7689 |    0.6569 |     0.1877 |     0.7648 |    0.6526 |   2.92e-04 |     
   10 |     0.1909 |     0.7674 |    0.6547 |     0.1967 |     0.7614 |    0.6474 |   2.91e-04 |     
   11 |     0.1850 |     0.7752 |    0.6643 |     0.1777 |     0.7851 |    0.6761 |   2.88e-04 |     
   12 |     0.1847 |     0.7750 |    0.6644 |     0.1820 |     0.7863 |    0.6777 |   2.86e-04 |     
   13 |     0.1819 |     0.7786 |    0.6681 |     0.1785 |     0.7822 |    0.6720 |   2.83e-04 |     
   14 |     0.1792 |     0.7815 |    0.6721 |     0.1710 |     0.7906 |    0.6822 |   2.80e-04 |     
   15 |     0.1799 |     0.7798 |    0.6700 |     0.1677 |     0.7939 |    0.6878 |   2.77e-04 |     
   16 |     0.1784 |     0.7828 |    0.6735 |     0.1778 |     0.7969 |    0.6907 |   2.74e-04 |     
   17 |     0.1800 |     0.7809 |    0.6717 |     0.1871 |     0.7775 |    0.6682 |   2.71e-04 |     
   18 |     0.1765 |     0.7859 |    0.6774 |     0.1763 |     0.7844 |    0.6744 |   2.67e-04 |     
   19 |     0.1725 |     0.7898 |    0.6825 |     0.1650 |     0.7980 |    0.6943 |   2.63e-04 |     
   20 |     0.1717 |     0.7911 |    0.6844 |     0.1718 |     0.7842 |    0.6753 |   2.59e-04 |     
   21 |     0.1702 |     0.7920 |    0.6849 |     0.1709 |     0.7905 |    0.6816 |   2.55e-04 |     
   22 |     0.1715 |     0.7907 |    0.6835 |     0.1778 |     0.7882 |    0.6809 |   2.51e-04 |     
   23 |     0.1702 |     0.7927 |    0.6865 |     0.1680 |     0.7894 |    0.6837 |   2.46e-04 |     
   24 |     0.1674 |     0.7964 |    0.6902 |     0.1675 |     0.8056 |    0.7029 |   2.42e-04 |     
   25 |     0.1664 |     0.7976 |    0.6919 |     0.1719 |     0.7939 |    0.6891 |   2.37e-04 |     
   26 |     0.1663 |     0.7975 |    0.6916 |     0.1635 |     0.7985 |    0.6924 |   2.32e-04 |     
   27 |     0.1632 |     0.8013 |    0.6966 |     0.1589 |     0.8088 |    0.7069 |   2.27e-04 |     
   28 |     0.1623 |     0.8031 |    0.6989 |     0.1645 |     0.8009 |    0.6963 |   2.22e-04 |     
   29 |     0.1611 |     0.8041 |    0.7006 |     0.1656 |     0.8001 |    0.6931 |   2.17e-04 |     
   30 |     0.1618 |     0.8040 |    0.6998 |     0.1588 |     0.8091 |    0.7079 |   2.11e-04 |    *
   31 |     0.1594 |     0.8063 |    0.7029 |     0.1735 |     0.8039 |    0.6998 |   2.06e-04 |     
   32 |     0.1576 |     0.8091 |    0.7058 |     0.1622 |     0.8091 |    0.7070 |   2.00e-04 |     
   33 |     0.1577 |     0.8087 |    0.7056 |     0.1609 |     0.8024 |    0.6973 |   1.94e-04 |     
--- R2 plus final-map regional overlap: global validation statistics ---
up4: ca=0.8933+/-0.1292, sa=1.0102+/-0.0117, amp=0.0000, suppress=0.0000, guide_abs=0.1628
up4 residuals: local_mean=7.551e-02, global_mean=0.0166, local_strength=0.1146, global_strength=0.1081, gain=[0.9880,1.0883], saturation=0.1469, text_film=0.0231
up4 haar: reconstruction_error=5.960e-07, skip_low/high=0.8178/0.1822, plam_low/high=1.0000/0.0000
up4 strengths: plam=0.9253, region=0.1146, detail=0.1081; residual_std region/detail/refine=0.3785/0.3994/0.3128
up4 guide_mix: entropy=0.9771, raw_low=0.3052, plam_low=0.2713, decoder_low=0.2747, detail=0.1488; agreement plam/decoder=0.5256/0.5378, support=0.7883+/-0.1267
up4 adaptive_frequency: ALPF strength=0.2434, weights=0.1583/0.7026/0.1390, sum=1.0000, entropy=0.7404, delta_std=0.0832; AHPF strength=0.0752, weights=0.3043/0.5259/0.1698, sum=1.0000, entropy=0.9075, residual_std=0.1024, scaled_std=0.0077
up3: ca=0.9888+/-0.1915, sa=1.0095+/-0.0064, amp=0.0000, suppress=0.0000, guide_abs=0.3648
up3 residuals: local_mean=3.924e-02, global_mean=0.0428, local_strength=0.1137, global_strength=0.1186, gain=[0.9803,1.0429], saturation=0.0000, text_film=0.0300
up3 haar: reconstruction_error=9.537e-07, skip_low/high=0.8013/0.1987, plam_low/high=1.0000/0.0000
up3 strengths: plam=0.9239, region=0.1137, detail=0.1186; residual_std region/detail/refine=0.3540/0.6018/0.5186
up3 guide_mix: entropy=0.9778, raw_low=0.3324, plam_low=0.2436, decoder_low=0.2630, detail=0.1610; agreement plam/decoder=0.6760/0.2482, support=0.7826+/-0.0598
up3 adaptive_frequency: ALPF strength=0.2826, weights=0.0872/0.3200/0.5928, sum=1.0000, entropy=0.7236, delta_std=0.0756; AHPF strength=0.1046, weights=0.7258/0.1674/0.1068, sum=1.0000, entropy=0.6379, residual_std=0.0662, scaled_std=0.0069
up2: ca=0.8965+/-0.1346, sa=1.0045+/-0.0031, amp=0.0000, suppress=0.0000, guide_abs=0.1939
up2 residuals: local_mean=2.340e-03, global_mean=0.0367, local_strength=0.1174, global_strength=0.1142, gain=[0.9745,1.0396], saturation=0.0000, text_film=0.0269
up2 haar: reconstruction_error=9.537e-07, skip_low/high=0.7945/0.2055, plam_low/high=1.0000/0.0000
up2 strengths: plam=0.8658, region=0.1174, detail=0.1142; residual_std region/detail/refine=0.2243/0.2822/0.1565
up2 guide_mix: entropy=0.9565, raw_low=0.3037, plam_low=0.1941, decoder_low=0.3592, detail=0.1430; agreement plam/decoder=0.6128/-0.0700, support=0.5704+/-0.0459
up1: ca=0.8242+/-0.1437, sa=1.0034+/-0.0137, amp=0.0000, suppress=0.0000, guide_abs=0.2485
up1 residuals: local_mean=-1.249e-03, global_mean=0.0354, local_strength=0.1245, global_strength=0.1004, gain=[0.9025,1.0974], saturation=0.0571, text_film=0.0468
up1 haar: reconstruction_error=2.845e-06, skip_low/high=0.7315/0.2685, plam_low/high=1.0000/0.0000
up1 strengths: plam=0.9313, region=0.1245, detail=0.1004; residual_std region/detail/refine=0.5826/0.3924/0.1555
up1 guide_mix: entropy=0.9516, raw_low=0.2787, plam_low=0.2718, decoder_low=0.3400, detail=0.1095; agreement plam/decoder=0.4089/-0.0489, support=0.7051+/-0.1238

========= Epoch [34/80] =========
RS1_Test_session_09.11_04h18
Training with batch size : 16
   [Train] Epoch: [34][20/357]  Loss:0.167 (Avg 0.1611) IoU:0.714 (Avg 0.7004) Dice:0.8229 (Avg 0.8032) LR 1.89e-04   (AvgTime 0.6)   
   [Train] Epoch: [34][40/357]  Loss:0.146 (Avg 0.1543) IoU:0.714 (Avg 0.7087) Dice:0.8214 (Avg 0.8119) LR 1.89e-04   (AvgTime 0.5)   
   [Train] Epoch: [34][60/357]  Loss:0.175 (Avg 0.1532) IoU:0.707 (Avg 0.7117) Dice:0.8194 (Avg 0.8149) LR 1.89e-04   (AvgTime 0.5)   
   [Train] Epoch: [34][80/357]  Loss:0.148 (Avg 0.1545) IoU:0.722 (Avg 0.7099) Dice:0.8242 (Avg 0.8130) LR 1.89e-04   (AvgTime 0.5)   
   [Train] Epoch: [34][100/357]  Loss:0.203 (Avg 0.1539) IoU:0.637 (Avg 0.7109) Dice:0.7544 (Avg 0.8133) LR 1.89e-04   (AvgTime 0.5)   
   [Train] Epoch: [34][120/357]  Loss:0.169 (Avg 0.1554) IoU:0.660 (Avg 0.7086) Dice:0.7743 (Avg 0.8118) LR 1.89e-04   (AvgTime 0.5)   
   [Train] Epoch: [34][140/357]  Loss:0.159 (Avg 0.1574) IoU:0.741 (Avg 0.7054) Dice:0.8260 (Avg 0.8089) LR 1.89e-04   (AvgTime 0.5)   
   [Train] Epoch: [34][160/357]  Loss:0.165 (Avg 0.1566) IoU:0.712 (Avg 0.7070) Dice:0.8124 (Avg 0.8105) LR 1.89e-04   (AvgTime 0.5)   
   [Train] Epoch: [34][180/357]  Loss:0.228 (Avg 0.1577) IoU:0.589 (Avg 0.7055) Dice:0.7164 (Avg 0.8091) LR 1.89e-04   (AvgTime 0.5)   
   [Train] Epoch: [34][200/357]  Loss:0.125 (Avg 0.1577) IoU:0.758 (Avg 0.7049) Dice:0.8578 (Avg 0.8086) LR 1.89e-04   (AvgTime 0.5)   
   [Train] Epoch: [34][220/357]  Loss:0.131 (Avg 0.1572) IoU:0.726 (Avg 0.7051) Dice:0.8310 (Avg 0.8088) LR 1.89e-04   (AvgTime 0.5)   
   [Train] Epoch: [34][240/357]  Loss:0.157 (Avg 0.1571) IoU:0.697 (Avg 0.7052) Dice:0.8036 (Avg 0.8087) LR 1.89e-04   (AvgTime 0.5)   
   [Train] Epoch: [34][260/357]  Loss:0.156 (Avg 0.1568) IoU:0.692 (Avg 0.7056) Dice:0.8008 (Avg 0.8091) LR 1.89e-04   (AvgTime 0.5)   
   [Train] Epoch: [34][280/357]  Loss:0.163 (Avg 0.1564) IoU:0.728 (Avg 0.7064) Dice:0.8260 (Avg 0.8096) LR 1.89e-04   (AvgTime 0.5)   
   [Train] Epoch: [34][300/357]  Loss:0.109 (Avg 0.1564) IoU:0.780 (Avg 0.7065) Dice:0.8684 (Avg 0.8096) LR 1.89e-04   (AvgTime 0.5)   
   [Train] Epoch: [34][320/357]  Loss:0.161 (Avg 0.1565) IoU:0.684 (Avg 0.7063) Dice:0.7937 (Avg 0.8096) LR 1.89e-04   (AvgTime 0.5)   
   [Train] Epoch: [34][340/357]  Loss:0.126 (Avg 0.1560) IoU:0.759 (Avg 0.7072) Dice:0.8540 (Avg 0.8104) LR 1.89e-04   (AvgTime 0.5)   
   [Train] Epoch: [34][357/357]  Loss:0.151 (Avg 0.1562) IoU:0.705 (Avg 0.7068) Dice:0.8079 (Avg 0.8101) LR 1.89e-04   (AvgTime 0.5)   
   [Train] Loss components: main_dice=0.159825, main_focal=0.053405, main=0.106615, region_raw=0.386443, region_weighted=0.049585, empty_window_fraction=0.000000, total=0.156200
Validation
   [Val] Epoch: [34][20/90]  Loss:0.211 (Avg 0.1667) IoU:0.644 (Avg 0.7111) Dice:0.7673 (Avg 0.8164) (AvgTime 0.3)   
   [Val] Epoch: [34][40/90]  Loss:0.143 (Avg 0.1738) IoU:0.721 (Avg 0.6963) Dice:0.8292 (Avg 0.8023) (AvgTime 0.2)   
   [Val] Epoch: [34][60/90]  Loss:0.203 (Avg 0.1632) IoU:0.646 (Avg 0.7072) Dice:0.7527 (Avg 0.8098) (AvgTime 0.2)   
   [Val] Epoch: [34][80/90]  Loss:0.137 (Avg 0.1619) IoU:0.740 (Avg 0.7056) Dice:0.8366 (Avg 0.8086) (AvgTime 0.2)   
   [Val] Epoch: [34][90/90]  Loss:0.209 (Avg 0.1622) IoU:0.603 (Avg 0.7042) Dice:0.7322 (Avg 0.8074) (AvgTime 0.2)   
   [Val] Loss components: main_dice=0.160697, main_focal=0.065834, main=0.113266, region_raw=0.381611, region_weighted=0.048965, empty_window_fraction=0.000000, total=0.162231
	 No iou improvement; selected epoch 30
	 early_stopping_count: 4/80
--- Epoch History (1..34) ---
Epoch |  TrainLoss |  TrainDice |  TrainIoU |    ValLoss |    ValDice |    ValIoU |         LR | Best
    1 |     0.3274 |     0.6089 |    0.4797 |     0.3091 |     0.6203 |    0.4911 |   3.00e-04 |     
    2 |     0.2493 |     0.7003 |    0.5773 |     0.2277 |     0.7202 |    0.6053 |   3.00e-04 |     
    3 |     0.2258 |     0.7259 |    0.6062 |     0.2068 |     0.7560 |    0.6429 |   3.00e-04 |     
    4 |     0.2153 |     0.7383 |    0.6212 |     0.2013 |     0.7654 |    0.6509 |   2.99e-04 |     
    5 |     0.2041 |     0.7514 |    0.6359 |     0.1929 |     0.7592 |    0.6456 |   2.98e-04 |     
    6 |     0.2002 |     0.7575 |    0.6433 |     0.1994 |     0.7556 |    0.6374 |   2.97e-04 |     
    7 |     0.1959 |     0.7613 |    0.6476 |     0.1953 |     0.7677 |    0.6559 |   2.96e-04 |     
    8 |     0.1917 |     0.7652 |    0.6526 |     0.1819 |     0.7753 |    0.6638 |   2.94e-04 |     
    9 |     0.1890 |     0.7689 |    0.6569 |     0.1877 |     0.7648 |    0.6526 |   2.92e-04 |     
   10 |     0.1909 |     0.7674 |    0.6547 |     0.1967 |     0.7614 |    0.6474 |   2.91e-04 |     
   11 |     0.1850 |     0.7752 |    0.6643 |     0.1777 |     0.7851 |    0.6761 |   2.88e-04 |     
   12 |     0.1847 |     0.7750 |    0.6644 |     0.1820 |     0.7863 |    0.6777 |   2.86e-04 |     
   13 |     0.1819 |     0.7786 |    0.6681 |     0.1785 |     0.7822 |    0.6720 |   2.83e-04 |     
   14 |     0.1792 |     0.7815 |    0.6721 |     0.1710 |     0.7906 |    0.6822 |   2.80e-04 |     
   15 |     0.1799 |     0.7798 |    0.6700 |     0.1677 |     0.7939 |    0.6878 |   2.77e-04 |     
   16 |     0.1784 |     0.7828 |    0.6735 |     0.1778 |     0.7969 |    0.6907 |   2.74e-04 |     
   17 |     0.1800 |     0.7809 |    0.6717 |     0.1871 |     0.7775 |    0.6682 |   2.71e-04 |     
   18 |     0.1765 |     0.7859 |    0.6774 |     0.1763 |     0.7844 |    0.6744 |   2.67e-04 |     
   19 |     0.1725 |     0.7898 |    0.6825 |     0.1650 |     0.7980 |    0.6943 |   2.63e-04 |     
   20 |     0.1717 |     0.7911 |    0.6844 |     0.1718 |     0.7842 |    0.6753 |   2.59e-04 |     
   21 |     0.1702 |     0.7920 |    0.6849 |     0.1709 |     0.7905 |    0.6816 |   2.55e-04 |     
   22 |     0.1715 |     0.7907 |    0.6835 |     0.1778 |     0.7882 |    0.6809 |   2.51e-04 |     
   23 |     0.1702 |     0.7927 |    0.6865 |     0.1680 |     0.7894 |    0.6837 |   2.46e-04 |     
   24 |     0.1674 |     0.7964 |    0.6902 |     0.1675 |     0.8056 |    0.7029 |   2.42e-04 |     
   25 |     0.1664 |     0.7976 |    0.6919 |     0.1719 |     0.7939 |    0.6891 |   2.37e-04 |     
   26 |     0.1663 |     0.7975 |    0.6916 |     0.1635 |     0.7985 |    0.6924 |   2.32e-04 |     
   27 |     0.1632 |     0.8013 |    0.6966 |     0.1589 |     0.8088 |    0.7069 |   2.27e-04 |     
   28 |     0.1623 |     0.8031 |    0.6989 |     0.1645 |     0.8009 |    0.6963 |   2.22e-04 |     
   29 |     0.1611 |     0.8041 |    0.7006 |     0.1656 |     0.8001 |    0.6931 |   2.17e-04 |     
   30 |     0.1618 |     0.8040 |    0.6998 |     0.1588 |     0.8091 |    0.7079 |   2.11e-04 |    *
   31 |     0.1594 |     0.8063 |    0.7029 |     0.1735 |     0.8039 |    0.6998 |   2.06e-04 |     
   32 |     0.1576 |     0.8091 |    0.7058 |     0.1622 |     0.8091 |    0.7070 |   2.00e-04 |     
   33 |     0.1577 |     0.8087 |    0.7056 |     0.1609 |     0.8024 |    0.6973 |   1.94e-04 |     
   34 |     0.1562 |     0.8101 |    0.7068 |     0.1622 |     0.8074 |    0.7042 |   1.89e-04 |     
--- R2 plus final-map regional overlap: global validation statistics ---
up4: ca=0.8854+/-0.1286, sa=1.0103+/-0.0115, amp=0.0000, suppress=0.0000, guide_abs=0.1504
up4 residuals: local_mean=7.882e-02, global_mean=0.0144, local_strength=0.1147, global_strength=0.1086, gain=[0.9879,1.0918], saturation=0.1806, text_film=0.0255
up4 haar: reconstruction_error=9.537e-07, skip_low/high=0.8226/0.1774, plam_low/high=1.0000/0.0000
up4 strengths: plam=0.9238, region=0.1147, detail=0.1086; residual_std region/detail/refine=0.3902/0.4128/0.3251
up4 guide_mix: entropy=0.9750, raw_low=0.2952, plam_low=0.2873, decoder_low=0.2743, detail=0.1431; agreement plam/decoder=0.5075/0.5474, support=0.7996+/-0.1229
up4 adaptive_frequency: ALPF strength=0.2444, weights=0.1469/0.7150/0.1381, sum=1.0000, entropy=0.7224, delta_std=0.0844; AHPF strength=0.0751, weights=0.2773/0.5526/0.1701, sum=1.0000, entropy=0.8904, residual_std=0.1081, scaled_std=0.0081
up3: ca=0.9815+/-0.1885, sa=1.0096+/-0.0063, amp=0.0000, suppress=0.0000, guide_abs=0.3307
up3 residuals: local_mean=3.532e-02, global_mean=0.0474, local_strength=0.1137, global_strength=0.1188, gain=[0.9787,1.0435], saturation=0.0000, text_film=0.0210
up3 haar: reconstruction_error=9.537e-07, skip_low/high=0.7924/0.2076, plam_low/high=1.0000/0.0000
up3 strengths: plam=0.9226, region=0.1137, detail=0.1188; residual_std region/detail/refine=0.3323/0.6051/0.5239
up3 guide_mix: entropy=0.9794, raw_low=0.3275, plam_low=0.2586, decoder_low=0.2513, detail=0.1626; agreement plam/decoder=0.7246/0.2658, support=0.7662+/-0.0547
up3 adaptive_frequency: ALPF strength=0.2844, weights=0.1063/0.3826/0.5111, sum=1.0000, entropy=0.7404, delta_std=0.0746; AHPF strength=0.1051, weights=0.6273/0.2101/0.1626, sum=1.0000, entropy=0.7250, residual_std=0.0929, scaled_std=0.0098
up2: ca=0.9106+/-0.1347, sa=1.0042+/-0.0032, amp=0.0000, suppress=0.0000, guide_abs=0.1962
up2 residuals: local_mean=1.862e-03, global_mean=0.0349, local_strength=0.1175, global_strength=0.1144, gain=[0.9705,1.0410], saturation=0.0000, text_film=0.0294
up2 haar: reconstruction_error=9.537e-07, skip_low/high=0.7879/0.2121, plam_low/high=1.0000/0.0000
up2 strengths: plam=0.8640, region=0.1175, detail=0.1144; residual_std region/detail/refine=0.2207/0.2837/0.1611
up2 guide_mix: entropy=0.9638, raw_low=0.2985, plam_low=0.2119, decoder_low=0.3453, detail=0.1443; agreement plam/decoder=0.5935/-0.0414, support=0.5631+/-0.0388
up1: ca=0.8202+/-0.1454, sa=1.0034+/-0.0137, amp=0.0000, suppress=0.0000, guide_abs=0.2566
up1 residuals: local_mean=-1.329e-03, global_mean=0.0358, local_strength=0.1247, global_strength=0.1006, gain=[0.9024,1.0974], saturation=0.0633, text_film=0.0473
up1 haar: reconstruction_error=2.682e-06, skip_low/high=0.7373/0.2627, plam_low/high=1.0000/0.0000
up1 strengths: plam=0.9306, region=0.1247, detail=0.1006; residual_std region/detail/refine=0.5985/0.4005/0.1575
up1 guide_mix: entropy=0.9539, raw_low=0.2906, plam_low=0.2761, decoder_low=0.3231, detail=0.1101; agreement plam/decoder=0.3386/-0.1025, support=0.7264+/-0.1220

========= Epoch [35/80] =========
RS1_Test_session_09.11_04h18
Training with batch size : 16
   [Train] Epoch: [35][20/357]  Loss:0.115 (Avg 0.1479) IoU:0.772 (Avg 0.7238) Dice:0.8642 (Avg 0.8236) LR 1.83e-04   (AvgTime 0.6)   
   [Train] Epoch: [35][40/357]  Loss:0.131 (Avg 0.1499) IoU:0.745 (Avg 0.7188) Dice:0.8407 (Avg 0.8201) LR 1.83e-04   (AvgTime 0.6)   
   [Train] Epoch: [35][60/357]  Loss:0.193 (Avg 0.1494) IoU:0.667 (Avg 0.7194) Dice:0.7750 (Avg 0.8205) LR 1.83e-04   (AvgTime 0.6)   
   [Train] Epoch: [35][80/357]  Loss:0.132 (Avg 0.1512) IoU:0.722 (Avg 0.7151) Dice:0.8305 (Avg 0.8174) LR 1.83e-04   (AvgTime 0.6)   
   [Train] Epoch: [35][100/357]  Loss:0.140 (Avg 0.1519) IoU:0.735 (Avg 0.7134) Dice:0.8363 (Avg 0.8166) LR 1.83e-04   (AvgTime 0.5)   
   [Train] Epoch: [35][120/357]  Loss:0.111 (Avg 0.1516) IoU:0.775 (Avg 0.7138) Dice:0.8603 (Avg 0.8168) LR 1.83e-04   (AvgTime 0.5)   
   [Train] Epoch: [35][140/357]  Loss:0.152 (Avg 0.1525) IoU:0.740 (Avg 0.7128) Dice:0.8368 (Avg 0.8159) LR 1.83e-04   (AvgTime 0.5)   
   [Train] Epoch: [35][160/357]  Loss:0.119 (Avg 0.1525) IoU:0.775 (Avg 0.7127) Dice:0.8654 (Avg 0.8157) LR 1.83e-04   (AvgTime 0.5)   
   [Train] Epoch: [35][180/357]  Loss:0.131 (Avg 0.1522) IoU:0.763 (Avg 0.7135) Dice:0.8593 (Avg 0.8158) LR 1.83e-04   (AvgTime 0.5)   
   [Train] Epoch: [35][200/357]  Loss:0.204 (Avg 0.1525) IoU:0.620 (Avg 0.7128) Dice:0.7442 (Avg 0.8149) LR 1.83e-04   (AvgTime 0.5)   
   [Train] Epoch: [35][220/357]  Loss:0.224 (Avg 0.1532) IoU:0.592 (Avg 0.7119) Dice:0.7178 (Avg 0.8141) LR 1.83e-04   (AvgTime 0.5)   
   [Train] Epoch: [35][240/357]  Loss:0.121 (Avg 0.1531) IoU:0.759 (Avg 0.7119) Dice:0.8504 (Avg 0.8142) LR 1.83e-04   (AvgTime 0.5)   
   [Train] Epoch: [35][260/357]  Loss:0.104 (Avg 0.1535) IoU:0.810 (Avg 0.7113) Dice:0.8926 (Avg 0.8137) LR 1.83e-04   (AvgTime 0.5)   
   [Train] Epoch: [35][280/357]  Loss:0.150 (Avg 0.1542) IoU:0.761 (Avg 0.7100) Dice:0.8548 (Avg 0.8126) LR 1.83e-04   (AvgTime 0.5)   
   [Train] Epoch: [35][300/357]  Loss:0.188 (Avg 0.1547) IoU:0.649 (Avg 0.7095) Dice:0.7580 (Avg 0.8122) LR 1.83e-04   (AvgTime 0.5)   
   [Train] Epoch: [35][320/357]  Loss:0.161 (Avg 0.1542) IoU:0.681 (Avg 0.7106) Dice:0.8001 (Avg 0.8129) LR 1.83e-04   (AvgTime 0.5)   
   [Train] Epoch: [35][340/357]  Loss:0.203 (Avg 0.1548) IoU:0.642 (Avg 0.7097) Dice:0.7510 (Avg 0.8121) LR 1.83e-04   (AvgTime 0.5)   
   [Train] Epoch: [35][357/357]  Loss:0.140 (Avg 0.1543) IoU:0.731 (Avg 0.7105) Dice:0.8258 (Avg 0.8127) LR 1.83e-04   (AvgTime 0.5)   
   [Train] Loss components: main_dice=0.157573, main_focal=0.052931, main=0.105252, region_raw=0.382473, region_weighted=0.049076, empty_window_fraction=0.000000, total=0.154328
Validation
   [Val] Epoch: [35][20/90]  Loss:0.194 (Avg 0.1608) IoU:0.645 (Avg 0.7125) Dice:0.7694 (Avg 0.8177) (AvgTime 0.2)   
   [Val] Epoch: [35][40/90]  Loss:0.149 (Avg 0.1667) IoU:0.722 (Avg 0.6997) Dice:0.8286 (Avg 0.8054) (AvgTime 0.2)   
   [Val] Epoch: [35][60/90]  Loss:0.205 (Avg 0.1592) IoU:0.648 (Avg 0.7102) Dice:0.7575 (Avg 0.8126) (AvgTime 0.2)   
   [Val] Epoch: [35][80/90]  Loss:0.149 (Avg 0.1580) IoU:0.706 (Avg 0.7095) Dice:0.8093 (Avg 0.8122) (AvgTime 0.2)   
   [Val] Epoch: [35][90/90]  Loss:0.234 (Avg 0.1590) IoU:0.564 (Avg 0.7084) Dice:0.7000 (Avg 0.8114) (AvgTime 0.2)   
   [Val] Loss components: main_dice=0.157023, main_focal=0.063072, main=0.110047, region_raw=0.381688, region_weighted=0.048975, empty_window_fraction=0.000000, total=0.159022
	 Saving best model by iou: 0.708366
	 Saving to Covid19/BetterLViT/rs1_global_iou/RS1_Test_session_09.11_04h18/models//best_model-BetterLViT.pth.tar
	 early_stopping_count: 0/80
--- Epoch History (1..35) ---
Epoch |  TrainLoss |  TrainDice |  TrainIoU |    ValLoss |    ValDice |    ValIoU |         LR | Best
    1 |     0.3274 |     0.6089 |    0.4797 |     0.3091 |     0.6203 |    0.4911 |   3.00e-04 |     
    2 |     0.2493 |     0.7003 |    0.5773 |     0.2277 |     0.7202 |    0.6053 |   3.00e-04 |     
    3 |     0.2258 |     0.7259 |    0.6062 |     0.2068 |     0.7560 |    0.6429 |   3.00e-04 |     
    4 |     0.2153 |     0.7383 |    0.6212 |     0.2013 |     0.7654 |    0.6509 |   2.99e-04 |     
    5 |     0.2041 |     0.7514 |    0.6359 |     0.1929 |     0.7592 |    0.6456 |   2.98e-04 |     
    6 |     0.2002 |     0.7575 |    0.6433 |     0.1994 |     0.7556 |    0.6374 |   2.97e-04 |     
    7 |     0.1959 |     0.7613 |    0.6476 |     0.1953 |     0.7677 |    0.6559 |   2.96e-04 |     
    8 |     0.1917 |     0.7652 |    0.6526 |     0.1819 |     0.7753 |    0.6638 |   2.94e-04 |     
    9 |     0.1890 |     0.7689 |    0.6569 |     0.1877 |     0.7648 |    0.6526 |   2.92e-04 |     
   10 |     0.1909 |     0.7674 |    0.6547 |     0.1967 |     0.7614 |    0.6474 |   2.91e-04 |     
   11 |     0.1850 |     0.7752 |    0.6643 |     0.1777 |     0.7851 |    0.6761 |   2.88e-04 |     
   12 |     0.1847 |     0.7750 |    0.6644 |     0.1820 |     0.7863 |    0.6777 |   2.86e-04 |     
   13 |     0.1819 |     0.7786 |    0.6681 |     0.1785 |     0.7822 |    0.6720 |   2.83e-04 |     
   14 |     0.1792 |     0.7815 |    0.6721 |     0.1710 |     0.7906 |    0.6822 |   2.80e-04 |     
   15 |     0.1799 |     0.7798 |    0.6700 |     0.1677 |     0.7939 |    0.6878 |   2.77e-04 |     
   16 |     0.1784 |     0.7828 |    0.6735 |     0.1778 |     0.7969 |    0.6907 |   2.74e-04 |     
   17 |     0.1800 |     0.7809 |    0.6717 |     0.1871 |     0.7775 |    0.6682 |   2.71e-04 |     
   18 |     0.1765 |     0.7859 |    0.6774 |     0.1763 |     0.7844 |    0.6744 |   2.67e-04 |     
   19 |     0.1725 |     0.7898 |    0.6825 |     0.1650 |     0.7980 |    0.6943 |   2.63e-04 |     
   20 |     0.1717 |     0.7911 |    0.6844 |     0.1718 |     0.7842 |    0.6753 |   2.59e-04 |     
   21 |     0.1702 |     0.7920 |    0.6849 |     0.1709 |     0.7905 |    0.6816 |   2.55e-04 |     
   22 |     0.1715 |     0.7907 |    0.6835 |     0.1778 |     0.7882 |    0.6809 |   2.51e-04 |     
   23 |     0.1702 |     0.7927 |    0.6865 |     0.1680 |     0.7894 |    0.6837 |   2.46e-04 |     
   24 |     0.1674 |     0.7964 |    0.6902 |     0.1675 |     0.8056 |    0.7029 |   2.42e-04 |     
   25 |     0.1664 |     0.7976 |    0.6919 |     0.1719 |     0.7939 |    0.6891 |   2.37e-04 |     
   26 |     0.1663 |     0.7975 |    0.6916 |     0.1635 |     0.7985 |    0.6924 |   2.32e-04 |     
   27 |     0.1632 |     0.8013 |    0.6966 |     0.1589 |     0.8088 |    0.7069 |   2.27e-04 |     
   28 |     0.1623 |     0.8031 |    0.6989 |     0.1645 |     0.8009 |    0.6963 |   2.22e-04 |     
   29 |     0.1611 |     0.8041 |    0.7006 |     0.1656 |     0.8001 |    0.6931 |   2.17e-04 |     
   30 |     0.1618 |     0.8040 |    0.6998 |     0.1588 |     0.8091 |    0.7079 |   2.11e-04 |     
   31 |     0.1594 |     0.8063 |    0.7029 |     0.1735 |     0.8039 |    0.6998 |   2.06e-04 |     
   32 |     0.1576 |     0.8091 |    0.7058 |     0.1622 |     0.8091 |    0.7070 |   2.00e-04 |     
   33 |     0.1577 |     0.8087 |    0.7056 |     0.1609 |     0.8024 |    0.6973 |   1.94e-04 |     
   34 |     0.1562 |     0.8101 |    0.7068 |     0.1622 |     0.8074 |    0.7042 |   1.89e-04 |     
   35 |     0.1543 |     0.8127 |    0.7105 |     0.1590 |     0.8114 |    0.7084 |   1.83e-04 |    *
--- R2 plus final-map regional overlap: global validation statistics ---
up4: ca=0.8864+/-0.1240, sa=1.0105+/-0.0106, amp=0.0000, suppress=0.0000, guide_abs=0.1447
up4 residuals: local_mean=7.397e-02, global_mean=0.0203, local_strength=0.1149, global_strength=0.1090, gain=[0.9907,1.0823], saturation=0.1327, text_film=0.0244
up4 haar: reconstruction_error=9.537e-07, skip_low/high=0.8191/0.1809, plam_low/high=1.0000/0.0000
up4 strengths: plam=0.9234, region=0.1149, detail=0.1090; residual_std region/detail/refine=0.3679/0.4041/0.3241
up4 guide_mix: entropy=0.9772, raw_low=0.3141, plam_low=0.2570, decoder_low=0.2770, detail=0.1518; agreement plam/decoder=0.4400/0.4543, support=0.7699+/-0.1278
up4 adaptive_frequency: ALPF strength=0.2448, weights=0.1614/0.6994/0.1392, sum=1.0000, entropy=0.7450, delta_std=0.0820; AHPF strength=0.0752, weights=0.3146/0.5191/0.1662, sum=1.0000, entropy=0.9093, residual_std=0.1006, scaled_std=0.0076
up3: ca=0.9844+/-0.1872, sa=1.0099+/-0.0063, amp=0.0000, suppress=0.0000, guide_abs=0.3350
up3 residuals: local_mean=3.663e-02, global_mean=0.0482, local_strength=0.1137, global_strength=0.1190, gain=[0.9810,1.0448], saturation=0.0000, text_film=0.0289
up3 haar: reconstruction_error=9.537e-07, skip_low/high=0.7939/0.2061, plam_low/high=1.0000/0.0000
up3 strengths: plam=0.9218, region=0.1137, detail=0.1190; residual_std region/detail/refine=0.3456/0.6183/0.5426
up3 guide_mix: entropy=0.9782, raw_low=0.3377, plam_low=0.2324, decoder_low=0.2624, detail=0.1674; agreement plam/decoder=0.6741/0.2579, support=0.7590+/-0.0606
up3 adaptive_frequency: ALPF strength=0.2855, weights=0.0895/0.3234/0.5871, sum=1.0000, entropy=0.7425, delta_std=0.0735; AHPF strength=0.1054, weights=0.7632/0.1460/0.0908, sum=1.0000, entropy=0.5868, residual_std=0.0582, scaled_std=0.0061
up2: ca=0.8826+/-0.1329, sa=1.0046+/-0.0031, amp=0.0000, suppress=0.0000, guide_abs=0.2133
up2 residuals: local_mean=1.842e-03, global_mean=0.0382, local_strength=0.1177, global_strength=0.1146, gain=[0.9703,1.0387], saturation=0.0000, text_film=0.0334
up2 haar: reconstruction_error=9.537e-07, skip_low/high=0.7850/0.2150, plam_low/high=1.0000/0.0000
up2 strengths: plam=0.8629, region=0.1177, detail=0.1146; residual_std region/detail/refine=0.2192/0.2822/0.1607
up2 guide_mix: entropy=0.9544, raw_low=0.3052, plam_low=0.1821, decoder_low=0.3646, detail=0.1482; agreement plam/decoder=0.6039/0.0597, support=0.5628+/-0.0353
up1: ca=0.8025+/-0.1479, sa=1.0034+/-0.0134, amp=0.0000, suppress=0.0000, guide_abs=0.2391
up1 residuals: local_mean=-1.972e-03, global_mean=0.0364, local_strength=0.1248, global_strength=0.1005, gain=[0.9024,1.0972], saturation=0.0527, text_film=0.0439
up1 haar: reconstruction_error=1.907e-06, skip_low/high=0.7301/0.2699, plam_low/high=1.0000/0.0000
up1 strengths: plam=0.9300, region=0.1248, detail=0.1005; residual_std region/detail/refine=0.5760/0.3849/0.1608
up1 guide_mix: entropy=0.9542, raw_low=0.2828, plam_low=0.2706, decoder_low=0.3343, detail=0.1124; agreement plam/decoder=0.3466/0.0316, support=0.7048+/-0.1141

========= Epoch [36/80] =========
RS1_Test_session_09.11_04h18
Training with batch size : 16
   [Train] Epoch: [36][20/357]  Loss:0.119 (Avg 0.1525) IoU:0.774 (Avg 0.7160) Dice:0.8689 (Avg 0.8153) LR 1.77e-04   (AvgTime 0.5)   
   [Train] Epoch: [36][40/357]  Loss:0.116 (Avg 0.1499) IoU:0.764 (Avg 0.7172) Dice:0.8554 (Avg 0.8170) LR 1.77e-04   (AvgTime 0.5)   
   [Train] Epoch: [36][60/357]  Loss:0.132 (Avg 0.1500) IoU:0.745 (Avg 0.7171) Dice:0.8426 (Avg 0.8168) LR 1.77e-04   (AvgTime 0.5)   
   [Train] Epoch: [36][80/357]  Loss:0.153 (Avg 0.1498) IoU:0.686 (Avg 0.7171) Dice:0.7967 (Avg 0.8175) LR 1.77e-04   (AvgTime 0.5)   
   [Train] Epoch: [36][100/357]  Loss:0.186 (Avg 0.1502) IoU:0.661 (Avg 0.7175) Dice:0.7669 (Avg 0.8176) LR 1.77e-04   (AvgTime 0.5)   
   [Train] Epoch: [36][120/357]  Loss:0.144 (Avg 0.1512) IoU:0.712 (Avg 0.7156) Dice:0.8225 (Avg 0.8162) LR 1.77e-04   (AvgTime 0.5)   
   [Train] Epoch: [36][140/357]  Loss:0.133 (Avg 0.1511) IoU:0.767 (Avg 0.7152) Dice:0.8546 (Avg 0.8160) LR 1.77e-04   (AvgTime 0.5)   
   [Train] Epoch: [36][160/357]  Loss:0.183 (Avg 0.1511) IoU:0.637 (Avg 0.7146) Dice:0.7639 (Avg 0.8157) LR 1.77e-04   (AvgTime 0.5)   
   [Train] Epoch: [36][180/357]  Loss:0.142 (Avg 0.1516) IoU:0.728 (Avg 0.7129) Dice:0.8193 (Avg 0.8145) LR 1.77e-04   (AvgTime 0.5)   
   [Train] Epoch: [36][200/357]  Loss:0.234 (Avg 0.1528) IoU:0.654 (Avg 0.7109) Dice:0.7460 (Avg 0.8127) LR 1.77e-04   (AvgTime 0.5)   
   [Train] Epoch: [36][220/357]  Loss:0.128 (Avg 0.1522) IoU:0.756 (Avg 0.7124) Dice:0.8408 (Avg 0.8141) LR 1.77e-04   (AvgTime 0.5)   
   [Train] Epoch: [36][240/357]  Loss:0.085 (Avg 0.1519) IoU:0.841 (Avg 0.7132) Dice:0.9122 (Avg 0.8148) LR 1.77e-04   (AvgTime 0.5)   
   [Train] Epoch: [36][260/357]  Loss:0.172 (Avg 0.1526) IoU:0.687 (Avg 0.7121) Dice:0.7802 (Avg 0.8138) LR 1.77e-04   (AvgTime 0.5)   
   [Train] Epoch: [36][280/357]  Loss:0.159 (Avg 0.1524) IoU:0.694 (Avg 0.7125) Dice:0.8074 (Avg 0.8142) LR 1.77e-04   (AvgTime 0.5)   
   [Train] Epoch: [36][300/357]  Loss:0.131 (Avg 0.1525) IoU:0.763 (Avg 0.7126) Dice:0.8502 (Avg 0.8143) LR 1.77e-04   (AvgTime 0.5)   
   [Train] Epoch: [36][320/357]  Loss:0.173 (Avg 0.1527) IoU:0.671 (Avg 0.7124) Dice:0.7862 (Avg 0.8142) LR 1.77e-04   (AvgTime 0.5)   
   [Train] Epoch: [36][340/357]  Loss:0.133 (Avg 0.1527) IoU:0.760 (Avg 0.7126) Dice:0.8543 (Avg 0.8143) LR 1.77e-04   (AvgTime 0.5)   
   [Train] Epoch: [36][357/357]  Loss:0.105 (Avg 0.1530) IoU:0.808 (Avg 0.7122) Dice:0.8882 (Avg 0.8139) LR 1.77e-04   (AvgTime 0.5)   
   [Train] Loss components: main_dice=0.156163, main_focal=0.052346, main=0.104255, region_raw=0.379558, region_weighted=0.048702, empty_window_fraction=0.000000, total=0.152957
Validation
   [Val] Epoch: [36][20/90]  Loss:0.186 (Avg 0.1573) IoU:0.673 (Avg 0.7204) Dice:0.7907 (Avg 0.8227) (AvgTime 0.2)   
   [Val] Epoch: [36][40/90]  Loss:0.144 (Avg 0.1654) IoU:0.728 (Avg 0.7035) Dice:0.8306 (Avg 0.8068) (AvgTime 0.2)   
   [Val] Epoch: [36][60/90]  Loss:0.190 (Avg 0.1567) IoU:0.660 (Avg 0.7127) Dice:0.7669 (Avg 0.8128) (AvgTime 0.2)   
   [Val] Epoch: [36][80/90]  Loss:0.144 (Avg 0.1556) IoU:0.716 (Avg 0.7112) Dice:0.8182 (Avg 0.8119) (AvgTime 0.2)   
   [Val] Epoch: [36][90/90]  Loss:0.188 (Avg 0.1560) IoU:0.604 (Avg 0.7104) Dice:0.7341 (Avg 0.8113) (AvgTime 0.2)   
   [Val] Loss components: main_dice=0.160427, main_focal=0.052722, main=0.106574, region_raw=0.385105, region_weighted=0.049414, empty_window_fraction=0.000000, total=0.155988
	 Saving best model by iou: 0.710362
	 Saving to Covid19/BetterLViT/rs1_global_iou/RS1_Test_session_09.11_04h18/models//best_model-BetterLViT.pth.tar
	 early_stopping_count: 0/80
--- Epoch History (1..36) ---
Epoch |  TrainLoss |  TrainDice |  TrainIoU |    ValLoss |    ValDice |    ValIoU |         LR | Best
    1 |     0.3274 |     0.6089 |    0.4797 |     0.3091 |     0.6203 |    0.4911 |   3.00e-04 |     
    2 |     0.2493 |     0.7003 |    0.5773 |     0.2277 |     0.7202 |    0.6053 |   3.00e-04 |     
    3 |     0.2258 |     0.7259 |    0.6062 |     0.2068 |     0.7560 |    0.6429 |   3.00e-04 |     
    4 |     0.2153 |     0.7383 |    0.6212 |     0.2013 |     0.7654 |    0.6509 |   2.99e-04 |     
    5 |     0.2041 |     0.7514 |    0.6359 |     0.1929 |     0.7592 |    0.6456 |   2.98e-04 |     
    6 |     0.2002 |     0.7575 |    0.6433 |     0.1994 |     0.7556 |    0.6374 |   2.97e-04 |     
    7 |     0.1959 |     0.7613 |    0.6476 |     0.1953 |     0.7677 |    0.6559 |   2.96e-04 |     
    8 |     0.1917 |     0.7652 |    0.6526 |     0.1819 |     0.7753 |    0.6638 |   2.94e-04 |     
    9 |     0.1890 |     0.7689 |    0.6569 |     0.1877 |     0.7648 |    0.6526 |   2.92e-04 |     
   10 |     0.1909 |     0.7674 |    0.6547 |     0.1967 |     0.7614 |    0.6474 |   2.91e-04 |     
   11 |     0.1850 |     0.7752 |    0.6643 |     0.1777 |     0.7851 |    0.6761 |   2.88e-04 |     
   12 |     0.1847 |     0.7750 |    0.6644 |     0.1820 |     0.7863 |    0.6777 |   2.86e-04 |     
   13 |     0.1819 |     0.7786 |    0.6681 |     0.1785 |     0.7822 |    0.6720 |   2.83e-04 |     
   14 |     0.1792 |     0.7815 |    0.6721 |     0.1710 |     0.7906 |    0.6822 |   2.80e-04 |     
   15 |     0.1799 |     0.7798 |    0.6700 |     0.1677 |     0.7939 |    0.6878 |   2.77e-04 |     
   16 |     0.1784 |     0.7828 |    0.6735 |     0.1778 |     0.7969 |    0.6907 |   2.74e-04 |     
   17 |     0.1800 |     0.7809 |    0.6717 |     0.1871 |     0.7775 |    0.6682 |   2.71e-04 |     
   18 |     0.1765 |     0.7859 |    0.6774 |     0.1763 |     0.7844 |    0.6744 |   2.67e-04 |     
   19 |     0.1725 |     0.7898 |    0.6825 |     0.1650 |     0.7980 |    0.6943 |   2.63e-04 |     
   20 |     0.1717 |     0.7911 |    0.6844 |     0.1718 |     0.7842 |    0.6753 |   2.59e-04 |     
   21 |     0.1702 |     0.7920 |    0.6849 |     0.1709 |     0.7905 |    0.6816 |   2.55e-04 |     
   22 |     0.1715 |     0.7907 |    0.6835 |     0.1778 |     0.7882 |    0.6809 |   2.51e-04 |     
   23 |     0.1702 |     0.7927 |    0.6865 |     0.1680 |     0.7894 |    0.6837 |   2.46e-04 |     
   24 |     0.1674 |     0.7964 |    0.6902 |     0.1675 |     0.8056 |    0.7029 |   2.42e-04 |     
   25 |     0.1664 |     0.7976 |    0.6919 |     0.1719 |     0.7939 |    0.6891 |   2.37e-04 |     
   26 |     0.1663 |     0.7975 |    0.6916 |     0.1635 |     0.7985 |    0.6924 |   2.32e-04 |     
   27 |     0.1632 |     0.8013 |    0.6966 |     0.1589 |     0.8088 |    0.7069 |   2.27e-04 |     
   28 |     0.1623 |     0.8031 |    0.6989 |     0.1645 |     0.8009 |    0.6963 |   2.22e-04 |     
   29 |     0.1611 |     0.8041 |    0.7006 |     0.1656 |     0.8001 |    0.6931 |   2.17e-04 |     
   30 |     0.1618 |     0.8040 |    0.6998 |     0.1588 |     0.8091 |    0.7079 |   2.11e-04 |     
   31 |     0.1594 |     0.8063 |    0.7029 |     0.1735 |     0.8039 |    0.6998 |   2.06e-04 |     
   32 |     0.1576 |     0.8091 |    0.7058 |     0.1622 |     0.8091 |    0.7070 |   2.00e-04 |     
   33 |     0.1577 |     0.8087 |    0.7056 |     0.1609 |     0.8024 |    0.6973 |   1.94e-04 |     
   34 |     0.1562 |     0.8101 |    0.7068 |     0.1622 |     0.8074 |    0.7042 |   1.89e-04 |     
   35 |     0.1543 |     0.8127 |    0.7105 |     0.1590 |     0.8114 |    0.7084 |   1.83e-04 |     
   36 |     0.1530 |     0.8139 |    0.7122 |     0.1560 |     0.8113 |    0.7104 |   1.77e-04 |    *
--- R2 plus final-map regional overlap: global validation statistics ---
up4: ca=0.8880+/-0.1244, sa=1.0109+/-0.0107, amp=0.0000, suppress=0.0000, guide_abs=0.1539
up4 residuals: local_mean=7.566e-02, global_mean=0.0218, local_strength=0.1149, global_strength=0.1095, gain=[0.9905,1.0803], saturation=0.1520, text_film=0.0252
up4 haar: reconstruction_error=9.537e-07, skip_low/high=0.8165/0.1835, plam_low/high=1.0000/0.0000
up4 strengths: plam=0.9227, region=0.1149, detail=0.1095; residual_std region/detail/refine=0.3804/0.4112/0.3388
up4 guide_mix: entropy=0.9765, raw_low=0.3059, plam_low=0.2525, decoder_low=0.2916, detail=0.1500; agreement plam/decoder=0.5636/0.5323, support=0.7789+/-0.1232
up4 adaptive_frequency: ALPF strength=0.2456, weights=0.1567/0.7067/0.1367, sum=1.0000, entropy=0.7349, delta_std=0.0805; AHPF strength=0.0750, weights=0.3203/0.5148/0.1649, sum=1.0000, entropy=0.9103, residual_std=0.0955, scaled_std=0.0072
up3: ca=0.9822+/-0.1879, sa=1.0104+/-0.0066, amp=0.0000, suppress=0.0000, guide_abs=0.3413
up3 residuals: local_mean=3.751e-02, global_mean=0.0514, local_strength=0.1138, global_strength=0.1192, gain=[0.9830,1.0481], saturation=0.0000, text_film=0.0363
up3 haar: reconstruction_error=9.537e-07, skip_low/high=0.7976/0.2024, plam_low/high=1.0000/0.0000
up3 strengths: plam=0.9210, region=0.1138, detail=0.1192; residual_std region/detail/refine=0.3540/0.6234/0.5480
up3 guide_mix: entropy=0.9779, raw_low=0.3339, plam_low=0.2329, decoder_low=0.2688, detail=0.1645; agreement plam/decoder=0.6376/0.1506, support=0.7738+/-0.0618
up3 adaptive_frequency: ALPF strength=0.2870, weights=0.0792/0.3046/0.6162, sum=1.0000, entropy=0.7086, delta_std=0.0726; AHPF strength=0.1058, weights=0.7593/0.1454/0.0953, sum=1.0000, entropy=0.5950, residual_std=0.0595, scaled_std=0.0063
up2: ca=0.8784+/-0.1291, sa=1.0046+/-0.0031, amp=0.0000, suppress=0.0000, guide_abs=0.2012
up2 residuals: local_mean=1.645e-03, global_mean=0.0384, local_strength=0.1179, global_strength=0.1147, gain=[0.9686,1.0369], saturation=0.0000, text_film=0.0383
up2 haar: reconstruction_error=1.237e-06, skip_low/high=0.7871/0.2129, plam_low/high=1.0000/0.0000
up2 strengths: plam=0.8614, region=0.1179, detail=0.1147; residual_std region/detail/refine=0.2188/0.2815/0.1608
up2 guide_mix: entropy=0.9542, raw_low=0.3110, plam_low=0.1796, decoder_low=0.3608, detail=0.1487; agreement plam/decoder=0.6214/0.0511, support=0.5633+/-0.0365
up1: ca=0.8113+/-0.1437, sa=1.0033+/-0.0134, amp=0.0000, suppress=0.0000, guide_abs=0.2485
up1 residuals: local_mean=-2.849e-03, global_mean=0.0370, local_strength=0.1249, global_strength=0.1004, gain=[0.9026,1.0970], saturation=0.0594, text_film=0.0527
up1 haar: reconstruction_error=2.384e-06, skip_low/high=0.7467/0.2533, plam_low/high=1.0000/0.0000
up1 strengths: plam=0.9296, region=0.1249, detail=0.1004; residual_std region/detail/refine=0.5972/0.3892/0.1621
up1 guide_mix: entropy=0.9496, raw_low=0.3057, plam_low=0.2374, decoder_low=0.3446, detail=0.1123; agreement plam/decoder=0.4804/-0.1578, support=0.7229+/-0.1166

========= Epoch [37/80] =========
RS1_Test_session_09.11_04h18
Training with batch size : 16
   [Train] Epoch: [37][20/357]  Loss:0.132 (Avg 0.1488) IoU:0.727 (Avg 0.7187) Dice:0.8342 (Avg 0.8178) LR 1.71e-04   (AvgTime 0.5)   
   [Train] Epoch: [37][40/357]  Loss:0.143 (Avg 0.1535) IoU:0.720 (Avg 0.7117) Dice:0.8224 (Avg 0.8116) LR 1.71e-04   (AvgTime 0.5)   
   [Train] Epoch: [37][60/357]  Loss:0.117 (Avg 0.1549) IoU:0.763 (Avg 0.7104) Dice:0.8571 (Avg 0.8116) LR 1.71e-04   (AvgTime 0.6)   
   [Train] Epoch: [37][80/357]  Loss:0.147 (Avg 0.1534) IoU:0.696 (Avg 0.7121) Dice:0.8122 (Avg 0.8137) LR 1.71e-04   (AvgTime 0.5)   
   [Train] Epoch: [37][100/357]  Loss:0.143 (Avg 0.1512) IoU:0.729 (Avg 0.7153) Dice:0.8273 (Avg 0.8160) LR 1.71e-04   (AvgTime 0.5)   
   [Train] Epoch: [37][120/357]  Loss:0.140 (Avg 0.1508) IoU:0.704 (Avg 0.7152) Dice:0.8151 (Avg 0.8163) LR 1.71e-04   (AvgTime 0.5)   
   [Train] Epoch: [37][140/357]  Loss:0.166 (Avg 0.1495) IoU:0.702 (Avg 0.7182) Dice:0.8029 (Avg 0.8186) LR 1.71e-04   (AvgTime 0.5)   
   [Train] Epoch: [37][160/357]  Loss:0.189 (Avg 0.1512) IoU:0.634 (Avg 0.7155) Dice:0.7466 (Avg 0.8163) LR 1.71e-04   (AvgTime 0.5)   
   [Train] Epoch: [37][180/357]  Loss:0.141 (Avg 0.1522) IoU:0.727 (Avg 0.7136) Dice:0.8298 (Avg 0.8145) LR 1.71e-04   (AvgTime 0.5)   
   [Train] Epoch: [37][200/357]  Loss:0.191 (Avg 0.1520) IoU:0.681 (Avg 0.7145) Dice:0.7776 (Avg 0.8152) LR 1.71e-04   (AvgTime 0.5)   
   [Train] Epoch: [37][220/357]  Loss:0.148 (Avg 0.1517) IoU:0.717 (Avg 0.7146) Dice:0.8272 (Avg 0.8156) LR 1.71e-04   (AvgTime 0.5)   
   [Train] Epoch: [37][240/357]  Loss:0.162 (Avg 0.1523) IoU:0.702 (Avg 0.7135) Dice:0.8132 (Avg 0.8147) LR 1.71e-04   (AvgTime 0.5)   
   [Train] Epoch: [37][260/357]  Loss:0.154 (Avg 0.1532) IoU:0.690 (Avg 0.7114) Dice:0.8028 (Avg 0.8131) LR 1.71e-04   (AvgTime 0.5)   
   [Train] Epoch: [37][280/357]  Loss:0.166 (Avg 0.1528) IoU:0.682 (Avg 0.7122) Dice:0.7801 (Avg 0.8138) LR 1.71e-04   (AvgTime 0.5)   
   [Train] Epoch: [37][300/357]  Loss:0.125 (Avg 0.1530) IoU:0.755 (Avg 0.7123) Dice:0.8541 (Avg 0.8138) LR 1.71e-04   (AvgTime 0.5)   
   [Train] Epoch: [37][320/357]  Loss:0.168 (Avg 0.1535) IoU:0.662 (Avg 0.7113) Dice:0.7831 (Avg 0.8129) LR 1.71e-04   (AvgTime 0.5)   
   [Train] Epoch: [37][340/357]  Loss:0.240 (Avg 0.1544) IoU:0.572 (Avg 0.7101) Dice:0.6848 (Avg 0.8120) LR 1.71e-04   (AvgTime 0.5)   
   [Train] Epoch: [37][357/357]  Loss:0.121 (Avg 0.1544) IoU:0.770 (Avg 0.7103) Dice:0.8452 (Avg 0.8121) LR 1.71e-04   (AvgTime 0.5)   
   [Train] Loss components: main_dice=0.157990, main_focal=0.052788, main=0.105389, region_raw=0.381612, region_weighted=0.048965, empty_window_fraction=0.000000, total=0.154355
Validation
   [Val] Epoch: [37][20/90]  Loss:0.187 (Avg 0.1562) IoU:0.672 (Avg 0.7114) Dice:0.7869 (Avg 0.8163) (AvgTime 0.2)   
   [Val] Epoch: [37][40/90]  Loss:0.155 (Avg 0.1652) IoU:0.700 (Avg 0.6939) Dice:0.8107 (Avg 0.7999) (AvgTime 0.2)   
   [Val] Epoch: [37][60/90]  Loss:0.191 (Avg 0.1575) IoU:0.650 (Avg 0.7029) Dice:0.7571 (Avg 0.8060) (AvgTime 0.2)   
   [Val] Epoch: [37][80/90]  Loss:0.151 (Avg 0.1575) IoU:0.703 (Avg 0.7005) Dice:0.8113 (Avg 0.8047) (AvgTime 0.2)   
   [Val] Epoch: [37][90/90]  Loss:0.190 (Avg 0.1576) IoU:0.619 (Avg 0.7006) Dice:0.7456 (Avg 0.8048) (AvgTime 0.2)   
   [Val] Loss components: main_dice=0.166920, main_focal=0.046030, main=0.106475, region_raw=0.398737, region_weighted=0.051163, empty_window_fraction=0.000000, total=0.157638
	 No iou improvement; selected epoch 36
	 early_stopping_count: 1/80
--- Epoch History (1..37) ---
Epoch |  TrainLoss |  TrainDice |  TrainIoU |    ValLoss |    ValDice |    ValIoU |         LR | Best
    1 |     0.3274 |     0.6089 |    0.4797 |     0.3091 |     0.6203 |    0.4911 |   3.00e-04 |     
    2 |     0.2493 |     0.7003 |    0.5773 |     0.2277 |     0.7202 |    0.6053 |   3.00e-04 |     
    3 |     0.2258 |     0.7259 |    0.6062 |     0.2068 |     0.7560 |    0.6429 |   3.00e-04 |     
    4 |     0.2153 |     0.7383 |    0.6212 |     0.2013 |     0.7654 |    0.6509 |   2.99e-04 |     
    5 |     0.2041 |     0.7514 |    0.6359 |     0.1929 |     0.7592 |    0.6456 |   2.98e-04 |     
    6 |     0.2002 |     0.7575 |    0.6433 |     0.1994 |     0.7556 |    0.6374 |   2.97e-04 |     
    7 |     0.1959 |     0.7613 |    0.6476 |     0.1953 |     0.7677 |    0.6559 |   2.96e-04 |     
    8 |     0.1917 |     0.7652 |    0.6526 |     0.1819 |     0.7753 |    0.6638 |   2.94e-04 |     
    9 |     0.1890 |     0.7689 |    0.6569 |     0.1877 |     0.7648 |    0.6526 |   2.92e-04 |     
   10 |     0.1909 |     0.7674 |    0.6547 |     0.1967 |     0.7614 |    0.6474 |   2.91e-04 |     
   11 |     0.1850 |     0.7752 |    0.6643 |     0.1777 |     0.7851 |    0.6761 |   2.88e-04 |     
   12 |     0.1847 |     0.7750 |    0.6644 |     0.1820 |     0.7863 |    0.6777 |   2.86e-04 |     
   13 |     0.1819 |     0.7786 |    0.6681 |     0.1785 |     0.7822 |    0.6720 |   2.83e-04 |     
   14 |     0.1792 |     0.7815 |    0.6721 |     0.1710 |     0.7906 |    0.6822 |   2.80e-04 |     
   15 |     0.1799 |     0.7798 |    0.6700 |     0.1677 |     0.7939 |    0.6878 |   2.77e-04 |     
   16 |     0.1784 |     0.7828 |    0.6735 |     0.1778 |     0.7969 |    0.6907 |   2.74e-04 |     
   17 |     0.1800 |     0.7809 |    0.6717 |     0.1871 |     0.7775 |    0.6682 |   2.71e-04 |     
   18 |     0.1765 |     0.7859 |    0.6774 |     0.1763 |     0.7844 |    0.6744 |   2.67e-04 |     
   19 |     0.1725 |     0.7898 |    0.6825 |     0.1650 |     0.7980 |    0.6943 |   2.63e-04 |     
   20 |     0.1717 |     0.7911 |    0.6844 |     0.1718 |     0.7842 |    0.6753 |   2.59e-04 |     
   21 |     0.1702 |     0.7920 |    0.6849 |     0.1709 |     0.7905 |    0.6816 |   2.55e-04 |     
   22 |     0.1715 |     0.7907 |    0.6835 |     0.1778 |     0.7882 |    0.6809 |   2.51e-04 |     
   23 |     0.1702 |     0.7927 |    0.6865 |     0.1680 |     0.7894 |    0.6837 |   2.46e-04 |     
   24 |     0.1674 |     0.7964 |    0.6902 |     0.1675 |     0.8056 |    0.7029 |   2.42e-04 |     
   25 |     0.1664 |     0.7976 |    0.6919 |     0.1719 |     0.7939 |    0.6891 |   2.37e-04 |     
   26 |     0.1663 |     0.7975 |    0.6916 |     0.1635 |     0.7985 |    0.6924 |   2.32e-04 |     
   27 |     0.1632 |     0.8013 |    0.6966 |     0.1589 |     0.8088 |    0.7069 |   2.27e-04 |     
   28 |     0.1623 |     0.8031 |    0.6989 |     0.1645 |     0.8009 |    0.6963 |   2.22e-04 |     
   29 |     0.1611 |     0.8041 |    0.7006 |     0.1656 |     0.8001 |    0.6931 |   2.17e-04 |     
   30 |     0.1618 |     0.8040 |    0.6998 |     0.1588 |     0.8091 |    0.7079 |   2.11e-04 |     
   31 |     0.1594 |     0.8063 |    0.7029 |     0.1735 |     0.8039 |    0.6998 |   2.06e-04 |     
   32 |     0.1576 |     0.8091 |    0.7058 |     0.1622 |     0.8091 |    0.7070 |   2.00e-04 |     
   33 |     0.1577 |     0.8087 |    0.7056 |     0.1609 |     0.8024 |    0.6973 |   1.94e-04 |     
   34 |     0.1562 |     0.8101 |    0.7068 |     0.1622 |     0.8074 |    0.7042 |   1.89e-04 |     
   35 |     0.1543 |     0.8127 |    0.7105 |     0.1590 |     0.8114 |    0.7084 |   1.83e-04 |     
   36 |     0.1530 |     0.8139 |    0.7122 |     0.1560 |     0.8113 |    0.7104 |   1.77e-04 |    *
   37 |     0.1544 |     0.8121 |    0.7103 |     0.1576 |     0.8048 |    0.7006 |   1.71e-04 |     
--- R2 plus final-map regional overlap: global validation statistics ---
up4: ca=0.8903+/-0.1237, sa=1.0094+/-0.0099, amp=0.0000, suppress=0.0000, guide_abs=0.1491
up4 residuals: local_mean=7.087e-02, global_mean=0.0126, local_strength=0.1151, global_strength=0.1100, gain=[0.9860,1.0777], saturation=0.1153, text_film=0.0240
up4 haar: reconstruction_error=9.537e-07, skip_low/high=0.8158/0.1842, plam_low/high=1.0000/0.0000
up4 strengths: plam=0.9221, region=0.1151, detail=0.1100; residual_std region/detail/refine=0.3921/0.4141/0.3424
up4 guide_mix: entropy=0.9786, raw_low=0.3115, plam_low=0.2634, decoder_low=0.2712, detail=0.1539; agreement plam/decoder=0.4164/0.5532, support=0.7645+/-0.1232
up4 adaptive_frequency: ALPF strength=0.2465, weights=0.1522/0.7000/0.1478, sum=1.0000, entropy=0.7419, delta_std=0.0828; AHPF strength=0.0750, weights=0.3031/0.5356/0.1613, sum=1.0000, entropy=0.8950, residual_std=0.1020, scaled_std=0.0076
up3: ca=0.9825+/-0.1862, sa=1.0104+/-0.0065, amp=0.0000, suppress=0.0000, guide_abs=0.3412
up3 residuals: local_mean=3.605e-02, global_mean=0.0531, local_strength=0.1139, global_strength=0.1193, gain=[0.9760,1.0577], saturation=0.0000, text_film=0.0355
up3 haar: reconstruction_error=9.537e-07, skip_low/high=0.7969/0.2031, plam_low/high=1.0000/0.0000
up3 strengths: plam=0.9201, region=0.1139, detail=0.1193; residual_std region/detail/refine=0.3583/0.6188/0.5454
up3 guide_mix: entropy=0.9782, raw_low=0.3301, plam_low=0.2426, decoder_low=0.2659, detail=0.1614; agreement plam/decoder=0.6278/0.1964, support=0.7770+/-0.0605
up3 adaptive_frequency: ALPF strength=0.2884, weights=0.0933/0.3362/0.5706, sum=1.0000, entropy=0.7146, delta_std=0.0759; AHPF strength=0.1062, weights=0.6737/0.1928/0.1335, sum=1.0000, entropy=0.6887, residual_std=0.0757, scaled_std=0.0080
up2: ca=0.8973+/-0.1254, sa=1.0045+/-0.0032, amp=0.0000, suppress=0.0000, guide_abs=0.1922
up2 residuals: local_mean=1.133e-03, global_mean=0.0379, local_strength=0.1180, global_strength=0.1149, gain=[0.9714,1.0389], saturation=0.0000, text_film=0.0363
up2 haar: reconstruction_error=9.537e-07, skip_low/high=0.7879/0.2121, plam_low/high=1.0000/0.0000
up2 strengths: plam=0.8601, region=0.1180, detail=0.1149; residual_std region/detail/refine=0.2242/0.2816/0.1602
up2 guide_mix: entropy=0.9542, raw_low=0.3009, plam_low=0.1851, decoder_low=0.3676, detail=0.1463; agreement plam/decoder=0.4783/-0.0163, support=0.5661+/-0.0449
up1: ca=0.8143+/-0.1386, sa=1.0033+/-0.0137, amp=0.0000, suppress=0.0000, guide_abs=0.2563
up1 residuals: local_mean=-3.285e-03, global_mean=0.0368, local_strength=0.1251, global_strength=0.1006, gain=[0.9026,1.0969], saturation=0.0694, text_film=0.0460
up1 haar: reconstruction_error=2.056e-06, skip_low/high=0.7365/0.2635, plam_low/high=1.0000/0.0000
up1 strengths: plam=0.9290, region=0.1251, detail=0.1006; residual_std region/detail/refine=0.5955/0.4003/0.1653
up1 guide_mix: entropy=0.9482, raw_low=0.2852, plam_low=0.2566, decoder_low=0.3503, detail=0.1079; agreement plam/decoder=0.2646/0.0034, support=0.7349+/-0.1198

========= Epoch [38/80] =========
RS1_Test_session_09.11_04h18
Training with batch size : 16
   [Train] Epoch: [38][20/357]  Loss:0.187 (Avg 0.1458) IoU:0.623 (Avg 0.7224) Dice:0.7473 (Avg 0.8227) LR 1.65e-04   (AvgTime 0.6)   
   [Train] Epoch: [38][40/357]  Loss:0.104 (Avg 0.1496) IoU:0.811 (Avg 0.7184) Dice:0.8921 (Avg 0.8195) LR 1.65e-04   (AvgTime 0.6)   
   [Train] Epoch: [38][60/357]  Loss:0.076 (Avg 0.1527) IoU:0.854 (Avg 0.7139) Dice:0.9178 (Avg 0.8154) LR 1.65e-04   (AvgTime 0.6)   
   [Train] Epoch: [38][80/357]  Loss:0.181 (Avg 0.1505) IoU:0.691 (Avg 0.7170) Dice:0.7807 (Avg 0.8176) LR 1.65e-04   (AvgTime 0.6)   
   [Train] Epoch: [38][100/357]  Loss:0.148 (Avg 0.1505) IoU:0.731 (Avg 0.7178) Dice:0.8316 (Avg 0.8184) LR 1.65e-04   (AvgTime 0.6)   
   [Train] Epoch: [38][120/357]  Loss:0.156 (Avg 0.1504) IoU:0.692 (Avg 0.7166) Dice:0.7954 (Avg 0.8175) LR 1.65e-04   (AvgTime 0.6)   
   [Train] Epoch: [38][140/357]  Loss:0.124 (Avg 0.1509) IoU:0.772 (Avg 0.7157) Dice:0.8562 (Avg 0.8170) LR 1.65e-04   (AvgTime 0.6)   
   [Train] Epoch: [38][160/357]  Loss:0.155 (Avg 0.1507) IoU:0.711 (Avg 0.7159) Dice:0.8120 (Avg 0.8173) LR 1.65e-04   (AvgTime 0.6)   
   [Train] Epoch: [38][180/357]  Loss:0.158 (Avg 0.1505) IoU:0.702 (Avg 0.7164) Dice:0.7830 (Avg 0.8177) LR 1.65e-04   (AvgTime 0.6)   
   [Train] Epoch: [38][200/357]  Loss:0.125 (Avg 0.1493) IoU:0.743 (Avg 0.7175) Dice:0.8460 (Avg 0.8188) LR 1.65e-04   (AvgTime 0.6)   
   [Train] Epoch: [38][220/357]  Loss:0.147 (Avg 0.1486) IoU:0.736 (Avg 0.7190) Dice:0.8331 (Avg 0.8197) LR 1.65e-04   (AvgTime 0.6)   
   [Train] Epoch: [38][240/357]  Loss:0.197 (Avg 0.1488) IoU:0.625 (Avg 0.7182) Dice:0.7366 (Avg 0.8192) LR 1.65e-04   (AvgTime 0.5)   
   [Train] Epoch: [38][260/357]  Loss:0.131 (Avg 0.1488) IoU:0.774 (Avg 0.7183) Dice:0.8652 (Avg 0.8192) LR 1.65e-04   (AvgTime 0.6)   
   [Train] Epoch: [38][280/357]  Loss:0.169 (Avg 0.1489) IoU:0.683 (Avg 0.7183) Dice:0.7935 (Avg 0.8192) LR 1.65e-04   (AvgTime 0.5)   
   [Train] Epoch: [38][300/357]  Loss:0.153 (Avg 0.1493) IoU:0.703 (Avg 0.7179) Dice:0.8123 (Avg 0.8188) LR 1.65e-04   (AvgTime 0.5)   
   [Train] Epoch: [38][320/357]  Loss:0.142 (Avg 0.1507) IoU:0.714 (Avg 0.7159) Dice:0.8239 (Avg 0.8171) LR 1.65e-04   (AvgTime 0.5)   
   [Train] Epoch: [38][340/357]  Loss:0.155 (Avg 0.1515) IoU:0.723 (Avg 0.7149) Dice:0.8263 (Avg 0.8163) LR 1.65e-04   (AvgTime 0.5)   
   [Train] Epoch: [38][357/357]  Loss:0.165 (Avg 0.1519) IoU:0.695 (Avg 0.7140) Dice:0.7843 (Avg 0.8155) LR 1.65e-04   (AvgTime 0.5)   
   [Train] Loss components: main_dice=0.154972, main_focal=0.052110, main=0.103541, region_raw=0.377105, region_weighted=0.048387, empty_window_fraction=0.000000, total=0.151928
Validation
   [Val] Epoch: [38][20/90]  Loss:0.194 (Avg 0.1621) IoU:0.659 (Avg 0.7102) Dice:0.7755 (Avg 0.8147) (AvgTime 0.3)   
   [Val] Epoch: [38][40/90]  Loss:0.150 (Avg 0.1680) IoU:0.710 (Avg 0.6945) Dice:0.8162 (Avg 0.7995) (AvgTime 0.2)   
   [Val] Epoch: [38][60/90]  Loss:0.202 (Avg 0.1604) IoU:0.643 (Avg 0.7035) Dice:0.7523 (Avg 0.8050) (AvgTime 0.2)   
   [Val] Epoch: [38][80/90]  Loss:0.161 (Avg 0.1598) IoU:0.682 (Avg 0.7009) Dice:0.7908 (Avg 0.8033) (AvgTime 0.2)   
   [Val] Epoch: [38][90/90]  Loss:0.187 (Avg 0.1594) IoU:0.638 (Avg 0.7011) Dice:0.7639 (Avg 0.8036) (AvgTime 0.2)   
   [Val] Loss components: main_dice=0.167074, main_focal=0.051636, main=0.109355, region_raw=0.389650, region_weighted=0.049997, empty_window_fraction=0.000000, total=0.159352
	 No iou improvement; selected epoch 36
	 early_stopping_count: 2/80
--- Epoch History (1..38) ---
Epoch |  TrainLoss |  TrainDice |  TrainIoU |    ValLoss |    ValDice |    ValIoU |         LR | Best
    1 |     0.3274 |     0.6089 |    0.4797 |     0.3091 |     0.6203 |    0.4911 |   3.00e-04 |     
    2 |     0.2493 |     0.7003 |    0.5773 |     0.2277 |     0.7202 |    0.6053 |   3.00e-04 |     
    3 |     0.2258 |     0.7259 |    0.6062 |     0.2068 |     0.7560 |    0.6429 |   3.00e-04 |     
    4 |     0.2153 |     0.7383 |    0.6212 |     0.2013 |     0.7654 |    0.6509 |   2.99e-04 |     
    5 |     0.2041 |     0.7514 |    0.6359 |     0.1929 |     0.7592 |    0.6456 |   2.98e-04 |     
    6 |     0.2002 |     0.7575 |    0.6433 |     0.1994 |     0.7556 |    0.6374 |   2.97e-04 |     
    7 |     0.1959 |     0.7613 |    0.6476 |     0.1953 |     0.7677 |    0.6559 |   2.96e-04 |     
    8 |     0.1917 |     0.7652 |    0.6526 |     0.1819 |     0.7753 |    0.6638 |   2.94e-04 |     
    9 |     0.1890 |     0.7689 |    0.6569 |     0.1877 |     0.7648 |    0.6526 |   2.92e-04 |     
   10 |     0.1909 |     0.7674 |    0.6547 |     0.1967 |     0.7614 |    0.6474 |   2.91e-04 |     
   11 |     0.1850 |     0.7752 |    0.6643 |     0.1777 |     0.7851 |    0.6761 |   2.88e-04 |     
   12 |     0.1847 |     0.7750 |    0.6644 |     0.1820 |     0.7863 |    0.6777 |   2.86e-04 |     
   13 |     0.1819 |     0.7786 |    0.6681 |     0.1785 |     0.7822 |    0.6720 |   2.83e-04 |     
   14 |     0.1792 |     0.7815 |    0.6721 |     0.1710 |     0.7906 |    0.6822 |   2.80e-04 |     
   15 |     0.1799 |     0.7798 |    0.6700 |     0.1677 |     0.7939 |    0.6878 |   2.77e-04 |     
   16 |     0.1784 |     0.7828 |    0.6735 |     0.1778 |     0.7969 |    0.6907 |   2.74e-04 |     
   17 |     0.1800 |     0.7809 |    0.6717 |     0.1871 |     0.7775 |    0.6682 |   2.71e-04 |     
   18 |     0.1765 |     0.7859 |    0.6774 |     0.1763 |     0.7844 |    0.6744 |   2.67e-04 |     
   19 |     0.1725 |     0.7898 |    0.6825 |     0.1650 |     0.7980 |    0.6943 |   2.63e-04 |     
   20 |     0.1717 |     0.7911 |    0.6844 |     0.1718 |     0.7842 |    0.6753 |   2.59e-04 |     
   21 |     0.1702 |     0.7920 |    0.6849 |     0.1709 |     0.7905 |    0.6816 |   2.55e-04 |     
   22 |     0.1715 |     0.7907 |    0.6835 |     0.1778 |     0.7882 |    0.6809 |   2.51e-04 |     
   23 |     0.1702 |     0.7927 |    0.6865 |     0.1680 |     0.7894 |    0.6837 |   2.46e-04 |     
   24 |     0.1674 |     0.7964 |    0.6902 |     0.1675 |     0.8056 |    0.7029 |   2.42e-04 |     
   25 |     0.1664 |     0.7976 |    0.6919 |     0.1719 |     0.7939 |    0.6891 |   2.37e-04 |     
   26 |     0.1663 |     0.7975 |    0.6916 |     0.1635 |     0.7985 |    0.6924 |   2.32e-04 |     
   27 |     0.1632 |     0.8013 |    0.6966 |     0.1589 |     0.8088 |    0.7069 |   2.27e-04 |     
   28 |     0.1623 |     0.8031 |    0.6989 |     0.1645 |     0.8009 |    0.6963 |   2.22e-04 |     
   29 |     0.1611 |     0.8041 |    0.7006 |     0.1656 |     0.8001 |    0.6931 |   2.17e-04 |     
   30 |     0.1618 |     0.8040 |    0.6998 |     0.1588 |     0.8091 |    0.7079 |   2.11e-04 |     
   31 |     0.1594 |     0.8063 |    0.7029 |     0.1735 |     0.8039 |    0.6998 |   2.06e-04 |     
   32 |     0.1576 |     0.8091 |    0.7058 |     0.1622 |     0.8091 |    0.7070 |   2.00e-04 |     
   33 |     0.1577 |     0.8087 |    0.7056 |     0.1609 |     0.8024 |    0.6973 |   1.94e-04 |     
   34 |     0.1562 |     0.8101 |    0.7068 |     0.1622 |     0.8074 |    0.7042 |   1.89e-04 |     
   35 |     0.1543 |     0.8127 |    0.7105 |     0.1590 |     0.8114 |    0.7084 |   1.83e-04 |     
   36 |     0.1530 |     0.8139 |    0.7122 |     0.1560 |     0.8113 |    0.7104 |   1.77e-04 |    *
   37 |     0.1544 |     0.8121 |    0.7103 |     0.1576 |     0.8048 |    0.7006 |   1.71e-04 |     
   38 |     0.1519 |     0.8155 |    0.7140 |     0.1594 |     0.8036 |    0.7011 |   1.65e-04 |     
--- R2 plus final-map regional overlap: global validation statistics ---
up4: ca=0.8842+/-0.1226, sa=1.0102+/-0.0095, amp=0.0000, suppress=0.0000, guide_abs=0.1615
up4 residuals: local_mean=7.067e-02, global_mean=0.0201, local_strength=0.1151, global_strength=0.1106, gain=[0.9890,1.0772], saturation=0.1092, text_film=0.0249
up4 haar: reconstruction_error=4.768e-07, skip_low/high=0.8111/0.1889, plam_low/high=1.0000/0.0000
up4 strengths: plam=0.9212, region=0.1151, detail=0.1106; residual_std region/detail/refine=0.3755/0.4008/0.3330
up4 guide_mix: entropy=0.9779, raw_low=0.3059, plam_low=0.2726, decoder_low=0.2706, detail=0.1509; agreement plam/decoder=0.4108/0.3893, support=0.7733+/-0.1170
up4 adaptive_frequency: ALPF strength=0.2467, weights=0.1561/0.7068/0.1371, sum=1.0000, entropy=0.7346, delta_std=0.0766; AHPF strength=0.0749, weights=0.3099/0.5227/0.1675, sum=1.0000, entropy=0.9084, residual_std=0.0956, scaled_std=0.0072
up3: ca=0.9660+/-0.1855, sa=1.0097+/-0.0060, amp=0.0000, suppress=0.0000, guide_abs=0.3331
up3 residuals: local_mean=3.346e-02, global_mean=0.0494, local_strength=0.1140, global_strength=0.1195, gain=[0.9769,1.0487], saturation=0.0000, text_film=0.0425
up3 haar: reconstruction_error=9.537e-07, skip_low/high=0.7935/0.2065, plam_low/high=1.0000/0.0000
up3 strengths: plam=0.9193, region=0.1140, detail=0.1195; residual_std region/detail/refine=0.3649/0.6224/0.5476
up3 guide_mix: entropy=0.9789, raw_low=0.3304, plam_low=0.2435, decoder_low=0.2628, detail=0.1634; agreement plam/decoder=0.6268/0.2009, support=0.7714+/-0.0595
up3 adaptive_frequency: ALPF strength=0.2896, weights=0.1089/0.3843/0.5069, sum=1.0000, entropy=0.7162, delta_std=0.0728; AHPF strength=0.1065, weights=0.6154/0.2181/0.1665, sum=1.0000, entropy=0.7256, residual_std=0.0893, scaled_std=0.0095
up2: ca=0.8806+/-0.1310, sa=1.0048+/-0.0032, amp=0.0000, suppress=0.0000, guide_abs=0.1901
up2 residuals: local_mean=2.094e-03, global_mean=0.0396, local_strength=0.1182, global_strength=0.1149, gain=[0.9709,1.0425], saturation=0.0000, text_film=0.0322
up2 haar: reconstruction_error=9.537e-07, skip_low/high=0.7914/0.2086, plam_low/high=1.0000/0.0000
up2 strengths: plam=0.8594, region=0.1182, detail=0.1149; residual_std region/detail/refine=0.2214/0.2876/0.1612
up2 guide_mix: entropy=0.9568, raw_low=0.3117, plam_low=0.1854, decoder_low=0.3546, detail=0.1483; agreement plam/decoder=0.5758/0.1144, support=0.5646+/-0.0411
up1: ca=0.8109+/-0.1452, sa=1.0032+/-0.0137, amp=0.0000, suppress=0.0000, guide_abs=0.2534
up1 residuals: local_mean=-4.434e-03, global_mean=0.0377, local_strength=0.1253, global_strength=0.1005, gain=[0.9026,1.0970], saturation=0.0771, text_film=0.0470
up1 haar: reconstruction_error=2.787e-06, skip_low/high=0.7370/0.2630, plam_low/high=1.0000/0.0000
up1 strengths: plam=0.9283, region=0.1253, detail=0.1005; residual_std region/detail/refine=0.6289/0.4013/0.1679
up1 guide_mix: entropy=0.9495, raw_low=0.2864, plam_low=0.2575, decoder_low=0.3472, detail=0.1089; agreement plam/decoder=0.3884/0.0583, support=0.7341+/-0.1222

========= Epoch [39/80] =========
RS1_Test_session_09.11_04h18
Training with batch size : 16
   [Train] Epoch: [39][20/357]  Loss:0.161 (Avg 0.1423) IoU:0.702 (Avg 0.7309) Dice:0.7918 (Avg 0.8304) LR 1.59e-04   (AvgTime 0.6)   
   [Train] Epoch: [39][40/357]  Loss:0.199 (Avg 0.1553) IoU:0.645 (Avg 0.7082) Dice:0.7478 (Avg 0.8092) LR 1.59e-04   (AvgTime 0.6)   
   [Train] Epoch: [39][60/357]  Loss:0.211 (Avg 0.1548) IoU:0.649 (Avg 0.7100) Dice:0.7535 (Avg 0.8114) LR 1.59e-04   (AvgTime 0.6)   
   [Train] Epoch: [39][80/357]  Loss:0.161 (Avg 0.1521) IoU:0.686 (Avg 0.7140) Dice:0.8001 (Avg 0.8145) LR 1.59e-04   (AvgTime 0.6)   
   [Train] Epoch: [39][100/357]  Loss:0.143 (Avg 0.1529) IoU:0.714 (Avg 0.7125) Dice:0.8214 (Avg 0.8140) LR 1.59e-04   (AvgTime 0.6)   
   [Train] Epoch: [39][120/357]  Loss:0.187 (Avg 0.1534) IoU:0.641 (Avg 0.7114) Dice:0.7536 (Avg 0.8129) LR 1.59e-04   (AvgTime 0.6)   
   [Train] Epoch: [39][140/357]  Loss:0.144 (Avg 0.1534) IoU:0.726 (Avg 0.7116) Dice:0.8285 (Avg 0.8132) LR 1.59e-04   (AvgTime 0.6)   
   [Train] Epoch: [39][160/357]  Loss:0.227 (Avg 0.1526) IoU:0.598 (Avg 0.7130) Dice:0.7139 (Avg 0.8141) LR 1.59e-04   (AvgTime 0.6)   
   [Train] Epoch: [39][180/357]  Loss:0.125 (Avg 0.1513) IoU:0.772 (Avg 0.7148) Dice:0.8655 (Avg 0.8158) LR 1.59e-04   (AvgTime 0.6)   
   [Train] Epoch: [39][200/357]  Loss:0.127 (Avg 0.1505) IoU:0.746 (Avg 0.7158) Dice:0.8386 (Avg 0.8166) LR 1.59e-04   (AvgTime 0.6)   
   [Train] Epoch: [39][220/357]  Loss:0.162 (Avg 0.1507) IoU:0.703 (Avg 0.7156) Dice:0.8120 (Avg 0.8165) LR 1.59e-04   (AvgTime 0.6)   
   [Train] Epoch: [39][240/357]  Loss:0.143 (Avg 0.1508) IoU:0.738 (Avg 0.7151) Dice:0.8209 (Avg 0.8161) LR 1.59e-04   (AvgTime 0.6)   
   [Train] Epoch: [39][260/357]  Loss:0.135 (Avg 0.1504) IoU:0.758 (Avg 0.7163) Dice:0.8522 (Avg 0.8174) LR 1.59e-04   (AvgTime 0.6)   
   [Train] Epoch: [39][280/357]  Loss:0.188 (Avg 0.1514) IoU:0.662 (Avg 0.7149) Dice:0.7825 (Avg 0.8161) LR 1.59e-04   (AvgTime 0.6)   
   [Train] Epoch: [39][300/357]  Loss:0.125 (Avg 0.1521) IoU:0.763 (Avg 0.7137) Dice:0.8503 (Avg 0.8150) LR 1.59e-04   (AvgTime 0.6)   
   [Train] Epoch: [39][320/357]  Loss:0.170 (Avg 0.1510) IoU:0.695 (Avg 0.7158) Dice:0.8058 (Avg 0.8167) LR 1.59e-04   (AvgTime 0.6)   
   [Train] Epoch: [39][340/357]  Loss:0.170 (Avg 0.1510) IoU:0.673 (Avg 0.7156) Dice:0.7727 (Avg 0.8166) LR 1.59e-04   (AvgTime 0.6)   
   [Train] Epoch: [39][357/357]  Loss:0.139 (Avg 0.1511) IoU:0.733 (Avg 0.7156) Dice:0.8260 (Avg 0.8165) LR 1.59e-04   (AvgTime 0.6)   
   [Train] Loss components: main_dice=0.154068, main_focal=0.051753, main=0.102910, region_raw=0.375438, region_weighted=0.048173, empty_window_fraction=0.000000, total=0.151083
Validation
   [Val] Epoch: [39][20/90]  Loss:0.188 (Avg 0.1583) IoU:0.687 (Avg 0.7172) Dice:0.8001 (Avg 0.8203) (AvgTime 0.3)   
   [Val] Epoch: [39][40/90]  Loss:0.142 (Avg 0.1650) IoU:0.725 (Avg 0.7020) Dice:0.8270 (Avg 0.8056) (AvgTime 0.2)   
   [Val] Epoch: [39][60/90]  Loss:0.192 (Avg 0.1563) IoU:0.657 (Avg 0.7124) Dice:0.7595 (Avg 0.8116) (AvgTime 0.2)   
   [Val] Epoch: [39][80/90]  Loss:0.147 (Avg 0.1547) IoU:0.715 (Avg 0.7128) Dice:0.8175 (Avg 0.8125) (AvgTime 0.2)   
   [Val] Epoch: [39][90/90]  Loss:0.165 (Avg 0.1547) IoU:0.673 (Avg 0.7130) Dice:0.7919 (Avg 0.8127) (AvgTime 0.2)   
   [Val] Loss components: main_dice=0.158803, main_focal=0.053310, main=0.106057, region_raw=0.378949, region_weighted=0.048624, empty_window_fraction=0.000000, total=0.154680
	 Saving best model by iou: 0.712955
	 Saving to Covid19/BetterLViT/rs1_global_iou/RS1_Test_session_09.11_04h18/models//best_model-BetterLViT.pth.tar
	 early_stopping_count: 0/80
--- Epoch History (1..39) ---
Epoch |  TrainLoss |  TrainDice |  TrainIoU |    ValLoss |    ValDice |    ValIoU |         LR | Best
    1 |     0.3274 |     0.6089 |    0.4797 |     0.3091 |     0.6203 |    0.4911 |   3.00e-04 |     
    2 |     0.2493 |     0.7003 |    0.5773 |     0.2277 |     0.7202 |    0.6053 |   3.00e-04 |     
    3 |     0.2258 |     0.7259 |    0.6062 |     0.2068 |     0.7560 |    0.6429 |   3.00e-04 |     
    4 |     0.2153 |     0.7383 |    0.6212 |     0.2013 |     0.7654 |    0.6509 |   2.99e-04 |     
    5 |     0.2041 |     0.7514 |    0.6359 |     0.1929 |     0.7592 |    0.6456 |   2.98e-04 |     
    6 |     0.2002 |     0.7575 |    0.6433 |     0.1994 |     0.7556 |    0.6374 |   2.97e-04 |     
    7 |     0.1959 |     0.7613 |    0.6476 |     0.1953 |     0.7677 |    0.6559 |   2.96e-04 |     
    8 |     0.1917 |     0.7652 |    0.6526 |     0.1819 |     0.7753 |    0.6638 |   2.94e-04 |     
    9 |     0.1890 |     0.7689 |    0.6569 |     0.1877 |     0.7648 |    0.6526 |   2.92e-04 |     
   10 |     0.1909 |     0.7674 |    0.6547 |     0.1967 |     0.7614 |    0.6474 |   2.91e-04 |     
   11 |     0.1850 |     0.7752 |    0.6643 |     0.1777 |     0.7851 |    0.6761 |   2.88e-04 |     
   12 |     0.1847 |     0.7750 |    0.6644 |     0.1820 |     0.7863 |    0.6777 |   2.86e-04 |     
   13 |     0.1819 |     0.7786 |    0.6681 |     0.1785 |     0.7822 |    0.6720 |   2.83e-04 |     
   14 |     0.1792 |     0.7815 |    0.6721 |     0.1710 |     0.7906 |    0.6822 |   2.80e-04 |     
   15 |     0.1799 |     0.7798 |    0.6700 |     0.1677 |     0.7939 |    0.6878 |   2.77e-04 |     
   16 |     0.1784 |     0.7828 |    0.6735 |     0.1778 |     0.7969 |    0.6907 |   2.74e-04 |     
   17 |     0.1800 |     0.7809 |    0.6717 |     0.1871 |     0.7775 |    0.6682 |   2.71e-04 |     
   18 |     0.1765 |     0.7859 |    0.6774 |     0.1763 |     0.7844 |    0.6744 |   2.67e-04 |     
   19 |     0.1725 |     0.7898 |    0.6825 |     0.1650 |     0.7980 |    0.6943 |   2.63e-04 |     
   20 |     0.1717 |     0.7911 |    0.6844 |     0.1718 |     0.7842 |    0.6753 |   2.59e-04 |     
   21 |     0.1702 |     0.7920 |    0.6849 |     0.1709 |     0.7905 |    0.6816 |   2.55e-04 |     
   22 |     0.1715 |     0.7907 |    0.6835 |     0.1778 |     0.7882 |    0.6809 |   2.51e-04 |     
   23 |     0.1702 |     0.7927 |    0.6865 |     0.1680 |     0.7894 |    0.6837 |   2.46e-04 |     
   24 |     0.1674 |     0.7964 |    0.6902 |     0.1675 |     0.8056 |    0.7029 |   2.42e-04 |     
   25 |     0.1664 |     0.7976 |    0.6919 |     0.1719 |     0.7939 |    0.6891 |   2.37e-04 |     
   26 |     0.1663 |     0.7975 |    0.6916 |     0.1635 |     0.7985 |    0.6924 |   2.32e-04 |     
   27 |     0.1632 |     0.8013 |    0.6966 |     0.1589 |     0.8088 |    0.7069 |   2.27e-04 |     
   28 |     0.1623 |     0.8031 |    0.6989 |     0.1645 |     0.8009 |    0.6963 |   2.22e-04 |     
   29 |     0.1611 |     0.8041 |    0.7006 |     0.1656 |     0.8001 |    0.6931 |   2.17e-04 |     
   30 |     0.1618 |     0.8040 |    0.6998 |     0.1588 |     0.8091 |    0.7079 |   2.11e-04 |     
   31 |     0.1594 |     0.8063 |    0.7029 |     0.1735 |     0.8039 |    0.6998 |   2.06e-04 |     
   32 |     0.1576 |     0.8091 |    0.7058 |     0.1622 |     0.8091 |    0.7070 |   2.00e-04 |     
   33 |     0.1577 |     0.8087 |    0.7056 |     0.1609 |     0.8024 |    0.6973 |   1.94e-04 |     
   34 |     0.1562 |     0.8101 |    0.7068 |     0.1622 |     0.8074 |    0.7042 |   1.89e-04 |     
   35 |     0.1543 |     0.8127 |    0.7105 |     0.1590 |     0.8114 |    0.7084 |   1.83e-04 |     
   36 |     0.1530 |     0.8139 |    0.7122 |     0.1560 |     0.8113 |    0.7104 |   1.77e-04 |     
   37 |     0.1544 |     0.8121 |    0.7103 |     0.1576 |     0.8048 |    0.7006 |   1.71e-04 |     
   38 |     0.1519 |     0.8155 |    0.7140 |     0.1594 |     0.8036 |    0.7011 |   1.65e-04 |     
   39 |     0.1511 |     0.8165 |    0.7156 |     0.1547 |     0.8127 |    0.7130 |   1.59e-04 |    *
--- R2 plus final-map regional overlap: global validation statistics ---
up4: ca=0.8783+/-0.1231, sa=1.0108+/-0.0097, amp=0.0000, suppress=0.0000, guide_abs=0.1560
up4 residuals: local_mean=7.322e-02, global_mean=0.0224, local_strength=0.1153, global_strength=0.1109, gain=[0.9847,1.0693], saturation=0.1571, text_film=0.0240
up4 haar: reconstruction_error=9.537e-07, skip_low/high=0.8175/0.1825, plam_low/high=1.0000/0.0000
up4 strengths: plam=0.9208, region=0.1153, detail=0.1109; residual_std region/detail/refine=0.3812/0.4119/0.3395
up4 guide_mix: entropy=0.9785, raw_low=0.3227, plam_low=0.2501, decoder_low=0.2690, detail=0.1582; agreement plam/decoder=0.4407/0.4208, support=0.7819+/-0.1230
up4 adaptive_frequency: ALPF strength=0.2468, weights=0.1532/0.7079/0.1388, sum=1.0000, entropy=0.7330, delta_std=0.0748; AHPF strength=0.0748, weights=0.3100/0.5247/0.1653, sum=1.0000, entropy=0.9061, residual_std=0.0983, scaled_std=0.0074
up3: ca=0.9814+/-0.1877, sa=1.0099+/-0.0061, amp=0.0000, suppress=0.0000, guide_abs=0.3334
up3 residuals: local_mean=3.642e-02, global_mean=0.0484, local_strength=0.1140, global_strength=0.1196, gain=[0.9816,1.0540], saturation=0.0000, text_film=0.0331
up3 haar: reconstruction_error=9.537e-07, skip_low/high=0.7979/0.2021, plam_low/high=1.0000/0.0000
up3 strengths: plam=0.9185, region=0.1140, detail=0.1196; residual_std region/detail/refine=0.3387/0.6053/0.5332
up3 guide_mix: entropy=0.9772, raw_low=0.3370, plam_low=0.2304, decoder_low=0.2678, detail=0.1648; agreement plam/decoder=0.6171/0.2083, support=0.7606+/-0.0594
up3 adaptive_frequency: ALPF strength=0.2907, weights=0.1261/0.4316/0.4423, sum=1.0000, entropy=0.7565, delta_std=0.0682; AHPF strength=0.1069, weights=0.5634/0.2500/0.1867, sum=1.0000, entropy=0.7873, residual_std=0.0983, scaled_std=0.0105
up2: ca=0.8793+/-0.1351, sa=1.0049+/-0.0030, amp=0.0000, suppress=0.0000, guide_abs=0.1849
up2 residuals: local_mean=1.398e-03, global_mean=0.0413, local_strength=0.1183, global_strength=0.1150, gain=[0.9709,1.0384], saturation=0.0000, text_film=0.0311
up2 haar: reconstruction_error=1.311e-06, skip_low/high=0.7863/0.2137, plam_low/high=1.0000/0.0000
up2 strengths: plam=0.8582, region=0.1183, detail=0.1150; residual_std region/detail/refine=0.2257/0.2814/0.1560
up2 guide_mix: entropy=0.9502, raw_low=0.3096, plam_low=0.1684, decoder_low=0.3700, detail=0.1521; agreement plam/decoder=0.4817/-0.0530, support=0.5680+/-0.0469
up1: ca=0.8096+/-0.1410, sa=1.0035+/-0.0136, amp=0.0000, suppress=0.0000, guide_abs=0.2453
up1 residuals: local_mean=-3.017e-03, global_mean=0.0391, local_strength=0.1253, global_strength=0.1004, gain=[0.9027,1.0971], saturation=0.0656, text_film=0.0444
up1 haar: reconstruction_error=2.846e-06, skip_low/high=0.7394/0.2606, plam_low/high=1.0000/0.0000
up1 strengths: plam=0.9281, region=0.1253, detail=0.1004; residual_std region/detail/refine=0.5796/0.4018/0.1682
up1 guide_mix: entropy=0.9501, raw_low=0.3075, plam_low=0.2281, decoder_low=0.3483, detail=0.1161; agreement plam/decoder=0.4487/-0.0433, support=0.7304+/-0.1151

========= Epoch [40/80] =========
RS1_Test_session_09.11_04h18
Training with batch size : 16
   [Train] Epoch: [40][20/357]  Loss:0.172 (Avg 0.1439) IoU:0.660 (Avg 0.7236) Dice:0.7802 (Avg 0.8226) LR 1.53e-04   (AvgTime 0.6)   
   [Train] Epoch: [40][40/357]  Loss:0.197 (Avg 0.1492) IoU:0.609 (Avg 0.7157) Dice:0.7317 (Avg 0.8160) LR 1.53e-04   (AvgTime 0.6)   
   [Train] Epoch: [40][60/357]  Loss:0.116 (Avg 0.1502) IoU:0.804 (Avg 0.7138) Dice:0.8894 (Avg 0.8145) LR 1.53e-04   (AvgTime 0.6)   
   [Train] Epoch: [40][80/357]  Loss:0.135 (Avg 0.1506) IoU:0.755 (Avg 0.7157) Dice:0.8517 (Avg 0.8160) LR 1.53e-04   (AvgTime 0.6)   
   [Train] Epoch: [40][100/357]  Loss:0.124 (Avg 0.1501) IoU:0.764 (Avg 0.7159) Dice:0.8542 (Avg 0.8167) LR 1.53e-04   (AvgTime 0.6)   
   [Train] Epoch: [40][120/357]  Loss:0.122 (Avg 0.1494) IoU:0.762 (Avg 0.7172) Dice:0.8549 (Avg 0.8178) LR 1.53e-04   (AvgTime 0.6)   
   [Train] Epoch: [40][140/357]  Loss:0.138 (Avg 0.1481) IoU:0.735 (Avg 0.7191) Dice:0.8328 (Avg 0.8195) LR 1.53e-04   (AvgTime 0.6)   
   [Train] Epoch: [40][160/357]  Loss:0.116 (Avg 0.1485) IoU:0.762 (Avg 0.7185) Dice:0.8600 (Avg 0.8188) LR 1.53e-04   (AvgTime 0.6)   
   [Train] Epoch: [40][180/357]  Loss:0.158 (Avg 0.1483) IoU:0.701 (Avg 0.7189) Dice:0.8053 (Avg 0.8191) LR 1.53e-04   (AvgTime 0.6)   
   [Train] Epoch: [40][200/357]  Loss:0.120 (Avg 0.1479) IoU:0.751 (Avg 0.7194) Dice:0.8485 (Avg 0.8196) LR 1.53e-04   (AvgTime 0.6)   
   [Train] Epoch: [40][220/357]  Loss:0.214 (Avg 0.1491) IoU:0.578 (Avg 0.7171) Dice:0.7053 (Avg 0.8182) LR 1.53e-04   (AvgTime 0.6)   
   [Train] Epoch: [40][240/357]  Loss:0.136 (Avg 0.1486) IoU:0.730 (Avg 0.7180) Dice:0.8304 (Avg 0.8187) LR 1.53e-04   (AvgTime 0.6)   
   [Train] Epoch: [40][260/357]  Loss:0.102 (Avg 0.1487) IoU:0.799 (Avg 0.7178) Dice:0.8795 (Avg 0.8187) LR 1.53e-04   (AvgTime 0.6)   
   [Train] Epoch: [40][280/357]  Loss:0.192 (Avg 0.1490) IoU:0.679 (Avg 0.7181) Dice:0.7886 (Avg 0.8187) LR 1.53e-04   (AvgTime 0.6)   
   [Train] Epoch: [40][300/357]  Loss:0.149 (Avg 0.1488) IoU:0.690 (Avg 0.7185) Dice:0.8031 (Avg 0.8191) LR 1.53e-04   (AvgTime 0.5)   
   [Train] Epoch: [40][320/357]  Loss:0.159 (Avg 0.1488) IoU:0.707 (Avg 0.7187) Dice:0.7872 (Avg 0.8193) LR 1.53e-04   (AvgTime 0.5)   
   [Train] Epoch: [40][340/357]  Loss:0.095 (Avg 0.1489) IoU:0.829 (Avg 0.7185) Dice:0.9050 (Avg 0.8190) LR 1.53e-04   (AvgTime 0.5)   
   [Train] Epoch: [40][357/357]  Loss:0.168 (Avg 0.1492) IoU:0.701 (Avg 0.7181) Dice:0.7943 (Avg 0.8187) LR 1.53e-04   (AvgTime 0.6)   
   [Train] Loss components: main_dice=0.152113, main_focal=0.050942, main=0.101527, region_raw=0.371913, region_weighted=0.047721, empty_window_fraction=0.000000, total=0.149248
Validation
   [Val] Epoch: [40][20/90]  Loss:0.185 (Avg 0.1560) IoU:0.677 (Avg 0.7186) Dice:0.7911 (Avg 0.8209) (AvgTime 0.3)   
   [Val] Epoch: [40][40/90]  Loss:0.145 (Avg 0.1642) IoU:0.716 (Avg 0.7020) Dice:0.8212 (Avg 0.8056) (AvgTime 0.2)   
   [Val] Epoch: [40][60/90]  Loss:0.186 (Avg 0.1556) IoU:0.669 (Avg 0.7125) Dice:0.7708 (Avg 0.8125) (AvgTime 0.2)   
   [Val] Epoch: [40][80/90]  Loss:0.148 (Avg 0.1548) IoU:0.712 (Avg 0.7119) Dice:0.8169 (Avg 0.8123) (AvgTime 0.2)   
   [Val] Epoch: [40][90/90]  Loss:0.181 (Avg 0.1550) IoU:0.640 (Avg 0.7119) Dice:0.7627 (Avg 0.8122) (AvgTime 0.2)   
   [Val] Loss components: main_dice=0.158891, main_focal=0.054500, main=0.106695, region_raw=0.376629, region_weighted=0.048326, empty_window_fraction=0.000000, total=0.155021
	 No iou improvement; selected epoch 39
	 early_stopping_count: 1/80
--- Epoch History (1..40) ---
Epoch |  TrainLoss |  TrainDice |  TrainIoU |    ValLoss |    ValDice |    ValIoU |         LR | Best
    1 |     0.3274 |     0.6089 |    0.4797 |     0.3091 |     0.6203 |    0.4911 |   3.00e-04 |     
    2 |     0.2493 |     0.7003 |    0.5773 |     0.2277 |     0.7202 |    0.6053 |   3.00e-04 |     
    3 |     0.2258 |     0.7259 |    0.6062 |     0.2068 |     0.7560 |    0.6429 |   3.00e-04 |     
    4 |     0.2153 |     0.7383 |    0.6212 |     0.2013 |     0.7654 |    0.6509 |   2.99e-04 |     
    5 |     0.2041 |     0.7514 |    0.6359 |     0.1929 |     0.7592 |    0.6456 |   2.98e-04 |     
    6 |     0.2002 |     0.7575 |    0.6433 |     0.1994 |     0.7556 |    0.6374 |   2.97e-04 |     
    7 |     0.1959 |     0.7613 |    0.6476 |     0.1953 |     0.7677 |    0.6559 |   2.96e-04 |     
    8 |     0.1917 |     0.7652 |    0.6526 |     0.1819 |     0.7753 |    0.6638 |   2.94e-04 |     
    9 |     0.1890 |     0.7689 |    0.6569 |     0.1877 |     0.7648 |    0.6526 |   2.92e-04 |     
   10 |     0.1909 |     0.7674 |    0.6547 |     0.1967 |     0.7614 |    0.6474 |   2.91e-04 |     
   11 |     0.1850 |     0.7752 |    0.6643 |     0.1777 |     0.7851 |    0.6761 |   2.88e-04 |     
   12 |     0.1847 |     0.7750 |    0.6644 |     0.1820 |     0.7863 |    0.6777 |   2.86e-04 |     
   13 |     0.1819 |     0.7786 |    0.6681 |     0.1785 |     0.7822 |    0.6720 |   2.83e-04 |     
   14 |     0.1792 |     0.7815 |    0.6721 |     0.1710 |     0.7906 |    0.6822 |   2.80e-04 |     
   15 |     0.1799 |     0.7798 |    0.6700 |     0.1677 |     0.7939 |    0.6878 |   2.77e-04 |     
   16 |     0.1784 |     0.7828 |    0.6735 |     0.1778 |     0.7969 |    0.6907 |   2.74e-04 |     
   17 |     0.1800 |     0.7809 |    0.6717 |     0.1871 |     0.7775 |    0.6682 |   2.71e-04 |     
   18 |     0.1765 |     0.7859 |    0.6774 |     0.1763 |     0.7844 |    0.6744 |   2.67e-04 |     
   19 |     0.1725 |     0.7898 |    0.6825 |     0.1650 |     0.7980 |    0.6943 |   2.63e-04 |     
   20 |     0.1717 |     0.7911 |    0.6844 |     0.1718 |     0.7842 |    0.6753 |   2.59e-04 |     
   21 |     0.1702 |     0.7920 |    0.6849 |     0.1709 |     0.7905 |    0.6816 |   2.55e-04 |     
   22 |     0.1715 |     0.7907 |    0.6835 |     0.1778 |     0.7882 |    0.6809 |   2.51e-04 |     
   23 |     0.1702 |     0.7927 |    0.6865 |     0.1680 |     0.7894 |    0.6837 |   2.46e-04 |     
   24 |     0.1674 |     0.7964 |    0.6902 |     0.1675 |     0.8056 |    0.7029 |   2.42e-04 |     
   25 |     0.1664 |     0.7976 |    0.6919 |     0.1719 |     0.7939 |    0.6891 |   2.37e-04 |     
   26 |     0.1663 |     0.7975 |    0.6916 |     0.1635 |     0.7985 |    0.6924 |   2.32e-04 |     
   27 |     0.1632 |     0.8013 |    0.6966 |     0.1589 |     0.8088 |    0.7069 |   2.27e-04 |     
   28 |     0.1623 |     0.8031 |    0.6989 |     0.1645 |     0.8009 |    0.6963 |   2.22e-04 |     
   29 |     0.1611 |     0.8041 |    0.7006 |     0.1656 |     0.8001 |    0.6931 |   2.17e-04 |     
   30 |     0.1618 |     0.8040 |    0.6998 |     0.1588 |     0.8091 |    0.7079 |   2.11e-04 |     
   31 |     0.1594 |     0.8063 |    0.7029 |     0.1735 |     0.8039 |    0.6998 |   2.06e-04 |     
   32 |     0.1576 |     0.8091 |    0.7058 |     0.1622 |     0.8091 |    0.7070 |   2.00e-04 |     
   33 |     0.1577 |     0.8087 |    0.7056 |     0.1609 |     0.8024 |    0.6973 |   1.94e-04 |     
   34 |     0.1562 |     0.8101 |    0.7068 |     0.1622 |     0.8074 |    0.7042 |   1.89e-04 |     
   35 |     0.1543 |     0.8127 |    0.7105 |     0.1590 |     0.8114 |    0.7084 |   1.83e-04 |     
   36 |     0.1530 |     0.8139 |    0.7122 |     0.1560 |     0.8113 |    0.7104 |   1.77e-04 |     
   37 |     0.1544 |     0.8121 |    0.7103 |     0.1576 |     0.8048 |    0.7006 |   1.71e-04 |     
   38 |     0.1519 |     0.8155 |    0.7140 |     0.1594 |     0.8036 |    0.7011 |   1.65e-04 |     
   39 |     0.1511 |     0.8165 |    0.7156 |     0.1547 |     0.8127 |    0.7130 |   1.59e-04 |    *
   40 |     0.1492 |     0.8187 |    0.7181 |     0.1550 |     0.8122 |    0.7119 |   1.53e-04 |     
--- R2 plus final-map regional overlap: global validation statistics ---
up4: ca=0.8808+/-0.1165, sa=1.0100+/-0.0106, amp=0.0000, suppress=0.0000, guide_abs=0.1781
up4 residuals: local_mean=7.169e-02, global_mean=0.0157, local_strength=0.1153, global_strength=0.1112, gain=[0.9631,1.0710], saturation=0.1543, text_film=0.0240
up4 haar: reconstruction_error=9.537e-07, skip_low/high=0.7782/0.2218, plam_low/high=1.0000/0.0000
up4 strengths: plam=0.9202, region=0.1153, detail=0.1112; residual_std region/detail/refine=0.3846/0.4254/0.3002
up4 guide_mix: entropy=0.9775, raw_low=0.3022, plam_low=0.2850, decoder_low=0.2628, detail=0.1500; agreement plam/decoder=0.4819/0.3400, support=0.8030+/-0.1083
up4 adaptive_frequency: ALPF strength=0.2475, weights=0.1495/0.7121/0.1383, sum=1.0000, entropy=0.7273, delta_std=0.0909; AHPF strength=0.0747, weights=0.3111/0.5238/0.1651, sum=1.0000, entropy=0.9056, residual_std=0.1354, scaled_std=0.0101
up3: ca=0.9744+/-0.1821, sa=1.0100+/-0.0073, amp=0.0000, suppress=0.0000, guide_abs=0.3189
up3 residuals: local_mean=3.400e-02, global_mean=0.0516, local_strength=0.1140, global_strength=0.1197, gain=[0.9597,1.0644], saturation=0.0000, text_film=0.0260
up3 haar: reconstruction_error=9.537e-07, skip_low/high=0.8224/0.1776, plam_low/high=1.0000/0.0000
up3 strengths: plam=0.9178, region=0.1140, detail=0.1197; residual_std region/detail/refine=0.3271/0.6466/0.5691
up3 guide_mix: entropy=0.9764, raw_low=0.3199, plam_low=0.2690, decoder_low=0.2601, detail=0.1510; agreement plam/decoder=0.5887/0.1809, support=0.7465+/-0.0679
up3 adaptive_frequency: ALPF strength=0.2919, weights=0.1267/0.4225/0.4509, sum=1.0000, entropy=0.7629, delta_std=0.0815; AHPF strength=0.1073, weights=0.5880/0.2438/0.1682, sum=1.0000, entropy=0.7726, residual_std=0.0988, scaled_std=0.0106
up2: ca=0.8843+/-0.1200, sa=1.0048+/-0.0065, amp=0.0000, suppress=0.0000, guide_abs=0.1851
up2 residuals: local_mean=9.820e-04, global_mean=0.0408, local_strength=0.1185, global_strength=0.1150, gain=[0.9405,1.0721], saturation=0.0000, text_film=0.0307
up2 haar: reconstruction_error=1.907e-06, skip_low/high=0.7599/0.2401, plam_low/high=1.0000/0.0000
up2 strengths: plam=0.8574, region=0.1185, detail=0.1150; residual_std region/detail/refine=0.2199/0.3728/0.1534
up2 guide_mix: entropy=0.9550, raw_low=0.3013, plam_low=0.1730, decoder_low=0.3683, detail=0.1574; agreement plam/decoder=0.6868/0.0914, support=0.5687+/-0.0456
up1: ca=0.8161+/-0.1371, sa=1.0036+/-0.0144, amp=0.0000, suppress=0.0000, guide_abs=0.2186
up1 residuals: local_mean=-3.299e-03, global_mean=0.0401, local_strength=0.1254, global_strength=0.1004, gain=[0.9021,1.0977], saturation=0.0227, text_film=0.0499
up1 haar: reconstruction_error=2.712e-06, skip_low/high=0.7207/0.2793, plam_low/high=1.0000/0.0000
up1 strengths: plam=0.9277, region=0.1254, detail=0.1004; residual_std region/detail/refine=0.5892/0.4435/0.1698
up1 guide_mix: entropy=0.9340, raw_low=0.2404, plam_low=0.2457, decoder_low=0.4052, detail=0.1087; agreement plam/decoder=0.3064/-0.0518, support=0.6974+/-0.1073

========= Epoch [41/80] =========
RS1_Test_session_09.11_04h18
Training with batch size : 16
   [Train] Epoch: [41][20/357]  Loss:0.112 (Avg 0.1378) IoU:0.789 (Avg 0.7417) Dice:0.8776 (Avg 0.8380) LR 1.48e-04   (AvgTime 0.6)   
   [Train] Epoch: [41][40/357]  Loss:0.138 (Avg 0.1430) IoU:0.745 (Avg 0.7353) Dice:0.8455 (Avg 0.8322) LR 1.48e-04   (AvgTime 0.6)   
   [Train] Epoch: [41][60/357]  Loss:0.173 (Avg 0.1460) IoU:0.677 (Avg 0.7314) Dice:0.7844 (Avg 0.8281) LR 1.48e-04   (AvgTime 0.6)   
   [Train] Epoch: [41][80/357]  Loss:0.164 (Avg 0.1448) IoU:0.663 (Avg 0.7310) Dice:0.7840 (Avg 0.8281) LR 1.48e-04   (AvgTime 0.6)   
   [Train] Epoch: [41][100/357]  Loss:0.161 (Avg 0.1470) IoU:0.699 (Avg 0.7255) Dice:0.8039 (Avg 0.8240) LR 1.48e-04   (AvgTime 0.6)   
   [Train] Epoch: [41][120/357]  Loss:0.127 (Avg 0.1458) IoU:0.746 (Avg 0.7265) Dice:0.8435 (Avg 0.8250) LR 1.48e-04   (AvgTime 0.6)   
   [Train] Epoch: [41][140/357]  Loss:0.194 (Avg 0.1477) IoU:0.664 (Avg 0.7232) Dice:0.7781 (Avg 0.8225) LR 1.48e-04   (AvgTime 0.6)   
   [Train] Epoch: [41][160/357]  Loss:0.164 (Avg 0.1473) IoU:0.711 (Avg 0.7236) Dice:0.7968 (Avg 0.8231) LR 1.48e-04   (AvgTime 0.6)   
   [Train] Epoch: [41][180/357]  Loss:0.116 (Avg 0.1469) IoU:0.767 (Avg 0.7240) Dice:0.8612 (Avg 0.8234) LR 1.48e-04   (AvgTime 0.6)   
   [Train] Epoch: [41][200/357]  Loss:0.095 (Avg 0.1470) IoU:0.816 (Avg 0.7238) Dice:0.8912 (Avg 0.8234) LR 1.48e-04   (AvgTime 0.6)   
   [Train] Epoch: [41][220/357]  Loss:0.126 (Avg 0.1474) IoU:0.751 (Avg 0.7230) Dice:0.8412 (Avg 0.8226) LR 1.48e-04   (AvgTime 0.6)   
   [Train] Epoch: [41][240/357]  Loss:0.161 (Avg 0.1477) IoU:0.701 (Avg 0.7220) Dice:0.8069 (Avg 0.8219) LR 1.48e-04   (AvgTime 0.6)   
   [Train] Epoch: [41][260/357]  Loss:0.105 (Avg 0.1480) IoU:0.799 (Avg 0.7217) Dice:0.8838 (Avg 0.8216) LR 1.48e-04   (AvgTime 0.5)   
   [Train] Epoch: [41][280/357]  Loss:0.144 (Avg 0.1477) IoU:0.718 (Avg 0.7218) Dice:0.8251 (Avg 0.8217) LR 1.48e-04   (AvgTime 0.5)   
   [Train] Epoch: [41][300/357]  Loss:0.124 (Avg 0.1476) IoU:0.752 (Avg 0.7218) Dice:0.8500 (Avg 0.8217) LR 1.48e-04   (AvgTime 0.5)   
   [Train] Epoch: [41][320/357]  Loss:0.172 (Avg 0.1480) IoU:0.672 (Avg 0.7212) Dice:0.7902 (Avg 0.8211) LR 1.48e-04   (AvgTime 0.5)   
   [Train] Epoch: [41][340/357]  Loss:0.141 (Avg 0.1484) IoU:0.725 (Avg 0.7204) Dice:0.8306 (Avg 0.8206) LR 1.48e-04   (AvgTime 0.5)   
   [Train] Epoch: [41][357/357]  Loss:0.153 (Avg 0.1486) IoU:0.729 (Avg 0.7201) Dice:0.8211 (Avg 0.8205) LR 1.48e-04   (AvgTime 0.5)   
   [Train] Loss components: main_dice=0.150684, main_focal=0.051317, main=0.101001, region_raw=0.370703, region_weighted=0.047566, empty_window_fraction=0.000000, total=0.148567
Validation
   [Val] Epoch: [41][20/90]  Loss:0.208 (Avg 0.1602) IoU:0.651 (Avg 0.7207) Dice:0.7694 (Avg 0.8220) (AvgTime 0.3)   
   [Val] Epoch: [41][40/90]  Loss:0.136 (Avg 0.1643) IoU:0.738 (Avg 0.7071) Dice:0.8369 (Avg 0.8097) (AvgTime 0.2)   
   [Val] Epoch: [41][60/90]  Loss:0.192 (Avg 0.1560) IoU:0.652 (Avg 0.7150) Dice:0.7576 (Avg 0.8142) (AvgTime 0.2)   
   [Val] Epoch: [41][80/90]  Loss:0.147 (Avg 0.1541) IoU:0.723 (Avg 0.7150) Dice:0.8248 (Avg 0.8150) (AvgTime 0.2)   
   [Val] Epoch: [41][90/90]  Loss:0.179 (Avg 0.1542) IoU:0.649 (Avg 0.7152) Dice:0.7701 (Avg 0.8149) (AvgTime 0.2)   
   [Val] Loss components: main_dice=0.156653, main_focal=0.054950, main=0.105801, region_raw=0.377048, region_weighted=0.048380, empty_window_fraction=0.000000, total=0.154181
	 Saving best model by iou: 0.715167
	 Saving to Covid19/BetterLViT/rs1_global_iou/RS1_Test_session_09.11_04h18/models//best_model-BetterLViT.pth.tar
	 early_stopping_count: 0/80
--- Epoch History (1..41) ---
Epoch |  TrainLoss |  TrainDice |  TrainIoU |    ValLoss |    ValDice |    ValIoU |         LR | Best
    1 |     0.3274 |     0.6089 |    0.4797 |     0.3091 |     0.6203 |    0.4911 |   3.00e-04 |     
    2 |     0.2493 |     0.7003 |    0.5773 |     0.2277 |     0.7202 |    0.6053 |   3.00e-04 |     
    3 |     0.2258 |     0.7259 |    0.6062 |     0.2068 |     0.7560 |    0.6429 |   3.00e-04 |     
    4 |     0.2153 |     0.7383 |    0.6212 |     0.2013 |     0.7654 |    0.6509 |   2.99e-04 |     
    5 |     0.2041 |     0.7514 |    0.6359 |     0.1929 |     0.7592 |    0.6456 |   2.98e-04 |     
    6 |     0.2002 |     0.7575 |    0.6433 |     0.1994 |     0.7556 |    0.6374 |   2.97e-04 |     
    7 |     0.1959 |     0.7613 |    0.6476 |     0.1953 |     0.7677 |    0.6559 |   2.96e-04 |     
    8 |     0.1917 |     0.7652 |    0.6526 |     0.1819 |     0.7753 |    0.6638 |   2.94e-04 |     
    9 |     0.1890 |     0.7689 |    0.6569 |     0.1877 |     0.7648 |    0.6526 |   2.92e-04 |     
   10 |     0.1909 |     0.7674 |    0.6547 |     0.1967 |     0.7614 |    0.6474 |   2.91e-04 |     
   11 |     0.1850 |     0.7752 |    0.6643 |     0.1777 |     0.7851 |    0.6761 |   2.88e-04 |     
   12 |     0.1847 |     0.7750 |    0.6644 |     0.1820 |     0.7863 |    0.6777 |   2.86e-04 |     
   13 |     0.1819 |     0.7786 |    0.6681 |     0.1785 |     0.7822 |    0.6720 |   2.83e-04 |     
   14 |     0.1792 |     0.7815 |    0.6721 |     0.1710 |     0.7906 |    0.6822 |   2.80e-04 |     
   15 |     0.1799 |     0.7798 |    0.6700 |     0.1677 |     0.7939 |    0.6878 |   2.77e-04 |     
   16 |     0.1784 |     0.7828 |    0.6735 |     0.1778 |     0.7969 |    0.6907 |   2.74e-04 |     
   17 |     0.1800 |     0.7809 |    0.6717 |     0.1871 |     0.7775 |    0.6682 |   2.71e-04 |     
   18 |     0.1765 |     0.7859 |    0.6774 |     0.1763 |     0.7844 |    0.6744 |   2.67e-04 |     
   19 |     0.1725 |     0.7898 |    0.6825 |     0.1650 |     0.7980 |    0.6943 |   2.63e-04 |     
   20 |     0.1717 |     0.7911 |    0.6844 |     0.1718 |     0.7842 |    0.6753 |   2.59e-04 |     
   21 |     0.1702 |     0.7920 |    0.6849 |     0.1709 |     0.7905 |    0.6816 |   2.55e-04 |     
   22 |     0.1715 |     0.7907 |    0.6835 |     0.1778 |     0.7882 |    0.6809 |   2.51e-04 |     
   23 |     0.1702 |     0.7927 |    0.6865 |     0.1680 |     0.7894 |    0.6837 |   2.46e-04 |     
   24 |     0.1674 |     0.7964 |    0.6902 |     0.1675 |     0.8056 |    0.7029 |   2.42e-04 |     
   25 |     0.1664 |     0.7976 |    0.6919 |     0.1719 |     0.7939 |    0.6891 |   2.37e-04 |     
   26 |     0.1663 |     0.7975 |    0.6916 |     0.1635 |     0.7985 |    0.6924 |   2.32e-04 |     
   27 |     0.1632 |     0.8013 |    0.6966 |     0.1589 |     0.8088 |    0.7069 |   2.27e-04 |     
   28 |     0.1623 |     0.8031 |    0.6989 |     0.1645 |     0.8009 |    0.6963 |   2.22e-04 |     
   29 |     0.1611 |     0.8041 |    0.7006 |     0.1656 |     0.8001 |    0.6931 |   2.17e-04 |     
   30 |     0.1618 |     0.8040 |    0.6998 |     0.1588 |     0.8091 |    0.7079 |   2.11e-04 |     
   31 |     0.1594 |     0.8063 |    0.7029 |     0.1735 |     0.8039 |    0.6998 |   2.06e-04 |     
   32 |     0.1576 |     0.8091 |    0.7058 |     0.1622 |     0.8091 |    0.7070 |   2.00e-04 |     
   33 |     0.1577 |     0.8087 |    0.7056 |     0.1609 |     0.8024 |    0.6973 |   1.94e-04 |     
   34 |     0.1562 |     0.8101 |    0.7068 |     0.1622 |     0.8074 |    0.7042 |   1.89e-04 |     
   35 |     0.1543 |     0.8127 |    0.7105 |     0.1590 |     0.8114 |    0.7084 |   1.83e-04 |     
   36 |     0.1530 |     0.8139 |    0.7122 |     0.1560 |     0.8113 |    0.7104 |   1.77e-04 |     
   37 |     0.1544 |     0.8121 |    0.7103 |     0.1576 |     0.8048 |    0.7006 |   1.71e-04 |     
   38 |     0.1519 |     0.8155 |    0.7140 |     0.1594 |     0.8036 |    0.7011 |   1.65e-04 |     
   39 |     0.1511 |     0.8165 |    0.7156 |     0.1547 |     0.8127 |    0.7130 |   1.59e-04 |     
   40 |     0.1492 |     0.8187 |    0.7181 |     0.1550 |     0.8122 |    0.7119 |   1.53e-04 |     
   41 |     0.1486 |     0.8205 |    0.7201 |     0.1542 |     0.8149 |    0.7152 |   1.48e-04 |    *
--- R2 plus final-map regional overlap: global validation statistics ---
up4: ca=0.8820+/-0.1201, sa=1.0100+/-0.0090, amp=0.0000, suppress=0.0000, guide_abs=0.1503
up4 residuals: local_mean=7.144e-02, global_mean=0.0166, local_strength=0.1154, global_strength=0.1113, gain=[0.9850,1.0723], saturation=0.1408, text_film=0.0226
up4 haar: reconstruction_error=9.537e-07, skip_low/high=0.8168/0.1832, plam_low/high=1.0000/0.0000
up4 strengths: plam=0.9193, region=0.1154, detail=0.1113; residual_std region/detail/refine=0.3759/0.3972/0.3181
up4 guide_mix: entropy=0.9789, raw_low=0.3123, plam_low=0.2704, decoder_low=0.2623, detail=0.1549; agreement plam/decoder=0.5465/0.4945, support=0.7887+/-0.1128
up4 adaptive_frequency: ALPF strength=0.2480, weights=0.1527/0.7097/0.1376, sum=1.0000, entropy=0.7305, delta_std=0.0785; AHPF strength=0.0747, weights=0.3143/0.5200/0.1657, sum=1.0000, entropy=0.9078, residual_std=0.0986, scaled_std=0.0074
up3: ca=0.9841+/-0.1806, sa=1.0100+/-0.0059, amp=0.0000, suppress=0.0000, guide_abs=0.3266
up3 residuals: local_mean=3.504e-02, global_mean=0.0504, local_strength=0.1140, global_strength=0.1198, gain=[0.9831,1.0439], saturation=0.0000, text_film=0.0308
up3 haar: reconstruction_error=9.537e-07, skip_low/high=0.7911/0.2089, plam_low/high=1.0000/0.0000
up3 strengths: plam=0.9168, region=0.1140, detail=0.1198; residual_std region/detail/refine=0.3230/0.6071/0.5335
up3 guide_mix: entropy=0.9794, raw_low=0.3352, plam_low=0.2428, decoder_low=0.2543, detail=0.1677; agreement plam/decoder=0.6527/0.2136, support=0.7511+/-0.0642
up3 adaptive_frequency: ALPF strength=0.2929, weights=0.0785/0.2812/0.6403, sum=1.0000, entropy=0.6720, delta_std=0.0716; AHPF strength=0.1076, weights=0.7253/0.1632/0.1115, sum=1.0000, entropy=0.6392, residual_std=0.0637, scaled_std=0.0069
up2: ca=0.8865+/-0.1190, sa=1.0045+/-0.0030, amp=0.0000, suppress=0.0000, guide_abs=0.1947
up2 residuals: local_mean=1.468e-03, global_mean=0.0378, local_strength=0.1186, global_strength=0.1152, gain=[0.9748,1.0374], saturation=0.0000, text_film=0.0318
up2 haar: reconstruction_error=9.537e-07, skip_low/high=0.7818/0.2182, plam_low/high=1.0000/0.0000
up2 strengths: plam=0.8561, region=0.1186, detail=0.1152; residual_std region/detail/refine=0.2198/0.2728/0.1541
up2 guide_mix: entropy=0.9574, raw_low=0.3068, plam_low=0.1858, decoder_low=0.3577, detail=0.1497; agreement plam/decoder=0.5694/0.2681, support=0.5637+/-0.0380
up1: ca=0.8249+/-0.1451, sa=1.0036+/-0.0133, amp=0.0000, suppress=0.0000, guide_abs=0.2590
up1 residuals: local_mean=-3.719e-03, global_mean=0.0408, local_strength=0.1256, global_strength=0.1004, gain=[0.9028,1.0971], saturation=0.0787, text_film=0.0465
up1 haar: reconstruction_error=2.712e-06, skip_low/high=0.7312/0.2688, plam_low/high=1.0000/0.0000
up1 strengths: plam=0.9271, region=0.1256, detail=0.1004; residual_std region/detail/refine=0.6109/0.3891/0.1714
up1 guide_mix: entropy=0.9518, raw_low=0.2821, plam_low=0.2591, decoder_low=0.3467, detail=0.1121; agreement plam/decoder=0.3587/-0.0258, support=0.7409+/-0.1175

========= Epoch [42/80] =========
RS1_Test_session_09.11_04h18
Training with batch size : 16
   [Train] Epoch: [42][20/357]  Loss:0.136 (Avg 0.1446) IoU:0.725 (Avg 0.7225) Dice:0.8235 (Avg 0.8211) LR 1.42e-04   (AvgTime 0.5)   
   [Train] Epoch: [42][40/357]  Loss:0.153 (Avg 0.1407) IoU:0.700 (Avg 0.7316) Dice:0.8045 (Avg 0.8291) LR 1.42e-04   (AvgTime 0.5)   
   [Train] Epoch: [42][60/357]  Loss:0.144 (Avg 0.1448) IoU:0.724 (Avg 0.7257) Dice:0.8230 (Avg 0.8244) LR 1.42e-04   (AvgTime 0.5)   
   [Train] Epoch: [42][80/357]  Loss:0.113 (Avg 0.1446) IoU:0.779 (Avg 0.7260) Dice:0.8649 (Avg 0.8246) LR 1.42e-04   (AvgTime 0.5)   
   [Train] Epoch: [42][100/357]  Loss:0.131 (Avg 0.1438) IoU:0.732 (Avg 0.7264) Dice:0.8362 (Avg 0.8251) LR 1.42e-04   (AvgTime 0.5)   
   [Train] Epoch: [42][120/357]  Loss:0.176 (Avg 0.1442) IoU:0.679 (Avg 0.7259) Dice:0.7869 (Avg 0.8246) LR 1.42e-04   (AvgTime 0.5)   
   [Train] Epoch: [42][140/357]  Loss:0.231 (Avg 0.1471) IoU:0.574 (Avg 0.7202) Dice:0.7095 (Avg 0.8202) LR 1.42e-04   (AvgTime 0.5)   
   [Train] Epoch: [42][160/357]  Loss:0.113 (Avg 0.1477) IoU:0.806 (Avg 0.7189) Dice:0.8827 (Avg 0.8193) LR 1.42e-04   (AvgTime 0.5)   
   [Train] Epoch: [42][180/357]  Loss:0.133 (Avg 0.1474) IoU:0.743 (Avg 0.7197) Dice:0.8403 (Avg 0.8201) LR 1.42e-04   (AvgTime 0.5)   
   [Train] Epoch: [42][200/357]  Loss:0.137 (Avg 0.1471) IoU:0.747 (Avg 0.7201) Dice:0.8319 (Avg 0.8201) LR 1.42e-04   (AvgTime 0.5)   
   [Train] Epoch: [42][220/357]  Loss:0.155 (Avg 0.1474) IoU:0.699 (Avg 0.7199) Dice:0.8127 (Avg 0.8198) LR 1.42e-04   (AvgTime 0.5)   
   [Train] Epoch: [42][240/357]  Loss:0.153 (Avg 0.1466) IoU:0.682 (Avg 0.7210) Dice:0.8036 (Avg 0.8208) LR 1.42e-04   (AvgTime 0.5)   
   [Train] Epoch: [42][260/357]  Loss:0.098 (Avg 0.1467) IoU:0.803 (Avg 0.7211) Dice:0.8835 (Avg 0.8208) LR 1.42e-04   (AvgTime 0.5)   
   [Train] Epoch: [42][280/357]  Loss:0.160 (Avg 0.1469) IoU:0.739 (Avg 0.7213) Dice:0.8351 (Avg 0.8210) LR 1.42e-04   (AvgTime 0.5)   
   [Train] Epoch: [42][300/357]  Loss:0.179 (Avg 0.1474) IoU:0.693 (Avg 0.7208) Dice:0.8015 (Avg 0.8207) LR 1.42e-04   (AvgTime 0.5)   
   [Train] Epoch: [42][320/357]  Loss:0.124 (Avg 0.1471) IoU:0.746 (Avg 0.7212) Dice:0.8439 (Avg 0.8208) LR 1.42e-04   (AvgTime 0.5)   
   [Train] Epoch: [42][340/357]  Loss:0.135 (Avg 0.1474) IoU:0.733 (Avg 0.7211) Dice:0.8367 (Avg 0.8210) LR 1.42e-04   (AvgTime 0.5)   
   [Train] Epoch: [42][357/357]  Loss:0.174 (Avg 0.1468) IoU:0.652 (Avg 0.7222) Dice:0.7777 (Avg 0.8219) LR 1.42e-04   (AvgTime 0.5)   
   [Train] Loss components: main_dice=0.149246, main_focal=0.050081, main=0.099664, region_raw=0.367110, region_weighted=0.047105, empty_window_fraction=0.000000, total=0.146768
Validation
   [Val] Epoch: [42][20/90]  Loss:0.180 (Avg 0.1566) IoU:0.687 (Avg 0.7195) Dice:0.7995 (Avg 0.8218) (AvgTime 0.2)   
   [Val] Epoch: [42][40/90]  Loss:0.136 (Avg 0.1631) IoU:0.733 (Avg 0.7062) Dice:0.8336 (Avg 0.8094) (AvgTime 0.2)   
   [Val] Epoch: [42][60/90]  Loss:0.188 (Avg 0.1533) IoU:0.663 (Avg 0.7183) Dice:0.7658 (Avg 0.8175) (AvgTime 0.2)   
   [Val] Epoch: [42][80/90]  Loss:0.140 (Avg 0.1524) IoU:0.722 (Avg 0.7172) Dice:0.8249 (Avg 0.8169) (AvgTime 0.2)   
   [Val] Epoch: [42][90/90]  Loss:0.194 (Avg 0.1529) IoU:0.616 (Avg 0.7168) Dice:0.7445 (Avg 0.8168) (AvgTime 0.2)   
   [Val] Loss components: main_dice=0.154001, main_focal=0.058339, main=0.106170, region_raw=0.364201, region_weighted=0.046731, empty_window_fraction=0.000000, total=0.152901
	 Saving best model by iou: 0.716819
	 Saving to Covid19/BetterLViT/rs1_global_iou/RS1_Test_session_09.11_04h18/models//best_model-BetterLViT.pth.tar
	 early_stopping_count: 0/80
--- Epoch History (1..42) ---
Epoch |  TrainLoss |  TrainDice |  TrainIoU |    ValLoss |    ValDice |    ValIoU |         LR | Best
    1 |     0.3274 |     0.6089 |    0.4797 |     0.3091 |     0.6203 |    0.4911 |   3.00e-04 |     
    2 |     0.2493 |     0.7003 |    0.5773 |     0.2277 |     0.7202 |    0.6053 |   3.00e-04 |     
    3 |     0.2258 |     0.7259 |    0.6062 |     0.2068 |     0.7560 |    0.6429 |   3.00e-04 |     
    4 |     0.2153 |     0.7383 |    0.6212 |     0.2013 |     0.7654 |    0.6509 |   2.99e-04 |     
    5 |     0.2041 |     0.7514 |    0.6359 |     0.1929 |     0.7592 |    0.6456 |   2.98e-04 |     
    6 |     0.2002 |     0.7575 |    0.6433 |     0.1994 |     0.7556 |    0.6374 |   2.97e-04 |     
    7 |     0.1959 |     0.7613 |    0.6476 |     0.1953 |     0.7677 |    0.6559 |   2.96e-04 |     
    8 |     0.1917 |     0.7652 |    0.6526 |     0.1819 |     0.7753 |    0.6638 |   2.94e-04 |     
    9 |     0.1890 |     0.7689 |    0.6569 |     0.1877 |     0.7648 |    0.6526 |   2.92e-04 |     
   10 |     0.1909 |     0.7674 |    0.6547 |     0.1967 |     0.7614 |    0.6474 |   2.91e-04 |     
   11 |     0.1850 |     0.7752 |    0.6643 |     0.1777 |     0.7851 |    0.6761 |   2.88e-04 |     
   12 |     0.1847 |     0.7750 |    0.6644 |     0.1820 |     0.7863 |    0.6777 |   2.86e-04 |     
   13 |     0.1819 |     0.7786 |    0.6681 |     0.1785 |     0.7822 |    0.6720 |   2.83e-04 |     
   14 |     0.1792 |     0.7815 |    0.6721 |     0.1710 |     0.7906 |    0.6822 |   2.80e-04 |     
   15 |     0.1799 |     0.7798 |    0.6700 |     0.1677 |     0.7939 |    0.6878 |   2.77e-04 |     
   16 |     0.1784 |     0.7828 |    0.6735 |     0.1778 |     0.7969 |    0.6907 |   2.74e-04 |     
   17 |     0.1800 |     0.7809 |    0.6717 |     0.1871 |     0.7775 |    0.6682 |   2.71e-04 |     
   18 |     0.1765 |     0.7859 |    0.6774 |     0.1763 |     0.7844 |    0.6744 |   2.67e-04 |     
   19 |     0.1725 |     0.7898 |    0.6825 |     0.1650 |     0.7980 |    0.6943 |   2.63e-04 |     
   20 |     0.1717 |     0.7911 |    0.6844 |     0.1718 |     0.7842 |    0.6753 |   2.59e-04 |     
   21 |     0.1702 |     0.7920 |    0.6849 |     0.1709 |     0.7905 |    0.6816 |   2.55e-04 |     
   22 |     0.1715 |     0.7907 |    0.6835 |     0.1778 |     0.7882 |    0.6809 |   2.51e-04 |     
   23 |     0.1702 |     0.7927 |    0.6865 |     0.1680 |     0.7894 |    0.6837 |   2.46e-04 |     
   24 |     0.1674 |     0.7964 |    0.6902 |     0.1675 |     0.8056 |    0.7029 |   2.42e-04 |     
   25 |     0.1664 |     0.7976 |    0.6919 |     0.1719 |     0.7939 |    0.6891 |   2.37e-04 |     
   26 |     0.1663 |     0.7975 |    0.6916 |     0.1635 |     0.7985 |    0.6924 |   2.32e-04 |     
   27 |     0.1632 |     0.8013 |    0.6966 |     0.1589 |     0.8088 |    0.7069 |   2.27e-04 |     
   28 |     0.1623 |     0.8031 |    0.6989 |     0.1645 |     0.8009 |    0.6963 |   2.22e-04 |     
   29 |     0.1611 |     0.8041 |    0.7006 |     0.1656 |     0.8001 |    0.6931 |   2.17e-04 |     
   30 |     0.1618 |     0.8040 |    0.6998 |     0.1588 |     0.8091 |    0.7079 |   2.11e-04 |     
   31 |     0.1594 |     0.8063 |    0.7029 |     0.1735 |     0.8039 |    0.6998 |   2.06e-04 |     
   32 |     0.1576 |     0.8091 |    0.7058 |     0.1622 |     0.8091 |    0.7070 |   2.00e-04 |     
   33 |     0.1577 |     0.8087 |    0.7056 |     0.1609 |     0.8024 |    0.6973 |   1.94e-04 |     
   34 |     0.1562 |     0.8101 |    0.7068 |     0.1622 |     0.8074 |    0.7042 |   1.89e-04 |     
   35 |     0.1543 |     0.8127 |    0.7105 |     0.1590 |     0.8114 |    0.7084 |   1.83e-04 |     
   36 |     0.1530 |     0.8139 |    0.7122 |     0.1560 |     0.8113 |    0.7104 |   1.77e-04 |     
   37 |     0.1544 |     0.8121 |    0.7103 |     0.1576 |     0.8048 |    0.7006 |   1.71e-04 |     
   38 |     0.1519 |     0.8155 |    0.7140 |     0.1594 |     0.8036 |    0.7011 |   1.65e-04 |     
   39 |     0.1511 |     0.8165 |    0.7156 |     0.1547 |     0.8127 |    0.7130 |   1.59e-04 |     
   40 |     0.1492 |     0.8187 |    0.7181 |     0.1550 |     0.8122 |    0.7119 |   1.53e-04 |     
   41 |     0.1486 |     0.8205 |    0.7201 |     0.1542 |     0.8149 |    0.7152 |   1.48e-04 |     
   42 |     0.1468 |     0.8219 |    0.7222 |     0.1529 |     0.8168 |    0.7168 |   1.42e-04 |    *
--- R2 plus final-map regional overlap: global validation statistics ---
up4: ca=0.8841+/-0.1181, sa=1.0100+/-0.0092, amp=0.0000, suppress=0.0000, guide_abs=0.1470
up4 residuals: local_mean=7.296e-02, global_mean=0.0153, local_strength=0.1154, global_strength=0.1117, gain=[0.9860,1.0667], saturation=0.1224, text_film=0.0234
up4 haar: reconstruction_error=9.537e-07, skip_low/high=0.8154/0.1846, plam_low/high=1.0000/0.0000
up4 strengths: plam=0.9192, region=0.1154, detail=0.1117; residual_std region/detail/refine=0.3606/0.3842/0.3115
up4 guide_mix: entropy=0.9785, raw_low=0.3191, plam_low=0.2577, decoder_low=0.2671, detail=0.1561; agreement plam/decoder=0.4349/0.5042, support=0.7870+/-0.1084
up4 adaptive_frequency: ALPF strength=0.2486, weights=0.1491/0.7155/0.1354, sum=1.0000, entropy=0.7218, delta_std=0.0787; AHPF strength=0.0746, weights=0.3201/0.5171/0.1628, sum=1.0000, entropy=0.9069, residual_std=0.0944, scaled_std=0.0070
up3: ca=0.9920+/-0.1734, sa=1.0105+/-0.0059, amp=0.0000, suppress=0.0000, guide_abs=0.3248
up3 residuals: local_mean=3.714e-02, global_mean=0.0524, local_strength=0.1140, global_strength=0.1199, gain=[0.9840,1.0496], saturation=0.0000, text_film=0.0294
up3 haar: reconstruction_error=9.537e-07, skip_low/high=0.7963/0.2037, plam_low/high=1.0000/0.0000
up3 strengths: plam=0.9164, region=0.1140, detail=0.1199; residual_std region/detail/refine=0.2991/0.6200/0.5533
up3 guide_mix: entropy=0.9777, raw_low=0.3336, plam_low=0.2402, decoder_low=0.2640, detail=0.1621; agreement plam/decoder=0.5798/0.1794, support=0.7492+/-0.0637
up3 adaptive_frequency: ALPF strength=0.2939, weights=0.1065/0.3698/0.5238, sum=1.0000, entropy=0.7247, delta_std=0.0708; AHPF strength=0.1080, weights=0.6379/0.2017/0.1604, sum=1.0000, entropy=0.7093, residual_std=0.0850, scaled_std=0.0092
up2: ca=0.8867+/-0.1183, sa=1.0046+/-0.0031, amp=0.0000, suppress=0.0000, guide_abs=0.1857
up2 residuals: local_mean=1.955e-03, global_mean=0.0383, local_strength=0.1186, global_strength=0.1153, gain=[0.9711,1.0380], saturation=0.0000, text_film=0.0324
up2 haar: reconstruction_error=1.222e-06, skip_low/high=0.7788/0.2212, plam_low/high=1.0000/0.0000
up2 strengths: plam=0.8555, region=0.1186, detail=0.1153; residual_std region/detail/refine=0.2119/0.2870/0.1568
up2 guide_mix: entropy=0.9568, raw_low=0.3143, plam_low=0.1754, decoder_low=0.3546, detail=0.1558; agreement plam/decoder=0.6205/0.2235, support=0.5622+/-0.0371
up1: ca=0.8116+/-0.1411, sa=1.0038+/-0.0134, amp=0.0000, suppress=0.0000, guide_abs=0.2328
up1 residuals: local_mean=-1.784e-03, global_mean=0.0406, local_strength=0.1256, global_strength=0.1004, gain=[0.9027,1.0970], saturation=0.0671, text_film=0.0499
up1 haar: reconstruction_error=2.770e-06, skip_low/high=0.7202/0.2798, plam_low/high=1.0000/0.0000
up1 strengths: plam=0.9269, region=0.1256, detail=0.1004; residual_std region/detail/refine=0.5705/0.3892/0.1730
up1 guide_mix: entropy=0.9468, raw_low=0.2564, plam_low=0.2728, decoder_low=0.3620, detail=0.1088; agreement plam/decoder=0.2742/-0.0995, support=0.7267+/-0.1145

========= Epoch [43/80] =========
RS1_Test_session_09.11_04h18
Training with batch size : 16
   [Train] Epoch: [43][20/357]  Loss:0.118 (Avg 0.1384) IoU:0.776 (Avg 0.7324) Dice:0.8613 (Avg 0.8311) LR 1.36e-04   (AvgTime 0.5)   
   [Train] Epoch: [43][40/357]  Loss:0.124 (Avg 0.1412) IoU:0.766 (Avg 0.7315) Dice:0.8454 (Avg 0.8278) LR 1.36e-04   (AvgTime 0.5)   
   [Train] Epoch: [43][60/357]  Loss:0.120 (Avg 0.1375) IoU:0.759 (Avg 0.7378) Dice:0.8520 (Avg 0.8338) LR 1.36e-04   (AvgTime 0.5)   
   [Train] Epoch: [43][80/357]  Loss:0.114 (Avg 0.1383) IoU:0.796 (Avg 0.7363) Dice:0.8822 (Avg 0.8332) LR 1.36e-04   (AvgTime 0.5)   
   [Train] Epoch: [43][100/357]  Loss:0.132 (Avg 0.1405) IoU:0.744 (Avg 0.7331) Dice:0.8412 (Avg 0.8309) LR 1.36e-04   (AvgTime 0.5)   
   [Train] Epoch: [43][120/357]  Loss:0.154 (Avg 0.1409) IoU:0.713 (Avg 0.7321) Dice:0.8113 (Avg 0.8301) LR 1.36e-04   (AvgTime 0.5)   
   [Train] Epoch: [43][140/357]  Loss:0.176 (Avg 0.1422) IoU:0.672 (Avg 0.7298) Dice:0.7859 (Avg 0.8281) LR 1.36e-04   (AvgTime 0.5)   
   [Train] Epoch: [43][160/357]  Loss:0.222 (Avg 0.1432) IoU:0.585 (Avg 0.7273) Dice:0.6926 (Avg 0.8261) LR 1.36e-04   (AvgTime 0.5)   
   [Train] Epoch: [43][180/357]  Loss:0.134 (Avg 0.1431) IoU:0.737 (Avg 0.7279) Dice:0.8399 (Avg 0.8264) LR 1.36e-04   (AvgTime 0.5)   
   [Train] Epoch: [43][200/357]  Loss:0.144 (Avg 0.1440) IoU:0.758 (Avg 0.7262) Dice:0.8484 (Avg 0.8252) LR 1.36e-04   (AvgTime 0.5)   
   [Train] Epoch: [43][220/357]  Loss:0.139 (Avg 0.1439) IoU:0.725 (Avg 0.7264) Dice:0.8274 (Avg 0.8254) LR 1.36e-04   (AvgTime 0.5)   
   [Train] Epoch: [43][240/357]  Loss:0.122 (Avg 0.1444) IoU:0.761 (Avg 0.7254) Dice:0.8457 (Avg 0.8247) LR 1.36e-04   (AvgTime 0.5)   
   [Train] Epoch: [43][260/357]  Loss:0.144 (Avg 0.1453) IoU:0.725 (Avg 0.7244) Dice:0.8236 (Avg 0.8237) LR 1.36e-04   (AvgTime 0.5)   
   [Train] Epoch: [43][280/357]  Loss:0.177 (Avg 0.1462) IoU:0.665 (Avg 0.7227) Dice:0.7704 (Avg 0.8224) LR 1.36e-04   (AvgTime 0.5)   
   [Train] Epoch: [43][300/357]  Loss:0.131 (Avg 0.1461) IoU:0.749 (Avg 0.7226) Dice:0.8402 (Avg 0.8223) LR 1.36e-04   (AvgTime 0.5)   
   [Train] Epoch: [43][320/357]  Loss:0.120 (Avg 0.1462) IoU:0.788 (Avg 0.7228) Dice:0.8726 (Avg 0.8225) LR 1.36e-04   (AvgTime 0.5)   
   [Train] Epoch: [43][340/357]  Loss:0.140 (Avg 0.1462) IoU:0.720 (Avg 0.7228) Dice:0.8219 (Avg 0.8224) LR 1.36e-04   (AvgTime 0.5)   
   [Train] Epoch: [43][357/357]  Loss:0.137 (Avg 0.1460) IoU:0.747 (Avg 0.7231) Dice:0.8366 (Avg 0.8226) LR 1.36e-04   (AvgTime 0.5)   
   [Train] Loss components: main_dice=0.148657, main_focal=0.049629, main=0.099143, region_raw=0.365410, region_weighted=0.046886, empty_window_fraction=0.000000, total=0.146029
Validation
   [Val] Epoch: [43][20/90]  Loss:0.188 (Avg 0.1654) IoU:0.686 (Avg 0.7163) Dice:0.8005 (Avg 0.8197) (AvgTime 0.2)   
   [Val] Epoch: [43][40/90]  Loss:0.136 (Avg 0.1685) IoU:0.734 (Avg 0.7044) Dice:0.8356 (Avg 0.8076) (AvgTime 0.2)   
   [Val] Epoch: [43][60/90]  Loss:0.201 (Avg 0.1590) IoU:0.665 (Avg 0.7155) Dice:0.7689 (Avg 0.8151) (AvgTime 0.2)   
   [Val] Epoch: [43][80/90]  Loss:0.139 (Avg 0.1575) IoU:0.730 (Avg 0.7144) Dice:0.8306 (Avg 0.8149) (AvgTime 0.2)   
   [Val] Epoch: [43][90/90]  Loss:0.196 (Avg 0.1575) IoU:0.602 (Avg 0.7142) Dice:0.7311 (Avg 0.8148) (AvgTime 0.2)   
   [Val] Loss components: main_dice=0.154442, main_focal=0.067514, main=0.110978, region_raw=0.362229, region_weighted=0.046478, empty_window_fraction=0.000000, total=0.157457
	 No iou improvement; selected epoch 42
	 early_stopping_count: 1/80
--- Epoch History (1..43) ---
Epoch |  TrainLoss |  TrainDice |  TrainIoU |    ValLoss |    ValDice |    ValIoU |         LR | Best
    1 |     0.3274 |     0.6089 |    0.4797 |     0.3091 |     0.6203 |    0.4911 |   3.00e-04 |     
    2 |     0.2493 |     0.7003 |    0.5773 |     0.2277 |     0.7202 |    0.6053 |   3.00e-04 |     
    3 |     0.2258 |     0.7259 |    0.6062 |     0.2068 |     0.7560 |    0.6429 |   3.00e-04 |     
    4 |     0.2153 |     0.7383 |    0.6212 |     0.2013 |     0.7654 |    0.6509 |   2.99e-04 |     
    5 |     0.2041 |     0.7514 |    0.6359 |     0.1929 |     0.7592 |    0.6456 |   2.98e-04 |     
    6 |     0.2002 |     0.7575 |    0.6433 |     0.1994 |     0.7556 |    0.6374 |   2.97e-04 |     
    7 |     0.1959 |     0.7613 |    0.6476 |     0.1953 |     0.7677 |    0.6559 |   2.96e-04 |     
    8 |     0.1917 |     0.7652 |    0.6526 |     0.1819 |     0.7753 |    0.6638 |   2.94e-04 |     
    9 |     0.1890 |     0.7689 |    0.6569 |     0.1877 |     0.7648 |    0.6526 |   2.92e-04 |     
   10 |     0.1909 |     0.7674 |    0.6547 |     0.1967 |     0.7614 |    0.6474 |   2.91e-04 |     
   11 |     0.1850 |     0.7752 |    0.6643 |     0.1777 |     0.7851 |    0.6761 |   2.88e-04 |     
   12 |     0.1847 |     0.7750 |    0.6644 |     0.1820 |     0.7863 |    0.6777 |   2.86e-04 |     
   13 |     0.1819 |     0.7786 |    0.6681 |     0.1785 |     0.7822 |    0.6720 |   2.83e-04 |     
   14 |     0.1792 |     0.7815 |    0.6721 |     0.1710 |     0.7906 |    0.6822 |   2.80e-04 |     
   15 |     0.1799 |     0.7798 |    0.6700 |     0.1677 |     0.7939 |    0.6878 |   2.77e-04 |     
   16 |     0.1784 |     0.7828 |    0.6735 |     0.1778 |     0.7969 |    0.6907 |   2.74e-04 |     
   17 |     0.1800 |     0.7809 |    0.6717 |     0.1871 |     0.7775 |    0.6682 |   2.71e-04 |     
   18 |     0.1765 |     0.7859 |    0.6774 |     0.1763 |     0.7844 |    0.6744 |   2.67e-04 |     
   19 |     0.1725 |     0.7898 |    0.6825 |     0.1650 |     0.7980 |    0.6943 |   2.63e-04 |     
   20 |     0.1717 |     0.7911 |    0.6844 |     0.1718 |     0.7842 |    0.6753 |   2.59e-04 |     
   21 |     0.1702 |     0.7920 |    0.6849 |     0.1709 |     0.7905 |    0.6816 |   2.55e-04 |     
   22 |     0.1715 |     0.7907 |    0.6835 |     0.1778 |     0.7882 |    0.6809 |   2.51e-04 |     
   23 |     0.1702 |     0.7927 |    0.6865 |     0.1680 |     0.7894 |    0.6837 |   2.46e-04 |     
   24 |     0.1674 |     0.7964 |    0.6902 |     0.1675 |     0.8056 |    0.7029 |   2.42e-04 |     
   25 |     0.1664 |     0.7976 |    0.6919 |     0.1719 |     0.7939 |    0.6891 |   2.37e-04 |     
   26 |     0.1663 |     0.7975 |    0.6916 |     0.1635 |     0.7985 |    0.6924 |   2.32e-04 |     
   27 |     0.1632 |     0.8013 |    0.6966 |     0.1589 |     0.8088 |    0.7069 |   2.27e-04 |     
   28 |     0.1623 |     0.8031 |    0.6989 |     0.1645 |     0.8009 |    0.6963 |   2.22e-04 |     
   29 |     0.1611 |     0.8041 |    0.7006 |     0.1656 |     0.8001 |    0.6931 |   2.17e-04 |     
   30 |     0.1618 |     0.8040 |    0.6998 |     0.1588 |     0.8091 |    0.7079 |   2.11e-04 |     
   31 |     0.1594 |     0.8063 |    0.7029 |     0.1735 |     0.8039 |    0.6998 |   2.06e-04 |     
   32 |     0.1576 |     0.8091 |    0.7058 |     0.1622 |     0.8091 |    0.7070 |   2.00e-04 |     
   33 |     0.1577 |     0.8087 |    0.7056 |     0.1609 |     0.8024 |    0.6973 |   1.94e-04 |     
   34 |     0.1562 |     0.8101 |    0.7068 |     0.1622 |     0.8074 |    0.7042 |   1.89e-04 |     
   35 |     0.1543 |     0.8127 |    0.7105 |     0.1590 |     0.8114 |    0.7084 |   1.83e-04 |     
   36 |     0.1530 |     0.8139 |    0.7122 |     0.1560 |     0.8113 |    0.7104 |   1.77e-04 |     
   37 |     0.1544 |     0.8121 |    0.7103 |     0.1576 |     0.8048 |    0.7006 |   1.71e-04 |     
   38 |     0.1519 |     0.8155 |    0.7140 |     0.1594 |     0.8036 |    0.7011 |   1.65e-04 |     
   39 |     0.1511 |     0.8165 |    0.7156 |     0.1547 |     0.8127 |    0.7130 |   1.59e-04 |     
   40 |     0.1492 |     0.8187 |    0.7181 |     0.1550 |     0.8122 |    0.7119 |   1.53e-04 |     
   41 |     0.1486 |     0.8205 |    0.7201 |     0.1542 |     0.8149 |    0.7152 |   1.48e-04 |     
   42 |     0.1468 |     0.8219 |    0.7222 |     0.1529 |     0.8168 |    0.7168 |   1.42e-04 |    *
   43 |     0.1460 |     0.8226 |    0.7231 |     0.1575 |     0.8148 |    0.7142 |   1.36e-04 |     
--- R2 plus final-map regional overlap: global validation statistics ---
up4: ca=0.8774+/-0.1188, sa=1.0097+/-0.0086, amp=0.0000, suppress=0.0000, guide_abs=0.1365
up4 residuals: local_mean=7.035e-02, global_mean=0.0155, local_strength=0.1154, global_strength=0.1121, gain=[0.9864,1.0652], saturation=0.1000, text_film=0.0239
up4 haar: reconstruction_error=5.960e-07, skip_low/high=0.8096/0.1904, plam_low/high=1.0000/0.0000
up4 strengths: plam=0.9188, region=0.1154, detail=0.1121; residual_std region/detail/refine=0.3507/0.4098/0.3368
up4 guide_mix: entropy=0.9798, raw_low=0.3321, plam_low=0.2498, decoder_low=0.2516, detail=0.1664; agreement plam/decoder=0.5042/0.5396, support=0.7809+/-0.1056
up4 adaptive_frequency: ALPF strength=0.2492, weights=0.1408/0.7196/0.1396, sum=1.0000, entropy=0.7163, delta_std=0.0737; AHPF strength=0.0746, weights=0.3199/0.5189/0.1612, sum=1.0000, entropy=0.9059, residual_std=0.0989, scaled_std=0.0074
up3: ca=0.9902+/-0.1748, sa=1.0106+/-0.0059, amp=0.0000, suppress=0.0000, guide_abs=0.3297
up3 residuals: local_mean=3.541e-02, global_mean=0.0546, local_strength=0.1141, global_strength=0.1200, gain=[0.9838,1.0456], saturation=0.0000, text_film=0.0306
up3 haar: reconstruction_error=9.537e-07, skip_low/high=0.7945/0.2055, plam_low/high=1.0000/0.0000
up3 strengths: plam=0.9159, region=0.1141, detail=0.1200; residual_std region/detail/refine=0.3269/0.6103/0.5395
up3 guide_mix: entropy=0.9786, raw_low=0.3377, plam_low=0.2373, decoder_low=0.2573, detail=0.1677; agreement plam/decoder=0.6505/0.1677, support=0.7554+/-0.0593
up3 adaptive_frequency: ALPF strength=0.2949, weights=0.0956/0.3268/0.5777, sum=1.0000, entropy=0.7140, delta_std=0.0704; AHPF strength=0.1082, weights=0.7040/0.1838/0.1122, sum=1.0000, entropy=0.6584, residual_std=0.0664, scaled_std=0.0072
up2: ca=0.8850+/-0.1154, sa=1.0046+/-0.0031, amp=0.0000, suppress=0.0000, guide_abs=0.2132
up2 residuals: local_mean=1.447e-03, global_mean=0.0387, local_strength=0.1187, global_strength=0.1154, gain=[0.9712,1.0371], saturation=0.0000, text_film=0.0318
up2 haar: reconstruction_error=1.192e-06, skip_low/high=0.7783/0.2217, plam_low/high=1.0000/0.0000
up2 strengths: plam=0.8547, region=0.1187, detail=0.1154; residual_std region/detail/refine=0.2229/0.2775/0.1553
up2 guide_mix: entropy=0.9576, raw_low=0.3051, plam_low=0.1805, decoder_low=0.3599, detail=0.1545; agreement plam/decoder=0.4004/0.0727, support=0.5716+/-0.0459
up1: ca=0.8183+/-0.1401, sa=1.0037+/-0.0135, amp=0.0000, suppress=0.0000, guide_abs=0.2549
up1 residuals: local_mean=-4.149e-03, global_mean=0.0421, local_strength=0.1258, global_strength=0.1004, gain=[0.9027,1.0974], saturation=0.0773, text_film=0.0481
up1 haar: reconstruction_error=1.907e-06, skip_low/high=0.7353/0.2647, plam_low/high=1.0000/0.0000
up1 strengths: plam=0.9264, region=0.1258, detail=0.1004; residual_std region/detail/refine=0.6162/0.4014/0.1762
up1 guide_mix: entropy=0.9561, raw_low=0.3022, plam_low=0.2585, decoder_low=0.3242, detail=0.1151; agreement plam/decoder=0.5536/0.0660, support=0.7475+/-0.1136

========= Epoch [44/80] =========
RS1_Test_session_09.11_04h18
Training with batch size : 16
   [Train] Epoch: [44][20/357]  Loss:0.126 (Avg 0.1399) IoU:0.764 (Avg 0.7373) Dice:0.8591 (Avg 0.8326) LR 1.30e-04   (AvgTime 0.6)   
   [Train] Epoch: [44][40/357]  Loss:0.133 (Avg 0.1412) IoU:0.739 (Avg 0.7345) Dice:0.8424 (Avg 0.8310) LR 1.30e-04   (AvgTime 0.6)   
   [Train] Epoch: [44][60/357]  Loss:0.120 (Avg 0.1397) IoU:0.762 (Avg 0.7347) Dice:0.8554 (Avg 0.8317) LR 1.30e-04   (AvgTime 0.6)   
   [Train] Epoch: [44][80/357]  Loss:0.118 (Avg 0.1406) IoU:0.774 (Avg 0.7337) Dice:0.8598 (Avg 0.8307) LR 1.30e-04   (AvgTime 0.6)   
   [Train] Epoch: [44][100/357]  Loss:0.129 (Avg 0.1413) IoU:0.743 (Avg 0.7330) Dice:0.8432 (Avg 0.8303) LR 1.30e-04   (AvgTime 0.6)   
   [Train] Epoch: [44][120/357]  Loss:0.180 (Avg 0.1419) IoU:0.674 (Avg 0.7320) Dice:0.7866 (Avg 0.8297) LR 1.30e-04   (AvgTime 0.6)   
   [Train] Epoch: [44][140/357]  Loss:0.110 (Avg 0.1421) IoU:0.790 (Avg 0.7306) Dice:0.8783 (Avg 0.8290) LR 1.30e-04   (AvgTime 0.6)   
   [Train] Epoch: [44][160/357]  Loss:0.205 (Avg 0.1436) IoU:0.619 (Avg 0.7278) Dice:0.7425 (Avg 0.8265) LR 1.30e-04   (AvgTime 0.6)   
   [Train] Epoch: [44][180/357]  Loss:0.143 (Avg 0.1439) IoU:0.727 (Avg 0.7274) Dice:0.8222 (Avg 0.8260) LR 1.30e-04   (AvgTime 0.6)   
   [Train] Epoch: [44][200/357]  Loss:0.134 (Avg 0.1434) IoU:0.732 (Avg 0.7285) Dice:0.8351 (Avg 0.8269) LR 1.30e-04   (AvgTime 0.6)   
   [Train] Epoch: [44][220/357]  Loss:0.153 (Avg 0.1434) IoU:0.704 (Avg 0.7283) Dice:0.8044 (Avg 0.8269) LR 1.30e-04   (AvgTime 0.6)   
   [Train] Epoch: [44][240/357]  Loss:0.159 (Avg 0.1434) IoU:0.700 (Avg 0.7285) Dice:0.8064 (Avg 0.8270) LR 1.30e-04   (AvgTime 0.6)   
   [Train] Epoch: [44][260/357]  Loss:0.119 (Avg 0.1440) IoU:0.751 (Avg 0.7270) Dice:0.8463 (Avg 0.8261) LR 1.30e-04   (AvgTime 0.5)   
   [Train] Epoch: [44][280/357]  Loss:0.141 (Avg 0.1436) IoU:0.722 (Avg 0.7283) Dice:0.8206 (Avg 0.8268) LR 1.30e-04   (AvgTime 0.5)   
   [Train] Epoch: [44][300/357]  Loss:0.130 (Avg 0.1440) IoU:0.755 (Avg 0.7272) Dice:0.8443 (Avg 0.8259) LR 1.30e-04   (AvgTime 0.5)   
   [Train] Epoch: [44][320/357]  Loss:0.162 (Avg 0.1446) IoU:0.710 (Avg 0.7258) Dice:0.8090 (Avg 0.8249) LR 1.30e-04   (AvgTime 0.5)   
   [Train] Epoch: [44][340/357]  Loss:0.131 (Avg 0.1456) IoU:0.766 (Avg 0.7246) Dice:0.8626 (Avg 0.8240) LR 1.30e-04   (AvgTime 0.5)   
   [Train] Epoch: [44][357/357]  Loss:0.116 (Avg 0.1454) IoU:0.776 (Avg 0.7250) Dice:0.8620 (Avg 0.8243) LR 1.30e-04   (AvgTime 0.5)   
   [Train] Loss components: main_dice=0.147127, main_focal=0.050323, main=0.098725, region_raw=0.363919, region_weighted=0.046695, empty_window_fraction=0.000000, total=0.145421
Validation
   [Val] Epoch: [44][20/90]  Loss:0.194 (Avg 0.1547) IoU:0.661 (Avg 0.7260) Dice:0.7799 (Avg 0.8276) (AvgTime 0.2)   
   [Val] Epoch: [44][40/90]  Loss:0.137 (Avg 0.1608) IoU:0.740 (Avg 0.7120) Dice:0.8390 (Avg 0.8140) (AvgTime 0.2)   
   [Val] Epoch: [44][60/90]  Loss:0.191 (Avg 0.1506) IoU:0.655 (Avg 0.7230) Dice:0.7628 (Avg 0.8211) (AvgTime 0.2)   
   [Val] Epoch: [44][80/90]  Loss:0.134 (Avg 0.1488) IoU:0.743 (Avg 0.7230) Dice:0.8414 (Avg 0.8214) (AvgTime 0.2)   
   [Val] Epoch: [44][90/90]  Loss:0.191 (Avg 0.1487) IoU:0.624 (Avg 0.7231) Dice:0.7493 (Avg 0.8215) (AvgTime 0.2)   
   [Val] Loss components: main_dice=0.149395, main_focal=0.054989, main=0.102192, region_raw=0.362584, region_weighted=0.046524, empty_window_fraction=0.000000, total=0.148716
	 Saving best model by iou: 0.723067
	 Saving to Covid19/BetterLViT/rs1_global_iou/RS1_Test_session_09.11_04h18/models//best_model-BetterLViT.pth.tar
	 early_stopping_count: 0/80
--- Epoch History (1..44) ---
Epoch |  TrainLoss |  TrainDice |  TrainIoU |    ValLoss |    ValDice |    ValIoU |         LR | Best
    1 |     0.3274 |     0.6089 |    0.4797 |     0.3091 |     0.6203 |    0.4911 |   3.00e-04 |     
    2 |     0.2493 |     0.7003 |    0.5773 |     0.2277 |     0.7202 |    0.6053 |   3.00e-04 |     
    3 |     0.2258 |     0.7259 |    0.6062 |     0.2068 |     0.7560 |    0.6429 |   3.00e-04 |     
    4 |     0.2153 |     0.7383 |    0.6212 |     0.2013 |     0.7654 |    0.6509 |   2.99e-04 |     
    5 |     0.2041 |     0.7514 |    0.6359 |     0.1929 |     0.7592 |    0.6456 |   2.98e-04 |     
    6 |     0.2002 |     0.7575 |    0.6433 |     0.1994 |     0.7556 |    0.6374 |   2.97e-04 |     
    7 |     0.1959 |     0.7613 |    0.6476 |     0.1953 |     0.7677 |    0.6559 |   2.96e-04 |     
    8 |     0.1917 |     0.7652 |    0.6526 |     0.1819 |     0.7753 |    0.6638 |   2.94e-04 |     
    9 |     0.1890 |     0.7689 |    0.6569 |     0.1877 |     0.7648 |    0.6526 |   2.92e-04 |     
   10 |     0.1909 |     0.7674 |    0.6547 |     0.1967 |     0.7614 |    0.6474 |   2.91e-04 |     
   11 |     0.1850 |     0.7752 |    0.6643 |     0.1777 |     0.7851 |    0.6761 |   2.88e-04 |     
   12 |     0.1847 |     0.7750 |    0.6644 |     0.1820 |     0.7863 |    0.6777 |   2.86e-04 |     
   13 |     0.1819 |     0.7786 |    0.6681 |     0.1785 |     0.7822 |    0.6720 |   2.83e-04 |     
   14 |     0.1792 |     0.7815 |    0.6721 |     0.1710 |     0.7906 |    0.6822 |   2.80e-04 |     
   15 |     0.1799 |     0.7798 |    0.6700 |     0.1677 |     0.7939 |    0.6878 |   2.77e-04 |     
   16 |     0.1784 |     0.7828 |    0.6735 |     0.1778 |     0.7969 |    0.6907 |   2.74e-04 |     
   17 |     0.1800 |     0.7809 |    0.6717 |     0.1871 |     0.7775 |    0.6682 |   2.71e-04 |     
   18 |     0.1765 |     0.7859 |    0.6774 |     0.1763 |     0.7844 |    0.6744 |   2.67e-04 |     
   19 |     0.1725 |     0.7898 |    0.6825 |     0.1650 |     0.7980 |    0.6943 |   2.63e-04 |     
   20 |     0.1717 |     0.7911 |    0.6844 |     0.1718 |     0.7842 |    0.6753 |   2.59e-04 |     
   21 |     0.1702 |     0.7920 |    0.6849 |     0.1709 |     0.7905 |    0.6816 |   2.55e-04 |     
   22 |     0.1715 |     0.7907 |    0.6835 |     0.1778 |     0.7882 |    0.6809 |   2.51e-04 |     
   23 |     0.1702 |     0.7927 |    0.6865 |     0.1680 |     0.7894 |    0.6837 |   2.46e-04 |     
   24 |     0.1674 |     0.7964 |    0.6902 |     0.1675 |     0.8056 |    0.7029 |   2.42e-04 |     
   25 |     0.1664 |     0.7976 |    0.6919 |     0.1719 |     0.7939 |    0.6891 |   2.37e-04 |     
   26 |     0.1663 |     0.7975 |    0.6916 |     0.1635 |     0.7985 |    0.6924 |   2.32e-04 |     
   27 |     0.1632 |     0.8013 |    0.6966 |     0.1589 |     0.8088 |    0.7069 |   2.27e-04 |     
   28 |     0.1623 |     0.8031 |    0.6989 |     0.1645 |     0.8009 |    0.6963 |   2.22e-04 |     
   29 |     0.1611 |     0.8041 |    0.7006 |     0.1656 |     0.8001 |    0.6931 |   2.17e-04 |     
   30 |     0.1618 |     0.8040 |    0.6998 |     0.1588 |     0.8091 |    0.7079 |   2.11e-04 |     
   31 |     0.1594 |     0.8063 |    0.7029 |     0.1735 |     0.8039 |    0.6998 |   2.06e-04 |     
   32 |     0.1576 |     0.8091 |    0.7058 |     0.1622 |     0.8091 |    0.7070 |   2.00e-04 |     
   33 |     0.1577 |     0.8087 |    0.7056 |     0.1609 |     0.8024 |    0.6973 |   1.94e-04 |     
   34 |     0.1562 |     0.8101 |    0.7068 |     0.1622 |     0.8074 |    0.7042 |   1.89e-04 |     
   35 |     0.1543 |     0.8127 |    0.7105 |     0.1590 |     0.8114 |    0.7084 |   1.83e-04 |     
   36 |     0.1530 |     0.8139 |    0.7122 |     0.1560 |     0.8113 |    0.7104 |   1.77e-04 |     
   37 |     0.1544 |     0.8121 |    0.7103 |     0.1576 |     0.8048 |    0.7006 |   1.71e-04 |     
   38 |     0.1519 |     0.8155 |    0.7140 |     0.1594 |     0.8036 |    0.7011 |   1.65e-04 |     
   39 |     0.1511 |     0.8165 |    0.7156 |     0.1547 |     0.8127 |    0.7130 |   1.59e-04 |     
   40 |     0.1492 |     0.8187 |    0.7181 |     0.1550 |     0.8122 |    0.7119 |   1.53e-04 |     
   41 |     0.1486 |     0.8205 |    0.7201 |     0.1542 |     0.8149 |    0.7152 |   1.48e-04 |     
   42 |     0.1468 |     0.8219 |    0.7222 |     0.1529 |     0.8168 |    0.7168 |   1.42e-04 |     
   43 |     0.1460 |     0.8226 |    0.7231 |     0.1575 |     0.8148 |    0.7142 |   1.36e-04 |     
   44 |     0.1454 |     0.8243 |    0.7250 |     0.1487 |     0.8215 |    0.7231 |   1.30e-04 |    *
--- R2 plus final-map regional overlap: global validation statistics ---
up4: ca=0.8814+/-0.1174, sa=1.0100+/-0.0085, amp=0.0000, suppress=0.0000, guide_abs=0.1553
up4 residuals: local_mean=7.163e-02, global_mean=0.0168, local_strength=0.1155, global_strength=0.1123, gain=[0.9915,1.0645], saturation=0.1510, text_film=0.0240
up4 haar: reconstruction_error=7.153e-07, skip_low/high=0.8171/0.1829, plam_low/high=1.0000/0.0000
up4 strengths: plam=0.9186, region=0.1155, detail=0.1123; residual_std region/detail/refine=0.3762/0.4054/0.3280
up4 guide_mix: entropy=0.9791, raw_low=0.3208, plam_low=0.2575, decoder_low=0.2634, detail=0.1583; agreement plam/decoder=0.4751/0.5138, support=0.7968+/-0.1074
up4 adaptive_frequency: ALPF strength=0.2497, weights=0.1466/0.7135/0.1399, sum=1.0000, entropy=0.7252, delta_std=0.0774; AHPF strength=0.0746, weights=0.3025/0.5317/0.1658, sum=1.0000, entropy=0.9009, residual_std=0.0994, scaled_std=0.0074
up3: ca=0.9800+/-0.1813, sa=1.0107+/-0.0059, amp=0.0000, suppress=0.0000, guide_abs=0.3361
up3 residuals: local_mean=3.498e-02, global_mean=0.0558, local_strength=0.1141, global_strength=0.1201, gain=[0.9860,1.0435], saturation=0.0000, text_film=0.0286
up3 haar: reconstruction_error=9.537e-07, skip_low/high=0.7969/0.2031, plam_low/high=1.0000/0.0000
up3 strengths: plam=0.9156, region=0.1141, detail=0.1201; residual_std region/detail/refine=0.3237/0.6088/0.5390
up3 guide_mix: entropy=0.9778, raw_low=0.3412, plam_low=0.2362, decoder_low=0.2551, detail=0.1675; agreement plam/decoder=0.6163/0.1861, support=0.7372+/-0.0632
up3 adaptive_frequency: ALPF strength=0.2957, weights=0.1197/0.4428/0.4375, sum=1.0000, entropy=0.7687, delta_std=0.0693; AHPF strength=0.1084, weights=0.6122/0.2340/0.1537, sum=1.0000, entropy=0.7601, residual_std=0.0851, scaled_std=0.0092
up2: ca=0.8899+/-0.1242, sa=1.0048+/-0.0030, amp=0.0000, suppress=0.0000, guide_abs=0.1920
up2 residuals: local_mean=1.807e-03, global_mean=0.0394, local_strength=0.1188, global_strength=0.1154, gain=[0.9731,1.0385], saturation=0.0000, text_film=0.0326
up2 haar: reconstruction_error=1.281e-06, skip_low/high=0.7817/0.2183, plam_low/high=1.0000/0.0000
up2 strengths: plam=0.8542, region=0.1188, detail=0.1154; residual_std region/detail/refine=0.2161/0.2746/0.1552
up2 guide_mix: entropy=0.9497, raw_low=0.3049, plam_low=0.1710, decoder_low=0.3740, detail=0.1500; agreement plam/decoder=0.5684/0.1634, support=0.5634+/-0.0373
up1: ca=0.8179+/-0.1422, sa=1.0037+/-0.0134, amp=0.0000, suppress=0.0000, guide_abs=0.2379
up1 residuals: local_mean=-3.476e-03, global_mean=0.0418, local_strength=0.1258, global_strength=0.1004, gain=[0.9029,1.0971], saturation=0.0634, text_film=0.0483
up1 haar: reconstruction_error=1.907e-06, skip_low/high=0.7387/0.2613, plam_low/high=1.0000/0.0000
up1 strengths: plam=0.9262, region=0.1258, detail=0.1004; residual_std region/detail/refine=0.5802/0.3947/0.1762
up1 guide_mix: entropy=0.9492, raw_low=0.2965, plam_low=0.2385, decoder_low=0.3523, detail=0.1126; agreement plam/decoder=0.4442/0.0347, support=0.7312+/-0.1136

========= Epoch [45/80] =========
RS1_Test_session_09.11_04h18
Training with batch size : 16
   [Train] Epoch: [45][20/357]  Loss:0.120 (Avg 0.1350) IoU:0.751 (Avg 0.7400) Dice:0.8499 (Avg 0.8356) LR 1.24e-04   (AvgTime 0.6)   
   [Train] Epoch: [45][40/357]  Loss:0.134 (Avg 0.1373) IoU:0.718 (Avg 0.7380) Dice:0.8256 (Avg 0.8329) LR 1.24e-04   (AvgTime 0.6)   
   [Train] Epoch: [45][60/357]  Loss:0.166 (Avg 0.1433) IoU:0.683 (Avg 0.7288) Dice:0.7920 (Avg 0.8253) LR 1.24e-04   (AvgTime 0.6)   
   [Train] Epoch: [45][80/357]  Loss:0.156 (Avg 0.1447) IoU:0.728 (Avg 0.7257) Dice:0.8350 (Avg 0.8236) LR 1.24e-04   (AvgTime 0.6)   
   [Train] Epoch: [45][100/357]  Loss:0.179 (Avg 0.1476) IoU:0.690 (Avg 0.7215) Dice:0.7975 (Avg 0.8202) LR 1.24e-04   (AvgTime 0.6)   
   [Train] Epoch: [45][120/357]  Loss:0.142 (Avg 0.1469) IoU:0.730 (Avg 0.7224) Dice:0.8292 (Avg 0.8213) LR 1.24e-04   (AvgTime 0.6)   
   [Train] Epoch: [45][140/357]  Loss:0.117 (Avg 0.1471) IoU:0.761 (Avg 0.7220) Dice:0.8561 (Avg 0.8214) LR 1.24e-04   (AvgTime 0.5)   
   [Train] Epoch: [45][160/357]  Loss:0.179 (Avg 0.1473) IoU:0.676 (Avg 0.7219) Dice:0.7804 (Avg 0.8213) LR 1.24e-04   (AvgTime 0.5)   
   [Train] Epoch: [45][180/357]  Loss:0.189 (Avg 0.1472) IoU:0.651 (Avg 0.7218) Dice:0.7800 (Avg 0.8216) LR 1.24e-04   (AvgTime 0.5)   
   [Train] Epoch: [45][200/357]  Loss:0.127 (Avg 0.1463) IoU:0.756 (Avg 0.7235) Dice:0.8489 (Avg 0.8230) LR 1.24e-04   (AvgTime 0.5)   
   [Train] Epoch: [45][220/357]  Loss:0.147 (Avg 0.1466) IoU:0.706 (Avg 0.7232) Dice:0.8183 (Avg 0.8227) LR 1.24e-04   (AvgTime 0.5)   
   [Train] Epoch: [45][240/357]  Loss:0.141 (Avg 0.1469) IoU:0.754 (Avg 0.7225) Dice:0.8447 (Avg 0.8221) LR 1.24e-04   (AvgTime 0.5)   
   [Train] Epoch: [45][260/357]  Loss:0.167 (Avg 0.1468) IoU:0.678 (Avg 0.7225) Dice:0.7994 (Avg 0.8221) LR 1.24e-04   (AvgTime 0.5)   
   [Train] Epoch: [45][280/357]  Loss:0.144 (Avg 0.1465) IoU:0.708 (Avg 0.7231) Dice:0.8113 (Avg 0.8225) LR 1.24e-04   (AvgTime 0.5)   
   [Train] Epoch: [45][300/357]  Loss:0.128 (Avg 0.1457) IoU:0.760 (Avg 0.7242) Dice:0.8552 (Avg 0.8235) LR 1.24e-04   (AvgTime 0.5)   
   [Train] Epoch: [45][320/357]  Loss:0.146 (Avg 0.1454) IoU:0.702 (Avg 0.7248) Dice:0.8147 (Avg 0.8240) LR 1.24e-04   (AvgTime 0.5)   
   [Train] Epoch: [45][340/357]  Loss:0.143 (Avg 0.1452) IoU:0.735 (Avg 0.7252) Dice:0.8341 (Avg 0.8243) LR 1.24e-04   (AvgTime 0.5)   
   [Train] Epoch: [45][357/357]  Loss:0.142 (Avg 0.1453) IoU:0.733 (Avg 0.7249) Dice:0.8286 (Avg 0.8241) LR 1.24e-04   (AvgTime 0.5)   
   [Train] Loss components: main_dice=0.147336, main_focal=0.049927, main=0.098631, region_raw=0.364062, region_weighted=0.046714, empty_window_fraction=0.000000, total=0.145345
Validation
   [Val] Epoch: [45][20/90]  Loss:0.192 (Avg 0.1642) IoU:0.667 (Avg 0.7136) Dice:0.7868 (Avg 0.8166) (AvgTime 0.2)   
   [Val] Epoch: [45][40/90]  Loss:0.147 (Avg 0.1689) IoU:0.717 (Avg 0.7013) Dice:0.8239 (Avg 0.8045) (AvgTime 0.2)   
   [Val] Epoch: [45][60/90]  Loss:0.204 (Avg 0.1606) IoU:0.648 (Avg 0.7119) Dice:0.7553 (Avg 0.8116) (AvgTime 0.2)   
   [Val] Epoch: [45][80/90]  Loss:0.160 (Avg 0.1578) IoU:0.695 (Avg 0.7126) Dice:0.7985 (Avg 0.8126) (AvgTime 0.2)   
   [Val] Epoch: [45][90/90]  Loss:0.205 (Avg 0.1575) IoU:0.572 (Avg 0.7132) Dice:0.7094 (Avg 0.8131) (AvgTime 0.2)   
   [Val] Loss components: main_dice=0.155618, main_focal=0.063262, main=0.109440, region_raw=0.374809, region_weighted=0.048092, empty_window_fraction=0.000000, total=0.157532
	 No iou improvement; selected epoch 44
	 early_stopping_count: 1/80
--- Epoch History (1..45) ---
Epoch |  TrainLoss |  TrainDice |  TrainIoU |    ValLoss |    ValDice |    ValIoU |         LR | Best
    1 |     0.3274 |     0.6089 |    0.4797 |     0.3091 |     0.6203 |    0.4911 |   3.00e-04 |     
    2 |     0.2493 |     0.7003 |    0.5773 |     0.2277 |     0.7202 |    0.6053 |   3.00e-04 |     
    3 |     0.2258 |     0.7259 |    0.6062 |     0.2068 |     0.7560 |    0.6429 |   3.00e-04 |     
    4 |     0.2153 |     0.7383 |    0.6212 |     0.2013 |     0.7654 |    0.6509 |   2.99e-04 |     
    5 |     0.2041 |     0.7514 |    0.6359 |     0.1929 |     0.7592 |    0.6456 |   2.98e-04 |     
    6 |     0.2002 |     0.7575 |    0.6433 |     0.1994 |     0.7556 |    0.6374 |   2.97e-04 |     
    7 |     0.1959 |     0.7613 |    0.6476 |     0.1953 |     0.7677 |    0.6559 |   2.96e-04 |     
    8 |     0.1917 |     0.7652 |    0.6526 |     0.1819 |     0.7753 |    0.6638 |   2.94e-04 |     
    9 |     0.1890 |     0.7689 |    0.6569 |     0.1877 |     0.7648 |    0.6526 |   2.92e-04 |     
   10 |     0.1909 |     0.7674 |    0.6547 |     0.1967 |     0.7614 |    0.6474 |   2.91e-04 |     
   11 |     0.1850 |     0.7752 |    0.6643 |     0.1777 |     0.7851 |    0.6761 |   2.88e-04 |     
   12 |     0.1847 |     0.7750 |    0.6644 |     0.1820 |     0.7863 |    0.6777 |   2.86e-04 |     
   13 |     0.1819 |     0.7786 |    0.6681 |     0.1785 |     0.7822 |    0.6720 |   2.83e-04 |     
   14 |     0.1792 |     0.7815 |    0.6721 |     0.1710 |     0.7906 |    0.6822 |   2.80e-04 |     
   15 |     0.1799 |     0.7798 |    0.6700 |     0.1677 |     0.7939 |    0.6878 |   2.77e-04 |     
   16 |     0.1784 |     0.7828 |    0.6735 |     0.1778 |     0.7969 |    0.6907 |   2.74e-04 |     
   17 |     0.1800 |     0.7809 |    0.6717 |     0.1871 |     0.7775 |    0.6682 |   2.71e-04 |     
   18 |     0.1765 |     0.7859 |    0.6774 |     0.1763 |     0.7844 |    0.6744 |   2.67e-04 |     
   19 |     0.1725 |     0.7898 |    0.6825 |     0.1650 |     0.7980 |    0.6943 |   2.63e-04 |     
   20 |     0.1717 |     0.7911 |    0.6844 |     0.1718 |     0.7842 |    0.6753 |   2.59e-04 |     
   21 |     0.1702 |     0.7920 |    0.6849 |     0.1709 |     0.7905 |    0.6816 |   2.55e-04 |     
   22 |     0.1715 |     0.7907 |    0.6835 |     0.1778 |     0.7882 |    0.6809 |   2.51e-04 |     
   23 |     0.1702 |     0.7927 |    0.6865 |     0.1680 |     0.7894 |    0.6837 |   2.46e-04 |     
   24 |     0.1674 |     0.7964 |    0.6902 |     0.1675 |     0.8056 |    0.7029 |   2.42e-04 |     
   25 |     0.1664 |     0.7976 |    0.6919 |     0.1719 |     0.7939 |    0.6891 |   2.37e-04 |     
   26 |     0.1663 |     0.7975 |    0.6916 |     0.1635 |     0.7985 |    0.6924 |   2.32e-04 |     
   27 |     0.1632 |     0.8013 |    0.6966 |     0.1589 |     0.8088 |    0.7069 |   2.27e-04 |     
   28 |     0.1623 |     0.8031 |    0.6989 |     0.1645 |     0.8009 |    0.6963 |   2.22e-04 |     
   29 |     0.1611 |     0.8041 |    0.7006 |     0.1656 |     0.8001 |    0.6931 |   2.17e-04 |     
   30 |     0.1618 |     0.8040 |    0.6998 |     0.1588 |     0.8091 |    0.7079 |   2.11e-04 |     
   31 |     0.1594 |     0.8063 |    0.7029 |     0.1735 |     0.8039 |    0.6998 |   2.06e-04 |     
   32 |     0.1576 |     0.8091 |    0.7058 |     0.1622 |     0.8091 |    0.7070 |   2.00e-04 |     
   33 |     0.1577 |     0.8087 |    0.7056 |     0.1609 |     0.8024 |    0.6973 |   1.94e-04 |     
   34 |     0.1562 |     0.8101 |    0.7068 |     0.1622 |     0.8074 |    0.7042 |   1.89e-04 |     
   35 |     0.1543 |     0.8127 |    0.7105 |     0.1590 |     0.8114 |    0.7084 |   1.83e-04 |     
   36 |     0.1530 |     0.8139 |    0.7122 |     0.1560 |     0.8113 |    0.7104 |   1.77e-04 |     
   37 |     0.1544 |     0.8121 |    0.7103 |     0.1576 |     0.8048 |    0.7006 |   1.71e-04 |     
   38 |     0.1519 |     0.8155 |    0.7140 |     0.1594 |     0.8036 |    0.7011 |   1.65e-04 |     
   39 |     0.1511 |     0.8165 |    0.7156 |     0.1547 |     0.8127 |    0.7130 |   1.59e-04 |     
   40 |     0.1492 |     0.8187 |    0.7181 |     0.1550 |     0.8122 |    0.7119 |   1.53e-04 |     
   41 |     0.1486 |     0.8205 |    0.7201 |     0.1542 |     0.8149 |    0.7152 |   1.48e-04 |     
   42 |     0.1468 |     0.8219 |    0.7222 |     0.1529 |     0.8168 |    0.7168 |   1.42e-04 |     
   43 |     0.1460 |     0.8226 |    0.7231 |     0.1575 |     0.8148 |    0.7142 |   1.36e-04 |     
   44 |     0.1454 |     0.8243 |    0.7250 |     0.1487 |     0.8215 |    0.7231 |   1.30e-04 |    *
   45 |     0.1453 |     0.8241 |    0.7249 |     0.1575 |     0.8131 |    0.7132 |   1.24e-04 |     
--- R2 plus final-map regional overlap: global validation statistics ---
up4: ca=0.8840+/-0.1155, sa=1.0098+/-0.0082, amp=0.0000, suppress=0.0000, guide_abs=0.1419
up4 residuals: local_mean=6.943e-02, global_mean=0.0170, local_strength=0.1155, global_strength=0.1126, gain=[0.9913,1.0624], saturation=0.0898, text_film=0.0236
up4 haar: reconstruction_error=9.537e-07, skip_low/high=0.8180/0.1820, plam_low/high=1.0000/0.0000
up4 strengths: plam=0.9180, region=0.1155, detail=0.1126; residual_std region/detail/refine=0.3367/0.3875/0.3146
up4 guide_mix: entropy=0.9783, raw_low=0.3122, plam_low=0.2702, decoder_low=0.2643, detail=0.1533; agreement plam/decoder=0.5219/0.5529, support=0.7750+/-0.1034
up4 adaptive_frequency: ALPF strength=0.2502, weights=0.1497/0.7130/0.1373, sum=1.0000, entropy=0.7258, delta_std=0.0750; AHPF strength=0.0745, weights=0.3116/0.5241/0.1644, sum=1.0000, entropy=0.9055, residual_std=0.0958, scaled_std=0.0071
up3: ca=0.9885+/-0.1738, sa=1.0107+/-0.0056, amp=0.0000, suppress=0.0000, guide_abs=0.3453
up3 residuals: local_mean=3.552e-02, global_mean=0.0559, local_strength=0.1142, global_strength=0.1202, gain=[0.9857,1.0445], saturation=0.0000, text_film=0.0339
up3 haar: reconstruction_error=9.537e-07, skip_low/high=0.7967/0.2033, plam_low/high=1.0000/0.0000
up3 strengths: plam=0.9150, region=0.1142, detail=0.1202; residual_std region/detail/refine=0.3455/0.6259/0.5582
up3 guide_mix: entropy=0.9783, raw_low=0.3383, plam_low=0.2495, decoder_low=0.2462, detail=0.1659; agreement plam/decoder=0.5984/0.2033, support=0.7636+/-0.0592
up3 adaptive_frequency: ALPF strength=0.2967, weights=0.0805/0.2959/0.6235, sum=1.0000, entropy=0.6864, delta_std=0.0703; AHPF strength=0.1085, weights=0.7080/0.1673/0.1248, sum=1.0000, entropy=0.6608, residual_std=0.0657, scaled_std=0.0071
up2: ca=0.8983+/-0.1124, sa=1.0047+/-0.0033, amp=0.0000, suppress=0.0000, guide_abs=0.1855
up2 residuals: local_mean=1.205e-03, global_mean=0.0394, local_strength=0.1189, global_strength=0.1155, gain=[0.9708,1.0395], saturation=0.0000, text_film=0.0324
up2 haar: reconstruction_error=1.281e-06, skip_low/high=0.7809/0.2191, plam_low/high=1.0000/0.0000
up2 strengths: plam=0.8534, region=0.1189, detail=0.1155; residual_std region/detail/refine=0.2175/0.2872/0.1548
up2 guide_mix: entropy=0.9621, raw_low=0.3212, plam_low=0.1855, decoder_low=0.3372, detail=0.1561; agreement plam/decoder=0.7025/0.1842, support=0.5639+/-0.0393
up1: ca=0.8073+/-0.1357, sa=1.0038+/-0.0135, amp=0.0000, suppress=0.0000, guide_abs=0.2225
up1 residuals: local_mean=-3.407e-03, global_mean=0.0424, local_strength=0.1259, global_strength=0.1004, gain=[0.9022,1.0979], saturation=0.0647, text_film=0.0488
up1 haar: reconstruction_error=1.919e-06, skip_low/high=0.7144/0.2856, plam_low/high=1.0000/0.0000
up1 strengths: plam=0.9259, region=0.1259, detail=0.1004; residual_std region/detail/refine=0.5799/0.4016/0.1787
up1 guide_mix: entropy=0.9477, raw_low=0.2505, plam_low=0.2987, decoder_low=0.3439, detail=0.1069; agreement plam/decoder=0.3455/-0.0577, support=0.7273+/-0.1107

========= Epoch [46/80] =========
RS1_Test_session_09.11_04h18
Training with batch size : 16
   [Train] Epoch: [46][20/357]  Loss:0.120 (Avg 0.1294) IoU:0.779 (Avg 0.7545) Dice:0.8718 (Avg 0.8469) LR 1.18e-04   (AvgTime 0.5)   
   [Train] Epoch: [46][40/357]  Loss:0.157 (Avg 0.1320) IoU:0.692 (Avg 0.7465) Dice:0.7970 (Avg 0.8414) LR 1.18e-04   (AvgTime 0.5)   
   [Train] Epoch: [46][60/357]  Loss:0.145 (Avg 0.1335) IoU:0.714 (Avg 0.7453) Dice:0.8215 (Avg 0.8400) LR 1.18e-04   (AvgTime 0.5)   
   [Train] Epoch: [46][80/357]  Loss:0.168 (Avg 0.1353) IoU:0.673 (Avg 0.7418) Dice:0.7791 (Avg 0.8373) LR 1.18e-04   (AvgTime 0.5)   
   [Train] Epoch: [46][100/357]  Loss:0.145 (Avg 0.1391) IoU:0.718 (Avg 0.7358) Dice:0.8235 (Avg 0.8321) LR 1.18e-04   (AvgTime 0.5)   
   [Train] Epoch: [46][120/357]  Loss:0.100 (Avg 0.1388) IoU:0.806 (Avg 0.7365) Dice:0.8870 (Avg 0.8329) LR 1.18e-04   (AvgTime 0.5)   
   [Train] Epoch: [46][140/357]  Loss:0.133 (Avg 0.1384) IoU:0.731 (Avg 0.7363) Dice:0.8366 (Avg 0.8331) LR 1.18e-04   (AvgTime 0.5)   
   [Train] Epoch: [46][160/357]  Loss:0.133 (Avg 0.1381) IoU:0.747 (Avg 0.7366) Dice:0.8370 (Avg 0.8334) LR 1.18e-04   (AvgTime 0.5)   
   [Train] Epoch: [46][180/357]  Loss:0.117 (Avg 0.1389) IoU:0.773 (Avg 0.7351) Dice:0.8596 (Avg 0.8323) LR 1.18e-04   (AvgTime 0.5)   
   [Train] Epoch: [46][200/357]  Loss:0.160 (Avg 0.1403) IoU:0.688 (Avg 0.7325) Dice:0.7878 (Avg 0.8301) LR 1.18e-04   (AvgTime 0.5)   
   [Train] Epoch: [46][220/357]  Loss:0.175 (Avg 0.1410) IoU:0.640 (Avg 0.7314) Dice:0.7486 (Avg 0.8290) LR 1.18e-04   (AvgTime 0.5)   
   [Train] Epoch: [46][240/357]  Loss:0.152 (Avg 0.1411) IoU:0.710 (Avg 0.7310) Dice:0.8228 (Avg 0.8290) LR 1.18e-04   (AvgTime 0.5)   
   [Train] Epoch: [46][260/357]  Loss:0.101 (Avg 0.1406) IoU:0.814 (Avg 0.7317) Dice:0.8926 (Avg 0.8297) LR 1.18e-04   (AvgTime 0.5)   
   [Train] Epoch: [46][280/357]  Loss:0.131 (Avg 0.1414) IoU:0.741 (Avg 0.7305) Dice:0.8419 (Avg 0.8288) LR 1.18e-04   (AvgTime 0.5)   
   [Train] Epoch: [46][300/357]  Loss:0.226 (Avg 0.1419) IoU:0.587 (Avg 0.7298) Dice:0.7099 (Avg 0.8282) LR 1.18e-04   (AvgTime 0.5)   
   [Train] Epoch: [46][320/357]  Loss:0.107 (Avg 0.1421) IoU:0.784 (Avg 0.7292) Dice:0.8705 (Avg 0.8277) LR 1.18e-04   (AvgTime 0.5)   
   [Train] Epoch: [46][340/357]  Loss:0.132 (Avg 0.1423) IoU:0.740 (Avg 0.7292) Dice:0.8397 (Avg 0.8277) LR 1.18e-04   (AvgTime 0.5)   
   [Train] Epoch: [46][357/357]  Loss:0.181 (Avg 0.1421) IoU:0.670 (Avg 0.7296) Dice:0.7785 (Avg 0.8281) LR 1.18e-04   (AvgTime 0.5)   
   [Train] Loss components: main_dice=0.143582, main_focal=0.048698, main=0.096140, region_raw=0.358213, region_weighted=0.045963, empty_window_fraction=0.000000, total=0.142103
Validation
   [Val] Epoch: [46][20/90]  Loss:0.196 (Avg 0.1617) IoU:0.674 (Avg 0.7215) Dice:0.7874 (Avg 0.8229) (AvgTime 0.3)   
   [Val] Epoch: [46][40/90]  Loss:0.142 (Avg 0.1653) IoU:0.726 (Avg 0.7081) Dice:0.8294 (Avg 0.8100) (AvgTime 0.2)   
   [Val] Epoch: [46][60/90]  Loss:0.203 (Avg 0.1547) IoU:0.650 (Avg 0.7204) Dice:0.7543 (Avg 0.8183) (AvgTime 0.2)   
   [Val] Epoch: [46][80/90]  Loss:0.142 (Avg 0.1536) IoU:0.715 (Avg 0.7183) Dice:0.8140 (Avg 0.8170) (AvgTime 0.2)   
   [Val] Epoch: [46][90/90]  Loss:0.179 (Avg 0.1538) IoU:0.641 (Avg 0.7176) Dice:0.7687 (Avg 0.8164) (AvgTime 0.2)   
   [Val] Loss components: main_dice=0.152829, main_focal=0.063614, main=0.108222, region_raw=0.355455, region_weighted=0.045609, empty_window_fraction=0.000000, total=0.153831
	 No iou improvement; selected epoch 44
	 early_stopping_count: 2/80
--- Epoch History (1..46) ---
Epoch |  TrainLoss |  TrainDice |  TrainIoU |    ValLoss |    ValDice |    ValIoU |         LR | Best
    1 |     0.3274 |     0.6089 |    0.4797 |     0.3091 |     0.6203 |    0.4911 |   3.00e-04 |     
    2 |     0.2493 |     0.7003 |    0.5773 |     0.2277 |     0.7202 |    0.6053 |   3.00e-04 |     
    3 |     0.2258 |     0.7259 |    0.6062 |     0.2068 |     0.7560 |    0.6429 |   3.00e-04 |     
    4 |     0.2153 |     0.7383 |    0.6212 |     0.2013 |     0.7654 |    0.6509 |   2.99e-04 |     
    5 |     0.2041 |     0.7514 |    0.6359 |     0.1929 |     0.7592 |    0.6456 |   2.98e-04 |     
    6 |     0.2002 |     0.7575 |    0.6433 |     0.1994 |     0.7556 |    0.6374 |   2.97e-04 |     
    7 |     0.1959 |     0.7613 |    0.6476 |     0.1953 |     0.7677 |    0.6559 |   2.96e-04 |     
    8 |     0.1917 |     0.7652 |    0.6526 |     0.1819 |     0.7753 |    0.6638 |   2.94e-04 |     
    9 |     0.1890 |     0.7689 |    0.6569 |     0.1877 |     0.7648 |    0.6526 |   2.92e-04 |     
   10 |     0.1909 |     0.7674 |    0.6547 |     0.1967 |     0.7614 |    0.6474 |   2.91e-04 |     
   11 |     0.1850 |     0.7752 |    0.6643 |     0.1777 |     0.7851 |    0.6761 |   2.88e-04 |     
   12 |     0.1847 |     0.7750 |    0.6644 |     0.1820 |     0.7863 |    0.6777 |   2.86e-04 |     
   13 |     0.1819 |     0.7786 |    0.6681 |     0.1785 |     0.7822 |    0.6720 |   2.83e-04 |     
   14 |     0.1792 |     0.7815 |    0.6721 |     0.1710 |     0.7906 |    0.6822 |   2.80e-04 |     
   15 |     0.1799 |     0.7798 |    0.6700 |     0.1677 |     0.7939 |    0.6878 |   2.77e-04 |     
   16 |     0.1784 |     0.7828 |    0.6735 |     0.1778 |     0.7969 |    0.6907 |   2.74e-04 |     
   17 |     0.1800 |     0.7809 |    0.6717 |     0.1871 |     0.7775 |    0.6682 |   2.71e-04 |     
   18 |     0.1765 |     0.7859 |    0.6774 |     0.1763 |     0.7844 |    0.6744 |   2.67e-04 |     
   19 |     0.1725 |     0.7898 |    0.6825 |     0.1650 |     0.7980 |    0.6943 |   2.63e-04 |     
   20 |     0.1717 |     0.7911 |    0.6844 |     0.1718 |     0.7842 |    0.6753 |   2.59e-04 |     
   21 |     0.1702 |     0.7920 |    0.6849 |     0.1709 |     0.7905 |    0.6816 |   2.55e-04 |     
   22 |     0.1715 |     0.7907 |    0.6835 |     0.1778 |     0.7882 |    0.6809 |   2.51e-04 |     
   23 |     0.1702 |     0.7927 |    0.6865 |     0.1680 |     0.7894 |    0.6837 |   2.46e-04 |     
   24 |     0.1674 |     0.7964 |    0.6902 |     0.1675 |     0.8056 |    0.7029 |   2.42e-04 |     
   25 |     0.1664 |     0.7976 |    0.6919 |     0.1719 |     0.7939 |    0.6891 |   2.37e-04 |     
   26 |     0.1663 |     0.7975 |    0.6916 |     0.1635 |     0.7985 |    0.6924 |   2.32e-04 |     
   27 |     0.1632 |     0.8013 |    0.6966 |     0.1589 |     0.8088 |    0.7069 |   2.27e-04 |     
   28 |     0.1623 |     0.8031 |    0.6989 |     0.1645 |     0.8009 |    0.6963 |   2.22e-04 |     
   29 |     0.1611 |     0.8041 |    0.7006 |     0.1656 |     0.8001 |    0.6931 |   2.17e-04 |     
   30 |     0.1618 |     0.8040 |    0.6998 |     0.1588 |     0.8091 |    0.7079 |   2.11e-04 |     
   31 |     0.1594 |     0.8063 |    0.7029 |     0.1735 |     0.8039 |    0.6998 |   2.06e-04 |     
   32 |     0.1576 |     0.8091 |    0.7058 |     0.1622 |     0.8091 |    0.7070 |   2.00e-04 |     
   33 |     0.1577 |     0.8087 |    0.7056 |     0.1609 |     0.8024 |    0.6973 |   1.94e-04 |     
   34 |     0.1562 |     0.8101 |    0.7068 |     0.1622 |     0.8074 |    0.7042 |   1.89e-04 |     
   35 |     0.1543 |     0.8127 |    0.7105 |     0.1590 |     0.8114 |    0.7084 |   1.83e-04 |     
   36 |     0.1530 |     0.8139 |    0.7122 |     0.1560 |     0.8113 |    0.7104 |   1.77e-04 |     
   37 |     0.1544 |     0.8121 |    0.7103 |     0.1576 |     0.8048 |    0.7006 |   1.71e-04 |     
   38 |     0.1519 |     0.8155 |    0.7140 |     0.1594 |     0.8036 |    0.7011 |   1.65e-04 |     
   39 |     0.1511 |     0.8165 |    0.7156 |     0.1547 |     0.8127 |    0.7130 |   1.59e-04 |     
   40 |     0.1492 |     0.8187 |    0.7181 |     0.1550 |     0.8122 |    0.7119 |   1.53e-04 |     
   41 |     0.1486 |     0.8205 |    0.7201 |     0.1542 |     0.8149 |    0.7152 |   1.48e-04 |     
   42 |     0.1468 |     0.8219 |    0.7222 |     0.1529 |     0.8168 |    0.7168 |   1.42e-04 |     
   43 |     0.1460 |     0.8226 |    0.7231 |     0.1575 |     0.8148 |    0.7142 |   1.36e-04 |     
   44 |     0.1454 |     0.8243 |    0.7250 |     0.1487 |     0.8215 |    0.7231 |   1.30e-04 |    *
   45 |     0.1453 |     0.8241 |    0.7249 |     0.1575 |     0.8131 |    0.7132 |   1.24e-04 |     
   46 |     0.1421 |     0.8281 |    0.7296 |     0.1538 |     0.8164 |    0.7176 |   1.18e-04 |     
--- R2 plus final-map regional overlap: global validation statistics ---
up4: ca=0.8888+/-0.1136, sa=1.0099+/-0.0077, amp=0.0000, suppress=0.0000, guide_abs=0.1553
up4 residuals: local_mean=7.042e-02, global_mean=0.0162, local_strength=0.1155, global_strength=0.1129, gain=[0.9934,1.0573], saturation=0.1000, text_film=0.0230
up4 haar: reconstruction_error=5.662e-07, skip_low/high=0.8138/0.1862, plam_low/high=1.0000/0.0000
up4 strengths: plam=0.9178, region=0.1155, detail=0.1129; residual_std region/detail/refine=0.3212/0.3936/0.3168
up4 guide_mix: entropy=0.9791, raw_low=0.3125, plam_low=0.2645, decoder_low=0.2676, detail=0.1554; agreement plam/decoder=0.4699/0.5576, support=0.7858+/-0.1035
up4 adaptive_frequency: ALPF strength=0.2506, weights=0.1393/0.7214/0.1393, sum=1.0000, entropy=0.7137, delta_std=0.0797; AHPF strength=0.0745, weights=0.3135/0.5218/0.1647, sum=1.0000, entropy=0.9070, residual_std=0.0978, scaled_std=0.0073
up3: ca=0.9900+/-0.1677, sa=1.0106+/-0.0059, amp=0.0000, suppress=0.0000, guide_abs=0.3428
up3 residuals: local_mean=3.721e-02, global_mean=0.0535, local_strength=0.1142, global_strength=0.1202, gain=[0.9870,1.0464], saturation=0.0000, text_film=0.0275
up3 haar: reconstruction_error=9.537e-07, skip_low/high=0.7897/0.2103, plam_low/high=1.0000/0.0000
up3 strengths: plam=0.9146, region=0.1142, detail=0.1202; residual_std region/detail/refine=0.3086/0.6099/0.5397
up3 guide_mix: entropy=0.9795, raw_low=0.3326, plam_low=0.2379, decoder_low=0.2621, detail=0.1675; agreement plam/decoder=0.5724/0.1896, support=0.7556+/-0.0610
up3 adaptive_frequency: ALPF strength=0.2975, weights=0.0743/0.2865/0.6392, sum=1.0000, entropy=0.6857, delta_std=0.0758; AHPF strength=0.1088, weights=0.7185/0.1692/0.1122, sum=1.0000, entropy=0.6625, residual_std=0.0623, scaled_std=0.0068
up2: ca=0.8957+/-0.1137, sa=1.0050+/-0.0030, amp=0.0000, suppress=0.0000, guide_abs=0.2035
up2 residuals: local_mean=1.362e-03, global_mean=0.0418, local_strength=0.1189, global_strength=0.1155, gain=[0.9731,1.0362], saturation=0.0000, text_film=0.0374
up2 haar: reconstruction_error=1.192e-06, skip_low/high=0.7725/0.2275, plam_low/high=1.0000/0.0000
up2 strengths: plam=0.8527, region=0.1189, detail=0.1155; residual_std region/detail/refine=0.2235/0.2752/0.1545
up2 guide_mix: entropy=0.9543, raw_low=0.3019, plam_low=0.1769, decoder_low=0.3684, detail=0.1527; agreement plam/decoder=0.6165/0.0177, support=0.5637+/-0.0429
up1: ca=0.8168+/-0.1363, sa=1.0038+/-0.0135, amp=0.0000, suppress=0.0000, guide_abs=0.2257
up1 residuals: local_mean=-3.808e-03, global_mean=0.0428, local_strength=0.1260, global_strength=0.1003, gain=[0.9021,1.0979], saturation=0.0612, text_film=0.0481
up1 haar: reconstruction_error=2.638e-06, skip_low/high=0.7286/0.2714, plam_low/high=1.0000/0.0000
up1 strengths: plam=0.9255, region=0.1260, detail=0.1003; residual_std region/detail/refine=0.5983/0.4022/0.1794
up1 guide_mix: entropy=0.9506, raw_low=0.2792, plam_low=0.2556, decoder_low=0.3530, detail=0.1122; agreement plam/decoder=0.5391/0.0947, support=0.7277+/-0.1087

========= Epoch [47/80] =========
RS1_Test_session_09.11_04h18
Training with batch size : 16
   [Train] Epoch: [47][20/357]  Loss:0.140 (Avg 0.1395) IoU:0.734 (Avg 0.7323) Dice:0.8177 (Avg 0.8281) LR 1.12e-04   (AvgTime 0.5)   
   [Train] Epoch: [47][40/357]  Loss:0.120 (Avg 0.1405) IoU:0.752 (Avg 0.7303) Dice:0.8529 (Avg 0.8282) LR 1.12e-04   (AvgTime 0.5)   
   [Train] Epoch: [47][60/357]  Loss:0.152 (Avg 0.1396) IoU:0.712 (Avg 0.7317) Dice:0.8013 (Avg 0.8298) LR 1.12e-04   (AvgTime 0.5)   
   [Train] Epoch: [47][80/357]  Loss:0.141 (Avg 0.1390) IoU:0.745 (Avg 0.7336) Dice:0.8378 (Avg 0.8309) LR 1.12e-04   (AvgTime 0.5)   
   [Train] Epoch: [47][100/357]  Loss:0.181 (Avg 0.1392) IoU:0.669 (Avg 0.7326) Dice:0.7849 (Avg 0.8302) LR 1.12e-04   (AvgTime 0.5)   
   [Train] Epoch: [47][120/357]  Loss:0.199 (Avg 0.1400) IoU:0.644 (Avg 0.7314) Dice:0.7702 (Avg 0.8296) LR 1.12e-04   (AvgTime 0.5)   
   [Train] Epoch: [47][140/357]  Loss:0.111 (Avg 0.1404) IoU:0.779 (Avg 0.7307) Dice:0.8567 (Avg 0.8288) LR 1.12e-04   (AvgTime 0.5)   
   [Train] Epoch: [47][160/357]  Loss:0.153 (Avg 0.1395) IoU:0.735 (Avg 0.7325) Dice:0.8317 (Avg 0.8303) LR 1.12e-04   (AvgTime 0.5)   
   [Train] Epoch: [47][180/357]  Loss:0.179 (Avg 0.1397) IoU:0.674 (Avg 0.7323) Dice:0.7761 (Avg 0.8304) LR 1.12e-04   (AvgTime 0.5)   
   [Train] Epoch: [47][200/357]  Loss:0.165 (Avg 0.1393) IoU:0.678 (Avg 0.7334) Dice:0.7856 (Avg 0.8312) LR 1.12e-04   (AvgTime 0.5)   
   [Train] Epoch: [47][220/357]  Loss:0.120 (Avg 0.1415) IoU:0.769 (Avg 0.7302) Dice:0.8578 (Avg 0.8285) LR 1.12e-04   (AvgTime 0.5)   
   [Train] Epoch: [47][240/357]  Loss:0.159 (Avg 0.1418) IoU:0.702 (Avg 0.7294) Dice:0.8043 (Avg 0.8278) LR 1.12e-04   (AvgTime 0.5)   
   [Train] Epoch: [47][260/357]  Loss:0.113 (Avg 0.1411) IoU:0.779 (Avg 0.7307) Dice:0.8703 (Avg 0.8287) LR 1.12e-04   (AvgTime 0.5)   
   [Train] Epoch: [47][280/357]  Loss:0.156 (Avg 0.1406) IoU:0.675 (Avg 0.7317) Dice:0.7891 (Avg 0.8295) LR 1.12e-04   (AvgTime 0.5)   
   [Train] Epoch: [47][300/357]  Loss:0.245 (Avg 0.1413) IoU:0.554 (Avg 0.7307) Dice:0.6678 (Avg 0.8285) LR 1.12e-04   (AvgTime 0.5)   
   [Train] Epoch: [47][320/357]  Loss:0.156 (Avg 0.1411) IoU:0.700 (Avg 0.7315) Dice:0.8092 (Avg 0.8291) LR 1.12e-04   (AvgTime 0.5)   
   [Train] Epoch: [47][340/357]  Loss:0.142 (Avg 0.1412) IoU:0.725 (Avg 0.7313) Dice:0.8288 (Avg 0.8290) LR 1.12e-04   (AvgTime 0.5)   
   [Train] Epoch: [47][357/357]  Loss:0.158 (Avg 0.1414) IoU:0.696 (Avg 0.7311) Dice:0.8054 (Avg 0.8288) LR 1.12e-04   (AvgTime 0.5)   
   [Train] Loss components: main_dice=0.143006, main_focal=0.048399, main=0.095702, region_raw=0.356217, region_weighted=0.045707, empty_window_fraction=0.000000, total=0.141409
Validation
   [Val] Epoch: [47][20/90]  Loss:0.180 (Avg 0.1546) IoU:0.672 (Avg 0.7175) Dice:0.7882 (Avg 0.8218) (AvgTime 0.2)   
   [Val] Epoch: [47][40/90]  Loss:0.141 (Avg 0.1630) IoU:0.721 (Avg 0.7006) Dice:0.8265 (Avg 0.8053) (AvgTime 0.2)   
   [Val] Epoch: [47][60/90]  Loss:0.191 (Avg 0.1530) IoU:0.667 (Avg 0.7133) Dice:0.7692 (Avg 0.8137) (AvgTime 0.2)   
   [Val] Epoch: [47][80/90]  Loss:0.145 (Avg 0.1521) IoU:0.710 (Avg 0.7124) Dice:0.8161 (Avg 0.8134) (AvgTime 0.2)   
   [Val] Epoch: [47][90/90]  Loss:0.187 (Avg 0.1522) IoU:0.627 (Avg 0.7120) Dice:0.7533 (Avg 0.8132) (AvgTime 0.2)   
   [Val] Loss components: main_dice=0.157316, main_focal=0.053550, main=0.105433, region_raw=0.364314, region_weighted=0.046746, empty_window_fraction=0.000000, total=0.152179
	 No iou improvement; selected epoch 44
	 early_stopping_count: 3/80
--- Epoch History (1..47) ---
Epoch |  TrainLoss |  TrainDice |  TrainIoU |    ValLoss |    ValDice |    ValIoU |         LR | Best
    1 |     0.3274 |     0.6089 |    0.4797 |     0.3091 |     0.6203 |    0.4911 |   3.00e-04 |     
    2 |     0.2493 |     0.7003 |    0.5773 |     0.2277 |     0.7202 |    0.6053 |   3.00e-04 |     
    3 |     0.2258 |     0.7259 |    0.6062 |     0.2068 |     0.7560 |    0.6429 |   3.00e-04 |     
    4 |     0.2153 |     0.7383 |    0.6212 |     0.2013 |     0.7654 |    0.6509 |   2.99e-04 |     
    5 |     0.2041 |     0.7514 |    0.6359 |     0.1929 |     0.7592 |    0.6456 |   2.98e-04 |     
    6 |     0.2002 |     0.7575 |    0.6433 |     0.1994 |     0.7556 |    0.6374 |   2.97e-04 |     
    7 |     0.1959 |     0.7613 |    0.6476 |     0.1953 |     0.7677 |    0.6559 |   2.96e-04 |     
    8 |     0.1917 |     0.7652 |    0.6526 |     0.1819 |     0.7753 |    0.6638 |   2.94e-04 |     
    9 |     0.1890 |     0.7689 |    0.6569 |     0.1877 |     0.7648 |    0.6526 |   2.92e-04 |     
   10 |     0.1909 |     0.7674 |    0.6547 |     0.1967 |     0.7614 |    0.6474 |   2.91e-04 |     
   11 |     0.1850 |     0.7752 |    0.6643 |     0.1777 |     0.7851 |    0.6761 |   2.88e-04 |     
   12 |     0.1847 |     0.7750 |    0.6644 |     0.1820 |     0.7863 |    0.6777 |   2.86e-04 |     
   13 |     0.1819 |     0.7786 |    0.6681 |     0.1785 |     0.7822 |    0.6720 |   2.83e-04 |     
   14 |     0.1792 |     0.7815 |    0.6721 |     0.1710 |     0.7906 |    0.6822 |   2.80e-04 |     
   15 |     0.1799 |     0.7798 |    0.6700 |     0.1677 |     0.7939 |    0.6878 |   2.77e-04 |     
   16 |     0.1784 |     0.7828 |    0.6735 |     0.1778 |     0.7969 |    0.6907 |   2.74e-04 |     
   17 |     0.1800 |     0.7809 |    0.6717 |     0.1871 |     0.7775 |    0.6682 |   2.71e-04 |     
   18 |     0.1765 |     0.7859 |    0.6774 |     0.1763 |     0.7844 |    0.6744 |   2.67e-04 |     
   19 |     0.1725 |     0.7898 |    0.6825 |     0.1650 |     0.7980 |    0.6943 |   2.63e-04 |     
   20 |     0.1717 |     0.7911 |    0.6844 |     0.1718 |     0.7842 |    0.6753 |   2.59e-04 |     
   21 |     0.1702 |     0.7920 |    0.6849 |     0.1709 |     0.7905 |    0.6816 |   2.55e-04 |     
   22 |     0.1715 |     0.7907 |    0.6835 |     0.1778 |     0.7882 |    0.6809 |   2.51e-04 |     
   23 |     0.1702 |     0.7927 |    0.6865 |     0.1680 |     0.7894 |    0.6837 |   2.46e-04 |     
   24 |     0.1674 |     0.7964 |    0.6902 |     0.1675 |     0.8056 |    0.7029 |   2.42e-04 |     
   25 |     0.1664 |     0.7976 |    0.6919 |     0.1719 |     0.7939 |    0.6891 |   2.37e-04 |     
   26 |     0.1663 |     0.7975 |    0.6916 |     0.1635 |     0.7985 |    0.6924 |   2.32e-04 |     
   27 |     0.1632 |     0.8013 |    0.6966 |     0.1589 |     0.8088 |    0.7069 |   2.27e-04 |     
   28 |     0.1623 |     0.8031 |    0.6989 |     0.1645 |     0.8009 |    0.6963 |   2.22e-04 |     
   29 |     0.1611 |     0.8041 |    0.7006 |     0.1656 |     0.8001 |    0.6931 |   2.17e-04 |     
   30 |     0.1618 |     0.8040 |    0.6998 |     0.1588 |     0.8091 |    0.7079 |   2.11e-04 |     
   31 |     0.1594 |     0.8063 |    0.7029 |     0.1735 |     0.8039 |    0.6998 |   2.06e-04 |     
   32 |     0.1576 |     0.8091 |    0.7058 |     0.1622 |     0.8091 |    0.7070 |   2.00e-04 |     
   33 |     0.1577 |     0.8087 |    0.7056 |     0.1609 |     0.8024 |    0.6973 |   1.94e-04 |     
   34 |     0.1562 |     0.8101 |    0.7068 |     0.1622 |     0.8074 |    0.7042 |   1.89e-04 |     
   35 |     0.1543 |     0.8127 |    0.7105 |     0.1590 |     0.8114 |    0.7084 |   1.83e-04 |     
   36 |     0.1530 |     0.8139 |    0.7122 |     0.1560 |     0.8113 |    0.7104 |   1.77e-04 |     
   37 |     0.1544 |     0.8121 |    0.7103 |     0.1576 |     0.8048 |    0.7006 |   1.71e-04 |     
   38 |     0.1519 |     0.8155 |    0.7140 |     0.1594 |     0.8036 |    0.7011 |   1.65e-04 |     
   39 |     0.1511 |     0.8165 |    0.7156 |     0.1547 |     0.8127 |    0.7130 |   1.59e-04 |     
   40 |     0.1492 |     0.8187 |    0.7181 |     0.1550 |     0.8122 |    0.7119 |   1.53e-04 |     
   41 |     0.1486 |     0.8205 |    0.7201 |     0.1542 |     0.8149 |    0.7152 |   1.48e-04 |     
   42 |     0.1468 |     0.8219 |    0.7222 |     0.1529 |     0.8168 |    0.7168 |   1.42e-04 |     
   43 |     0.1460 |     0.8226 |    0.7231 |     0.1575 |     0.8148 |    0.7142 |   1.36e-04 |     
   44 |     0.1454 |     0.8243 |    0.7250 |     0.1487 |     0.8215 |    0.7231 |   1.30e-04 |    *
   45 |     0.1453 |     0.8241 |    0.7249 |     0.1575 |     0.8131 |    0.7132 |   1.24e-04 |     
   46 |     0.1421 |     0.8281 |    0.7296 |     0.1538 |     0.8164 |    0.7176 |   1.18e-04 |     
   47 |     0.1414 |     0.8288 |    0.7311 |     0.1522 |     0.8132 |    0.7120 |   1.12e-04 |     
--- R2 plus final-map regional overlap: global validation statistics ---
up4: ca=0.8848+/-0.1130, sa=1.0100+/-0.0076, amp=0.0000, suppress=0.0000, guide_abs=0.1412
up4 residuals: local_mean=6.984e-02, global_mean=0.0182, local_strength=0.1155, global_strength=0.1131, gain=[0.9912,1.0586], saturation=0.1133, text_film=0.0231
up4 haar: reconstruction_error=5.364e-07, skip_low/high=0.8082/0.1918, plam_low/high=1.0000/0.0000
up4 strengths: plam=0.9179, region=0.1155, detail=0.1131; residual_std region/detail/refine=0.3485/0.4003/0.3226
up4 guide_mix: entropy=0.9795, raw_low=0.3151, plam_low=0.2505, decoder_low=0.2758, detail=0.1585; agreement plam/decoder=0.4937/0.6150, support=0.8034+/-0.0969
up4 adaptive_frequency: ALPF strength=0.2506, weights=0.1468/0.7155/0.1377, sum=1.0000, entropy=0.7224, delta_std=0.0807; AHPF strength=0.0744, weights=0.3077/0.5273/0.1649, sum=1.0000, entropy=0.9030, residual_std=0.0999, scaled_std=0.0074
up3: ca=0.9895+/-0.1691, sa=1.0110+/-0.0059, amp=0.0000, suppress=0.0000, guide_abs=0.3379
up3 residuals: local_mean=3.657e-02, global_mean=0.0571, local_strength=0.1141, global_strength=0.1203, gain=[0.9847,1.0517], saturation=0.0000, text_film=0.0226
up3 haar: reconstruction_error=9.537e-07, skip_low/high=0.7874/0.2126, plam_low/high=1.0000/0.0000
up3 strengths: plam=0.9147, region=0.1141, detail=0.1203; residual_std region/detail/refine=0.2940/0.6267/0.5578
up3 guide_mix: entropy=0.9795, raw_low=0.3363, plam_low=0.2332, decoder_low=0.2599, detail=0.1706; agreement plam/decoder=0.5418/0.1720, support=0.7508+/-0.0622
up3 adaptive_frequency: ALPF strength=0.2982, weights=0.0868/0.3161/0.5972, sum=1.0000, entropy=0.6856, delta_std=0.0733; AHPF strength=0.1090, weights=0.7047/0.1694/0.1259, sum=1.0000, entropy=0.6478, residual_std=0.0712, scaled_std=0.0078
up2: ca=0.8927+/-0.1080, sa=1.0051+/-0.0032, amp=0.0000, suppress=0.0000, guide_abs=0.2092
up2 residuals: local_mean=1.505e-03, global_mean=0.0426, local_strength=0.1191, global_strength=0.1156, gain=[0.9699,1.0402], saturation=0.0000, text_film=0.0439
up2 haar: reconstruction_error=9.537e-07, skip_low/high=0.7725/0.2275, plam_low/high=1.0000/0.0000
up2 strengths: plam=0.8525, region=0.1191, detail=0.1156; residual_std region/detail/refine=0.2141/0.2820/0.1549
up2 guide_mix: entropy=0.9556, raw_low=0.3135, plam_low=0.1695, decoder_low=0.3579, detail=0.1591; agreement plam/decoder=0.6980/0.0858, support=0.5623+/-0.0340
up1: ca=0.8227+/-0.1364, sa=1.0036+/-0.0133, amp=0.0000, suppress=0.0000, guide_abs=0.2275
up1 residuals: local_mean=-4.968e-03, global_mean=0.0432, local_strength=0.1260, global_strength=0.1003, gain=[0.9027,1.0974], saturation=0.0720, text_film=0.0515
up1 haar: reconstruction_error=2.719e-06, skip_low/high=0.7281/0.2719, plam_low/high=1.0000/0.0000
up1 strengths: plam=0.9252, region=0.1260, detail=0.1003; residual_std region/detail/refine=0.6265/0.3949/0.1799
up1 guide_mix: entropy=0.9515, raw_low=0.2839, plam_low=0.2510, decoder_low=0.3515, detail=0.1136; agreement plam/decoder=0.4787/0.0008, support=0.7362+/-0.1125

========= Epoch [48/80] =========
RS1_Test_session_09.11_04h18
Training with batch size : 16
   [Train] Epoch: [48][20/357]  Loss:0.133 (Avg 0.1415) IoU:0.724 (Avg 0.7276) Dice:0.8322 (Avg 0.8269) LR 1.07e-04   (AvgTime 0.5)   
   [Train] Epoch: [48][40/357]  Loss:0.164 (Avg 0.1377) IoU:0.677 (Avg 0.7369) Dice:0.7695 (Avg 0.8334) LR 1.07e-04   (AvgTime 0.5)   
   [Train] Epoch: [48][60/357]  Loss:0.206 (Avg 0.1425) IoU:0.599 (Avg 0.7294) Dice:0.7317 (Avg 0.8271) LR 1.07e-04   (AvgTime 0.5)   
   [Train] Epoch: [48][80/357]  Loss:0.149 (Avg 0.1447) IoU:0.705 (Avg 0.7248) Dice:0.8067 (Avg 0.8236) LR 1.07e-04   (AvgTime 0.5)   
   [Train] Epoch: [48][100/357]  Loss:0.149 (Avg 0.1428) IoU:0.735 (Avg 0.7281) Dice:0.8351 (Avg 0.8266) LR 1.07e-04   (AvgTime 0.5)   
   [Train] Epoch: [48][120/357]  Loss:0.151 (Avg 0.1434) IoU:0.701 (Avg 0.7267) Dice:0.8034 (Avg 0.8254) LR 1.07e-04   (AvgTime 0.5)   
   [Train] Epoch: [48][140/357]  Loss:0.145 (Avg 0.1444) IoU:0.737 (Avg 0.7261) Dice:0.8164 (Avg 0.8246) LR 1.07e-04   (AvgTime 0.5)   
   [Train] Epoch: [48][160/357]  Loss:0.141 (Avg 0.1435) IoU:0.716 (Avg 0.7275) Dice:0.8173 (Avg 0.8257) LR 1.07e-04   (AvgTime 0.5)   
   [Train] Epoch: [48][180/357]  Loss:0.197 (Avg 0.1440) IoU:0.668 (Avg 0.7264) Dice:0.7752 (Avg 0.8249) LR 1.07e-04   (AvgTime 0.5)   
   [Train] Epoch: [48][200/357]  Loss:0.121 (Avg 0.1435) IoU:0.757 (Avg 0.7269) Dice:0.8545 (Avg 0.8254) LR 1.07e-04   (AvgTime 0.5)   
   [Train] Epoch: [48][220/357]  Loss:0.100 (Avg 0.1432) IoU:0.804 (Avg 0.7278) Dice:0.8875 (Avg 0.8260) LR 1.07e-04   (AvgTime 0.5)   
   [Train] Epoch: [48][240/357]  Loss:0.106 (Avg 0.1423) IoU:0.795 (Avg 0.7294) Dice:0.8744 (Avg 0.8274) LR 1.07e-04   (AvgTime 0.5)   
   [Train] Epoch: [48][260/357]  Loss:0.103 (Avg 0.1426) IoU:0.809 (Avg 0.7287) Dice:0.8904 (Avg 0.8270) LR 1.07e-04   (AvgTime 0.5)   
   [Train] Epoch: [48][280/357]  Loss:0.157 (Avg 0.1430) IoU:0.690 (Avg 0.7278) Dice:0.7952 (Avg 0.8261) LR 1.07e-04   (AvgTime 0.5)   
   [Train] Epoch: [48][300/357]  Loss:0.128 (Avg 0.1432) IoU:0.756 (Avg 0.7277) Dice:0.8543 (Avg 0.8259) LR 1.07e-04   (AvgTime 0.5)   
   [Train] Epoch: [48][320/357]  Loss:0.136 (Avg 0.1425) IoU:0.737 (Avg 0.7291) Dice:0.8444 (Avg 0.8270) LR 1.07e-04   (AvgTime 0.5)   
   [Train] Epoch: [48][340/357]  Loss:0.151 (Avg 0.1428) IoU:0.715 (Avg 0.7286) Dice:0.8177 (Avg 0.8267) LR 1.07e-04   (AvgTime 0.5)   
   [Train] Epoch: [48][357/357]  Loss:0.173 (Avg 0.1422) IoU:0.715 (Avg 0.7296) Dice:0.8166 (Avg 0.8276) LR 1.07e-04   (AvgTime 0.5)   
   [Train] Loss components: main_dice=0.143836, main_focal=0.048791, main=0.096313, region_raw=0.357512, region_weighted=0.045873, empty_window_fraction=0.000000, total=0.142186
Validation
   [Val] Epoch: [48][20/90]  Loss:0.202 (Avg 0.1568) IoU:0.647 (Avg 0.7259) Dice:0.7698 (Avg 0.8275) (AvgTime 0.2)   
   [Val] Epoch: [48][40/90]  Loss:0.135 (Avg 0.1634) IoU:0.735 (Avg 0.7101) Dice:0.8351 (Avg 0.8126) (AvgTime 0.2)   
   [Val] Epoch: [48][60/90]  Loss:0.197 (Avg 0.1536) IoU:0.663 (Avg 0.7212) Dice:0.7676 (Avg 0.8204) (AvgTime 0.2)   
   [Val] Epoch: [48][80/90]  Loss:0.135 (Avg 0.1517) IoU:0.736 (Avg 0.7213) Dice:0.8327 (Avg 0.8207) (AvgTime 0.2)   
   [Val] Epoch: [48][90/90]  Loss:0.201 (Avg 0.1520) IoU:0.614 (Avg 0.7208) Dice:0.7450 (Avg 0.8204) (AvgTime 0.2)   
   [Val] Loss components: main_dice=0.149853, main_focal=0.063699, main=0.106776, region_raw=0.352206, region_weighted=0.045192, empty_window_fraction=0.000000, total=0.151969
	 No iou improvement; selected epoch 44
	 early_stopping_count: 4/80
--- Epoch History (1..48) ---
Epoch |  TrainLoss |  TrainDice |  TrainIoU |    ValLoss |    ValDice |    ValIoU |         LR | Best
    1 |     0.3274 |     0.6089 |    0.4797 |     0.3091 |     0.6203 |    0.4911 |   3.00e-04 |     
    2 |     0.2493 |     0.7003 |    0.5773 |     0.2277 |     0.7202 |    0.6053 |   3.00e-04 |     
    3 |     0.2258 |     0.7259 |    0.6062 |     0.2068 |     0.7560 |    0.6429 |   3.00e-04 |     
    4 |     0.2153 |     0.7383 |    0.6212 |     0.2013 |     0.7654 |    0.6509 |   2.99e-04 |     
    5 |     0.2041 |     0.7514 |    0.6359 |     0.1929 |     0.7592 |    0.6456 |   2.98e-04 |     
    6 |     0.2002 |     0.7575 |    0.6433 |     0.1994 |     0.7556 |    0.6374 |   2.97e-04 |     
    7 |     0.1959 |     0.7613 |    0.6476 |     0.1953 |     0.7677 |    0.6559 |   2.96e-04 |     
    8 |     0.1917 |     0.7652 |    0.6526 |     0.1819 |     0.7753 |    0.6638 |   2.94e-04 |     
    9 |     0.1890 |     0.7689 |    0.6569 |     0.1877 |     0.7648 |    0.6526 |   2.92e-04 |     
   10 |     0.1909 |     0.7674 |    0.6547 |     0.1967 |     0.7614 |    0.6474 |   2.91e-04 |     
   11 |     0.1850 |     0.7752 |    0.6643 |     0.1777 |     0.7851 |    0.6761 |   2.88e-04 |     
   12 |     0.1847 |     0.7750 |    0.6644 |     0.1820 |     0.7863 |    0.6777 |   2.86e-04 |     
   13 |     0.1819 |     0.7786 |    0.6681 |     0.1785 |     0.7822 |    0.6720 |   2.83e-04 |     
   14 |     0.1792 |     0.7815 |    0.6721 |     0.1710 |     0.7906 |    0.6822 |   2.80e-04 |     
   15 |     0.1799 |     0.7798 |    0.6700 |     0.1677 |     0.7939 |    0.6878 |   2.77e-04 |     
   16 |     0.1784 |     0.7828 |    0.6735 |     0.1778 |     0.7969 |    0.6907 |   2.74e-04 |     
   17 |     0.1800 |     0.7809 |    0.6717 |     0.1871 |     0.7775 |    0.6682 |   2.71e-04 |     
   18 |     0.1765 |     0.7859 |    0.6774 |     0.1763 |     0.7844 |    0.6744 |   2.67e-04 |     
   19 |     0.1725 |     0.7898 |    0.6825 |     0.1650 |     0.7980 |    0.6943 |   2.63e-04 |     
   20 |     0.1717 |     0.7911 |    0.6844 |     0.1718 |     0.7842 |    0.6753 |   2.59e-04 |     
   21 |     0.1702 |     0.7920 |    0.6849 |     0.1709 |     0.7905 |    0.6816 |   2.55e-04 |     
   22 |     0.1715 |     0.7907 |    0.6835 |     0.1778 |     0.7882 |    0.6809 |   2.51e-04 |     
   23 |     0.1702 |     0.7927 |    0.6865 |     0.1680 |     0.7894 |    0.6837 |   2.46e-04 |     
   24 |     0.1674 |     0.7964 |    0.6902 |     0.1675 |     0.8056 |    0.7029 |   2.42e-04 |     
   25 |     0.1664 |     0.7976 |    0.6919 |     0.1719 |     0.7939 |    0.6891 |   2.37e-04 |     
   26 |     0.1663 |     0.7975 |    0.6916 |     0.1635 |     0.7985 |    0.6924 |   2.32e-04 |     
   27 |     0.1632 |     0.8013 |    0.6966 |     0.1589 |     0.8088 |    0.7069 |   2.27e-04 |     
   28 |     0.1623 |     0.8031 |    0.6989 |     0.1645 |     0.8009 |    0.6963 |   2.22e-04 |     
   29 |     0.1611 |     0.8041 |    0.7006 |     0.1656 |     0.8001 |    0.6931 |   2.17e-04 |     
   30 |     0.1618 |     0.8040 |    0.6998 |     0.1588 |     0.8091 |    0.7079 |   2.11e-04 |     
   31 |     0.1594 |     0.8063 |    0.7029 |     0.1735 |     0.8039 |    0.6998 |   2.06e-04 |     
   32 |     0.1576 |     0.8091 |    0.7058 |     0.1622 |     0.8091 |    0.7070 |   2.00e-04 |     
   33 |     0.1577 |     0.8087 |    0.7056 |     0.1609 |     0.8024 |    0.6973 |   1.94e-04 |     
   34 |     0.1562 |     0.8101 |    0.7068 |     0.1622 |     0.8074 |    0.7042 |   1.89e-04 |     
   35 |     0.1543 |     0.8127 |    0.7105 |     0.1590 |     0.8114 |    0.7084 |   1.83e-04 |     
   36 |     0.1530 |     0.8139 |    0.7122 |     0.1560 |     0.8113 |    0.7104 |   1.77e-04 |     
   37 |     0.1544 |     0.8121 |    0.7103 |     0.1576 |     0.8048 |    0.7006 |   1.71e-04 |     
   38 |     0.1519 |     0.8155 |    0.7140 |     0.1594 |     0.8036 |    0.7011 |   1.65e-04 |     
   39 |     0.1511 |     0.8165 |    0.7156 |     0.1547 |     0.8127 |    0.7130 |   1.59e-04 |     
   40 |     0.1492 |     0.8187 |    0.7181 |     0.1550 |     0.8122 |    0.7119 |   1.53e-04 |     
   41 |     0.1486 |     0.8205 |    0.7201 |     0.1542 |     0.8149 |    0.7152 |   1.48e-04 |     
   42 |     0.1468 |     0.8219 |    0.7222 |     0.1529 |     0.8168 |    0.7168 |   1.42e-04 |     
   43 |     0.1460 |     0.8226 |    0.7231 |     0.1575 |     0.8148 |    0.7142 |   1.36e-04 |     
   44 |     0.1454 |     0.8243 |    0.7250 |     0.1487 |     0.8215 |    0.7231 |   1.30e-04 |    *
   45 |     0.1453 |     0.8241 |    0.7249 |     0.1575 |     0.8131 |    0.7132 |   1.24e-04 |     
   46 |     0.1421 |     0.8281 |    0.7296 |     0.1538 |     0.8164 |    0.7176 |   1.18e-04 |     
   47 |     0.1414 |     0.8288 |    0.7311 |     0.1522 |     0.8132 |    0.7120 |   1.12e-04 |     
   48 |     0.1422 |     0.8276 |    0.7296 |     0.1520 |     0.8204 |    0.7208 |   1.07e-04 |     
--- R2 plus final-map regional overlap: global validation statistics ---
up4: ca=0.8731+/-0.1210, sa=1.0092+/-0.0074, amp=0.0000, suppress=0.0000, guide_abs=0.1315
up4 residuals: local_mean=6.648e-02, global_mean=0.0139, local_strength=0.1156, global_strength=0.1133, gain=[0.9886,1.0651], saturation=0.0776, text_film=0.0234
up4 haar: reconstruction_error=9.537e-07, skip_low/high=0.8108/0.1892, plam_low/high=1.0000/0.0000
up4 strengths: plam=0.9173, region=0.1156, detail=0.1133; residual_std region/detail/refine=0.3408/0.3991/0.3250
up4 guide_mix: entropy=0.9796, raw_low=0.3105, plam_low=0.2620, decoder_low=0.2714, detail=0.1561; agreement plam/decoder=0.5323/0.6655, support=0.7701+/-0.1043
up4 adaptive_frequency: ALPF strength=0.2512, weights=0.1495/0.7129/0.1376, sum=1.0000, entropy=0.7258, delta_std=0.0803; AHPF strength=0.0745, weights=0.3109/0.5253/0.1639, sum=1.0000, entropy=0.9040, residual_std=0.0992, scaled_std=0.0074
up3: ca=0.9856+/-0.1713, sa=1.0109+/-0.0059, amp=0.0000, suppress=0.0000, guide_abs=0.3395
up3 residuals: local_mean=3.542e-02, global_mean=0.0574, local_strength=0.1142, global_strength=0.1204, gain=[0.9859,1.0511], saturation=0.0000, text_film=0.0338
up3 haar: reconstruction_error=9.537e-07, skip_low/high=0.7915/0.2085, plam_low/high=1.0000/0.0000
up3 strengths: plam=0.9141, region=0.1142, detail=0.1204; residual_std region/detail/refine=0.3156/0.6182/0.5484
up3 guide_mix: entropy=0.9789, raw_low=0.3355, plam_low=0.2390, decoder_low=0.2585, detail=0.1670; agreement plam/decoder=0.5895/0.1930, support=0.7591+/-0.0604
up3 adaptive_frequency: ALPF strength=0.2990, weights=0.0872/0.3328/0.5800, sum=1.0000, entropy=0.6816, delta_std=0.0714; AHPF strength=0.1092, weights=0.6705/0.1831/0.1464, sum=1.0000, entropy=0.6802, residual_std=0.0790, scaled_std=0.0086
up2: ca=0.8976+/-0.1050, sa=1.0053+/-0.0029, amp=0.0000, suppress=0.0000, guide_abs=0.2105
up2 residuals: local_mean=1.843e-03, global_mean=0.0440, local_strength=0.1192, global_strength=0.1157, gain=[0.9740,1.0418], saturation=0.0000, text_film=0.0464
up2 haar: reconstruction_error=9.537e-07, skip_low/high=0.7788/0.2212, plam_low/high=1.0000/0.0000
up2 strengths: plam=0.8517, region=0.1192, detail=0.1157; residual_std region/detail/refine=0.2246/0.2742/0.1542
up2 guide_mix: entropy=0.9544, raw_low=0.3033, plam_low=0.1789, decoder_low=0.3667, detail=0.1511; agreement plam/decoder=0.5693/0.1026, support=0.5737+/-0.0428
up1: ca=0.8188+/-0.1367, sa=1.0037+/-0.0134, amp=0.0000, suppress=0.0000, guide_abs=0.2286
up1 residuals: local_mean=-4.593e-03, global_mean=0.0431, local_strength=0.1261, global_strength=0.1003, gain=[0.9023,1.0978], saturation=0.0612, text_film=0.0497
up1 haar: reconstruction_error=2.416e-06, skip_low/high=0.7381/0.2619, plam_low/high=1.0000/0.0000
up1 strengths: plam=0.9249, region=0.1261, detail=0.1003; residual_std region/detail/refine=0.5801/0.4028/0.1812
up1 guide_mix: entropy=0.9525, raw_low=0.3025, plam_low=0.2396, decoder_low=0.3423, detail=0.1156; agreement plam/decoder=0.5272/0.0350, support=0.7334+/-0.1083

========= Epoch [49/80] =========
RS1_Test_session_09.11_04h18
Training with batch size : 16
   [Train] Epoch: [49][20/357]  Loss:0.180 (Avg 0.1393) IoU:0.688 (Avg 0.7283) Dice:0.7876 (Avg 0.8282) LR 1.01e-04   (AvgTime 0.5)   
   [Train] Epoch: [49][40/357]  Loss:0.156 (Avg 0.1412) IoU:0.706 (Avg 0.7268) Dice:0.8134 (Avg 0.8265) LR 1.01e-04   (AvgTime 0.5)   
   [Train] Epoch: [49][60/357]  Loss:0.141 (Avg 0.1365) IoU:0.740 (Avg 0.7358) Dice:0.8410 (Avg 0.8332) LR 1.01e-04   (AvgTime 0.5)   
   [Train] Epoch: [49][80/357]  Loss:0.151 (Avg 0.1352) IoU:0.708 (Avg 0.7395) Dice:0.8005 (Avg 0.8361) LR 1.01e-04   (AvgTime 0.5)   
   [Train] Epoch: [49][100/357]  Loss:0.124 (Avg 0.1356) IoU:0.799 (Avg 0.7403) Dice:0.8798 (Avg 0.8364) LR 1.01e-04   (AvgTime 0.5)   
   [Train] Epoch: [49][120/357]  Loss:0.136 (Avg 0.1363) IoU:0.748 (Avg 0.7387) Dice:0.8418 (Avg 0.8351) LR 1.01e-04   (AvgTime 0.5)   
   [Train] Epoch: [49][140/357]  Loss:0.163 (Avg 0.1365) IoU:0.681 (Avg 0.7388) Dice:0.7845 (Avg 0.8355) LR 1.01e-04   (AvgTime 0.5)   
   [Train] Epoch: [49][160/357]  Loss:0.165 (Avg 0.1362) IoU:0.671 (Avg 0.7391) Dice:0.7863 (Avg 0.8355) LR 1.01e-04   (AvgTime 0.5)   
   [Train] Epoch: [49][180/357]  Loss:0.161 (Avg 0.1366) IoU:0.670 (Avg 0.7378) Dice:0.7804 (Avg 0.8346) LR 1.01e-04   (AvgTime 0.5)   
   [Train] Epoch: [49][200/357]  Loss:0.121 (Avg 0.1372) IoU:0.759 (Avg 0.7371) Dice:0.8457 (Avg 0.8337) LR 1.01e-04   (AvgTime 0.5)   
   [Train] Epoch: [49][220/357]  Loss:0.153 (Avg 0.1375) IoU:0.743 (Avg 0.7365) Dice:0.8317 (Avg 0.8334) LR 1.01e-04   (AvgTime 0.5)   
   [Train] Epoch: [49][240/357]  Loss:0.139 (Avg 0.1375) IoU:0.743 (Avg 0.7366) Dice:0.8246 (Avg 0.8334) LR 1.01e-04   (AvgTime 0.5)   
   [Train] Epoch: [49][260/357]  Loss:0.140 (Avg 0.1387) IoU:0.720 (Avg 0.7351) Dice:0.8206 (Avg 0.8320) LR 1.01e-04   (AvgTime 0.5)   
   [Train] Epoch: [49][280/357]  Loss:0.149 (Avg 0.1390) IoU:0.715 (Avg 0.7345) Dice:0.8070 (Avg 0.8315) LR 1.01e-04   (AvgTime 0.5)   
   [Train] Epoch: [49][300/357]  Loss:0.113 (Avg 0.1395) IoU:0.761 (Avg 0.7339) Dice:0.8577 (Avg 0.8311) LR 1.01e-04   (AvgTime 0.5)   
   [Train] Epoch: [49][320/357]  Loss:0.119 (Avg 0.1397) IoU:0.760 (Avg 0.7335) Dice:0.8486 (Avg 0.8309) LR 1.01e-04   (AvgTime 0.5)   
   [Train] Epoch: [49][340/357]  Loss:0.148 (Avg 0.1402) IoU:0.721 (Avg 0.7327) Dice:0.8275 (Avg 0.8301) LR 1.01e-04   (AvgTime 0.5)   
   [Train] Epoch: [49][357/357]  Loss:0.146 (Avg 0.1402) IoU:0.745 (Avg 0.7329) Dice:0.8418 (Avg 0.8301) LR 1.01e-04   (AvgTime 0.5)   
   [Train] Loss components: main_dice=0.141444, main_focal=0.048197, main=0.094820, region_raw=0.353328, region_weighted=0.045336, empty_window_fraction=0.000000, total=0.140157
Validation
   [Val] Epoch: [49][20/90]  Loss:0.186 (Avg 0.1582) IoU:0.683 (Avg 0.7251) Dice:0.7972 (Avg 0.8263) (AvgTime 0.3)   
   [Val] Epoch: [49][40/90]  Loss:0.155 (Avg 0.1638) IoU:0.697 (Avg 0.7101) Dice:0.8089 (Avg 0.8122) (AvgTime 0.3)   
   [Val] Epoch: [49][60/90]  Loss:0.197 (Avg 0.1547) IoU:0.665 (Avg 0.7211) Dice:0.7700 (Avg 0.8195) (AvgTime 0.2)   
   [Val] Epoch: [49][80/90]  Loss:0.135 (Avg 0.1535) IoU:0.733 (Avg 0.7205) Dice:0.8302 (Avg 0.8191) (AvgTime 0.2)   
   [Val] Epoch: [49][90/90]  Loss:0.199 (Avg 0.1537) IoU:0.609 (Avg 0.7205) Dice:0.7403 (Avg 0.8191) (AvgTime 0.2)   
   [Val] Loss components: main_dice=0.150405, main_focal=0.064694, main=0.107550, region_raw=0.359495, region_weighted=0.046128, empty_window_fraction=0.000000, total=0.153677
	 No iou improvement; selected epoch 44
	 early_stopping_count: 5/80
--- Epoch History (1..49) ---
Epoch |  TrainLoss |  TrainDice |  TrainIoU |    ValLoss |    ValDice |    ValIoU |         LR | Best
    1 |     0.3274 |     0.6089 |    0.4797 |     0.3091 |     0.6203 |    0.4911 |   3.00e-04 |     
    2 |     0.2493 |     0.7003 |    0.5773 |     0.2277 |     0.7202 |    0.6053 |   3.00e-04 |     
    3 |     0.2258 |     0.7259 |    0.6062 |     0.2068 |     0.7560 |    0.6429 |   3.00e-04 |     
    4 |     0.2153 |     0.7383 |    0.6212 |     0.2013 |     0.7654 |    0.6509 |   2.99e-04 |     
    5 |     0.2041 |     0.7514 |    0.6359 |     0.1929 |     0.7592 |    0.6456 |   2.98e-04 |     
    6 |     0.2002 |     0.7575 |    0.6433 |     0.1994 |     0.7556 |    0.6374 |   2.97e-04 |     
    7 |     0.1959 |     0.7613 |    0.6476 |     0.1953 |     0.7677 |    0.6559 |   2.96e-04 |     
    8 |     0.1917 |     0.7652 |    0.6526 |     0.1819 |     0.7753 |    0.6638 |   2.94e-04 |     
    9 |     0.1890 |     0.7689 |    0.6569 |     0.1877 |     0.7648 |    0.6526 |   2.92e-04 |     
   10 |     0.1909 |     0.7674 |    0.6547 |     0.1967 |     0.7614 |    0.6474 |   2.91e-04 |     
   11 |     0.1850 |     0.7752 |    0.6643 |     0.1777 |     0.7851 |    0.6761 |   2.88e-04 |     
   12 |     0.1847 |     0.7750 |    0.6644 |     0.1820 |     0.7863 |    0.6777 |   2.86e-04 |     
   13 |     0.1819 |     0.7786 |    0.6681 |     0.1785 |     0.7822 |    0.6720 |   2.83e-04 |     
   14 |     0.1792 |     0.7815 |    0.6721 |     0.1710 |     0.7906 |    0.6822 |   2.80e-04 |     
   15 |     0.1799 |     0.7798 |    0.6700 |     0.1677 |     0.7939 |    0.6878 |   2.77e-04 |     
   16 |     0.1784 |     0.7828 |    0.6735 |     0.1778 |     0.7969 |    0.6907 |   2.74e-04 |     
   17 |     0.1800 |     0.7809 |    0.6717 |     0.1871 |     0.7775 |    0.6682 |   2.71e-04 |     
   18 |     0.1765 |     0.7859 |    0.6774 |     0.1763 |     0.7844 |    0.6744 |   2.67e-04 |     
   19 |     0.1725 |     0.7898 |    0.6825 |     0.1650 |     0.7980 |    0.6943 |   2.63e-04 |     
   20 |     0.1717 |     0.7911 |    0.6844 |     0.1718 |     0.7842 |    0.6753 |   2.59e-04 |     
   21 |     0.1702 |     0.7920 |    0.6849 |     0.1709 |     0.7905 |    0.6816 |   2.55e-04 |     
   22 |     0.1715 |     0.7907 |    0.6835 |     0.1778 |     0.7882 |    0.6809 |   2.51e-04 |     
   23 |     0.1702 |     0.7927 |    0.6865 |     0.1680 |     0.7894 |    0.6837 |   2.46e-04 |     
   24 |     0.1674 |     0.7964 |    0.6902 |     0.1675 |     0.8056 |    0.7029 |   2.42e-04 |     
   25 |     0.1664 |     0.7976 |    0.6919 |     0.1719 |     0.7939 |    0.6891 |   2.37e-04 |     
   26 |     0.1663 |     0.7975 |    0.6916 |     0.1635 |     0.7985 |    0.6924 |   2.32e-04 |     
   27 |     0.1632 |     0.8013 |    0.6966 |     0.1589 |     0.8088 |    0.7069 |   2.27e-04 |     
   28 |     0.1623 |     0.8031 |    0.6989 |     0.1645 |     0.8009 |    0.6963 |   2.22e-04 |     
   29 |     0.1611 |     0.8041 |    0.7006 |     0.1656 |     0.8001 |    0.6931 |   2.17e-04 |     
   30 |     0.1618 |     0.8040 |    0.6998 |     0.1588 |     0.8091 |    0.7079 |   2.11e-04 |     
   31 |     0.1594 |     0.8063 |    0.7029 |     0.1735 |     0.8039 |    0.6998 |   2.06e-04 |     
   32 |     0.1576 |     0.8091 |    0.7058 |     0.1622 |     0.8091 |    0.7070 |   2.00e-04 |     
   33 |     0.1577 |     0.8087 |    0.7056 |     0.1609 |     0.8024 |    0.6973 |   1.94e-04 |     
   34 |     0.1562 |     0.8101 |    0.7068 |     0.1622 |     0.8074 |    0.7042 |   1.89e-04 |     
   35 |     0.1543 |     0.8127 |    0.7105 |     0.1590 |     0.8114 |    0.7084 |   1.83e-04 |     
   36 |     0.1530 |     0.8139 |    0.7122 |     0.1560 |     0.8113 |    0.7104 |   1.77e-04 |     
   37 |     0.1544 |     0.8121 |    0.7103 |     0.1576 |     0.8048 |    0.7006 |   1.71e-04 |     
   38 |     0.1519 |     0.8155 |    0.7140 |     0.1594 |     0.8036 |    0.7011 |   1.65e-04 |     
   39 |     0.1511 |     0.8165 |    0.7156 |     0.1547 |     0.8127 |    0.7130 |   1.59e-04 |     
   40 |     0.1492 |     0.8187 |    0.7181 |     0.1550 |     0.8122 |    0.7119 |   1.53e-04 |     
   41 |     0.1486 |     0.8205 |    0.7201 |     0.1542 |     0.8149 |    0.7152 |   1.48e-04 |     
   42 |     0.1468 |     0.8219 |    0.7222 |     0.1529 |     0.8168 |    0.7168 |   1.42e-04 |     
   43 |     0.1460 |     0.8226 |    0.7231 |     0.1575 |     0.8148 |    0.7142 |   1.36e-04 |     
   44 |     0.1454 |     0.8243 |    0.7250 |     0.1487 |     0.8215 |    0.7231 |   1.30e-04 |    *
   45 |     0.1453 |     0.8241 |    0.7249 |     0.1575 |     0.8131 |    0.7132 |   1.24e-04 |     
   46 |     0.1421 |     0.8281 |    0.7296 |     0.1538 |     0.8164 |    0.7176 |   1.18e-04 |     
   47 |     0.1414 |     0.8288 |    0.7311 |     0.1522 |     0.8132 |    0.7120 |   1.12e-04 |     
   48 |     0.1422 |     0.8276 |    0.7296 |     0.1520 |     0.8204 |    0.7208 |   1.07e-04 |     
   49 |     0.1402 |     0.8301 |    0.7329 |     0.1537 |     0.8191 |    0.7205 |   1.01e-04 |     
--- R2 plus final-map regional overlap: global validation statistics ---
up4: ca=0.8848+/-0.1127, sa=1.0095+/-0.0072, amp=0.0000, suppress=0.0000, guide_abs=0.1425
up4 residuals: local_mean=6.786e-02, global_mean=0.0148, local_strength=0.1156, global_strength=0.1137, gain=[0.9876,1.0561], saturation=0.1031, text_film=0.0241
up4 haar: reconstruction_error=5.960e-07, skip_low/high=0.8162/0.1838, plam_low/high=1.0000/0.0000
up4 strengths: plam=0.9174, region=0.1156, detail=0.1137; residual_std region/detail/refine=0.3407/0.3965/0.3292
up4 guide_mix: entropy=0.9792, raw_low=0.3198, plam_low=0.2595, decoder_low=0.2626, detail=0.1581; agreement plam/decoder=0.4686/0.6055, support=0.7764+/-0.1079
up4 adaptive_frequency: ALPF strength=0.2515, weights=0.1458/0.7155/0.1387, sum=1.0000, entropy=0.7222, delta_std=0.0755; AHPF strength=0.0745, weights=0.3128/0.5236/0.1637, sum=1.0000, entropy=0.9034, residual_std=0.0937, scaled_std=0.0070
up3: ca=0.9907+/-0.1675, sa=1.0112+/-0.0058, amp=0.0000, suppress=0.0000, guide_abs=0.3371
up3 residuals: local_mean=3.630e-02, global_mean=0.0590, local_strength=0.1142, global_strength=0.1205, gain=[0.9877,1.0455], saturation=0.0000, text_film=0.0295
up3 haar: reconstruction_error=9.537e-07, skip_low/high=0.7881/0.2119, plam_low/high=1.0000/0.0000
up3 strengths: plam=0.9140, region=0.1142, detail=0.1205; residual_std region/detail/refine=0.3021/0.6155/0.5456
up3 guide_mix: entropy=0.9790, raw_low=0.3399, plam_low=0.2303, decoder_low=0.2579, detail=0.1719; agreement plam/decoder=0.5449/0.1902, support=0.7538+/-0.0634
up3 adaptive_frequency: ALPF strength=0.2997, weights=0.0844/0.3059/0.6097, sum=1.0000, entropy=0.6742, delta_std=0.0693; AHPF strength=0.1093, weights=0.6819/0.1780/0.1401, sum=1.0000, entropy=0.6673, residual_std=0.0779, scaled_std=0.0085
up2: ca=0.8885+/-0.1044, sa=1.0052+/-0.0031, amp=0.0000, suppress=0.0000, guide_abs=0.2030
up2 residuals: local_mean=1.475e-03, global_mean=0.0432, local_strength=0.1192, global_strength=0.1158, gain=[0.9720,1.0416], saturation=0.0000, text_film=0.0322
up2 haar: reconstruction_error=9.537e-07, skip_low/high=0.7721/0.2279, plam_low/high=1.0000/0.0000
up2 strengths: plam=0.8516, region=0.1192, detail=0.1158; residual_std region/detail/refine=0.2198/0.2947/0.1565
up2 guide_mix: entropy=0.9546, raw_low=0.3195, plam_low=0.1622, decoder_low=0.3547, detail=0.1636; agreement plam/decoder=0.6831/0.0761, support=0.5653+/-0.0384
up1: ca=0.8257+/-0.1300, sa=1.0037+/-0.0136, amp=0.0000, suppress=0.0000, guide_abs=0.2151
up1 residuals: local_mean=-5.096e-03, global_mean=0.0435, local_strength=0.1262, global_strength=0.1003, gain=[0.9023,1.0978], saturation=0.0538, text_film=0.0470
up1 haar: reconstruction_error=2.772e-06, skip_low/high=0.7244/0.2756, plam_low/high=1.0000/0.0000
up1 strengths: plam=0.9247, region=0.1262, detail=0.1003; residual_std region/detail/refine=0.5902/0.4046/0.1824
up1 guide_mix: entropy=0.9509, raw_low=0.2791, plam_low=0.2523, decoder_low=0.3551, detail=0.1135; agreement plam/decoder=0.3720/-0.0441, support=0.7303+/-0.1068

========= Epoch [50/80] =========
RS1_Test_session_09.11_04h18
Training with batch size : 16
   [Train] Epoch: [50][20/357]  Loss:0.113 (Avg 0.1428) IoU:0.791 (Avg 0.7284) Dice:0.8748 (Avg 0.8266) LR 9.54e-05   (AvgTime 0.6)   
   [Train] Epoch: [50][40/357]  Loss:0.120 (Avg 0.1384) IoU:0.771 (Avg 0.7366) Dice:0.8602 (Avg 0.8340) LR 9.54e-05   (AvgTime 0.6)   
   [Train] Epoch: [50][60/357]  Loss:0.149 (Avg 0.1394) IoU:0.745 (Avg 0.7348) Dice:0.8416 (Avg 0.8318) LR 9.54e-05   (AvgTime 0.6)   
   [Train] Epoch: [50][80/357]  Loss:0.147 (Avg 0.1383) IoU:0.732 (Avg 0.7364) Dice:0.8383 (Avg 0.8328) LR 9.54e-05   (AvgTime 0.6)   
   [Train] Epoch: [50][100/357]  Loss:0.104 (Avg 0.1383) IoU:0.809 (Avg 0.7376) Dice:0.8878 (Avg 0.8335) LR 9.54e-05   (AvgTime 0.6)   
   [Train] Epoch: [50][120/357]  Loss:0.179 (Avg 0.1398) IoU:0.690 (Avg 0.7351) Dice:0.8027 (Avg 0.8317) LR 9.54e-05   (AvgTime 0.6)   
   [Train] Epoch: [50][140/357]  Loss:0.150 (Avg 0.1416) IoU:0.731 (Avg 0.7322) Dice:0.8202 (Avg 0.8294) LR 9.54e-05   (AvgTime 0.6)   
   [Train] Epoch: [50][160/357]  Loss:0.207 (Avg 0.1418) IoU:0.623 (Avg 0.7314) Dice:0.7524 (Avg 0.8292) LR 9.54e-05   (AvgTime 0.6)   
   [Train] Epoch: [50][180/357]  Loss:0.128 (Avg 0.1407) IoU:0.771 (Avg 0.7330) Dice:0.8629 (Avg 0.8303) LR 9.54e-05   (AvgTime 0.6)   
   [Train] Epoch: [50][200/357]  Loss:0.105 (Avg 0.1407) IoU:0.807 (Avg 0.7331) Dice:0.8867 (Avg 0.8304) LR 9.54e-05   (AvgTime 0.6)   
   [Train] Epoch: [50][220/357]  Loss:0.134 (Avg 0.1403) IoU:0.729 (Avg 0.7338) Dice:0.8327 (Avg 0.8311) LR 9.54e-05   (AvgTime 0.6)   
   [Train] Epoch: [50][240/357]  Loss:0.145 (Avg 0.1391) IoU:0.751 (Avg 0.7356) Dice:0.8450 (Avg 0.8327) LR 9.54e-05   (AvgTime 0.6)   
   [Train] Epoch: [50][260/357]  Loss:0.098 (Avg 0.1385) IoU:0.804 (Avg 0.7365) Dice:0.8841 (Avg 0.8335) LR 9.54e-05   (AvgTime 0.6)   
   [Train] Epoch: [50][280/357]  Loss:0.161 (Avg 0.1381) IoU:0.698 (Avg 0.7371) Dice:0.8038 (Avg 0.8339) LR 9.54e-05   (AvgTime 0.6)   
   [Train] Epoch: [50][300/357]  Loss:0.109 (Avg 0.1384) IoU:0.787 (Avg 0.7362) Dice:0.8688 (Avg 0.8332) LR 9.54e-05   (AvgTime 0.6)   
   [Train] Epoch: [50][320/357]  Loss:0.114 (Avg 0.1381) IoU:0.787 (Avg 0.7369) Dice:0.8741 (Avg 0.8336) LR 9.54e-05   (AvgTime 0.6)   
   [Train] Epoch: [50][340/357]  Loss:0.133 (Avg 0.1382) IoU:0.748 (Avg 0.7367) Dice:0.8349 (Avg 0.8334) LR 9.54e-05   (AvgTime 0.6)   
   [Train] Epoch: [50][357/357]  Loss:0.112 (Avg 0.1385) IoU:0.796 (Avg 0.7361) Dice:0.8834 (Avg 0.8330) LR 9.54e-05   (AvgTime 0.6)   
   [Train] Loss components: main_dice=0.139387, main_focal=0.047829, main=0.093608, region_raw=0.349993, region_weighted=0.044908, empty_window_fraction=0.000000, total=0.138517
Validation
   [Val] Epoch: [50][20/90]  Loss:0.189 (Avg 0.1574) IoU:0.669 (Avg 0.7241) Dice:0.7869 (Avg 0.8255) (AvgTime 0.3)   
   [Val] Epoch: [50][40/90]  Loss:0.138 (Avg 0.1643) IoU:0.731 (Avg 0.7088) Dice:0.8330 (Avg 0.8109) (AvgTime 0.3)   
   [Val] Epoch: [50][60/90]  Loss:0.194 (Avg 0.1544) IoU:0.662 (Avg 0.7201) Dice:0.7677 (Avg 0.8186) (AvgTime 0.2)   
   [Val] Epoch: [50][80/90]  Loss:0.136 (Avg 0.1524) IoU:0.734 (Avg 0.7191) Dice:0.8316 (Avg 0.8182) (AvgTime 0.2)   
   [Val] Epoch: [50][90/90]  Loss:0.206 (Avg 0.1526) IoU:0.600 (Avg 0.7188) Dice:0.7299 (Avg 0.8181) (AvgTime 0.2)   
   [Val] Loss components: main_dice=0.152677, main_focal=0.060137, main=0.106407, region_raw=0.359809, region_weighted=0.046168, empty_window_fraction=0.000000, total=0.152575
	 No iou improvement; selected epoch 44
	 early_stopping_count: 6/80
--- Epoch History (1..50) ---
Epoch |  TrainLoss |  TrainDice |  TrainIoU |    ValLoss |    ValDice |    ValIoU |         LR | Best
    1 |     0.3274 |     0.6089 |    0.4797 |     0.3091 |     0.6203 |    0.4911 |   3.00e-04 |     
    2 |     0.2493 |     0.7003 |    0.5773 |     0.2277 |     0.7202 |    0.6053 |   3.00e-04 |     
    3 |     0.2258 |     0.7259 |    0.6062 |     0.2068 |     0.7560 |    0.6429 |   3.00e-04 |     
    4 |     0.2153 |     0.7383 |    0.6212 |     0.2013 |     0.7654 |    0.6509 |   2.99e-04 |     
    5 |     0.2041 |     0.7514 |    0.6359 |     0.1929 |     0.7592 |    0.6456 |   2.98e-04 |     
    6 |     0.2002 |     0.7575 |    0.6433 |     0.1994 |     0.7556 |    0.6374 |   2.97e-04 |     
    7 |     0.1959 |     0.7613 |    0.6476 |     0.1953 |     0.7677 |    0.6559 |   2.96e-04 |     
    8 |     0.1917 |     0.7652 |    0.6526 |     0.1819 |     0.7753 |    0.6638 |   2.94e-04 |     
    9 |     0.1890 |     0.7689 |    0.6569 |     0.1877 |     0.7648 |    0.6526 |   2.92e-04 |     
   10 |     0.1909 |     0.7674 |    0.6547 |     0.1967 |     0.7614 |    0.6474 |   2.91e-04 |     
   11 |     0.1850 |     0.7752 |    0.6643 |     0.1777 |     0.7851 |    0.6761 |   2.88e-04 |     
   12 |     0.1847 |     0.7750 |    0.6644 |     0.1820 |     0.7863 |    0.6777 |   2.86e-04 |     
   13 |     0.1819 |     0.7786 |    0.6681 |     0.1785 |     0.7822 |    0.6720 |   2.83e-04 |     
   14 |     0.1792 |     0.7815 |    0.6721 |     0.1710 |     0.7906 |    0.6822 |   2.80e-04 |     
   15 |     0.1799 |     0.7798 |    0.6700 |     0.1677 |     0.7939 |    0.6878 |   2.77e-04 |     
   16 |     0.1784 |     0.7828 |    0.6735 |     0.1778 |     0.7969 |    0.6907 |   2.74e-04 |     
   17 |     0.1800 |     0.7809 |    0.6717 |     0.1871 |     0.7775 |    0.6682 |   2.71e-04 |     
   18 |     0.1765 |     0.7859 |    0.6774 |     0.1763 |     0.7844 |    0.6744 |   2.67e-04 |     
   19 |     0.1725 |     0.7898 |    0.6825 |     0.1650 |     0.7980 |    0.6943 |   2.63e-04 |     
   20 |     0.1717 |     0.7911 |    0.6844 |     0.1718 |     0.7842 |    0.6753 |   2.59e-04 |     
   21 |     0.1702 |     0.7920 |    0.6849 |     0.1709 |     0.7905 |    0.6816 |   2.55e-04 |     
   22 |     0.1715 |     0.7907 |    0.6835 |     0.1778 |     0.7882 |    0.6809 |   2.51e-04 |     
   23 |     0.1702 |     0.7927 |    0.6865 |     0.1680 |     0.7894 |    0.6837 |   2.46e-04 |     
   24 |     0.1674 |     0.7964 |    0.6902 |     0.1675 |     0.8056 |    0.7029 |   2.42e-04 |     
   25 |     0.1664 |     0.7976 |    0.6919 |     0.1719 |     0.7939 |    0.6891 |   2.37e-04 |     
   26 |     0.1663 |     0.7975 |    0.6916 |     0.1635 |     0.7985 |    0.6924 |   2.32e-04 |     
   27 |     0.1632 |     0.8013 |    0.6966 |     0.1589 |     0.8088 |    0.7069 |   2.27e-04 |     
   28 |     0.1623 |     0.8031 |    0.6989 |     0.1645 |     0.8009 |    0.6963 |   2.22e-04 |     
   29 |     0.1611 |     0.8041 |    0.7006 |     0.1656 |     0.8001 |    0.6931 |   2.17e-04 |     
   30 |     0.1618 |     0.8040 |    0.6998 |     0.1588 |     0.8091 |    0.7079 |   2.11e-04 |     
   31 |     0.1594 |     0.8063 |    0.7029 |     0.1735 |     0.8039 |    0.6998 |   2.06e-04 |     
   32 |     0.1576 |     0.8091 |    0.7058 |     0.1622 |     0.8091 |    0.7070 |   2.00e-04 |     
   33 |     0.1577 |     0.8087 |    0.7056 |     0.1609 |     0.8024 |    0.6973 |   1.94e-04 |     
   34 |     0.1562 |     0.8101 |    0.7068 |     0.1622 |     0.8074 |    0.7042 |   1.89e-04 |     
   35 |     0.1543 |     0.8127 |    0.7105 |     0.1590 |     0.8114 |    0.7084 |   1.83e-04 |     
   36 |     0.1530 |     0.8139 |    0.7122 |     0.1560 |     0.8113 |    0.7104 |   1.77e-04 |     
   37 |     0.1544 |     0.8121 |    0.7103 |     0.1576 |     0.8048 |    0.7006 |   1.71e-04 |     
   38 |     0.1519 |     0.8155 |    0.7140 |     0.1594 |     0.8036 |    0.7011 |   1.65e-04 |     
   39 |     0.1511 |     0.8165 |    0.7156 |     0.1547 |     0.8127 |    0.7130 |   1.59e-04 |     
   40 |     0.1492 |     0.8187 |    0.7181 |     0.1550 |     0.8122 |    0.7119 |   1.53e-04 |     
   41 |     0.1486 |     0.8205 |    0.7201 |     0.1542 |     0.8149 |    0.7152 |   1.48e-04 |     
   42 |     0.1468 |     0.8219 |    0.7222 |     0.1529 |     0.8168 |    0.7168 |   1.42e-04 |     
   43 |     0.1460 |     0.8226 |    0.7231 |     0.1575 |     0.8148 |    0.7142 |   1.36e-04 |     
   44 |     0.1454 |     0.8243 |    0.7250 |     0.1487 |     0.8215 |    0.7231 |   1.30e-04 |    *
   45 |     0.1453 |     0.8241 |    0.7249 |     0.1575 |     0.8131 |    0.7132 |   1.24e-04 |     
   46 |     0.1421 |     0.8281 |    0.7296 |     0.1538 |     0.8164 |    0.7176 |   1.18e-04 |     
   47 |     0.1414 |     0.8288 |    0.7311 |     0.1522 |     0.8132 |    0.7120 |   1.12e-04 |     
   48 |     0.1422 |     0.8276 |    0.7296 |     0.1520 |     0.8204 |    0.7208 |   1.07e-04 |     
   49 |     0.1402 |     0.8301 |    0.7329 |     0.1537 |     0.8191 |    0.7205 |   1.01e-04 |     
   50 |     0.1385 |     0.8330 |    0.7361 |     0.1526 |     0.8181 |    0.7188 |   9.54e-05 |     
--- R2 plus final-map regional overlap: global validation statistics ---
up4: ca=0.8901+/-0.1089, sa=1.0099+/-0.0072, amp=0.0000, suppress=0.0000, guide_abs=0.1487
up4 residuals: local_mean=6.917e-02, global_mean=0.0172, local_strength=0.1156, global_strength=0.1140, gain=[0.9902,1.0539], saturation=0.1061, text_film=0.0240
up4 haar: reconstruction_error=4.768e-07, skip_low/high=0.8114/0.1886, plam_low/high=1.0000/0.0000
up4 strengths: plam=0.9171, region=0.1156, detail=0.1140; residual_std region/detail/refine=0.3385/0.4087/0.3320
up4 guide_mix: entropy=0.9797, raw_low=0.3192, plam_low=0.2591, decoder_low=0.2622, detail=0.1595; agreement plam/decoder=0.4580/0.5741, support=0.7989+/-0.0974
up4 adaptive_frequency: ALPF strength=0.2515, weights=0.1531/0.7097/0.1372, sum=1.0000, entropy=0.7304, delta_std=0.0804; AHPF strength=0.0745, weights=0.3062/0.5282/0.1656, sum=1.0000, entropy=0.9035, residual_std=0.1013, scaled_std=0.0075
up3: ca=0.9984+/-0.1632, sa=1.0109+/-0.0058, amp=0.0000, suppress=0.0000, guide_abs=0.3272
up3 residuals: local_mean=3.484e-02, global_mean=0.0579, local_strength=0.1142, global_strength=0.1206, gain=[0.9850,1.0545], saturation=0.0000, text_film=0.0380
up3 haar: reconstruction_error=9.537e-07, skip_low/high=0.7902/0.2098, plam_low/high=1.0000/0.0000
up3 strengths: plam=0.9138, region=0.1142, detail=0.1206; residual_std region/detail/refine=0.3094/0.6139/0.5434
up3 guide_mix: entropy=0.9793, raw_low=0.3284, plam_low=0.2426, decoder_low=0.2650, detail=0.1639; agreement plam/decoder=0.5486/0.1855, support=0.7570+/-0.0586
up3 adaptive_frequency: ALPF strength=0.3004, weights=0.1466/0.4903/0.3631, sum=1.0000, entropy=0.7939, delta_std=0.0684; AHPF strength=0.1094, weights=0.4812/0.2901/0.2286, sum=1.0000, entropy=0.8769, residual_std=0.1126, scaled_std=0.0123
up2: ca=0.9092+/-0.0965, sa=1.0053+/-0.0029, amp=0.0000, suppress=0.0000, guide_abs=0.2096
up2 residuals: local_mean=1.113e-03, global_mean=0.0448, local_strength=0.1192, global_strength=0.1158, gain=[0.9761,1.0409], saturation=0.0000, text_film=0.0303
up2 haar: reconstruction_error=9.537e-07, skip_low/high=0.7721/0.2279, plam_low/high=1.0000/0.0000
up2 strengths: plam=0.8512, region=0.1192, detail=0.1158; residual_std region/detail/refine=0.2176/0.2819/0.1550
up2 guide_mix: entropy=0.9539, raw_low=0.2979, plam_low=0.1787, decoder_low=0.3718, detail=0.1517; agreement plam/decoder=0.6326/0.0387, support=0.5728+/-0.0409
up1: ca=0.8353+/-0.1266, sa=1.0036+/-0.0134, amp=0.0000, suppress=0.0000, guide_abs=0.2186
up1 residuals: local_mean=-6.436e-03, global_mean=0.0443, local_strength=0.1262, global_strength=0.1004, gain=[0.9026,1.0977], saturation=0.0714, text_film=0.0471
up1 haar: reconstruction_error=2.414e-06, skip_low/high=0.7230/0.2770, plam_low/high=1.0000/0.0000
up1 strengths: plam=0.9245, region=0.1262, detail=0.1004; residual_std region/detail/refine=0.6454/0.3998/0.1832
up1 guide_mix: entropy=0.9487, raw_low=0.2663, plam_low=0.2700, decoder_low=0.3546, detail=0.1090; agreement plam/decoder=0.4104/-0.1177, support=0.7336+/-0.1109

========= Epoch [51/80] =========
RS1_Test_session_09.11_04h18
Training with batch size : 16
   [Train] Epoch: [51][20/357]  Loss:0.151 (Avg 0.1281) IoU:0.692 (Avg 0.7564) Dice:0.8098 (Avg 0.8506) LR 8.99e-05   (AvgTime 0.6)   
   [Train] Epoch: [51][40/357]  Loss:0.150 (Avg 0.1371) IoU:0.715 (Avg 0.7401) Dice:0.8141 (Avg 0.8380) LR 8.99e-05   (AvgTime 0.6)   
   [Train] Epoch: [51][60/357]  Loss:0.135 (Avg 0.1339) IoU:0.712 (Avg 0.7438) Dice:0.8234 (Avg 0.8413) LR 8.99e-05   (AvgTime 0.6)   
   [Train] Epoch: [51][80/357]  Loss:0.184 (Avg 0.1332) IoU:0.723 (Avg 0.7455) Dice:0.8253 (Avg 0.8419) LR 8.99e-05   (AvgTime 0.6)   
   [Train] Epoch: [51][100/357]  Loss:0.150 (Avg 0.1340) IoU:0.724 (Avg 0.7442) Dice:0.8364 (Avg 0.8405) LR 8.99e-05   (AvgTime 0.6)   
   [Train] Epoch: [51][120/357]  Loss:0.086 (Avg 0.1332) IoU:0.842 (Avg 0.7452) Dice:0.9110 (Avg 0.8411) LR 8.99e-05   (AvgTime 0.6)   
   [Train] Epoch: [51][140/357]  Loss:0.144 (Avg 0.1341) IoU:0.722 (Avg 0.7434) Dice:0.8153 (Avg 0.8393) LR 8.99e-05   (AvgTime 0.6)   
   [Train] Epoch: [51][160/357]  Loss:0.117 (Avg 0.1353) IoU:0.763 (Avg 0.7411) Dice:0.8597 (Avg 0.8374) LR 8.99e-05   (AvgTime 0.6)   
   [Train] Epoch: [51][180/357]  Loss:0.098 (Avg 0.1362) IoU:0.813 (Avg 0.7401) Dice:0.8925 (Avg 0.8367) LR 8.99e-05   (AvgTime 0.6)   
   [Train] Epoch: [51][200/357]  Loss:0.165 (Avg 0.1365) IoU:0.675 (Avg 0.7394) Dice:0.7918 (Avg 0.8359) LR 8.99e-05   (AvgTime 0.6)   
   [Train] Epoch: [51][220/357]  Loss:0.131 (Avg 0.1369) IoU:0.744 (Avg 0.7388) Dice:0.8366 (Avg 0.8354) LR 8.99e-05   (AvgTime 0.6)   
   [Train] Epoch: [51][240/357]  Loss:0.109 (Avg 0.1364) IoU:0.783 (Avg 0.7396) Dice:0.8671 (Avg 0.8360) LR 8.99e-05   (AvgTime 0.6)   
   [Train] Epoch: [51][260/357]  Loss:0.134 (Avg 0.1367) IoU:0.756 (Avg 0.7392) Dice:0.8335 (Avg 0.8354) LR 8.99e-05   (AvgTime 0.6)   
   [Train] Epoch: [51][280/357]  Loss:0.149 (Avg 0.1375) IoU:0.712 (Avg 0.7377) Dice:0.8175 (Avg 0.8341) LR 8.99e-05   (AvgTime 0.6)   
   [Train] Epoch: [51][300/357]  Loss:0.095 (Avg 0.1374) IoU:0.813 (Avg 0.7377) Dice:0.8929 (Avg 0.8342) LR 8.99e-05   (AvgTime 0.6)   
   [Train] Epoch: [51][320/357]  Loss:0.137 (Avg 0.1369) IoU:0.733 (Avg 0.7385) Dice:0.8381 (Avg 0.8350) LR 8.99e-05   (AvgTime 0.6)   
   [Train] Epoch: [51][340/357]  Loss:0.134 (Avg 0.1370) IoU:0.763 (Avg 0.7380) Dice:0.8536 (Avg 0.8346) LR 8.99e-05   (AvgTime 0.6)   
   [Train] Epoch: [51][357/357]  Loss:0.163 (Avg 0.1375) IoU:0.690 (Avg 0.7374) Dice:0.7921 (Avg 0.8339) LR 8.99e-05   (AvgTime 0.6)   
   [Train] Loss components: main_dice=0.138343, main_focal=0.047386, main=0.092865, region_raw=0.347721, region_weighted=0.044617, empty_window_fraction=0.000000, total=0.137481
Validation
   [Val] Epoch: [51][20/90]  Loss:0.206 (Avg 0.1623) IoU:0.657 (Avg 0.7265) Dice:0.7786 (Avg 0.8266) (AvgTime 0.3)   
   [Val] Epoch: [51][40/90]  Loss:0.137 (Avg 0.1662) IoU:0.739 (Avg 0.7133) Dice:0.8384 (Avg 0.8143) (AvgTime 0.2)   
   [Val] Epoch: [51][60/90]  Loss:0.210 (Avg 0.1565) IoU:0.641 (Avg 0.7233) Dice:0.7506 (Avg 0.8212) (AvgTime 0.2)   
   [Val] Epoch: [51][80/90]  Loss:0.141 (Avg 0.1553) IoU:0.737 (Avg 0.7228) Dice:0.8316 (Avg 0.8209) (AvgTime 0.2)   
   [Val] Epoch: [51][90/90]  Loss:0.225 (Avg 0.1565) IoU:0.582 (Avg 0.7222) Dice:0.7193 (Avg 0.8201) (AvgTime 0.2)   
   [Val] Loss components: main_dice=0.149585, main_focal=0.074683, main=0.112134, region_raw=0.345704, region_weighted=0.044358, empty_window_fraction=0.000000, total=0.156492
	 No iou improvement; selected epoch 44
	 early_stopping_count: 7/80
--- Epoch History (1..51) ---
Epoch |  TrainLoss |  TrainDice |  TrainIoU |    ValLoss |    ValDice |    ValIoU |         LR | Best
    1 |     0.3274 |     0.6089 |    0.4797 |     0.3091 |     0.6203 |    0.4911 |   3.00e-04 |     
    2 |     0.2493 |     0.7003 |    0.5773 |     0.2277 |     0.7202 |    0.6053 |   3.00e-04 |     
    3 |     0.2258 |     0.7259 |    0.6062 |     0.2068 |     0.7560 |    0.6429 |   3.00e-04 |     
    4 |     0.2153 |     0.7383 |    0.6212 |     0.2013 |     0.7654 |    0.6509 |   2.99e-04 |     
    5 |     0.2041 |     0.7514 |    0.6359 |     0.1929 |     0.7592 |    0.6456 |   2.98e-04 |     
    6 |     0.2002 |     0.7575 |    0.6433 |     0.1994 |     0.7556 |    0.6374 |   2.97e-04 |     
    7 |     0.1959 |     0.7613 |    0.6476 |     0.1953 |     0.7677 |    0.6559 |   2.96e-04 |     
    8 |     0.1917 |     0.7652 |    0.6526 |     0.1819 |     0.7753 |    0.6638 |   2.94e-04 |     
    9 |     0.1890 |     0.7689 |    0.6569 |     0.1877 |     0.7648 |    0.6526 |   2.92e-04 |     
   10 |     0.1909 |     0.7674 |    0.6547 |     0.1967 |     0.7614 |    0.6474 |   2.91e-04 |     
   11 |     0.1850 |     0.7752 |    0.6643 |     0.1777 |     0.7851 |    0.6761 |   2.88e-04 |     
   12 |     0.1847 |     0.7750 |    0.6644 |     0.1820 |     0.7863 |    0.6777 |   2.86e-04 |     
   13 |     0.1819 |     0.7786 |    0.6681 |     0.1785 |     0.7822 |    0.6720 |   2.83e-04 |     
   14 |     0.1792 |     0.7815 |    0.6721 |     0.1710 |     0.7906 |    0.6822 |   2.80e-04 |     
   15 |     0.1799 |     0.7798 |    0.6700 |     0.1677 |     0.7939 |    0.6878 |   2.77e-04 |     
   16 |     0.1784 |     0.7828 |    0.6735 |     0.1778 |     0.7969 |    0.6907 |   2.74e-04 |     
   17 |     0.1800 |     0.7809 |    0.6717 |     0.1871 |     0.7775 |    0.6682 |   2.71e-04 |     
   18 |     0.1765 |     0.7859 |    0.6774 |     0.1763 |     0.7844 |    0.6744 |   2.67e-04 |     
   19 |     0.1725 |     0.7898 |    0.6825 |     0.1650 |     0.7980 |    0.6943 |   2.63e-04 |     
   20 |     0.1717 |     0.7911 |    0.6844 |     0.1718 |     0.7842 |    0.6753 |   2.59e-04 |     
   21 |     0.1702 |     0.7920 |    0.6849 |     0.1709 |     0.7905 |    0.6816 |   2.55e-04 |     
   22 |     0.1715 |     0.7907 |    0.6835 |     0.1778 |     0.7882 |    0.6809 |   2.51e-04 |     
   23 |     0.1702 |     0.7927 |    0.6865 |     0.1680 |     0.7894 |    0.6837 |   2.46e-04 |     
   24 |     0.1674 |     0.7964 |    0.6902 |     0.1675 |     0.8056 |    0.7029 |   2.42e-04 |     
   25 |     0.1664 |     0.7976 |    0.6919 |     0.1719 |     0.7939 |    0.6891 |   2.37e-04 |     
   26 |     0.1663 |     0.7975 |    0.6916 |     0.1635 |     0.7985 |    0.6924 |   2.32e-04 |     
   27 |     0.1632 |     0.8013 |    0.6966 |     0.1589 |     0.8088 |    0.7069 |   2.27e-04 |     
   28 |     0.1623 |     0.8031 |    0.6989 |     0.1645 |     0.8009 |    0.6963 |   2.22e-04 |     
   29 |     0.1611 |     0.8041 |    0.7006 |     0.1656 |     0.8001 |    0.6931 |   2.17e-04 |     
   30 |     0.1618 |     0.8040 |    0.6998 |     0.1588 |     0.8091 |    0.7079 |   2.11e-04 |     
   31 |     0.1594 |     0.8063 |    0.7029 |     0.1735 |     0.8039 |    0.6998 |   2.06e-04 |     
   32 |     0.1576 |     0.8091 |    0.7058 |     0.1622 |     0.8091 |    0.7070 |   2.00e-04 |     
   33 |     0.1577 |     0.8087 |    0.7056 |     0.1609 |     0.8024 |    0.6973 |   1.94e-04 |     
   34 |     0.1562 |     0.8101 |    0.7068 |     0.1622 |     0.8074 |    0.7042 |   1.89e-04 |     
   35 |     0.1543 |     0.8127 |    0.7105 |     0.1590 |     0.8114 |    0.7084 |   1.83e-04 |     
   36 |     0.1530 |     0.8139 |    0.7122 |     0.1560 |     0.8113 |    0.7104 |   1.77e-04 |     
   37 |     0.1544 |     0.8121 |    0.7103 |     0.1576 |     0.8048 |    0.7006 |   1.71e-04 |     
   38 |     0.1519 |     0.8155 |    0.7140 |     0.1594 |     0.8036 |    0.7011 |   1.65e-04 |     
   39 |     0.1511 |     0.8165 |    0.7156 |     0.1547 |     0.8127 |    0.7130 |   1.59e-04 |     
   40 |     0.1492 |     0.8187 |    0.7181 |     0.1550 |     0.8122 |    0.7119 |   1.53e-04 |     
   41 |     0.1486 |     0.8205 |    0.7201 |     0.1542 |     0.8149 |    0.7152 |   1.48e-04 |     
   42 |     0.1468 |     0.8219 |    0.7222 |     0.1529 |     0.8168 |    0.7168 |   1.42e-04 |     
   43 |     0.1460 |     0.8226 |    0.7231 |     0.1575 |     0.8148 |    0.7142 |   1.36e-04 |     
   44 |     0.1454 |     0.8243 |    0.7250 |     0.1487 |     0.8215 |    0.7231 |   1.30e-04 |    *
   45 |     0.1453 |     0.8241 |    0.7249 |     0.1575 |     0.8131 |    0.7132 |   1.24e-04 |     
   46 |     0.1421 |     0.8281 |    0.7296 |     0.1538 |     0.8164 |    0.7176 |   1.18e-04 |     
   47 |     0.1414 |     0.8288 |    0.7311 |     0.1522 |     0.8132 |    0.7120 |   1.12e-04 |     
   48 |     0.1422 |     0.8276 |    0.7296 |     0.1520 |     0.8204 |    0.7208 |   1.07e-04 |     
   49 |     0.1402 |     0.8301 |    0.7329 |     0.1537 |     0.8191 |    0.7205 |   1.01e-04 |     
   50 |     0.1385 |     0.8330 |    0.7361 |     0.1526 |     0.8181 |    0.7188 |   9.54e-05 |     
   51 |     0.1375 |     0.8339 |    0.7374 |     0.1565 |     0.8201 |    0.7222 |   8.99e-05 |     
--- R2 plus final-map regional overlap: global validation statistics ---
up4: ca=0.8865+/-0.1100, sa=1.0098+/-0.0072, amp=0.0000, suppress=0.0000, guide_abs=0.1534
up4 residuals: local_mean=7.075e-02, global_mean=0.0152, local_strength=0.1155, global_strength=0.1140, gain=[0.9918,1.0523], saturation=0.1010, text_film=0.0244
up4 haar: reconstruction_error=5.662e-07, skip_low/high=0.8108/0.1892, plam_low/high=1.0000/0.0000
up4 strengths: plam=0.9170, region=0.1155, detail=0.1140; residual_std region/detail/refine=0.3091/0.3996/0.3212
up4 guide_mix: entropy=0.9797, raw_low=0.3163, plam_low=0.2595, decoder_low=0.2659, detail=0.1583; agreement plam/decoder=0.4630/0.5645, support=0.7956+/-0.0970
up4 adaptive_frequency: ALPF strength=0.2517, weights=0.1492/0.7149/0.1360, sum=1.0000, entropy=0.7232, delta_std=0.0792; AHPF strength=0.0744, weights=0.3112/0.5243/0.1646, sum=1.0000, entropy=0.9048, residual_std=0.1005, scaled_std=0.0075
up3: ca=0.9985+/-0.1613, sa=1.0112+/-0.0058, amp=0.0000, suppress=0.0000, guide_abs=0.3429
up3 residuals: local_mean=3.642e-02, global_mean=0.0586, local_strength=0.1142, global_strength=0.1206, gain=[0.9860,1.0486], saturation=0.0000, text_film=0.0301
up3 haar: reconstruction_error=9.537e-07, skip_low/high=0.7848/0.2152, plam_low/high=1.0000/0.0000
up3 strengths: plam=0.9134, region=0.1142, detail=0.1206; residual_std region/detail/refine=0.3083/0.6127/0.5408
up3 guide_mix: entropy=0.9805, raw_low=0.3316, plam_low=0.2420, decoder_low=0.2569, detail=0.1694; agreement plam/decoder=0.5781/0.1897, support=0.7573+/-0.0630
up3 adaptive_frequency: ALPF strength=0.3011, weights=0.0830/0.3018/0.6152, sum=1.0000, entropy=0.6766, delta_std=0.0740; AHPF strength=0.1095, weights=0.6656/0.1893/0.1452, sum=1.0000, entropy=0.7088, residual_std=0.0790, scaled_std=0.0087
up2: ca=0.9112+/-0.0971, sa=1.0054+/-0.0029, amp=0.0000, suppress=0.0000, guide_abs=0.1942
up2 residuals: local_mean=1.556e-03, global_mean=0.0446, local_strength=0.1193, global_strength=0.1159, gain=[0.9753,1.0411], saturation=0.0000, text_film=0.0317
up2 haar: reconstruction_error=9.537e-07, skip_low/high=0.7766/0.2234, plam_low/high=1.0000/0.0000
up2 strengths: plam=0.8510, region=0.1193, detail=0.1159; residual_std region/detail/refine=0.2142/0.2772/0.1533
up2 guide_mix: entropy=0.9538, raw_low=0.3078, plam_low=0.1730, decoder_low=0.3651, detail=0.1540; agreement plam/decoder=0.6533/0.0953, support=0.5676+/-0.0371
up1: ca=0.8376+/-0.1302, sa=1.0036+/-0.0134, amp=0.0000, suppress=0.0000, guide_abs=0.2230
up1 residuals: local_mean=-6.422e-03, global_mean=0.0450, local_strength=0.1263, global_strength=0.1004, gain=[0.9028,1.0975], saturation=0.0684, text_film=0.0468
up1 haar: reconstruction_error=1.907e-06, skip_low/high=0.7252/0.2748, plam_low/high=1.0000/0.0000
up1 strengths: plam=0.9243, region=0.1263, detail=0.1004; residual_std region/detail/refine=0.6150/0.4012/0.1843
up1 guide_mix: entropy=0.9505, raw_low=0.2741, plam_low=0.2658, decoder_low=0.3497, detail=0.1104; agreement plam/decoder=0.4418/-0.1195, support=0.7414+/-0.1069

========= Epoch [52/80] =========
RS1_Test_session_09.11_04h18
Training with batch size : 16
   [Train] Epoch: [52][20/357]  Loss:0.148 (Avg 0.1318) IoU:0.710 (Avg 0.7439) Dice:0.8059 (Avg 0.8392) LR 8.45e-05   (AvgTime 0.6)   
   [Train] Epoch: [52][40/357]  Loss:0.135 (Avg 0.1313) IoU:0.740 (Avg 0.7463) Dice:0.8294 (Avg 0.8413) LR 8.45e-05   (AvgTime 0.6)   
   [Train] Epoch: [52][60/357]  Loss:0.117 (Avg 0.1345) IoU:0.769 (Avg 0.7417) Dice:0.8600 (Avg 0.8377) LR 8.45e-05   (AvgTime 0.6)   
   [Train] Epoch: [52][80/357]  Loss:0.133 (Avg 0.1347) IoU:0.730 (Avg 0.7416) Dice:0.8344 (Avg 0.8379) LR 8.45e-05   (AvgTime 0.6)   
   [Train] Epoch: [52][100/357]  Loss:0.117 (Avg 0.1339) IoU:0.756 (Avg 0.7428) Dice:0.8529 (Avg 0.8390) LR 8.45e-05   (AvgTime 0.6)   
   [Train] Epoch: [52][120/357]  Loss:0.114 (Avg 0.1363) IoU:0.769 (Avg 0.7384) Dice:0.8551 (Avg 0.8353) LR 8.45e-05   (AvgTime 0.6)   
   [Train] Epoch: [52][140/357]  Loss:0.151 (Avg 0.1369) IoU:0.692 (Avg 0.7377) Dice:0.7924 (Avg 0.8342) LR 8.45e-05   (AvgTime 0.6)   
   [Train] Epoch: [52][160/357]  Loss:0.127 (Avg 0.1361) IoU:0.757 (Avg 0.7391) Dice:0.8499 (Avg 0.8353) LR 8.45e-05   (AvgTime 0.6)   
   [Train] Epoch: [52][180/357]  Loss:0.100 (Avg 0.1363) IoU:0.806 (Avg 0.7383) Dice:0.8864 (Avg 0.8346) LR 8.45e-05   (AvgTime 0.6)   
   [Train] Epoch: [52][200/357]  Loss:0.157 (Avg 0.1364) IoU:0.717 (Avg 0.7380) Dice:0.8183 (Avg 0.8344) LR 8.45e-05   (AvgTime 0.6)   
   [Train] Epoch: [52][220/357]  Loss:0.142 (Avg 0.1358) IoU:0.722 (Avg 0.7391) Dice:0.8312 (Avg 0.8352) LR 8.45e-05   (AvgTime 0.6)   
   [Train] Epoch: [52][240/357]  Loss:0.121 (Avg 0.1358) IoU:0.767 (Avg 0.7390) Dice:0.8522 (Avg 0.8350) LR 8.45e-05   (AvgTime 0.6)   
   [Train] Epoch: [52][260/357]  Loss:0.120 (Avg 0.1367) IoU:0.791 (Avg 0.7374) Dice:0.8554 (Avg 0.8339) LR 8.45e-05   (AvgTime 0.6)   
   [Train] Epoch: [52][280/357]  Loss:0.118 (Avg 0.1361) IoU:0.779 (Avg 0.7383) Dice:0.8638 (Avg 0.8346) LR 8.45e-05   (AvgTime 0.6)   
   [Train] Epoch: [52][300/357]  Loss:0.122 (Avg 0.1356) IoU:0.779 (Avg 0.7393) Dice:0.8607 (Avg 0.8353) LR 8.45e-05   (AvgTime 0.6)   
   [Train] Epoch: [52][320/357]  Loss:0.125 (Avg 0.1355) IoU:0.746 (Avg 0.7393) Dice:0.8497 (Avg 0.8355) LR 8.45e-05   (AvgTime 0.6)   
   [Train] Epoch: [52][340/357]  Loss:0.161 (Avg 0.1355) IoU:0.706 (Avg 0.7397) Dice:0.8026 (Avg 0.8358) LR 8.45e-05   (AvgTime 0.6)   
   [Train] Epoch: [52][357/357]  Loss:0.081 (Avg 0.1359) IoU:0.845 (Avg 0.7390) Dice:0.9129 (Avg 0.8353) LR 8.45e-05   (AvgTime 0.6)   
   [Train] Loss components: main_dice=0.136947, main_focal=0.046311, main=0.091629, region_raw=0.345101, region_weighted=0.044281, empty_window_fraction=0.000000, total=0.135909
Validation
   [Val] Epoch: [52][20/90]  Loss:0.203 (Avg 0.1624) IoU:0.646 (Avg 0.7148) Dice:0.7696 (Avg 0.8172) (AvgTime 0.3)   
   [Val] Epoch: [52][40/90]  Loss:0.141 (Avg 0.1663) IoU:0.736 (Avg 0.7042) Dice:0.8349 (Avg 0.8065) (AvgTime 0.2)   
   [Val] Epoch: [52][60/90]  Loss:0.207 (Avg 0.1584) IoU:0.649 (Avg 0.7136) Dice:0.7528 (Avg 0.8124) (AvgTime 0.2)   
   [Val] Epoch: [52][80/90]  Loss:0.157 (Avg 0.1584) IoU:0.701 (Avg 0.7117) Dice:0.8030 (Avg 0.8111) (AvgTime 0.2)   
   [Val] Epoch: [52][90/90]  Loss:0.207 (Avg 0.1593) IoU:0.593 (Avg 0.7102) Dice:0.7284 (Avg 0.8098) (AvgTime 0.2)   
   [Val] Loss components: main_dice=0.158460, main_focal=0.065679, main=0.112069, region_raw=0.367804, region_weighted=0.047194, empty_window_fraction=0.000000, total=0.159263
	 No iou improvement; selected epoch 44
	 early_stopping_count: 8/80
--- Epoch History (1..52) ---
Epoch |  TrainLoss |  TrainDice |  TrainIoU |    ValLoss |    ValDice |    ValIoU |         LR | Best
    1 |     0.3274 |     0.6089 |    0.4797 |     0.3091 |     0.6203 |    0.4911 |   3.00e-04 |     
    2 |     0.2493 |     0.7003 |    0.5773 |     0.2277 |     0.7202 |    0.6053 |   3.00e-04 |     
    3 |     0.2258 |     0.7259 |    0.6062 |     0.2068 |     0.7560 |    0.6429 |   3.00e-04 |     
    4 |     0.2153 |     0.7383 |    0.6212 |     0.2013 |     0.7654 |    0.6509 |   2.99e-04 |     
    5 |     0.2041 |     0.7514 |    0.6359 |     0.1929 |     0.7592 |    0.6456 |   2.98e-04 |     
    6 |     0.2002 |     0.7575 |    0.6433 |     0.1994 |     0.7556 |    0.6374 |   2.97e-04 |     
    7 |     0.1959 |     0.7613 |    0.6476 |     0.1953 |     0.7677 |    0.6559 |   2.96e-04 |     
    8 |     0.1917 |     0.7652 |    0.6526 |     0.1819 |     0.7753 |    0.6638 |   2.94e-04 |     
    9 |     0.1890 |     0.7689 |    0.6569 |     0.1877 |     0.7648 |    0.6526 |   2.92e-04 |     
   10 |     0.1909 |     0.7674 |    0.6547 |     0.1967 |     0.7614 |    0.6474 |   2.91e-04 |     
   11 |     0.1850 |     0.7752 |    0.6643 |     0.1777 |     0.7851 |    0.6761 |   2.88e-04 |     
   12 |     0.1847 |     0.7750 |    0.6644 |     0.1820 |     0.7863 |    0.6777 |   2.86e-04 |     
   13 |     0.1819 |     0.7786 |    0.6681 |     0.1785 |     0.7822 |    0.6720 |   2.83e-04 |     
   14 |     0.1792 |     0.7815 |    0.6721 |     0.1710 |     0.7906 |    0.6822 |   2.80e-04 |     
   15 |     0.1799 |     0.7798 |    0.6700 |     0.1677 |     0.7939 |    0.6878 |   2.77e-04 |     
   16 |     0.1784 |     0.7828 |    0.6735 |     0.1778 |     0.7969 |    0.6907 |   2.74e-04 |     
   17 |     0.1800 |     0.7809 |    0.6717 |     0.1871 |     0.7775 |    0.6682 |   2.71e-04 |     
   18 |     0.1765 |     0.7859 |    0.6774 |     0.1763 |     0.7844 |    0.6744 |   2.67e-04 |     
   19 |     0.1725 |     0.7898 |    0.6825 |     0.1650 |     0.7980 |    0.6943 |   2.63e-04 |     
   20 |     0.1717 |     0.7911 |    0.6844 |     0.1718 |     0.7842 |    0.6753 |   2.59e-04 |     
   21 |     0.1702 |     0.7920 |    0.6849 |     0.1709 |     0.7905 |    0.6816 |   2.55e-04 |     
   22 |     0.1715 |     0.7907 |    0.6835 |     0.1778 |     0.7882 |    0.6809 |   2.51e-04 |     
   23 |     0.1702 |     0.7927 |    0.6865 |     0.1680 |     0.7894 |    0.6837 |   2.46e-04 |     
   24 |     0.1674 |     0.7964 |    0.6902 |     0.1675 |     0.8056 |    0.7029 |   2.42e-04 |     
   25 |     0.1664 |     0.7976 |    0.6919 |     0.1719 |     0.7939 |    0.6891 |   2.37e-04 |     
   26 |     0.1663 |     0.7975 |    0.6916 |     0.1635 |     0.7985 |    0.6924 |   2.32e-04 |     
   27 |     0.1632 |     0.8013 |    0.6966 |     0.1589 |     0.8088 |    0.7069 |   2.27e-04 |     
   28 |     0.1623 |     0.8031 |    0.6989 |     0.1645 |     0.8009 |    0.6963 |   2.22e-04 |     
   29 |     0.1611 |     0.8041 |    0.7006 |     0.1656 |     0.8001 |    0.6931 |   2.17e-04 |     
   30 |     0.1618 |     0.8040 |    0.6998 |     0.1588 |     0.8091 |    0.7079 |   2.11e-04 |     
   31 |     0.1594 |     0.8063 |    0.7029 |     0.1735 |     0.8039 |    0.6998 |   2.06e-04 |     
   32 |     0.1576 |     0.8091 |    0.7058 |     0.1622 |     0.8091 |    0.7070 |   2.00e-04 |     
   33 |     0.1577 |     0.8087 |    0.7056 |     0.1609 |     0.8024 |    0.6973 |   1.94e-04 |     
   34 |     0.1562 |     0.8101 |    0.7068 |     0.1622 |     0.8074 |    0.7042 |   1.89e-04 |     
   35 |     0.1543 |     0.8127 |    0.7105 |     0.1590 |     0.8114 |    0.7084 |   1.83e-04 |     
   36 |     0.1530 |     0.8139 |    0.7122 |     0.1560 |     0.8113 |    0.7104 |   1.77e-04 |     
   37 |     0.1544 |     0.8121 |    0.7103 |     0.1576 |     0.8048 |    0.7006 |   1.71e-04 |     
   38 |     0.1519 |     0.8155 |    0.7140 |     0.1594 |     0.8036 |    0.7011 |   1.65e-04 |     
   39 |     0.1511 |     0.8165 |    0.7156 |     0.1547 |     0.8127 |    0.7130 |   1.59e-04 |     
   40 |     0.1492 |     0.8187 |    0.7181 |     0.1550 |     0.8122 |    0.7119 |   1.53e-04 |     
   41 |     0.1486 |     0.8205 |    0.7201 |     0.1542 |     0.8149 |    0.7152 |   1.48e-04 |     
   42 |     0.1468 |     0.8219 |    0.7222 |     0.1529 |     0.8168 |    0.7168 |   1.42e-04 |     
   43 |     0.1460 |     0.8226 |    0.7231 |     0.1575 |     0.8148 |    0.7142 |   1.36e-04 |     
   44 |     0.1454 |     0.8243 |    0.7250 |     0.1487 |     0.8215 |    0.7231 |   1.30e-04 |    *
   45 |     0.1453 |     0.8241 |    0.7249 |     0.1575 |     0.8131 |    0.7132 |   1.24e-04 |     
   46 |     0.1421 |     0.8281 |    0.7296 |     0.1538 |     0.8164 |    0.7176 |   1.18e-04 |     
   47 |     0.1414 |     0.8288 |    0.7311 |     0.1522 |     0.8132 |    0.7120 |   1.12e-04 |     
   48 |     0.1422 |     0.8276 |    0.7296 |     0.1520 |     0.8204 |    0.7208 |   1.07e-04 |     
   49 |     0.1402 |     0.8301 |    0.7329 |     0.1537 |     0.8191 |    0.7205 |   1.01e-04 |     
   50 |     0.1385 |     0.8330 |    0.7361 |     0.1526 |     0.8181 |    0.7188 |   9.54e-05 |     
   51 |     0.1375 |     0.8339 |    0.7374 |     0.1565 |     0.8201 |    0.7222 |   8.99e-05 |     
   52 |     0.1359 |     0.8353 |    0.7390 |     0.1593 |     0.8098 |    0.7102 |   8.45e-05 |     
--- R2 plus final-map regional overlap: global validation statistics ---
up4: ca=0.8839+/-0.1098, sa=1.0098+/-0.0071, amp=0.0000, suppress=0.0000, guide_abs=0.1542
up4 residuals: local_mean=7.002e-02, global_mean=0.0154, local_strength=0.1156, global_strength=0.1143, gain=[0.9921,1.0524], saturation=0.1082, text_film=0.0243
up4 haar: reconstruction_error=9.537e-07, skip_low/high=0.8094/0.1906, plam_low/high=1.0000/0.0000
up4 strengths: plam=0.9169, region=0.1156, detail=0.1143; residual_std region/detail/refine=0.3324/0.4004/0.3286
up4 guide_mix: entropy=0.9789, raw_low=0.3127, plam_low=0.2533, decoder_low=0.2779, detail=0.1561; agreement plam/decoder=0.4597/0.5956, support=0.8006+/-0.0956
up4 adaptive_frequency: ALPF strength=0.2519, weights=0.1451/0.7149/0.1400, sum=1.0000, entropy=0.7230, delta_std=0.0767; AHPF strength=0.0744, weights=0.3157/0.5227/0.1616, sum=1.0000, entropy=0.9030, residual_std=0.0955, scaled_std=0.0071
up3: ca=0.9984+/-0.1595, sa=1.0110+/-0.0056, amp=0.0000, suppress=0.0000, guide_abs=0.3309
up3 residuals: local_mean=3.483e-02, global_mean=0.0583, local_strength=0.1142, global_strength=0.1207, gain=[0.9856,1.0511], saturation=0.0000, text_film=0.0233
up3 haar: reconstruction_error=9.537e-07, skip_low/high=0.7793/0.2207, plam_low/high=1.0000/0.0000
up3 strengths: plam=0.9133, region=0.1142, detail=0.1207; residual_std region/detail/refine=0.3128/0.6184/0.5488
up3 guide_mix: entropy=0.9814, raw_low=0.3295, plam_low=0.2405, decoder_low=0.2589, detail=0.1710; agreement plam/decoder=0.5794/0.1963, support=0.7507+/-0.0631
up3 adaptive_frequency: ALPF strength=0.3017, weights=0.0840/0.2999/0.6161, sum=1.0000, entropy=0.6725, delta_std=0.0707; AHPF strength=0.1096, weights=0.6663/0.1865/0.1472, sum=1.0000, entropy=0.6985, residual_std=0.0767, scaled_std=0.0084
up2: ca=0.9055+/-0.1022, sa=1.0055+/-0.0028, amp=0.0000, suppress=0.0000, guide_abs=0.1814
up2 residuals: local_mean=1.698e-03, global_mean=0.0455, local_strength=0.1194, global_strength=0.1159, gain=[0.9750,1.0395], saturation=0.0000, text_film=0.0320
up2 haar: reconstruction_error=9.537e-07, skip_low/high=0.7706/0.2294, plam_low/high=1.0000/0.0000
up2 strengths: plam=0.8507, region=0.1194, detail=0.1159; residual_std region/detail/refine=0.2168/0.2783/0.1529
up2 guide_mix: entropy=0.9581, raw_low=0.3138, plam_low=0.1749, decoder_low=0.3527, detail=0.1586; agreement plam/decoder=0.6898/0.0629, support=0.5657+/-0.0377
up1: ca=0.8294+/-0.1260, sa=1.0037+/-0.0132, amp=0.0000, suppress=0.0000, guide_abs=0.2221
up1 residuals: local_mean=-6.261e-03, global_mean=0.0450, local_strength=0.1263, global_strength=0.1004, gain=[0.9028,1.0974], saturation=0.0579, text_film=0.0476
up1 haar: reconstruction_error=2.581e-06, skip_low/high=0.7226/0.2774, plam_low/high=1.0000/0.0000
up1 strengths: plam=0.9242, region=0.1263, detail=0.1004; residual_std region/detail/refine=0.6220/0.3903/0.1837
up1 guide_mix: entropy=0.9473, raw_low=0.2598, plam_low=0.2744, decoder_low=0.3578, detail=0.1081; agreement plam/decoder=0.4344/0.0137, support=0.7275+/-0.1087

========= Epoch [53/80] =========
RS1_Test_session_09.11_04h18
Training with batch size : 16
   [Train] Epoch: [53][20/357]  Loss:0.125 (Avg 0.1307) IoU:0.759 (Avg 0.7481) Dice:0.8519 (Avg 0.8414) LR 7.92e-05   (AvgTime 0.6)   
   [Train] Epoch: [53][40/357]  Loss:0.113 (Avg 0.1327) IoU:0.785 (Avg 0.7456) Dice:0.8672 (Avg 0.8404) LR 7.92e-05   (AvgTime 0.6)   
   [Train] Epoch: [53][60/357]  Loss:0.139 (Avg 0.1340) IoU:0.735 (Avg 0.7426) Dice:0.8401 (Avg 0.8381) LR 7.92e-05   (AvgTime 0.6)   
   [Train] Epoch: [53][80/357]  Loss:0.107 (Avg 0.1346) IoU:0.797 (Avg 0.7405) Dice:0.8799 (Avg 0.8370) LR 7.92e-05   (AvgTime 0.6)   
   [Train] Epoch: [53][100/357]  Loss:0.143 (Avg 0.1343) IoU:0.754 (Avg 0.7416) Dice:0.8484 (Avg 0.8381) LR 7.92e-05   (AvgTime 0.6)   
   [Train] Epoch: [53][120/357]  Loss:0.102 (Avg 0.1346) IoU:0.785 (Avg 0.7412) Dice:0.8737 (Avg 0.8379) LR 7.92e-05   (AvgTime 0.6)   
   [Train] Epoch: [53][140/357]  Loss:0.164 (Avg 0.1339) IoU:0.660 (Avg 0.7422) Dice:0.7770 (Avg 0.8386) LR 7.92e-05   (AvgTime 0.6)   
   [Train] Epoch: [53][160/357]  Loss:0.091 (Avg 0.1334) IoU:0.824 (Avg 0.7433) Dice:0.8984 (Avg 0.8393) LR 7.92e-05   (AvgTime 0.6)   
   [Train] Epoch: [53][180/357]  Loss:0.123 (Avg 0.1331) IoU:0.754 (Avg 0.7436) Dice:0.8504 (Avg 0.8396) LR 7.92e-05   (AvgTime 0.6)   
   [Train] Epoch: [53][200/357]  Loss:0.098 (Avg 0.1332) IoU:0.808 (Avg 0.7440) Dice:0.8872 (Avg 0.8398) LR 7.92e-05   (AvgTime 0.6)   
   [Train] Epoch: [53][220/357]  Loss:0.105 (Avg 0.1329) IoU:0.782 (Avg 0.7445) Dice:0.8699 (Avg 0.8399) LR 7.92e-05   (AvgTime 0.6)   
   [Train] Epoch: [53][240/357]  Loss:0.116 (Avg 0.1334) IoU:0.772 (Avg 0.7435) Dice:0.8646 (Avg 0.8391) LR 7.92e-05   (AvgTime 0.6)   
   [Train] Epoch: [53][260/357]  Loss:0.151 (Avg 0.1335) IoU:0.705 (Avg 0.7435) Dice:0.8142 (Avg 0.8390) LR 7.92e-05   (AvgTime 0.6)   
   [Train] Epoch: [53][280/357]  Loss:0.121 (Avg 0.1335) IoU:0.751 (Avg 0.7433) Dice:0.8522 (Avg 0.8389) LR 7.92e-05   (AvgTime 0.6)   
   [Train] Epoch: [53][300/357]  Loss:0.171 (Avg 0.1340) IoU:0.655 (Avg 0.7423) Dice:0.7671 (Avg 0.8380) LR 7.92e-05   (AvgTime 0.6)   
   [Train] Epoch: [53][320/357]  Loss:0.124 (Avg 0.1342) IoU:0.761 (Avg 0.7422) Dice:0.8544 (Avg 0.8379) LR 7.92e-05   (AvgTime 0.6)   
   [Train] Epoch: [53][340/357]  Loss:0.120 (Avg 0.1342) IoU:0.768 (Avg 0.7424) Dice:0.8430 (Avg 0.8379) LR 7.92e-05   (AvgTime 0.6)   
   [Train] Epoch: [53][357/357]  Loss:0.116 (Avg 0.1337) IoU:0.774 (Avg 0.7431) Dice:0.8639 (Avg 0.8385) LR 7.92e-05   (AvgTime 0.6)   
   [Train] Loss components: main_dice=0.134194, main_focal=0.045867, main=0.090030, region_raw=0.340702, region_weighted=0.043716, empty_window_fraction=0.000000, total=0.133746
Validation
   [Val] Epoch: [53][20/90]  Loss:0.186 (Avg 0.1531) IoU:0.680 (Avg 0.7307) Dice:0.7950 (Avg 0.8311) (AvgTime 0.3)   
   [Val] Epoch: [53][40/90]  Loss:0.134 (Avg 0.1604) IoU:0.740 (Avg 0.7139) Dice:0.8384 (Avg 0.8151) (AvgTime 0.2)   
   [Val] Epoch: [53][60/90]  Loss:0.196 (Avg 0.1505) IoU:0.664 (Avg 0.7251) Dice:0.7670 (Avg 0.8224) (AvgTime 0.2)   
   [Val] Epoch: [53][80/90]  Loss:0.138 (Avg 0.1485) IoU:0.724 (Avg 0.7251) Dice:0.8254 (Avg 0.8225) (AvgTime 0.2)   
   [Val] Epoch: [53][90/90]  Loss:0.197 (Avg 0.1486) IoU:0.617 (Avg 0.7252) Dice:0.7475 (Avg 0.8225) (AvgTime 0.2)   
   [Val] Loss components: main_dice=0.148457, main_focal=0.059605, main=0.104031, region_raw=0.347225, region_weighted=0.044553, empty_window_fraction=0.000000, total=0.148584
	 Saving best model by iou: 0.725164
	 Saving to Covid19/BetterLViT/rs1_global_iou/RS1_Test_session_09.11_04h18/models//best_model-BetterLViT.pth.tar
	 early_stopping_count: 0/80
--- Epoch History (1..53) ---
Epoch |  TrainLoss |  TrainDice |  TrainIoU |    ValLoss |    ValDice |    ValIoU |         LR | Best
    1 |     0.3274 |     0.6089 |    0.4797 |     0.3091 |     0.6203 |    0.4911 |   3.00e-04 |     
    2 |     0.2493 |     0.7003 |    0.5773 |     0.2277 |     0.7202 |    0.6053 |   3.00e-04 |     
    3 |     0.2258 |     0.7259 |    0.6062 |     0.2068 |     0.7560 |    0.6429 |   3.00e-04 |     
    4 |     0.2153 |     0.7383 |    0.6212 |     0.2013 |     0.7654 |    0.6509 |   2.99e-04 |     
    5 |     0.2041 |     0.7514 |    0.6359 |     0.1929 |     0.7592 |    0.6456 |   2.98e-04 |     
    6 |     0.2002 |     0.7575 |    0.6433 |     0.1994 |     0.7556 |    0.6374 |   2.97e-04 |     
    7 |     0.1959 |     0.7613 |    0.6476 |     0.1953 |     0.7677 |    0.6559 |   2.96e-04 |     
    8 |     0.1917 |     0.7652 |    0.6526 |     0.1819 |     0.7753 |    0.6638 |   2.94e-04 |     
    9 |     0.1890 |     0.7689 |    0.6569 |     0.1877 |     0.7648 |    0.6526 |   2.92e-04 |     
   10 |     0.1909 |     0.7674 |    0.6547 |     0.1967 |     0.7614 |    0.6474 |   2.91e-04 |     
   11 |     0.1850 |     0.7752 |    0.6643 |     0.1777 |     0.7851 |    0.6761 |   2.88e-04 |     
   12 |     0.1847 |     0.7750 |    0.6644 |     0.1820 |     0.7863 |    0.6777 |   2.86e-04 |     
   13 |     0.1819 |     0.7786 |    0.6681 |     0.1785 |     0.7822 |    0.6720 |   2.83e-04 |     
   14 |     0.1792 |     0.7815 |    0.6721 |     0.1710 |     0.7906 |    0.6822 |   2.80e-04 |     
   15 |     0.1799 |     0.7798 |    0.6700 |     0.1677 |     0.7939 |    0.6878 |   2.77e-04 |     
   16 |     0.1784 |     0.7828 |    0.6735 |     0.1778 |     0.7969 |    0.6907 |   2.74e-04 |     
   17 |     0.1800 |     0.7809 |    0.6717 |     0.1871 |     0.7775 |    0.6682 |   2.71e-04 |     
   18 |     0.1765 |     0.7859 |    0.6774 |     0.1763 |     0.7844 |    0.6744 |   2.67e-04 |     
   19 |     0.1725 |     0.7898 |    0.6825 |     0.1650 |     0.7980 |    0.6943 |   2.63e-04 |     
   20 |     0.1717 |     0.7911 |    0.6844 |     0.1718 |     0.7842 |    0.6753 |   2.59e-04 |     
   21 |     0.1702 |     0.7920 |    0.6849 |     0.1709 |     0.7905 |    0.6816 |   2.55e-04 |     
   22 |     0.1715 |     0.7907 |    0.6835 |     0.1778 |     0.7882 |    0.6809 |   2.51e-04 |     
   23 |     0.1702 |     0.7927 |    0.6865 |     0.1680 |     0.7894 |    0.6837 |   2.46e-04 |     
   24 |     0.1674 |     0.7964 |    0.6902 |     0.1675 |     0.8056 |    0.7029 |   2.42e-04 |     
   25 |     0.1664 |     0.7976 |    0.6919 |     0.1719 |     0.7939 |    0.6891 |   2.37e-04 |     
   26 |     0.1663 |     0.7975 |    0.6916 |     0.1635 |     0.7985 |    0.6924 |   2.32e-04 |     
   27 |     0.1632 |     0.8013 |    0.6966 |     0.1589 |     0.8088 |    0.7069 |   2.27e-04 |     
   28 |     0.1623 |     0.8031 |    0.6989 |     0.1645 |     0.8009 |    0.6963 |   2.22e-04 |     
   29 |     0.1611 |     0.8041 |    0.7006 |     0.1656 |     0.8001 |    0.6931 |   2.17e-04 |     
   30 |     0.1618 |     0.8040 |    0.6998 |     0.1588 |     0.8091 |    0.7079 |   2.11e-04 |     
   31 |     0.1594 |     0.8063 |    0.7029 |     0.1735 |     0.8039 |    0.6998 |   2.06e-04 |     
   32 |     0.1576 |     0.8091 |    0.7058 |     0.1622 |     0.8091 |    0.7070 |   2.00e-04 |     
   33 |     0.1577 |     0.8087 |    0.7056 |     0.1609 |     0.8024 |    0.6973 |   1.94e-04 |     
   34 |     0.1562 |     0.8101 |    0.7068 |     0.1622 |     0.8074 |    0.7042 |   1.89e-04 |     
   35 |     0.1543 |     0.8127 |    0.7105 |     0.1590 |     0.8114 |    0.7084 |   1.83e-04 |     
   36 |     0.1530 |     0.8139 |    0.7122 |     0.1560 |     0.8113 |    0.7104 |   1.77e-04 |     
   37 |     0.1544 |     0.8121 |    0.7103 |     0.1576 |     0.8048 |    0.7006 |   1.71e-04 |     
   38 |     0.1519 |     0.8155 |    0.7140 |     0.1594 |     0.8036 |    0.7011 |   1.65e-04 |     
   39 |     0.1511 |     0.8165 |    0.7156 |     0.1547 |     0.8127 |    0.7130 |   1.59e-04 |     
   40 |     0.1492 |     0.8187 |    0.7181 |     0.1550 |     0.8122 |    0.7119 |   1.53e-04 |     
   41 |     0.1486 |     0.8205 |    0.7201 |     0.1542 |     0.8149 |    0.7152 |   1.48e-04 |     
   42 |     0.1468 |     0.8219 |    0.7222 |     0.1529 |     0.8168 |    0.7168 |   1.42e-04 |     
   43 |     0.1460 |     0.8226 |    0.7231 |     0.1575 |     0.8148 |    0.7142 |   1.36e-04 |     
   44 |     0.1454 |     0.8243 |    0.7250 |     0.1487 |     0.8215 |    0.7231 |   1.30e-04 |     
   45 |     0.1453 |     0.8241 |    0.7249 |     0.1575 |     0.8131 |    0.7132 |   1.24e-04 |     
   46 |     0.1421 |     0.8281 |    0.7296 |     0.1538 |     0.8164 |    0.7176 |   1.18e-04 |     
   47 |     0.1414 |     0.8288 |    0.7311 |     0.1522 |     0.8132 |    0.7120 |   1.12e-04 |     
   48 |     0.1422 |     0.8276 |    0.7296 |     0.1520 |     0.8204 |    0.7208 |   1.07e-04 |     
   49 |     0.1402 |     0.8301 |    0.7329 |     0.1537 |     0.8191 |    0.7205 |   1.01e-04 |     
   50 |     0.1385 |     0.8330 |    0.7361 |     0.1526 |     0.8181 |    0.7188 |   9.54e-05 |     
   51 |     0.1375 |     0.8339 |    0.7374 |     0.1565 |     0.8201 |    0.7222 |   8.99e-05 |     
   52 |     0.1359 |     0.8353 |    0.7390 |     0.1593 |     0.8098 |    0.7102 |   8.45e-05 |     
   53 |     0.1337 |     0.8385 |    0.7431 |     0.1486 |     0.8225 |    0.7252 |   7.92e-05 |    *
--- R2 plus final-map regional overlap: global validation statistics ---
up4: ca=0.8857+/-0.1083, sa=1.0095+/-0.0068, amp=0.0000, suppress=0.0000, guide_abs=0.1426
up4 residuals: local_mean=6.868e-02, global_mean=0.0143, local_strength=0.1156, global_strength=0.1144, gain=[0.9908,1.0492], saturation=0.1020, text_film=0.0237
up4 haar: reconstruction_error=6.557e-07, skip_low/high=0.8095/0.1905, plam_low/high=1.0000/0.0000
up4 strengths: plam=0.9170, region=0.1156, detail=0.1144; residual_std region/detail/refine=0.3116/0.4125/0.3352
up4 guide_mix: entropy=0.9798, raw_low=0.3158, plam_low=0.2555, decoder_low=0.2701, detail=0.1587; agreement plam/decoder=0.4360/0.5837, support=0.8044+/-0.0918
up4 adaptive_frequency: ALPF strength=0.2521, weights=0.1483/0.7154/0.1363, sum=1.0000, entropy=0.7223, delta_std=0.0805; AHPF strength=0.0743, weights=0.3092/0.5263/0.1645, sum=1.0000, entropy=0.9038, residual_std=0.1014, scaled_std=0.0075
up3: ca=0.9991+/-0.1604, sa=1.0110+/-0.0056, amp=0.0000, suppress=0.0000, guide_abs=0.3338
up3 residuals: local_mean=3.530e-02, global_mean=0.0577, local_strength=0.1143, global_strength=0.1207, gain=[0.9887,1.0499], saturation=0.0000, text_film=0.0300
up3 haar: reconstruction_error=9.537e-07, skip_low/high=0.7817/0.2183, plam_low/high=1.0000/0.0000
up3 strengths: plam=0.9131, region=0.1143, detail=0.1207; residual_std region/detail/refine=0.3156/0.6207/0.5502
up3 guide_mix: entropy=0.9810, raw_low=0.3299, plam_low=0.2372, decoder_low=0.2620, detail=0.1708; agreement plam/decoder=0.5623/0.1587, support=0.7528+/-0.0628
up3 adaptive_frequency: ALPF strength=0.3023, weights=0.0892/0.2941/0.6167, sum=1.0000, entropy=0.6679, delta_std=0.0731; AHPF strength=0.1098, weights=0.6613/0.1924/0.1463, sum=1.0000, entropy=0.6963, residual_std=0.0802, scaled_std=0.0088
up2: ca=0.9055+/-0.0986, sa=1.0054+/-0.0027, amp=0.0000, suppress=0.0000, guide_abs=0.1899
up2 residuals: local_mean=1.555e-03, global_mean=0.0452, local_strength=0.1194, global_strength=0.1159, gain=[0.9759,1.0391], saturation=0.0000, text_film=0.0317
up2 haar: reconstruction_error=9.537e-07, skip_low/high=0.7762/0.2238, plam_low/high=1.0000/0.0000
up2 strengths: plam=0.8504, region=0.1194, detail=0.1159; residual_std region/detail/refine=0.2157/0.2738/0.1526
up2 guide_mix: entropy=0.9561, raw_low=0.3089, plam_low=0.1762, decoder_low=0.3600, detail=0.1550; agreement plam/decoder=0.7504/0.0950, support=0.5666+/-0.0350
up1: ca=0.8311+/-0.1238, sa=1.0036+/-0.0133, amp=0.0000, suppress=0.0000, guide_abs=0.2199
up1 residuals: local_mean=-6.372e-03, global_mean=0.0450, local_strength=0.1263, global_strength=0.1003, gain=[0.9030,1.0973], saturation=0.0657, text_film=0.0490
up1 haar: reconstruction_error=2.265e-06, skip_low/high=0.7302/0.2698, plam_low/high=1.0000/0.0000
up1 strengths: plam=0.9242, region=0.1263, detail=0.1003; residual_std region/detail/refine=0.6118/0.3965/0.1839
up1 guide_mix: entropy=0.9513, raw_low=0.2803, plam_low=0.2607, decoder_low=0.3475, detail=0.1114; agreement plam/decoder=0.4111/-0.0004, support=0.7350+/-0.1082

========= Epoch [54/80] =========
RS1_Test_session_09.11_04h18
Training with batch size : 16
   [Train] Epoch: [54][20/357]  Loss:0.130 (Avg 0.1350) IoU:0.748 (Avg 0.7440) Dice:0.8401 (Avg 0.8402) LR 7.40e-05   (AvgTime 0.6)   
   [Train] Epoch: [54][40/357]  Loss:0.084 (Avg 0.1305) IoU:0.834 (Avg 0.7503) Dice:0.9068 (Avg 0.8443) LR 7.40e-05   (AvgTime 0.6)   
   [Train] Epoch: [54][60/357]  Loss:0.135 (Avg 0.1348) IoU:0.735 (Avg 0.7421) Dice:0.8362 (Avg 0.8382) LR 7.40e-05   (AvgTime 0.6)   
   [Train] Epoch: [54][80/357]  Loss:0.104 (Avg 0.1334) IoU:0.790 (Avg 0.7441) Dice:0.8790 (Avg 0.8402) LR 7.40e-05   (AvgTime 0.6)   
   [Train] Epoch: [54][100/357]  Loss:0.136 (Avg 0.1337) IoU:0.730 (Avg 0.7435) Dice:0.8256 (Avg 0.8392) LR 7.40e-05   (AvgTime 0.6)   
   [Train] Epoch: [54][120/357]  Loss:0.119 (Avg 0.1326) IoU:0.764 (Avg 0.7450) Dice:0.8562 (Avg 0.8402) LR 7.40e-05   (AvgTime 0.6)   
   [Train] Epoch: [54][140/357]  Loss:0.142 (Avg 0.1322) IoU:0.713 (Avg 0.7454) Dice:0.8177 (Avg 0.8406) LR 7.40e-05   (AvgTime 0.6)   
   [Train] Epoch: [54][160/357]  Loss:0.115 (Avg 0.1314) IoU:0.773 (Avg 0.7473) Dice:0.8623 (Avg 0.8421) LR 7.40e-05   (AvgTime 0.6)   
   [Train] Epoch: [54][180/357]  Loss:0.111 (Avg 0.1314) IoU:0.786 (Avg 0.7473) Dice:0.8688 (Avg 0.8416) LR 7.40e-05   (AvgTime 0.6)   
   [Train] Epoch: [54][200/357]  Loss:0.111 (Avg 0.1321) IoU:0.781 (Avg 0.7458) Dice:0.8693 (Avg 0.8407) LR 7.40e-05   (AvgTime 0.6)   
   [Train] Epoch: [54][220/357]  Loss:0.092 (Avg 0.1310) IoU:0.815 (Avg 0.7477) Dice:0.8903 (Avg 0.8421) LR 7.40e-05   (AvgTime 0.6)   
   [Train] Epoch: [54][240/357]  Loss:0.140 (Avg 0.1320) IoU:0.752 (Avg 0.7462) Dice:0.8418 (Avg 0.8410) LR 7.40e-05   (AvgTime 0.6)   
   [Train] Epoch: [54][260/357]  Loss:0.164 (Avg 0.1324) IoU:0.681 (Avg 0.7454) Dice:0.7979 (Avg 0.8403) LR 7.40e-05   (AvgTime 0.6)   
   [Train] Epoch: [54][280/357]  Loss:0.147 (Avg 0.1330) IoU:0.740 (Avg 0.7444) Dice:0.8262 (Avg 0.8396) LR 7.40e-05   (AvgTime 0.6)   
   [Train] Epoch: [54][300/357]  Loss:0.108 (Avg 0.1334) IoU:0.781 (Avg 0.7437) Dice:0.8693 (Avg 0.8390) LR 7.40e-05   (AvgTime 0.6)   
   [Train] Epoch: [54][320/357]  Loss:0.090 (Avg 0.1338) IoU:0.823 (Avg 0.7428) Dice:0.8968 (Avg 0.8384) LR 7.40e-05   (AvgTime 0.6)   
   [Train] Epoch: [54][340/357]  Loss:0.173 (Avg 0.1338) IoU:0.683 (Avg 0.7430) Dice:0.7979 (Avg 0.8384) LR 7.40e-05   (AvgTime 0.6)   
   [Train] Epoch: [54][357/357]  Loss:0.113 (Avg 0.1336) IoU:0.783 (Avg 0.7433) Dice:0.8660 (Avg 0.8387) LR 7.40e-05   (AvgTime 0.6)   
   [Train] Loss components: main_dice=0.134101, main_focal=0.045785, main=0.089943, region_raw=0.340110, region_weighted=0.043640, empty_window_fraction=0.000000, total=0.133583
Validation
   [Val] Epoch: [54][20/90]  Loss:0.173 (Avg 0.1546) IoU:0.685 (Avg 0.7272) Dice:0.7988 (Avg 0.8281) (AvgTime 0.3)   
   [Val] Epoch: [54][40/90]  Loss:0.129 (Avg 0.1596) IoU:0.741 (Avg 0.7121) Dice:0.8391 (Avg 0.8134) (AvgTime 0.2)   
   [Val] Epoch: [54][60/90]  Loss:0.187 (Avg 0.1505) IoU:0.670 (Avg 0.7224) Dice:0.7720 (Avg 0.8200) (AvgTime 0.2)   
   [Val] Epoch: [54][80/90]  Loss:0.146 (Avg 0.1499) IoU:0.706 (Avg 0.7204) Dice:0.8092 (Avg 0.8186) (AvgTime 0.2)   
   [Val] Epoch: [54][90/90]  Loss:0.183 (Avg 0.1496) IoU:0.630 (Avg 0.7209) Dice:0.7575 (Avg 0.8192) (AvgTime 0.2)   
   [Val] Loss components: main_dice=0.151874, main_focal=0.056999, main=0.104436, region_raw=0.352058, region_weighted=0.045173, empty_window_fraction=0.000000, total=0.149610
	 No iou improvement; selected epoch 53
	 early_stopping_count: 1/80
--- Epoch History (1..54) ---
Epoch |  TrainLoss |  TrainDice |  TrainIoU |    ValLoss |    ValDice |    ValIoU |         LR | Best
    1 |     0.3274 |     0.6089 |    0.4797 |     0.3091 |     0.6203 |    0.4911 |   3.00e-04 |     
    2 |     0.2493 |     0.7003 |    0.5773 |     0.2277 |     0.7202 |    0.6053 |   3.00e-04 |     
    3 |     0.2258 |     0.7259 |    0.6062 |     0.2068 |     0.7560 |    0.6429 |   3.00e-04 |     
    4 |     0.2153 |     0.7383 |    0.6212 |     0.2013 |     0.7654 |    0.6509 |   2.99e-04 |     
    5 |     0.2041 |     0.7514 |    0.6359 |     0.1929 |     0.7592 |    0.6456 |   2.98e-04 |     
    6 |     0.2002 |     0.7575 |    0.6433 |     0.1994 |     0.7556 |    0.6374 |   2.97e-04 |     
    7 |     0.1959 |     0.7613 |    0.6476 |     0.1953 |     0.7677 |    0.6559 |   2.96e-04 |     
    8 |     0.1917 |     0.7652 |    0.6526 |     0.1819 |     0.7753 |    0.6638 |   2.94e-04 |     
    9 |     0.1890 |     0.7689 |    0.6569 |     0.1877 |     0.7648 |    0.6526 |   2.92e-04 |     
   10 |     0.1909 |     0.7674 |    0.6547 |     0.1967 |     0.7614 |    0.6474 |   2.91e-04 |     
   11 |     0.1850 |     0.7752 |    0.6643 |     0.1777 |     0.7851 |    0.6761 |   2.88e-04 |     
   12 |     0.1847 |     0.7750 |    0.6644 |     0.1820 |     0.7863 |    0.6777 |   2.86e-04 |     
   13 |     0.1819 |     0.7786 |    0.6681 |     0.1785 |     0.7822 |    0.6720 |   2.83e-04 |     
   14 |     0.1792 |     0.7815 |    0.6721 |     0.1710 |     0.7906 |    0.6822 |   2.80e-04 |     
   15 |     0.1799 |     0.7798 |    0.6700 |     0.1677 |     0.7939 |    0.6878 |   2.77e-04 |     
   16 |     0.1784 |     0.7828 |    0.6735 |     0.1778 |     0.7969 |    0.6907 |   2.74e-04 |     
   17 |     0.1800 |     0.7809 |    0.6717 |     0.1871 |     0.7775 |    0.6682 |   2.71e-04 |     
   18 |     0.1765 |     0.7859 |    0.6774 |     0.1763 |     0.7844 |    0.6744 |   2.67e-04 |     
   19 |     0.1725 |     0.7898 |    0.6825 |     0.1650 |     0.7980 |    0.6943 |   2.63e-04 |     
   20 |     0.1717 |     0.7911 |    0.6844 |     0.1718 |     0.7842 |    0.6753 |   2.59e-04 |     
   21 |     0.1702 |     0.7920 |    0.6849 |     0.1709 |     0.7905 |    0.6816 |   2.55e-04 |     
   22 |     0.1715 |     0.7907 |    0.6835 |     0.1778 |     0.7882 |    0.6809 |   2.51e-04 |     
   23 |     0.1702 |     0.7927 |    0.6865 |     0.1680 |     0.7894 |    0.6837 |   2.46e-04 |     
   24 |     0.1674 |     0.7964 |    0.6902 |     0.1675 |     0.8056 |    0.7029 |   2.42e-04 |     
   25 |     0.1664 |     0.7976 |    0.6919 |     0.1719 |     0.7939 |    0.6891 |   2.37e-04 |     
   26 |     0.1663 |     0.7975 |    0.6916 |     0.1635 |     0.7985 |    0.6924 |   2.32e-04 |     
   27 |     0.1632 |     0.8013 |    0.6966 |     0.1589 |     0.8088 |    0.7069 |   2.27e-04 |     
   28 |     0.1623 |     0.8031 |    0.6989 |     0.1645 |     0.8009 |    0.6963 |   2.22e-04 |     
   29 |     0.1611 |     0.8041 |    0.7006 |     0.1656 |     0.8001 |    0.6931 |   2.17e-04 |     
   30 |     0.1618 |     0.8040 |    0.6998 |     0.1588 |     0.8091 |    0.7079 |   2.11e-04 |     
   31 |     0.1594 |     0.8063 |    0.7029 |     0.1735 |     0.8039 |    0.6998 |   2.06e-04 |     
   32 |     0.1576 |     0.8091 |    0.7058 |     0.1622 |     0.8091 |    0.7070 |   2.00e-04 |     
   33 |     0.1577 |     0.8087 |    0.7056 |     0.1609 |     0.8024 |    0.6973 |   1.94e-04 |     
   34 |     0.1562 |     0.8101 |    0.7068 |     0.1622 |     0.8074 |    0.7042 |   1.89e-04 |     
   35 |     0.1543 |     0.8127 |    0.7105 |     0.1590 |     0.8114 |    0.7084 |   1.83e-04 |     
   36 |     0.1530 |     0.8139 |    0.7122 |     0.1560 |     0.8113 |    0.7104 |   1.77e-04 |     
   37 |     0.1544 |     0.8121 |    0.7103 |     0.1576 |     0.8048 |    0.7006 |   1.71e-04 |     
   38 |     0.1519 |     0.8155 |    0.7140 |     0.1594 |     0.8036 |    0.7011 |   1.65e-04 |     
   39 |     0.1511 |     0.8165 |    0.7156 |     0.1547 |     0.8127 |    0.7130 |   1.59e-04 |     
   40 |     0.1492 |     0.8187 |    0.7181 |     0.1550 |     0.8122 |    0.7119 |   1.53e-04 |     
   41 |     0.1486 |     0.8205 |    0.7201 |     0.1542 |     0.8149 |    0.7152 |   1.48e-04 |     
   42 |     0.1468 |     0.8219 |    0.7222 |     0.1529 |     0.8168 |    0.7168 |   1.42e-04 |     
   43 |     0.1460 |     0.8226 |    0.7231 |     0.1575 |     0.8148 |    0.7142 |   1.36e-04 |     
   44 |     0.1454 |     0.8243 |    0.7250 |     0.1487 |     0.8215 |    0.7231 |   1.30e-04 |     
   45 |     0.1453 |     0.8241 |    0.7249 |     0.1575 |     0.8131 |    0.7132 |   1.24e-04 |     
   46 |     0.1421 |     0.8281 |    0.7296 |     0.1538 |     0.8164 |    0.7176 |   1.18e-04 |     
   47 |     0.1414 |     0.8288 |    0.7311 |     0.1522 |     0.8132 |    0.7120 |   1.12e-04 |     
   48 |     0.1422 |     0.8276 |    0.7296 |     0.1520 |     0.8204 |    0.7208 |   1.07e-04 |     
   49 |     0.1402 |     0.8301 |    0.7329 |     0.1537 |     0.8191 |    0.7205 |   1.01e-04 |     
   50 |     0.1385 |     0.8330 |    0.7361 |     0.1526 |     0.8181 |    0.7188 |   9.54e-05 |     
   51 |     0.1375 |     0.8339 |    0.7374 |     0.1565 |     0.8201 |    0.7222 |   8.99e-05 |     
   52 |     0.1359 |     0.8353 |    0.7390 |     0.1593 |     0.8098 |    0.7102 |   8.45e-05 |     
   53 |     0.1337 |     0.8385 |    0.7431 |     0.1486 |     0.8225 |    0.7252 |   7.92e-05 |    *
   54 |     0.1336 |     0.8387 |    0.7433 |     0.1496 |     0.8192 |    0.7209 |   7.40e-05 |     
--- R2 plus final-map regional overlap: global validation statistics ---
up4: ca=0.8848+/-0.1073, sa=1.0095+/-0.0068, amp=0.0000, suppress=0.0000, guide_abs=0.1616
up4 residuals: local_mean=7.013e-02, global_mean=0.0128, local_strength=0.1156, global_strength=0.1146, gain=[0.9898,1.0510], saturation=0.1163, text_film=0.0234
up4 haar: reconstruction_error=9.537e-07, skip_low/high=0.8124/0.1876, plam_low/high=1.0000/0.0000
up4 strengths: plam=0.9169, region=0.1156, detail=0.1146; residual_std region/detail/refine=0.3279/0.4036/0.3312
up4 guide_mix: entropy=0.9787, raw_low=0.3145, plam_low=0.2544, decoder_low=0.2754, detail=0.1557; agreement plam/decoder=0.4150/0.6116, support=0.8114+/-0.0917
up4 adaptive_frequency: ALPF strength=0.2522, weights=0.1496/0.7147/0.1356, sum=1.0000, entropy=0.7233, delta_std=0.0790; AHPF strength=0.0743, weights=0.3127/0.5234/0.1639, sum=1.0000, entropy=0.9048, residual_std=0.0965, scaled_std=0.0072
up3: ca=0.9940+/-0.1609, sa=1.0110+/-0.0057, amp=0.0000, suppress=0.0000, guide_abs=0.3264
up3 residuals: local_mean=3.452e-02, global_mean=0.0586, local_strength=0.1143, global_strength=0.1208, gain=[0.9872,1.0509], saturation=0.0000, text_film=0.0296
up3 haar: reconstruction_error=9.537e-07, skip_low/high=0.7805/0.2195, plam_low/high=1.0000/0.0000
up3 strengths: plam=0.9129, region=0.1143, detail=0.1208; residual_std region/detail/refine=0.3125/0.6120/0.5406
up3 guide_mix: entropy=0.9806, raw_low=0.3296, plam_low=0.2363, decoder_low=0.2646, detail=0.1695; agreement plam/decoder=0.5877/0.1798, support=0.7503+/-0.0641
up3 adaptive_frequency: ALPF strength=0.3028, weights=0.1017/0.3528/0.5455, sum=1.0000, entropy=0.6981, delta_std=0.0708; AHPF strength=0.1100, weights=0.5960/0.2147/0.1893, sum=1.0000, entropy=0.7569, residual_std=0.0932, scaled_std=0.0103
up2: ca=0.9077+/-0.0978, sa=1.0054+/-0.0029, amp=0.0000, suppress=0.0000, guide_abs=0.1985
up2 residuals: local_mean=1.457e-03, global_mean=0.0448, local_strength=0.1195, global_strength=0.1160, gain=[0.9733,1.0419], saturation=0.0000, text_film=0.0305
up2 haar: reconstruction_error=9.537e-07, skip_low/high=0.7652/0.2348, plam_low/high=1.0000/0.0000
up2 strengths: plam=0.8502, region=0.1195, detail=0.1160; residual_std region/detail/refine=0.2247/0.2803/0.1537
up2 guide_mix: entropy=0.9555, raw_low=0.3055, plam_low=0.1723, decoder_low=0.3642, detail=0.1580; agreement plam/decoder=0.6326/0.0808, support=0.5736+/-0.0446
up1: ca=0.8332+/-0.1224, sa=1.0036+/-0.0131, amp=0.0000, suppress=0.0000, guide_abs=0.2251
up1 residuals: local_mean=-6.923e-03, global_mean=0.0453, local_strength=0.1264, global_strength=0.1003, gain=[0.9030,1.0973], saturation=0.0650, text_film=0.0491
up1 haar: reconstruction_error=2.742e-06, skip_low/high=0.7365/0.2635, plam_low/high=1.0000/0.0000
up1 strengths: plam=0.9240, region=0.1264, detail=0.1003; residual_std region/detail/refine=0.6157/0.3918/0.1844
up1 guide_mix: entropy=0.9507, raw_low=0.2907, plam_low=0.2477, decoder_low=0.3492, detail=0.1124; agreement plam/decoder=0.5239/-0.0192, support=0.7382+/-0.1074

========= Epoch [55/80] =========
RS1_Test_session_09.11_04h18
Training with batch size : 16
   [Train] Epoch: [55][20/357]  Loss:0.131 (Avg 0.1360) IoU:0.733 (Avg 0.7421) Dice:0.8263 (Avg 0.8392) LR 6.90e-05   (AvgTime 0.6)   
   [Train] Epoch: [55][40/357]  Loss:0.133 (Avg 0.1325) IoU:0.728 (Avg 0.7482) Dice:0.8322 (Avg 0.8431) LR 6.90e-05   (AvgTime 0.6)   
   [Train] Epoch: [55][60/357]  Loss:0.137 (Avg 0.1348) IoU:0.737 (Avg 0.7429) Dice:0.8251 (Avg 0.8385) LR 6.90e-05   (AvgTime 0.6)   
   [Train] Epoch: [55][80/357]  Loss:0.140 (Avg 0.1341) IoU:0.726 (Avg 0.7433) Dice:0.8150 (Avg 0.8392) LR 6.90e-05   (AvgTime 0.6)   
   [Train] Epoch: [55][100/357]  Loss:0.122 (Avg 0.1317) IoU:0.749 (Avg 0.7469) Dice:0.8504 (Avg 0.8417) LR 6.90e-05   (AvgTime 0.6)   
   [Train] Epoch: [55][120/357]  Loss:0.111 (Avg 0.1318) IoU:0.795 (Avg 0.7467) Dice:0.8751 (Avg 0.8416) LR 6.90e-05   (AvgTime 0.6)   
   [Train] Epoch: [55][140/357]  Loss:0.175 (Avg 0.1322) IoU:0.661 (Avg 0.7464) Dice:0.7706 (Avg 0.8413) LR 6.90e-05   (AvgTime 0.6)   
   [Train] Epoch: [55][160/357]  Loss:0.134 (Avg 0.1332) IoU:0.735 (Avg 0.7452) Dice:0.8372 (Avg 0.8401) LR 6.90e-05   (AvgTime 0.6)   
   [Train] Epoch: [55][180/357]  Loss:0.174 (Avg 0.1335) IoU:0.672 (Avg 0.7444) Dice:0.7757 (Avg 0.8396) LR 6.90e-05   (AvgTime 0.6)   
   [Train] Epoch: [55][200/357]  Loss:0.115 (Avg 0.1333) IoU:0.768 (Avg 0.7445) Dice:0.8526 (Avg 0.8394) LR 6.90e-05   (AvgTime 0.6)   
   [Train] Epoch: [55][220/357]  Loss:0.121 (Avg 0.1322) IoU:0.785 (Avg 0.7466) Dice:0.8752 (Avg 0.8409) LR 6.90e-05   (AvgTime 0.6)   
   [Train] Epoch: [55][240/357]  Loss:0.119 (Avg 0.1316) IoU:0.760 (Avg 0.7472) Dice:0.8570 (Avg 0.8417) LR 6.90e-05   (AvgTime 0.6)   
   [Train] Epoch: [55][260/357]  Loss:0.096 (Avg 0.1318) IoU:0.827 (Avg 0.7467) Dice:0.9032 (Avg 0.8413) LR 6.90e-05   (AvgTime 0.6)   
   [Train] Epoch: [55][280/357]  Loss:0.111 (Avg 0.1321) IoU:0.772 (Avg 0.7459) Dice:0.8640 (Avg 0.8407) LR 6.90e-05   (AvgTime 0.6)   
   [Train] Epoch: [55][300/357]  Loss:0.113 (Avg 0.1321) IoU:0.767 (Avg 0.7461) Dice:0.8516 (Avg 0.8407) LR 6.90e-05   (AvgTime 0.6)   
   [Train] Epoch: [55][320/357]  Loss:0.143 (Avg 0.1320) IoU:0.749 (Avg 0.7461) Dice:0.8498 (Avg 0.8407) LR 6.90e-05   (AvgTime 0.6)   
   [Train] Epoch: [55][340/357]  Loss:0.193 (Avg 0.1325) IoU:0.652 (Avg 0.7453) Dice:0.7589 (Avg 0.8401) LR 6.90e-05   (AvgTime 0.6)   
   [Train] Epoch: [55][357/357]  Loss:0.117 (Avg 0.1325) IoU:0.753 (Avg 0.7450) Dice:0.8519 (Avg 0.8400) LR 6.90e-05   (AvgTime 0.6)   
   [Train] Loss components: main_dice=0.132758, main_focal=0.045603, main=0.089181, region_raw=0.337967, region_weighted=0.043365, empty_window_fraction=0.000000, total=0.132546
Validation
   [Val] Epoch: [55][20/90]  Loss:0.207 (Avg 0.1584) IoU:0.637 (Avg 0.7223) Dice:0.7624 (Avg 0.8239) (AvgTime 0.3)   
   [Val] Epoch: [55][40/90]  Loss:0.137 (Avg 0.1639) IoU:0.731 (Avg 0.7083) Dice:0.8332 (Avg 0.8105) (AvgTime 0.2)   
   [Val] Epoch: [55][60/90]  Loss:0.199 (Avg 0.1545) IoU:0.658 (Avg 0.7196) Dice:0.7606 (Avg 0.8183) (AvgTime 0.2)   
   [Val] Epoch: [55][80/90]  Loss:0.147 (Avg 0.1543) IoU:0.718 (Avg 0.7179) Dice:0.8157 (Avg 0.8170) (AvgTime 0.2)   
   [Val] Epoch: [55][90/90]  Loss:0.216 (Avg 0.1551) IoU:0.575 (Avg 0.7170) Dice:0.7114 (Avg 0.8162) (AvgTime 0.2)   
   [Val] Loss components: main_dice=0.152959, main_focal=0.064897, main=0.108928, region_raw=0.359476, region_weighted=0.046125, empty_window_fraction=0.000000, total=0.155053
	 No iou improvement; selected epoch 53
	 early_stopping_count: 2/80
--- Epoch History (1..55) ---
Epoch |  TrainLoss |  TrainDice |  TrainIoU |    ValLoss |    ValDice |    ValIoU |         LR | Best
    1 |     0.3274 |     0.6089 |    0.4797 |     0.3091 |     0.6203 |    0.4911 |   3.00e-04 |     
    2 |     0.2493 |     0.7003 |    0.5773 |     0.2277 |     0.7202 |    0.6053 |   3.00e-04 |     
    3 |     0.2258 |     0.7259 |    0.6062 |     0.2068 |     0.7560 |    0.6429 |   3.00e-04 |     
    4 |     0.2153 |     0.7383 |    0.6212 |     0.2013 |     0.7654 |    0.6509 |   2.99e-04 |     
    5 |     0.2041 |     0.7514 |    0.6359 |     0.1929 |     0.7592 |    0.6456 |   2.98e-04 |     
    6 |     0.2002 |     0.7575 |    0.6433 |     0.1994 |     0.7556 |    0.6374 |   2.97e-04 |     
    7 |     0.1959 |     0.7613 |    0.6476 |     0.1953 |     0.7677 |    0.6559 |   2.96e-04 |     
    8 |     0.1917 |     0.7652 |    0.6526 |     0.1819 |     0.7753 |    0.6638 |   2.94e-04 |     
    9 |     0.1890 |     0.7689 |    0.6569 |     0.1877 |     0.7648 |    0.6526 |   2.92e-04 |     
   10 |     0.1909 |     0.7674 |    0.6547 |     0.1967 |     0.7614 |    0.6474 |   2.91e-04 |     
   11 |     0.1850 |     0.7752 |    0.6643 |     0.1777 |     0.7851 |    0.6761 |   2.88e-04 |     
   12 |     0.1847 |     0.7750 |    0.6644 |     0.1820 |     0.7863 |    0.6777 |   2.86e-04 |     
   13 |     0.1819 |     0.7786 |    0.6681 |     0.1785 |     0.7822 |    0.6720 |   2.83e-04 |     
   14 |     0.1792 |     0.7815 |    0.6721 |     0.1710 |     0.7906 |    0.6822 |   2.80e-04 |     
   15 |     0.1799 |     0.7798 |    0.6700 |     0.1677 |     0.7939 |    0.6878 |   2.77e-04 |     
   16 |     0.1784 |     0.7828 |    0.6735 |     0.1778 |     0.7969 |    0.6907 |   2.74e-04 |     
   17 |     0.1800 |     0.7809 |    0.6717 |     0.1871 |     0.7775 |    0.6682 |   2.71e-04 |     
   18 |     0.1765 |     0.7859 |    0.6774 |     0.1763 |     0.7844 |    0.6744 |   2.67e-04 |     
   19 |     0.1725 |     0.7898 |    0.6825 |     0.1650 |     0.7980 |    0.6943 |   2.63e-04 |     
   20 |     0.1717 |     0.7911 |    0.6844 |     0.1718 |     0.7842 |    0.6753 |   2.59e-04 |     
   21 |     0.1702 |     0.7920 |    0.6849 |     0.1709 |     0.7905 |    0.6816 |   2.55e-04 |     
   22 |     0.1715 |     0.7907 |    0.6835 |     0.1778 |     0.7882 |    0.6809 |   2.51e-04 |     
   23 |     0.1702 |     0.7927 |    0.6865 |     0.1680 |     0.7894 |    0.6837 |   2.46e-04 |     
   24 |     0.1674 |     0.7964 |    0.6902 |     0.1675 |     0.8056 |    0.7029 |   2.42e-04 |     
   25 |     0.1664 |     0.7976 |    0.6919 |     0.1719 |     0.7939 |    0.6891 |   2.37e-04 |     
   26 |     0.1663 |     0.7975 |    0.6916 |     0.1635 |     0.7985 |    0.6924 |   2.32e-04 |     
   27 |     0.1632 |     0.8013 |    0.6966 |     0.1589 |     0.8088 |    0.7069 |   2.27e-04 |     
   28 |     0.1623 |     0.8031 |    0.6989 |     0.1645 |     0.8009 |    0.6963 |   2.22e-04 |     
   29 |     0.1611 |     0.8041 |    0.7006 |     0.1656 |     0.8001 |    0.6931 |   2.17e-04 |     
   30 |     0.1618 |     0.8040 |    0.6998 |     0.1588 |     0.8091 |    0.7079 |   2.11e-04 |     
   31 |     0.1594 |     0.8063 |    0.7029 |     0.1735 |     0.8039 |    0.6998 |   2.06e-04 |     
   32 |     0.1576 |     0.8091 |    0.7058 |     0.1622 |     0.8091 |    0.7070 |   2.00e-04 |     
   33 |     0.1577 |     0.8087 |    0.7056 |     0.1609 |     0.8024 |    0.6973 |   1.94e-04 |     
   34 |     0.1562 |     0.8101 |    0.7068 |     0.1622 |     0.8074 |    0.7042 |   1.89e-04 |     
   35 |     0.1543 |     0.8127 |    0.7105 |     0.1590 |     0.8114 |    0.7084 |   1.83e-04 |     
   36 |     0.1530 |     0.8139 |    0.7122 |     0.1560 |     0.8113 |    0.7104 |   1.77e-04 |     
   37 |     0.1544 |     0.8121 |    0.7103 |     0.1576 |     0.8048 |    0.7006 |   1.71e-04 |     
   38 |     0.1519 |     0.8155 |    0.7140 |     0.1594 |     0.8036 |    0.7011 |   1.65e-04 |     
   39 |     0.1511 |     0.8165 |    0.7156 |     0.1547 |     0.8127 |    0.7130 |   1.59e-04 |     
   40 |     0.1492 |     0.8187 |    0.7181 |     0.1550 |     0.8122 |    0.7119 |   1.53e-04 |     
   41 |     0.1486 |     0.8205 |    0.7201 |     0.1542 |     0.8149 |    0.7152 |   1.48e-04 |     
   42 |     0.1468 |     0.8219 |    0.7222 |     0.1529 |     0.8168 |    0.7168 |   1.42e-04 |     
   43 |     0.1460 |     0.8226 |    0.7231 |     0.1575 |     0.8148 |    0.7142 |   1.36e-04 |     
   44 |     0.1454 |     0.8243 |    0.7250 |     0.1487 |     0.8215 |    0.7231 |   1.30e-04 |     
   45 |     0.1453 |     0.8241 |    0.7249 |     0.1575 |     0.8131 |    0.7132 |   1.24e-04 |     
   46 |     0.1421 |     0.8281 |    0.7296 |     0.1538 |     0.8164 |    0.7176 |   1.18e-04 |     
   47 |     0.1414 |     0.8288 |    0.7311 |     0.1522 |     0.8132 |    0.7120 |   1.12e-04 |     
   48 |     0.1422 |     0.8276 |    0.7296 |     0.1520 |     0.8204 |    0.7208 |   1.07e-04 |     
   49 |     0.1402 |     0.8301 |    0.7329 |     0.1537 |     0.8191 |    0.7205 |   1.01e-04 |     
   50 |     0.1385 |     0.8330 |    0.7361 |     0.1526 |     0.8181 |    0.7188 |   9.54e-05 |     
   51 |     0.1375 |     0.8339 |    0.7374 |     0.1565 |     0.8201 |    0.7222 |   8.99e-05 |     
   52 |     0.1359 |     0.8353 |    0.7390 |     0.1593 |     0.8098 |    0.7102 |   8.45e-05 |     
   53 |     0.1337 |     0.8385 |    0.7431 |     0.1486 |     0.8225 |    0.7252 |   7.92e-05 |    *
   54 |     0.1336 |     0.8387 |    0.7433 |     0.1496 |     0.8192 |    0.7209 |   7.40e-05 |     
   55 |     0.1325 |     0.8400 |    0.7450 |     0.1551 |     0.8162 |    0.7170 |   6.90e-05 |     
--- R2 plus final-map regional overlap: global validation statistics ---
up4: ca=0.8867+/-0.1070, sa=1.0094+/-0.0068, amp=0.0000, suppress=0.0000, guide_abs=0.1557
up4 residuals: local_mean=6.912e-02, global_mean=0.0133, local_strength=0.1156, global_strength=0.1147, gain=[0.9914,1.0522], saturation=0.1122, text_film=0.0235
up4 haar: reconstruction_error=9.537e-07, skip_low/high=0.8122/0.1878, plam_low/high=1.0000/0.0000
up4 strengths: plam=0.9169, region=0.1156, detail=0.1147; residual_std region/detail/refine=0.3192/0.3999/0.3257
up4 guide_mix: entropy=0.9788, raw_low=0.3098, plam_low=0.2562, decoder_low=0.2792, detail=0.1548; agreement plam/decoder=0.4002/0.6002, support=0.8074+/-0.0929
up4 adaptive_frequency: ALPF strength=0.2526, weights=0.1403/0.7208/0.1389, sum=1.0000, entropy=0.7145, delta_std=0.0827; AHPF strength=0.0743, weights=0.3142/0.5232/0.1626, sum=1.0000, entropy=0.9033, residual_std=0.0969, scaled_std=0.0072
up3: ca=0.9992+/-0.1580, sa=1.0115+/-0.0057, amp=0.0000, suppress=0.0000, guide_abs=0.3371
up3 residuals: local_mean=3.608e-02, global_mean=0.0616, local_strength=0.1143, global_strength=0.1208, gain=[0.9865,1.0483], saturation=0.0000, text_film=0.0280
up3 haar: reconstruction_error=9.537e-07, skip_low/high=0.7826/0.2174, plam_low/high=1.0000/0.0000
up3 strengths: plam=0.9127, region=0.1143, detail=0.1208; residual_std region/detail/refine=0.3174/0.6271/0.5562
up3 guide_mix: entropy=0.9805, raw_low=0.3361, plam_low=0.2369, decoder_low=0.2540, detail=0.1730; agreement plam/decoder=0.5564/0.1782, support=0.7567+/-0.0626
up3 adaptive_frequency: ALPF strength=0.3031, weights=0.0822/0.2934/0.6244, sum=1.0000, entropy=0.6779, delta_std=0.0733; AHPF strength=0.1101, weights=0.6861/0.1678/0.1460, sum=1.0000, entropy=0.6727, residual_std=0.0767, scaled_std=0.0085
up2: ca=0.9063+/-0.0934, sa=1.0054+/-0.0029, amp=0.0000, suppress=0.0000, guide_abs=0.1923
up2 residuals: local_mean=1.530e-03, global_mean=0.0453, local_strength=0.1195, global_strength=0.1160, gain=[0.9731,1.0404], saturation=0.0000, text_film=0.0303
up2 haar: reconstruction_error=1.192e-06, skip_low/high=0.7623/0.2377, plam_low/high=1.0000/0.0000
up2 strengths: plam=0.8501, region=0.1195, detail=0.1160; residual_std region/detail/refine=0.2164/0.2854/0.1529
up2 guide_mix: entropy=0.9600, raw_low=0.3115, plam_low=0.1761, decoder_low=0.3511, detail=0.1612; agreement plam/decoder=0.6841/0.1247, support=0.5694+/-0.0365
up1: ca=0.8367+/-0.1194, sa=1.0037+/-0.0133, amp=0.0000, suppress=0.0000, guide_abs=0.2137
up1 residuals: local_mean=-6.751e-03, global_mean=0.0457, local_strength=0.1264, global_strength=0.1002, gain=[0.9028,1.0976], saturation=0.0594, text_film=0.0475
up1 haar: reconstruction_error=2.347e-06, skip_low/high=0.7246/0.2754, plam_low/high=1.0000/0.0000
up1 strengths: plam=0.9240, region=0.1264, detail=0.1002; residual_std region/detail/refine=0.6198/0.3971/0.1850
up1 guide_mix: entropy=0.9518, raw_low=0.2710, plam_low=0.2751, decoder_low=0.3433, detail=0.1106; agreement plam/decoder=0.4814/-0.0666, support=0.7284+/-0.1059

========= Epoch [56/80] =========
RS1_Test_session_09.11_04h18
Training with batch size : 16
   [Train] Epoch: [56][20/357]  Loss:0.122 (Avg 0.1293) IoU:0.776 (Avg 0.7513) Dice:0.8684 (Avg 0.8425) LR 6.41e-05   (AvgTime 0.6)   
   [Train] Epoch: [56][40/357]  Loss:0.108 (Avg 0.1260) IoU:0.806 (Avg 0.7567) Dice:0.8854 (Avg 0.8478) LR 6.41e-05   (AvgTime 0.6)   
   [Train] Epoch: [56][60/357]  Loss:0.122 (Avg 0.1287) IoU:0.757 (Avg 0.7518) Dice:0.8499 (Avg 0.8445) LR 6.41e-05   (AvgTime 0.6)   
   [Train] Epoch: [56][80/357]  Loss:0.156 (Avg 0.1300) IoU:0.733 (Avg 0.7484) Dice:0.8266 (Avg 0.8424) LR 6.41e-05   (AvgTime 0.6)   
   [Train] Epoch: [56][100/357]  Loss:0.110 (Avg 0.1289) IoU:0.812 (Avg 0.7510) Dice:0.8939 (Avg 0.8445) LR 6.41e-05   (AvgTime 0.6)   
   [Train] Epoch: [56][120/357]  Loss:0.114 (Avg 0.1276) IoU:0.776 (Avg 0.7524) Dice:0.8616 (Avg 0.8457) LR 6.41e-05   (AvgTime 0.6)   
   [Train] Epoch: [56][140/357]  Loss:0.117 (Avg 0.1284) IoU:0.775 (Avg 0.7506) Dice:0.8674 (Avg 0.8446) LR 6.41e-05   (AvgTime 0.6)   
   [Train] Epoch: [56][160/357]  Loss:0.157 (Avg 0.1279) IoU:0.689 (Avg 0.7513) Dice:0.8004 (Avg 0.8452) LR 6.41e-05   (AvgTime 0.6)   
   [Train] Epoch: [56][180/357]  Loss:0.148 (Avg 0.1283) IoU:0.708 (Avg 0.7502) Dice:0.8192 (Avg 0.8442) LR 6.41e-05   (AvgTime 0.6)   
   [Train] Epoch: [56][200/357]  Loss:0.165 (Avg 0.1293) IoU:0.692 (Avg 0.7489) Dice:0.7818 (Avg 0.8430) LR 6.41e-05   (AvgTime 0.6)   
   [Train] Epoch: [56][220/357]  Loss:0.127 (Avg 0.1301) IoU:0.780 (Avg 0.7480) Dice:0.8710 (Avg 0.8425) LR 6.41e-05   (AvgTime 0.6)   
   [Train] Epoch: [56][240/357]  Loss:0.155 (Avg 0.1303) IoU:0.727 (Avg 0.7478) Dice:0.8280 (Avg 0.8424) LR 6.41e-05   (AvgTime 0.6)   
   [Train] Epoch: [56][260/357]  Loss:0.160 (Avg 0.1310) IoU:0.752 (Avg 0.7470) Dice:0.8455 (Avg 0.8417) LR 6.41e-05   (AvgTime 0.6)   
   [Train] Epoch: [56][280/357]  Loss:0.139 (Avg 0.1316) IoU:0.717 (Avg 0.7459) Dice:0.8277 (Avg 0.8408) LR 6.41e-05   (AvgTime 0.6)   
   [Train] Epoch: [56][300/357]  Loss:0.132 (Avg 0.1316) IoU:0.733 (Avg 0.7460) Dice:0.8332 (Avg 0.8408) LR 6.41e-05   (AvgTime 0.6)   
   [Train] Epoch: [56][320/357]  Loss:0.104 (Avg 0.1314) IoU:0.805 (Avg 0.7462) Dice:0.8892 (Avg 0.8408) LR 6.41e-05   (AvgTime 0.6)   
   [Train] Epoch: [56][340/357]  Loss:0.131 (Avg 0.1314) IoU:0.739 (Avg 0.7461) Dice:0.8299 (Avg 0.8408) LR 6.41e-05   (AvgTime 0.6)   
   [Train] Epoch: [56][357/357]  Loss:0.173 (Avg 0.1316) IoU:0.665 (Avg 0.7457) Dice:0.7803 (Avg 0.8405) LR 6.41e-05   (AvgTime 0.6)   
   [Train] Loss components: main_dice=0.131913, main_focal=0.045021, main=0.088467, region_raw=0.336294, region_weighted=0.043151, empty_window_fraction=0.000000, total=0.131618
Validation
   [Val] Epoch: [56][20/90]  Loss:0.206 (Avg 0.1569) IoU:0.648 (Avg 0.7266) Dice:0.7723 (Avg 0.8277) (AvgTime 0.3)   
   [Val] Epoch: [56][40/90]  Loss:0.135 (Avg 0.1622) IoU:0.731 (Avg 0.7113) Dice:0.8322 (Avg 0.8131) (AvgTime 0.2)   
   [Val] Epoch: [56][60/90]  Loss:0.203 (Avg 0.1524) IoU:0.654 (Avg 0.7222) Dice:0.7598 (Avg 0.8208) (AvgTime 0.2)   
   [Val] Epoch: [56][80/90]  Loss:0.143 (Avg 0.1508) IoU:0.717 (Avg 0.7219) Dice:0.8189 (Avg 0.8208) (AvgTime 0.2)   
   [Val] Epoch: [56][90/90]  Loss:0.200 (Avg 0.1513) IoU:0.597 (Avg 0.7207) Dice:0.7318 (Avg 0.8199) (AvgTime 0.2)   
   [Val] Loss components: main_dice=0.149684, main_focal=0.062658, main=0.106171, region_raw=0.351587, region_weighted=0.045113, empty_window_fraction=0.000000, total=0.151284
	 No iou improvement; selected epoch 53
	 early_stopping_count: 3/80
--- Epoch History (1..56) ---
Epoch |  TrainLoss |  TrainDice |  TrainIoU |    ValLoss |    ValDice |    ValIoU |         LR | Best
    1 |     0.3274 |     0.6089 |    0.4797 |     0.3091 |     0.6203 |    0.4911 |   3.00e-04 |     
    2 |     0.2493 |     0.7003 |    0.5773 |     0.2277 |     0.7202 |    0.6053 |   3.00e-04 |     
    3 |     0.2258 |     0.7259 |    0.6062 |     0.2068 |     0.7560 |    0.6429 |   3.00e-04 |     
    4 |     0.2153 |     0.7383 |    0.6212 |     0.2013 |     0.7654 |    0.6509 |   2.99e-04 |     
    5 |     0.2041 |     0.7514 |    0.6359 |     0.1929 |     0.7592 |    0.6456 |   2.98e-04 |     
    6 |     0.2002 |     0.7575 |    0.6433 |     0.1994 |     0.7556 |    0.6374 |   2.97e-04 |     
    7 |     0.1959 |     0.7613 |    0.6476 |     0.1953 |     0.7677 |    0.6559 |   2.96e-04 |     
    8 |     0.1917 |     0.7652 |    0.6526 |     0.1819 |     0.7753 |    0.6638 |   2.94e-04 |     
    9 |     0.1890 |     0.7689 |    0.6569 |     0.1877 |     0.7648 |    0.6526 |   2.92e-04 |     
   10 |     0.1909 |     0.7674 |    0.6547 |     0.1967 |     0.7614 |    0.6474 |   2.91e-04 |     
   11 |     0.1850 |     0.7752 |    0.6643 |     0.1777 |     0.7851 |    0.6761 |   2.88e-04 |     
   12 |     0.1847 |     0.7750 |    0.6644 |     0.1820 |     0.7863 |    0.6777 |   2.86e-04 |     
   13 |     0.1819 |     0.7786 |    0.6681 |     0.1785 |     0.7822 |    0.6720 |   2.83e-04 |     
   14 |     0.1792 |     0.7815 |    0.6721 |     0.1710 |     0.7906 |    0.6822 |   2.80e-04 |     
   15 |     0.1799 |     0.7798 |    0.6700 |     0.1677 |     0.7939 |    0.6878 |   2.77e-04 |     
   16 |     0.1784 |     0.7828 |    0.6735 |     0.1778 |     0.7969 |    0.6907 |   2.74e-04 |     
   17 |     0.1800 |     0.7809 |    0.6717 |     0.1871 |     0.7775 |    0.6682 |   2.71e-04 |     
   18 |     0.1765 |     0.7859 |    0.6774 |     0.1763 |     0.7844 |    0.6744 |   2.67e-04 |     
   19 |     0.1725 |     0.7898 |    0.6825 |     0.1650 |     0.7980 |    0.6943 |   2.63e-04 |     
   20 |     0.1717 |     0.7911 |    0.6844 |     0.1718 |     0.7842 |    0.6753 |   2.59e-04 |     
   21 |     0.1702 |     0.7920 |    0.6849 |     0.1709 |     0.7905 |    0.6816 |   2.55e-04 |     
   22 |     0.1715 |     0.7907 |    0.6835 |     0.1778 |     0.7882 |    0.6809 |   2.51e-04 |     
   23 |     0.1702 |     0.7927 |    0.6865 |     0.1680 |     0.7894 |    0.6837 |   2.46e-04 |     
   24 |     0.1674 |     0.7964 |    0.6902 |     0.1675 |     0.8056 |    0.7029 |   2.42e-04 |     
   25 |     0.1664 |     0.7976 |    0.6919 |     0.1719 |     0.7939 |    0.6891 |   2.37e-04 |     
   26 |     0.1663 |     0.7975 |    0.6916 |     0.1635 |     0.7985 |    0.6924 |   2.32e-04 |     
   27 |     0.1632 |     0.8013 |    0.6966 |     0.1589 |     0.8088 |    0.7069 |   2.27e-04 |     
   28 |     0.1623 |     0.8031 |    0.6989 |     0.1645 |     0.8009 |    0.6963 |   2.22e-04 |     
   29 |     0.1611 |     0.8041 |    0.7006 |     0.1656 |     0.8001 |    0.6931 |   2.17e-04 |     
   30 |     0.1618 |     0.8040 |    0.6998 |     0.1588 |     0.8091 |    0.7079 |   2.11e-04 |     
   31 |     0.1594 |     0.8063 |    0.7029 |     0.1735 |     0.8039 |    0.6998 |   2.06e-04 |     
   32 |     0.1576 |     0.8091 |    0.7058 |     0.1622 |     0.8091 |    0.7070 |   2.00e-04 |     
   33 |     0.1577 |     0.8087 |    0.7056 |     0.1609 |     0.8024 |    0.6973 |   1.94e-04 |     
   34 |     0.1562 |     0.8101 |    0.7068 |     0.1622 |     0.8074 |    0.7042 |   1.89e-04 |     
   35 |     0.1543 |     0.8127 |    0.7105 |     0.1590 |     0.8114 |    0.7084 |   1.83e-04 |     
   36 |     0.1530 |     0.8139 |    0.7122 |     0.1560 |     0.8113 |    0.7104 |   1.77e-04 |     
   37 |     0.1544 |     0.8121 |    0.7103 |     0.1576 |     0.8048 |    0.7006 |   1.71e-04 |     
   38 |     0.1519 |     0.8155 |    0.7140 |     0.1594 |     0.8036 |    0.7011 |   1.65e-04 |     
   39 |     0.1511 |     0.8165 |    0.7156 |     0.1547 |     0.8127 |    0.7130 |   1.59e-04 |     
   40 |     0.1492 |     0.8187 |    0.7181 |     0.1550 |     0.8122 |    0.7119 |   1.53e-04 |     
   41 |     0.1486 |     0.8205 |    0.7201 |     0.1542 |     0.8149 |    0.7152 |   1.48e-04 |     
   42 |     0.1468 |     0.8219 |    0.7222 |     0.1529 |     0.8168 |    0.7168 |   1.42e-04 |     
   43 |     0.1460 |     0.8226 |    0.7231 |     0.1575 |     0.8148 |    0.7142 |   1.36e-04 |     
   44 |     0.1454 |     0.8243 |    0.7250 |     0.1487 |     0.8215 |    0.7231 |   1.30e-04 |     
   45 |     0.1453 |     0.8241 |    0.7249 |     0.1575 |     0.8131 |    0.7132 |   1.24e-04 |     
   46 |     0.1421 |     0.8281 |    0.7296 |     0.1538 |     0.8164 |    0.7176 |   1.18e-04 |     
   47 |     0.1414 |     0.8288 |    0.7311 |     0.1522 |     0.8132 |    0.7120 |   1.12e-04 |     
   48 |     0.1422 |     0.8276 |    0.7296 |     0.1520 |     0.8204 |    0.7208 |   1.07e-04 |     
   49 |     0.1402 |     0.8301 |    0.7329 |     0.1537 |     0.8191 |    0.7205 |   1.01e-04 |     
   50 |     0.1385 |     0.8330 |    0.7361 |     0.1526 |     0.8181 |    0.7188 |   9.54e-05 |     
   51 |     0.1375 |     0.8339 |    0.7374 |     0.1565 |     0.8201 |    0.7222 |   8.99e-05 |     
   52 |     0.1359 |     0.8353 |    0.7390 |     0.1593 |     0.8098 |    0.7102 |   8.45e-05 |     
   53 |     0.1337 |     0.8385 |    0.7431 |     0.1486 |     0.8225 |    0.7252 |   7.92e-05 |    *
   54 |     0.1336 |     0.8387 |    0.7433 |     0.1496 |     0.8192 |    0.7209 |   7.40e-05 |     
   55 |     0.1325 |     0.8400 |    0.7450 |     0.1551 |     0.8162 |    0.7170 |   6.90e-05 |     
   56 |     0.1316 |     0.8405 |    0.7457 |     0.1513 |     0.8199 |    0.7207 |   6.41e-05 |     
--- R2 plus final-map regional overlap: global validation statistics ---
up4: ca=0.8864+/-0.1037, sa=1.0096+/-0.0068, amp=0.0000, suppress=0.0000, guide_abs=0.1668
up4 residuals: local_mean=6.997e-02, global_mean=0.0135, local_strength=0.1156, global_strength=0.1147, gain=[0.9908,1.0510], saturation=0.0969, text_film=0.0247
up4 haar: reconstruction_error=5.662e-07, skip_low/high=0.8111/0.1889, plam_low/high=1.0000/0.0000
up4 strengths: plam=0.9169, region=0.1156, detail=0.1147; residual_std region/detail/refine=0.3201/0.3956/0.3226
up4 guide_mix: entropy=0.9788, raw_low=0.3124, plam_low=0.2515, decoder_low=0.2801, detail=0.1559; agreement plam/decoder=0.3353/0.5859, support=0.8086+/-0.0905
up4 adaptive_frequency: ALPF strength=0.2528, weights=0.1428/0.7185/0.1388, sum=1.0000, entropy=0.7178, delta_std=0.0810; AHPF strength=0.0742, weights=0.3185/0.5206/0.1609, sum=1.0000, entropy=0.9029, residual_std=0.0955, scaled_std=0.0071
up3: ca=1.0026+/-0.1602, sa=1.0116+/-0.0056, amp=0.0000, suppress=0.0000, guide_abs=0.3377
up3 residuals: local_mean=3.636e-02, global_mean=0.0621, local_strength=0.1143, global_strength=0.1208, gain=[0.9835,1.0523], saturation=0.0000, text_film=0.0266
up3 haar: reconstruction_error=9.537e-07, skip_low/high=0.7818/0.2182, plam_low/high=1.0000/0.0000
up3 strengths: plam=0.9126, region=0.1143, detail=0.1208; residual_std region/detail/refine=0.3187/0.6184/0.5503
up3 guide_mix: entropy=0.9806, raw_low=0.3282, plam_low=0.2385, decoder_low=0.2647, detail=0.1685; agreement plam/decoder=0.5063/0.1600, support=0.7576+/-0.0627
up3 adaptive_frequency: ALPF strength=0.3036, weights=0.0830/0.2955/0.6214, sum=1.0000, entropy=0.6644, delta_std=0.0728; AHPF strength=0.1102, weights=0.6742/0.1818/0.1440, sum=1.0000, entropy=0.6897, residual_std=0.0745, scaled_std=0.0082
up2: ca=0.9129+/-0.0948, sa=1.0054+/-0.0028, amp=0.0000, suppress=0.0000, guide_abs=0.1906
up2 residuals: local_mean=1.436e-03, global_mean=0.0454, local_strength=0.1196, global_strength=0.1160, gain=[0.9745,1.0412], saturation=0.0000, text_film=0.0312
up2 haar: reconstruction_error=9.537e-07, skip_low/high=0.7619/0.2381, plam_low/high=1.0000/0.0000
up2 strengths: plam=0.8499, region=0.1196, detail=0.1160; residual_std region/detail/refine=0.2237/0.2780/0.1520
up2 guide_mix: entropy=0.9565, raw_low=0.3044, plam_low=0.1742, decoder_low=0.3633, detail=0.1581; agreement plam/decoder=0.7508/0.0924, support=0.5703+/-0.0396
up1: ca=0.8384+/-0.1143, sa=1.0037+/-0.0134, amp=0.0000, suppress=0.0000, guide_abs=0.2161
up1 residuals: local_mean=-6.477e-03, global_mean=0.0459, local_strength=0.1264, global_strength=0.1002, gain=[0.9025,1.0978], saturation=0.0637, text_film=0.0452
up1 haar: reconstruction_error=2.563e-06, skip_low/high=0.7227/0.2773, plam_low/high=1.0000/0.0000
up1 strengths: plam=0.9239, region=0.1264, detail=0.1002; residual_std region/detail/refine=0.5918/0.4022/0.1860
up1 guide_mix: entropy=0.9530, raw_low=0.2751, plam_low=0.2608, decoder_low=0.3497, detail=0.1145; agreement plam/decoder=0.4723/-0.0040, support=0.7331+/-0.1080

========= Epoch [57/80] =========
RS1_Test_session_09.11_04h18
Training with batch size : 16
   [Train] Epoch: [57][20/357]  Loss:0.118 (Avg 0.1306) IoU:0.771 (Avg 0.7443) Dice:0.8617 (Avg 0.8412) LR 5.93e-05   (AvgTime 0.6)   
   [Train] Epoch: [57][40/357]  Loss:0.107 (Avg 0.1317) IoU:0.786 (Avg 0.7421) Dice:0.8761 (Avg 0.8391) LR 5.93e-05   (AvgTime 0.6)   
   [Train] Epoch: [57][60/357]  Loss:0.120 (Avg 0.1304) IoU:0.767 (Avg 0.7460) Dice:0.8552 (Avg 0.8420) LR 5.93e-05   (AvgTime 0.6)   
   [Train] Epoch: [57][80/357]  Loss:0.123 (Avg 0.1319) IoU:0.742 (Avg 0.7447) Dice:0.8448 (Avg 0.8405) LR 5.93e-05   (AvgTime 0.6)   
   [Train] Epoch: [57][100/357]  Loss:0.143 (Avg 0.1295) IoU:0.723 (Avg 0.7497) Dice:0.8230 (Avg 0.8441) LR 5.93e-05   (AvgTime 0.6)   
   [Train] Epoch: [57][120/357]  Loss:0.142 (Avg 0.1297) IoU:0.742 (Avg 0.7505) Dice:0.8382 (Avg 0.8447) LR 5.93e-05   (AvgTime 0.6)   
   [Train] Epoch: [57][140/357]  Loss:0.092 (Avg 0.1289) IoU:0.821 (Avg 0.7518) Dice:0.8966 (Avg 0.8456) LR 5.93e-05   (AvgTime 0.6)   
   [Train] Epoch: [57][160/357]  Loss:0.129 (Avg 0.1309) IoU:0.730 (Avg 0.7477) Dice:0.8320 (Avg 0.8424) LR 5.93e-05   (AvgTime 0.6)   
   [Train] Epoch: [57][180/357]  Loss:0.125 (Avg 0.1304) IoU:0.763 (Avg 0.7489) Dice:0.8561 (Avg 0.8433) LR 5.93e-05   (AvgTime 0.6)   
   [Train] Epoch: [57][200/357]  Loss:0.119 (Avg 0.1314) IoU:0.780 (Avg 0.7472) Dice:0.8723 (Avg 0.8422) LR 5.93e-05   (AvgTime 0.6)   
   [Train] Epoch: [57][220/357]  Loss:0.094 (Avg 0.1312) IoU:0.810 (Avg 0.7477) Dice:0.8897 (Avg 0.8424) LR 5.93e-05   (AvgTime 0.6)   
   [Train] Epoch: [57][240/357]  Loss:0.104 (Avg 0.1310) IoU:0.785 (Avg 0.7478) Dice:0.8699 (Avg 0.8423) LR 5.93e-05   (AvgTime 0.6)   
   [Train] Epoch: [57][260/357]  Loss:0.117 (Avg 0.1308) IoU:0.766 (Avg 0.7482) Dice:0.8583 (Avg 0.8427) LR 5.93e-05   (AvgTime 0.6)   
   [Train] Epoch: [57][280/357]  Loss:0.152 (Avg 0.1306) IoU:0.703 (Avg 0.7485) Dice:0.8046 (Avg 0.8429) LR 5.93e-05   (AvgTime 0.6)   
   [Train] Epoch: [57][300/357]  Loss:0.104 (Avg 0.1306) IoU:0.796 (Avg 0.7486) Dice:0.8795 (Avg 0.8429) LR 5.93e-05   (AvgTime 0.6)   
   [Train] Epoch: [57][320/357]  Loss:0.107 (Avg 0.1301) IoU:0.793 (Avg 0.7494) Dice:0.8789 (Avg 0.8434) LR 5.93e-05   (AvgTime 0.6)   
   [Train] Epoch: [57][340/357]  Loss:0.125 (Avg 0.1304) IoU:0.758 (Avg 0.7488) Dice:0.8546 (Avg 0.8430) LR 5.93e-05   (AvgTime 0.6)   
   [Train] Epoch: [57][357/357]  Loss:0.154 (Avg 0.1306) IoU:0.726 (Avg 0.7486) Dice:0.8116 (Avg 0.8427) LR 5.93e-05   (AvgTime 0.6)   
   [Train] Loss components: main_dice=0.130409, main_focal=0.045078, main=0.087743, region_raw=0.333865, region_weighted=0.042839, empty_window_fraction=0.000000, total=0.130582
Validation
   [Val] Epoch: [57][20/90]  Loss:0.190 (Avg 0.1577) IoU:0.676 (Avg 0.7250) Dice:0.7925 (Avg 0.8262) (AvgTime 0.3)   
   [Val] Epoch: [57][40/90]  Loss:0.139 (Avg 0.1628) IoU:0.728 (Avg 0.7123) Dice:0.8295 (Avg 0.8140) (AvgTime 0.2)   
   [Val] Epoch: [57][60/90]  Loss:0.188 (Avg 0.1514) IoU:0.672 (Avg 0.7258) Dice:0.7730 (Avg 0.8234) (AvgTime 0.2)   
   [Val] Epoch: [57][80/90]  Loss:0.141 (Avg 0.1505) IoU:0.719 (Avg 0.7245) Dice:0.8175 (Avg 0.8224) (AvgTime 0.2)   
   [Val] Epoch: [57][90/90]  Loss:0.195 (Avg 0.1505) IoU:0.611 (Avg 0.7243) Dice:0.7406 (Avg 0.8224) (AvgTime 0.2)   
   [Val] Loss components: main_dice=0.147761, main_focal=0.065082, main=0.106421, region_raw=0.343395, region_weighted=0.044062, empty_window_fraction=0.000000, total=0.150483
	 No iou improvement; selected epoch 53
	 early_stopping_count: 4/80
--- Epoch History (1..57) ---
Epoch |  TrainLoss |  TrainDice |  TrainIoU |    ValLoss |    ValDice |    ValIoU |         LR | Best
    1 |     0.3274 |     0.6089 |    0.4797 |     0.3091 |     0.6203 |    0.4911 |   3.00e-04 |     
    2 |     0.2493 |     0.7003 |    0.5773 |     0.2277 |     0.7202 |    0.6053 |   3.00e-04 |     
    3 |     0.2258 |     0.7259 |    0.6062 |     0.2068 |     0.7560 |    0.6429 |   3.00e-04 |     
    4 |     0.2153 |     0.7383 |    0.6212 |     0.2013 |     0.7654 |    0.6509 |   2.99e-04 |     
    5 |     0.2041 |     0.7514 |    0.6359 |     0.1929 |     0.7592 |    0.6456 |   2.98e-04 |     
    6 |     0.2002 |     0.7575 |    0.6433 |     0.1994 |     0.7556 |    0.6374 |   2.97e-04 |     
    7 |     0.1959 |     0.7613 |    0.6476 |     0.1953 |     0.7677 |    0.6559 |   2.96e-04 |     
    8 |     0.1917 |     0.7652 |    0.6526 |     0.1819 |     0.7753 |    0.6638 |   2.94e-04 |     
    9 |     0.1890 |     0.7689 |    0.6569 |     0.1877 |     0.7648 |    0.6526 |   2.92e-04 |     
   10 |     0.1909 |     0.7674 |    0.6547 |     0.1967 |     0.7614 |    0.6474 |   2.91e-04 |     
   11 |     0.1850 |     0.7752 |    0.6643 |     0.1777 |     0.7851 |    0.6761 |   2.88e-04 |     
   12 |     0.1847 |     0.7750 |    0.6644 |     0.1820 |     0.7863 |    0.6777 |   2.86e-04 |     
   13 |     0.1819 |     0.7786 |    0.6681 |     0.1785 |     0.7822 |    0.6720 |   2.83e-04 |     
   14 |     0.1792 |     0.7815 |    0.6721 |     0.1710 |     0.7906 |    0.6822 |   2.80e-04 |     
   15 |     0.1799 |     0.7798 |    0.6700 |     0.1677 |     0.7939 |    0.6878 |   2.77e-04 |     
   16 |     0.1784 |     0.7828 |    0.6735 |     0.1778 |     0.7969 |    0.6907 |   2.74e-04 |     
   17 |     0.1800 |     0.7809 |    0.6717 |     0.1871 |     0.7775 |    0.6682 |   2.71e-04 |     
   18 |     0.1765 |     0.7859 |    0.6774 |     0.1763 |     0.7844 |    0.6744 |   2.67e-04 |     
   19 |     0.1725 |     0.7898 |    0.6825 |     0.1650 |     0.7980 |    0.6943 |   2.63e-04 |     
   20 |     0.1717 |     0.7911 |    0.6844 |     0.1718 |     0.7842 |    0.6753 |   2.59e-04 |     
   21 |     0.1702 |     0.7920 |    0.6849 |     0.1709 |     0.7905 |    0.6816 |   2.55e-04 |     
   22 |     0.1715 |     0.7907 |    0.6835 |     0.1778 |     0.7882 |    0.6809 |   2.51e-04 |     
   23 |     0.1702 |     0.7927 |    0.6865 |     0.1680 |     0.7894 |    0.6837 |   2.46e-04 |     
   24 |     0.1674 |     0.7964 |    0.6902 |     0.1675 |     0.8056 |    0.7029 |   2.42e-04 |     
   25 |     0.1664 |     0.7976 |    0.6919 |     0.1719 |     0.7939 |    0.6891 |   2.37e-04 |     
   26 |     0.1663 |     0.7975 |    0.6916 |     0.1635 |     0.7985 |    0.6924 |   2.32e-04 |     
   27 |     0.1632 |     0.8013 |    0.6966 |     0.1589 |     0.8088 |    0.7069 |   2.27e-04 |     
   28 |     0.1623 |     0.8031 |    0.6989 |     0.1645 |     0.8009 |    0.6963 |   2.22e-04 |     
   29 |     0.1611 |     0.8041 |    0.7006 |     0.1656 |     0.8001 |    0.6931 |   2.17e-04 |     
   30 |     0.1618 |     0.8040 |    0.6998 |     0.1588 |     0.8091 |    0.7079 |   2.11e-04 |     
   31 |     0.1594 |     0.8063 |    0.7029 |     0.1735 |     0.8039 |    0.6998 |   2.06e-04 |     
   32 |     0.1576 |     0.8091 |    0.7058 |     0.1622 |     0.8091 |    0.7070 |   2.00e-04 |     
   33 |     0.1577 |     0.8087 |    0.7056 |     0.1609 |     0.8024 |    0.6973 |   1.94e-04 |     
   34 |     0.1562 |     0.8101 |    0.7068 |     0.1622 |     0.8074 |    0.7042 |   1.89e-04 |     
   35 |     0.1543 |     0.8127 |    0.7105 |     0.1590 |     0.8114 |    0.7084 |   1.83e-04 |     
   36 |     0.1530 |     0.8139 |    0.7122 |     0.1560 |     0.8113 |    0.7104 |   1.77e-04 |     
   37 |     0.1544 |     0.8121 |    0.7103 |     0.1576 |     0.8048 |    0.7006 |   1.71e-04 |     
   38 |     0.1519 |     0.8155 |    0.7140 |     0.1594 |     0.8036 |    0.7011 |   1.65e-04 |     
   39 |     0.1511 |     0.8165 |    0.7156 |     0.1547 |     0.8127 |    0.7130 |   1.59e-04 |     
   40 |     0.1492 |     0.8187 |    0.7181 |     0.1550 |     0.8122 |    0.7119 |   1.53e-04 |     
   41 |     0.1486 |     0.8205 |    0.7201 |     0.1542 |     0.8149 |    0.7152 |   1.48e-04 |     
   42 |     0.1468 |     0.8219 |    0.7222 |     0.1529 |     0.8168 |    0.7168 |   1.42e-04 |     
   43 |     0.1460 |     0.8226 |    0.7231 |     0.1575 |     0.8148 |    0.7142 |   1.36e-04 |     
   44 |     0.1454 |     0.8243 |    0.7250 |     0.1487 |     0.8215 |    0.7231 |   1.30e-04 |     
   45 |     0.1453 |     0.8241 |    0.7249 |     0.1575 |     0.8131 |    0.7132 |   1.24e-04 |     
   46 |     0.1421 |     0.8281 |    0.7296 |     0.1538 |     0.8164 |    0.7176 |   1.18e-04 |     
   47 |     0.1414 |     0.8288 |    0.7311 |     0.1522 |     0.8132 |    0.7120 |   1.12e-04 |     
   48 |     0.1422 |     0.8276 |    0.7296 |     0.1520 |     0.8204 |    0.7208 |   1.07e-04 |     
   49 |     0.1402 |     0.8301 |    0.7329 |     0.1537 |     0.8191 |    0.7205 |   1.01e-04 |     
   50 |     0.1385 |     0.8330 |    0.7361 |     0.1526 |     0.8181 |    0.7188 |   9.54e-05 |     
   51 |     0.1375 |     0.8339 |    0.7374 |     0.1565 |     0.8201 |    0.7222 |   8.99e-05 |     
   52 |     0.1359 |     0.8353 |    0.7390 |     0.1593 |     0.8098 |    0.7102 |   8.45e-05 |     
   53 |     0.1337 |     0.8385 |    0.7431 |     0.1486 |     0.8225 |    0.7252 |   7.92e-05 |    *
   54 |     0.1336 |     0.8387 |    0.7433 |     0.1496 |     0.8192 |    0.7209 |   7.40e-05 |     
   55 |     0.1325 |     0.8400 |    0.7450 |     0.1551 |     0.8162 |    0.7170 |   6.90e-05 |     
   56 |     0.1316 |     0.8405 |    0.7457 |     0.1513 |     0.8199 |    0.7207 |   6.41e-05 |     
   57 |     0.1306 |     0.8427 |    0.7486 |     0.1505 |     0.8224 |    0.7243 |   5.93e-05 |     
--- R2 plus final-map regional overlap: global validation statistics ---
up4: ca=0.8843+/-0.1028, sa=1.0094+/-0.0067, amp=0.0000, suppress=0.0000, guide_abs=0.1567
up4 residuals: local_mean=6.888e-02, global_mean=0.0135, local_strength=0.1156, global_strength=0.1149, gain=[0.9908,1.0510], saturation=0.0959, text_film=0.0257
up4 haar: reconstruction_error=5.960e-07, skip_low/high=0.8080/0.1920, plam_low/high=1.0000/0.0000
up4 strengths: plam=0.9169, region=0.1156, detail=0.1149; residual_std region/detail/refine=0.3263/0.4018/0.3250
up4 guide_mix: entropy=0.9795, raw_low=0.3104, plam_low=0.2587, decoder_low=0.2747, detail=0.1562; agreement plam/decoder=0.3686/0.6171, support=0.8050+/-0.0926
up4 adaptive_frequency: ALPF strength=0.2529, weights=0.1458/0.7167/0.1375, sum=1.0000, entropy=0.7205, delta_std=0.0799; AHPF strength=0.0742, weights=0.3126/0.5239/0.1635, sum=1.0000, entropy=0.9037, residual_std=0.1002, scaled_std=0.0074
up3: ca=1.0018+/-0.1559, sa=1.0115+/-0.0058, amp=0.0000, suppress=0.0000, guide_abs=0.3366
up3 residuals: local_mean=3.638e-02, global_mean=0.0610, local_strength=0.1142, global_strength=0.1209, gain=[0.9856,1.0484], saturation=0.0000, text_film=0.0225
up3 haar: reconstruction_error=9.537e-07, skip_low/high=0.7784/0.2216, plam_low/high=1.0000/0.0000
up3 strengths: plam=0.9125, region=0.1142, detail=0.1209; residual_std region/detail/refine=0.3026/0.6132/0.5382
up3 guide_mix: entropy=0.9817, raw_low=0.3295, plam_low=0.2404, decoder_low=0.2579, detail=0.1722; agreement plam/decoder=0.5526/0.1636, support=0.7564+/-0.0605
up3 adaptive_frequency: ALPF strength=0.3039, weights=0.1667/0.5567/0.2766, sum=1.0000, entropy=0.8439, delta_std=0.0657; AHPF strength=0.1103, weights=0.4418/0.3127/0.2455, sum=1.0000, entropy=0.9192, residual_std=0.1199, scaled_std=0.0132
up2: ca=0.9143+/-0.0918, sa=1.0055+/-0.0029, amp=0.0000, suppress=0.0000, guide_abs=0.1995
up2 residuals: local_mean=1.633e-03, global_mean=0.0456, local_strength=0.1196, global_strength=0.1161, gain=[0.9734,1.0404], saturation=0.0000, text_film=0.0330
up2 haar: reconstruction_error=1.281e-06, skip_low/high=0.7633/0.2367, plam_low/high=1.0000/0.0000
up2 strengths: plam=0.8499, region=0.1196, detail=0.1161; residual_std region/detail/refine=0.2208/0.2872/0.1526
up2 guide_mix: entropy=0.9596, raw_low=0.3057, plam_low=0.1802, decoder_low=0.3562, detail=0.1580; agreement plam/decoder=0.7686/0.1203, support=0.5777+/-0.0381
up1: ca=0.8421+/-0.1096, sa=1.0038+/-0.0134, amp=0.0000, suppress=0.0000, guide_abs=0.2131
up1 residuals: local_mean=-6.175e-03, global_mean=0.0460, local_strength=0.1265, global_strength=0.1002, gain=[0.9024,1.0979], saturation=0.0547, text_film=0.0448
up1 haar: reconstruction_error=2.757e-06, skip_low/high=0.7217/0.2783, plam_low/high=1.0000/0.0000
up1 strengths: plam=0.9237, region=0.1265, detail=0.1002; residual_std region/detail/refine=0.5852/0.4019/0.1865
up1 guide_mix: entropy=0.9480, raw_low=0.2612, plam_low=0.2766, decoder_low=0.3540, detail=0.1081; agreement plam/decoder=0.4597/-0.0087, support=0.7232+/-0.1047

========= Epoch [58/80] =========
RS1_Test_session_09.11_04h18
Training with batch size : 16
   [Train] Epoch: [58][20/357]  Loss:0.164 (Avg 0.1301) IoU:0.684 (Avg 0.7475) Dice:0.7918 (Avg 0.8432) LR 5.47e-05   (AvgTime 0.5)   
   [Train] Epoch: [58][40/357]  Loss:0.155 (Avg 0.1263) IoU:0.701 (Avg 0.7541) Dice:0.8087 (Avg 0.8479) LR 5.47e-05   (AvgTime 0.6)   
   [Train] Epoch: [58][60/357]  Loss:0.208 (Avg 0.1251) IoU:0.673 (Avg 0.7575) Dice:0.7637 (Avg 0.8501) LR 5.47e-05   (AvgTime 0.6)   
   [Train] Epoch: [58][80/357]  Loss:0.099 (Avg 0.1258) IoU:0.799 (Avg 0.7558) Dice:0.8823 (Avg 0.8480) LR 5.47e-05   (AvgTime 0.6)   
   [Train] Epoch: [58][100/357]  Loss:0.116 (Avg 0.1246) IoU:0.766 (Avg 0.7581) Dice:0.8634 (Avg 0.8496) LR 5.47e-05   (AvgTime 0.6)   
   [Train] Epoch: [58][120/357]  Loss:0.101 (Avg 0.1251) IoU:0.795 (Avg 0.7572) Dice:0.8768 (Avg 0.8489) LR 5.47e-05   (AvgTime 0.6)   
   [Train] Epoch: [58][140/357]  Loss:0.133 (Avg 0.1254) IoU:0.763 (Avg 0.7562) Dice:0.8537 (Avg 0.8485) LR 5.47e-05   (AvgTime 0.6)   
   [Train] Epoch: [58][160/357]  Loss:0.111 (Avg 0.1261) IoU:0.779 (Avg 0.7545) Dice:0.8653 (Avg 0.8473) LR 5.47e-05   (AvgTime 0.6)   
   [Train] Epoch: [58][180/357]  Loss:0.186 (Avg 0.1273) IoU:0.665 (Avg 0.7527) Dice:0.7742 (Avg 0.8461) LR 5.47e-05   (AvgTime 0.6)   
   [Train] Epoch: [58][200/357]  Loss:0.125 (Avg 0.1275) IoU:0.753 (Avg 0.7524) Dice:0.8458 (Avg 0.8458) LR 5.47e-05   (AvgTime 0.6)   
   [Train] Epoch: [58][220/357]  Loss:0.139 (Avg 0.1280) IoU:0.753 (Avg 0.7517) Dice:0.8494 (Avg 0.8453) LR 5.47e-05   (AvgTime 0.6)   
   [Train] Epoch: [58][240/357]  Loss:0.146 (Avg 0.1276) IoU:0.722 (Avg 0.7524) Dice:0.8142 (Avg 0.8458) LR 5.47e-05   (AvgTime 0.6)   
   [Train] Epoch: [58][260/357]  Loss:0.097 (Avg 0.1283) IoU:0.810 (Avg 0.7512) Dice:0.8893 (Avg 0.8450) LR 5.47e-05   (AvgTime 0.6)   
   [Train] Epoch: [58][280/357]  Loss:0.103 (Avg 0.1281) IoU:0.789 (Avg 0.7515) Dice:0.8765 (Avg 0.8452) LR 5.47e-05   (AvgTime 0.6)   
   [Train] Epoch: [58][300/357]  Loss:0.148 (Avg 0.1281) IoU:0.698 (Avg 0.7514) Dice:0.8092 (Avg 0.8452) LR 5.47e-05   (AvgTime 0.6)   
   [Train] Epoch: [58][320/357]  Loss:0.114 (Avg 0.1281) IoU:0.767 (Avg 0.7512) Dice:0.8561 (Avg 0.8450) LR 5.47e-05   (AvgTime 0.6)   
   [Train] Epoch: [58][340/357]  Loss:0.102 (Avg 0.1282) IoU:0.801 (Avg 0.7512) Dice:0.8845 (Avg 0.8451) LR 5.47e-05   (AvgTime 0.6)   
   [Train] Epoch: [58][357/357]  Loss:0.123 (Avg 0.1281) IoU:0.761 (Avg 0.7513) Dice:0.8554 (Avg 0.8451) LR 5.47e-05   (AvgTime 0.6)   
   [Train] Loss components: main_dice=0.127988, main_focal=0.043781, main=0.085884, region_raw=0.329237, region_weighted=0.042245, empty_window_fraction=0.000000, total=0.128129
Validation
   [Val] Epoch: [58][20/90]  Loss:0.203 (Avg 0.1600) IoU:0.652 (Avg 0.7246) Dice:0.7752 (Avg 0.8252) (AvgTime 0.2)   
   [Val] Epoch: [58][40/90]  Loss:0.125 (Avg 0.1646) IoU:0.747 (Avg 0.7115) Dice:0.8454 (Avg 0.8126) (AvgTime 0.2)   
   [Val] Epoch: [58][60/90]  Loss:0.192 (Avg 0.1540) IoU:0.659 (Avg 0.7234) Dice:0.7653 (Avg 0.8207) (AvgTime 0.2)   
   [Val] Epoch: [58][80/90]  Loss:0.149 (Avg 0.1529) IoU:0.717 (Avg 0.7237) Dice:0.8131 (Avg 0.8209) (AvgTime 0.2)   
   [Val] Epoch: [58][90/90]  Loss:0.229 (Avg 0.1538) IoU:0.581 (Avg 0.7233) Dice:0.7180 (Avg 0.8206) (AvgTime 0.2)   
   [Val] Loss components: main_dice=0.149717, main_focal=0.069225, main=0.109471, region_raw=0.345313, region_weighted=0.044308, empty_window_fraction=0.000000, total=0.153779
	 No iou improvement; selected epoch 53
	 early_stopping_count: 5/80
--- Epoch History (1..58) ---
Epoch |  TrainLoss |  TrainDice |  TrainIoU |    ValLoss |    ValDice |    ValIoU |         LR | Best
    1 |     0.3274 |     0.6089 |    0.4797 |     0.3091 |     0.6203 |    0.4911 |   3.00e-04 |     
    2 |     0.2493 |     0.7003 |    0.5773 |     0.2277 |     0.7202 |    0.6053 |   3.00e-04 |     
    3 |     0.2258 |     0.7259 |    0.6062 |     0.2068 |     0.7560 |    0.6429 |   3.00e-04 |     
    4 |     0.2153 |     0.7383 |    0.6212 |     0.2013 |     0.7654 |    0.6509 |   2.99e-04 |     
    5 |     0.2041 |     0.7514 |    0.6359 |     0.1929 |     0.7592 |    0.6456 |   2.98e-04 |     
    6 |     0.2002 |     0.7575 |    0.6433 |     0.1994 |     0.7556 |    0.6374 |   2.97e-04 |     
    7 |     0.1959 |     0.7613 |    0.6476 |     0.1953 |     0.7677 |    0.6559 |   2.96e-04 |     
    8 |     0.1917 |     0.7652 |    0.6526 |     0.1819 |     0.7753 |    0.6638 |   2.94e-04 |     
    9 |     0.1890 |     0.7689 |    0.6569 |     0.1877 |     0.7648 |    0.6526 |   2.92e-04 |     
   10 |     0.1909 |     0.7674 |    0.6547 |     0.1967 |     0.7614 |    0.6474 |   2.91e-04 |     
   11 |     0.1850 |     0.7752 |    0.6643 |     0.1777 |     0.7851 |    0.6761 |   2.88e-04 |     
   12 |     0.1847 |     0.7750 |    0.6644 |     0.1820 |     0.7863 |    0.6777 |   2.86e-04 |     
   13 |     0.1819 |     0.7786 |    0.6681 |     0.1785 |     0.7822 |    0.6720 |   2.83e-04 |     
   14 |     0.1792 |     0.7815 |    0.6721 |     0.1710 |     0.7906 |    0.6822 |   2.80e-04 |     
   15 |     0.1799 |     0.7798 |    0.6700 |     0.1677 |     0.7939 |    0.6878 |   2.77e-04 |     
   16 |     0.1784 |     0.7828 |    0.6735 |     0.1778 |     0.7969 |    0.6907 |   2.74e-04 |     
   17 |     0.1800 |     0.7809 |    0.6717 |     0.1871 |     0.7775 |    0.6682 |   2.71e-04 |     
   18 |     0.1765 |     0.7859 |    0.6774 |     0.1763 |     0.7844 |    0.6744 |   2.67e-04 |     
   19 |     0.1725 |     0.7898 |    0.6825 |     0.1650 |     0.7980 |    0.6943 |   2.63e-04 |     
   20 |     0.1717 |     0.7911 |    0.6844 |     0.1718 |     0.7842 |    0.6753 |   2.59e-04 |     
   21 |     0.1702 |     0.7920 |    0.6849 |     0.1709 |     0.7905 |    0.6816 |   2.55e-04 |     
   22 |     0.1715 |     0.7907 |    0.6835 |     0.1778 |     0.7882 |    0.6809 |   2.51e-04 |     
   23 |     0.1702 |     0.7927 |    0.6865 |     0.1680 |     0.7894 |    0.6837 |   2.46e-04 |     
   24 |     0.1674 |     0.7964 |    0.6902 |     0.1675 |     0.8056 |    0.7029 |   2.42e-04 |     
   25 |     0.1664 |     0.7976 |    0.6919 |     0.1719 |     0.7939 |    0.6891 |   2.37e-04 |     
   26 |     0.1663 |     0.7975 |    0.6916 |     0.1635 |     0.7985 |    0.6924 |   2.32e-04 |     
   27 |     0.1632 |     0.8013 |    0.6966 |     0.1589 |     0.8088 |    0.7069 |   2.27e-04 |     
   28 |     0.1623 |     0.8031 |    0.6989 |     0.1645 |     0.8009 |    0.6963 |   2.22e-04 |     
   29 |     0.1611 |     0.8041 |    0.7006 |     0.1656 |     0.8001 |    0.6931 |   2.17e-04 |     
   30 |     0.1618 |     0.8040 |    0.6998 |     0.1588 |     0.8091 |    0.7079 |   2.11e-04 |     
   31 |     0.1594 |     0.8063 |    0.7029 |     0.1735 |     0.8039 |    0.6998 |   2.06e-04 |     
   32 |     0.1576 |     0.8091 |    0.7058 |     0.1622 |     0.8091 |    0.7070 |   2.00e-04 |     
   33 |     0.1577 |     0.8087 |    0.7056 |     0.1609 |     0.8024 |    0.6973 |   1.94e-04 |     
   34 |     0.1562 |     0.8101 |    0.7068 |     0.1622 |     0.8074 |    0.7042 |   1.89e-04 |     
   35 |     0.1543 |     0.8127 |    0.7105 |     0.1590 |     0.8114 |    0.7084 |   1.83e-04 |     
   36 |     0.1530 |     0.8139 |    0.7122 |     0.1560 |     0.8113 |    0.7104 |   1.77e-04 |     
   37 |     0.1544 |     0.8121 |    0.7103 |     0.1576 |     0.8048 |    0.7006 |   1.71e-04 |     
   38 |     0.1519 |     0.8155 |    0.7140 |     0.1594 |     0.8036 |    0.7011 |   1.65e-04 |     
   39 |     0.1511 |     0.8165 |    0.7156 |     0.1547 |     0.8127 |    0.7130 |   1.59e-04 |     
   40 |     0.1492 |     0.8187 |    0.7181 |     0.1550 |     0.8122 |    0.7119 |   1.53e-04 |     
   41 |     0.1486 |     0.8205 |    0.7201 |     0.1542 |     0.8149 |    0.7152 |   1.48e-04 |     
   42 |     0.1468 |     0.8219 |    0.7222 |     0.1529 |     0.8168 |    0.7168 |   1.42e-04 |     
   43 |     0.1460 |     0.8226 |    0.7231 |     0.1575 |     0.8148 |    0.7142 |   1.36e-04 |     
   44 |     0.1454 |     0.8243 |    0.7250 |     0.1487 |     0.8215 |    0.7231 |   1.30e-04 |     
   45 |     0.1453 |     0.8241 |    0.7249 |     0.1575 |     0.8131 |    0.7132 |   1.24e-04 |     
   46 |     0.1421 |     0.8281 |    0.7296 |     0.1538 |     0.8164 |    0.7176 |   1.18e-04 |     
   47 |     0.1414 |     0.8288 |    0.7311 |     0.1522 |     0.8132 |    0.7120 |   1.12e-04 |     
   48 |     0.1422 |     0.8276 |    0.7296 |     0.1520 |     0.8204 |    0.7208 |   1.07e-04 |     
   49 |     0.1402 |     0.8301 |    0.7329 |     0.1537 |     0.8191 |    0.7205 |   1.01e-04 |     
   50 |     0.1385 |     0.8330 |    0.7361 |     0.1526 |     0.8181 |    0.7188 |   9.54e-05 |     
   51 |     0.1375 |     0.8339 |    0.7374 |     0.1565 |     0.8201 |    0.7222 |   8.99e-05 |     
   52 |     0.1359 |     0.8353 |    0.7390 |     0.1593 |     0.8098 |    0.7102 |   8.45e-05 |     
   53 |     0.1337 |     0.8385 |    0.7431 |     0.1486 |     0.8225 |    0.7252 |   7.92e-05 |    *
   54 |     0.1336 |     0.8387 |    0.7433 |     0.1496 |     0.8192 |    0.7209 |   7.40e-05 |     
   55 |     0.1325 |     0.8400 |    0.7450 |     0.1551 |     0.8162 |    0.7170 |   6.90e-05 |     
   56 |     0.1316 |     0.8405 |    0.7457 |     0.1513 |     0.8199 |    0.7207 |   6.41e-05 |     
   57 |     0.1306 |     0.8427 |    0.7486 |     0.1505 |     0.8224 |    0.7243 |   5.93e-05 |     
   58 |     0.1281 |     0.8451 |    0.7513 |     0.1538 |     0.8206 |    0.7233 |   5.47e-05 |     
--- R2 plus final-map regional overlap: global validation statistics ---
up4: ca=0.8896+/-0.1024, sa=1.0095+/-0.0067, amp=0.0000, suppress=0.0000, guide_abs=0.1858
up4 residuals: local_mean=7.017e-02, global_mean=0.0127, local_strength=0.1156, global_strength=0.1150, gain=[0.9898,1.0513], saturation=0.1020, text_film=0.0230
up4 haar: reconstruction_error=9.537e-07, skip_low/high=0.8085/0.1915, plam_low/high=1.0000/0.0000
up4 strengths: plam=0.9169, region=0.1156, detail=0.1150; residual_std region/detail/refine=0.3277/0.4048/0.3264
up4 guide_mix: entropy=0.9801, raw_low=0.3181, plam_low=0.2520, decoder_low=0.2693, detail=0.1606; agreement plam/decoder=0.2803/0.5809, support=0.8236+/-0.0844
up4 adaptive_frequency: ALPF strength=0.2531, weights=0.1440/0.7158/0.1402, sum=1.0000, entropy=0.7219, delta_std=0.0787; AHPF strength=0.0742, weights=0.3135/0.5237/0.1627, sum=1.0000, entropy=0.9021, residual_std=0.1000, scaled_std=0.0074
up3: ca=1.0020+/-0.1544, sa=1.0112+/-0.0054, amp=0.0000, suppress=0.0000, guide_abs=0.3366
up3 residuals: local_mean=3.528e-02, global_mean=0.0594, local_strength=0.1142, global_strength=0.1209, gain=[0.9879,1.0473], saturation=0.0000, text_film=0.0269
up3 haar: reconstruction_error=9.537e-07, skip_low/high=0.7802/0.2198, plam_low/high=1.0000/0.0000
up3 strengths: plam=0.9125, region=0.1142, detail=0.1209; residual_std region/detail/refine=0.3065/0.6084/0.5334
up3 guide_mix: entropy=0.9809, raw_low=0.3343, plam_low=0.2355, decoder_low=0.2565, detail=0.1736; agreement plam/decoder=0.5661/0.1753, support=0.7503+/-0.0616
up3 adaptive_frequency: ALPF strength=0.3043, weights=0.0835/0.2915/0.6249, sum=1.0000, entropy=0.6812, delta_std=0.0732; AHPF strength=0.1103, weights=0.7250/0.1550/0.1200, sum=1.0000, entropy=0.6254, residual_std=0.0678, scaled_std=0.0075
up2: ca=0.9224+/-0.0883, sa=1.0054+/-0.0027, amp=0.0000, suppress=0.0000, guide_abs=0.1934
up2 residuals: local_mean=1.661e-03, global_mean=0.0452, local_strength=0.1196, global_strength=0.1161, gain=[0.9772,1.0361], saturation=0.0000, text_film=0.0314
up2 haar: reconstruction_error=9.537e-07, skip_low/high=0.7643/0.2357, plam_low/high=1.0000/0.0000
up2 strengths: plam=0.8498, region=0.1196, detail=0.1161; residual_std region/detail/refine=0.2189/0.2780/0.1518
up2 guide_mix: entropy=0.9592, raw_low=0.3084, plam_low=0.1771, decoder_low=0.3551, detail=0.1595; agreement plam/decoder=0.7545/0.1465, support=0.5711+/-0.0370
up1: ca=0.8451+/-0.1111, sa=1.0038+/-0.0132, amp=0.0000, suppress=0.0000, guide_abs=0.2055
up1 residuals: local_mean=-6.401e-03, global_mean=0.0463, local_strength=0.1265, global_strength=0.1003, gain=[0.9030,1.0975], saturation=0.0538, text_film=0.0460
up1 haar: reconstruction_error=2.027e-06, skip_low/high=0.7262/0.2738, plam_low/high=1.0000/0.0000
up1 strengths: plam=0.9237, region=0.1265, detail=0.1003; residual_std region/detail/refine=0.6009/0.3927/0.1867
up1 guide_mix: entropy=0.9530, raw_low=0.2755, plam_low=0.2698, decoder_low=0.3424, detail=0.1124; agreement plam/decoder=0.4417/-0.0547, support=0.7242+/-0.1061

========= Epoch [59/80] =========
RS1_Test_session_09.11_04h18
Training with batch size : 16
   [Train] Epoch: [59][20/357]  Loss:0.099 (Avg 0.1240) IoU:0.804 (Avg 0.7550) Dice:0.8857 (Avg 0.8484) LR 5.02e-05   (AvgTime 0.6)   
   [Train] Epoch: [59][40/357]  Loss:0.089 (Avg 0.1211) IoU:0.835 (Avg 0.7621) Dice:0.9007 (Avg 0.8532) LR 5.02e-05   (AvgTime 0.6)   
   [Train] Epoch: [59][60/357]  Loss:0.092 (Avg 0.1241) IoU:0.827 (Avg 0.7582) Dice:0.8996 (Avg 0.8499) LR 5.02e-05   (AvgTime 0.6)   
   [Train] Epoch: [59][80/357]  Loss:0.133 (Avg 0.1266) IoU:0.753 (Avg 0.7532) Dice:0.8448 (Avg 0.8468) LR 5.02e-05   (AvgTime 0.6)   
   [Train] Epoch: [59][100/357]  Loss:0.106 (Avg 0.1268) IoU:0.768 (Avg 0.7533) Dice:0.8616 (Avg 0.8468) LR 5.02e-05   (AvgTime 0.6)   
   [Train] Epoch: [59][120/357]  Loss:0.113 (Avg 0.1265) IoU:0.778 (Avg 0.7537) Dice:0.8674 (Avg 0.8468) LR 5.02e-05   (AvgTime 0.6)   
   [Train] Epoch: [59][140/357]  Loss:0.150 (Avg 0.1258) IoU:0.705 (Avg 0.7552) Dice:0.8107 (Avg 0.8478) LR 5.02e-05   (AvgTime 0.6)   
   [Train] Epoch: [59][160/357]  Loss:0.119 (Avg 0.1259) IoU:0.746 (Avg 0.7544) Dice:0.8498 (Avg 0.8474) LR 5.02e-05   (AvgTime 0.6)   
   [Train] Epoch: [59][180/357]  Loss:0.141 (Avg 0.1262) IoU:0.731 (Avg 0.7543) Dice:0.8355 (Avg 0.8474) LR 5.02e-05   (AvgTime 0.6)   
   [Train] Epoch: [59][200/357]  Loss:0.113 (Avg 0.1263) IoU:0.762 (Avg 0.7540) Dice:0.8520 (Avg 0.8474) LR 5.02e-05   (AvgTime 0.6)   
   [Train] Epoch: [59][220/357]  Loss:0.122 (Avg 0.1265) IoU:0.764 (Avg 0.7536) Dice:0.8526 (Avg 0.8469) LR 5.02e-05   (AvgTime 0.6)   
   [Train] Epoch: [59][240/357]  Loss:0.152 (Avg 0.1264) IoU:0.693 (Avg 0.7542) Dice:0.7991 (Avg 0.8473) LR 5.02e-05   (AvgTime 0.6)   
   [Train] Epoch: [59][260/357]  Loss:0.148 (Avg 0.1263) IoU:0.708 (Avg 0.7543) Dice:0.8081 (Avg 0.8475) LR 5.02e-05   (AvgTime 0.6)   
   [Train] Epoch: [59][280/357]  Loss:0.128 (Avg 0.1262) IoU:0.750 (Avg 0.7543) Dice:0.8464 (Avg 0.8474) LR 5.02e-05   (AvgTime 0.6)   
   [Train] Epoch: [59][300/357]  Loss:0.071 (Avg 0.1262) IoU:0.864 (Avg 0.7544) Dice:0.9259 (Avg 0.8475) LR 5.02e-05   (AvgTime 0.6)   
   [Train] Epoch: [59][320/357]  Loss:0.141 (Avg 0.1262) IoU:0.747 (Avg 0.7543) Dice:0.8409 (Avg 0.8475) LR 5.02e-05   (AvgTime 0.6)   
   [Train] Epoch: [59][340/357]  Loss:0.158 (Avg 0.1268) IoU:0.719 (Avg 0.7537) Dice:0.8185 (Avg 0.8470) LR 5.02e-05   (AvgTime 0.6)   
   [Train] Epoch: [59][357/357]  Loss:0.115 (Avg 0.1267) IoU:0.776 (Avg 0.7541) Dice:0.8690 (Avg 0.8473) LR 5.02e-05   (AvgTime 0.6)   
   [Train] Loss components: main_dice=0.126090, main_focal=0.043468, main=0.084779, region_raw=0.326450, region_weighted=0.041887, empty_window_fraction=0.000000, total=0.126666
Validation
   [Val] Epoch: [59][20/90]  Loss:0.196 (Avg 0.1592) IoU:0.650 (Avg 0.7243) Dice:0.7742 (Avg 0.8253) (AvgTime 0.3)   
   [Val] Epoch: [59][40/90]  Loss:0.150 (Avg 0.1625) IoU:0.713 (Avg 0.7131) Dice:0.8201 (Avg 0.8148) (AvgTime 0.2)   
   [Val] Epoch: [59][60/90]  Loss:0.203 (Avg 0.1522) IoU:0.648 (Avg 0.7259) Dice:0.7557 (Avg 0.8235) (AvgTime 0.2)   
   [Val] Epoch: [59][80/90]  Loss:0.139 (Avg 0.1508) IoU:0.724 (Avg 0.7258) Dice:0.8245 (Avg 0.8235) (AvgTime 0.2)   
   [Val] Epoch: [59][90/90]  Loss:0.216 (Avg 0.1515) IoU:0.577 (Avg 0.7248) Dice:0.7131 (Avg 0.8226) (AvgTime 0.2)   
   [Val] Loss components: main_dice=0.147021, main_focal=0.066798, main=0.106909, region_raw=0.347895, region_weighted=0.044639, empty_window_fraction=0.000000, total=0.151548
	 No iou improvement; selected epoch 53
	 early_stopping_count: 6/80
--- Epoch History (1..59) ---
Epoch |  TrainLoss |  TrainDice |  TrainIoU |    ValLoss |    ValDice |    ValIoU |         LR | Best
    1 |     0.3274 |     0.6089 |    0.4797 |     0.3091 |     0.6203 |    0.4911 |   3.00e-04 |     
    2 |     0.2493 |     0.7003 |    0.5773 |     0.2277 |     0.7202 |    0.6053 |   3.00e-04 |     
    3 |     0.2258 |     0.7259 |    0.6062 |     0.2068 |     0.7560 |    0.6429 |   3.00e-04 |     
    4 |     0.2153 |     0.7383 |    0.6212 |     0.2013 |     0.7654 |    0.6509 |   2.99e-04 |     
    5 |     0.2041 |     0.7514 |    0.6359 |     0.1929 |     0.7592 |    0.6456 |   2.98e-04 |     
    6 |     0.2002 |     0.7575 |    0.6433 |     0.1994 |     0.7556 |    0.6374 |   2.97e-04 |     
    7 |     0.1959 |     0.7613 |    0.6476 |     0.1953 |     0.7677 |    0.6559 |   2.96e-04 |     
    8 |     0.1917 |     0.7652 |    0.6526 |     0.1819 |     0.7753 |    0.6638 |   2.94e-04 |     
    9 |     0.1890 |     0.7689 |    0.6569 |     0.1877 |     0.7648 |    0.6526 |   2.92e-04 |     
   10 |     0.1909 |     0.7674 |    0.6547 |     0.1967 |     0.7614 |    0.6474 |   2.91e-04 |     
   11 |     0.1850 |     0.7752 |    0.6643 |     0.1777 |     0.7851 |    0.6761 |   2.88e-04 |     
   12 |     0.1847 |     0.7750 |    0.6644 |     0.1820 |     0.7863 |    0.6777 |   2.86e-04 |     
   13 |     0.1819 |     0.7786 |    0.6681 |     0.1785 |     0.7822 |    0.6720 |   2.83e-04 |     
   14 |     0.1792 |     0.7815 |    0.6721 |     0.1710 |     0.7906 |    0.6822 |   2.80e-04 |     
   15 |     0.1799 |     0.7798 |    0.6700 |     0.1677 |     0.7939 |    0.6878 |   2.77e-04 |     
   16 |     0.1784 |     0.7828 |    0.6735 |     0.1778 |     0.7969 |    0.6907 |   2.74e-04 |     
   17 |     0.1800 |     0.7809 |    0.6717 |     0.1871 |     0.7775 |    0.6682 |   2.71e-04 |     
   18 |     0.1765 |     0.7859 |    0.6774 |     0.1763 |     0.7844 |    0.6744 |   2.67e-04 |     
   19 |     0.1725 |     0.7898 |    0.6825 |     0.1650 |     0.7980 |    0.6943 |   2.63e-04 |     
   20 |     0.1717 |     0.7911 |    0.6844 |     0.1718 |     0.7842 |    0.6753 |   2.59e-04 |     
   21 |     0.1702 |     0.7920 |    0.6849 |     0.1709 |     0.7905 |    0.6816 |   2.55e-04 |     
   22 |     0.1715 |     0.7907 |    0.6835 |     0.1778 |     0.7882 |    0.6809 |   2.51e-04 |     
   23 |     0.1702 |     0.7927 |    0.6865 |     0.1680 |     0.7894 |    0.6837 |   2.46e-04 |     
   24 |     0.1674 |     0.7964 |    0.6902 |     0.1675 |     0.8056 |    0.7029 |   2.42e-04 |     
   25 |     0.1664 |     0.7976 |    0.6919 |     0.1719 |     0.7939 |    0.6891 |   2.37e-04 |     
   26 |     0.1663 |     0.7975 |    0.6916 |     0.1635 |     0.7985 |    0.6924 |   2.32e-04 |     
   27 |     0.1632 |     0.8013 |    0.6966 |     0.1589 |     0.8088 |    0.7069 |   2.27e-04 |     
   28 |     0.1623 |     0.8031 |    0.6989 |     0.1645 |     0.8009 |    0.6963 |   2.22e-04 |     
   29 |     0.1611 |     0.8041 |    0.7006 |     0.1656 |     0.8001 |    0.6931 |   2.17e-04 |     
   30 |     0.1618 |     0.8040 |    0.6998 |     0.1588 |     0.8091 |    0.7079 |   2.11e-04 |     
   31 |     0.1594 |     0.8063 |    0.7029 |     0.1735 |     0.8039 |    0.6998 |   2.06e-04 |     
   32 |     0.1576 |     0.8091 |    0.7058 |     0.1622 |     0.8091 |    0.7070 |   2.00e-04 |     
   33 |     0.1577 |     0.8087 |    0.7056 |     0.1609 |     0.8024 |    0.6973 |   1.94e-04 |     
   34 |     0.1562 |     0.8101 |    0.7068 |     0.1622 |     0.8074 |    0.7042 |   1.89e-04 |     
   35 |     0.1543 |     0.8127 |    0.7105 |     0.1590 |     0.8114 |    0.7084 |   1.83e-04 |     
   36 |     0.1530 |     0.8139 |    0.7122 |     0.1560 |     0.8113 |    0.7104 |   1.77e-04 |     
   37 |     0.1544 |     0.8121 |    0.7103 |     0.1576 |     0.8048 |    0.7006 |   1.71e-04 |     
   38 |     0.1519 |     0.8155 |    0.7140 |     0.1594 |     0.8036 |    0.7011 |   1.65e-04 |     
   39 |     0.1511 |     0.8165 |    0.7156 |     0.1547 |     0.8127 |    0.7130 |   1.59e-04 |     
   40 |     0.1492 |     0.8187 |    0.7181 |     0.1550 |     0.8122 |    0.7119 |   1.53e-04 |     
   41 |     0.1486 |     0.8205 |    0.7201 |     0.1542 |     0.8149 |    0.7152 |   1.48e-04 |     
   42 |     0.1468 |     0.8219 |    0.7222 |     0.1529 |     0.8168 |    0.7168 |   1.42e-04 |     
   43 |     0.1460 |     0.8226 |    0.7231 |     0.1575 |     0.8148 |    0.7142 |   1.36e-04 |     
   44 |     0.1454 |     0.8243 |    0.7250 |     0.1487 |     0.8215 |    0.7231 |   1.30e-04 |     
   45 |     0.1453 |     0.8241 |    0.7249 |     0.1575 |     0.8131 |    0.7132 |   1.24e-04 |     
   46 |     0.1421 |     0.8281 |    0.7296 |     0.1538 |     0.8164 |    0.7176 |   1.18e-04 |     
   47 |     0.1414 |     0.8288 |    0.7311 |     0.1522 |     0.8132 |    0.7120 |   1.12e-04 |     
   48 |     0.1422 |     0.8276 |    0.7296 |     0.1520 |     0.8204 |    0.7208 |   1.07e-04 |     
   49 |     0.1402 |     0.8301 |    0.7329 |     0.1537 |     0.8191 |    0.7205 |   1.01e-04 |     
   50 |     0.1385 |     0.8330 |    0.7361 |     0.1526 |     0.8181 |    0.7188 |   9.54e-05 |     
   51 |     0.1375 |     0.8339 |    0.7374 |     0.1565 |     0.8201 |    0.7222 |   8.99e-05 |     
   52 |     0.1359 |     0.8353 |    0.7390 |     0.1593 |     0.8098 |    0.7102 |   8.45e-05 |     
   53 |     0.1337 |     0.8385 |    0.7431 |     0.1486 |     0.8225 |    0.7252 |   7.92e-05 |    *
   54 |     0.1336 |     0.8387 |    0.7433 |     0.1496 |     0.8192 |    0.7209 |   7.40e-05 |     
   55 |     0.1325 |     0.8400 |    0.7450 |     0.1551 |     0.8162 |    0.7170 |   6.90e-05 |     
   56 |     0.1316 |     0.8405 |    0.7457 |     0.1513 |     0.8199 |    0.7207 |   6.41e-05 |     
   57 |     0.1306 |     0.8427 |    0.7486 |     0.1505 |     0.8224 |    0.7243 |   5.93e-05 |     
   58 |     0.1281 |     0.8451 |    0.7513 |     0.1538 |     0.8206 |    0.7233 |   5.47e-05 |     
   59 |     0.1267 |     0.8473 |    0.7541 |     0.1515 |     0.8226 |    0.7248 |   5.02e-05 |     
--- R2 plus final-map regional overlap: global validation statistics ---
up4: ca=0.8900+/-0.1001, sa=1.0095+/-0.0068, amp=0.0000, suppress=0.0000, guide_abs=0.1764
up4 residuals: local_mean=6.928e-02, global_mean=0.0135, local_strength=0.1156, global_strength=0.1150, gain=[0.9910,1.0512], saturation=0.0765, text_film=0.0235
up4 haar: reconstruction_error=6.258e-07, skip_low/high=0.8069/0.1931, plam_low/high=1.0000/0.0000
up4 strengths: plam=0.9169, region=0.1156, detail=0.1150; residual_std region/detail/refine=0.3194/0.4015/0.3244
up4 guide_mix: entropy=0.9806, raw_low=0.3208, plam_low=0.2498, decoder_low=0.2662, detail=0.1632; agreement plam/decoder=0.3063/0.6086, support=0.8068+/-0.0904
up4 adaptive_frequency: ALPF strength=0.2531, weights=0.1458/0.7162/0.1380, sum=1.0000, entropy=0.7213, delta_std=0.0764; AHPF strength=0.0742, weights=0.3148/0.5229/0.1623, sum=1.0000, entropy=0.9030, residual_std=0.1001, scaled_std=0.0074
up3: ca=1.0038+/-0.1540, sa=1.0114+/-0.0056, amp=0.0000, suppress=0.0000, guide_abs=0.3358
up3 residuals: local_mean=3.705e-02, global_mean=0.0595, local_strength=0.1143, global_strength=0.1210, gain=[0.9865,1.0445], saturation=0.0000, text_film=0.0286
up3 haar: reconstruction_error=9.537e-07, skip_low/high=0.7773/0.2227, plam_low/high=1.0000/0.0000
up3 strengths: plam=0.9124, region=0.1143, detail=0.1210; residual_std region/detail/refine=0.2979/0.6116/0.5368
up3 guide_mix: entropy=0.9815, raw_low=0.3322, plam_low=0.2368, decoder_low=0.2569, detail=0.1741; agreement plam/decoder=0.5910/0.1795, support=0.7482+/-0.0631
up3 adaptive_frequency: ALPF strength=0.3047, weights=0.0849/0.3048/0.6102, sum=1.0000, entropy=0.6810, delta_std=0.0723; AHPF strength=0.1104, weights=0.6930/0.1669/0.1400, sum=1.0000, entropy=0.6561, residual_std=0.0766, scaled_std=0.0085
up2: ca=0.9185+/-0.0882, sa=1.0054+/-0.0028, amp=0.0000, suppress=0.0000, guide_abs=0.1919
up2 residuals: local_mean=1.601e-03, global_mean=0.0446, local_strength=0.1197, global_strength=0.1161, gain=[0.9756,1.0370], saturation=0.0000, text_film=0.0333
up2 haar: reconstruction_error=1.013e-06, skip_low/high=0.7614/0.2386, plam_low/high=1.0000/0.0000
up2 strengths: plam=0.8497, region=0.1197, detail=0.1161; residual_std region/detail/refine=0.2200/0.2815/0.1517
up2 guide_mix: entropy=0.9599, raw_low=0.3072, plam_low=0.1769, decoder_low=0.3550, detail=0.1610; agreement plam/decoder=0.7740/0.1409, support=0.5721+/-0.0378
up1: ca=0.8487+/-0.1113, sa=1.0038+/-0.0134, amp=0.0000, suppress=0.0000, guide_abs=0.2076
up1 residuals: local_mean=-5.799e-03, global_mean=0.0463, local_strength=0.1265, global_strength=0.1003, gain=[0.9027,1.0977], saturation=0.0522, text_film=0.0473
up1 haar: reconstruction_error=2.414e-06, skip_low/high=0.7270/0.2730, plam_low/high=1.0000/0.0000
up1 strengths: plam=0.9235, region=0.1265, detail=0.1003; residual_std region/detail/refine=0.5579/0.4018/0.1872
up1 guide_mix: entropy=0.9548, raw_low=0.2849, plam_low=0.2588, decoder_low=0.3409, detail=0.1154; agreement plam/decoder=0.5357/-0.1069, support=0.7250+/-0.1038

========= Epoch [60/80] =========
RS1_Test_session_09.11_04h18
Training with batch size : 16
   [Train] Epoch: [60][20/357]  Loss:0.116 (Avg 0.1355) IoU:0.774 (Avg 0.7423) Dice:0.8627 (Avg 0.8378) LR 4.58e-05   (AvgTime 0.5)   
   [Train] Epoch: [60][40/357]  Loss:0.099 (Avg 0.1328) IoU:0.799 (Avg 0.7453) Dice:0.8818 (Avg 0.8405) LR 4.58e-05   (AvgTime 0.6)   
   [Train] Epoch: [60][60/357]  Loss:0.124 (Avg 0.1300) IoU:0.743 (Avg 0.7492) Dice:0.8380 (Avg 0.8437) LR 4.58e-05   (AvgTime 0.6)   
   [Train] Epoch: [60][80/357]  Loss:0.123 (Avg 0.1304) IoU:0.760 (Avg 0.7475) Dice:0.8524 (Avg 0.8425) LR 4.58e-05   (AvgTime 0.6)   
   [Train] Epoch: [60][100/357]  Loss:0.096 (Avg 0.1278) IoU:0.808 (Avg 0.7518) Dice:0.8837 (Avg 0.8461) LR 4.58e-05   (AvgTime 0.6)   
   [Train] Epoch: [60][120/357]  Loss:0.166 (Avg 0.1278) IoU:0.694 (Avg 0.7520) Dice:0.7996 (Avg 0.8458) LR 4.58e-05   (AvgTime 0.6)   
   [Train] Epoch: [60][140/357]  Loss:0.139 (Avg 0.1281) IoU:0.713 (Avg 0.7513) Dice:0.8074 (Avg 0.8452) LR 4.58e-05   (AvgTime 0.6)   
   [Train] Epoch: [60][160/357]  Loss:0.143 (Avg 0.1271) IoU:0.695 (Avg 0.7530) Dice:0.8132 (Avg 0.8468) LR 4.58e-05   (AvgTime 0.6)   
   [Train] Epoch: [60][180/357]  Loss:0.117 (Avg 0.1277) IoU:0.767 (Avg 0.7521) Dice:0.8541 (Avg 0.8461) LR 4.58e-05   (AvgTime 0.6)   
   [Train] Epoch: [60][200/357]  Loss:0.123 (Avg 0.1280) IoU:0.758 (Avg 0.7519) Dice:0.8504 (Avg 0.8458) LR 4.58e-05   (AvgTime 0.6)   
   [Train] Epoch: [60][220/357]  Loss:0.111 (Avg 0.1271) IoU:0.763 (Avg 0.7532) Dice:0.8615 (Avg 0.8468) LR 4.58e-05   (AvgTime 0.6)   
   [Train] Epoch: [60][240/357]  Loss:0.091 (Avg 0.1261) IoU:0.818 (Avg 0.7551) Dice:0.8967 (Avg 0.8482) LR 4.58e-05   (AvgTime 0.6)   
   [Train] Epoch: [60][260/357]  Loss:0.115 (Avg 0.1258) IoU:0.788 (Avg 0.7557) Dice:0.8730 (Avg 0.8486) LR 4.58e-05   (AvgTime 0.6)   
   [Train] Epoch: [60][280/357]  Loss:0.121 (Avg 0.1257) IoU:0.795 (Avg 0.7558) Dice:0.8762 (Avg 0.8486) LR 4.58e-05   (AvgTime 0.6)   
   [Train] Epoch: [60][300/357]  Loss:0.154 (Avg 0.1256) IoU:0.695 (Avg 0.7556) Dice:0.7977 (Avg 0.8485) LR 4.58e-05   (AvgTime 0.6)   
   [Train] Epoch: [60][320/357]  Loss:0.127 (Avg 0.1260) IoU:0.758 (Avg 0.7551) Dice:0.8552 (Avg 0.8481) LR 4.58e-05   (AvgTime 0.6)   
   [Train] Epoch: [60][340/357]  Loss:0.151 (Avg 0.1256) IoU:0.705 (Avg 0.7558) Dice:0.8073 (Avg 0.8486) LR 4.58e-05   (AvgTime 0.6)   
   [Train] Epoch: [60][357/357]  Loss:0.130 (Avg 0.1254) IoU:0.754 (Avg 0.7562) Dice:0.8442 (Avg 0.8489) LR 4.58e-05   (AvgTime 0.6)   
   [Train] Loss components: main_dice=0.124843, main_focal=0.042898, main=0.083871, region_raw=0.323740, region_weighted=0.041540, empty_window_fraction=0.000000, total=0.125410
Validation
   [Val] Epoch: [60][20/90]  Loss:0.186 (Avg 0.1611) IoU:0.676 (Avg 0.7267) Dice:0.7941 (Avg 0.8270) (AvgTime 0.3)   
   [Val] Epoch: [60][40/90]  Loss:0.131 (Avg 0.1643) IoU:0.739 (Avg 0.7146) Dice:0.8384 (Avg 0.8158) (AvgTime 0.2)   
   [Val] Epoch: [60][60/90]  Loss:0.203 (Avg 0.1541) IoU:0.643 (Avg 0.7248) Dice:0.7529 (Avg 0.8225) (AvgTime 0.2)   
   [Val] Epoch: [60][80/90]  Loss:0.133 (Avg 0.1537) IoU:0.739 (Avg 0.7237) Dice:0.8356 (Avg 0.8216) (AvgTime 0.2)   
   [Val] Epoch: [60][90/90]  Loss:0.221 (Avg 0.1534) IoU:0.581 (Avg 0.7240) Dice:0.7169 (Avg 0.8220) (AvgTime 0.2)   
   [Val] Loss components: main_dice=0.148138, main_focal=0.071349, main=0.109743, region_raw=0.340545, region_weighted=0.043696, empty_window_fraction=0.000000, total=0.153439
	 No iou improvement; selected epoch 53
	 early_stopping_count: 7/80
--- Epoch History (1..60) ---
Epoch |  TrainLoss |  TrainDice |  TrainIoU |    ValLoss |    ValDice |    ValIoU |         LR | Best
    1 |     0.3274 |     0.6089 |    0.4797 |     0.3091 |     0.6203 |    0.4911 |   3.00e-04 |     
    2 |     0.2493 |     0.7003 |    0.5773 |     0.2277 |     0.7202 |    0.6053 |   3.00e-04 |     
    3 |     0.2258 |     0.7259 |    0.6062 |     0.2068 |     0.7560 |    0.6429 |   3.00e-04 |     
    4 |     0.2153 |     0.7383 |    0.6212 |     0.2013 |     0.7654 |    0.6509 |   2.99e-04 |     
    5 |     0.2041 |     0.7514 |    0.6359 |     0.1929 |     0.7592 |    0.6456 |   2.98e-04 |     
    6 |     0.2002 |     0.7575 |    0.6433 |     0.1994 |     0.7556 |    0.6374 |   2.97e-04 |     
    7 |     0.1959 |     0.7613 |    0.6476 |     0.1953 |     0.7677 |    0.6559 |   2.96e-04 |     
    8 |     0.1917 |     0.7652 |    0.6526 |     0.1819 |     0.7753 |    0.6638 |   2.94e-04 |     
    9 |     0.1890 |     0.7689 |    0.6569 |     0.1877 |     0.7648 |    0.6526 |   2.92e-04 |     
   10 |     0.1909 |     0.7674 |    0.6547 |     0.1967 |     0.7614 |    0.6474 |   2.91e-04 |     
   11 |     0.1850 |     0.7752 |    0.6643 |     0.1777 |     0.7851 |    0.6761 |   2.88e-04 |     
   12 |     0.1847 |     0.7750 |    0.6644 |     0.1820 |     0.7863 |    0.6777 |   2.86e-04 |     
   13 |     0.1819 |     0.7786 |    0.6681 |     0.1785 |     0.7822 |    0.6720 |   2.83e-04 |     
   14 |     0.1792 |     0.7815 |    0.6721 |     0.1710 |     0.7906 |    0.6822 |   2.80e-04 |     
   15 |     0.1799 |     0.7798 |    0.6700 |     0.1677 |     0.7939 |    0.6878 |   2.77e-04 |     
   16 |     0.1784 |     0.7828 |    0.6735 |     0.1778 |     0.7969 |    0.6907 |   2.74e-04 |     
   17 |     0.1800 |     0.7809 |    0.6717 |     0.1871 |     0.7775 |    0.6682 |   2.71e-04 |     
   18 |     0.1765 |     0.7859 |    0.6774 |     0.1763 |     0.7844 |    0.6744 |   2.67e-04 |     
   19 |     0.1725 |     0.7898 |    0.6825 |     0.1650 |     0.7980 |    0.6943 |   2.63e-04 |     
   20 |     0.1717 |     0.7911 |    0.6844 |     0.1718 |     0.7842 |    0.6753 |   2.59e-04 |     
   21 |     0.1702 |     0.7920 |    0.6849 |     0.1709 |     0.7905 |    0.6816 |   2.55e-04 |     
   22 |     0.1715 |     0.7907 |    0.6835 |     0.1778 |     0.7882 |    0.6809 |   2.51e-04 |     
   23 |     0.1702 |     0.7927 |    0.6865 |     0.1680 |     0.7894 |    0.6837 |   2.46e-04 |     
   24 |     0.1674 |     0.7964 |    0.6902 |     0.1675 |     0.8056 |    0.7029 |   2.42e-04 |     
   25 |     0.1664 |     0.7976 |    0.6919 |     0.1719 |     0.7939 |    0.6891 |   2.37e-04 |     
   26 |     0.1663 |     0.7975 |    0.6916 |     0.1635 |     0.7985 |    0.6924 |   2.32e-04 |     
   27 |     0.1632 |     0.8013 |    0.6966 |     0.1589 |     0.8088 |    0.7069 |   2.27e-04 |     
   28 |     0.1623 |     0.8031 |    0.6989 |     0.1645 |     0.8009 |    0.6963 |   2.22e-04 |     
   29 |     0.1611 |     0.8041 |    0.7006 |     0.1656 |     0.8001 |    0.6931 |   2.17e-04 |     
   30 |     0.1618 |     0.8040 |    0.6998 |     0.1588 |     0.8091 |    0.7079 |   2.11e-04 |     
   31 |     0.1594 |     0.8063 |    0.7029 |     0.1735 |     0.8039 |    0.6998 |   2.06e-04 |     
   32 |     0.1576 |     0.8091 |    0.7058 |     0.1622 |     0.8091 |    0.7070 |   2.00e-04 |     
   33 |     0.1577 |     0.8087 |    0.7056 |     0.1609 |     0.8024 |    0.6973 |   1.94e-04 |     
   34 |     0.1562 |     0.8101 |    0.7068 |     0.1622 |     0.8074 |    0.7042 |   1.89e-04 |     
   35 |     0.1543 |     0.8127 |    0.7105 |     0.1590 |     0.8114 |    0.7084 |   1.83e-04 |     
   36 |     0.1530 |     0.8139 |    0.7122 |     0.1560 |     0.8113 |    0.7104 |   1.77e-04 |     
   37 |     0.1544 |     0.8121 |    0.7103 |     0.1576 |     0.8048 |    0.7006 |   1.71e-04 |     
   38 |     0.1519 |     0.8155 |    0.7140 |     0.1594 |     0.8036 |    0.7011 |   1.65e-04 |     
   39 |     0.1511 |     0.8165 |    0.7156 |     0.1547 |     0.8127 |    0.7130 |   1.59e-04 |     
   40 |     0.1492 |     0.8187 |    0.7181 |     0.1550 |     0.8122 |    0.7119 |   1.53e-04 |     
   41 |     0.1486 |     0.8205 |    0.7201 |     0.1542 |     0.8149 |    0.7152 |   1.48e-04 |     
   42 |     0.1468 |     0.8219 |    0.7222 |     0.1529 |     0.8168 |    0.7168 |   1.42e-04 |     
   43 |     0.1460 |     0.8226 |    0.7231 |     0.1575 |     0.8148 |    0.7142 |   1.36e-04 |     
   44 |     0.1454 |     0.8243 |    0.7250 |     0.1487 |     0.8215 |    0.7231 |   1.30e-04 |     
   45 |     0.1453 |     0.8241 |    0.7249 |     0.1575 |     0.8131 |    0.7132 |   1.24e-04 |     
   46 |     0.1421 |     0.8281 |    0.7296 |     0.1538 |     0.8164 |    0.7176 |   1.18e-04 |     
   47 |     0.1414 |     0.8288 |    0.7311 |     0.1522 |     0.8132 |    0.7120 |   1.12e-04 |     
   48 |     0.1422 |     0.8276 |    0.7296 |     0.1520 |     0.8204 |    0.7208 |   1.07e-04 |     
   49 |     0.1402 |     0.8301 |    0.7329 |     0.1537 |     0.8191 |    0.7205 |   1.01e-04 |     
   50 |     0.1385 |     0.8330 |    0.7361 |     0.1526 |     0.8181 |    0.7188 |   9.54e-05 |     
   51 |     0.1375 |     0.8339 |    0.7374 |     0.1565 |     0.8201 |    0.7222 |   8.99e-05 |     
   52 |     0.1359 |     0.8353 |    0.7390 |     0.1593 |     0.8098 |    0.7102 |   8.45e-05 |     
   53 |     0.1337 |     0.8385 |    0.7431 |     0.1486 |     0.8225 |    0.7252 |   7.92e-05 |    *
   54 |     0.1336 |     0.8387 |    0.7433 |     0.1496 |     0.8192 |    0.7209 |   7.40e-05 |     
   55 |     0.1325 |     0.8400 |    0.7450 |     0.1551 |     0.8162 |    0.7170 |   6.90e-05 |     
   56 |     0.1316 |     0.8405 |    0.7457 |     0.1513 |     0.8199 |    0.7207 |   6.41e-05 |     
   57 |     0.1306 |     0.8427 |    0.7486 |     0.1505 |     0.8224 |    0.7243 |   5.93e-05 |     
   58 |     0.1281 |     0.8451 |    0.7513 |     0.1538 |     0.8206 |    0.7233 |   5.47e-05 |     
   59 |     0.1267 |     0.8473 |    0.7541 |     0.1515 |     0.8226 |    0.7248 |   5.02e-05 |     
   60 |     0.1254 |     0.8489 |    0.7562 |     0.1534 |     0.8220 |    0.7240 |   4.58e-05 |     
--- R2 plus final-map regional overlap: global validation statistics ---
up4: ca=0.8921+/-0.0959, sa=1.0098+/-0.0094, amp=0.0000, suppress=0.0000, guide_abs=0.1822
up4 residuals: local_mean=6.894e-02, global_mean=0.0156, local_strength=0.1156, global_strength=0.1152, gain=[0.9407,1.0875], saturation=0.1129, text_film=0.0235
up4 haar: reconstruction_error=1.907e-06, skip_low/high=0.7666/0.2334, plam_low/high=1.0000/0.0000
up4 strengths: plam=0.9168, region=0.1156, detail=0.1152; residual_std region/detail/refine=0.3411/0.4216/0.3043
up4 guide_mix: entropy=0.9809, raw_low=0.3056, plam_low=0.2638, decoder_low=0.2723, detail=0.1583; agreement plam/decoder=0.3274/0.5895, support=0.8113+/-0.0942
up4 adaptive_frequency: ALPF strength=0.2532, weights=0.1412/0.7218/0.1370, sum=1.0000, entropy=0.7130, delta_std=0.0922; AHPF strength=0.0742, weights=0.3116/0.5251/0.1634, sum=1.0000, entropy=0.9029, residual_std=0.1349, scaled_std=0.0100
up3: ca=0.9975+/-0.1553, sa=1.0115+/-0.0094, amp=0.0000, suppress=0.0000, guide_abs=0.3388
up3 residuals: local_mean=3.570e-02, global_mean=0.0611, local_strength=0.1143, global_strength=0.1210, gain=[0.9229,1.0823], saturation=0.0000, text_film=0.0239
up3 haar: reconstruction_error=1.192e-06, skip_low/high=0.7754/0.2246, plam_low/high=1.0000/0.0000
up3 strengths: plam=0.9123, region=0.1143, detail=0.1210; residual_std region/detail/refine=0.2939/0.6550/0.5620
up3 guide_mix: entropy=0.9824, raw_low=0.3210, plam_low=0.2568, decoder_low=0.2539, detail=0.1684; agreement plam/decoder=0.5534/0.1808, support=0.7533+/-0.0625
up3 adaptive_frequency: ALPF strength=0.3051, weights=0.1244/0.4255/0.4501, sum=1.0000, entropy=0.7509, delta_std=0.0870; AHPF strength=0.1105, weights=0.5630/0.2386/0.1985, sum=1.0000, entropy=0.7811, residual_std=0.1151, scaled_std=0.0127
up2: ca=0.9133+/-0.0874, sa=1.0054+/-0.0063, amp=0.0000, suppress=0.0000, guide_abs=0.2035
up2 residuals: local_mean=1.467e-03, global_mean=0.0448, local_strength=0.1197, global_strength=0.1161, gain=[0.9427,1.0686], saturation=0.0000, text_film=0.0332
up2 haar: reconstruction_error=1.907e-06, skip_low/high=0.7481/0.2519, plam_low/high=1.0000/0.0000
up2 strengths: plam=0.8495, region=0.1197, detail=0.1161; residual_std region/detail/refine=0.2178/0.3738/0.1518
up2 guide_mix: entropy=0.9546, raw_low=0.3062, plam_low=0.1608, decoder_low=0.3656, detail=0.1673; agreement plam/decoder=0.7367/0.1033, support=0.5747+/-0.0418
up1: ca=0.8437+/-0.1012, sa=1.0038+/-0.0145, amp=0.0000, suppress=0.0000, guide_abs=0.2051
up1 residuals: local_mean=-6.003e-03, global_mean=0.0463, local_strength=0.1266, global_strength=0.1003, gain=[0.9019,1.0983], saturation=0.0224, text_film=0.0481
up1 haar: reconstruction_error=2.444e-06, skip_low/high=0.7161/0.2839, plam_low/high=1.0000/0.0000
up1 strengths: plam=0.9234, region=0.1266, detail=0.1003; residual_std region/detail/refine=0.5772/0.4523/0.1879
up1 guide_mix: entropy=0.9364, raw_low=0.2470, plam_low=0.2318, decoder_low=0.4068, detail=0.1143; agreement plam/decoder=0.4684/-0.0751, support=0.6994+/-0.0950

========= Epoch [61/80] =========
RS1_Test_session_09.11_04h18
Training with batch size : 16
   [Train] Epoch: [61][20/357]  Loss:0.106 (Avg 0.1193) IoU:0.801 (Avg 0.7691) Dice:0.8849 (Avg 0.8590) LR 4.17e-05   (AvgTime 0.6)   
   [Train] Epoch: [61][40/357]  Loss:0.127 (Avg 0.1242) IoU:0.768 (Avg 0.7589) Dice:0.8602 (Avg 0.8514) LR 4.17e-05   (AvgTime 0.6)   
   [Train] Epoch: [61][60/357]  Loss:0.123 (Avg 0.1260) IoU:0.789 (Avg 0.7567) Dice:0.8771 (Avg 0.8489) LR 4.17e-05   (AvgTime 0.6)   
   [Train] Epoch: [61][80/357]  Loss:0.123 (Avg 0.1230) IoU:0.766 (Avg 0.7611) Dice:0.8490 (Avg 0.8522) LR 4.17e-05   (AvgTime 0.6)   
   [Train] Epoch: [61][100/357]  Loss:0.094 (Avg 0.1215) IoU:0.816 (Avg 0.7643) Dice:0.8891 (Avg 0.8549) LR 4.17e-05   (AvgTime 0.6)   
   [Train] Epoch: [61][120/357]  Loss:0.104 (Avg 0.1209) IoU:0.789 (Avg 0.7653) Dice:0.8747 (Avg 0.8556) LR 4.17e-05   (AvgTime 0.6)   
   [Train] Epoch: [61][140/357]  Loss:0.116 (Avg 0.1214) IoU:0.782 (Avg 0.7642) Dice:0.8645 (Avg 0.8548) LR 4.17e-05   (AvgTime 0.6)   
   [Train] Epoch: [61][160/357]  Loss:0.117 (Avg 0.1218) IoU:0.764 (Avg 0.7631) Dice:0.8510 (Avg 0.8541) LR 4.17e-05   (AvgTime 0.6)   
   [Train] Epoch: [61][180/357]  Loss:0.136 (Avg 0.1232) IoU:0.736 (Avg 0.7607) Dice:0.8302 (Avg 0.8522) LR 4.17e-05   (AvgTime 0.6)   
   [Train] Epoch: [61][200/357]  Loss:0.126 (Avg 0.1239) IoU:0.751 (Avg 0.7595) Dice:0.8490 (Avg 0.8511) LR 4.17e-05   (AvgTime 0.6)   
   [Train] Epoch: [61][220/357]  Loss:0.109 (Avg 0.1240) IoU:0.777 (Avg 0.7594) Dice:0.8676 (Avg 0.8509) LR 4.17e-05   (AvgTime 0.6)   
   [Train] Epoch: [61][240/357]  Loss:0.151 (Avg 0.1247) IoU:0.690 (Avg 0.7581) Dice:0.8029 (Avg 0.8501) LR 4.17e-05   (AvgTime 0.6)   
   [Train] Epoch: [61][260/357]  Loss:0.178 (Avg 0.1259) IoU:0.674 (Avg 0.7559) Dice:0.7890 (Avg 0.8484) LR 4.17e-05   (AvgTime 0.6)   
   [Train] Epoch: [61][280/357]  Loss:0.125 (Avg 0.1258) IoU:0.751 (Avg 0.7559) Dice:0.8431 (Avg 0.8482) LR 4.17e-05   (AvgTime 0.6)   
   [Train] Epoch: [61][300/357]  Loss:0.099 (Avg 0.1260) IoU:0.802 (Avg 0.7556) Dice:0.8859 (Avg 0.8481) LR 4.17e-05   (AvgTime 0.6)   
   [Train] Epoch: [61][320/357]  Loss:0.131 (Avg 0.1258) IoU:0.741 (Avg 0.7559) Dice:0.8366 (Avg 0.8482) LR 4.17e-05   (AvgTime 0.6)   
   [Train] Epoch: [61][340/357]  Loss:0.135 (Avg 0.1254) IoU:0.724 (Avg 0.7567) Dice:0.8249 (Avg 0.8488) LR 4.17e-05   (AvgTime 0.6)   
   [Train] Epoch: [61][357/357]  Loss:0.092 (Avg 0.1252) IoU:0.824 (Avg 0.7571) Dice:0.8976 (Avg 0.8492) LR 4.17e-05   (AvgTime 0.6)   
   [Train] Loss components: main_dice=0.124624, main_focal=0.042847, main=0.083736, region_raw=0.322841, region_weighted=0.041424, empty_window_fraction=0.000000, total=0.125160
Validation
   [Val] Epoch: [61][20/90]  Loss:0.197 (Avg 0.1598) IoU:0.657 (Avg 0.7230) Dice:0.7781 (Avg 0.8241) (AvgTime 0.3)   
   [Val] Epoch: [61][40/90]  Loss:0.134 (Avg 0.1648) IoU:0.734 (Avg 0.7129) Dice:0.8343 (Avg 0.8142) (AvgTime 0.2)   
   [Val] Epoch: [61][60/90]  Loss:0.193 (Avg 0.1536) IoU:0.669 (Avg 0.7254) Dice:0.7710 (Avg 0.8227) (AvgTime 0.2)   
   [Val] Epoch: [61][80/90]  Loss:0.149 (Avg 0.1532) IoU:0.713 (Avg 0.7243) Dice:0.8133 (Avg 0.8219) (AvgTime 0.2)   
   [Val] Epoch: [61][90/90]  Loss:0.218 (Avg 0.1538) IoU:0.582 (Avg 0.7238) Dice:0.7199 (Avg 0.8215) (AvgTime 0.2)   
   [Val] Loss components: main_dice=0.148816, main_focal=0.071891, main=0.110354, region_raw=0.338613, region_weighted=0.043448, empty_window_fraction=0.000000, total=0.153802
	 No iou improvement; selected epoch 53
	 early_stopping_count: 8/80
--- Epoch History (1..61) ---
Epoch |  TrainLoss |  TrainDice |  TrainIoU |    ValLoss |    ValDice |    ValIoU |         LR | Best
    1 |     0.3274 |     0.6089 |    0.4797 |     0.3091 |     0.6203 |    0.4911 |   3.00e-04 |     
    2 |     0.2493 |     0.7003 |    0.5773 |     0.2277 |     0.7202 |    0.6053 |   3.00e-04 |     
    3 |     0.2258 |     0.7259 |    0.6062 |     0.2068 |     0.7560 |    0.6429 |   3.00e-04 |     
    4 |     0.2153 |     0.7383 |    0.6212 |     0.2013 |     0.7654 |    0.6509 |   2.99e-04 |     
    5 |     0.2041 |     0.7514 |    0.6359 |     0.1929 |     0.7592 |    0.6456 |   2.98e-04 |     
    6 |     0.2002 |     0.7575 |    0.6433 |     0.1994 |     0.7556 |    0.6374 |   2.97e-04 |     
    7 |     0.1959 |     0.7613 |    0.6476 |     0.1953 |     0.7677 |    0.6559 |   2.96e-04 |     
    8 |     0.1917 |     0.7652 |    0.6526 |     0.1819 |     0.7753 |    0.6638 |   2.94e-04 |     
    9 |     0.1890 |     0.7689 |    0.6569 |     0.1877 |     0.7648 |    0.6526 |   2.92e-04 |     
   10 |     0.1909 |     0.7674 |    0.6547 |     0.1967 |     0.7614 |    0.6474 |   2.91e-04 |     
   11 |     0.1850 |     0.7752 |    0.6643 |     0.1777 |     0.7851 |    0.6761 |   2.88e-04 |     
   12 |     0.1847 |     0.7750 |    0.6644 |     0.1820 |     0.7863 |    0.6777 |   2.86e-04 |     
   13 |     0.1819 |     0.7786 |    0.6681 |     0.1785 |     0.7822 |    0.6720 |   2.83e-04 |     
   14 |     0.1792 |     0.7815 |    0.6721 |     0.1710 |     0.7906 |    0.6822 |   2.80e-04 |     
   15 |     0.1799 |     0.7798 |    0.6700 |     0.1677 |     0.7939 |    0.6878 |   2.77e-04 |     
   16 |     0.1784 |     0.7828 |    0.6735 |     0.1778 |     0.7969 |    0.6907 |   2.74e-04 |     
   17 |     0.1800 |     0.7809 |    0.6717 |     0.1871 |     0.7775 |    0.6682 |   2.71e-04 |     
   18 |     0.1765 |     0.7859 |    0.6774 |     0.1763 |     0.7844 |    0.6744 |   2.67e-04 |     
   19 |     0.1725 |     0.7898 |    0.6825 |     0.1650 |     0.7980 |    0.6943 |   2.63e-04 |     
   20 |     0.1717 |     0.7911 |    0.6844 |     0.1718 |     0.7842 |    0.6753 |   2.59e-04 |     
   21 |     0.1702 |     0.7920 |    0.6849 |     0.1709 |     0.7905 |    0.6816 |   2.55e-04 |     
   22 |     0.1715 |     0.7907 |    0.6835 |     0.1778 |     0.7882 |    0.6809 |   2.51e-04 |     
   23 |     0.1702 |     0.7927 |    0.6865 |     0.1680 |     0.7894 |    0.6837 |   2.46e-04 |     
   24 |     0.1674 |     0.7964 |    0.6902 |     0.1675 |     0.8056 |    0.7029 |   2.42e-04 |     
   25 |     0.1664 |     0.7976 |    0.6919 |     0.1719 |     0.7939 |    0.6891 |   2.37e-04 |     
   26 |     0.1663 |     0.7975 |    0.6916 |     0.1635 |     0.7985 |    0.6924 |   2.32e-04 |     
   27 |     0.1632 |     0.8013 |    0.6966 |     0.1589 |     0.8088 |    0.7069 |   2.27e-04 |     
   28 |     0.1623 |     0.8031 |    0.6989 |     0.1645 |     0.8009 |    0.6963 |   2.22e-04 |     
   29 |     0.1611 |     0.8041 |    0.7006 |     0.1656 |     0.8001 |    0.6931 |   2.17e-04 |     
   30 |     0.1618 |     0.8040 |    0.6998 |     0.1588 |     0.8091 |    0.7079 |   2.11e-04 |     
   31 |     0.1594 |     0.8063 |    0.7029 |     0.1735 |     0.8039 |    0.6998 |   2.06e-04 |     
   32 |     0.1576 |     0.8091 |    0.7058 |     0.1622 |     0.8091 |    0.7070 |   2.00e-04 |     
   33 |     0.1577 |     0.8087 |    0.7056 |     0.1609 |     0.8024 |    0.6973 |   1.94e-04 |     
   34 |     0.1562 |     0.8101 |    0.7068 |     0.1622 |     0.8074 |    0.7042 |   1.89e-04 |     
   35 |     0.1543 |     0.8127 |    0.7105 |     0.1590 |     0.8114 |    0.7084 |   1.83e-04 |     
   36 |     0.1530 |     0.8139 |    0.7122 |     0.1560 |     0.8113 |    0.7104 |   1.77e-04 |     
   37 |     0.1544 |     0.8121 |    0.7103 |     0.1576 |     0.8048 |    0.7006 |   1.71e-04 |     
   38 |     0.1519 |     0.8155 |    0.7140 |     0.1594 |     0.8036 |    0.7011 |   1.65e-04 |     
   39 |     0.1511 |     0.8165 |    0.7156 |     0.1547 |     0.8127 |    0.7130 |   1.59e-04 |     
   40 |     0.1492 |     0.8187 |    0.7181 |     0.1550 |     0.8122 |    0.7119 |   1.53e-04 |     
   41 |     0.1486 |     0.8205 |    0.7201 |     0.1542 |     0.8149 |    0.7152 |   1.48e-04 |     
   42 |     0.1468 |     0.8219 |    0.7222 |     0.1529 |     0.8168 |    0.7168 |   1.42e-04 |     
   43 |     0.1460 |     0.8226 |    0.7231 |     0.1575 |     0.8148 |    0.7142 |   1.36e-04 |     
   44 |     0.1454 |     0.8243 |    0.7250 |     0.1487 |     0.8215 |    0.7231 |   1.30e-04 |     
   45 |     0.1453 |     0.8241 |    0.7249 |     0.1575 |     0.8131 |    0.7132 |   1.24e-04 |     
   46 |     0.1421 |     0.8281 |    0.7296 |     0.1538 |     0.8164 |    0.7176 |   1.18e-04 |     
   47 |     0.1414 |     0.8288 |    0.7311 |     0.1522 |     0.8132 |    0.7120 |   1.12e-04 |     
   48 |     0.1422 |     0.8276 |    0.7296 |     0.1520 |     0.8204 |    0.7208 |   1.07e-04 |     
   49 |     0.1402 |     0.8301 |    0.7329 |     0.1537 |     0.8191 |    0.7205 |   1.01e-04 |     
   50 |     0.1385 |     0.8330 |    0.7361 |     0.1526 |     0.8181 |    0.7188 |   9.54e-05 |     
   51 |     0.1375 |     0.8339 |    0.7374 |     0.1565 |     0.8201 |    0.7222 |   8.99e-05 |     
   52 |     0.1359 |     0.8353 |    0.7390 |     0.1593 |     0.8098 |    0.7102 |   8.45e-05 |     
   53 |     0.1337 |     0.8385 |    0.7431 |     0.1486 |     0.8225 |    0.7252 |   7.92e-05 |    *
   54 |     0.1336 |     0.8387 |    0.7433 |     0.1496 |     0.8192 |    0.7209 |   7.40e-05 |     
   55 |     0.1325 |     0.8400 |    0.7450 |     0.1551 |     0.8162 |    0.7170 |   6.90e-05 |     
   56 |     0.1316 |     0.8405 |    0.7457 |     0.1513 |     0.8199 |    0.7207 |   6.41e-05 |     
   57 |     0.1306 |     0.8427 |    0.7486 |     0.1505 |     0.8224 |    0.7243 |   5.93e-05 |     
   58 |     0.1281 |     0.8451 |    0.7513 |     0.1538 |     0.8206 |    0.7233 |   5.47e-05 |     
   59 |     0.1267 |     0.8473 |    0.7541 |     0.1515 |     0.8226 |    0.7248 |   5.02e-05 |     
   60 |     0.1254 |     0.8489 |    0.7562 |     0.1534 |     0.8220 |    0.7240 |   4.58e-05 |     
   61 |     0.1252 |     0.8492 |    0.7571 |     0.1538 |     0.8215 |    0.7238 |   4.17e-05 |     
--- R2 plus final-map regional overlap: global validation statistics ---
up4: ca=0.8894+/-0.1008, sa=1.0094+/-0.0064, amp=0.0000, suppress=0.0000, guide_abs=0.1671
up4 residuals: local_mean=6.946e-02, global_mean=0.0124, local_strength=0.1156, global_strength=0.1152, gain=[0.9887,1.0487], saturation=0.0786, text_film=0.0232
up4 haar: reconstruction_error=5.960e-07, skip_low/high=0.8045/0.1955, plam_low/high=1.0000/0.0000
up4 strengths: plam=0.9169, region=0.1156, detail=0.1152; residual_std region/detail/refine=0.3073/0.4092/0.3321
up4 guide_mix: entropy=0.9811, raw_low=0.3178, plam_low=0.2510, decoder_low=0.2680, detail=0.1633; agreement plam/decoder=0.3537/0.6185, support=0.8068+/-0.0890
up4 adaptive_frequency: ALPF strength=0.2534, weights=0.1392/0.7232/0.1377, sum=1.0000, entropy=0.7108, delta_std=0.0787; AHPF strength=0.0742, weights=0.3124/0.5247/0.1629, sum=1.0000, entropy=0.9024, residual_std=0.1016, scaled_std=0.0075
up3: ca=0.9978+/-0.1547, sa=1.0113+/-0.0054, amp=0.0000, suppress=0.0000, guide_abs=0.3329
up3 residuals: local_mean=3.616e-02, global_mean=0.0597, local_strength=0.1143, global_strength=0.1210, gain=[0.9905,1.0424], saturation=0.0000, text_film=0.0217
up3 haar: reconstruction_error=9.537e-07, skip_low/high=0.7743/0.2257, plam_low/high=1.0000/0.0000
up3 strengths: plam=0.9124, region=0.1143, detail=0.1210; residual_std region/detail/refine=0.2944/0.6175/0.5421
up3 guide_mix: entropy=0.9818, raw_low=0.3345, plam_low=0.2336, decoder_low=0.2546, detail=0.1773; agreement plam/decoder=0.5496/0.1793, support=0.7489+/-0.0653
up3 adaptive_frequency: ALPF strength=0.3054, weights=0.0717/0.2607/0.6675, sum=1.0000, entropy=0.6577, delta_std=0.0745; AHPF strength=0.1105, weights=0.7561/0.1377/0.1062, sum=1.0000, entropy=0.5908, residual_std=0.0631, scaled_std=0.0070
up2: ca=0.9164+/-0.0866, sa=1.0054+/-0.0029, amp=0.0000, suppress=0.0000, guide_abs=0.2183
up2 residuals: local_mean=1.674e-03, global_mean=0.0451, local_strength=0.1197, global_strength=0.1161, gain=[0.9728,1.0375], saturation=0.0000, text_film=0.0318
up2 haar: reconstruction_error=9.537e-07, skip_low/high=0.7575/0.2425, plam_low/high=1.0000/0.0000
up2 strengths: plam=0.8497, region=0.1197, detail=0.1161; residual_std region/detail/refine=0.2177/0.2843/0.1500
up2 guide_mix: entropy=0.9595, raw_low=0.3055, plam_low=0.1757, decoder_low=0.3570, detail=0.1617; agreement plam/decoder=0.7476/0.0969, support=0.5779+/-0.0370
up1: ca=0.8536+/-0.1056, sa=1.0037+/-0.0133, amp=0.0000, suppress=0.0000, guide_abs=0.2056
up1 residuals: local_mean=-6.672e-03, global_mean=0.0464, local_strength=0.1266, global_strength=0.1003, gain=[0.9026,1.0978], saturation=0.0507, text_film=0.0435
up1 haar: reconstruction_error=2.787e-06, skip_low/high=0.7234/0.2766, plam_low/high=1.0000/0.0000
up1 strengths: plam=0.9234, region=0.1266, detail=0.1003; residual_std region/detail/refine=0.5978/0.3994/0.1874
up1 guide_mix: entropy=0.9511, raw_low=0.2712, plam_low=0.2657, decoder_low=0.3513, detail=0.1117; agreement plam/decoder=0.5607/-0.0921, support=0.7206+/-0.1038

========= Epoch [62/80] =========
RS1_Test_session_09.11_04h18
Training with batch size : 16
   [Train] Epoch: [62][20/357]  Loss:0.121 (Avg 0.1194) IoU:0.741 (Avg 0.7659) Dice:0.8425 (Avg 0.8566) LR 3.77e-05   (AvgTime 0.6)   
   [Train] Epoch: [62][40/357]  Loss:0.102 (Avg 0.1224) IoU:0.795 (Avg 0.7593) Dice:0.8770 (Avg 0.8514) LR 3.77e-05   (AvgTime 0.6)   
   [Train] Epoch: [62][60/357]  Loss:0.148 (Avg 0.1225) IoU:0.709 (Avg 0.7579) Dice:0.8087 (Avg 0.8496) LR 3.77e-05   (AvgTime 0.6)   
   [Train] Epoch: [62][80/357]  Loss:0.133 (Avg 0.1252) IoU:0.720 (Avg 0.7543) Dice:0.8205 (Avg 0.8470) LR 3.77e-05   (AvgTime 0.6)   
   [Train] Epoch: [62][100/357]  Loss:0.132 (Avg 0.1240) IoU:0.750 (Avg 0.7566) Dice:0.8421 (Avg 0.8490) LR 3.77e-05   (AvgTime 0.6)   
   [Train] Epoch: [62][120/357]  Loss:0.134 (Avg 0.1239) IoU:0.741 (Avg 0.7571) Dice:0.8385 (Avg 0.8497) LR 3.77e-05   (AvgTime 0.6)   
   [Train] Epoch: [62][140/357]  Loss:0.110 (Avg 0.1235) IoU:0.787 (Avg 0.7579) Dice:0.8713 (Avg 0.8501) LR 3.77e-05   (AvgTime 0.6)   
   [Train] Epoch: [62][160/357]  Loss:0.116 (Avg 0.1230) IoU:0.762 (Avg 0.7592) Dice:0.8460 (Avg 0.8512) LR 3.77e-05   (AvgTime 0.6)   
   [Train] Epoch: [62][180/357]  Loss:0.129 (Avg 0.1232) IoU:0.742 (Avg 0.7586) Dice:0.8446 (Avg 0.8508) LR 3.77e-05   (AvgTime 0.6)   
   [Train] Epoch: [62][200/357]  Loss:0.132 (Avg 0.1230) IoU:0.728 (Avg 0.7591) Dice:0.8356 (Avg 0.8512) LR 3.77e-05   (AvgTime 0.6)   
   [Train] Epoch: [62][220/357]  Loss:0.115 (Avg 0.1230) IoU:0.790 (Avg 0.7597) Dice:0.8727 (Avg 0.8517) LR 3.77e-05   (AvgTime 0.6)   
   [Train] Epoch: [62][240/357]  Loss:0.109 (Avg 0.1236) IoU:0.782 (Avg 0.7591) Dice:0.8721 (Avg 0.8511) LR 3.77e-05   (AvgTime 0.6)   
   [Train] Epoch: [62][260/357]  Loss:0.111 (Avg 0.1235) IoU:0.779 (Avg 0.7591) Dice:0.8688 (Avg 0.8512) LR 3.77e-05   (AvgTime 0.6)   
   [Train] Epoch: [62][280/357]  Loss:0.164 (Avg 0.1230) IoU:0.703 (Avg 0.7600) Dice:0.8161 (Avg 0.8518) LR 3.77e-05   (AvgTime 0.6)   
   [Train] Epoch: [62][300/357]  Loss:0.085 (Avg 0.1229) IoU:0.832 (Avg 0.7604) Dice:0.9028 (Avg 0.8521) LR 3.77e-05   (AvgTime 0.6)   
   [Train] Epoch: [62][320/357]  Loss:0.088 (Avg 0.1232) IoU:0.825 (Avg 0.7599) Dice:0.9013 (Avg 0.8516) LR 3.77e-05   (AvgTime 0.6)   
   [Train] Epoch: [62][340/357]  Loss:0.109 (Avg 0.1232) IoU:0.795 (Avg 0.7598) Dice:0.8802 (Avg 0.8515) LR 3.77e-05   (AvgTime 0.6)   
   [Train] Epoch: [62][357/357]  Loss:0.126 (Avg 0.1230) IoU:0.743 (Avg 0.7599) Dice:0.8451 (Avg 0.8517) LR 3.77e-05   (AvgTime 0.6)   
   [Train] Loss components: main_dice=0.122163, main_focal=0.042227, main=0.082195, region_raw=0.318373, region_weighted=0.040851, empty_window_fraction=0.000000, total=0.123046
Validation
   [Val] Epoch: [62][20/90]  Loss:0.183 (Avg 0.1541) IoU:0.678 (Avg 0.7251) Dice:0.7937 (Avg 0.8262) (AvgTime 0.3)   
   [Val] Epoch: [62][40/90]  Loss:0.129 (Avg 0.1588) IoU:0.738 (Avg 0.7139) Dice:0.8371 (Avg 0.8152) (AvgTime 0.2)   
   [Val] Epoch: [62][60/90]  Loss:0.188 (Avg 0.1487) IoU:0.663 (Avg 0.7259) Dice:0.7675 (Avg 0.8234) (AvgTime 0.2)   
   [Val] Epoch: [62][80/90]  Loss:0.140 (Avg 0.1478) IoU:0.725 (Avg 0.7253) Dice:0.8248 (Avg 0.8229) (AvgTime 0.2)   
   [Val] Epoch: [62][90/90]  Loss:0.209 (Avg 0.1484) IoU:0.579 (Avg 0.7250) Dice:0.7169 (Avg 0.8226) (AvgTime 0.2)   
   [Val] Loss components: main_dice=0.147216, main_focal=0.062047, main=0.104632, region_raw=0.341249, region_weighted=0.043786, empty_window_fraction=0.000000, total=0.148418
	 No iou improvement; selected epoch 53
	 early_stopping_count: 9/80
--- Epoch History (1..62) ---
Epoch |  TrainLoss |  TrainDice |  TrainIoU |    ValLoss |    ValDice |    ValIoU |         LR | Best
    1 |     0.3274 |     0.6089 |    0.4797 |     0.3091 |     0.6203 |    0.4911 |   3.00e-04 |     
    2 |     0.2493 |     0.7003 |    0.5773 |     0.2277 |     0.7202 |    0.6053 |   3.00e-04 |     
    3 |     0.2258 |     0.7259 |    0.6062 |     0.2068 |     0.7560 |    0.6429 |   3.00e-04 |     
    4 |     0.2153 |     0.7383 |    0.6212 |     0.2013 |     0.7654 |    0.6509 |   2.99e-04 |     
    5 |     0.2041 |     0.7514 |    0.6359 |     0.1929 |     0.7592 |    0.6456 |   2.98e-04 |     
    6 |     0.2002 |     0.7575 |    0.6433 |     0.1994 |     0.7556 |    0.6374 |   2.97e-04 |     
    7 |     0.1959 |     0.7613 |    0.6476 |     0.1953 |     0.7677 |    0.6559 |   2.96e-04 |     
    8 |     0.1917 |     0.7652 |    0.6526 |     0.1819 |     0.7753 |    0.6638 |   2.94e-04 |     
    9 |     0.1890 |     0.7689 |    0.6569 |     0.1877 |     0.7648 |    0.6526 |   2.92e-04 |     
   10 |     0.1909 |     0.7674 |    0.6547 |     0.1967 |     0.7614 |    0.6474 |   2.91e-04 |     
   11 |     0.1850 |     0.7752 |    0.6643 |     0.1777 |     0.7851 |    0.6761 |   2.88e-04 |     
   12 |     0.1847 |     0.7750 |    0.6644 |     0.1820 |     0.7863 |    0.6777 |   2.86e-04 |     
   13 |     0.1819 |     0.7786 |    0.6681 |     0.1785 |     0.7822 |    0.6720 |   2.83e-04 |     
   14 |     0.1792 |     0.7815 |    0.6721 |     0.1710 |     0.7906 |    0.6822 |   2.80e-04 |     
   15 |     0.1799 |     0.7798 |    0.6700 |     0.1677 |     0.7939 |    0.6878 |   2.77e-04 |     
   16 |     0.1784 |     0.7828 |    0.6735 |     0.1778 |     0.7969 |    0.6907 |   2.74e-04 |     
   17 |     0.1800 |     0.7809 |    0.6717 |     0.1871 |     0.7775 |    0.6682 |   2.71e-04 |     
   18 |     0.1765 |     0.7859 |    0.6774 |     0.1763 |     0.7844 |    0.6744 |   2.67e-04 |     
   19 |     0.1725 |     0.7898 |    0.6825 |     0.1650 |     0.7980 |    0.6943 |   2.63e-04 |     
   20 |     0.1717 |     0.7911 |    0.6844 |     0.1718 |     0.7842 |    0.6753 |   2.59e-04 |     
   21 |     0.1702 |     0.7920 |    0.6849 |     0.1709 |     0.7905 |    0.6816 |   2.55e-04 |     
   22 |     0.1715 |     0.7907 |    0.6835 |     0.1778 |     0.7882 |    0.6809 |   2.51e-04 |     
   23 |     0.1702 |     0.7927 |    0.6865 |     0.1680 |     0.7894 |    0.6837 |   2.46e-04 |     
   24 |     0.1674 |     0.7964 |    0.6902 |     0.1675 |     0.8056 |    0.7029 |   2.42e-04 |     
   25 |     0.1664 |     0.7976 |    0.6919 |     0.1719 |     0.7939 |    0.6891 |   2.37e-04 |     
   26 |     0.1663 |     0.7975 |    0.6916 |     0.1635 |     0.7985 |    0.6924 |   2.32e-04 |     
   27 |     0.1632 |     0.8013 |    0.6966 |     0.1589 |     0.8088 |    0.7069 |   2.27e-04 |     
   28 |     0.1623 |     0.8031 |    0.6989 |     0.1645 |     0.8009 |    0.6963 |   2.22e-04 |     
   29 |     0.1611 |     0.8041 |    0.7006 |     0.1656 |     0.8001 |    0.6931 |   2.17e-04 |     
   30 |     0.1618 |     0.8040 |    0.6998 |     0.1588 |     0.8091 |    0.7079 |   2.11e-04 |     
   31 |     0.1594 |     0.8063 |    0.7029 |     0.1735 |     0.8039 |    0.6998 |   2.06e-04 |     
   32 |     0.1576 |     0.8091 |    0.7058 |     0.1622 |     0.8091 |    0.7070 |   2.00e-04 |     
   33 |     0.1577 |     0.8087 |    0.7056 |     0.1609 |     0.8024 |    0.6973 |   1.94e-04 |     
   34 |     0.1562 |     0.8101 |    0.7068 |     0.1622 |     0.8074 |    0.7042 |   1.89e-04 |     
   35 |     0.1543 |     0.8127 |    0.7105 |     0.1590 |     0.8114 |    0.7084 |   1.83e-04 |     
   36 |     0.1530 |     0.8139 |    0.7122 |     0.1560 |     0.8113 |    0.7104 |   1.77e-04 |     
   37 |     0.1544 |     0.8121 |    0.7103 |     0.1576 |     0.8048 |    0.7006 |   1.71e-04 |     
   38 |     0.1519 |     0.8155 |    0.7140 |     0.1594 |     0.8036 |    0.7011 |   1.65e-04 |     
   39 |     0.1511 |     0.8165 |    0.7156 |     0.1547 |     0.8127 |    0.7130 |   1.59e-04 |     
   40 |     0.1492 |     0.8187 |    0.7181 |     0.1550 |     0.8122 |    0.7119 |   1.53e-04 |     
   41 |     0.1486 |     0.8205 |    0.7201 |     0.1542 |     0.8149 |    0.7152 |   1.48e-04 |     
   42 |     0.1468 |     0.8219 |    0.7222 |     0.1529 |     0.8168 |    0.7168 |   1.42e-04 |     
   43 |     0.1460 |     0.8226 |    0.7231 |     0.1575 |     0.8148 |    0.7142 |   1.36e-04 |     
   44 |     0.1454 |     0.8243 |    0.7250 |     0.1487 |     0.8215 |    0.7231 |   1.30e-04 |     
   45 |     0.1453 |     0.8241 |    0.7249 |     0.1575 |     0.8131 |    0.7132 |   1.24e-04 |     
   46 |     0.1421 |     0.8281 |    0.7296 |     0.1538 |     0.8164 |    0.7176 |   1.18e-04 |     
   47 |     0.1414 |     0.8288 |    0.7311 |     0.1522 |     0.8132 |    0.7120 |   1.12e-04 |     
   48 |     0.1422 |     0.8276 |    0.7296 |     0.1520 |     0.8204 |    0.7208 |   1.07e-04 |     
   49 |     0.1402 |     0.8301 |    0.7329 |     0.1537 |     0.8191 |    0.7205 |   1.01e-04 |     
   50 |     0.1385 |     0.8330 |    0.7361 |     0.1526 |     0.8181 |    0.7188 |   9.54e-05 |     
   51 |     0.1375 |     0.8339 |    0.7374 |     0.1565 |     0.8201 |    0.7222 |   8.99e-05 |     
   52 |     0.1359 |     0.8353 |    0.7390 |     0.1593 |     0.8098 |    0.7102 |   8.45e-05 |     
   53 |     0.1337 |     0.8385 |    0.7431 |     0.1486 |     0.8225 |    0.7252 |   7.92e-05 |    *
   54 |     0.1336 |     0.8387 |    0.7433 |     0.1496 |     0.8192 |    0.7209 |   7.40e-05 |     
   55 |     0.1325 |     0.8400 |    0.7450 |     0.1551 |     0.8162 |    0.7170 |   6.90e-05 |     
   56 |     0.1316 |     0.8405 |    0.7457 |     0.1513 |     0.8199 |    0.7207 |   6.41e-05 |     
   57 |     0.1306 |     0.8427 |    0.7486 |     0.1505 |     0.8224 |    0.7243 |   5.93e-05 |     
   58 |     0.1281 |     0.8451 |    0.7513 |     0.1538 |     0.8206 |    0.7233 |   5.47e-05 |     
   59 |     0.1267 |     0.8473 |    0.7541 |     0.1515 |     0.8226 |    0.7248 |   5.02e-05 |     
   60 |     0.1254 |     0.8489 |    0.7562 |     0.1534 |     0.8220 |    0.7240 |   4.58e-05 |     
   61 |     0.1252 |     0.8492 |    0.7571 |     0.1538 |     0.8215 |    0.7238 |   4.17e-05 |     
   62 |     0.1230 |     0.8517 |    0.7599 |     0.1484 |     0.8226 |    0.7250 |   3.77e-05 |     
--- R2 plus final-map regional overlap: global validation statistics ---
up4: ca=0.8896+/-0.0977, sa=1.0096+/-0.0065, amp=0.0000, suppress=0.0000, guide_abs=0.1750
up4 residuals: local_mean=7.052e-02, global_mean=0.0132, local_strength=0.1156, global_strength=0.1153, gain=[0.9906,1.0465], saturation=0.0857, text_film=0.0233
up4 haar: reconstruction_error=4.768e-07, skip_low/high=0.8040/0.1960, plam_low/high=1.0000/0.0000
up4 strengths: plam=0.9170, region=0.1156, detail=0.1153; residual_std region/detail/refine=0.3066/0.4031/0.3287
up4 guide_mix: entropy=0.9808, raw_low=0.3128, plam_low=0.2582, decoder_low=0.2688, detail=0.1601; agreement plam/decoder=0.3475/0.5954, support=0.8135+/-0.0843
up4 adaptive_frequency: ALPF strength=0.2533, weights=0.1468/0.7160/0.1372, sum=1.0000, entropy=0.7216, delta_std=0.0770; AHPF strength=0.0742, weights=0.3104/0.5255/0.1640, sum=1.0000, entropy=0.9036, residual_std=0.0994, scaled_std=0.0074
up3: ca=1.0011+/-0.1542, sa=1.0113+/-0.0053, amp=0.0000, suppress=0.0000, guide_abs=0.3334
up3 residuals: local_mean=3.537e-02, global_mean=0.0599, local_strength=0.1143, global_strength=0.1210, gain=[0.9880,1.0444], saturation=0.0000, text_film=0.0305
up3 haar: reconstruction_error=9.537e-07, skip_low/high=0.7740/0.2260, plam_low/high=1.0000/0.0000
up3 strengths: plam=0.9123, region=0.1143, detail=0.1210; residual_std region/detail/refine=0.3051/0.6197/0.5475
up3 guide_mix: entropy=0.9825, raw_low=0.3257, plam_low=0.2406, decoder_low=0.2608, detail=0.1729; agreement plam/decoder=0.5605/0.1467, support=0.7552+/-0.0626
up3 adaptive_frequency: ALPF strength=0.3056, weights=0.0807/0.2884/0.6309, sum=1.0000, entropy=0.6616, delta_std=0.0728; AHPF strength=0.1106, weights=0.7054/0.1591/0.1355, sum=1.0000, entropy=0.6381, residual_std=0.0753, scaled_std=0.0083
up2: ca=0.9237+/-0.0833, sa=1.0055+/-0.0029, amp=0.0000, suppress=0.0000, guide_abs=0.2216
up2 residuals: local_mean=1.825e-03, global_mean=0.0455, local_strength=0.1197, global_strength=0.1161, gain=[0.9743,1.0366], saturation=0.0000, text_film=0.0337
up2 haar: reconstruction_error=9.537e-07, skip_low/high=0.7579/0.2421, plam_low/high=1.0000/0.0000
up2 strengths: plam=0.8495, region=0.1197, detail=0.1161; residual_std region/detail/refine=0.2210/0.2827/0.1495
up2 guide_mix: entropy=0.9592, raw_low=0.3069, plam_low=0.1752, decoder_low=0.3566, detail=0.1613; agreement plam/decoder=0.7665/0.1025, support=0.5843+/-0.0378
up1: ca=0.8570+/-0.1053, sa=1.0038+/-0.0133, amp=0.0000, suppress=0.0000, guide_abs=0.2032
up1 residuals: local_mean=-6.349e-03, global_mean=0.0464, local_strength=0.1266, global_strength=0.1003, gain=[0.9027,1.0977], saturation=0.0472, text_film=0.0461
up1 haar: reconstruction_error=1.907e-06, skip_low/high=0.7213/0.2787, plam_low/high=1.0000/0.0000
up1 strengths: plam=0.9233, region=0.1266, detail=0.1003; residual_std region/detail/refine=0.5733/0.3964/0.1871
up1 guide_mix: entropy=0.9505, raw_low=0.2679, plam_low=0.2634, decoder_low=0.3562, detail=0.1125; agreement plam/decoder=0.5044/-0.1440, support=0.7208+/-0.1017

========= Epoch [63/80] =========
RS1_Test_session_09.11_04h18
Training with batch size : 16
   [Train] Epoch: [63][20/357]  Loss:0.138 (Avg 0.1193) IoU:0.744 (Avg 0.7653) Dice:0.8269 (Avg 0.8552) LR 3.39e-05   (AvgTime 0.5)   
   [Train] Epoch: [63][40/357]  Loss:0.177 (Avg 0.1192) IoU:0.657 (Avg 0.7664) Dice:0.7814 (Avg 0.8565) LR 3.39e-05   (AvgTime 0.5)   
   [Train] Epoch: [63][60/357]  Loss:0.076 (Avg 0.1211) IoU:0.850 (Avg 0.7626) Dice:0.9154 (Avg 0.8536) LR 3.39e-05   (AvgTime 0.5)   
   [Train] Epoch: [63][80/357]  Loss:0.112 (Avg 0.1204) IoU:0.777 (Avg 0.7637) Dice:0.8708 (Avg 0.8544) LR 3.39e-05   (AvgTime 0.5)   
   [Train] Epoch: [63][100/357]  Loss:0.120 (Avg 0.1194) IoU:0.765 (Avg 0.7658) Dice:0.8559 (Avg 0.8560) LR 3.39e-05   (AvgTime 0.5)   
   [Train] Epoch: [63][120/357]  Loss:0.184 (Avg 0.1204) IoU:0.658 (Avg 0.7640) Dice:0.7733 (Avg 0.8550) LR 3.39e-05   (AvgTime 0.5)   
   [Train] Epoch: [63][140/357]  Loss:0.123 (Avg 0.1197) IoU:0.772 (Avg 0.7654) Dice:0.8614 (Avg 0.8561) LR 3.39e-05   (AvgTime 0.5)   
   [Train] Epoch: [63][160/357]  Loss:0.109 (Avg 0.1203) IoU:0.776 (Avg 0.7650) Dice:0.8658 (Avg 0.8556) LR 3.39e-05   (AvgTime 0.5)   
   [Train] Epoch: [63][180/357]  Loss:0.186 (Avg 0.1209) IoU:0.641 (Avg 0.7639) Dice:0.7461 (Avg 0.8545) LR 3.39e-05   (AvgTime 0.5)   
   [Train] Epoch: [63][200/357]  Loss:0.165 (Avg 0.1210) IoU:0.669 (Avg 0.7638) Dice:0.7821 (Avg 0.8544) LR 3.39e-05   (AvgTime 0.5)   
   [Train] Epoch: [63][220/357]  Loss:0.131 (Avg 0.1218) IoU:0.738 (Avg 0.7626) Dice:0.8332 (Avg 0.8536) LR 3.39e-05   (AvgTime 0.5)   
   [Train] Epoch: [63][240/357]  Loss:0.166 (Avg 0.1226) IoU:0.702 (Avg 0.7613) Dice:0.7936 (Avg 0.8525) LR 3.39e-05   (AvgTime 0.5)   
   [Train] Epoch: [63][260/357]  Loss:0.138 (Avg 0.1223) IoU:0.731 (Avg 0.7619) Dice:0.8358 (Avg 0.8530) LR 3.39e-05   (AvgTime 0.5)   
   [Train] Epoch: [63][280/357]  Loss:0.116 (Avg 0.1225) IoU:0.768 (Avg 0.7615) Dice:0.8586 (Avg 0.8528) LR 3.39e-05   (AvgTime 0.5)   
   [Train] Epoch: [63][300/357]  Loss:0.126 (Avg 0.1226) IoU:0.765 (Avg 0.7612) Dice:0.8503 (Avg 0.8527) LR 3.39e-05   (AvgTime 0.5)   
   [Train] Epoch: [63][320/357]  Loss:0.101 (Avg 0.1228) IoU:0.825 (Avg 0.7608) Dice:0.8897 (Avg 0.8523) LR 3.39e-05   (AvgTime 0.5)   
   [Train] Epoch: [63][340/357]  Loss:0.114 (Avg 0.1225) IoU:0.771 (Avg 0.7611) Dice:0.8639 (Avg 0.8526) LR 3.39e-05   (AvgTime 0.5)   
   [Train] Epoch: [63][357/357]  Loss:0.085 (Avg 0.1224) IoU:0.843 (Avg 0.7611) Dice:0.9123 (Avg 0.8527) LR 3.39e-05   (AvgTime 0.5)   
   [Train] Loss components: main_dice=0.121235, main_focal=0.042212, main=0.081723, region_raw=0.317174, region_weighted=0.040697, empty_window_fraction=0.000000, total=0.122421
Validation
   [Val] Epoch: [63][20/90]  Loss:0.177 (Avg 0.1583) IoU:0.687 (Avg 0.7262) Dice:0.8001 (Avg 0.8267) (AvgTime 0.3)   
   [Val] Epoch: [63][40/90]  Loss:0.125 (Avg 0.1610) IoU:0.745 (Avg 0.7163) Dice:0.8426 (Avg 0.8167) (AvgTime 0.3)   
   [Val] Epoch: [63][60/90]  Loss:0.194 (Avg 0.1511) IoU:0.661 (Avg 0.7279) Dice:0.7644 (Avg 0.8243) (AvgTime 0.2)   
   [Val] Epoch: [63][80/90]  Loss:0.143 (Avg 0.1501) IoU:0.721 (Avg 0.7271) Dice:0.8187 (Avg 0.8238) (AvgTime 0.2)   
   [Val] Epoch: [63][90/90]  Loss:0.203 (Avg 0.1505) IoU:0.613 (Avg 0.7266) Dice:0.7433 (Avg 0.8233) (AvgTime 0.2)   
   [Val] Loss components: main_dice=0.147864, main_focal=0.065970, main=0.106917, region_raw=0.339571, region_weighted=0.043571, empty_window_fraction=0.000000, total=0.150488
	 Saving best model by iou: 0.726584
	 Saving to Covid19/BetterLViT/rs1_global_iou/RS1_Test_session_09.11_04h18/models//best_model-BetterLViT.pth.tar
	 early_stopping_count: 0/80
--- Epoch History (1..63) ---
Epoch |  TrainLoss |  TrainDice |  TrainIoU |    ValLoss |    ValDice |    ValIoU |         LR | Best
    1 |     0.3274 |     0.6089 |    0.4797 |     0.3091 |     0.6203 |    0.4911 |   3.00e-04 |     
    2 |     0.2493 |     0.7003 |    0.5773 |     0.2277 |     0.7202 |    0.6053 |   3.00e-04 |     
    3 |     0.2258 |     0.7259 |    0.6062 |     0.2068 |     0.7560 |    0.6429 |   3.00e-04 |     
    4 |     0.2153 |     0.7383 |    0.6212 |     0.2013 |     0.7654 |    0.6509 |   2.99e-04 |     
    5 |     0.2041 |     0.7514 |    0.6359 |     0.1929 |     0.7592 |    0.6456 |   2.98e-04 |     
    6 |     0.2002 |     0.7575 |    0.6433 |     0.1994 |     0.7556 |    0.6374 |   2.97e-04 |     
    7 |     0.1959 |     0.7613 |    0.6476 |     0.1953 |     0.7677 |    0.6559 |   2.96e-04 |     
    8 |     0.1917 |     0.7652 |    0.6526 |     0.1819 |     0.7753 |    0.6638 |   2.94e-04 |     
    9 |     0.1890 |     0.7689 |    0.6569 |     0.1877 |     0.7648 |    0.6526 |   2.92e-04 |     
   10 |     0.1909 |     0.7674 |    0.6547 |     0.1967 |     0.7614 |    0.6474 |   2.91e-04 |     
   11 |     0.1850 |     0.7752 |    0.6643 |     0.1777 |     0.7851 |    0.6761 |   2.88e-04 |     
   12 |     0.1847 |     0.7750 |    0.6644 |     0.1820 |     0.7863 |    0.6777 |   2.86e-04 |     
   13 |     0.1819 |     0.7786 |    0.6681 |     0.1785 |     0.7822 |    0.6720 |   2.83e-04 |     
   14 |     0.1792 |     0.7815 |    0.6721 |     0.1710 |     0.7906 |    0.6822 |   2.80e-04 |     
   15 |     0.1799 |     0.7798 |    0.6700 |     0.1677 |     0.7939 |    0.6878 |   2.77e-04 |     
   16 |     0.1784 |     0.7828 |    0.6735 |     0.1778 |     0.7969 |    0.6907 |   2.74e-04 |     
   17 |     0.1800 |     0.7809 |    0.6717 |     0.1871 |     0.7775 |    0.6682 |   2.71e-04 |     
   18 |     0.1765 |     0.7859 |    0.6774 |     0.1763 |     0.7844 |    0.6744 |   2.67e-04 |     
   19 |     0.1725 |     0.7898 |    0.6825 |     0.1650 |     0.7980 |    0.6943 |   2.63e-04 |     
   20 |     0.1717 |     0.7911 |    0.6844 |     0.1718 |     0.7842 |    0.6753 |   2.59e-04 |     
   21 |     0.1702 |     0.7920 |    0.6849 |     0.1709 |     0.7905 |    0.6816 |   2.55e-04 |     
   22 |     0.1715 |     0.7907 |    0.6835 |     0.1778 |     0.7882 |    0.6809 |   2.51e-04 |     
   23 |     0.1702 |     0.7927 |    0.6865 |     0.1680 |     0.7894 |    0.6837 |   2.46e-04 |     
   24 |     0.1674 |     0.7964 |    0.6902 |     0.1675 |     0.8056 |    0.7029 |   2.42e-04 |     
   25 |     0.1664 |     0.7976 |    0.6919 |     0.1719 |     0.7939 |    0.6891 |   2.37e-04 |     
   26 |     0.1663 |     0.7975 |    0.6916 |     0.1635 |     0.7985 |    0.6924 |   2.32e-04 |     
   27 |     0.1632 |     0.8013 |    0.6966 |     0.1589 |     0.8088 |    0.7069 |   2.27e-04 |     
   28 |     0.1623 |     0.8031 |    0.6989 |     0.1645 |     0.8009 |    0.6963 |   2.22e-04 |     
   29 |     0.1611 |     0.8041 |    0.7006 |     0.1656 |     0.8001 |    0.6931 |   2.17e-04 |     
   30 |     0.1618 |     0.8040 |    0.6998 |     0.1588 |     0.8091 |    0.7079 |   2.11e-04 |     
   31 |     0.1594 |     0.8063 |    0.7029 |     0.1735 |     0.8039 |    0.6998 |   2.06e-04 |     
   32 |     0.1576 |     0.8091 |    0.7058 |     0.1622 |     0.8091 |    0.7070 |   2.00e-04 |     
   33 |     0.1577 |     0.8087 |    0.7056 |     0.1609 |     0.8024 |    0.6973 |   1.94e-04 |     
   34 |     0.1562 |     0.8101 |    0.7068 |     0.1622 |     0.8074 |    0.7042 |   1.89e-04 |     
   35 |     0.1543 |     0.8127 |    0.7105 |     0.1590 |     0.8114 |    0.7084 |   1.83e-04 |     
   36 |     0.1530 |     0.8139 |    0.7122 |     0.1560 |     0.8113 |    0.7104 |   1.77e-04 |     
   37 |     0.1544 |     0.8121 |    0.7103 |     0.1576 |     0.8048 |    0.7006 |   1.71e-04 |     
   38 |     0.1519 |     0.8155 |    0.7140 |     0.1594 |     0.8036 |    0.7011 |   1.65e-04 |     
   39 |     0.1511 |     0.8165 |    0.7156 |     0.1547 |     0.8127 |    0.7130 |   1.59e-04 |     
   40 |     0.1492 |     0.8187 |    0.7181 |     0.1550 |     0.8122 |    0.7119 |   1.53e-04 |     
   41 |     0.1486 |     0.8205 |    0.7201 |     0.1542 |     0.8149 |    0.7152 |   1.48e-04 |     
   42 |     0.1468 |     0.8219 |    0.7222 |     0.1529 |     0.8168 |    0.7168 |   1.42e-04 |     
   43 |     0.1460 |     0.8226 |    0.7231 |     0.1575 |     0.8148 |    0.7142 |   1.36e-04 |     
   44 |     0.1454 |     0.8243 |    0.7250 |     0.1487 |     0.8215 |    0.7231 |   1.30e-04 |     
   45 |     0.1453 |     0.8241 |    0.7249 |     0.1575 |     0.8131 |    0.7132 |   1.24e-04 |     
   46 |     0.1421 |     0.8281 |    0.7296 |     0.1538 |     0.8164 |    0.7176 |   1.18e-04 |     
   47 |     0.1414 |     0.8288 |    0.7311 |     0.1522 |     0.8132 |    0.7120 |   1.12e-04 |     
   48 |     0.1422 |     0.8276 |    0.7296 |     0.1520 |     0.8204 |    0.7208 |   1.07e-04 |     
   49 |     0.1402 |     0.8301 |    0.7329 |     0.1537 |     0.8191 |    0.7205 |   1.01e-04 |     
   50 |     0.1385 |     0.8330 |    0.7361 |     0.1526 |     0.8181 |    0.7188 |   9.54e-05 |     
   51 |     0.1375 |     0.8339 |    0.7374 |     0.1565 |     0.8201 |    0.7222 |   8.99e-05 |     
   52 |     0.1359 |     0.8353 |    0.7390 |     0.1593 |     0.8098 |    0.7102 |   8.45e-05 |     
   53 |     0.1337 |     0.8385 |    0.7431 |     0.1486 |     0.8225 |    0.7252 |   7.92e-05 |     
   54 |     0.1336 |     0.8387 |    0.7433 |     0.1496 |     0.8192 |    0.7209 |   7.40e-05 |     
   55 |     0.1325 |     0.8400 |    0.7450 |     0.1551 |     0.8162 |    0.7170 |   6.90e-05 |     
   56 |     0.1316 |     0.8405 |    0.7457 |     0.1513 |     0.8199 |    0.7207 |   6.41e-05 |     
   57 |     0.1306 |     0.8427 |    0.7486 |     0.1505 |     0.8224 |    0.7243 |   5.93e-05 |     
   58 |     0.1281 |     0.8451 |    0.7513 |     0.1538 |     0.8206 |    0.7233 |   5.47e-05 |     
   59 |     0.1267 |     0.8473 |    0.7541 |     0.1515 |     0.8226 |    0.7248 |   5.02e-05 |     
   60 |     0.1254 |     0.8489 |    0.7562 |     0.1534 |     0.8220 |    0.7240 |   4.58e-05 |     
   61 |     0.1252 |     0.8492 |    0.7571 |     0.1538 |     0.8215 |    0.7238 |   4.17e-05 |     
   62 |     0.1230 |     0.8517 |    0.7599 |     0.1484 |     0.8226 |    0.7250 |   3.77e-05 |     
   63 |     0.1224 |     0.8527 |    0.7611 |     0.1505 |     0.8233 |    0.7266 |   3.39e-05 |    *
--- R2 plus final-map regional overlap: global validation statistics ---
up4: ca=0.8918+/-0.0958, sa=1.0096+/-0.0065, amp=0.0000, suppress=0.0000, guide_abs=0.1720
up4 residuals: local_mean=6.985e-02, global_mean=0.0137, local_strength=0.1156, global_strength=0.1153, gain=[0.9903,1.0476], saturation=0.0735, text_film=0.0231
up4 haar: reconstruction_error=5.662e-07, skip_low/high=0.8037/0.1963, plam_low/high=1.0000/0.0000
up4 strengths: plam=0.9170, region=0.1156, detail=0.1153; residual_std region/detail/refine=0.3045/0.4022/0.3259
up4 guide_mix: entropy=0.9813, raw_low=0.3156, plam_low=0.2565, decoder_low=0.2654, detail=0.1625; agreement plam/decoder=0.3559/0.6296, support=0.8100+/-0.0841
up4 adaptive_frequency: ALPF strength=0.2534, weights=0.1422/0.7217/0.1361, sum=1.0000, entropy=0.7132, delta_std=0.0777; AHPF strength=0.0741, weights=0.3124/0.5247/0.1629, sum=1.0000, entropy=0.9020, residual_std=0.1007, scaled_std=0.0075
up3: ca=1.0030+/-0.1523, sa=1.0111+/-0.0053, amp=0.0000, suppress=0.0000, guide_abs=0.3351
up3 residuals: local_mean=3.551e-02, global_mean=0.0587, local_strength=0.1143, global_strength=0.1210, gain=[0.9891,1.0424], saturation=0.0000, text_film=0.0237
up3 haar: reconstruction_error=9.537e-07, skip_low/high=0.7750/0.2250, plam_low/high=1.0000/0.0000
up3 strengths: plam=0.9123, region=0.1143, detail=0.1210; residual_std region/detail/refine=0.3072/0.6129/0.5381
up3 guide_mix: entropy=0.9823, raw_low=0.3313, plam_low=0.2398, decoder_low=0.2534, detail=0.1756; agreement plam/decoder=0.5688/0.1816, support=0.7525+/-0.0618
up3 adaptive_frequency: ALPF strength=0.3060, weights=0.0877/0.3127/0.5996, sum=1.0000, entropy=0.6675, delta_std=0.0726; AHPF strength=0.1106, weights=0.6645/0.1782/0.1573, sum=1.0000, entropy=0.6820, residual_std=0.0851, scaled_std=0.0094
up2: ca=0.9276+/-0.0795, sa=1.0055+/-0.0029, amp=0.0000, suppress=0.0000, guide_abs=0.2107
up2 residuals: local_mean=1.912e-03, global_mean=0.0453, local_strength=0.1197, global_strength=0.1161, gain=[0.9749,1.0360], saturation=0.0000, text_film=0.0336
up2 haar: reconstruction_error=1.341e-06, skip_low/high=0.7567/0.2433, plam_low/high=1.0000/0.0000
up2 strengths: plam=0.8495, region=0.1197, detail=0.1161; residual_std region/detail/refine=0.2155/0.2875/0.1491
up2 guide_mix: entropy=0.9612, raw_low=0.3097, plam_low=0.1757, decoder_low=0.3507, detail=0.1639; agreement plam/decoder=0.7892/0.1203, support=0.5775+/-0.0360
up1: ca=0.8572+/-0.1030, sa=1.0037+/-0.0134, amp=0.0000, suppress=0.0000, guide_abs=0.2018
up1 residuals: local_mean=-6.861e-03, global_mean=0.0465, local_strength=0.1266, global_strength=0.1002, gain=[0.9026,1.0978], saturation=0.0497, text_film=0.0462
up1 haar: reconstruction_error=2.857e-06, skip_low/high=0.7183/0.2817, plam_low/high=1.0000/0.0000
up1 strengths: plam=0.9232, region=0.1266, detail=0.1002; residual_std region/detail/refine=0.5988/0.4000/0.1874
up1 guide_mix: entropy=0.9482, raw_low=0.2576, plam_low=0.2749, decoder_low=0.3579, detail=0.1096; agreement plam/decoder=0.4927/-0.1504, support=0.7223+/-0.1032

========= Epoch [64/80] =========
RS1_Test_session_09.11_04h18
Training with batch size : 16
   [Train] Epoch: [64][20/357]  Loss:0.125 (Avg 0.1160) IoU:0.751 (Avg 0.7724) Dice:0.8453 (Avg 0.8618) LR 3.03e-05   (AvgTime 0.5)   
   [Train] Epoch: [64][40/357]  Loss:0.153 (Avg 0.1177) IoU:0.691 (Avg 0.7681) Dice:0.8023 (Avg 0.8576) LR 3.03e-05   (AvgTime 0.5)   
   [Train] Epoch: [64][60/357]  Loss:0.116 (Avg 0.1145) IoU:0.770 (Avg 0.7747) Dice:0.8569 (Avg 0.8625) LR 3.03e-05   (AvgTime 0.5)   
   [Train] Epoch: [64][80/357]  Loss:0.155 (Avg 0.1163) IoU:0.694 (Avg 0.7711) Dice:0.7998 (Avg 0.8598) LR 3.03e-05   (AvgTime 0.5)   
   [Train] Epoch: [64][100/357]  Loss:0.094 (Avg 0.1181) IoU:0.810 (Avg 0.7671) Dice:0.8917 (Avg 0.8569) LR 3.03e-05   (AvgTime 0.5)   
   [Train] Epoch: [64][120/357]  Loss:0.110 (Avg 0.1186) IoU:0.790 (Avg 0.7669) Dice:0.8748 (Avg 0.8567) LR 3.03e-05   (AvgTime 0.5)   
   [Train] Epoch: [64][140/357]  Loss:0.088 (Avg 0.1197) IoU:0.821 (Avg 0.7649) Dice:0.8935 (Avg 0.8554) LR 3.03e-05   (AvgTime 0.5)   
   [Train] Epoch: [64][160/357]  Loss:0.108 (Avg 0.1207) IoU:0.775 (Avg 0.7635) Dice:0.8671 (Avg 0.8545) LR 3.03e-05   (AvgTime 0.6)   
   [Train] Epoch: [64][180/357]  Loss:0.110 (Avg 0.1201) IoU:0.778 (Avg 0.7643) Dice:0.8698 (Avg 0.8551) LR 3.03e-05   (AvgTime 0.6)   
   [Train] Epoch: [64][200/357]  Loss:0.133 (Avg 0.1199) IoU:0.725 (Avg 0.7650) Dice:0.8238 (Avg 0.8555) LR 3.03e-05   (AvgTime 0.6)   
   [Train] Epoch: [64][220/357]  Loss:0.137 (Avg 0.1205) IoU:0.726 (Avg 0.7640) Dice:0.8333 (Avg 0.8547) LR 3.03e-05   (AvgTime 0.6)   
   [Train] Epoch: [64][240/357]  Loss:0.143 (Avg 0.1208) IoU:0.730 (Avg 0.7638) Dice:0.8246 (Avg 0.8545) LR 3.03e-05   (AvgTime 0.6)   
   [Train] Epoch: [64][260/357]  Loss:0.113 (Avg 0.1206) IoU:0.772 (Avg 0.7644) Dice:0.8635 (Avg 0.8551) LR 3.03e-05   (AvgTime 0.6)   
   [Train] Epoch: [64][280/357]  Loss:0.161 (Avg 0.1204) IoU:0.690 (Avg 0.7646) Dice:0.7878 (Avg 0.8553) LR 3.03e-05   (AvgTime 0.6)   
   [Train] Epoch: [64][300/357]  Loss:0.130 (Avg 0.1207) IoU:0.760 (Avg 0.7641) Dice:0.8471 (Avg 0.8550) LR 3.03e-05   (AvgTime 0.6)   
   [Train] Epoch: [64][320/357]  Loss:0.139 (Avg 0.1206) IoU:0.723 (Avg 0.7641) Dice:0.8251 (Avg 0.8551) LR 3.03e-05   (AvgTime 0.6)   
   [Train] Epoch: [64][340/357]  Loss:0.130 (Avg 0.1213) IoU:0.733 (Avg 0.7633) Dice:0.8321 (Avg 0.8543) LR 3.03e-05   (AvgTime 0.6)   
   [Train] Epoch: [64][357/357]  Loss:0.090 (Avg 0.1215) IoU:0.825 (Avg 0.7632) Dice:0.9007 (Avg 0.8541) LR 3.03e-05   (AvgTime 0.6)   
   [Train] Loss components: main_dice=0.120142, main_focal=0.042055, main=0.081098, region_raw=0.314579, region_weighted=0.040364, empty_window_fraction=0.000000, total=0.121463
Validation
   [Val] Epoch: [64][20/90]  Loss:0.172 (Avg 0.1519) IoU:0.693 (Avg 0.7309) Dice:0.8038 (Avg 0.8307) (AvgTime 0.3)   
   [Val] Epoch: [64][40/90]  Loss:0.126 (Avg 0.1578) IoU:0.749 (Avg 0.7171) Dice:0.8455 (Avg 0.8175) (AvgTime 0.2)   
   [Val] Epoch: [64][60/90]  Loss:0.191 (Avg 0.1482) IoU:0.672 (Avg 0.7283) Dice:0.7703 (Avg 0.8249) (AvgTime 0.2)   
   [Val] Epoch: [64][80/90]  Loss:0.143 (Avg 0.1468) IoU:0.720 (Avg 0.7275) Dice:0.8212 (Avg 0.8245) (AvgTime 0.2)   
   [Val] Epoch: [64][90/90]  Loss:0.196 (Avg 0.1469) IoU:0.622 (Avg 0.7275) Dice:0.7520 (Avg 0.8246) (AvgTime 0.2)   
   [Val] Loss components: main_dice=0.146045, main_focal=0.060073, main=0.103059, region_raw=0.341527, region_weighted=0.043822, empty_window_fraction=0.000000, total=0.146881
	 Saving best model by iou: 0.727467
	 Saving to Covid19/BetterLViT/rs1_global_iou/RS1_Test_session_09.11_04h18/models//best_model-BetterLViT.pth.tar
	 early_stopping_count: 0/80
--- Epoch History (1..64) ---
Epoch |  TrainLoss |  TrainDice |  TrainIoU |    ValLoss |    ValDice |    ValIoU |         LR | Best
    1 |     0.3274 |     0.6089 |    0.4797 |     0.3091 |     0.6203 |    0.4911 |   3.00e-04 |     
    2 |     0.2493 |     0.7003 |    0.5773 |     0.2277 |     0.7202 |    0.6053 |   3.00e-04 |     
    3 |     0.2258 |     0.7259 |    0.6062 |     0.2068 |     0.7560 |    0.6429 |   3.00e-04 |     
    4 |     0.2153 |     0.7383 |    0.6212 |     0.2013 |     0.7654 |    0.6509 |   2.99e-04 |     
    5 |     0.2041 |     0.7514 |    0.6359 |     0.1929 |     0.7592 |    0.6456 |   2.98e-04 |     
    6 |     0.2002 |     0.7575 |    0.6433 |     0.1994 |     0.7556 |    0.6374 |   2.97e-04 |     
    7 |     0.1959 |     0.7613 |    0.6476 |     0.1953 |     0.7677 |    0.6559 |   2.96e-04 |     
    8 |     0.1917 |     0.7652 |    0.6526 |     0.1819 |     0.7753 |    0.6638 |   2.94e-04 |     
    9 |     0.1890 |     0.7689 |    0.6569 |     0.1877 |     0.7648 |    0.6526 |   2.92e-04 |     
   10 |     0.1909 |     0.7674 |    0.6547 |     0.1967 |     0.7614 |    0.6474 |   2.91e-04 |     
   11 |     0.1850 |     0.7752 |    0.6643 |     0.1777 |     0.7851 |    0.6761 |   2.88e-04 |     
   12 |     0.1847 |     0.7750 |    0.6644 |     0.1820 |     0.7863 |    0.6777 |   2.86e-04 |     
   13 |     0.1819 |     0.7786 |    0.6681 |     0.1785 |     0.7822 |    0.6720 |   2.83e-04 |     
   14 |     0.1792 |     0.7815 |    0.6721 |     0.1710 |     0.7906 |    0.6822 |   2.80e-04 |     
   15 |     0.1799 |     0.7798 |    0.6700 |     0.1677 |     0.7939 |    0.6878 |   2.77e-04 |     
   16 |     0.1784 |     0.7828 |    0.6735 |     0.1778 |     0.7969 |    0.6907 |   2.74e-04 |     
   17 |     0.1800 |     0.7809 |    0.6717 |     0.1871 |     0.7775 |    0.6682 |   2.71e-04 |     
   18 |     0.1765 |     0.7859 |    0.6774 |     0.1763 |     0.7844 |    0.6744 |   2.67e-04 |     
   19 |     0.1725 |     0.7898 |    0.6825 |     0.1650 |     0.7980 |    0.6943 |   2.63e-04 |     
   20 |     0.1717 |     0.7911 |    0.6844 |     0.1718 |     0.7842 |    0.6753 |   2.59e-04 |     
   21 |     0.1702 |     0.7920 |    0.6849 |     0.1709 |     0.7905 |    0.6816 |   2.55e-04 |     
   22 |     0.1715 |     0.7907 |    0.6835 |     0.1778 |     0.7882 |    0.6809 |   2.51e-04 |     
   23 |     0.1702 |     0.7927 |    0.6865 |     0.1680 |     0.7894 |    0.6837 |   2.46e-04 |     
   24 |     0.1674 |     0.7964 |    0.6902 |     0.1675 |     0.8056 |    0.7029 |   2.42e-04 |     
   25 |     0.1664 |     0.7976 |    0.6919 |     0.1719 |     0.7939 |    0.6891 |   2.37e-04 |     
   26 |     0.1663 |     0.7975 |    0.6916 |     0.1635 |     0.7985 |    0.6924 |   2.32e-04 |     
   27 |     0.1632 |     0.8013 |    0.6966 |     0.1589 |     0.8088 |    0.7069 |   2.27e-04 |     
   28 |     0.1623 |     0.8031 |    0.6989 |     0.1645 |     0.8009 |    0.6963 |   2.22e-04 |     
   29 |     0.1611 |     0.8041 |    0.7006 |     0.1656 |     0.8001 |    0.6931 |   2.17e-04 |     
   30 |     0.1618 |     0.8040 |    0.6998 |     0.1588 |     0.8091 |    0.7079 |   2.11e-04 |     
   31 |     0.1594 |     0.8063 |    0.7029 |     0.1735 |     0.8039 |    0.6998 |   2.06e-04 |     
   32 |     0.1576 |     0.8091 |    0.7058 |     0.1622 |     0.8091 |    0.7070 |   2.00e-04 |     
   33 |     0.1577 |     0.8087 |    0.7056 |     0.1609 |     0.8024 |    0.6973 |   1.94e-04 |     
   34 |     0.1562 |     0.8101 |    0.7068 |     0.1622 |     0.8074 |    0.7042 |   1.89e-04 |     
   35 |     0.1543 |     0.8127 |    0.7105 |     0.1590 |     0.8114 |    0.7084 |   1.83e-04 |     
   36 |     0.1530 |     0.8139 |    0.7122 |     0.1560 |     0.8113 |    0.7104 |   1.77e-04 |     
   37 |     0.1544 |     0.8121 |    0.7103 |     0.1576 |     0.8048 |    0.7006 |   1.71e-04 |     
   38 |     0.1519 |     0.8155 |    0.7140 |     0.1594 |     0.8036 |    0.7011 |   1.65e-04 |     
   39 |     0.1511 |     0.8165 |    0.7156 |     0.1547 |     0.8127 |    0.7130 |   1.59e-04 |     
   40 |     0.1492 |     0.8187 |    0.7181 |     0.1550 |     0.8122 |    0.7119 |   1.53e-04 |     
   41 |     0.1486 |     0.8205 |    0.7201 |     0.1542 |     0.8149 |    0.7152 |   1.48e-04 |     
   42 |     0.1468 |     0.8219 |    0.7222 |     0.1529 |     0.8168 |    0.7168 |   1.42e-04 |     
   43 |     0.1460 |     0.8226 |    0.7231 |     0.1575 |     0.8148 |    0.7142 |   1.36e-04 |     
   44 |     0.1454 |     0.8243 |    0.7250 |     0.1487 |     0.8215 |    0.7231 |   1.30e-04 |     
   45 |     0.1453 |     0.8241 |    0.7249 |     0.1575 |     0.8131 |    0.7132 |   1.24e-04 |     
   46 |     0.1421 |     0.8281 |    0.7296 |     0.1538 |     0.8164 |    0.7176 |   1.18e-04 |     
   47 |     0.1414 |     0.8288 |    0.7311 |     0.1522 |     0.8132 |    0.7120 |   1.12e-04 |     
   48 |     0.1422 |     0.8276 |    0.7296 |     0.1520 |     0.8204 |    0.7208 |   1.07e-04 |     
   49 |     0.1402 |     0.8301 |    0.7329 |     0.1537 |     0.8191 |    0.7205 |   1.01e-04 |     
   50 |     0.1385 |     0.8330 |    0.7361 |     0.1526 |     0.8181 |    0.7188 |   9.54e-05 |     
   51 |     0.1375 |     0.8339 |    0.7374 |     0.1565 |     0.8201 |    0.7222 |   8.99e-05 |     
   52 |     0.1359 |     0.8353 |    0.7390 |     0.1593 |     0.8098 |    0.7102 |   8.45e-05 |     
   53 |     0.1337 |     0.8385 |    0.7431 |     0.1486 |     0.8225 |    0.7252 |   7.92e-05 |     
   54 |     0.1336 |     0.8387 |    0.7433 |     0.1496 |     0.8192 |    0.7209 |   7.40e-05 |     
   55 |     0.1325 |     0.8400 |    0.7450 |     0.1551 |     0.8162 |    0.7170 |   6.90e-05 |     
   56 |     0.1316 |     0.8405 |    0.7457 |     0.1513 |     0.8199 |    0.7207 |   6.41e-05 |     
   57 |     0.1306 |     0.8427 |    0.7486 |     0.1505 |     0.8224 |    0.7243 |   5.93e-05 |     
   58 |     0.1281 |     0.8451 |    0.7513 |     0.1538 |     0.8206 |    0.7233 |   5.47e-05 |     
   59 |     0.1267 |     0.8473 |    0.7541 |     0.1515 |     0.8226 |    0.7248 |   5.02e-05 |     
   60 |     0.1254 |     0.8489 |    0.7562 |     0.1534 |     0.8220 |    0.7240 |   4.58e-05 |     
   61 |     0.1252 |     0.8492 |    0.7571 |     0.1538 |     0.8215 |    0.7238 |   4.17e-05 |     
   62 |     0.1230 |     0.8517 |    0.7599 |     0.1484 |     0.8226 |    0.7250 |   3.77e-05 |     
   63 |     0.1224 |     0.8527 |    0.7611 |     0.1505 |     0.8233 |    0.7266 |   3.39e-05 |     
   64 |     0.1215 |     0.8541 |    0.7632 |     0.1469 |     0.8246 |    0.7275 |   3.03e-05 |    *
--- R2 plus final-map regional overlap: global validation statistics ---
up4: ca=0.8919+/-0.0959, sa=1.0096+/-0.0065, amp=0.0000, suppress=0.0000, guide_abs=0.1847
up4 residuals: local_mean=6.988e-02, global_mean=0.0138, local_strength=0.1156, global_strength=0.1153, gain=[0.9900,1.0475], saturation=0.0827, text_film=0.0233
up4 haar: reconstruction_error=4.768e-07, skip_low/high=0.8018/0.1982, plam_low/high=1.0000/0.0000
up4 strengths: plam=0.9170, region=0.1156, detail=0.1153; residual_std region/detail/refine=0.3066/0.4015/0.3258
up4 guide_mix: entropy=0.9814, raw_low=0.3163, plam_low=0.2518, decoder_low=0.2684, detail=0.1636; agreement plam/decoder=0.3728/0.6152, support=0.8099+/-0.0846
up4 adaptive_frequency: ALPF strength=0.2535, weights=0.1452/0.7169/0.1379, sum=1.0000, entropy=0.7202, delta_std=0.0766; AHPF strength=0.0741, weights=0.3099/0.5266/0.1635, sum=1.0000, entropy=0.9014, residual_std=0.1010, scaled_std=0.0075
up3: ca=1.0064+/-0.1503, sa=1.0111+/-0.0054, amp=0.0000, suppress=0.0000, guide_abs=0.3309
up3 residuals: local_mean=3.522e-02, global_mean=0.0590, local_strength=0.1143, global_strength=0.1210, gain=[0.9888,1.0430], saturation=0.0000, text_film=0.0218
up3 haar: reconstruction_error=9.537e-07, skip_low/high=0.7715/0.2285, plam_low/high=1.0000/0.0000
up3 strengths: plam=0.9122, region=0.1143, detail=0.1210; residual_std region/detail/refine=0.3008/0.6099/0.5331
up3 guide_mix: entropy=0.9829, raw_low=0.3287, plam_low=0.2399, decoder_low=0.2555, detail=0.1760; agreement plam/decoder=0.5891/0.1651, support=0.7487+/-0.0626
up3 adaptive_frequency: ALPF strength=0.3061, weights=0.0800/0.2825/0.6374, sum=1.0000, entropy=0.6558, delta_std=0.0746; AHPF strength=0.1106, weights=0.6942/0.1663/0.1395, sum=1.0000, entropy=0.6623, residual_std=0.0798, scaled_std=0.0088
up2: ca=0.9305+/-0.0763, sa=1.0055+/-0.0029, amp=0.0000, suppress=0.0000, guide_abs=0.2137
up2 residuals: local_mean=1.832e-03, global_mean=0.0454, local_strength=0.1197, global_strength=0.1161, gain=[0.9728,1.0375], saturation=0.0000, text_film=0.0340
up2 haar: reconstruction_error=1.252e-06, skip_low/high=0.7546/0.2454, plam_low/high=1.0000/0.0000
up2 strengths: plam=0.8496, region=0.1197, detail=0.1161; residual_std region/detail/refine=0.2167/0.2895/0.1488
up2 guide_mix: entropy=0.9601, raw_low=0.3082, plam_low=0.1741, decoder_low=0.3541, detail=0.1637; agreement plam/decoder=0.7666/0.1550, support=0.5789+/-0.0374
up1: ca=0.8638+/-0.1049, sa=1.0037+/-0.0134, amp=0.0000, suppress=0.0000, guide_abs=0.2050
up1 residuals: local_mean=-6.773e-03, global_mean=0.0467, local_strength=0.1266, global_strength=0.1002, gain=[0.9024,1.0979], saturation=0.0482, text_film=0.0487
up1 haar: reconstruction_error=2.831e-06, skip_low/high=0.7225/0.2775, plam_low/high=1.0000/0.0000
up1 strengths: plam=0.9232, region=0.1266, detail=0.1002; residual_std region/detail/refine=0.5942/0.4029/0.1875
up1 guide_mix: entropy=0.9510, raw_low=0.2695, plam_low=0.2655, decoder_low=0.3528, detail=0.1122; agreement plam/decoder=0.5569/-0.0742, support=0.7210+/-0.1010

========= Epoch [65/80] =========
RS1_Test_session_09.11_04h18
Training with batch size : 16
   [Train] Epoch: [65][20/357]  Loss:0.099 (Avg 0.1285) IoU:0.799 (Avg 0.7534) Dice:0.8817 (Avg 0.8452) LR 2.68e-05   (AvgTime 0.5)   
   [Train] Epoch: [65][40/357]  Loss:0.122 (Avg 0.1221) IoU:0.752 (Avg 0.7617) Dice:0.8520 (Avg 0.8522) LR 2.68e-05   (AvgTime 0.5)   
   [Train] Epoch: [65][60/357]  Loss:0.113 (Avg 0.1195) IoU:0.779 (Avg 0.7655) Dice:0.8626 (Avg 0.8559) LR 2.68e-05   (AvgTime 0.5)   
   [Train] Epoch: [65][80/357]  Loss:0.138 (Avg 0.1181) IoU:0.724 (Avg 0.7687) Dice:0.8303 (Avg 0.8579) LR 2.68e-05   (AvgTime 0.5)   
   [Train] Epoch: [65][100/357]  Loss:0.128 (Avg 0.1171) IoU:0.778 (Avg 0.7702) Dice:0.8713 (Avg 0.8594) LR 2.68e-05   (AvgTime 0.5)   
   [Train] Epoch: [65][120/357]  Loss:0.153 (Avg 0.1186) IoU:0.720 (Avg 0.7675) Dice:0.8210 (Avg 0.8574) LR 2.68e-05   (AvgTime 0.5)   
   [Train] Epoch: [65][140/357]  Loss:0.093 (Avg 0.1196) IoU:0.802 (Avg 0.7665) Dice:0.8842 (Avg 0.8567) LR 2.68e-05   (AvgTime 0.5)   
   [Train] Epoch: [65][160/357]  Loss:0.116 (Avg 0.1203) IoU:0.770 (Avg 0.7653) Dice:0.8646 (Avg 0.8558) LR 2.68e-05   (AvgTime 0.5)   
   [Train] Epoch: [65][180/357]  Loss:0.120 (Avg 0.1197) IoU:0.750 (Avg 0.7661) Dice:0.8478 (Avg 0.8565) LR 2.68e-05   (AvgTime 0.5)   
   [Train] Epoch: [65][200/357]  Loss:0.130 (Avg 0.1203) IoU:0.734 (Avg 0.7649) Dice:0.8340 (Avg 0.8556) LR 2.68e-05   (AvgTime 0.5)   
   [Train] Epoch: [65][220/357]  Loss:0.109 (Avg 0.1207) IoU:0.800 (Avg 0.7642) Dice:0.8834 (Avg 0.8552) LR 2.68e-05   (AvgTime 0.5)   
   [Train] Epoch: [65][240/357]  Loss:0.137 (Avg 0.1213) IoU:0.744 (Avg 0.7634) Dice:0.8338 (Avg 0.8544) LR 2.68e-05   (AvgTime 0.5)   
   [Train] Epoch: [65][260/357]  Loss:0.155 (Avg 0.1208) IoU:0.713 (Avg 0.7641) Dice:0.8047 (Avg 0.8549) LR 2.68e-05   (AvgTime 0.5)   
   [Train] Epoch: [65][280/357]  Loss:0.144 (Avg 0.1209) IoU:0.738 (Avg 0.7643) Dice:0.8403 (Avg 0.8550) LR 2.68e-05   (AvgTime 0.5)   
   [Train] Epoch: [65][300/357]  Loss:0.115 (Avg 0.1206) IoU:0.759 (Avg 0.7647) Dice:0.8560 (Avg 0.8553) LR 2.68e-05   (AvgTime 0.5)   
   [Train] Epoch: [65][320/357]  Loss:0.126 (Avg 0.1205) IoU:0.750 (Avg 0.7650) Dice:0.8398 (Avg 0.8555) LR 2.68e-05   (AvgTime 0.5)   
   [Train] Epoch: [65][340/357]  Loss:0.140 (Avg 0.1207) IoU:0.711 (Avg 0.7644) Dice:0.8120 (Avg 0.8550) LR 2.68e-05   (AvgTime 0.5)   
   [Train] Epoch: [65][357/357]  Loss:0.121 (Avg 0.1205) IoU:0.786 (Avg 0.7649) Dice:0.8552 (Avg 0.8554) LR 2.68e-05   (AvgTime 0.5)   
   [Train] Loss components: main_dice=0.119039, main_focal=0.041724, main=0.080382, region_raw=0.312831, region_weighted=0.040140, empty_window_fraction=0.000000, total=0.120521
Validation
   [Val] Epoch: [65][20/90]  Loss:0.183 (Avg 0.1550) IoU:0.672 (Avg 0.7285) Dice:0.7899 (Avg 0.8291) (AvgTime 0.3)   
   [Val] Epoch: [65][40/90]  Loss:0.124 (Avg 0.1589) IoU:0.751 (Avg 0.7187) Dice:0.8475 (Avg 0.8191) (AvgTime 0.2)   
   [Val] Epoch: [65][60/90]  Loss:0.201 (Avg 0.1493) IoU:0.653 (Avg 0.7301) Dice:0.7580 (Avg 0.8267) (AvgTime 0.2)   
   [Val] Epoch: [65][80/90]  Loss:0.141 (Avg 0.1485) IoU:0.723 (Avg 0.7289) Dice:0.8221 (Avg 0.8258) (AvgTime 0.2)   
   [Val] Epoch: [65][90/90]  Loss:0.198 (Avg 0.1489) IoU:0.614 (Avg 0.7285) Dice:0.7462 (Avg 0.8254) (AvgTime 0.2)   
   [Val] Loss components: main_dice=0.145768, main_focal=0.065059, main=0.105413, region_raw=0.338710, region_weighted=0.043461, empty_window_fraction=0.000000, total=0.148874
	 Saving best model by iou: 0.728457
	 Saving to Covid19/BetterLViT/rs1_global_iou/RS1_Test_session_09.11_04h18/models//best_model-BetterLViT.pth.tar
	 early_stopping_count: 0/80
--- Epoch History (1..65) ---
Epoch |  TrainLoss |  TrainDice |  TrainIoU |    ValLoss |    ValDice |    ValIoU |         LR | Best
    1 |     0.3274 |     0.6089 |    0.4797 |     0.3091 |     0.6203 |    0.4911 |   3.00e-04 |     
    2 |     0.2493 |     0.7003 |    0.5773 |     0.2277 |     0.7202 |    0.6053 |   3.00e-04 |     
    3 |     0.2258 |     0.7259 |    0.6062 |     0.2068 |     0.7560 |    0.6429 |   3.00e-04 |     
    4 |     0.2153 |     0.7383 |    0.6212 |     0.2013 |     0.7654 |    0.6509 |   2.99e-04 |     
    5 |     0.2041 |     0.7514 |    0.6359 |     0.1929 |     0.7592 |    0.6456 |   2.98e-04 |     
    6 |     0.2002 |     0.7575 |    0.6433 |     0.1994 |     0.7556 |    0.6374 |   2.97e-04 |     
    7 |     0.1959 |     0.7613 |    0.6476 |     0.1953 |     0.7677 |    0.6559 |   2.96e-04 |     
    8 |     0.1917 |     0.7652 |    0.6526 |     0.1819 |     0.7753 |    0.6638 |   2.94e-04 |     
    9 |     0.1890 |     0.7689 |    0.6569 |     0.1877 |     0.7648 |    0.6526 |   2.92e-04 |     
   10 |     0.1909 |     0.7674 |    0.6547 |     0.1967 |     0.7614 |    0.6474 |   2.91e-04 |     
   11 |     0.1850 |     0.7752 |    0.6643 |     0.1777 |     0.7851 |    0.6761 |   2.88e-04 |     
   12 |     0.1847 |     0.7750 |    0.6644 |     0.1820 |     0.7863 |    0.6777 |   2.86e-04 |     
   13 |     0.1819 |     0.7786 |    0.6681 |     0.1785 |     0.7822 |    0.6720 |   2.83e-04 |     
   14 |     0.1792 |     0.7815 |    0.6721 |     0.1710 |     0.7906 |    0.6822 |   2.80e-04 |     
   15 |     0.1799 |     0.7798 |    0.6700 |     0.1677 |     0.7939 |    0.6878 |   2.77e-04 |     
   16 |     0.1784 |     0.7828 |    0.6735 |     0.1778 |     0.7969 |    0.6907 |   2.74e-04 |     
   17 |     0.1800 |     0.7809 |    0.6717 |     0.1871 |     0.7775 |    0.6682 |   2.71e-04 |     
   18 |     0.1765 |     0.7859 |    0.6774 |     0.1763 |     0.7844 |    0.6744 |   2.67e-04 |     
   19 |     0.1725 |     0.7898 |    0.6825 |     0.1650 |     0.7980 |    0.6943 |   2.63e-04 |     
   20 |     0.1717 |     0.7911 |    0.6844 |     0.1718 |     0.7842 |    0.6753 |   2.59e-04 |     
   21 |     0.1702 |     0.7920 |    0.6849 |     0.1709 |     0.7905 |    0.6816 |   2.55e-04 |     
   22 |     0.1715 |     0.7907 |    0.6835 |     0.1778 |     0.7882 |    0.6809 |   2.51e-04 |     
   23 |     0.1702 |     0.7927 |    0.6865 |     0.1680 |     0.7894 |    0.6837 |   2.46e-04 |     
   24 |     0.1674 |     0.7964 |    0.6902 |     0.1675 |     0.8056 |    0.7029 |   2.42e-04 |     
   25 |     0.1664 |     0.7976 |    0.6919 |     0.1719 |     0.7939 |    0.6891 |   2.37e-04 |     
   26 |     0.1663 |     0.7975 |    0.6916 |     0.1635 |     0.7985 |    0.6924 |   2.32e-04 |     
   27 |     0.1632 |     0.8013 |    0.6966 |     0.1589 |     0.8088 |    0.7069 |   2.27e-04 |     
   28 |     0.1623 |     0.8031 |    0.6989 |     0.1645 |     0.8009 |    0.6963 |   2.22e-04 |     
   29 |     0.1611 |     0.8041 |    0.7006 |     0.1656 |     0.8001 |    0.6931 |   2.17e-04 |     
   30 |     0.1618 |     0.8040 |    0.6998 |     0.1588 |     0.8091 |    0.7079 |   2.11e-04 |     
   31 |     0.1594 |     0.8063 |    0.7029 |     0.1735 |     0.8039 |    0.6998 |   2.06e-04 |     
   32 |     0.1576 |     0.8091 |    0.7058 |     0.1622 |     0.8091 |    0.7070 |   2.00e-04 |     
   33 |     0.1577 |     0.8087 |    0.7056 |     0.1609 |     0.8024 |    0.6973 |   1.94e-04 |     
   34 |     0.1562 |     0.8101 |    0.7068 |     0.1622 |     0.8074 |    0.7042 |   1.89e-04 |     
   35 |     0.1543 |     0.8127 |    0.7105 |     0.1590 |     0.8114 |    0.7084 |   1.83e-04 |     
   36 |     0.1530 |     0.8139 |    0.7122 |     0.1560 |     0.8113 |    0.7104 |   1.77e-04 |     
   37 |     0.1544 |     0.8121 |    0.7103 |     0.1576 |     0.8048 |    0.7006 |   1.71e-04 |     
   38 |     0.1519 |     0.8155 |    0.7140 |     0.1594 |     0.8036 |    0.7011 |   1.65e-04 |     
   39 |     0.1511 |     0.8165 |    0.7156 |     0.1547 |     0.8127 |    0.7130 |   1.59e-04 |     
   40 |     0.1492 |     0.8187 |    0.7181 |     0.1550 |     0.8122 |    0.7119 |   1.53e-04 |     
   41 |     0.1486 |     0.8205 |    0.7201 |     0.1542 |     0.8149 |    0.7152 |   1.48e-04 |     
   42 |     0.1468 |     0.8219 |    0.7222 |     0.1529 |     0.8168 |    0.7168 |   1.42e-04 |     
   43 |     0.1460 |     0.8226 |    0.7231 |     0.1575 |     0.8148 |    0.7142 |   1.36e-04 |     
   44 |     0.1454 |     0.8243 |    0.7250 |     0.1487 |     0.8215 |    0.7231 |   1.30e-04 |     
   45 |     0.1453 |     0.8241 |    0.7249 |     0.1575 |     0.8131 |    0.7132 |   1.24e-04 |     
   46 |     0.1421 |     0.8281 |    0.7296 |     0.1538 |     0.8164 |    0.7176 |   1.18e-04 |     
   47 |     0.1414 |     0.8288 |    0.7311 |     0.1522 |     0.8132 |    0.7120 |   1.12e-04 |     
   48 |     0.1422 |     0.8276 |    0.7296 |     0.1520 |     0.8204 |    0.7208 |   1.07e-04 |     
   49 |     0.1402 |     0.8301 |    0.7329 |     0.1537 |     0.8191 |    0.7205 |   1.01e-04 |     
   50 |     0.1385 |     0.8330 |    0.7361 |     0.1526 |     0.8181 |    0.7188 |   9.54e-05 |     
   51 |     0.1375 |     0.8339 |    0.7374 |     0.1565 |     0.8201 |    0.7222 |   8.99e-05 |     
   52 |     0.1359 |     0.8353 |    0.7390 |     0.1593 |     0.8098 |    0.7102 |   8.45e-05 |     
   53 |     0.1337 |     0.8385 |    0.7431 |     0.1486 |     0.8225 |    0.7252 |   7.92e-05 |     
   54 |     0.1336 |     0.8387 |    0.7433 |     0.1496 |     0.8192 |    0.7209 |   7.40e-05 |     
   55 |     0.1325 |     0.8400 |    0.7450 |     0.1551 |     0.8162 |    0.7170 |   6.90e-05 |     
   56 |     0.1316 |     0.8405 |    0.7457 |     0.1513 |     0.8199 |    0.7207 |   6.41e-05 |     
   57 |     0.1306 |     0.8427 |    0.7486 |     0.1505 |     0.8224 |    0.7243 |   5.93e-05 |     
   58 |     0.1281 |     0.8451 |    0.7513 |     0.1538 |     0.8206 |    0.7233 |   5.47e-05 |     
   59 |     0.1267 |     0.8473 |    0.7541 |     0.1515 |     0.8226 |    0.7248 |   5.02e-05 |     
   60 |     0.1254 |     0.8489 |    0.7562 |     0.1534 |     0.8220 |    0.7240 |   4.58e-05 |     
   61 |     0.1252 |     0.8492 |    0.7571 |     0.1538 |     0.8215 |    0.7238 |   4.17e-05 |     
   62 |     0.1230 |     0.8517 |    0.7599 |     0.1484 |     0.8226 |    0.7250 |   3.77e-05 |     
   63 |     0.1224 |     0.8527 |    0.7611 |     0.1505 |     0.8233 |    0.7266 |   3.39e-05 |     
   64 |     0.1215 |     0.8541 |    0.7632 |     0.1469 |     0.8246 |    0.7275 |   3.03e-05 |     
   65 |     0.1205 |     0.8554 |    0.7649 |     0.1489 |     0.8254 |    0.7285 |   2.68e-05 |    *
--- R2 plus final-map regional overlap: global validation statistics ---
up4: ca=0.8959+/-0.0949, sa=1.0097+/-0.0066, amp=0.0000, suppress=0.0000, guide_abs=0.1808
up4 residuals: local_mean=7.037e-02, global_mean=0.0141, local_strength=0.1156, global_strength=0.1154, gain=[0.9892,1.0465], saturation=0.0765, text_film=0.0232
up4 haar: reconstruction_error=5.960e-07, skip_low/high=0.8023/0.1977, plam_low/high=1.0000/0.0000
up4 strengths: plam=0.9171, region=0.1156, detail=0.1154; residual_std region/detail/refine=0.2969/0.4084/0.3299
up4 guide_mix: entropy=0.9811, raw_low=0.3182, plam_low=0.2474, decoder_low=0.2703, detail=0.1641; agreement plam/decoder=0.3506/0.6069, support=0.8079+/-0.0861
up4 adaptive_frequency: ALPF strength=0.2535, weights=0.1485/0.7154/0.1361, sum=1.0000, entropy=0.7223, delta_std=0.0793; AHPF strength=0.0742, weights=0.3077/0.5276/0.1648, sum=1.0000, entropy=0.9035, residual_std=0.1035, scaled_std=0.0077
up3: ca=1.0084+/-0.1503, sa=1.0113+/-0.0054, amp=0.0000, suppress=0.0000, guide_abs=0.3351
up3 residuals: local_mean=3.606e-02, global_mean=0.0591, local_strength=0.1143, global_strength=0.1210, gain=[0.9893,1.0429], saturation=0.0000, text_film=0.0257
up3 haar: reconstruction_error=9.537e-07, skip_low/high=0.7735/0.2265, plam_low/high=1.0000/0.0000
up3 strengths: plam=0.9122, region=0.1143, detail=0.1210; residual_std region/detail/refine=0.3012/0.6187/0.5444
up3 guide_mix: entropy=0.9822, raw_low=0.3319, plam_low=0.2360, decoder_low=0.2555, detail=0.1766; agreement plam/decoder=0.5432/0.1681, support=0.7557+/-0.0609
up3 adaptive_frequency: ALPF strength=0.3063, weights=0.0876/0.3105/0.6019, sum=1.0000, entropy=0.6715, delta_std=0.0739; AHPF strength=0.1107, weights=0.6801/0.1762/0.1437, sum=1.0000, entropy=0.6649, residual_std=0.0826, scaled_std=0.0091
up2: ca=0.9328+/-0.0788, sa=1.0056+/-0.0029, amp=0.0000, suppress=0.0000, guide_abs=0.2184
up2 residuals: local_mean=1.875e-03, global_mean=0.0461, local_strength=0.1198, global_strength=0.1161, gain=[0.9732,1.0370], saturation=0.0000, text_film=0.0338
up2 haar: reconstruction_error=9.537e-07, skip_low/high=0.7524/0.2476, plam_low/high=1.0000/0.0000
up2 strengths: plam=0.8496, region=0.1198, detail=0.1161; residual_std region/detail/refine=0.2194/0.2863/0.1495
up2 guide_mix: entropy=0.9606, raw_low=0.3073, plam_low=0.1738, decoder_low=0.3539, detail=0.1650; agreement plam/decoder=0.7771/0.1431, support=0.5823+/-0.0382
up1: ca=0.8610+/-0.0995, sa=1.0038+/-0.0134, amp=0.0000, suppress=0.0000, guide_abs=0.2037
up1 residuals: local_mean=-6.451e-03, global_mean=0.0465, local_strength=0.1266, global_strength=0.1002, gain=[0.9024,1.0980], saturation=0.0448, text_film=0.0472
up1 haar: reconstruction_error=2.393e-06, skip_low/high=0.7200/0.2800, plam_low/high=1.0000/0.0000
up1 strengths: plam=0.9231, region=0.1266, detail=0.1002; residual_std region/detail/refine=0.5777/0.4010/0.1870
up1 guide_mix: entropy=0.9523, raw_low=0.2702, plam_low=0.2647, decoder_low=0.3514, detail=0.1137; agreement plam/decoder=0.6125/-0.0825, support=0.7165+/-0.0991

========= Epoch [66/80] =========
RS1_Test_session_09.11_04h18
Training with batch size : 16
   [Train] Epoch: [66][20/357]  Loss:0.111 (Avg 0.1222) IoU:0.788 (Avg 0.7640) Dice:0.8732 (Avg 0.8541) LR 2.36e-05   (AvgTime 0.6)   
   [Train] Epoch: [66][40/357]  Loss:0.109 (Avg 0.1205) IoU:0.782 (Avg 0.7666) Dice:0.8734 (Avg 0.8565) LR 2.36e-05   (AvgTime 0.6)   
   [Train] Epoch: [66][60/357]  Loss:0.094 (Avg 0.1202) IoU:0.803 (Avg 0.7669) Dice:0.8782 (Avg 0.8565) LR 2.36e-05   (AvgTime 0.6)   
   [Train] Epoch: [66][80/357]  Loss:0.114 (Avg 0.1199) IoU:0.795 (Avg 0.7665) Dice:0.8773 (Avg 0.8565) LR 2.36e-05   (AvgTime 0.6)   
   [Train] Epoch: [66][100/357]  Loss:0.109 (Avg 0.1173) IoU:0.776 (Avg 0.7707) Dice:0.8577 (Avg 0.8599) LR 2.36e-05   (AvgTime 0.6)   
   [Train] Epoch: [66][120/357]  Loss:0.115 (Avg 0.1175) IoU:0.764 (Avg 0.7704) Dice:0.8559 (Avg 0.8596) LR 2.36e-05   (AvgTime 0.6)   
   [Train] Epoch: [66][140/357]  Loss:0.116 (Avg 0.1182) IoU:0.769 (Avg 0.7686) Dice:0.8638 (Avg 0.8583) LR 2.36e-05   (AvgTime 0.6)   
   [Train] Epoch: [66][160/357]  Loss:0.095 (Avg 0.1173) IoU:0.803 (Avg 0.7704) Dice:0.8851 (Avg 0.8596) LR 2.36e-05   (AvgTime 0.6)   
   [Train] Epoch: [66][180/357]  Loss:0.125 (Avg 0.1190) IoU:0.753 (Avg 0.7670) Dice:0.8506 (Avg 0.8570) LR 2.36e-05   (AvgTime 0.6)   
   [Train] Epoch: [66][200/357]  Loss:0.123 (Avg 0.1186) IoU:0.756 (Avg 0.7679) Dice:0.8458 (Avg 0.8575) LR 2.36e-05   (AvgTime 0.6)   
   [Train] Epoch: [66][220/357]  Loss:0.126 (Avg 0.1185) IoU:0.733 (Avg 0.7683) Dice:0.8368 (Avg 0.8578) LR 2.36e-05   (AvgTime 0.6)   
   [Train] Epoch: [66][240/357]  Loss:0.103 (Avg 0.1182) IoU:0.791 (Avg 0.7687) Dice:0.8706 (Avg 0.8582) LR 2.36e-05   (AvgTime 0.6)   
   [Train] Epoch: [66][260/357]  Loss:0.079 (Avg 0.1181) IoU:0.826 (Avg 0.7686) Dice:0.9014 (Avg 0.8583) LR 2.36e-05   (AvgTime 0.6)   
   [Train] Epoch: [66][280/357]  Loss:0.136 (Avg 0.1179) IoU:0.728 (Avg 0.7689) Dice:0.8284 (Avg 0.8585) LR 2.36e-05   (AvgTime 0.6)   
   [Train] Epoch: [66][300/357]  Loss:0.100 (Avg 0.1181) IoU:0.793 (Avg 0.7683) Dice:0.8795 (Avg 0.8582) LR 2.36e-05   (AvgTime 0.6)   
   [Train] Epoch: [66][320/357]  Loss:0.135 (Avg 0.1180) IoU:0.742 (Avg 0.7685) Dice:0.8327 (Avg 0.8583) LR 2.36e-05   (AvgTime 0.6)   
   [Train] Epoch: [66][340/357]  Loss:0.083 (Avg 0.1181) IoU:0.829 (Avg 0.7683) Dice:0.9018 (Avg 0.8582) LR 2.36e-05   (AvgTime 0.6)   
   [Train] Epoch: [66][357/357]  Loss:0.119 (Avg 0.1184) IoU:0.746 (Avg 0.7677) Dice:0.8476 (Avg 0.8578) LR 2.36e-05   (AvgTime 0.6)   
   [Train] Loss components: main_dice=0.116692, main_focal=0.040846, main=0.078769, region_raw=0.308799, region_weighted=0.039623, empty_window_fraction=0.000000, total=0.118392
Validation
   [Val] Epoch: [66][20/90]  Loss:0.181 (Avg 0.1557) IoU:0.672 (Avg 0.7257) Dice:0.7901 (Avg 0.8271) (AvgTime 0.3)   
   [Val] Epoch: [66][40/90]  Loss:0.122 (Avg 0.1593) IoU:0.748 (Avg 0.7157) Dice:0.8453 (Avg 0.8171) (AvgTime 0.2)   
   [Val] Epoch: [66][60/90]  Loss:0.198 (Avg 0.1496) IoU:0.659 (Avg 0.7276) Dice:0.7625 (Avg 0.8248) (AvgTime 0.2)   
   [Val] Epoch: [66][80/90]  Loss:0.138 (Avg 0.1493) IoU:0.725 (Avg 0.7260) Dice:0.8247 (Avg 0.8236) (AvgTime 0.2)   
   [Val] Epoch: [66][90/90]  Loss:0.213 (Avg 0.1498) IoU:0.585 (Avg 0.7258) Dice:0.7228 (Avg 0.8234) (AvgTime 0.2)   
   [Val] Loss components: main_dice=0.147661, main_focal=0.064395, main=0.106028, region_raw=0.341349, region_weighted=0.043799, empty_window_fraction=0.000000, total=0.149827
	 No iou improvement; selected epoch 65
	 early_stopping_count: 1/80
--- Epoch History (1..66) ---
Epoch |  TrainLoss |  TrainDice |  TrainIoU |    ValLoss |    ValDice |    ValIoU |         LR | Best
    1 |     0.3274 |     0.6089 |    0.4797 |     0.3091 |     0.6203 |    0.4911 |   3.00e-04 |     
    2 |     0.2493 |     0.7003 |    0.5773 |     0.2277 |     0.7202 |    0.6053 |   3.00e-04 |     
    3 |     0.2258 |     0.7259 |    0.6062 |     0.2068 |     0.7560 |    0.6429 |   3.00e-04 |     
    4 |     0.2153 |     0.7383 |    0.6212 |     0.2013 |     0.7654 |    0.6509 |   2.99e-04 |     
    5 |     0.2041 |     0.7514 |    0.6359 |     0.1929 |     0.7592 |    0.6456 |   2.98e-04 |     
    6 |     0.2002 |     0.7575 |    0.6433 |     0.1994 |     0.7556 |    0.6374 |   2.97e-04 |     
    7 |     0.1959 |     0.7613 |    0.6476 |     0.1953 |     0.7677 |    0.6559 |   2.96e-04 |     
    8 |     0.1917 |     0.7652 |    0.6526 |     0.1819 |     0.7753 |    0.6638 |   2.94e-04 |     
    9 |     0.1890 |     0.7689 |    0.6569 |     0.1877 |     0.7648 |    0.6526 |   2.92e-04 |     
   10 |     0.1909 |     0.7674 |    0.6547 |     0.1967 |     0.7614 |    0.6474 |   2.91e-04 |     
   11 |     0.1850 |     0.7752 |    0.6643 |     0.1777 |     0.7851 |    0.6761 |   2.88e-04 |     
   12 |     0.1847 |     0.7750 |    0.6644 |     0.1820 |     0.7863 |    0.6777 |   2.86e-04 |     
   13 |     0.1819 |     0.7786 |    0.6681 |     0.1785 |     0.7822 |    0.6720 |   2.83e-04 |     
   14 |     0.1792 |     0.7815 |    0.6721 |     0.1710 |     0.7906 |    0.6822 |   2.80e-04 |     
   15 |     0.1799 |     0.7798 |    0.6700 |     0.1677 |     0.7939 |    0.6878 |   2.77e-04 |     
   16 |     0.1784 |     0.7828 |    0.6735 |     0.1778 |     0.7969 |    0.6907 |   2.74e-04 |     
   17 |     0.1800 |     0.7809 |    0.6717 |     0.1871 |     0.7775 |    0.6682 |   2.71e-04 |     
   18 |     0.1765 |     0.7859 |    0.6774 |     0.1763 |     0.7844 |    0.6744 |   2.67e-04 |     
   19 |     0.1725 |     0.7898 |    0.6825 |     0.1650 |     0.7980 |    0.6943 |   2.63e-04 |     
   20 |     0.1717 |     0.7911 |    0.6844 |     0.1718 |     0.7842 |    0.6753 |   2.59e-04 |     
   21 |     0.1702 |     0.7920 |    0.6849 |     0.1709 |     0.7905 |    0.6816 |   2.55e-04 |     
   22 |     0.1715 |     0.7907 |    0.6835 |     0.1778 |     0.7882 |    0.6809 |   2.51e-04 |     
   23 |     0.1702 |     0.7927 |    0.6865 |     0.1680 |     0.7894 |    0.6837 |   2.46e-04 |     
   24 |     0.1674 |     0.7964 |    0.6902 |     0.1675 |     0.8056 |    0.7029 |   2.42e-04 |     
   25 |     0.1664 |     0.7976 |    0.6919 |     0.1719 |     0.7939 |    0.6891 |   2.37e-04 |     
   26 |     0.1663 |     0.7975 |    0.6916 |     0.1635 |     0.7985 |    0.6924 |   2.32e-04 |     
   27 |     0.1632 |     0.8013 |    0.6966 |     0.1589 |     0.8088 |    0.7069 |   2.27e-04 |     
   28 |     0.1623 |     0.8031 |    0.6989 |     0.1645 |     0.8009 |    0.6963 |   2.22e-04 |     
   29 |     0.1611 |     0.8041 |    0.7006 |     0.1656 |     0.8001 |    0.6931 |   2.17e-04 |     
   30 |     0.1618 |     0.8040 |    0.6998 |     0.1588 |     0.8091 |    0.7079 |   2.11e-04 |     
   31 |     0.1594 |     0.8063 |    0.7029 |     0.1735 |     0.8039 |    0.6998 |   2.06e-04 |     
   32 |     0.1576 |     0.8091 |    0.7058 |     0.1622 |     0.8091 |    0.7070 |   2.00e-04 |     
   33 |     0.1577 |     0.8087 |    0.7056 |     0.1609 |     0.8024 |    0.6973 |   1.94e-04 |     
   34 |     0.1562 |     0.8101 |    0.7068 |     0.1622 |     0.8074 |    0.7042 |   1.89e-04 |     
   35 |     0.1543 |     0.8127 |    0.7105 |     0.1590 |     0.8114 |    0.7084 |   1.83e-04 |     
   36 |     0.1530 |     0.8139 |    0.7122 |     0.1560 |     0.8113 |    0.7104 |   1.77e-04 |     
   37 |     0.1544 |     0.8121 |    0.7103 |     0.1576 |     0.8048 |    0.7006 |   1.71e-04 |     
   38 |     0.1519 |     0.8155 |    0.7140 |     0.1594 |     0.8036 |    0.7011 |   1.65e-04 |     
   39 |     0.1511 |     0.8165 |    0.7156 |     0.1547 |     0.8127 |    0.7130 |   1.59e-04 |     
   40 |     0.1492 |     0.8187 |    0.7181 |     0.1550 |     0.8122 |    0.7119 |   1.53e-04 |     
   41 |     0.1486 |     0.8205 |    0.7201 |     0.1542 |     0.8149 |    0.7152 |   1.48e-04 |     
   42 |     0.1468 |     0.8219 |    0.7222 |     0.1529 |     0.8168 |    0.7168 |   1.42e-04 |     
   43 |     0.1460 |     0.8226 |    0.7231 |     0.1575 |     0.8148 |    0.7142 |   1.36e-04 |     
   44 |     0.1454 |     0.8243 |    0.7250 |     0.1487 |     0.8215 |    0.7231 |   1.30e-04 |     
   45 |     0.1453 |     0.8241 |    0.7249 |     0.1575 |     0.8131 |    0.7132 |   1.24e-04 |     
   46 |     0.1421 |     0.8281 |    0.7296 |     0.1538 |     0.8164 |    0.7176 |   1.18e-04 |     
   47 |     0.1414 |     0.8288 |    0.7311 |     0.1522 |     0.8132 |    0.7120 |   1.12e-04 |     
   48 |     0.1422 |     0.8276 |    0.7296 |     0.1520 |     0.8204 |    0.7208 |   1.07e-04 |     
   49 |     0.1402 |     0.8301 |    0.7329 |     0.1537 |     0.8191 |    0.7205 |   1.01e-04 |     
   50 |     0.1385 |     0.8330 |    0.7361 |     0.1526 |     0.8181 |    0.7188 |   9.54e-05 |     
   51 |     0.1375 |     0.8339 |    0.7374 |     0.1565 |     0.8201 |    0.7222 |   8.99e-05 |     
   52 |     0.1359 |     0.8353 |    0.7390 |     0.1593 |     0.8098 |    0.7102 |   8.45e-05 |     
   53 |     0.1337 |     0.8385 |    0.7431 |     0.1486 |     0.8225 |    0.7252 |   7.92e-05 |     
   54 |     0.1336 |     0.8387 |    0.7433 |     0.1496 |     0.8192 |    0.7209 |   7.40e-05 |     
   55 |     0.1325 |     0.8400 |    0.7450 |     0.1551 |     0.8162 |    0.7170 |   6.90e-05 |     
   56 |     0.1316 |     0.8405 |    0.7457 |     0.1513 |     0.8199 |    0.7207 |   6.41e-05 |     
   57 |     0.1306 |     0.8427 |    0.7486 |     0.1505 |     0.8224 |    0.7243 |   5.93e-05 |     
   58 |     0.1281 |     0.8451 |    0.7513 |     0.1538 |     0.8206 |    0.7233 |   5.47e-05 |     
   59 |     0.1267 |     0.8473 |    0.7541 |     0.1515 |     0.8226 |    0.7248 |   5.02e-05 |     
   60 |     0.1254 |     0.8489 |    0.7562 |     0.1534 |     0.8220 |    0.7240 |   4.58e-05 |     
   61 |     0.1252 |     0.8492 |    0.7571 |     0.1538 |     0.8215 |    0.7238 |   4.17e-05 |     
   62 |     0.1230 |     0.8517 |    0.7599 |     0.1484 |     0.8226 |    0.7250 |   3.77e-05 |     
   63 |     0.1224 |     0.8527 |    0.7611 |     0.1505 |     0.8233 |    0.7266 |   3.39e-05 |     
   64 |     0.1215 |     0.8541 |    0.7632 |     0.1469 |     0.8246 |    0.7275 |   3.03e-05 |     
   65 |     0.1205 |     0.8554 |    0.7649 |     0.1489 |     0.8254 |    0.7285 |   2.68e-05 |    *
   66 |     0.1184 |     0.8578 |    0.7677 |     0.1498 |     0.8234 |    0.7258 |   2.36e-05 |     
--- R2 plus final-map regional overlap: global validation statistics ---
up4: ca=0.8950+/-0.0946, sa=1.0096+/-0.0065, amp=0.0000, suppress=0.0000, guide_abs=0.1793
up4 residuals: local_mean=7.016e-02, global_mean=0.0136, local_strength=0.1155, global_strength=0.1154, gain=[0.9903,1.0481], saturation=0.0724, text_film=0.0232
up4 haar: reconstruction_error=4.768e-07, skip_low/high=0.7993/0.2007, plam_low/high=1.0000/0.0000
up4 strengths: plam=0.9171, region=0.1155, detail=0.1154; residual_std region/detail/refine=0.3016/0.4051/0.3302
up4 guide_mix: entropy=0.9816, raw_low=0.3102, plam_low=0.2583, decoder_low=0.2698, detail=0.1617; agreement plam/decoder=0.3683/0.6174, support=0.8088+/-0.0854
up4 adaptive_frequency: ALPF strength=0.2535, weights=0.1455/0.7189/0.1357, sum=1.0000, entropy=0.7171, delta_std=0.0781; AHPF strength=0.0741, weights=0.3123/0.5249/0.1627, sum=1.0000, entropy=0.9018, residual_std=0.1005, scaled_std=0.0074
up3: ca=1.0090+/-0.1480, sa=1.0110+/-0.0052, amp=0.0000, suppress=0.0000, guide_abs=0.3285
up3 residuals: local_mean=3.425e-02, global_mean=0.0588, local_strength=0.1143, global_strength=0.1210, gain=[0.9898,1.0417], saturation=0.0000, text_film=0.0236
up3 haar: reconstruction_error=9.537e-07, skip_low/high=0.7730/0.2270, plam_low/high=1.0000/0.0000
up3 strengths: plam=0.9121, region=0.1143, detail=0.1210; residual_std region/detail/refine=0.3016/0.6143/0.5398
up3 guide_mix: entropy=0.9828, raw_low=0.3290, plam_low=0.2441, decoder_low=0.2514, detail=0.1755; agreement plam/decoder=0.5601/0.1478, support=0.7485+/-0.0616
up3 adaptive_frequency: ALPF strength=0.3065, weights=0.0769/0.2765/0.6467, sum=1.0000, entropy=0.6568, delta_std=0.0733; AHPF strength=0.1107, weights=0.7201/0.1569/0.1230, sum=1.0000, entropy=0.6311, residual_std=0.0727, scaled_std=0.0080
up2: ca=0.9347+/-0.0777, sa=1.0055+/-0.0030, amp=0.0000, suppress=0.0000, guide_abs=0.2239
up2 residuals: local_mean=1.935e-03, global_mean=0.0459, local_strength=0.1197, global_strength=0.1161, gain=[0.9736,1.0369], saturation=0.0000, text_film=0.0347
up2 haar: reconstruction_error=9.537e-07, skip_low/high=0.7538/0.2462, plam_low/high=1.0000/0.0000
up2 strengths: plam=0.8496, region=0.1197, detail=0.1161; residual_std region/detail/refine=0.2180/0.2896/0.1485
up2 guide_mix: entropy=0.9631, raw_low=0.3056, plam_low=0.1815, decoder_low=0.3499, detail=0.1630; agreement plam/decoder=0.7799/0.0691, support=0.5848+/-0.0374
up1: ca=0.8656+/-0.0991, sa=1.0038+/-0.0134, amp=0.0000, suppress=0.0000, guide_abs=0.2004
up1 residuals: local_mean=-6.494e-03, global_mean=0.0466, local_strength=0.1267, global_strength=0.1002, gain=[0.9024,1.0980], saturation=0.0420, text_film=0.0469
up1 haar: reconstruction_error=2.563e-06, skip_low/high=0.7216/0.2784, plam_low/high=1.0000/0.0000
up1 strengths: plam=0.9230, region=0.1267, detail=0.1002; residual_std region/detail/refine=0.5816/0.4016/0.1873
up1 guide_mix: entropy=0.9504, raw_low=0.2634, plam_low=0.2768, decoder_low=0.3495, detail=0.1104; agreement plam/decoder=0.5710/-0.1209, support=0.7130+/-0.0983

========= Epoch [67/80] =========
RS1_Test_session_09.11_04h18
Training with batch size : 16
   [Train] Epoch: [67][20/357]  Loss:0.102 (Avg 0.1141) IoU:0.794 (Avg 0.7802) Dice:0.8787 (Avg 0.8684) LR 2.05e-05   (AvgTime 0.6)   
   [Train] Epoch: [67][40/357]  Loss:0.081 (Avg 0.1135) IoU:0.839 (Avg 0.7793) Dice:0.9089 (Avg 0.8661) LR 2.05e-05   (AvgTime 0.5)   
   [Train] Epoch: [67][60/357]  Loss:0.144 (Avg 0.1163) IoU:0.760 (Avg 0.7747) Dice:0.8418 (Avg 0.8633) LR 2.05e-05   (AvgTime 0.5)   
   [Train] Epoch: [67][80/357]  Loss:0.088 (Avg 0.1174) IoU:0.829 (Avg 0.7727) Dice:0.9030 (Avg 0.8611) LR 2.05e-05   (AvgTime 0.5)   
   [Train] Epoch: [67][100/357]  Loss:0.140 (Avg 0.1176) IoU:0.711 (Avg 0.7717) Dice:0.8258 (Avg 0.8607) LR 2.05e-05   (AvgTime 0.5)   
   [Train] Epoch: [67][120/357]  Loss:0.087 (Avg 0.1181) IoU:0.816 (Avg 0.7701) Dice:0.8946 (Avg 0.8595) LR 2.05e-05   (AvgTime 0.5)   
   [Train] Epoch: [67][140/357]  Loss:0.115 (Avg 0.1174) IoU:0.770 (Avg 0.7703) Dice:0.8589 (Avg 0.8597) LR 2.05e-05   (AvgTime 0.5)   
   [Train] Epoch: [67][160/357]  Loss:0.092 (Avg 0.1176) IoU:0.819 (Avg 0.7701) Dice:0.8918 (Avg 0.8597) LR 2.05e-05   (AvgTime 0.5)   
   [Train] Epoch: [67][180/357]  Loss:0.116 (Avg 0.1191) IoU:0.796 (Avg 0.7674) Dice:0.8807 (Avg 0.8574) LR 2.05e-05   (AvgTime 0.5)   
   [Train] Epoch: [67][200/357]  Loss:0.105 (Avg 0.1192) IoU:0.780 (Avg 0.7672) Dice:0.8713 (Avg 0.8570) LR 2.05e-05   (AvgTime 0.5)   
   [Train] Epoch: [67][220/357]  Loss:0.138 (Avg 0.1197) IoU:0.729 (Avg 0.7662) Dice:0.8251 (Avg 0.8563) LR 2.05e-05   (AvgTime 0.5)   
   [Train] Epoch: [67][240/357]  Loss:0.137 (Avg 0.1193) IoU:0.714 (Avg 0.7669) Dice:0.8207 (Avg 0.8567) LR 2.05e-05   (AvgTime 0.5)   
   [Train] Epoch: [67][260/357]  Loss:0.160 (Avg 0.1198) IoU:0.704 (Avg 0.7664) Dice:0.7916 (Avg 0.8563) LR 2.05e-05   (AvgTime 0.5)   
   [Train] Epoch: [67][280/357]  Loss:0.143 (Avg 0.1199) IoU:0.719 (Avg 0.7659) Dice:0.8157 (Avg 0.8561) LR 2.05e-05   (AvgTime 0.5)   
   [Train] Epoch: [67][300/357]  Loss:0.123 (Avg 0.1192) IoU:0.751 (Avg 0.7670) Dice:0.8473 (Avg 0.8570) LR 2.05e-05   (AvgTime 0.5)   
   [Train] Epoch: [67][320/357]  Loss:0.122 (Avg 0.1189) IoU:0.750 (Avg 0.7676) Dice:0.8496 (Avg 0.8574) LR 2.05e-05   (AvgTime 0.5)   
   [Train] Epoch: [67][340/357]  Loss:0.113 (Avg 0.1186) IoU:0.787 (Avg 0.7680) Dice:0.8527 (Avg 0.8577) LR 2.05e-05   (AvgTime 0.5)   
   [Train] Epoch: [67][357/357]  Loss:0.149 (Avg 0.1184) IoU:0.714 (Avg 0.7683) Dice:0.8091 (Avg 0.8580) LR 2.05e-05   (AvgTime 0.5)   
   [Train] Loss components: main_dice=0.116790, main_focal=0.040775, main=0.078783, region_raw=0.309001, region_weighted=0.039649, empty_window_fraction=0.000000, total=0.118431
Validation
   [Val] Epoch: [67][20/90]  Loss:0.186 (Avg 0.1574) IoU:0.669 (Avg 0.7291) Dice:0.7890 (Avg 0.8296) (AvgTime 0.3)   
   [Val] Epoch: [67][40/90]  Loss:0.122 (Avg 0.1609) IoU:0.747 (Avg 0.7195) Dice:0.8454 (Avg 0.8195) (AvgTime 0.2)   
   [Val] Epoch: [67][60/90]  Loss:0.201 (Avg 0.1513) IoU:0.650 (Avg 0.7300) Dice:0.7560 (Avg 0.8264) (AvgTime 0.2)   
   [Val] Epoch: [67][80/90]  Loss:0.140 (Avg 0.1507) IoU:0.732 (Avg 0.7287) Dice:0.8271 (Avg 0.8254) (AvgTime 0.2)   
   [Val] Epoch: [67][90/90]  Loss:0.205 (Avg 0.1511) IoU:0.594 (Avg 0.7281) Dice:0.7300 (Avg 0.8250) (AvgTime 0.2)   
   [Val] Loss components: main_dice=0.145858, main_focal=0.070832, main=0.108345, region_raw=0.333384, region_weighted=0.042777, empty_window_fraction=0.000000, total=0.151122
	 No iou improvement; selected epoch 65
	 early_stopping_count: 2/80
--- Epoch History (1..67) ---
Epoch |  TrainLoss |  TrainDice |  TrainIoU |    ValLoss |    ValDice |    ValIoU |         LR | Best
    1 |     0.3274 |     0.6089 |    0.4797 |     0.3091 |     0.6203 |    0.4911 |   3.00e-04 |     
    2 |     0.2493 |     0.7003 |    0.5773 |     0.2277 |     0.7202 |    0.6053 |   3.00e-04 |     
    3 |     0.2258 |     0.7259 |    0.6062 |     0.2068 |     0.7560 |    0.6429 |   3.00e-04 |     
    4 |     0.2153 |     0.7383 |    0.6212 |     0.2013 |     0.7654 |    0.6509 |   2.99e-04 |     
    5 |     0.2041 |     0.7514 |    0.6359 |     0.1929 |     0.7592 |    0.6456 |   2.98e-04 |     
    6 |     0.2002 |     0.7575 |    0.6433 |     0.1994 |     0.7556 |    0.6374 |   2.97e-04 |     
    7 |     0.1959 |     0.7613 |    0.6476 |     0.1953 |     0.7677 |    0.6559 |   2.96e-04 |     
    8 |     0.1917 |     0.7652 |    0.6526 |     0.1819 |     0.7753 |    0.6638 |   2.94e-04 |     
    9 |     0.1890 |     0.7689 |    0.6569 |     0.1877 |     0.7648 |    0.6526 |   2.92e-04 |     
   10 |     0.1909 |     0.7674 |    0.6547 |     0.1967 |     0.7614 |    0.6474 |   2.91e-04 |     
   11 |     0.1850 |     0.7752 |    0.6643 |     0.1777 |     0.7851 |    0.6761 |   2.88e-04 |     
   12 |     0.1847 |     0.7750 |    0.6644 |     0.1820 |     0.7863 |    0.6777 |   2.86e-04 |     
   13 |     0.1819 |     0.7786 |    0.6681 |     0.1785 |     0.7822 |    0.6720 |   2.83e-04 |     
   14 |     0.1792 |     0.7815 |    0.6721 |     0.1710 |     0.7906 |    0.6822 |   2.80e-04 |     
   15 |     0.1799 |     0.7798 |    0.6700 |     0.1677 |     0.7939 |    0.6878 |   2.77e-04 |     
   16 |     0.1784 |     0.7828 |    0.6735 |     0.1778 |     0.7969 |    0.6907 |   2.74e-04 |     
   17 |     0.1800 |     0.7809 |    0.6717 |     0.1871 |     0.7775 |    0.6682 |   2.71e-04 |     
   18 |     0.1765 |     0.7859 |    0.6774 |     0.1763 |     0.7844 |    0.6744 |   2.67e-04 |     
   19 |     0.1725 |     0.7898 |    0.6825 |     0.1650 |     0.7980 |    0.6943 |   2.63e-04 |     
   20 |     0.1717 |     0.7911 |    0.6844 |     0.1718 |     0.7842 |    0.6753 |   2.59e-04 |     
   21 |     0.1702 |     0.7920 |    0.6849 |     0.1709 |     0.7905 |    0.6816 |   2.55e-04 |     
   22 |     0.1715 |     0.7907 |    0.6835 |     0.1778 |     0.7882 |    0.6809 |   2.51e-04 |     
   23 |     0.1702 |     0.7927 |    0.6865 |     0.1680 |     0.7894 |    0.6837 |   2.46e-04 |     
   24 |     0.1674 |     0.7964 |    0.6902 |     0.1675 |     0.8056 |    0.7029 |   2.42e-04 |     
   25 |     0.1664 |     0.7976 |    0.6919 |     0.1719 |     0.7939 |    0.6891 |   2.37e-04 |     
   26 |     0.1663 |     0.7975 |    0.6916 |     0.1635 |     0.7985 |    0.6924 |   2.32e-04 |     
   27 |     0.1632 |     0.8013 |    0.6966 |     0.1589 |     0.8088 |    0.7069 |   2.27e-04 |     
   28 |     0.1623 |     0.8031 |    0.6989 |     0.1645 |     0.8009 |    0.6963 |   2.22e-04 |     
   29 |     0.1611 |     0.8041 |    0.7006 |     0.1656 |     0.8001 |    0.6931 |   2.17e-04 |     
   30 |     0.1618 |     0.8040 |    0.6998 |     0.1588 |     0.8091 |    0.7079 |   2.11e-04 |     
   31 |     0.1594 |     0.8063 |    0.7029 |     0.1735 |     0.8039 |    0.6998 |   2.06e-04 |     
   32 |     0.1576 |     0.8091 |    0.7058 |     0.1622 |     0.8091 |    0.7070 |   2.00e-04 |     
   33 |     0.1577 |     0.8087 |    0.7056 |     0.1609 |     0.8024 |    0.6973 |   1.94e-04 |     
   34 |     0.1562 |     0.8101 |    0.7068 |     0.1622 |     0.8074 |    0.7042 |   1.89e-04 |     
   35 |     0.1543 |     0.8127 |    0.7105 |     0.1590 |     0.8114 |    0.7084 |   1.83e-04 |     
   36 |     0.1530 |     0.8139 |    0.7122 |     0.1560 |     0.8113 |    0.7104 |   1.77e-04 |     
   37 |     0.1544 |     0.8121 |    0.7103 |     0.1576 |     0.8048 |    0.7006 |   1.71e-04 |     
   38 |     0.1519 |     0.8155 |    0.7140 |     0.1594 |     0.8036 |    0.7011 |   1.65e-04 |     
   39 |     0.1511 |     0.8165 |    0.7156 |     0.1547 |     0.8127 |    0.7130 |   1.59e-04 |     
   40 |     0.1492 |     0.8187 |    0.7181 |     0.1550 |     0.8122 |    0.7119 |   1.53e-04 |     
   41 |     0.1486 |     0.8205 |    0.7201 |     0.1542 |     0.8149 |    0.7152 |   1.48e-04 |     
   42 |     0.1468 |     0.8219 |    0.7222 |     0.1529 |     0.8168 |    0.7168 |   1.42e-04 |     
   43 |     0.1460 |     0.8226 |    0.7231 |     0.1575 |     0.8148 |    0.7142 |   1.36e-04 |     
   44 |     0.1454 |     0.8243 |    0.7250 |     0.1487 |     0.8215 |    0.7231 |   1.30e-04 |     
   45 |     0.1453 |     0.8241 |    0.7249 |     0.1575 |     0.8131 |    0.7132 |   1.24e-04 |     
   46 |     0.1421 |     0.8281 |    0.7296 |     0.1538 |     0.8164 |    0.7176 |   1.18e-04 |     
   47 |     0.1414 |     0.8288 |    0.7311 |     0.1522 |     0.8132 |    0.7120 |   1.12e-04 |     
   48 |     0.1422 |     0.8276 |    0.7296 |     0.1520 |     0.8204 |    0.7208 |   1.07e-04 |     
   49 |     0.1402 |     0.8301 |    0.7329 |     0.1537 |     0.8191 |    0.7205 |   1.01e-04 |     
   50 |     0.1385 |     0.8330 |    0.7361 |     0.1526 |     0.8181 |    0.7188 |   9.54e-05 |     
   51 |     0.1375 |     0.8339 |    0.7374 |     0.1565 |     0.8201 |    0.7222 |   8.99e-05 |     
   52 |     0.1359 |     0.8353 |    0.7390 |     0.1593 |     0.8098 |    0.7102 |   8.45e-05 |     
   53 |     0.1337 |     0.8385 |    0.7431 |     0.1486 |     0.8225 |    0.7252 |   7.92e-05 |     
   54 |     0.1336 |     0.8387 |    0.7433 |     0.1496 |     0.8192 |    0.7209 |   7.40e-05 |     
   55 |     0.1325 |     0.8400 |    0.7450 |     0.1551 |     0.8162 |    0.7170 |   6.90e-05 |     
   56 |     0.1316 |     0.8405 |    0.7457 |     0.1513 |     0.8199 |    0.7207 |   6.41e-05 |     
   57 |     0.1306 |     0.8427 |    0.7486 |     0.1505 |     0.8224 |    0.7243 |   5.93e-05 |     
   58 |     0.1281 |     0.8451 |    0.7513 |     0.1538 |     0.8206 |    0.7233 |   5.47e-05 |     
   59 |     0.1267 |     0.8473 |    0.7541 |     0.1515 |     0.8226 |    0.7248 |   5.02e-05 |     
   60 |     0.1254 |     0.8489 |    0.7562 |     0.1534 |     0.8220 |    0.7240 |   4.58e-05 |     
   61 |     0.1252 |     0.8492 |    0.7571 |     0.1538 |     0.8215 |    0.7238 |   4.17e-05 |     
   62 |     0.1230 |     0.8517 |    0.7599 |     0.1484 |     0.8226 |    0.7250 |   3.77e-05 |     
   63 |     0.1224 |     0.8527 |    0.7611 |     0.1505 |     0.8233 |    0.7266 |   3.39e-05 |     
   64 |     0.1215 |     0.8541 |    0.7632 |     0.1469 |     0.8246 |    0.7275 |   3.03e-05 |     
   65 |     0.1205 |     0.8554 |    0.7649 |     0.1489 |     0.8254 |    0.7285 |   2.68e-05 |    *
   66 |     0.1184 |     0.8578 |    0.7677 |     0.1498 |     0.8234 |    0.7258 |   2.36e-05 |     
   67 |     0.1184 |     0.8580 |    0.7683 |     0.1511 |     0.8250 |    0.7281 |   2.05e-05 |     
--- R2 plus final-map regional overlap: global validation statistics ---
up4: ca=0.8951+/-0.0940, sa=1.0094+/-0.0065, amp=0.0000, suppress=0.0000, guide_abs=0.1806
up4 residuals: local_mean=6.981e-02, global_mean=0.0126, local_strength=0.1155, global_strength=0.1154, gain=[0.9892,1.0485], saturation=0.0735, text_film=0.0232
up4 haar: reconstruction_error=9.537e-07, skip_low/high=0.7986/0.2014, plam_low/high=1.0000/0.0000
up4 strengths: plam=0.9171, region=0.1155, detail=0.1154; residual_std region/detail/refine=0.3021/0.4075/0.3280
up4 guide_mix: entropy=0.9818, raw_low=0.3146, plam_low=0.2501, decoder_low=0.2708, detail=0.1645; agreement plam/decoder=0.3602/0.6103, support=0.8082+/-0.0860
up4 adaptive_frequency: ALPF strength=0.2536, weights=0.1447/0.7191/0.1362, sum=1.0000, entropy=0.7169, delta_std=0.0801; AHPF strength=0.0741, weights=0.3088/0.5275/0.1637, sum=1.0000, entropy=0.9016, residual_std=0.1040, scaled_std=0.0077
up3: ca=1.0100+/-0.1471, sa=1.0112+/-0.0053, amp=0.0000, suppress=0.0000, guide_abs=0.3343
up3 residuals: local_mean=3.579e-02, global_mean=0.0592, local_strength=0.1143, global_strength=0.1210, gain=[0.9882,1.0441], saturation=0.0000, text_film=0.0231
up3 haar: reconstruction_error=9.537e-07, skip_low/high=0.7714/0.2286, plam_low/high=1.0000/0.0000
up3 strengths: plam=0.9121, region=0.1143, detail=0.1210; residual_std region/detail/refine=0.2958/0.6145/0.5392
up3 guide_mix: entropy=0.9829, raw_low=0.3272, plam_low=0.2388, decoder_low=0.2586, detail=0.1754; agreement plam/decoder=0.5539/0.1607, support=0.7526+/-0.0614
up3 adaptive_frequency: ALPF strength=0.3066, weights=0.0952/0.3358/0.5690, sum=1.0000, entropy=0.6889, delta_std=0.0736; AHPF strength=0.1107, weights=0.6563/0.1885/0.1552, sum=1.0000, entropy=0.6913, residual_std=0.0873, scaled_std=0.0097
up2: ca=0.9353+/-0.0766, sa=1.0056+/-0.0029, amp=0.0000, suppress=0.0000, guide_abs=0.2209
up2 residuals: local_mean=1.913e-03, global_mean=0.0459, local_strength=0.1197, global_strength=0.1161, gain=[0.9744,1.0357], saturation=0.0000, text_film=0.0340
up2 haar: reconstruction_error=9.537e-07, skip_low/high=0.7540/0.2460, plam_low/high=1.0000/0.0000
up2 strengths: plam=0.8496, region=0.1197, detail=0.1161; residual_std region/detail/refine=0.2170/0.2842/0.1481
up2 guide_mix: entropy=0.9616, raw_low=0.3035, plam_low=0.1798, decoder_low=0.3546, detail=0.1622; agreement plam/decoder=0.7648/0.1051, support=0.5829+/-0.0373
up1: ca=0.8679+/-0.0997, sa=1.0037+/-0.0134, amp=0.0000, suppress=0.0000, guide_abs=0.2029
up1 residuals: local_mean=-6.732e-03, global_mean=0.0467, local_strength=0.1267, global_strength=0.1002, gain=[0.9023,1.0981], saturation=0.0454, text_film=0.0465
up1 haar: reconstruction_error=2.533e-06, skip_low/high=0.7240/0.2760, plam_low/high=1.0000/0.0000
up1 strengths: plam=0.9230, region=0.1267, detail=0.1002; residual_std region/detail/refine=0.5890/0.4050/0.1875
up1 guide_mix: entropy=0.9531, raw_low=0.2726, plam_low=0.2713, decoder_low=0.3434, detail=0.1127; agreement plam/decoder=0.6502/-0.0950, support=0.7162+/-0.0999

========= Epoch [68/80] =========
RS1_Test_session_09.11_04h18
Training with batch size : 16
   [Train] Epoch: [68][20/357]  Loss:0.087 (Avg 0.1230) IoU:0.825 (Avg 0.7564) Dice:0.9015 (Avg 0.8497) LR 1.77e-05   (AvgTime 0.5)   
   [Train] Epoch: [68][40/357]  Loss:0.108 (Avg 0.1241) IoU:0.790 (Avg 0.7575) Dice:0.8730 (Avg 0.8504) LR 1.77e-05   (AvgTime 0.5)   
   [Train] Epoch: [68][60/357]  Loss:0.121 (Avg 0.1225) IoU:0.759 (Avg 0.7598) Dice:0.8513 (Avg 0.8522) LR 1.77e-05   (AvgTime 0.5)   
   [Train] Epoch: [68][80/357]  Loss:0.104 (Avg 0.1215) IoU:0.807 (Avg 0.7618) Dice:0.8873 (Avg 0.8536) LR 1.77e-05   (AvgTime 0.5)   
   [Train] Epoch: [68][100/357]  Loss:0.115 (Avg 0.1186) IoU:0.755 (Avg 0.7665) Dice:0.8497 (Avg 0.8571) LR 1.77e-05   (AvgTime 0.5)   
   [Train] Epoch: [68][120/357]  Loss:0.142 (Avg 0.1181) IoU:0.719 (Avg 0.7682) Dice:0.8124 (Avg 0.8583) LR 1.77e-05   (AvgTime 0.5)   
   [Train] Epoch: [68][140/357]  Loss:0.100 (Avg 0.1183) IoU:0.798 (Avg 0.7682) Dice:0.8811 (Avg 0.8580) LR 1.77e-05   (AvgTime 0.6)   
   [Train] Epoch: [68][160/357]  Loss:0.089 (Avg 0.1184) IoU:0.829 (Avg 0.7677) Dice:0.9025 (Avg 0.8578) LR 1.77e-05   (AvgTime 0.6)   
   [Train] Epoch: [68][180/357]  Loss:0.122 (Avg 0.1174) IoU:0.747 (Avg 0.7697) Dice:0.8477 (Avg 0.8593) LR 1.77e-05   (AvgTime 0.6)   
   [Train] Epoch: [68][200/357]  Loss:0.090 (Avg 0.1164) IoU:0.829 (Avg 0.7715) Dice:0.9048 (Avg 0.8607) LR 1.77e-05   (AvgTime 0.6)   
   [Train] Epoch: [68][220/357]  Loss:0.103 (Avg 0.1160) IoU:0.790 (Avg 0.7724) Dice:0.8758 (Avg 0.8614) LR 1.77e-05   (AvgTime 0.6)   
   [Train] Epoch: [68][240/357]  Loss:0.112 (Avg 0.1161) IoU:0.772 (Avg 0.7723) Dice:0.8583 (Avg 0.8614) LR 1.77e-05   (AvgTime 0.6)   
   [Train] Epoch: [68][260/357]  Loss:0.114 (Avg 0.1166) IoU:0.767 (Avg 0.7716) Dice:0.8615 (Avg 0.8608) LR 1.77e-05   (AvgTime 0.6)   
   [Train] Epoch: [68][280/357]  Loss:0.141 (Avg 0.1164) IoU:0.719 (Avg 0.7717) Dice:0.8257 (Avg 0.8609) LR 1.77e-05   (AvgTime 0.6)   
   [Train] Epoch: [68][300/357]  Loss:0.125 (Avg 0.1170) IoU:0.751 (Avg 0.7704) Dice:0.8452 (Avg 0.8599) LR 1.77e-05   (AvgTime 0.6)   
   [Train] Epoch: [68][320/357]  Loss:0.111 (Avg 0.1171) IoU:0.777 (Avg 0.7703) Dice:0.8576 (Avg 0.8597) LR 1.77e-05   (AvgTime 0.6)   
   [Train] Epoch: [68][340/357]  Loss:0.140 (Avg 0.1170) IoU:0.722 (Avg 0.7705) Dice:0.8179 (Avg 0.8598) LR 1.77e-05   (AvgTime 0.6)   
   [Train] Epoch: [68][357/357]  Loss:0.107 (Avg 0.1166) IoU:0.789 (Avg 0.7710) Dice:0.8729 (Avg 0.8603) LR 1.77e-05   (AvgTime 0.6)   
   [Train] Loss components: main_dice=0.114441, main_focal=0.040610, main=0.077526, region_raw=0.304805, region_weighted=0.039110, empty_window_fraction=0.000000, total=0.116636
Validation
   [Val] Epoch: [68][20/90]  Loss:0.192 (Avg 0.1610) IoU:0.668 (Avg 0.7242) Dice:0.7894 (Avg 0.8256) (AvgTime 0.3)   
   [Val] Epoch: [68][40/90]  Loss:0.124 (Avg 0.1638) IoU:0.742 (Avg 0.7154) Dice:0.8415 (Avg 0.8166) (AvgTime 0.2)   
   [Val] Epoch: [68][60/90]  Loss:0.210 (Avg 0.1548) IoU:0.650 (Avg 0.7261) Dice:0.7570 (Avg 0.8236) (AvgTime 0.2)   
   [Val] Epoch: [68][80/90]  Loss:0.137 (Avg 0.1543) IoU:0.733 (Avg 0.7253) Dice:0.8292 (Avg 0.8231) (AvgTime 0.2)   
   [Val] Epoch: [68][90/90]  Loss:0.231 (Avg 0.1554) IoU:0.576 (Avg 0.7247) Dice:0.7144 (Avg 0.8226) (AvgTime 0.2)   
   [Val] Loss components: main_dice=0.147525, main_focal=0.077303, main=0.112414, region_raw=0.334723, region_weighted=0.042949, empty_window_fraction=0.000000, total=0.155363
	 No iou improvement; selected epoch 65
	 early_stopping_count: 3/80
--- Epoch History (1..68) ---
Epoch |  TrainLoss |  TrainDice |  TrainIoU |    ValLoss |    ValDice |    ValIoU |         LR | Best
    1 |     0.3274 |     0.6089 |    0.4797 |     0.3091 |     0.6203 |    0.4911 |   3.00e-04 |     
    2 |     0.2493 |     0.7003 |    0.5773 |     0.2277 |     0.7202 |    0.6053 |   3.00e-04 |     
    3 |     0.2258 |     0.7259 |    0.6062 |     0.2068 |     0.7560 |    0.6429 |   3.00e-04 |     
    4 |     0.2153 |     0.7383 |    0.6212 |     0.2013 |     0.7654 |    0.6509 |   2.99e-04 |     
    5 |     0.2041 |     0.7514 |    0.6359 |     0.1929 |     0.7592 |    0.6456 |   2.98e-04 |     
    6 |     0.2002 |     0.7575 |    0.6433 |     0.1994 |     0.7556 |    0.6374 |   2.97e-04 |     
    7 |     0.1959 |     0.7613 |    0.6476 |     0.1953 |     0.7677 |    0.6559 |   2.96e-04 |     
    8 |     0.1917 |     0.7652 |    0.6526 |     0.1819 |     0.7753 |    0.6638 |   2.94e-04 |     
    9 |     0.1890 |     0.7689 |    0.6569 |     0.1877 |     0.7648 |    0.6526 |   2.92e-04 |     
   10 |     0.1909 |     0.7674 |    0.6547 |     0.1967 |     0.7614 |    0.6474 |   2.91e-04 |     
   11 |     0.1850 |     0.7752 |    0.6643 |     0.1777 |     0.7851 |    0.6761 |   2.88e-04 |     
   12 |     0.1847 |     0.7750 |    0.6644 |     0.1820 |     0.7863 |    0.6777 |   2.86e-04 |     
   13 |     0.1819 |     0.7786 |    0.6681 |     0.1785 |     0.7822 |    0.6720 |   2.83e-04 |     
   14 |     0.1792 |     0.7815 |    0.6721 |     0.1710 |     0.7906 |    0.6822 |   2.80e-04 |     
   15 |     0.1799 |     0.7798 |    0.6700 |     0.1677 |     0.7939 |    0.6878 |   2.77e-04 |     
   16 |     0.1784 |     0.7828 |    0.6735 |     0.1778 |     0.7969 |    0.6907 |   2.74e-04 |     
   17 |     0.1800 |     0.7809 |    0.6717 |     0.1871 |     0.7775 |    0.6682 |   2.71e-04 |     
   18 |     0.1765 |     0.7859 |    0.6774 |     0.1763 |     0.7844 |    0.6744 |   2.67e-04 |     
   19 |     0.1725 |     0.7898 |    0.6825 |     0.1650 |     0.7980 |    0.6943 |   2.63e-04 |     
   20 |     0.1717 |     0.7911 |    0.6844 |     0.1718 |     0.7842 |    0.6753 |   2.59e-04 |     
   21 |     0.1702 |     0.7920 |    0.6849 |     0.1709 |     0.7905 |    0.6816 |   2.55e-04 |     
   22 |     0.1715 |     0.7907 |    0.6835 |     0.1778 |     0.7882 |    0.6809 |   2.51e-04 |     
   23 |     0.1702 |     0.7927 |    0.6865 |     0.1680 |     0.7894 |    0.6837 |   2.46e-04 |     
   24 |     0.1674 |     0.7964 |    0.6902 |     0.1675 |     0.8056 |    0.7029 |   2.42e-04 |     
   25 |     0.1664 |     0.7976 |    0.6919 |     0.1719 |     0.7939 |    0.6891 |   2.37e-04 |     
   26 |     0.1663 |     0.7975 |    0.6916 |     0.1635 |     0.7985 |    0.6924 |   2.32e-04 |     
   27 |     0.1632 |     0.8013 |    0.6966 |     0.1589 |     0.8088 |    0.7069 |   2.27e-04 |     
   28 |     0.1623 |     0.8031 |    0.6989 |     0.1645 |     0.8009 |    0.6963 |   2.22e-04 |     
   29 |     0.1611 |     0.8041 |    0.7006 |     0.1656 |     0.8001 |    0.6931 |   2.17e-04 |     
   30 |     0.1618 |     0.8040 |    0.6998 |     0.1588 |     0.8091 |    0.7079 |   2.11e-04 |     
   31 |     0.1594 |     0.8063 |    0.7029 |     0.1735 |     0.8039 |    0.6998 |   2.06e-04 |     
   32 |     0.1576 |     0.8091 |    0.7058 |     0.1622 |     0.8091 |    0.7070 |   2.00e-04 |     
   33 |     0.1577 |     0.8087 |    0.7056 |     0.1609 |     0.8024 |    0.6973 |   1.94e-04 |     
   34 |     0.1562 |     0.8101 |    0.7068 |     0.1622 |     0.8074 |    0.7042 |   1.89e-04 |     
   35 |     0.1543 |     0.8127 |    0.7105 |     0.1590 |     0.8114 |    0.7084 |   1.83e-04 |     
   36 |     0.1530 |     0.8139 |    0.7122 |     0.1560 |     0.8113 |    0.7104 |   1.77e-04 |     
   37 |     0.1544 |     0.8121 |    0.7103 |     0.1576 |     0.8048 |    0.7006 |   1.71e-04 |     
   38 |     0.1519 |     0.8155 |    0.7140 |     0.1594 |     0.8036 |    0.7011 |   1.65e-04 |     
   39 |     0.1511 |     0.8165 |    0.7156 |     0.1547 |     0.8127 |    0.7130 |   1.59e-04 |     
   40 |     0.1492 |     0.8187 |    0.7181 |     0.1550 |     0.8122 |    0.7119 |   1.53e-04 |     
   41 |     0.1486 |     0.8205 |    0.7201 |     0.1542 |     0.8149 |    0.7152 |   1.48e-04 |     
   42 |     0.1468 |     0.8219 |    0.7222 |     0.1529 |     0.8168 |    0.7168 |   1.42e-04 |     
   43 |     0.1460 |     0.8226 |    0.7231 |     0.1575 |     0.8148 |    0.7142 |   1.36e-04 |     
   44 |     0.1454 |     0.8243 |    0.7250 |     0.1487 |     0.8215 |    0.7231 |   1.30e-04 |     
   45 |     0.1453 |     0.8241 |    0.7249 |     0.1575 |     0.8131 |    0.7132 |   1.24e-04 |     
   46 |     0.1421 |     0.8281 |    0.7296 |     0.1538 |     0.8164 |    0.7176 |   1.18e-04 |     
   47 |     0.1414 |     0.8288 |    0.7311 |     0.1522 |     0.8132 |    0.7120 |   1.12e-04 |     
   48 |     0.1422 |     0.8276 |    0.7296 |     0.1520 |     0.8204 |    0.7208 |   1.07e-04 |     
   49 |     0.1402 |     0.8301 |    0.7329 |     0.1537 |     0.8191 |    0.7205 |   1.01e-04 |     
   50 |     0.1385 |     0.8330 |    0.7361 |     0.1526 |     0.8181 |    0.7188 |   9.54e-05 |     
   51 |     0.1375 |     0.8339 |    0.7374 |     0.1565 |     0.8201 |    0.7222 |   8.99e-05 |     
   52 |     0.1359 |     0.8353 |    0.7390 |     0.1593 |     0.8098 |    0.7102 |   8.45e-05 |     
   53 |     0.1337 |     0.8385 |    0.7431 |     0.1486 |     0.8225 |    0.7252 |   7.92e-05 |     
   54 |     0.1336 |     0.8387 |    0.7433 |     0.1496 |     0.8192 |    0.7209 |   7.40e-05 |     
   55 |     0.1325 |     0.8400 |    0.7450 |     0.1551 |     0.8162 |    0.7170 |   6.90e-05 |     
   56 |     0.1316 |     0.8405 |    0.7457 |     0.1513 |     0.8199 |    0.7207 |   6.41e-05 |     
   57 |     0.1306 |     0.8427 |    0.7486 |     0.1505 |     0.8224 |    0.7243 |   5.93e-05 |     
   58 |     0.1281 |     0.8451 |    0.7513 |     0.1538 |     0.8206 |    0.7233 |   5.47e-05 |     
   59 |     0.1267 |     0.8473 |    0.7541 |     0.1515 |     0.8226 |    0.7248 |   5.02e-05 |     
   60 |     0.1254 |     0.8489 |    0.7562 |     0.1534 |     0.8220 |    0.7240 |   4.58e-05 |     
   61 |     0.1252 |     0.8492 |    0.7571 |     0.1538 |     0.8215 |    0.7238 |   4.17e-05 |     
   62 |     0.1230 |     0.8517 |    0.7599 |     0.1484 |     0.8226 |    0.7250 |   3.77e-05 |     
   63 |     0.1224 |     0.8527 |    0.7611 |     0.1505 |     0.8233 |    0.7266 |   3.39e-05 |     
   64 |     0.1215 |     0.8541 |    0.7632 |     0.1469 |     0.8246 |    0.7275 |   3.03e-05 |     
   65 |     0.1205 |     0.8554 |    0.7649 |     0.1489 |     0.8254 |    0.7285 |   2.68e-05 |    *
   66 |     0.1184 |     0.8578 |    0.7677 |     0.1498 |     0.8234 |    0.7258 |   2.36e-05 |     
   67 |     0.1184 |     0.8580 |    0.7683 |     0.1511 |     0.8250 |    0.7281 |   2.05e-05 |     
   68 |     0.1166 |     0.8603 |    0.7710 |     0.1554 |     0.8226 |    0.7247 |   1.77e-05 |     
--- R2 plus final-map regional overlap: global validation statistics ---
up4: ca=0.8976+/-0.0929, sa=1.0094+/-0.0064, amp=0.0000, suppress=0.0000, guide_abs=0.1753
up4 residuals: local_mean=6.946e-02, global_mean=0.0125, local_strength=0.1155, global_strength=0.1154, gain=[0.9890,1.0473], saturation=0.0745, text_film=0.0232
up4 haar: reconstruction_error=4.768e-07, skip_low/high=0.7998/0.2002, plam_low/high=1.0000/0.0000
up4 strengths: plam=0.9171, region=0.1155, detail=0.1154; residual_std region/detail/refine=0.3024/0.4071/0.3284
up4 guide_mix: entropy=0.9820, raw_low=0.3164, plam_low=0.2510, decoder_low=0.2672, detail=0.1653; agreement plam/decoder=0.3678/0.6034, support=0.8067+/-0.0877
up4 adaptive_frequency: ALPF strength=0.2536, weights=0.1445/0.7187/0.1368, sum=1.0000, entropy=0.7173, delta_std=0.0800; AHPF strength=0.0741, weights=0.3120/0.5247/0.1633, sum=1.0000, entropy=0.9032, residual_std=0.1031, scaled_std=0.0076
up3: ca=1.0097+/-0.1443, sa=1.0112+/-0.0053, amp=0.0000, suppress=0.0000, guide_abs=0.3316
up3 residuals: local_mean=3.519e-02, global_mean=0.0591, local_strength=0.1143, global_strength=0.1211, gain=[0.9892,1.0418], saturation=0.0000, text_film=0.0241
up3 haar: reconstruction_error=9.537e-07, skip_low/high=0.7708/0.2292, plam_low/high=1.0000/0.0000
up3 strengths: plam=0.9121, region=0.1143, detail=0.1211; residual_std region/detail/refine=0.2957/0.6152/0.5395
up3 guide_mix: entropy=0.9831, raw_low=0.3285, plam_low=0.2394, decoder_low=0.2555, detail=0.1766; agreement plam/decoder=0.5657/0.1776, support=0.7502+/-0.0623
up3 adaptive_frequency: ALPF strength=0.3068, weights=0.0743/0.2719/0.6538, sum=1.0000, entropy=0.6526, delta_std=0.0755; AHPF strength=0.1107, weights=0.7157/0.1532/0.1311, sum=1.0000, entropy=0.6408, residual_std=0.0741, scaled_std=0.0082
up2: ca=0.9377+/-0.0732, sa=1.0056+/-0.0029, amp=0.0000, suppress=0.0000, guide_abs=0.2200
up2 residuals: local_mean=1.931e-03, global_mean=0.0459, local_strength=0.1198, global_strength=0.1161, gain=[0.9746,1.0356], saturation=0.0000, text_film=0.0334
up2 haar: reconstruction_error=9.537e-07, skip_low/high=0.7542/0.2458, plam_low/high=1.0000/0.0000
up2 strengths: plam=0.8496, region=0.1198, detail=0.1161; residual_std region/detail/refine=0.2206/0.2874/0.1480
up2 guide_mix: entropy=0.9641, raw_low=0.3080, plam_low=0.1813, decoder_low=0.3461, detail=0.1647; agreement plam/decoder=0.7771/0.0888, support=0.5833+/-0.0383
up1: ca=0.8691+/-0.0988, sa=1.0038+/-0.0134, amp=0.0000, suppress=0.0000, guide_abs=0.2017
up1 residuals: local_mean=-6.031e-03, global_mean=0.0467, local_strength=0.1267, global_strength=0.1003, gain=[0.9022,1.0981], saturation=0.0419, text_film=0.0465
up1 haar: reconstruction_error=2.682e-06, skip_low/high=0.7228/0.2772, plam_low/high=1.0000/0.0000
up1 strengths: plam=0.9230, region=0.1267, detail=0.1003; residual_std region/detail/refine=0.5617/0.4025/0.1876
up1 guide_mix: entropy=0.9526, raw_low=0.2682, plam_low=0.2768, decoder_low=0.3431, detail=0.1118; agreement plam/decoder=0.6363/-0.0614, support=0.7121+/-0.0977

========= Epoch [69/80] =========
RS1_Test_session_09.11_04h18
Training with batch size : 16
   [Train] Epoch: [69][20/357]  Loss:0.098 (Avg 0.1257) IoU:0.801 (Avg 0.7536) Dice:0.8850 (Avg 0.8464) LR 1.51e-05   (AvgTime 0.6)   
   [Train] Epoch: [69][40/357]  Loss:0.097 (Avg 0.1211) IoU:0.794 (Avg 0.7625) Dice:0.8796 (Avg 0.8530) LR 1.51e-05   (AvgTime 0.6)   
   [Train] Epoch: [69][60/357]  Loss:0.118 (Avg 0.1195) IoU:0.760 (Avg 0.7663) Dice:0.8533 (Avg 0.8559) LR 1.51e-05   (AvgTime 0.6)   
   [Train] Epoch: [69][80/357]  Loss:0.113 (Avg 0.1182) IoU:0.774 (Avg 0.7678) Dice:0.8626 (Avg 0.8570) LR 1.51e-05   (AvgTime 0.6)   
   [Train] Epoch: [69][100/357]  Loss:0.130 (Avg 0.1157) IoU:0.734 (Avg 0.7715) Dice:0.8317 (Avg 0.8601) LR 1.51e-05   (AvgTime 0.6)   
   [Train] Epoch: [69][120/357]  Loss:0.139 (Avg 0.1154) IoU:0.737 (Avg 0.7724) Dice:0.8414 (Avg 0.8612) LR 1.51e-05   (AvgTime 0.6)   
   [Train] Epoch: [69][140/357]  Loss:0.089 (Avg 0.1154) IoU:0.818 (Avg 0.7728) Dice:0.8970 (Avg 0.8615) LR 1.51e-05   (AvgTime 0.6)   
   [Train] Epoch: [69][160/357]  Loss:0.123 (Avg 0.1156) IoU:0.761 (Avg 0.7730) Dice:0.8589 (Avg 0.8616) LR 1.51e-05   (AvgTime 0.6)   
   [Train] Epoch: [69][180/357]  Loss:0.098 (Avg 0.1153) IoU:0.799 (Avg 0.7734) Dice:0.8845 (Avg 0.8620) LR 1.51e-05   (AvgTime 0.6)   
   [Train] Epoch: [69][200/357]  Loss:0.108 (Avg 0.1149) IoU:0.771 (Avg 0.7739) Dice:0.8636 (Avg 0.8623) LR 1.51e-05   (AvgTime 0.6)   
   [Train] Epoch: [69][220/357]  Loss:0.129 (Avg 0.1152) IoU:0.757 (Avg 0.7738) Dice:0.8514 (Avg 0.8622) LR 1.51e-05   (AvgTime 0.6)   
   [Train] Epoch: [69][240/357]  Loss:0.098 (Avg 0.1153) IoU:0.806 (Avg 0.7736) Dice:0.8868 (Avg 0.8621) LR 1.51e-05   (AvgTime 0.6)   
   [Train] Epoch: [69][260/357]  Loss:0.141 (Avg 0.1159) IoU:0.714 (Avg 0.7724) Dice:0.8092 (Avg 0.8612) LR 1.51e-05   (AvgTime 0.6)   
   [Train] Epoch: [69][280/357]  Loss:0.152 (Avg 0.1161) IoU:0.737 (Avg 0.7720) Dice:0.8388 (Avg 0.8610) LR 1.51e-05   (AvgTime 0.6)   
   [Train] Epoch: [69][300/357]  Loss:0.119 (Avg 0.1160) IoU:0.759 (Avg 0.7719) Dice:0.8463 (Avg 0.8609) LR 1.51e-05   (AvgTime 0.6)   
   [Train] Epoch: [69][320/357]  Loss:0.080 (Avg 0.1160) IoU:0.835 (Avg 0.7719) Dice:0.9067 (Avg 0.8609) LR 1.51e-05   (AvgTime 0.6)   
   [Train] Epoch: [69][340/357]  Loss:0.103 (Avg 0.1161) IoU:0.799 (Avg 0.7714) Dice:0.8856 (Avg 0.8605) LR 1.51e-05   (AvgTime 0.6)   
   [Train] Epoch: [69][357/357]  Loss:0.092 (Avg 0.1159) IoU:0.797 (Avg 0.7718) Dice:0.8828 (Avg 0.8608) LR 1.51e-05   (AvgTime 0.6)   
   [Train] Loss components: main_dice=0.114006, main_focal=0.039948, main=0.076977, region_raw=0.303413, region_weighted=0.038932, empty_window_fraction=0.000000, total=0.115909
Validation
   [Val] Epoch: [69][20/90]  Loss:0.177 (Avg 0.1550) IoU:0.693 (Avg 0.7320) Dice:0.8048 (Avg 0.8316) (AvgTime 0.3)   
   [Val] Epoch: [69][40/90]  Loss:0.120 (Avg 0.1592) IoU:0.749 (Avg 0.7206) Dice:0.8461 (Avg 0.8205) (AvgTime 0.2)   
   [Val] Epoch: [69][60/90]  Loss:0.198 (Avg 0.1489) IoU:0.658 (Avg 0.7323) Dice:0.7621 (Avg 0.8281) (AvgTime 0.2)   
   [Val] Epoch: [69][80/90]  Loss:0.139 (Avg 0.1478) IoU:0.726 (Avg 0.7309) Dice:0.8238 (Avg 0.8271) (AvgTime 0.2)   
   [Val] Epoch: [69][90/90]  Loss:0.200 (Avg 0.1481) IoU:0.617 (Avg 0.7308) Dice:0.7462 (Avg 0.8270) (AvgTime 0.2)   
   [Val] Loss components: main_dice=0.144631, main_focal=0.066539, main=0.105585, region_raw=0.331035, region_weighted=0.042476, empty_window_fraction=0.000000, total=0.148061
	 Saving best model by iou: 0.730764
	 Saving to Covid19/BetterLViT/rs1_global_iou/RS1_Test_session_09.11_04h18/models//best_model-BetterLViT.pth.tar
	 early_stopping_count: 0/80
--- Epoch History (1..69) ---
Epoch |  TrainLoss |  TrainDice |  TrainIoU |    ValLoss |    ValDice |    ValIoU |         LR | Best
    1 |     0.3274 |     0.6089 |    0.4797 |     0.3091 |     0.6203 |    0.4911 |   3.00e-04 |     
    2 |     0.2493 |     0.7003 |    0.5773 |     0.2277 |     0.7202 |    0.6053 |   3.00e-04 |     
    3 |     0.2258 |     0.7259 |    0.6062 |     0.2068 |     0.7560 |    0.6429 |   3.00e-04 |     
    4 |     0.2153 |     0.7383 |    0.6212 |     0.2013 |     0.7654 |    0.6509 |   2.99e-04 |     
    5 |     0.2041 |     0.7514 |    0.6359 |     0.1929 |     0.7592 |    0.6456 |   2.98e-04 |     
    6 |     0.2002 |     0.7575 |    0.6433 |     0.1994 |     0.7556 |    0.6374 |   2.97e-04 |     
    7 |     0.1959 |     0.7613 |    0.6476 |     0.1953 |     0.7677 |    0.6559 |   2.96e-04 |     
    8 |     0.1917 |     0.7652 |    0.6526 |     0.1819 |     0.7753 |    0.6638 |   2.94e-04 |     
    9 |     0.1890 |     0.7689 |    0.6569 |     0.1877 |     0.7648 |    0.6526 |   2.92e-04 |     
   10 |     0.1909 |     0.7674 |    0.6547 |     0.1967 |     0.7614 |    0.6474 |   2.91e-04 |     
   11 |     0.1850 |     0.7752 |    0.6643 |     0.1777 |     0.7851 |    0.6761 |   2.88e-04 |     
   12 |     0.1847 |     0.7750 |    0.6644 |     0.1820 |     0.7863 |    0.6777 |   2.86e-04 |     
   13 |     0.1819 |     0.7786 |    0.6681 |     0.1785 |     0.7822 |    0.6720 |   2.83e-04 |     
   14 |     0.1792 |     0.7815 |    0.6721 |     0.1710 |     0.7906 |    0.6822 |   2.80e-04 |     
   15 |     0.1799 |     0.7798 |    0.6700 |     0.1677 |     0.7939 |    0.6878 |   2.77e-04 |     
   16 |     0.1784 |     0.7828 |    0.6735 |     0.1778 |     0.7969 |    0.6907 |   2.74e-04 |     
   17 |     0.1800 |     0.7809 |    0.6717 |     0.1871 |     0.7775 |    0.6682 |   2.71e-04 |     
   18 |     0.1765 |     0.7859 |    0.6774 |     0.1763 |     0.7844 |    0.6744 |   2.67e-04 |     
   19 |     0.1725 |     0.7898 |    0.6825 |     0.1650 |     0.7980 |    0.6943 |   2.63e-04 |     
   20 |     0.1717 |     0.7911 |    0.6844 |     0.1718 |     0.7842 |    0.6753 |   2.59e-04 |     
   21 |     0.1702 |     0.7920 |    0.6849 |     0.1709 |     0.7905 |    0.6816 |   2.55e-04 |     
   22 |     0.1715 |     0.7907 |    0.6835 |     0.1778 |     0.7882 |    0.6809 |   2.51e-04 |     
   23 |     0.1702 |     0.7927 |    0.6865 |     0.1680 |     0.7894 |    0.6837 |   2.46e-04 |     
   24 |     0.1674 |     0.7964 |    0.6902 |     0.1675 |     0.8056 |    0.7029 |   2.42e-04 |     
   25 |     0.1664 |     0.7976 |    0.6919 |     0.1719 |     0.7939 |    0.6891 |   2.37e-04 |     
   26 |     0.1663 |     0.7975 |    0.6916 |     0.1635 |     0.7985 |    0.6924 |   2.32e-04 |     
   27 |     0.1632 |     0.8013 |    0.6966 |     0.1589 |     0.8088 |    0.7069 |   2.27e-04 |     
   28 |     0.1623 |     0.8031 |    0.6989 |     0.1645 |     0.8009 |    0.6963 |   2.22e-04 |     
   29 |     0.1611 |     0.8041 |    0.7006 |     0.1656 |     0.8001 |    0.6931 |   2.17e-04 |     
   30 |     0.1618 |     0.8040 |    0.6998 |     0.1588 |     0.8091 |    0.7079 |   2.11e-04 |     
   31 |     0.1594 |     0.8063 |    0.7029 |     0.1735 |     0.8039 |    0.6998 |   2.06e-04 |     
   32 |     0.1576 |     0.8091 |    0.7058 |     0.1622 |     0.8091 |    0.7070 |   2.00e-04 |     
   33 |     0.1577 |     0.8087 |    0.7056 |     0.1609 |     0.8024 |    0.6973 |   1.94e-04 |     
   34 |     0.1562 |     0.8101 |    0.7068 |     0.1622 |     0.8074 |    0.7042 |   1.89e-04 |     
   35 |     0.1543 |     0.8127 |    0.7105 |     0.1590 |     0.8114 |    0.7084 |   1.83e-04 |     
   36 |     0.1530 |     0.8139 |    0.7122 |     0.1560 |     0.8113 |    0.7104 |   1.77e-04 |     
   37 |     0.1544 |     0.8121 |    0.7103 |     0.1576 |     0.8048 |    0.7006 |   1.71e-04 |     
   38 |     0.1519 |     0.8155 |    0.7140 |     0.1594 |     0.8036 |    0.7011 |   1.65e-04 |     
   39 |     0.1511 |     0.8165 |    0.7156 |     0.1547 |     0.8127 |    0.7130 |   1.59e-04 |     
   40 |     0.1492 |     0.8187 |    0.7181 |     0.1550 |     0.8122 |    0.7119 |   1.53e-04 |     
   41 |     0.1486 |     0.8205 |    0.7201 |     0.1542 |     0.8149 |    0.7152 |   1.48e-04 |     
   42 |     0.1468 |     0.8219 |    0.7222 |     0.1529 |     0.8168 |    0.7168 |   1.42e-04 |     
   43 |     0.1460 |     0.8226 |    0.7231 |     0.1575 |     0.8148 |    0.7142 |   1.36e-04 |     
   44 |     0.1454 |     0.8243 |    0.7250 |     0.1487 |     0.8215 |    0.7231 |   1.30e-04 |     
   45 |     0.1453 |     0.8241 |    0.7249 |     0.1575 |     0.8131 |    0.7132 |   1.24e-04 |     
   46 |     0.1421 |     0.8281 |    0.7296 |     0.1538 |     0.8164 |    0.7176 |   1.18e-04 |     
   47 |     0.1414 |     0.8288 |    0.7311 |     0.1522 |     0.8132 |    0.7120 |   1.12e-04 |     
   48 |     0.1422 |     0.8276 |    0.7296 |     0.1520 |     0.8204 |    0.7208 |   1.07e-04 |     
   49 |     0.1402 |     0.8301 |    0.7329 |     0.1537 |     0.8191 |    0.7205 |   1.01e-04 |     
   50 |     0.1385 |     0.8330 |    0.7361 |     0.1526 |     0.8181 |    0.7188 |   9.54e-05 |     
   51 |     0.1375 |     0.8339 |    0.7374 |     0.1565 |     0.8201 |    0.7222 |   8.99e-05 |     
   52 |     0.1359 |     0.8353 |    0.7390 |     0.1593 |     0.8098 |    0.7102 |   8.45e-05 |     
   53 |     0.1337 |     0.8385 |    0.7431 |     0.1486 |     0.8225 |    0.7252 |   7.92e-05 |     
   54 |     0.1336 |     0.8387 |    0.7433 |     0.1496 |     0.8192 |    0.7209 |   7.40e-05 |     
   55 |     0.1325 |     0.8400 |    0.7450 |     0.1551 |     0.8162 |    0.7170 |   6.90e-05 |     
   56 |     0.1316 |     0.8405 |    0.7457 |     0.1513 |     0.8199 |    0.7207 |   6.41e-05 |     
   57 |     0.1306 |     0.8427 |    0.7486 |     0.1505 |     0.8224 |    0.7243 |   5.93e-05 |     
   58 |     0.1281 |     0.8451 |    0.7513 |     0.1538 |     0.8206 |    0.7233 |   5.47e-05 |     
   59 |     0.1267 |     0.8473 |    0.7541 |     0.1515 |     0.8226 |    0.7248 |   5.02e-05 |     
   60 |     0.1254 |     0.8489 |    0.7562 |     0.1534 |     0.8220 |    0.7240 |   4.58e-05 |     
   61 |     0.1252 |     0.8492 |    0.7571 |     0.1538 |     0.8215 |    0.7238 |   4.17e-05 |     
   62 |     0.1230 |     0.8517 |    0.7599 |     0.1484 |     0.8226 |    0.7250 |   3.77e-05 |     
   63 |     0.1224 |     0.8527 |    0.7611 |     0.1505 |     0.8233 |    0.7266 |   3.39e-05 |     
   64 |     0.1215 |     0.8541 |    0.7632 |     0.1469 |     0.8246 |    0.7275 |   3.03e-05 |     
   65 |     0.1205 |     0.8554 |    0.7649 |     0.1489 |     0.8254 |    0.7285 |   2.68e-05 |     
   66 |     0.1184 |     0.8578 |    0.7677 |     0.1498 |     0.8234 |    0.7258 |   2.36e-05 |     
   67 |     0.1184 |     0.8580 |    0.7683 |     0.1511 |     0.8250 |    0.7281 |   2.05e-05 |     
   68 |     0.1166 |     0.8603 |    0.7710 |     0.1554 |     0.8226 |    0.7247 |   1.77e-05 |     
   69 |     0.1159 |     0.8608 |    0.7718 |     0.1481 |     0.8270 |    0.7308 |   1.51e-05 |    *
--- R2 plus final-map regional overlap: global validation statistics ---
up4: ca=0.8981+/-0.0925, sa=1.0094+/-0.0064, amp=0.0000, suppress=0.0000, guide_abs=0.1732
up4 residuals: local_mean=6.890e-02, global_mean=0.0129, local_strength=0.1155, global_strength=0.1155, gain=[0.9891,1.0478], saturation=0.0602, text_film=0.0232
up4 haar: reconstruction_error=7.153e-07, skip_low/high=0.7982/0.2018, plam_low/high=1.0000/0.0000
up4 strengths: plam=0.9171, region=0.1155, detail=0.1155; residual_std region/detail/refine=0.3000/0.4062/0.3270
up4 guide_mix: entropy=0.9819, raw_low=0.3182, plam_low=0.2455, decoder_low=0.2695, detail=0.1668; agreement plam/decoder=0.3771/0.6157, support=0.8015+/-0.0875
up4 adaptive_frequency: ALPF strength=0.2536, weights=0.1453/0.7180/0.1367, sum=1.0000, entropy=0.7183, delta_std=0.0800; AHPF strength=0.0741, weights=0.3108/0.5255/0.1636, sum=1.0000, entropy=0.9024, residual_std=0.1041, scaled_std=0.0077
up3: ca=1.0105+/-0.1445, sa=1.0111+/-0.0053, amp=0.0000, suppress=0.0000, guide_abs=0.3319
up3 residuals: local_mean=3.501e-02, global_mean=0.0591, local_strength=0.1143, global_strength=0.1211, gain=[0.9899,1.0413], saturation=0.0000, text_film=0.0240
up3 haar: reconstruction_error=9.537e-07, skip_low/high=0.7706/0.2294, plam_low/high=1.0000/0.0000
up3 strengths: plam=0.9122, region=0.1143, detail=0.1211; residual_std region/detail/refine=0.3013/0.6140/0.5370
up3 guide_mix: entropy=0.9830, raw_low=0.3298, plam_low=0.2372, decoder_low=0.2552, detail=0.1778; agreement plam/decoder=0.5628/0.1721, support=0.7512+/-0.0612
up3 adaptive_frequency: ALPF strength=0.3069, weights=0.0791/0.2876/0.6333, sum=1.0000, entropy=0.6544, delta_std=0.0756; AHPF strength=0.1107, weights=0.7007/0.1587/0.1406, sum=1.0000, entropy=0.6480, residual_std=0.0796, scaled_std=0.0088
up2: ca=0.9374+/-0.0733, sa=1.0055+/-0.0030, amp=0.0000, suppress=0.0000, guide_abs=0.2135
up2 residuals: local_mean=2.046e-03, global_mean=0.0457, local_strength=0.1198, global_strength=0.1161, gain=[0.9738,1.0365], saturation=0.0000, text_film=0.0331
up2 haar: reconstruction_error=9.537e-07, skip_low/high=0.7540/0.2460, plam_low/high=1.0000/0.0000
up2 strengths: plam=0.8496, region=0.1198, detail=0.1161; residual_std region/detail/refine=0.2168/0.2916/0.1478
up2 guide_mix: entropy=0.9640, raw_low=0.3093, plam_low=0.1796, decoder_low=0.3453, detail=0.1658; agreement plam/decoder=0.7983/0.0988, support=0.5814+/-0.0361
up1: ca=0.8695+/-0.0969, sa=1.0038+/-0.0135, amp=0.0000, suppress=0.0000, guide_abs=0.2029
up1 residuals: local_mean=-6.683e-03, global_mean=0.0468, local_strength=0.1267, global_strength=0.1002, gain=[0.9022,1.0981], saturation=0.0445, text_film=0.0479
up1 haar: reconstruction_error=2.384e-06, skip_low/high=0.7196/0.2804, plam_low/high=1.0000/0.0000
up1 strengths: plam=0.9230, region=0.1267, detail=0.1002; residual_std region/detail/refine=0.5869/0.4051/0.1876
up1 guide_mix: entropy=0.9512, raw_low=0.2632, plam_low=0.2759, decoder_low=0.3494, detail=0.1115; agreement plam/decoder=0.6315/-0.0786, support=0.7137+/-0.0992

========= Epoch [70/80] =========
RS1_Test_session_09.11_04h18
Training with batch size : 16
   [Train] Epoch: [70][20/357]  Loss:0.152 (Avg 0.1129) IoU:0.684 (Avg 0.7804) Dice:0.7930 (Avg 0.8656) LR 1.27e-05   (AvgTime 0.6)   
   [Train] Epoch: [70][40/357]  Loss:0.134 (Avg 0.1126) IoU:0.751 (Avg 0.7779) Dice:0.8305 (Avg 0.8639) LR 1.27e-05   (AvgTime 0.6)   
   [Train] Epoch: [70][60/357]  Loss:0.118 (Avg 0.1148) IoU:0.765 (Avg 0.7746) Dice:0.8555 (Avg 0.8618) LR 1.27e-05   (AvgTime 0.6)   
   [Train] Epoch: [70][80/357]  Loss:0.108 (Avg 0.1129) IoU:0.773 (Avg 0.7775) Dice:0.8645 (Avg 0.8644) LR 1.27e-05   (AvgTime 0.6)   
   [Train] Epoch: [70][100/357]  Loss:0.106 (Avg 0.1129) IoU:0.788 (Avg 0.7781) Dice:0.8763 (Avg 0.8651) LR 1.27e-05   (AvgTime 0.6)   
   [Train] Epoch: [70][120/357]  Loss:0.133 (Avg 0.1150) IoU:0.750 (Avg 0.7744) Dice:0.8421 (Avg 0.8624) LR 1.27e-05   (AvgTime 0.6)   
   [Train] Epoch: [70][140/357]  Loss:0.102 (Avg 0.1137) IoU:0.821 (Avg 0.7765) Dice:0.8975 (Avg 0.8640) LR 1.27e-05   (AvgTime 0.6)   
   [Train] Epoch: [70][160/357]  Loss:0.153 (Avg 0.1143) IoU:0.717 (Avg 0.7752) Dice:0.8136 (Avg 0.8630) LR 1.27e-05   (AvgTime 0.6)   
   [Train] Epoch: [70][180/357]  Loss:0.133 (Avg 0.1150) IoU:0.732 (Avg 0.7739) Dice:0.8320 (Avg 0.8622) LR 1.27e-05   (AvgTime 0.6)   
   [Train] Epoch: [70][200/357]  Loss:0.145 (Avg 0.1158) IoU:0.728 (Avg 0.7726) Dice:0.8296 (Avg 0.8611) LR 1.27e-05   (AvgTime 0.6)   
   [Train] Epoch: [70][220/357]  Loss:0.129 (Avg 0.1156) IoU:0.775 (Avg 0.7729) Dice:0.8626 (Avg 0.8615) LR 1.27e-05   (AvgTime 0.6)   
   [Train] Epoch: [70][240/357]  Loss:0.140 (Avg 0.1156) IoU:0.734 (Avg 0.7728) Dice:0.8339 (Avg 0.8614) LR 1.27e-05   (AvgTime 0.6)   
   [Train] Epoch: [70][260/357]  Loss:0.094 (Avg 0.1159) IoU:0.803 (Avg 0.7723) Dice:0.8824 (Avg 0.8609) LR 1.27e-05   (AvgTime 0.6)   
   [Train] Epoch: [70][280/357]  Loss:0.133 (Avg 0.1152) IoU:0.740 (Avg 0.7732) Dice:0.8332 (Avg 0.8618) LR 1.27e-05   (AvgTime 0.6)   
   [Train] Epoch: [70][300/357]  Loss:0.113 (Avg 0.1150) IoU:0.762 (Avg 0.7733) Dice:0.8475 (Avg 0.8619) LR 1.27e-05   (AvgTime 0.6)   
   [Train] Epoch: [70][320/357]  Loss:0.148 (Avg 0.1152) IoU:0.744 (Avg 0.7734) Dice:0.8465 (Avg 0.8620) LR 1.27e-05   (AvgTime 0.6)   
   [Train] Epoch: [70][340/357]  Loss:0.109 (Avg 0.1152) IoU:0.786 (Avg 0.7734) Dice:0.8743 (Avg 0.8620) LR 1.27e-05   (AvgTime 0.6)   
   [Train] Epoch: [70][357/357]  Loss:0.125 (Avg 0.1150) IoU:0.763 (Avg 0.7737) Dice:0.8549 (Avg 0.8621) LR 1.27e-05   (AvgTime 0.6)   
   [Train] Loss components: main_dice=0.112873, main_focal=0.039879, main=0.076376, region_raw=0.301062, region_weighted=0.038630, empty_window_fraction=0.000000, total=0.115006
Validation
   [Val] Epoch: [70][20/90]  Loss:0.197 (Avg 0.1620) IoU:0.662 (Avg 0.7256) Dice:0.7854 (Avg 0.8267) (AvgTime 0.3)   
   [Val] Epoch: [70][40/90]  Loss:0.123 (Avg 0.1645) IoU:0.745 (Avg 0.7179) Dice:0.8437 (Avg 0.8185) (AvgTime 0.2)   
   [Val] Epoch: [70][60/90]  Loss:0.214 (Avg 0.1556) IoU:0.648 (Avg 0.7282) Dice:0.7553 (Avg 0.8252) (AvgTime 0.2)   
   [Val] Epoch: [70][80/90]  Loss:0.140 (Avg 0.1550) IoU:0.731 (Avg 0.7279) Dice:0.8273 (Avg 0.8250) (AvgTime 0.2)   
   [Val] Epoch: [70][90/90]  Loss:0.230 (Avg 0.1560) IoU:0.573 (Avg 0.7271) Dice:0.7112 (Avg 0.8243) (AvgTime 0.2)   
   [Val] Loss components: main_dice=0.146132, main_focal=0.080258, main=0.113195, region_raw=0.333897, region_weighted=0.042843, empty_window_fraction=0.000000, total=0.156038
	 No iou improvement; selected epoch 69
	 early_stopping_count: 1/80
--- Epoch History (1..70) ---
Epoch |  TrainLoss |  TrainDice |  TrainIoU |    ValLoss |    ValDice |    ValIoU |         LR | Best
    1 |     0.3274 |     0.6089 |    0.4797 |     0.3091 |     0.6203 |    0.4911 |   3.00e-04 |     
    2 |     0.2493 |     0.7003 |    0.5773 |     0.2277 |     0.7202 |    0.6053 |   3.00e-04 |     
    3 |     0.2258 |     0.7259 |    0.6062 |     0.2068 |     0.7560 |    0.6429 |   3.00e-04 |     
    4 |     0.2153 |     0.7383 |    0.6212 |     0.2013 |     0.7654 |    0.6509 |   2.99e-04 |     
    5 |     0.2041 |     0.7514 |    0.6359 |     0.1929 |     0.7592 |    0.6456 |   2.98e-04 |     
    6 |     0.2002 |     0.7575 |    0.6433 |     0.1994 |     0.7556 |    0.6374 |   2.97e-04 |     
    7 |     0.1959 |     0.7613 |    0.6476 |     0.1953 |     0.7677 |    0.6559 |   2.96e-04 |     
    8 |     0.1917 |     0.7652 |    0.6526 |     0.1819 |     0.7753 |    0.6638 |   2.94e-04 |     
    9 |     0.1890 |     0.7689 |    0.6569 |     0.1877 |     0.7648 |    0.6526 |   2.92e-04 |     
   10 |     0.1909 |     0.7674 |    0.6547 |     0.1967 |     0.7614 |    0.6474 |   2.91e-04 |     
   11 |     0.1850 |     0.7752 |    0.6643 |     0.1777 |     0.7851 |    0.6761 |   2.88e-04 |     
   12 |     0.1847 |     0.7750 |    0.6644 |     0.1820 |     0.7863 |    0.6777 |   2.86e-04 |     
   13 |     0.1819 |     0.7786 |    0.6681 |     0.1785 |     0.7822 |    0.6720 |   2.83e-04 |     
   14 |     0.1792 |     0.7815 |    0.6721 |     0.1710 |     0.7906 |    0.6822 |   2.80e-04 |     
   15 |     0.1799 |     0.7798 |    0.6700 |     0.1677 |     0.7939 |    0.6878 |   2.77e-04 |     
   16 |     0.1784 |     0.7828 |    0.6735 |     0.1778 |     0.7969 |    0.6907 |   2.74e-04 |     
   17 |     0.1800 |     0.7809 |    0.6717 |     0.1871 |     0.7775 |    0.6682 |   2.71e-04 |     
   18 |     0.1765 |     0.7859 |    0.6774 |     0.1763 |     0.7844 |    0.6744 |   2.67e-04 |     
   19 |     0.1725 |     0.7898 |    0.6825 |     0.1650 |     0.7980 |    0.6943 |   2.63e-04 |     
   20 |     0.1717 |     0.7911 |    0.6844 |     0.1718 |     0.7842 |    0.6753 |   2.59e-04 |     
   21 |     0.1702 |     0.7920 |    0.6849 |     0.1709 |     0.7905 |    0.6816 |   2.55e-04 |     
   22 |     0.1715 |     0.7907 |    0.6835 |     0.1778 |     0.7882 |    0.6809 |   2.51e-04 |     
   23 |     0.1702 |     0.7927 |    0.6865 |     0.1680 |     0.7894 |    0.6837 |   2.46e-04 |     
   24 |     0.1674 |     0.7964 |    0.6902 |     0.1675 |     0.8056 |    0.7029 |   2.42e-04 |     
   25 |     0.1664 |     0.7976 |    0.6919 |     0.1719 |     0.7939 |    0.6891 |   2.37e-04 |     
   26 |     0.1663 |     0.7975 |    0.6916 |     0.1635 |     0.7985 |    0.6924 |   2.32e-04 |     
   27 |     0.1632 |     0.8013 |    0.6966 |     0.1589 |     0.8088 |    0.7069 |   2.27e-04 |     
   28 |     0.1623 |     0.8031 |    0.6989 |     0.1645 |     0.8009 |    0.6963 |   2.22e-04 |     
   29 |     0.1611 |     0.8041 |    0.7006 |     0.1656 |     0.8001 |    0.6931 |   2.17e-04 |     
   30 |     0.1618 |     0.8040 |    0.6998 |     0.1588 |     0.8091 |    0.7079 |   2.11e-04 |     
   31 |     0.1594 |     0.8063 |    0.7029 |     0.1735 |     0.8039 |    0.6998 |   2.06e-04 |     
   32 |     0.1576 |     0.8091 |    0.7058 |     0.1622 |     0.8091 |    0.7070 |   2.00e-04 |     
   33 |     0.1577 |     0.8087 |    0.7056 |     0.1609 |     0.8024 |    0.6973 |   1.94e-04 |     
   34 |     0.1562 |     0.8101 |    0.7068 |     0.1622 |     0.8074 |    0.7042 |   1.89e-04 |     
   35 |     0.1543 |     0.8127 |    0.7105 |     0.1590 |     0.8114 |    0.7084 |   1.83e-04 |     
   36 |     0.1530 |     0.8139 |    0.7122 |     0.1560 |     0.8113 |    0.7104 |   1.77e-04 |     
   37 |     0.1544 |     0.8121 |    0.7103 |     0.1576 |     0.8048 |    0.7006 |   1.71e-04 |     
   38 |     0.1519 |     0.8155 |    0.7140 |     0.1594 |     0.8036 |    0.7011 |   1.65e-04 |     
   39 |     0.1511 |     0.8165 |    0.7156 |     0.1547 |     0.8127 |    0.7130 |   1.59e-04 |     
   40 |     0.1492 |     0.8187 |    0.7181 |     0.1550 |     0.8122 |    0.7119 |   1.53e-04 |     
   41 |     0.1486 |     0.8205 |    0.7201 |     0.1542 |     0.8149 |    0.7152 |   1.48e-04 |     
   42 |     0.1468 |     0.8219 |    0.7222 |     0.1529 |     0.8168 |    0.7168 |   1.42e-04 |     
   43 |     0.1460 |     0.8226 |    0.7231 |     0.1575 |     0.8148 |    0.7142 |   1.36e-04 |     
   44 |     0.1454 |     0.8243 |    0.7250 |     0.1487 |     0.8215 |    0.7231 |   1.30e-04 |     
   45 |     0.1453 |     0.8241 |    0.7249 |     0.1575 |     0.8131 |    0.7132 |   1.24e-04 |     
   46 |     0.1421 |     0.8281 |    0.7296 |     0.1538 |     0.8164 |    0.7176 |   1.18e-04 |     
   47 |     0.1414 |     0.8288 |    0.7311 |     0.1522 |     0.8132 |    0.7120 |   1.12e-04 |     
   48 |     0.1422 |     0.8276 |    0.7296 |     0.1520 |     0.8204 |    0.7208 |   1.07e-04 |     
   49 |     0.1402 |     0.8301 |    0.7329 |     0.1537 |     0.8191 |    0.7205 |   1.01e-04 |     
   50 |     0.1385 |     0.8330 |    0.7361 |     0.1526 |     0.8181 |    0.7188 |   9.54e-05 |     
   51 |     0.1375 |     0.8339 |    0.7374 |     0.1565 |     0.8201 |    0.7222 |   8.99e-05 |     
   52 |     0.1359 |     0.8353 |    0.7390 |     0.1593 |     0.8098 |    0.7102 |   8.45e-05 |     
   53 |     0.1337 |     0.8385 |    0.7431 |     0.1486 |     0.8225 |    0.7252 |   7.92e-05 |     
   54 |     0.1336 |     0.8387 |    0.7433 |     0.1496 |     0.8192 |    0.7209 |   7.40e-05 |     
   55 |     0.1325 |     0.8400 |    0.7450 |     0.1551 |     0.8162 |    0.7170 |   6.90e-05 |     
   56 |     0.1316 |     0.8405 |    0.7457 |     0.1513 |     0.8199 |    0.7207 |   6.41e-05 |     
   57 |     0.1306 |     0.8427 |    0.7486 |     0.1505 |     0.8224 |    0.7243 |   5.93e-05 |     
   58 |     0.1281 |     0.8451 |    0.7513 |     0.1538 |     0.8206 |    0.7233 |   5.47e-05 |     
   59 |     0.1267 |     0.8473 |    0.7541 |     0.1515 |     0.8226 |    0.7248 |   5.02e-05 |     
   60 |     0.1254 |     0.8489 |    0.7562 |     0.1534 |     0.8220 |    0.7240 |   4.58e-05 |     
   61 |     0.1252 |     0.8492 |    0.7571 |     0.1538 |     0.8215 |    0.7238 |   4.17e-05 |     
   62 |     0.1230 |     0.8517 |    0.7599 |     0.1484 |     0.8226 |    0.7250 |   3.77e-05 |     
   63 |     0.1224 |     0.8527 |    0.7611 |     0.1505 |     0.8233 |    0.7266 |   3.39e-05 |     
   64 |     0.1215 |     0.8541 |    0.7632 |     0.1469 |     0.8246 |    0.7275 |   3.03e-05 |     
   65 |     0.1205 |     0.8554 |    0.7649 |     0.1489 |     0.8254 |    0.7285 |   2.68e-05 |     
   66 |     0.1184 |     0.8578 |    0.7677 |     0.1498 |     0.8234 |    0.7258 |   2.36e-05 |     
   67 |     0.1184 |     0.8580 |    0.7683 |     0.1511 |     0.8250 |    0.7281 |   2.05e-05 |     
   68 |     0.1166 |     0.8603 |    0.7710 |     0.1554 |     0.8226 |    0.7247 |   1.77e-05 |     
   69 |     0.1159 |     0.8608 |    0.7718 |     0.1481 |     0.8270 |    0.7308 |   1.51e-05 |    *
   70 |     0.1150 |     0.8621 |    0.7737 |     0.1560 |     0.8243 |    0.7271 |   1.27e-05 |     
--- R2 plus final-map regional overlap: global validation statistics ---
up4: ca=0.8989+/-0.0909, sa=1.0095+/-0.0065, amp=0.0000, suppress=0.0000, guide_abs=0.1765
up4 residuals: local_mean=7.005e-02, global_mean=0.0131, local_strength=0.1155, global_strength=0.1155, gain=[0.9895,1.0466], saturation=0.0653, text_film=0.0231
up4 haar: reconstruction_error=5.960e-07, skip_low/high=0.7983/0.2017, plam_low/high=1.0000/0.0000
up4 strengths: plam=0.9171, region=0.1155, detail=0.1155; residual_std region/detail/refine=0.2966/0.4099/0.3296
up4 guide_mix: entropy=0.9819, raw_low=0.3164, plam_low=0.2445, decoder_low=0.2728, detail=0.1663; agreement plam/decoder=0.3607/0.6040, support=0.8045+/-0.0864
up4 adaptive_frequency: ALPF strength=0.2536, weights=0.1453/0.7183/0.1364, sum=1.0000, entropy=0.7179, delta_std=0.0807; AHPF strength=0.0741, weights=0.3121/0.5245/0.1634, sum=1.0000, entropy=0.9028, residual_std=0.1050, scaled_std=0.0078
up3: ca=1.0123+/-0.1437, sa=1.0111+/-0.0052, amp=0.0000, suppress=0.0000, guide_abs=0.3321
up3 residuals: local_mean=3.491e-02, global_mean=0.0589, local_strength=0.1143, global_strength=0.1211, gain=[0.9895,1.0414], saturation=0.0000, text_film=0.0242
up3 haar: reconstruction_error=9.537e-07, skip_low/high=0.7697/0.2303, plam_low/high=1.0000/0.0000
up3 strengths: plam=0.9121, region=0.1143, detail=0.1211; residual_std region/detail/refine=0.2931/0.6103/0.5332
up3 guide_mix: entropy=0.9830, raw_low=0.3286, plam_low=0.2361, decoder_low=0.2579, detail=0.1773; agreement plam/decoder=0.5525/0.1769, support=0.7500+/-0.0598
up3 adaptive_frequency: ALPF strength=0.3070, weights=0.0747/0.2693/0.6560, sum=1.0000, entropy=0.6476, delta_std=0.0760; AHPF strength=0.1107, weights=0.7181/0.1542/0.1277, sum=1.0000, entropy=0.6371, residual_std=0.0735, scaled_std=0.0081
up2: ca=0.9397+/-0.0710, sa=1.0055+/-0.0029, amp=0.0000, suppress=0.0000, guide_abs=0.2188
up2 residuals: local_mean=2.036e-03, global_mean=0.0457, local_strength=0.1198, global_strength=0.1161, gain=[0.9743,1.0357], saturation=0.0000, text_film=0.0345
up2 haar: reconstruction_error=9.537e-07, skip_low/high=0.7523/0.2477, plam_low/high=1.0000/0.0000
up2 strengths: plam=0.8496, region=0.1198, detail=0.1161; residual_std region/detail/refine=0.2150/0.2843/0.1474
up2 guide_mix: entropy=0.9646, raw_low=0.3045, plam_low=0.1838, decoder_low=0.3478, detail=0.1639; agreement plam/decoder=0.7720/0.0966, support=0.5839+/-0.0361
up1: ca=0.8735+/-0.0972, sa=1.0038+/-0.0135, amp=0.0000, suppress=0.0000, guide_abs=0.2024
up1 residuals: local_mean=-6.401e-03, global_mean=0.0468, local_strength=0.1267, global_strength=0.1002, gain=[0.9022,1.0981], saturation=0.0417, text_film=0.0463
up1 haar: reconstruction_error=2.680e-06, skip_low/high=0.7215/0.2785, plam_low/high=1.0000/0.0000
up1 strengths: plam=0.9230, region=0.1267, detail=0.1002; residual_std region/detail/refine=0.5761/0.4049/0.1876
up1 guide_mix: entropy=0.9537, raw_low=0.2698, plam_low=0.2779, decoder_low=0.3396, detail=0.1127; agreement plam/decoder=0.6373/-0.0956, support=0.7135+/-0.0979

========= Epoch [71/80] =========
RS1_Test_session_09.11_04h18
Training with batch size : 16
   [Train] Epoch: [71][20/357]  Loss:0.103 (Avg 0.1147) IoU:0.803 (Avg 0.7738) Dice:0.8718 (Avg 0.8615) LR 1.05e-05   (AvgTime 0.6)   
   [Train] Epoch: [71][40/357]  Loss:0.096 (Avg 0.1149) IoU:0.813 (Avg 0.7754) Dice:0.8907 (Avg 0.8626) LR 1.05e-05   (AvgTime 0.6)   
   [Train] Epoch: [71][60/357]  Loss:0.136 (Avg 0.1149) IoU:0.734 (Avg 0.7754) Dice:0.8269 (Avg 0.8630) LR 1.05e-05   (AvgTime 0.6)   
   [Train] Epoch: [71][80/357]  Loss:0.106 (Avg 0.1158) IoU:0.801 (Avg 0.7732) Dice:0.8833 (Avg 0.8615) LR 1.05e-05   (AvgTime 0.6)   
   [Train] Epoch: [71][100/357]  Loss:0.092 (Avg 0.1136) IoU:0.815 (Avg 0.7771) Dice:0.8945 (Avg 0.8645) LR 1.05e-05   (AvgTime 0.6)   
   [Train] Epoch: [71][120/357]  Loss:0.110 (Avg 0.1147) IoU:0.810 (Avg 0.7750) Dice:0.8855 (Avg 0.8628) LR 1.05e-05   (AvgTime 0.6)   
   [Train] Epoch: [71][140/357]  Loss:0.085 (Avg 0.1137) IoU:0.818 (Avg 0.7770) Dice:0.8965 (Avg 0.8643) LR 1.05e-05   (AvgTime 0.6)   
   [Train] Epoch: [71][160/357]  Loss:0.151 (Avg 0.1148) IoU:0.699 (Avg 0.7745) Dice:0.7908 (Avg 0.8625) LR 1.05e-05   (AvgTime 0.6)   
   [Train] Epoch: [71][180/357]  Loss:0.135 (Avg 0.1143) IoU:0.721 (Avg 0.7750) Dice:0.8334 (Avg 0.8630) LR 1.05e-05   (AvgTime 0.6)   
   [Train] Epoch: [71][200/357]  Loss:0.161 (Avg 0.1141) IoU:0.681 (Avg 0.7754) Dice:0.7862 (Avg 0.8633) LR 1.05e-05   (AvgTime 0.6)   
   [Train] Epoch: [71][220/357]  Loss:0.143 (Avg 0.1145) IoU:0.770 (Avg 0.7751) Dice:0.8628 (Avg 0.8630) LR 1.05e-05   (AvgTime 0.6)   
   [Train] Epoch: [71][240/357]  Loss:0.119 (Avg 0.1142) IoU:0.769 (Avg 0.7759) Dice:0.8576 (Avg 0.8636) LR 1.05e-05   (AvgTime 0.6)   
   [Train] Epoch: [71][260/357]  Loss:0.115 (Avg 0.1145) IoU:0.776 (Avg 0.7753) Dice:0.8661 (Avg 0.8632) LR 1.05e-05   (AvgTime 0.6)   
   [Train] Epoch: [71][280/357]  Loss:0.122 (Avg 0.1143) IoU:0.773 (Avg 0.7755) Dice:0.8614 (Avg 0.8633) LR 1.05e-05   (AvgTime 0.6)   
   [Train] Epoch: [71][300/357]  Loss:0.082 (Avg 0.1143) IoU:0.826 (Avg 0.7755) Dice:0.9012 (Avg 0.8633) LR 1.05e-05   (AvgTime 0.6)   
   [Train] Epoch: [71][320/357]  Loss:0.108 (Avg 0.1142) IoU:0.773 (Avg 0.7754) Dice:0.8626 (Avg 0.8634) LR 1.05e-05   (AvgTime 0.6)   
   [Train] Epoch: [71][340/357]  Loss:0.088 (Avg 0.1141) IoU:0.824 (Avg 0.7754) Dice:0.8978 (Avg 0.8634) LR 1.05e-05   (AvgTime 0.6)   
   [Train] Epoch: [71][357/357]  Loss:0.126 (Avg 0.1144) IoU:0.742 (Avg 0.7750) Dice:0.8400 (Avg 0.8631) LR 1.05e-05   (AvgTime 0.6)   
   [Train] Loss components: main_dice=0.112023, main_focal=0.039767, main=0.075895, region_raw=0.299924, region_weighted=0.038484, empty_window_fraction=0.000000, total=0.114379
Validation
   [Val] Epoch: [71][20/90]  Loss:0.182 (Avg 0.1577) IoU:0.670 (Avg 0.7253) Dice:0.7907 (Avg 0.8269) (AvgTime 0.3)   
   [Val] Epoch: [71][40/90]  Loss:0.125 (Avg 0.1616) IoU:0.740 (Avg 0.7160) Dice:0.8395 (Avg 0.8171) (AvgTime 0.2)   
   [Val] Epoch: [71][60/90]  Loss:0.197 (Avg 0.1517) IoU:0.657 (Avg 0.7274) Dice:0.7621 (Avg 0.8248) (AvgTime 0.2)   
   [Val] Epoch: [71][80/90]  Loss:0.138 (Avg 0.1509) IoU:0.730 (Avg 0.7266) Dice:0.8290 (Avg 0.8242) (AvgTime 0.2)   
   [Val] Epoch: [71][90/90]  Loss:0.206 (Avg 0.1519) IoU:0.603 (Avg 0.7258) Dice:0.7359 (Avg 0.8236) (AvgTime 0.2)   
   [Val] Loss components: main_dice=0.147060, main_focal=0.071524, main=0.109292, region_raw=0.331927, region_weighted=0.042590, empty_window_fraction=0.000000, total=0.151882
	 No iou improvement; selected epoch 69
	 early_stopping_count: 2/80
--- Epoch History (1..71) ---
Epoch |  TrainLoss |  TrainDice |  TrainIoU |    ValLoss |    ValDice |    ValIoU |         LR | Best
    1 |     0.3274 |     0.6089 |    0.4797 |     0.3091 |     0.6203 |    0.4911 |   3.00e-04 |     
    2 |     0.2493 |     0.7003 |    0.5773 |     0.2277 |     0.7202 |    0.6053 |   3.00e-04 |     
    3 |     0.2258 |     0.7259 |    0.6062 |     0.2068 |     0.7560 |    0.6429 |   3.00e-04 |     
    4 |     0.2153 |     0.7383 |    0.6212 |     0.2013 |     0.7654 |    0.6509 |   2.99e-04 |     
    5 |     0.2041 |     0.7514 |    0.6359 |     0.1929 |     0.7592 |    0.6456 |   2.98e-04 |     
    6 |     0.2002 |     0.7575 |    0.6433 |     0.1994 |     0.7556 |    0.6374 |   2.97e-04 |     
    7 |     0.1959 |     0.7613 |    0.6476 |     0.1953 |     0.7677 |    0.6559 |   2.96e-04 |     
    8 |     0.1917 |     0.7652 |    0.6526 |     0.1819 |     0.7753 |    0.6638 |   2.94e-04 |     
    9 |     0.1890 |     0.7689 |    0.6569 |     0.1877 |     0.7648 |    0.6526 |   2.92e-04 |     
   10 |     0.1909 |     0.7674 |    0.6547 |     0.1967 |     0.7614 |    0.6474 |   2.91e-04 |     
   11 |     0.1850 |     0.7752 |    0.6643 |     0.1777 |     0.7851 |    0.6761 |   2.88e-04 |     
   12 |     0.1847 |     0.7750 |    0.6644 |     0.1820 |     0.7863 |    0.6777 |   2.86e-04 |     
   13 |     0.1819 |     0.7786 |    0.6681 |     0.1785 |     0.7822 |    0.6720 |   2.83e-04 |     
   14 |     0.1792 |     0.7815 |    0.6721 |     0.1710 |     0.7906 |    0.6822 |   2.80e-04 |     
   15 |     0.1799 |     0.7798 |    0.6700 |     0.1677 |     0.7939 |    0.6878 |   2.77e-04 |     
   16 |     0.1784 |     0.7828 |    0.6735 |     0.1778 |     0.7969 |    0.6907 |   2.74e-04 |     
   17 |     0.1800 |     0.7809 |    0.6717 |     0.1871 |     0.7775 |    0.6682 |   2.71e-04 |     
   18 |     0.1765 |     0.7859 |    0.6774 |     0.1763 |     0.7844 |    0.6744 |   2.67e-04 |     
   19 |     0.1725 |     0.7898 |    0.6825 |     0.1650 |     0.7980 |    0.6943 |   2.63e-04 |     
   20 |     0.1717 |     0.7911 |    0.6844 |     0.1718 |     0.7842 |    0.6753 |   2.59e-04 |     
   21 |     0.1702 |     0.7920 |    0.6849 |     0.1709 |     0.7905 |    0.6816 |   2.55e-04 |     
   22 |     0.1715 |     0.7907 |    0.6835 |     0.1778 |     0.7882 |    0.6809 |   2.51e-04 |     
   23 |     0.1702 |     0.7927 |    0.6865 |     0.1680 |     0.7894 |    0.6837 |   2.46e-04 |     
   24 |     0.1674 |     0.7964 |    0.6902 |     0.1675 |     0.8056 |    0.7029 |   2.42e-04 |     
   25 |     0.1664 |     0.7976 |    0.6919 |     0.1719 |     0.7939 |    0.6891 |   2.37e-04 |     
   26 |     0.1663 |     0.7975 |    0.6916 |     0.1635 |     0.7985 |    0.6924 |   2.32e-04 |     
   27 |     0.1632 |     0.8013 |    0.6966 |     0.1589 |     0.8088 |    0.7069 |   2.27e-04 |     
   28 |     0.1623 |     0.8031 |    0.6989 |     0.1645 |     0.8009 |    0.6963 |   2.22e-04 |     
   29 |     0.1611 |     0.8041 |    0.7006 |     0.1656 |     0.8001 |    0.6931 |   2.17e-04 |     
   30 |     0.1618 |     0.8040 |    0.6998 |     0.1588 |     0.8091 |    0.7079 |   2.11e-04 |     
   31 |     0.1594 |     0.8063 |    0.7029 |     0.1735 |     0.8039 |    0.6998 |   2.06e-04 |     
   32 |     0.1576 |     0.8091 |    0.7058 |     0.1622 |     0.8091 |    0.7070 |   2.00e-04 |     
   33 |     0.1577 |     0.8087 |    0.7056 |     0.1609 |     0.8024 |    0.6973 |   1.94e-04 |     
   34 |     0.1562 |     0.8101 |    0.7068 |     0.1622 |     0.8074 |    0.7042 |   1.89e-04 |     
   35 |     0.1543 |     0.8127 |    0.7105 |     0.1590 |     0.8114 |    0.7084 |   1.83e-04 |     
   36 |     0.1530 |     0.8139 |    0.7122 |     0.1560 |     0.8113 |    0.7104 |   1.77e-04 |     
   37 |     0.1544 |     0.8121 |    0.7103 |     0.1576 |     0.8048 |    0.7006 |   1.71e-04 |     
   38 |     0.1519 |     0.8155 |    0.7140 |     0.1594 |     0.8036 |    0.7011 |   1.65e-04 |     
   39 |     0.1511 |     0.8165 |    0.7156 |     0.1547 |     0.8127 |    0.7130 |   1.59e-04 |     
   40 |     0.1492 |     0.8187 |    0.7181 |     0.1550 |     0.8122 |    0.7119 |   1.53e-04 |     
   41 |     0.1486 |     0.8205 |    0.7201 |     0.1542 |     0.8149 |    0.7152 |   1.48e-04 |     
   42 |     0.1468 |     0.8219 |    0.7222 |     0.1529 |     0.8168 |    0.7168 |   1.42e-04 |     
   43 |     0.1460 |     0.8226 |    0.7231 |     0.1575 |     0.8148 |    0.7142 |   1.36e-04 |     
   44 |     0.1454 |     0.8243 |    0.7250 |     0.1487 |     0.8215 |    0.7231 |   1.30e-04 |     
   45 |     0.1453 |     0.8241 |    0.7249 |     0.1575 |     0.8131 |    0.7132 |   1.24e-04 |     
   46 |     0.1421 |     0.8281 |    0.7296 |     0.1538 |     0.8164 |    0.7176 |   1.18e-04 |     
   47 |     0.1414 |     0.8288 |    0.7311 |     0.1522 |     0.8132 |    0.7120 |   1.12e-04 |     
   48 |     0.1422 |     0.8276 |    0.7296 |     0.1520 |     0.8204 |    0.7208 |   1.07e-04 |     
   49 |     0.1402 |     0.8301 |    0.7329 |     0.1537 |     0.8191 |    0.7205 |   1.01e-04 |     
   50 |     0.1385 |     0.8330 |    0.7361 |     0.1526 |     0.8181 |    0.7188 |   9.54e-05 |     
   51 |     0.1375 |     0.8339 |    0.7374 |     0.1565 |     0.8201 |    0.7222 |   8.99e-05 |     
   52 |     0.1359 |     0.8353 |    0.7390 |     0.1593 |     0.8098 |    0.7102 |   8.45e-05 |     
   53 |     0.1337 |     0.8385 |    0.7431 |     0.1486 |     0.8225 |    0.7252 |   7.92e-05 |     
   54 |     0.1336 |     0.8387 |    0.7433 |     0.1496 |     0.8192 |    0.7209 |   7.40e-05 |     
   55 |     0.1325 |     0.8400 |    0.7450 |     0.1551 |     0.8162 |    0.7170 |   6.90e-05 |     
   56 |     0.1316 |     0.8405 |    0.7457 |     0.1513 |     0.8199 |    0.7207 |   6.41e-05 |     
   57 |     0.1306 |     0.8427 |    0.7486 |     0.1505 |     0.8224 |    0.7243 |   5.93e-05 |     
   58 |     0.1281 |     0.8451 |    0.7513 |     0.1538 |     0.8206 |    0.7233 |   5.47e-05 |     
   59 |     0.1267 |     0.8473 |    0.7541 |     0.1515 |     0.8226 |    0.7248 |   5.02e-05 |     
   60 |     0.1254 |     0.8489 |    0.7562 |     0.1534 |     0.8220 |    0.7240 |   4.58e-05 |     
   61 |     0.1252 |     0.8492 |    0.7571 |     0.1538 |     0.8215 |    0.7238 |   4.17e-05 |     
   62 |     0.1230 |     0.8517 |    0.7599 |     0.1484 |     0.8226 |    0.7250 |   3.77e-05 |     
   63 |     0.1224 |     0.8527 |    0.7611 |     0.1505 |     0.8233 |    0.7266 |   3.39e-05 |     
   64 |     0.1215 |     0.8541 |    0.7632 |     0.1469 |     0.8246 |    0.7275 |   3.03e-05 |     
   65 |     0.1205 |     0.8554 |    0.7649 |     0.1489 |     0.8254 |    0.7285 |   2.68e-05 |     
   66 |     0.1184 |     0.8578 |    0.7677 |     0.1498 |     0.8234 |    0.7258 |   2.36e-05 |     
   67 |     0.1184 |     0.8580 |    0.7683 |     0.1511 |     0.8250 |    0.7281 |   2.05e-05 |     
   68 |     0.1166 |     0.8603 |    0.7710 |     0.1554 |     0.8226 |    0.7247 |   1.77e-05 |     
   69 |     0.1159 |     0.8608 |    0.7718 |     0.1481 |     0.8270 |    0.7308 |   1.51e-05 |    *
   70 |     0.1150 |     0.8621 |    0.7737 |     0.1560 |     0.8243 |    0.7271 |   1.27e-05 |     
   71 |     0.1144 |     0.8631 |    0.7750 |     0.1519 |     0.8236 |    0.7258 |   1.05e-05 |     
--- R2 plus final-map regional overlap: global validation statistics ---
up4: ca=0.8997+/-0.0908, sa=1.0096+/-0.0064, amp=0.0000, suppress=0.0000, guide_abs=0.1770
up4 residuals: local_mean=7.011e-02, global_mean=0.0133, local_strength=0.1155, global_strength=0.1155, gain=[0.9906,1.0441], saturation=0.0592, text_film=0.0231
up4 haar: reconstruction_error=7.153e-07, skip_low/high=0.7967/0.2033, plam_low/high=1.0000/0.0000
up4 strengths: plam=0.9171, region=0.1155, detail=0.1155; residual_std region/detail/refine=0.2982/0.4083/0.3279
up4 guide_mix: entropy=0.9821, raw_low=0.3195, plam_low=0.2401, decoder_low=0.2714, detail=0.1691; agreement plam/decoder=0.3634/0.6103, support=0.8034+/-0.0862
up4 adaptive_frequency: ALPF strength=0.2536, weights=0.1449/0.7191/0.1360, sum=1.0000, entropy=0.7165, delta_std=0.0808; AHPF strength=0.0741, weights=0.3175/0.5205/0.1620, sum=1.0000, entropy=0.9032, residual_std=0.1045, scaled_std=0.0077
up3: ca=1.0117+/-0.1428, sa=1.0111+/-0.0052, amp=0.0000, suppress=0.0000, guide_abs=0.3336
up3 residuals: local_mean=3.523e-02, global_mean=0.0589, local_strength=0.1143, global_strength=0.1211, gain=[0.9900,1.0410], saturation=0.0000, text_film=0.0259
up3 haar: reconstruction_error=9.537e-07, skip_low/high=0.7688/0.2312, plam_low/high=1.0000/0.0000
up3 strengths: plam=0.9121, region=0.1143, detail=0.1211; residual_std region/detail/refine=0.2947/0.6113/0.5340
up3 guide_mix: entropy=0.9832, raw_low=0.3283, plam_low=0.2364, decoder_low=0.2577, detail=0.1776; agreement plam/decoder=0.5480/0.1673, support=0.7508+/-0.0605
up3 adaptive_frequency: ALPF strength=0.3071, weights=0.0782/0.2812/0.6406, sum=1.0000, entropy=0.6538, delta_std=0.0759; AHPF strength=0.1107, weights=0.7082/0.1592/0.1326, sum=1.0000, entropy=0.6456, residual_std=0.0761, scaled_std=0.0084
up2: ca=0.9400+/-0.0715, sa=1.0055+/-0.0029, amp=0.0000, suppress=0.0000, guide_abs=0.2261
up2 residuals: local_mean=1.967e-03, global_mean=0.0456, local_strength=0.1198, global_strength=0.1161, gain=[0.9736,1.0363], saturation=0.0000, text_film=0.0341
up2 haar: reconstruction_error=9.537e-07, skip_low/high=0.7499/0.2501, plam_low/high=1.0000/0.0000
up2 strengths: plam=0.8496, region=0.1198, detail=0.1161; residual_std region/detail/refine=0.2155/0.2856/0.1473
up2 guide_mix: entropy=0.9628, raw_low=0.3017, plam_low=0.1814, decoder_low=0.3537, detail=0.1633; agreement plam/decoder=0.7648/0.0552, support=0.5870+/-0.0370
up1: ca=0.8726+/-0.0965, sa=1.0038+/-0.0133, amp=0.0000, suppress=0.0000, guide_abs=0.2037
up1 residuals: local_mean=-6.500e-03, global_mean=0.0468, local_strength=0.1267, global_strength=0.1002, gain=[0.9025,1.0979], saturation=0.0411, text_film=0.0461
up1 haar: reconstruction_error=2.734e-06, skip_low/high=0.7231/0.2769, plam_low/high=1.0000/0.0000
up1 strengths: plam=0.9229, region=0.1267, detail=0.1002; residual_std region/detail/refine=0.5767/0.3988/0.1876
up1 guide_mix: entropy=0.9510, raw_low=0.2673, plam_low=0.2749, decoder_low=0.3473, detail=0.1105; agreement plam/decoder=0.6659/-0.0958, support=0.7150+/-0.0972

========= Epoch [72/80] =========
RS1_Test_session_09.11_04h18
Training with batch size : 16
   [Train] Epoch: [72][20/357]  Loss:0.127 (Avg 0.1107) IoU:0.740 (Avg 0.7802) Dice:0.8369 (Avg 0.8670) LR 8.50e-06   (AvgTime 0.6)   
   [Train] Epoch: [72][40/357]  Loss:0.086 (Avg 0.1115) IoU:0.822 (Avg 0.7768) Dice:0.8976 (Avg 0.8646) LR 8.50e-06   (AvgTime 0.6)   
   [Train] Epoch: [72][60/357]  Loss:0.084 (Avg 0.1110) IoU:0.830 (Avg 0.7799) Dice:0.9042 (Avg 0.8673) LR 8.50e-06   (AvgTime 0.6)   
   [Train] Epoch: [72][80/357]  Loss:0.141 (Avg 0.1122) IoU:0.722 (Avg 0.7788) Dice:0.8244 (Avg 0.8662) LR 8.50e-06   (AvgTime 0.6)   
   [Train] Epoch: [72][100/357]  Loss:0.167 (Avg 0.1120) IoU:0.685 (Avg 0.7781) Dice:0.7880 (Avg 0.8658) LR 8.50e-06   (AvgTime 0.6)   
   [Train] Epoch: [72][120/357]  Loss:0.112 (Avg 0.1118) IoU:0.773 (Avg 0.7786) Dice:0.8677 (Avg 0.8661) LR 8.50e-06   (AvgTime 0.6)   
   [Train] Epoch: [72][140/357]  Loss:0.088 (Avg 0.1113) IoU:0.827 (Avg 0.7802) Dice:0.8994 (Avg 0.8669) LR 8.50e-06   (AvgTime 0.6)   
   [Train] Epoch: [72][160/357]  Loss:0.101 (Avg 0.1118) IoU:0.835 (Avg 0.7795) Dice:0.9071 (Avg 0.8664) LR 8.50e-06   (AvgTime 0.6)   
   [Train] Epoch: [72][180/357]  Loss:0.128 (Avg 0.1122) IoU:0.763 (Avg 0.7791) Dice:0.8458 (Avg 0.8661) LR 8.50e-06   (AvgTime 0.6)   
   [Train] Epoch: [72][200/357]  Loss:0.102 (Avg 0.1124) IoU:0.793 (Avg 0.7793) Dice:0.8801 (Avg 0.8663) LR 8.50e-06   (AvgTime 0.6)   
   [Train] Epoch: [72][220/357]  Loss:0.126 (Avg 0.1124) IoU:0.744 (Avg 0.7793) Dice:0.8395 (Avg 0.8663) LR 8.50e-06   (AvgTime 0.6)   
   [Train] Epoch: [72][240/357]  Loss:0.107 (Avg 0.1119) IoU:0.783 (Avg 0.7797) Dice:0.8720 (Avg 0.8666) LR 8.50e-06   (AvgTime 0.6)   
   [Train] Epoch: [72][260/357]  Loss:0.122 (Avg 0.1129) IoU:0.783 (Avg 0.7782) Dice:0.8694 (Avg 0.8653) LR 8.50e-06   (AvgTime 0.6)   
   [Train] Epoch: [72][280/357]  Loss:0.092 (Avg 0.1129) IoU:0.811 (Avg 0.7780) Dice:0.8879 (Avg 0.8651) LR 8.50e-06   (AvgTime 0.6)   
   [Train] Epoch: [72][300/357]  Loss:0.088 (Avg 0.1133) IoU:0.834 (Avg 0.7772) Dice:0.9056 (Avg 0.8646) LR 8.50e-06   (AvgTime 0.6)   
   [Train] Epoch: [72][320/357]  Loss:0.146 (Avg 0.1137) IoU:0.740 (Avg 0.7766) Dice:0.8201 (Avg 0.8642) LR 8.50e-06   (AvgTime 0.6)   
   [Train] Epoch: [72][340/357]  Loss:0.178 (Avg 0.1141) IoU:0.702 (Avg 0.7759) Dice:0.8111 (Avg 0.8637) LR 8.50e-06   (AvgTime 0.6)   
   [Train] Epoch: [72][357/357]  Loss:0.092 (Avg 0.1143) IoU:0.808 (Avg 0.7752) Dice:0.8873 (Avg 0.8632) LR 8.50e-06   (AvgTime 0.6)   
   [Train] Loss components: main_dice=0.111984, main_focal=0.039696, main=0.075840, region_raw=0.299639, region_weighted=0.038447, empty_window_fraction=0.000000, total=0.114287
Validation
   [Val] Epoch: [72][20/90]  Loss:0.172 (Avg 0.1553) IoU:0.688 (Avg 0.7280) Dice:0.8032 (Avg 0.8290) (AvgTime 0.3)   
   [Val] Epoch: [72][40/90]  Loss:0.121 (Avg 0.1597) IoU:0.748 (Avg 0.7181) Dice:0.8454 (Avg 0.8187) (AvgTime 0.2)   
   [Val] Epoch: [72][60/90]  Loss:0.204 (Avg 0.1505) IoU:0.649 (Avg 0.7290) Dice:0.7561 (Avg 0.8258) (AvgTime 0.2)   
   [Val] Epoch: [72][80/90]  Loss:0.137 (Avg 0.1494) IoU:0.732 (Avg 0.7286) Dice:0.8284 (Avg 0.8256) (AvgTime 0.2)   
   [Val] Epoch: [72][90/90]  Loss:0.214 (Avg 0.1500) IoU:0.611 (Avg 0.7283) Dice:0.7412 (Avg 0.8254) (AvgTime 0.2)   
   [Val] Loss components: main_dice=0.145895, main_focal=0.068606, main=0.107251, region_raw=0.333470, region_weighted=0.042788, empty_window_fraction=0.000000, total=0.150039
	 No iou improvement; selected epoch 69
	 early_stopping_count: 3/80
--- Epoch History (1..72) ---
Epoch |  TrainLoss |  TrainDice |  TrainIoU |    ValLoss |    ValDice |    ValIoU |         LR | Best
    1 |     0.3274 |     0.6089 |    0.4797 |     0.3091 |     0.6203 |    0.4911 |   3.00e-04 |     
    2 |     0.2493 |     0.7003 |    0.5773 |     0.2277 |     0.7202 |    0.6053 |   3.00e-04 |     
    3 |     0.2258 |     0.7259 |    0.6062 |     0.2068 |     0.7560 |    0.6429 |   3.00e-04 |     
    4 |     0.2153 |     0.7383 |    0.6212 |     0.2013 |     0.7654 |    0.6509 |   2.99e-04 |     
    5 |     0.2041 |     0.7514 |    0.6359 |     0.1929 |     0.7592 |    0.6456 |   2.98e-04 |     
    6 |     0.2002 |     0.7575 |    0.6433 |     0.1994 |     0.7556 |    0.6374 |   2.97e-04 |     
    7 |     0.1959 |     0.7613 |    0.6476 |     0.1953 |     0.7677 |    0.6559 |   2.96e-04 |     
    8 |     0.1917 |     0.7652 |    0.6526 |     0.1819 |     0.7753 |    0.6638 |   2.94e-04 |     
    9 |     0.1890 |     0.7689 |    0.6569 |     0.1877 |     0.7648 |    0.6526 |   2.92e-04 |     
   10 |     0.1909 |     0.7674 |    0.6547 |     0.1967 |     0.7614 |    0.6474 |   2.91e-04 |     
   11 |     0.1850 |     0.7752 |    0.6643 |     0.1777 |     0.7851 |    0.6761 |   2.88e-04 |     
   12 |     0.1847 |     0.7750 |    0.6644 |     0.1820 |     0.7863 |    0.6777 |   2.86e-04 |     
   13 |     0.1819 |     0.7786 |    0.6681 |     0.1785 |     0.7822 |    0.6720 |   2.83e-04 |     
   14 |     0.1792 |     0.7815 |    0.6721 |     0.1710 |     0.7906 |    0.6822 |   2.80e-04 |     
   15 |     0.1799 |     0.7798 |    0.6700 |     0.1677 |     0.7939 |    0.6878 |   2.77e-04 |     
   16 |     0.1784 |     0.7828 |    0.6735 |     0.1778 |     0.7969 |    0.6907 |   2.74e-04 |     
   17 |     0.1800 |     0.7809 |    0.6717 |     0.1871 |     0.7775 |    0.6682 |   2.71e-04 |     
   18 |     0.1765 |     0.7859 |    0.6774 |     0.1763 |     0.7844 |    0.6744 |   2.67e-04 |     
   19 |     0.1725 |     0.7898 |    0.6825 |     0.1650 |     0.7980 |    0.6943 |   2.63e-04 |     
   20 |     0.1717 |     0.7911 |    0.6844 |     0.1718 |     0.7842 |    0.6753 |   2.59e-04 |     
   21 |     0.1702 |     0.7920 |    0.6849 |     0.1709 |     0.7905 |    0.6816 |   2.55e-04 |     
   22 |     0.1715 |     0.7907 |    0.6835 |     0.1778 |     0.7882 |    0.6809 |   2.51e-04 |     
   23 |     0.1702 |     0.7927 |    0.6865 |     0.1680 |     0.7894 |    0.6837 |   2.46e-04 |     
   24 |     0.1674 |     0.7964 |    0.6902 |     0.1675 |     0.8056 |    0.7029 |   2.42e-04 |     
   25 |     0.1664 |     0.7976 |    0.6919 |     0.1719 |     0.7939 |    0.6891 |   2.37e-04 |     
   26 |     0.1663 |     0.7975 |    0.6916 |     0.1635 |     0.7985 |    0.6924 |   2.32e-04 |     
   27 |     0.1632 |     0.8013 |    0.6966 |     0.1589 |     0.8088 |    0.7069 |   2.27e-04 |     
   28 |     0.1623 |     0.8031 |    0.6989 |     0.1645 |     0.8009 |    0.6963 |   2.22e-04 |     
   29 |     0.1611 |     0.8041 |    0.7006 |     0.1656 |     0.8001 |    0.6931 |   2.17e-04 |     
   30 |     0.1618 |     0.8040 |    0.6998 |     0.1588 |     0.8091 |    0.7079 |   2.11e-04 |     
   31 |     0.1594 |     0.8063 |    0.7029 |     0.1735 |     0.8039 |    0.6998 |   2.06e-04 |     
   32 |     0.1576 |     0.8091 |    0.7058 |     0.1622 |     0.8091 |    0.7070 |   2.00e-04 |     
   33 |     0.1577 |     0.8087 |    0.7056 |     0.1609 |     0.8024 |    0.6973 |   1.94e-04 |     
   34 |     0.1562 |     0.8101 |    0.7068 |     0.1622 |     0.8074 |    0.7042 |   1.89e-04 |     
   35 |     0.1543 |     0.8127 |    0.7105 |     0.1590 |     0.8114 |    0.7084 |   1.83e-04 |     
   36 |     0.1530 |     0.8139 |    0.7122 |     0.1560 |     0.8113 |    0.7104 |   1.77e-04 |     
   37 |     0.1544 |     0.8121 |    0.7103 |     0.1576 |     0.8048 |    0.7006 |   1.71e-04 |     
   38 |     0.1519 |     0.8155 |    0.7140 |     0.1594 |     0.8036 |    0.7011 |   1.65e-04 |     
   39 |     0.1511 |     0.8165 |    0.7156 |     0.1547 |     0.8127 |    0.7130 |   1.59e-04 |     
   40 |     0.1492 |     0.8187 |    0.7181 |     0.1550 |     0.8122 |    0.7119 |   1.53e-04 |     
   41 |     0.1486 |     0.8205 |    0.7201 |     0.1542 |     0.8149 |    0.7152 |   1.48e-04 |     
   42 |     0.1468 |     0.8219 |    0.7222 |     0.1529 |     0.8168 |    0.7168 |   1.42e-04 |     
   43 |     0.1460 |     0.8226 |    0.7231 |     0.1575 |     0.8148 |    0.7142 |   1.36e-04 |     
   44 |     0.1454 |     0.8243 |    0.7250 |     0.1487 |     0.8215 |    0.7231 |   1.30e-04 |     
   45 |     0.1453 |     0.8241 |    0.7249 |     0.1575 |     0.8131 |    0.7132 |   1.24e-04 |     
   46 |     0.1421 |     0.8281 |    0.7296 |     0.1538 |     0.8164 |    0.7176 |   1.18e-04 |     
   47 |     0.1414 |     0.8288 |    0.7311 |     0.1522 |     0.8132 |    0.7120 |   1.12e-04 |     
   48 |     0.1422 |     0.8276 |    0.7296 |     0.1520 |     0.8204 |    0.7208 |   1.07e-04 |     
   49 |     0.1402 |     0.8301 |    0.7329 |     0.1537 |     0.8191 |    0.7205 |   1.01e-04 |     
   50 |     0.1385 |     0.8330 |    0.7361 |     0.1526 |     0.8181 |    0.7188 |   9.54e-05 |     
   51 |     0.1375 |     0.8339 |    0.7374 |     0.1565 |     0.8201 |    0.7222 |   8.99e-05 |     
   52 |     0.1359 |     0.8353 |    0.7390 |     0.1593 |     0.8098 |    0.7102 |   8.45e-05 |     
   53 |     0.1337 |     0.8385 |    0.7431 |     0.1486 |     0.8225 |    0.7252 |   7.92e-05 |     
   54 |     0.1336 |     0.8387 |    0.7433 |     0.1496 |     0.8192 |    0.7209 |   7.40e-05 |     
   55 |     0.1325 |     0.8400 |    0.7450 |     0.1551 |     0.8162 |    0.7170 |   6.90e-05 |     
   56 |     0.1316 |     0.8405 |    0.7457 |     0.1513 |     0.8199 |    0.7207 |   6.41e-05 |     
   57 |     0.1306 |     0.8427 |    0.7486 |     0.1505 |     0.8224 |    0.7243 |   5.93e-05 |     
   58 |     0.1281 |     0.8451 |    0.7513 |     0.1538 |     0.8206 |    0.7233 |   5.47e-05 |     
   59 |     0.1267 |     0.8473 |    0.7541 |     0.1515 |     0.8226 |    0.7248 |   5.02e-05 |     
   60 |     0.1254 |     0.8489 |    0.7562 |     0.1534 |     0.8220 |    0.7240 |   4.58e-05 |     
   61 |     0.1252 |     0.8492 |    0.7571 |     0.1538 |     0.8215 |    0.7238 |   4.17e-05 |     
   62 |     0.1230 |     0.8517 |    0.7599 |     0.1484 |     0.8226 |    0.7250 |   3.77e-05 |     
   63 |     0.1224 |     0.8527 |    0.7611 |     0.1505 |     0.8233 |    0.7266 |   3.39e-05 |     
   64 |     0.1215 |     0.8541 |    0.7632 |     0.1469 |     0.8246 |    0.7275 |   3.03e-05 |     
   65 |     0.1205 |     0.8554 |    0.7649 |     0.1489 |     0.8254 |    0.7285 |   2.68e-05 |     
   66 |     0.1184 |     0.8578 |    0.7677 |     0.1498 |     0.8234 |    0.7258 |   2.36e-05 |     
   67 |     0.1184 |     0.8580 |    0.7683 |     0.1511 |     0.8250 |    0.7281 |   2.05e-05 |     
   68 |     0.1166 |     0.8603 |    0.7710 |     0.1554 |     0.8226 |    0.7247 |   1.77e-05 |     
   69 |     0.1159 |     0.8608 |    0.7718 |     0.1481 |     0.8270 |    0.7308 |   1.51e-05 |    *
   70 |     0.1150 |     0.8621 |    0.7737 |     0.1560 |     0.8243 |    0.7271 |   1.27e-05 |     
   71 |     0.1144 |     0.8631 |    0.7750 |     0.1519 |     0.8236 |    0.7258 |   1.05e-05 |     
   72 |     0.1143 |     0.8632 |    0.7752 |     0.1500 |     0.8254 |    0.7283 |   8.50e-06 |     
--- R2 plus final-map regional overlap: global validation statistics ---
up4: ca=0.9002+/-0.0914, sa=1.0095+/-0.0064, amp=0.0000, suppress=0.0000, guide_abs=0.1764
up4 residuals: local_mean=6.969e-02, global_mean=0.0131, local_strength=0.1155, global_strength=0.1155, gain=[0.9895,1.0442], saturation=0.0602, text_film=0.0230
up4 haar: reconstruction_error=4.768e-07, skip_low/high=0.7962/0.2038, plam_low/high=1.0000/0.0000
up4 strengths: plam=0.9171, region=0.1155, detail=0.1155; residual_std region/detail/refine=0.3006/0.4074/0.3265
up4 guide_mix: entropy=0.9824, raw_low=0.3170, plam_low=0.2415, decoder_low=0.2729, detail=0.1686; agreement plam/decoder=0.3530/0.6062, support=0.8054+/-0.0865
up4 adaptive_frequency: ALPF strength=0.2537, weights=0.1417/0.7210/0.1373, sum=1.0000, entropy=0.7138, delta_std=0.0824; AHPF strength=0.0741, weights=0.3142/0.5231/0.1627, sum=1.0000, entropy=0.9026, residual_std=0.1048, scaled_std=0.0078
up3: ca=1.0124+/-0.1417, sa=1.0110+/-0.0052, amp=0.0000, suppress=0.0000, guide_abs=0.3315
up3 residuals: local_mean=3.419e-02, global_mean=0.0586, local_strength=0.1143, global_strength=0.1211, gain=[0.9894,1.0405], saturation=0.0000, text_film=0.0262
up3 haar: reconstruction_error=9.537e-07, skip_low/high=0.7683/0.2317, plam_low/high=1.0000/0.0000
up3 strengths: plam=0.9121, region=0.1143, detail=0.1211; residual_std region/detail/refine=0.3003/0.6114/0.5324
up3 guide_mix: entropy=0.9835, raw_low=0.3275, plam_low=0.2357, decoder_low=0.2584, detail=0.1784; agreement plam/decoder=0.5584/0.1572, support=0.7519+/-0.0592
up3 adaptive_frequency: ALPF strength=0.3071, weights=0.0774/0.2830/0.6396, sum=1.0000, entropy=0.6516, delta_std=0.0766; AHPF strength=0.1107, weights=0.6984/0.1612/0.1403, sum=1.0000, entropy=0.6551, residual_std=0.0804, scaled_std=0.0089
up2: ca=0.9401+/-0.0718, sa=1.0055+/-0.0030, amp=0.0000, suppress=0.0000, guide_abs=0.2237
up2 residuals: local_mean=2.017e-03, global_mean=0.0457, local_strength=0.1198, global_strength=0.1161, gain=[0.9731,1.0365], saturation=0.0000, text_film=0.0340
up2 haar: reconstruction_error=9.537e-07, skip_low/high=0.7517/0.2483, plam_low/high=1.0000/0.0000
up2 strengths: plam=0.8496, region=0.1198, detail=0.1161; residual_std region/detail/refine=0.2139/0.2936/0.1472
up2 guide_mix: entropy=0.9641, raw_low=0.3069, plam_low=0.1807, decoder_low=0.3470, detail=0.1655; agreement plam/decoder=0.7588/0.0750, support=0.5859+/-0.0361
up1: ca=0.8736+/-0.0964, sa=1.0038+/-0.0135, amp=0.0000, suppress=0.0000, guide_abs=0.2021
up1 residuals: local_mean=-6.242e-03, global_mean=0.0468, local_strength=0.1267, global_strength=0.1002, gain=[0.9021,1.0982], saturation=0.0400, text_film=0.0476
up1 haar: reconstruction_error=2.801e-06, skip_low/high=0.7204/0.2796, plam_low/high=1.0000/0.0000
up1 strengths: plam=0.9230, region=0.1267, detail=0.1002; residual_std region/detail/refine=0.5713/0.4070/0.1876
up1 guide_mix: entropy=0.9506, raw_low=0.2635, plam_low=0.2757, decoder_low=0.3500, detail=0.1107; agreement plam/decoder=0.6345/-0.0916, support=0.7122+/-0.0974

========= Epoch [73/80] =========
RS1_Test_session_09.11_04h18
Training with batch size : 16
   [Train] Epoch: [73][20/357]  Loss:0.139 (Avg 0.1114) IoU:0.730 (Avg 0.7818) Dice:0.8320 (Avg 0.8676) LR 6.76e-06   (AvgTime 0.6)   
   [Train] Epoch: [73][40/357]  Loss:0.137 (Avg 0.1102) IoU:0.733 (Avg 0.7831) Dice:0.8258 (Avg 0.8685) LR 6.76e-06   (AvgTime 0.6)   
   [Train] Epoch: [73][60/357]  Loss:0.113 (Avg 0.1101) IoU:0.766 (Avg 0.7828) Dice:0.8613 (Avg 0.8685) LR 6.76e-06   (AvgTime 0.6)   
   [Train] Epoch: [73][80/357]  Loss:0.118 (Avg 0.1141) IoU:0.777 (Avg 0.7758) Dice:0.8511 (Avg 0.8635) LR 6.76e-06   (AvgTime 0.6)   
   [Train] Epoch: [73][100/357]  Loss:0.164 (Avg 0.1145) IoU:0.677 (Avg 0.7752) Dice:0.7760 (Avg 0.8629) LR 6.76e-06   (AvgTime 0.6)   
   [Train] Epoch: [73][120/357]  Loss:0.090 (Avg 0.1129) IoU:0.808 (Avg 0.7779) Dice:0.8918 (Avg 0.8649) LR 6.76e-06   (AvgTime 0.6)   
   [Train] Epoch: [73][140/357]  Loss:0.091 (Avg 0.1115) IoU:0.832 (Avg 0.7804) Dice:0.9015 (Avg 0.8667) LR 6.76e-06   (AvgTime 0.6)   
   [Train] Epoch: [73][160/357]  Loss:0.114 (Avg 0.1117) IoU:0.772 (Avg 0.7799) Dice:0.8635 (Avg 0.8663) LR 6.76e-06   (AvgTime 0.6)   
   [Train] Epoch: [73][180/357]  Loss:0.114 (Avg 0.1129) IoU:0.770 (Avg 0.7784) Dice:0.8647 (Avg 0.8652) LR 6.76e-06   (AvgTime 0.6)   
   [Train] Epoch: [73][200/357]  Loss:0.113 (Avg 0.1124) IoU:0.769 (Avg 0.7793) Dice:0.8593 (Avg 0.8659) LR 6.76e-06   (AvgTime 0.6)   
   [Train] Epoch: [73][220/357]  Loss:0.100 (Avg 0.1125) IoU:0.788 (Avg 0.7789) Dice:0.8774 (Avg 0.8656) LR 6.76e-06   (AvgTime 0.6)   
   [Train] Epoch: [73][240/357]  Loss:0.100 (Avg 0.1127) IoU:0.794 (Avg 0.7788) Dice:0.8799 (Avg 0.8654) LR 6.76e-06   (AvgTime 0.6)   
   [Train] Epoch: [73][260/357]  Loss:0.117 (Avg 0.1133) IoU:0.761 (Avg 0.7775) Dice:0.8526 (Avg 0.8645) LR 6.76e-06   (AvgTime 0.6)   
   [Train] Epoch: [73][280/357]  Loss:0.128 (Avg 0.1136) IoU:0.757 (Avg 0.7765) Dice:0.8566 (Avg 0.8639) LR 6.76e-06   (AvgTime 0.6)   
   [Train] Epoch: [73][300/357]  Loss:0.103 (Avg 0.1135) IoU:0.785 (Avg 0.7767) Dice:0.8758 (Avg 0.8643) LR 6.76e-06   (AvgTime 0.6)   
   [Train] Epoch: [73][320/357]  Loss:0.125 (Avg 0.1135) IoU:0.726 (Avg 0.7765) Dice:0.8320 (Avg 0.8641) LR 6.76e-06   (AvgTime 0.6)   
   [Train] Epoch: [73][340/357]  Loss:0.132 (Avg 0.1133) IoU:0.764 (Avg 0.7769) Dice:0.8590 (Avg 0.8645) LR 6.76e-06   (AvgTime 0.6)   
   [Train] Epoch: [73][357/357]  Loss:0.130 (Avg 0.1138) IoU:0.749 (Avg 0.7760) Dice:0.8464 (Avg 0.8640) LR 6.76e-06   (AvgTime 0.6)   
   [Train] Loss components: main_dice=0.111459, main_focal=0.039526, main=0.075492, region_raw=0.298916, region_weighted=0.038354, empty_window_fraction=0.000000, total=0.113847
Validation
   [Val] Epoch: [73][20/90]  Loss:0.183 (Avg 0.1572) IoU:0.673 (Avg 0.7280) Dice:0.7920 (Avg 0.8290) (AvgTime 0.3)   
   [Val] Epoch: [73][40/90]  Loss:0.122 (Avg 0.1615) IoU:0.745 (Avg 0.7179) Dice:0.8436 (Avg 0.8188) (AvgTime 0.2)   
   [Val] Epoch: [73][60/90]  Loss:0.202 (Avg 0.1522) IoU:0.654 (Avg 0.7286) Dice:0.7598 (Avg 0.8258) (AvgTime 0.2)   
   [Val] Epoch: [73][80/90]  Loss:0.140 (Avg 0.1514) IoU:0.730 (Avg 0.7280) Dice:0.8267 (Avg 0.8255) (AvgTime 0.2)   
   [Val] Epoch: [73][90/90]  Loss:0.215 (Avg 0.1521) IoU:0.584 (Avg 0.7275) Dice:0.7217 (Avg 0.8250) (AvgTime 0.2)   
   [Val] Loss components: main_dice=0.145735, main_focal=0.073369, main=0.109552, region_raw=0.331756, region_weighted=0.042568, empty_window_fraction=0.000000, total=0.152120
	 No iou improvement; selected epoch 69
	 early_stopping_count: 4/80
--- Epoch History (1..73) ---
Epoch |  TrainLoss |  TrainDice |  TrainIoU |    ValLoss |    ValDice |    ValIoU |         LR | Best
    1 |     0.3274 |     0.6089 |    0.4797 |     0.3091 |     0.6203 |    0.4911 |   3.00e-04 |     
    2 |     0.2493 |     0.7003 |    0.5773 |     0.2277 |     0.7202 |    0.6053 |   3.00e-04 |     
    3 |     0.2258 |     0.7259 |    0.6062 |     0.2068 |     0.7560 |    0.6429 |   3.00e-04 |     
    4 |     0.2153 |     0.7383 |    0.6212 |     0.2013 |     0.7654 |    0.6509 |   2.99e-04 |     
    5 |     0.2041 |     0.7514 |    0.6359 |     0.1929 |     0.7592 |    0.6456 |   2.98e-04 |     
    6 |     0.2002 |     0.7575 |    0.6433 |     0.1994 |     0.7556 |    0.6374 |   2.97e-04 |     
    7 |     0.1959 |     0.7613 |    0.6476 |     0.1953 |     0.7677 |    0.6559 |   2.96e-04 |     
    8 |     0.1917 |     0.7652 |    0.6526 |     0.1819 |     0.7753 |    0.6638 |   2.94e-04 |     
    9 |     0.1890 |     0.7689 |    0.6569 |     0.1877 |     0.7648 |    0.6526 |   2.92e-04 |     
   10 |     0.1909 |     0.7674 |    0.6547 |     0.1967 |     0.7614 |    0.6474 |   2.91e-04 |     
   11 |     0.1850 |     0.7752 |    0.6643 |     0.1777 |     0.7851 |    0.6761 |   2.88e-04 |     
   12 |     0.1847 |     0.7750 |    0.6644 |     0.1820 |     0.7863 |    0.6777 |   2.86e-04 |     
   13 |     0.1819 |     0.7786 |    0.6681 |     0.1785 |     0.7822 |    0.6720 |   2.83e-04 |     
   14 |     0.1792 |     0.7815 |    0.6721 |     0.1710 |     0.7906 |    0.6822 |   2.80e-04 |     
   15 |     0.1799 |     0.7798 |    0.6700 |     0.1677 |     0.7939 |    0.6878 |   2.77e-04 |     
   16 |     0.1784 |     0.7828 |    0.6735 |     0.1778 |     0.7969 |    0.6907 |   2.74e-04 |     
   17 |     0.1800 |     0.7809 |    0.6717 |     0.1871 |     0.7775 |    0.6682 |   2.71e-04 |     
   18 |     0.1765 |     0.7859 |    0.6774 |     0.1763 |     0.7844 |    0.6744 |   2.67e-04 |     
   19 |     0.1725 |     0.7898 |    0.6825 |     0.1650 |     0.7980 |    0.6943 |   2.63e-04 |     
   20 |     0.1717 |     0.7911 |    0.6844 |     0.1718 |     0.7842 |    0.6753 |   2.59e-04 |     
   21 |     0.1702 |     0.7920 |    0.6849 |     0.1709 |     0.7905 |    0.6816 |   2.55e-04 |     
   22 |     0.1715 |     0.7907 |    0.6835 |     0.1778 |     0.7882 |    0.6809 |   2.51e-04 |     
   23 |     0.1702 |     0.7927 |    0.6865 |     0.1680 |     0.7894 |    0.6837 |   2.46e-04 |     
   24 |     0.1674 |     0.7964 |    0.6902 |     0.1675 |     0.8056 |    0.7029 |   2.42e-04 |     
   25 |     0.1664 |     0.7976 |    0.6919 |     0.1719 |     0.7939 |    0.6891 |   2.37e-04 |     
   26 |     0.1663 |     0.7975 |    0.6916 |     0.1635 |     0.7985 |    0.6924 |   2.32e-04 |     
   27 |     0.1632 |     0.8013 |    0.6966 |     0.1589 |     0.8088 |    0.7069 |   2.27e-04 |     
   28 |     0.1623 |     0.8031 |    0.6989 |     0.1645 |     0.8009 |    0.6963 |   2.22e-04 |     
   29 |     0.1611 |     0.8041 |    0.7006 |     0.1656 |     0.8001 |    0.6931 |   2.17e-04 |     
   30 |     0.1618 |     0.8040 |    0.6998 |     0.1588 |     0.8091 |    0.7079 |   2.11e-04 |     
   31 |     0.1594 |     0.8063 |    0.7029 |     0.1735 |     0.8039 |    0.6998 |   2.06e-04 |     
   32 |     0.1576 |     0.8091 |    0.7058 |     0.1622 |     0.8091 |    0.7070 |   2.00e-04 |     
   33 |     0.1577 |     0.8087 |    0.7056 |     0.1609 |     0.8024 |    0.6973 |   1.94e-04 |     
   34 |     0.1562 |     0.8101 |    0.7068 |     0.1622 |     0.8074 |    0.7042 |   1.89e-04 |     
   35 |     0.1543 |     0.8127 |    0.7105 |     0.1590 |     0.8114 |    0.7084 |   1.83e-04 |     
   36 |     0.1530 |     0.8139 |    0.7122 |     0.1560 |     0.8113 |    0.7104 |   1.77e-04 |     
   37 |     0.1544 |     0.8121 |    0.7103 |     0.1576 |     0.8048 |    0.7006 |   1.71e-04 |     
   38 |     0.1519 |     0.8155 |    0.7140 |     0.1594 |     0.8036 |    0.7011 |   1.65e-04 |     
   39 |     0.1511 |     0.8165 |    0.7156 |     0.1547 |     0.8127 |    0.7130 |   1.59e-04 |     
   40 |     0.1492 |     0.8187 |    0.7181 |     0.1550 |     0.8122 |    0.7119 |   1.53e-04 |     
   41 |     0.1486 |     0.8205 |    0.7201 |     0.1542 |     0.8149 |    0.7152 |   1.48e-04 |     
   42 |     0.1468 |     0.8219 |    0.7222 |     0.1529 |     0.8168 |    0.7168 |   1.42e-04 |     
   43 |     0.1460 |     0.8226 |    0.7231 |     0.1575 |     0.8148 |    0.7142 |   1.36e-04 |     
   44 |     0.1454 |     0.8243 |    0.7250 |     0.1487 |     0.8215 |    0.7231 |   1.30e-04 |     
   45 |     0.1453 |     0.8241 |    0.7249 |     0.1575 |     0.8131 |    0.7132 |   1.24e-04 |     
   46 |     0.1421 |     0.8281 |    0.7296 |     0.1538 |     0.8164 |    0.7176 |   1.18e-04 |     
   47 |     0.1414 |     0.8288 |    0.7311 |     0.1522 |     0.8132 |    0.7120 |   1.12e-04 |     
   48 |     0.1422 |     0.8276 |    0.7296 |     0.1520 |     0.8204 |    0.7208 |   1.07e-04 |     
   49 |     0.1402 |     0.8301 |    0.7329 |     0.1537 |     0.8191 |    0.7205 |   1.01e-04 |     
   50 |     0.1385 |     0.8330 |    0.7361 |     0.1526 |     0.8181 |    0.7188 |   9.54e-05 |     
   51 |     0.1375 |     0.8339 |    0.7374 |     0.1565 |     0.8201 |    0.7222 |   8.99e-05 |     
   52 |     0.1359 |     0.8353 |    0.7390 |     0.1593 |     0.8098 |    0.7102 |   8.45e-05 |     
   53 |     0.1337 |     0.8385 |    0.7431 |     0.1486 |     0.8225 |    0.7252 |   7.92e-05 |     
   54 |     0.1336 |     0.8387 |    0.7433 |     0.1496 |     0.8192 |    0.7209 |   7.40e-05 |     
   55 |     0.1325 |     0.8400 |    0.7450 |     0.1551 |     0.8162 |    0.7170 |   6.90e-05 |     
   56 |     0.1316 |     0.8405 |    0.7457 |     0.1513 |     0.8199 |    0.7207 |   6.41e-05 |     
   57 |     0.1306 |     0.8427 |    0.7486 |     0.1505 |     0.8224 |    0.7243 |   5.93e-05 |     
   58 |     0.1281 |     0.8451 |    0.7513 |     0.1538 |     0.8206 |    0.7233 |   5.47e-05 |     
   59 |     0.1267 |     0.8473 |    0.7541 |     0.1515 |     0.8226 |    0.7248 |   5.02e-05 |     
   60 |     0.1254 |     0.8489 |    0.7562 |     0.1534 |     0.8220 |    0.7240 |   4.58e-05 |     
   61 |     0.1252 |     0.8492 |    0.7571 |     0.1538 |     0.8215 |    0.7238 |   4.17e-05 |     
   62 |     0.1230 |     0.8517 |    0.7599 |     0.1484 |     0.8226 |    0.7250 |   3.77e-05 |     
   63 |     0.1224 |     0.8527 |    0.7611 |     0.1505 |     0.8233 |    0.7266 |   3.39e-05 |     
   64 |     0.1215 |     0.8541 |    0.7632 |     0.1469 |     0.8246 |    0.7275 |   3.03e-05 |     
   65 |     0.1205 |     0.8554 |    0.7649 |     0.1489 |     0.8254 |    0.7285 |   2.68e-05 |     
   66 |     0.1184 |     0.8578 |    0.7677 |     0.1498 |     0.8234 |    0.7258 |   2.36e-05 |     
   67 |     0.1184 |     0.8580 |    0.7683 |     0.1511 |     0.8250 |    0.7281 |   2.05e-05 |     
   68 |     0.1166 |     0.8603 |    0.7710 |     0.1554 |     0.8226 |    0.7247 |   1.77e-05 |     
   69 |     0.1159 |     0.8608 |    0.7718 |     0.1481 |     0.8270 |    0.7308 |   1.51e-05 |    *
   70 |     0.1150 |     0.8621 |    0.7737 |     0.1560 |     0.8243 |    0.7271 |   1.27e-05 |     
   71 |     0.1144 |     0.8631 |    0.7750 |     0.1519 |     0.8236 |    0.7258 |   1.05e-05 |     
   72 |     0.1143 |     0.8632 |    0.7752 |     0.1500 |     0.8254 |    0.7283 |   8.50e-06 |     
   73 |     0.1138 |     0.8640 |    0.7760 |     0.1521 |     0.8250 |    0.7275 |   6.76e-06 |     
--- R2 plus final-map regional overlap: global validation statistics ---
up4: ca=0.9008+/-0.0908, sa=1.0096+/-0.0065, amp=0.0000, suppress=0.0000, guide_abs=0.1763
up4 residuals: local_mean=7.044e-02, global_mean=0.0130, local_strength=0.1155, global_strength=0.1155, gain=[0.9891,1.0447], saturation=0.0622, text_film=0.0230
up4 haar: reconstruction_error=5.960e-07, skip_low/high=0.7959/0.2041, plam_low/high=1.0000/0.0000
up4 strengths: plam=0.9171, region=0.1155, detail=0.1155; residual_std region/detail/refine=0.2960/0.4094/0.3264
up4 guide_mix: entropy=0.9825, raw_low=0.3190, plam_low=0.2384, decoder_low=0.2723, detail=0.1703; agreement plam/decoder=0.3579/0.6063, support=0.8048+/-0.0866
up4 adaptive_frequency: ALPF strength=0.2537, weights=0.1422/0.7211/0.1367, sum=1.0000, entropy=0.7136, delta_std=0.0825; AHPF strength=0.0741, weights=0.3156/0.5218/0.1626, sum=1.0000, entropy=0.9031, residual_std=0.1060, scaled_std=0.0079
up3: ca=1.0134+/-0.1407, sa=1.0111+/-0.0052, amp=0.0000, suppress=0.0000, guide_abs=0.3312
up3 residuals: local_mean=3.493e-02, global_mean=0.0587, local_strength=0.1143, global_strength=0.1211, gain=[0.9887,1.0414], saturation=0.0000, text_film=0.0253
up3 haar: reconstruction_error=9.537e-07, skip_low/high=0.7676/0.2324, plam_low/high=1.0000/0.0000
up3 strengths: plam=0.9121, region=0.1143, detail=0.1211; residual_std region/detail/refine=0.2963/0.6108/0.5324
up3 guide_mix: entropy=0.9835, raw_low=0.3249, plam_low=0.2356, decoder_low=0.2623, detail=0.1771; agreement plam/decoder=0.5486/0.1644, support=0.7508+/-0.0599
up3 adaptive_frequency: ALPF strength=0.3072, weights=0.0733/0.2680/0.6586, sum=1.0000, entropy=0.6445, delta_std=0.0778; AHPF strength=0.1107, weights=0.7150/0.1536/0.1314, sum=1.0000, entropy=0.6409, residual_std=0.0756, scaled_std=0.0084
up2: ca=0.9399+/-0.0709, sa=1.0055+/-0.0029, amp=0.0000, suppress=0.0000, guide_abs=0.2222
up2 residuals: local_mean=2.069e-03, global_mean=0.0457, local_strength=0.1198, global_strength=0.1161, gain=[0.9745,1.0354], saturation=0.0000, text_film=0.0339
up2 haar: reconstruction_error=1.393e-06, skip_low/high=0.7512/0.2488, plam_low/high=1.0000/0.0000
up2 strengths: plam=0.8496, region=0.1198, detail=0.1161; residual_std region/detail/refine=0.2152/0.2867/0.1470
up2 guide_mix: entropy=0.9636, raw_low=0.3026, plam_low=0.1832, decoder_low=0.3511, detail=0.1631; agreement plam/decoder=0.7644/0.0886, support=0.5850+/-0.0361
up1: ca=0.8745+/-0.0967, sa=1.0038+/-0.0134, amp=0.0000, suppress=0.0000, guide_abs=0.2022
up1 residuals: local_mean=-6.070e-03, global_mean=0.0468, local_strength=0.1267, global_strength=0.1002, gain=[0.9023,1.0981], saturation=0.0394, text_film=0.0465
up1 haar: reconstruction_error=1.907e-06, skip_low/high=0.7215/0.2785, plam_low/high=1.0000/0.0000
up1 strengths: plam=0.9229, region=0.1267, detail=0.1002; residual_std region/detail/refine=0.5643/0.4022/0.1876
up1 guide_mix: entropy=0.9498, raw_low=0.2624, plam_low=0.2785, decoder_low=0.3496, detail=0.1095; agreement plam/decoder=0.6288/-0.1014, support=0.7107+/-0.0975

========= Epoch [74/80] =========
RS1_Test_session_09.11_04h18
Training with batch size : 16
   [Train] Epoch: [74][20/357]  Loss:0.108 (Avg 0.1157) IoU:0.792 (Avg 0.7771) Dice:0.8816 (Avg 0.8637) LR 5.24e-06   (AvgTime 0.6)   
   [Train] Epoch: [74][40/357]  Loss:0.107 (Avg 0.1159) IoU:0.795 (Avg 0.7744) Dice:0.8721 (Avg 0.8612) LR 5.24e-06   (AvgTime 0.5)   
   [Train] Epoch: [74][60/357]  Loss:0.129 (Avg 0.1152) IoU:0.744 (Avg 0.7746) Dice:0.8349 (Avg 0.8615) LR 5.24e-06   (AvgTime 0.5)   
   [Train] Epoch: [74][80/357]  Loss:0.110 (Avg 0.1145) IoU:0.768 (Avg 0.7764) Dice:0.8609 (Avg 0.8632) LR 5.24e-06   (AvgTime 0.5)   
   [Train] Epoch: [74][100/357]  Loss:0.114 (Avg 0.1135) IoU:0.765 (Avg 0.7776) Dice:0.8572 (Avg 0.8642) LR 5.24e-06   (AvgTime 0.5)   
   [Train] Epoch: [74][120/357]  Loss:0.109 (Avg 0.1133) IoU:0.776 (Avg 0.7787) Dice:0.8678 (Avg 0.8653) LR 5.24e-06   (AvgTime 0.6)   
   [Train] Epoch: [74][140/357]  Loss:0.091 (Avg 0.1134) IoU:0.821 (Avg 0.7779) Dice:0.8961 (Avg 0.8650) LR 5.24e-06   (AvgTime 0.6)   
   [Train] Epoch: [74][160/357]  Loss:0.092 (Avg 0.1131) IoU:0.812 (Avg 0.7780) Dice:0.8934 (Avg 0.8653) LR 5.24e-06   (AvgTime 0.6)   
   [Train] Epoch: [74][180/357]  Loss:0.115 (Avg 0.1130) IoU:0.764 (Avg 0.7778) Dice:0.8596 (Avg 0.8654) LR 5.24e-06   (AvgTime 0.6)   
   [Train] Epoch: [74][200/357]  Loss:0.121 (Avg 0.1122) IoU:0.759 (Avg 0.7791) Dice:0.8478 (Avg 0.8661) LR 5.24e-06   (AvgTime 0.6)   
   [Train] Epoch: [74][220/357]  Loss:0.100 (Avg 0.1125) IoU:0.798 (Avg 0.7783) Dice:0.8833 (Avg 0.8656) LR 5.24e-06   (AvgTime 0.6)   
   [Train] Epoch: [74][240/357]  Loss:0.100 (Avg 0.1123) IoU:0.815 (Avg 0.7787) Dice:0.8919 (Avg 0.8659) LR 5.24e-06   (AvgTime 0.6)   
   [Train] Epoch: [74][260/357]  Loss:0.117 (Avg 0.1118) IoU:0.764 (Avg 0.7795) Dice:0.8532 (Avg 0.8664) LR 5.24e-06   (AvgTime 0.6)   
   [Train] Epoch: [74][280/357]  Loss:0.109 (Avg 0.1120) IoU:0.773 (Avg 0.7786) Dice:0.8657 (Avg 0.8659) LR 5.24e-06   (AvgTime 0.6)   
   [Train] Epoch: [74][300/357]  Loss:0.120 (Avg 0.1119) IoU:0.754 (Avg 0.7787) Dice:0.8439 (Avg 0.8660) LR 5.24e-06   (AvgTime 0.6)   
   [Train] Epoch: [74][320/357]  Loss:0.106 (Avg 0.1119) IoU:0.778 (Avg 0.7787) Dice:0.8687 (Avg 0.8659) LR 5.24e-06   (AvgTime 0.6)   
   [Train] Epoch: [74][340/357]  Loss:0.081 (Avg 0.1116) IoU:0.833 (Avg 0.7795) Dice:0.9050 (Avg 0.8665) LR 5.24e-06   (AvgTime 0.6)   
   [Train] Epoch: [74][357/357]  Loss:0.088 (Avg 0.1119) IoU:0.817 (Avg 0.7790) Dice:0.8952 (Avg 0.8662) LR 5.24e-06   (AvgTime 0.6)   
   [Train] Loss components: main_dice=0.109488, main_focal=0.038603, main=0.074045, region_raw=0.295135, region_weighted=0.037869, empty_window_fraction=0.000000, total=0.111914
Validation
   [Val] Epoch: [74][20/90]  Loss:0.181 (Avg 0.1578) IoU:0.677 (Avg 0.7297) Dice:0.7950 (Avg 0.8302) (AvgTime 0.3)   
   [Val] Epoch: [74][40/90]  Loss:0.119 (Avg 0.1618) IoU:0.750 (Avg 0.7196) Dice:0.8468 (Avg 0.8198) (AvgTime 0.2)   
   [Val] Epoch: [74][60/90]  Loss:0.204 (Avg 0.1521) IoU:0.657 (Avg 0.7305) Dice:0.7623 (Avg 0.8271) (AvgTime 0.2)   
   [Val] Epoch: [74][80/90]  Loss:0.138 (Avg 0.1509) IoU:0.728 (Avg 0.7298) Dice:0.8242 (Avg 0.8267) (AvgTime 0.2)   
   [Val] Epoch: [74][90/90]  Loss:0.216 (Avg 0.1518) IoU:0.606 (Avg 0.7292) Dice:0.7372 (Avg 0.8261) (AvgTime 0.2)   
   [Val] Loss components: main_dice=0.145258, main_focal=0.074418, main=0.109838, region_raw=0.327090, region_weighted=0.041970, empty_window_fraction=0.000000, total=0.151807
	 No iou improvement; selected epoch 69
	 early_stopping_count: 5/80
--- Epoch History (1..74) ---
Epoch |  TrainLoss |  TrainDice |  TrainIoU |    ValLoss |    ValDice |    ValIoU |         LR | Best
    1 |     0.3274 |     0.6089 |    0.4797 |     0.3091 |     0.6203 |    0.4911 |   3.00e-04 |     
    2 |     0.2493 |     0.7003 |    0.5773 |     0.2277 |     0.7202 |    0.6053 |   3.00e-04 |     
    3 |     0.2258 |     0.7259 |    0.6062 |     0.2068 |     0.7560 |    0.6429 |   3.00e-04 |     
    4 |     0.2153 |     0.7383 |    0.6212 |     0.2013 |     0.7654 |    0.6509 |   2.99e-04 |     
    5 |     0.2041 |     0.7514 |    0.6359 |     0.1929 |     0.7592 |    0.6456 |   2.98e-04 |     
    6 |     0.2002 |     0.7575 |    0.6433 |     0.1994 |     0.7556 |    0.6374 |   2.97e-04 |     
    7 |     0.1959 |     0.7613 |    0.6476 |     0.1953 |     0.7677 |    0.6559 |   2.96e-04 |     
    8 |     0.1917 |     0.7652 |    0.6526 |     0.1819 |     0.7753 |    0.6638 |   2.94e-04 |     
    9 |     0.1890 |     0.7689 |    0.6569 |     0.1877 |     0.7648 |    0.6526 |   2.92e-04 |     
   10 |     0.1909 |     0.7674 |    0.6547 |     0.1967 |     0.7614 |    0.6474 |   2.91e-04 |     
   11 |     0.1850 |     0.7752 |    0.6643 |     0.1777 |     0.7851 |    0.6761 |   2.88e-04 |     
   12 |     0.1847 |     0.7750 |    0.6644 |     0.1820 |     0.7863 |    0.6777 |   2.86e-04 |     
   13 |     0.1819 |     0.7786 |    0.6681 |     0.1785 |     0.7822 |    0.6720 |   2.83e-04 |     
   14 |     0.1792 |     0.7815 |    0.6721 |     0.1710 |     0.7906 |    0.6822 |   2.80e-04 |     
   15 |     0.1799 |     0.7798 |    0.6700 |     0.1677 |     0.7939 |    0.6878 |   2.77e-04 |     
   16 |     0.1784 |     0.7828 |    0.6735 |     0.1778 |     0.7969 |    0.6907 |   2.74e-04 |     
   17 |     0.1800 |     0.7809 |    0.6717 |     0.1871 |     0.7775 |    0.6682 |   2.71e-04 |     
   18 |     0.1765 |     0.7859 |    0.6774 |     0.1763 |     0.7844 |    0.6744 |   2.67e-04 |     
   19 |     0.1725 |     0.7898 |    0.6825 |     0.1650 |     0.7980 |    0.6943 |   2.63e-04 |     
   20 |     0.1717 |     0.7911 |    0.6844 |     0.1718 |     0.7842 |    0.6753 |   2.59e-04 |     
   21 |     0.1702 |     0.7920 |    0.6849 |     0.1709 |     0.7905 |    0.6816 |   2.55e-04 |     
   22 |     0.1715 |     0.7907 |    0.6835 |     0.1778 |     0.7882 |    0.6809 |   2.51e-04 |     
   23 |     0.1702 |     0.7927 |    0.6865 |     0.1680 |     0.7894 |    0.6837 |   2.46e-04 |     
   24 |     0.1674 |     0.7964 |    0.6902 |     0.1675 |     0.8056 |    0.7029 |   2.42e-04 |     
   25 |     0.1664 |     0.7976 |    0.6919 |     0.1719 |     0.7939 |    0.6891 |   2.37e-04 |     
   26 |     0.1663 |     0.7975 |    0.6916 |     0.1635 |     0.7985 |    0.6924 |   2.32e-04 |     
   27 |     0.1632 |     0.8013 |    0.6966 |     0.1589 |     0.8088 |    0.7069 |   2.27e-04 |     
   28 |     0.1623 |     0.8031 |    0.6989 |     0.1645 |     0.8009 |    0.6963 |   2.22e-04 |     
   29 |     0.1611 |     0.8041 |    0.7006 |     0.1656 |     0.8001 |    0.6931 |   2.17e-04 |     
   30 |     0.1618 |     0.8040 |    0.6998 |     0.1588 |     0.8091 |    0.7079 |   2.11e-04 |     
   31 |     0.1594 |     0.8063 |    0.7029 |     0.1735 |     0.8039 |    0.6998 |   2.06e-04 |     
   32 |     0.1576 |     0.8091 |    0.7058 |     0.1622 |     0.8091 |    0.7070 |   2.00e-04 |     
   33 |     0.1577 |     0.8087 |    0.7056 |     0.1609 |     0.8024 |    0.6973 |   1.94e-04 |     
   34 |     0.1562 |     0.8101 |    0.7068 |     0.1622 |     0.8074 |    0.7042 |   1.89e-04 |     
   35 |     0.1543 |     0.8127 |    0.7105 |     0.1590 |     0.8114 |    0.7084 |   1.83e-04 |     
   36 |     0.1530 |     0.8139 |    0.7122 |     0.1560 |     0.8113 |    0.7104 |   1.77e-04 |     
   37 |     0.1544 |     0.8121 |    0.7103 |     0.1576 |     0.8048 |    0.7006 |   1.71e-04 |     
   38 |     0.1519 |     0.8155 |    0.7140 |     0.1594 |     0.8036 |    0.7011 |   1.65e-04 |     
   39 |     0.1511 |     0.8165 |    0.7156 |     0.1547 |     0.8127 |    0.7130 |   1.59e-04 |     
   40 |     0.1492 |     0.8187 |    0.7181 |     0.1550 |     0.8122 |    0.7119 |   1.53e-04 |     
   41 |     0.1486 |     0.8205 |    0.7201 |     0.1542 |     0.8149 |    0.7152 |   1.48e-04 |     
   42 |     0.1468 |     0.8219 |    0.7222 |     0.1529 |     0.8168 |    0.7168 |   1.42e-04 |     
   43 |     0.1460 |     0.8226 |    0.7231 |     0.1575 |     0.8148 |    0.7142 |   1.36e-04 |     
   44 |     0.1454 |     0.8243 |    0.7250 |     0.1487 |     0.8215 |    0.7231 |   1.30e-04 |     
   45 |     0.1453 |     0.8241 |    0.7249 |     0.1575 |     0.8131 |    0.7132 |   1.24e-04 |     
   46 |     0.1421 |     0.8281 |    0.7296 |     0.1538 |     0.8164 |    0.7176 |   1.18e-04 |     
   47 |     0.1414 |     0.8288 |    0.7311 |     0.1522 |     0.8132 |    0.7120 |   1.12e-04 |     
   48 |     0.1422 |     0.8276 |    0.7296 |     0.1520 |     0.8204 |    0.7208 |   1.07e-04 |     
   49 |     0.1402 |     0.8301 |    0.7329 |     0.1537 |     0.8191 |    0.7205 |   1.01e-04 |     
   50 |     0.1385 |     0.8330 |    0.7361 |     0.1526 |     0.8181 |    0.7188 |   9.54e-05 |     
   51 |     0.1375 |     0.8339 |    0.7374 |     0.1565 |     0.8201 |    0.7222 |   8.99e-05 |     
   52 |     0.1359 |     0.8353 |    0.7390 |     0.1593 |     0.8098 |    0.7102 |   8.45e-05 |     
   53 |     0.1337 |     0.8385 |    0.7431 |     0.1486 |     0.8225 |    0.7252 |   7.92e-05 |     
   54 |     0.1336 |     0.8387 |    0.7433 |     0.1496 |     0.8192 |    0.7209 |   7.40e-05 |     
   55 |     0.1325 |     0.8400 |    0.7450 |     0.1551 |     0.8162 |    0.7170 |   6.90e-05 |     
   56 |     0.1316 |     0.8405 |    0.7457 |     0.1513 |     0.8199 |    0.7207 |   6.41e-05 |     
   57 |     0.1306 |     0.8427 |    0.7486 |     0.1505 |     0.8224 |    0.7243 |   5.93e-05 |     
   58 |     0.1281 |     0.8451 |    0.7513 |     0.1538 |     0.8206 |    0.7233 |   5.47e-05 |     
   59 |     0.1267 |     0.8473 |    0.7541 |     0.1515 |     0.8226 |    0.7248 |   5.02e-05 |     
   60 |     0.1254 |     0.8489 |    0.7562 |     0.1534 |     0.8220 |    0.7240 |   4.58e-05 |     
   61 |     0.1252 |     0.8492 |    0.7571 |     0.1538 |     0.8215 |    0.7238 |   4.17e-05 |     
   62 |     0.1230 |     0.8517 |    0.7599 |     0.1484 |     0.8226 |    0.7250 |   3.77e-05 |     
   63 |     0.1224 |     0.8527 |    0.7611 |     0.1505 |     0.8233 |    0.7266 |   3.39e-05 |     
   64 |     0.1215 |     0.8541 |    0.7632 |     0.1469 |     0.8246 |    0.7275 |   3.03e-05 |     
   65 |     0.1205 |     0.8554 |    0.7649 |     0.1489 |     0.8254 |    0.7285 |   2.68e-05 |     
   66 |     0.1184 |     0.8578 |    0.7677 |     0.1498 |     0.8234 |    0.7258 |   2.36e-05 |     
   67 |     0.1184 |     0.8580 |    0.7683 |     0.1511 |     0.8250 |    0.7281 |   2.05e-05 |     
   68 |     0.1166 |     0.8603 |    0.7710 |     0.1554 |     0.8226 |    0.7247 |   1.77e-05 |     
   69 |     0.1159 |     0.8608 |    0.7718 |     0.1481 |     0.8270 |    0.7308 |   1.51e-05 |    *
   70 |     0.1150 |     0.8621 |    0.7737 |     0.1560 |     0.8243 |    0.7271 |   1.27e-05 |     
   71 |     0.1144 |     0.8631 |    0.7750 |     0.1519 |     0.8236 |    0.7258 |   1.05e-05 |     
   72 |     0.1143 |     0.8632 |    0.7752 |     0.1500 |     0.8254 |    0.7283 |   8.50e-06 |     
   73 |     0.1138 |     0.8640 |    0.7760 |     0.1521 |     0.8250 |    0.7275 |   6.76e-06 |     
   74 |     0.1119 |     0.8662 |    0.7790 |     0.1518 |     0.8261 |    0.7292 |   5.24e-06 |     
--- R2 plus final-map regional overlap: global validation statistics ---
up4: ca=0.9018+/-0.0903, sa=1.0095+/-0.0064, amp=0.0000, suppress=0.0000, guide_abs=0.1774
up4 residuals: local_mean=7.004e-02, global_mean=0.0131, local_strength=0.1155, global_strength=0.1155, gain=[0.9889,1.0445], saturation=0.0653, text_film=0.0230
up4 haar: reconstruction_error=9.537e-07, skip_low/high=0.7940/0.2060, plam_low/high=1.0000/0.0000
up4 strengths: plam=0.9172, region=0.1155, detail=0.1155; residual_std region/detail/refine=0.2959/0.4111/0.3265
up4 guide_mix: entropy=0.9819, raw_low=0.3221, plam_low=0.2277, decoder_low=0.2768, detail=0.1734; agreement plam/decoder=0.3606/0.6008, support=0.8043+/-0.0862
up4 adaptive_frequency: ALPF strength=0.2536, weights=0.1437/0.7201/0.1362, sum=1.0000, entropy=0.7152, delta_std=0.0838; AHPF strength=0.0741, weights=0.3146/0.5225/0.1629, sum=1.0000, entropy=0.9032, residual_std=0.1075, scaled_std=0.0080
up3: ca=1.0136+/-0.1407, sa=1.0111+/-0.0052, amp=0.0000, suppress=0.0000, guide_abs=0.3337
up3 residuals: local_mean=3.480e-02, global_mean=0.0587, local_strength=0.1143, global_strength=0.1211, gain=[0.9882,1.0408], saturation=0.0000, text_film=0.0259
up3 haar: reconstruction_error=9.537e-07, skip_low/high=0.7669/0.2331, plam_low/high=1.0000/0.0000
up3 strengths: plam=0.9121, region=0.1143, detail=0.1211; residual_std region/detail/refine=0.2977/0.6136/0.5338
up3 guide_mix: entropy=0.9833, raw_low=0.3268, plam_low=0.2306, decoder_low=0.2637, detail=0.1788; agreement plam/decoder=0.5509/0.1622, support=0.7518+/-0.0601
up3 adaptive_frequency: ALPF strength=0.3072, weights=0.0769/0.2791/0.6441, sum=1.0000, entropy=0.6517, delta_std=0.0774; AHPF strength=0.1107, weights=0.7102/0.1574/0.1324, sum=1.0000, entropy=0.6425, residual_std=0.0775, scaled_std=0.0086
up2: ca=0.9399+/-0.0711, sa=1.0055+/-0.0030, amp=0.0000, suppress=0.0000, guide_abs=0.2219
up2 residuals: local_mean=2.098e-03, global_mean=0.0456, local_strength=0.1198, global_strength=0.1161, gain=[0.9730,1.0366], saturation=0.0000, text_film=0.0335
up2 haar: reconstruction_error=9.537e-07, skip_low/high=0.7492/0.2508, plam_low/high=1.0000/0.0000
up2 strengths: plam=0.8496, region=0.1198, detail=0.1161; residual_std region/detail/refine=0.2137/0.2929/0.1471
up2 guide_mix: entropy=0.9647, raw_low=0.3055, plam_low=0.1808, decoder_low=0.3471, detail=0.1666; agreement plam/decoder=0.7761/0.1103, support=0.5839+/-0.0355
up1: ca=0.8754+/-0.0959, sa=1.0038+/-0.0135, amp=0.0000, suppress=0.0000, guide_abs=0.2025
up1 residuals: local_mean=-6.420e-03, global_mean=0.0469, local_strength=0.1267, global_strength=0.1002, gain=[0.9020,1.0983], saturation=0.0412, text_film=0.0473
up1 haar: reconstruction_error=2.638e-06, skip_low/high=0.7199/0.2801, plam_low/high=1.0000/0.0000
up1 strengths: plam=0.9229, region=0.1267, detail=0.1002; residual_std region/detail/refine=0.5801/0.4089/0.1876
up1 guide_mix: entropy=0.9523, raw_low=0.2668, plam_low=0.2751, decoder_low=0.3459, detail=0.1122; agreement plam/decoder=0.6492/-0.0995, support=0.7124+/-0.0974

========= Epoch [75/80] =========
RS1_Test_session_09.11_04h18
Training with batch size : 16
   [Train] Epoch: [75][20/357]  Loss:0.146 (Avg 0.1082) IoU:0.726 (Avg 0.7882) Dice:0.8171 (Avg 0.8733) LR 3.95e-06   (AvgTime 0.6)   
   [Train] Epoch: [75][40/357]  Loss:0.159 (Avg 0.1142) IoU:0.717 (Avg 0.7768) Dice:0.8083 (Avg 0.8640) LR 3.95e-06   (AvgTime 0.6)   
   [Train] Epoch: [75][60/357]  Loss:0.106 (Avg 0.1165) IoU:0.791 (Avg 0.7717) Dice:0.8764 (Avg 0.8608) LR 3.95e-06   (AvgTime 0.6)   
   [Train] Epoch: [75][80/357]  Loss:0.180 (Avg 0.1174) IoU:0.671 (Avg 0.7706) Dice:0.7681 (Avg 0.8591) LR 3.95e-06   (AvgTime 0.6)   
   [Train] Epoch: [75][100/357]  Loss:0.081 (Avg 0.1153) IoU:0.841 (Avg 0.7740) Dice:0.9123 (Avg 0.8619) LR 3.95e-06   (AvgTime 0.6)   
   [Train] Epoch: [75][120/357]  Loss:0.146 (Avg 0.1164) IoU:0.709 (Avg 0.7709) Dice:0.8075 (Avg 0.8599) LR 3.95e-06   (AvgTime 0.6)   
   [Train] Epoch: [75][140/357]  Loss:0.179 (Avg 0.1173) IoU:0.643 (Avg 0.7695) Dice:0.7641 (Avg 0.8586) LR 3.95e-06   (AvgTime 0.6)   
   [Train] Epoch: [75][160/357]  Loss:0.110 (Avg 0.1172) IoU:0.775 (Avg 0.7701) Dice:0.8642 (Avg 0.8593) LR 3.95e-06   (AvgTime 0.6)   
   [Train] Epoch: [75][180/357]  Loss:0.121 (Avg 0.1164) IoU:0.772 (Avg 0.7713) Dice:0.8616 (Avg 0.8602) LR 3.95e-06   (AvgTime 0.6)   
   [Train] Epoch: [75][200/357]  Loss:0.093 (Avg 0.1152) IoU:0.805 (Avg 0.7734) Dice:0.8885 (Avg 0.8617) LR 3.95e-06   (AvgTime 0.6)   
   [Train] Epoch: [75][220/357]  Loss:0.089 (Avg 0.1155) IoU:0.812 (Avg 0.7727) Dice:0.8895 (Avg 0.8614) LR 3.95e-06   (AvgTime 0.6)   
   [Train] Epoch: [75][240/357]  Loss:0.092 (Avg 0.1150) IoU:0.827 (Avg 0.7736) Dice:0.9019 (Avg 0.8619) LR 3.95e-06   (AvgTime 0.6)   
   [Train] Epoch: [75][260/357]  Loss:0.091 (Avg 0.1147) IoU:0.817 (Avg 0.7742) Dice:0.8944 (Avg 0.8625) LR 3.95e-06   (AvgTime 0.6)   
   [Train] Epoch: [75][280/357]  Loss:0.146 (Avg 0.1146) IoU:0.746 (Avg 0.7745) Dice:0.8411 (Avg 0.8628) LR 3.95e-06   (AvgTime 0.6)   
   [Train] Epoch: [75][300/357]  Loss:0.103 (Avg 0.1141) IoU:0.792 (Avg 0.7755) Dice:0.8805 (Avg 0.8635) LR 3.95e-06   (AvgTime 0.6)   
   [Train] Epoch: [75][320/357]  Loss:0.151 (Avg 0.1137) IoU:0.690 (Avg 0.7762) Dice:0.8051 (Avg 0.8640) LR 3.95e-06   (AvgTime 0.6)   
   [Train] Epoch: [75][340/357]  Loss:0.077 (Avg 0.1131) IoU:0.844 (Avg 0.7772) Dice:0.9119 (Avg 0.8648) LR 3.95e-06   (AvgTime 0.6)   
   [Train] Epoch: [75][357/357]  Loss:0.115 (Avg 0.1132) IoU:0.766 (Avg 0.7771) Dice:0.8561 (Avg 0.8646) LR 3.95e-06   (AvgTime 0.6)   
   [Train] Loss components: main_dice=0.110852, main_focal=0.039332, main=0.075092, region_raw=0.296736, region_weighted=0.038075, empty_window_fraction=0.000000, total=0.113167
Validation
   [Val] Epoch: [75][20/90]  Loss:0.184 (Avg 0.1599) IoU:0.675 (Avg 0.7291) Dice:0.7943 (Avg 0.8295) (AvgTime 0.3)   
   [Val] Epoch: [75][40/90]  Loss:0.122 (Avg 0.1635) IoU:0.747 (Avg 0.7203) Dice:0.8448 (Avg 0.8202) (AvgTime 0.2)   
   [Val] Epoch: [75][60/90]  Loss:0.207 (Avg 0.1540) IoU:0.653 (Avg 0.7305) Dice:0.7584 (Avg 0.8269) (AvgTime 0.2)   
   [Val] Epoch: [75][80/90]  Loss:0.139 (Avg 0.1531) IoU:0.730 (Avg 0.7299) Dice:0.8272 (Avg 0.8266) (AvgTime 0.2)   
   [Val] Epoch: [75][90/90]  Loss:0.213 (Avg 0.1540) IoU:0.596 (Avg 0.7292) Dice:0.7300 (Avg 0.8259) (AvgTime 0.2)   
   [Val] Loss components: main_dice=0.145182, main_focal=0.078639, main=0.111911, region_raw=0.327920, region_weighted=0.042076, empty_window_fraction=0.000000, total=0.153987
	 No iou improvement; selected epoch 69
	 early_stopping_count: 6/80
--- Epoch History (1..75) ---
Epoch |  TrainLoss |  TrainDice |  TrainIoU |    ValLoss |    ValDice |    ValIoU |         LR | Best
    1 |     0.3274 |     0.6089 |    0.4797 |     0.3091 |     0.6203 |    0.4911 |   3.00e-04 |     
    2 |     0.2493 |     0.7003 |    0.5773 |     0.2277 |     0.7202 |    0.6053 |   3.00e-04 |     
    3 |     0.2258 |     0.7259 |    0.6062 |     0.2068 |     0.7560 |    0.6429 |   3.00e-04 |     
    4 |     0.2153 |     0.7383 |    0.6212 |     0.2013 |     0.7654 |    0.6509 |   2.99e-04 |     
    5 |     0.2041 |     0.7514 |    0.6359 |     0.1929 |     0.7592 |    0.6456 |   2.98e-04 |     
    6 |     0.2002 |     0.7575 |    0.6433 |     0.1994 |     0.7556 |    0.6374 |   2.97e-04 |     
    7 |     0.1959 |     0.7613 |    0.6476 |     0.1953 |     0.7677 |    0.6559 |   2.96e-04 |     
    8 |     0.1917 |     0.7652 |    0.6526 |     0.1819 |     0.7753 |    0.6638 |   2.94e-04 |     
    9 |     0.1890 |     0.7689 |    0.6569 |     0.1877 |     0.7648 |    0.6526 |   2.92e-04 |     
   10 |     0.1909 |     0.7674 |    0.6547 |     0.1967 |     0.7614 |    0.6474 |   2.91e-04 |     
   11 |     0.1850 |     0.7752 |    0.6643 |     0.1777 |     0.7851 |    0.6761 |   2.88e-04 |     
   12 |     0.1847 |     0.7750 |    0.6644 |     0.1820 |     0.7863 |    0.6777 |   2.86e-04 |     
   13 |     0.1819 |     0.7786 |    0.6681 |     0.1785 |     0.7822 |    0.6720 |   2.83e-04 |     
   14 |     0.1792 |     0.7815 |    0.6721 |     0.1710 |     0.7906 |    0.6822 |   2.80e-04 |     
   15 |     0.1799 |     0.7798 |    0.6700 |     0.1677 |     0.7939 |    0.6878 |   2.77e-04 |     
   16 |     0.1784 |     0.7828 |    0.6735 |     0.1778 |     0.7969 |    0.6907 |   2.74e-04 |     
   17 |     0.1800 |     0.7809 |    0.6717 |     0.1871 |     0.7775 |    0.6682 |   2.71e-04 |     
   18 |     0.1765 |     0.7859 |    0.6774 |     0.1763 |     0.7844 |    0.6744 |   2.67e-04 |     
   19 |     0.1725 |     0.7898 |    0.6825 |     0.1650 |     0.7980 |    0.6943 |   2.63e-04 |     
   20 |     0.1717 |     0.7911 |    0.6844 |     0.1718 |     0.7842 |    0.6753 |   2.59e-04 |     
   21 |     0.1702 |     0.7920 |    0.6849 |     0.1709 |     0.7905 |    0.6816 |   2.55e-04 |     
   22 |     0.1715 |     0.7907 |    0.6835 |     0.1778 |     0.7882 |    0.6809 |   2.51e-04 |     
   23 |     0.1702 |     0.7927 |    0.6865 |     0.1680 |     0.7894 |    0.6837 |   2.46e-04 |     
   24 |     0.1674 |     0.7964 |    0.6902 |     0.1675 |     0.8056 |    0.7029 |   2.42e-04 |     
   25 |     0.1664 |     0.7976 |    0.6919 |     0.1719 |     0.7939 |    0.6891 |   2.37e-04 |     
   26 |     0.1663 |     0.7975 |    0.6916 |     0.1635 |     0.7985 |    0.6924 |   2.32e-04 |     
   27 |     0.1632 |     0.8013 |    0.6966 |     0.1589 |     0.8088 |    0.7069 |   2.27e-04 |     
   28 |     0.1623 |     0.8031 |    0.6989 |     0.1645 |     0.8009 |    0.6963 |   2.22e-04 |     
   29 |     0.1611 |     0.8041 |    0.7006 |     0.1656 |     0.8001 |    0.6931 |   2.17e-04 |     
   30 |     0.1618 |     0.8040 |    0.6998 |     0.1588 |     0.8091 |    0.7079 |   2.11e-04 |     
   31 |     0.1594 |     0.8063 |    0.7029 |     0.1735 |     0.8039 |    0.6998 |   2.06e-04 |     
   32 |     0.1576 |     0.8091 |    0.7058 |     0.1622 |     0.8091 |    0.7070 |   2.00e-04 |     
   33 |     0.1577 |     0.8087 |    0.7056 |     0.1609 |     0.8024 |    0.6973 |   1.94e-04 |     
   34 |     0.1562 |     0.8101 |    0.7068 |     0.1622 |     0.8074 |    0.7042 |   1.89e-04 |     
   35 |     0.1543 |     0.8127 |    0.7105 |     0.1590 |     0.8114 |    0.7084 |   1.83e-04 |     
   36 |     0.1530 |     0.8139 |    0.7122 |     0.1560 |     0.8113 |    0.7104 |   1.77e-04 |     
   37 |     0.1544 |     0.8121 |    0.7103 |     0.1576 |     0.8048 |    0.7006 |   1.71e-04 |     
   38 |     0.1519 |     0.8155 |    0.7140 |     0.1594 |     0.8036 |    0.7011 |   1.65e-04 |     
   39 |     0.1511 |     0.8165 |    0.7156 |     0.1547 |     0.8127 |    0.7130 |   1.59e-04 |     
   40 |     0.1492 |     0.8187 |    0.7181 |     0.1550 |     0.8122 |    0.7119 |   1.53e-04 |     
   41 |     0.1486 |     0.8205 |    0.7201 |     0.1542 |     0.8149 |    0.7152 |   1.48e-04 |     
   42 |     0.1468 |     0.8219 |    0.7222 |     0.1529 |     0.8168 |    0.7168 |   1.42e-04 |     
   43 |     0.1460 |     0.8226 |    0.7231 |     0.1575 |     0.8148 |    0.7142 |   1.36e-04 |     
   44 |     0.1454 |     0.8243 |    0.7250 |     0.1487 |     0.8215 |    0.7231 |   1.30e-04 |     
   45 |     0.1453 |     0.8241 |    0.7249 |     0.1575 |     0.8131 |    0.7132 |   1.24e-04 |     
   46 |     0.1421 |     0.8281 |    0.7296 |     0.1538 |     0.8164 |    0.7176 |   1.18e-04 |     
   47 |     0.1414 |     0.8288 |    0.7311 |     0.1522 |     0.8132 |    0.7120 |   1.12e-04 |     
   48 |     0.1422 |     0.8276 |    0.7296 |     0.1520 |     0.8204 |    0.7208 |   1.07e-04 |     
   49 |     0.1402 |     0.8301 |    0.7329 |     0.1537 |     0.8191 |    0.7205 |   1.01e-04 |     
   50 |     0.1385 |     0.8330 |    0.7361 |     0.1526 |     0.8181 |    0.7188 |   9.54e-05 |     
   51 |     0.1375 |     0.8339 |    0.7374 |     0.1565 |     0.8201 |    0.7222 |   8.99e-05 |     
   52 |     0.1359 |     0.8353 |    0.7390 |     0.1593 |     0.8098 |    0.7102 |   8.45e-05 |     
   53 |     0.1337 |     0.8385 |    0.7431 |     0.1486 |     0.8225 |    0.7252 |   7.92e-05 |     
   54 |     0.1336 |     0.8387 |    0.7433 |     0.1496 |     0.8192 |    0.7209 |   7.40e-05 |     
   55 |     0.1325 |     0.8400 |    0.7450 |     0.1551 |     0.8162 |    0.7170 |   6.90e-05 |     
   56 |     0.1316 |     0.8405 |    0.7457 |     0.1513 |     0.8199 |    0.7207 |   6.41e-05 |     
   57 |     0.1306 |     0.8427 |    0.7486 |     0.1505 |     0.8224 |    0.7243 |   5.93e-05 |     
   58 |     0.1281 |     0.8451 |    0.7513 |     0.1538 |     0.8206 |    0.7233 |   5.47e-05 |     
   59 |     0.1267 |     0.8473 |    0.7541 |     0.1515 |     0.8226 |    0.7248 |   5.02e-05 |     
   60 |     0.1254 |     0.8489 |    0.7562 |     0.1534 |     0.8220 |    0.7240 |   4.58e-05 |     
   61 |     0.1252 |     0.8492 |    0.7571 |     0.1538 |     0.8215 |    0.7238 |   4.17e-05 |     
   62 |     0.1230 |     0.8517 |    0.7599 |     0.1484 |     0.8226 |    0.7250 |   3.77e-05 |     
   63 |     0.1224 |     0.8527 |    0.7611 |     0.1505 |     0.8233 |    0.7266 |   3.39e-05 |     
   64 |     0.1215 |     0.8541 |    0.7632 |     0.1469 |     0.8246 |    0.7275 |   3.03e-05 |     
   65 |     0.1205 |     0.8554 |    0.7649 |     0.1489 |     0.8254 |    0.7285 |   2.68e-05 |     
   66 |     0.1184 |     0.8578 |    0.7677 |     0.1498 |     0.8234 |    0.7258 |   2.36e-05 |     
   67 |     0.1184 |     0.8580 |    0.7683 |     0.1511 |     0.8250 |    0.7281 |   2.05e-05 |     
   68 |     0.1166 |     0.8603 |    0.7710 |     0.1554 |     0.8226 |    0.7247 |   1.77e-05 |     
   69 |     0.1159 |     0.8608 |    0.7718 |     0.1481 |     0.8270 |    0.7308 |   1.51e-05 |    *
   70 |     0.1150 |     0.8621 |    0.7737 |     0.1560 |     0.8243 |    0.7271 |   1.27e-05 |     
   71 |     0.1144 |     0.8631 |    0.7750 |     0.1519 |     0.8236 |    0.7258 |   1.05e-05 |     
   72 |     0.1143 |     0.8632 |    0.7752 |     0.1500 |     0.8254 |    0.7283 |   8.50e-06 |     
   73 |     0.1138 |     0.8640 |    0.7760 |     0.1521 |     0.8250 |    0.7275 |   6.76e-06 |     
   74 |     0.1119 |     0.8662 |    0.7790 |     0.1518 |     0.8261 |    0.7292 |   5.24e-06 |     
   75 |     0.1132 |     0.8646 |    0.7771 |     0.1540 |     0.8259 |    0.7292 |   3.95e-06 |     
--- R2 plus final-map regional overlap: global validation statistics ---
up4: ca=0.9020+/-0.0903, sa=1.0096+/-0.0064, amp=0.0000, suppress=0.0000, guide_abs=0.1787
up4 residuals: local_mean=7.019e-02, global_mean=0.0132, local_strength=0.1155, global_strength=0.1155, gain=[0.9891,1.0445], saturation=0.0633, text_film=0.0229
up4 haar: reconstruction_error=4.768e-07, skip_low/high=0.7925/0.2075, plam_low/high=1.0000/0.0000
up4 strengths: plam=0.9172, region=0.1155, detail=0.1155; residual_std region/detail/refine=0.2953/0.4153/0.3277
up4 guide_mix: entropy=0.9813, raw_low=0.3267, plam_low=0.2187, decoder_low=0.2773, detail=0.1773; agreement plam/decoder=0.3592/0.5930, support=0.8042+/-0.0860
up4 adaptive_frequency: ALPF strength=0.2537, weights=0.1428/0.7213/0.1359, sum=1.0000, entropy=0.7133, delta_std=0.0854; AHPF strength=0.0741, weights=0.3167/0.5209/0.1624, sum=1.0000, entropy=0.9030, residual_std=0.1097, scaled_std=0.0081
up3: ca=1.0143+/-0.1404, sa=1.0111+/-0.0052, amp=0.0000, suppress=0.0000, guide_abs=0.3328
up3 residuals: local_mean=3.482e-02, global_mean=0.0586, local_strength=0.1143, global_strength=0.1211, gain=[0.9874,1.0414], saturation=0.0000, text_film=0.0262
up3 haar: reconstruction_error=9.537e-07, skip_low/high=0.7672/0.2328, plam_low/high=1.0000/0.0000
up3 strengths: plam=0.9121, region=0.1143, detail=0.1211; residual_std region/detail/refine=0.2943/0.6127/0.5326
up3 guide_mix: entropy=0.9832, raw_low=0.3263, plam_low=0.2299, decoder_low=0.2653, detail=0.1785; agreement plam/decoder=0.5538/0.1643, support=0.7509+/-0.0600
up3 adaptive_frequency: ALPF strength=0.3073, weights=0.0779/0.2805/0.6417, sum=1.0000, entropy=0.6522, delta_std=0.0780; AHPF strength=0.1107, weights=0.7115/0.1577/0.1308, sum=1.0000, entropy=0.6399, residual_std=0.0771, scaled_std=0.0085
up2: ca=0.9405+/-0.0705, sa=1.0055+/-0.0030, amp=0.0000, suppress=0.0000, guide_abs=0.2216
up2 residuals: local_mean=2.111e-03, global_mean=0.0456, local_strength=0.1198, global_strength=0.1161, gain=[0.9728,1.0367], saturation=0.0000, text_film=0.0332
up2 haar: reconstruction_error=9.537e-07, skip_low/high=0.7497/0.2503, plam_low/high=1.0000/0.0000
up2 strengths: plam=0.8496, region=0.1198, detail=0.1161; residual_std region/detail/refine=0.2141/0.2930/0.1470
up2 guide_mix: entropy=0.9646, raw_low=0.3056, plam_low=0.1810, decoder_low=0.3471, detail=0.1663; agreement plam/decoder=0.7757/0.0810, support=0.5842+/-0.0358
up1: ca=0.8765+/-0.0961, sa=1.0038+/-0.0136, amp=0.0000, suppress=0.0000, guide_abs=0.2023
up1 residuals: local_mean=-6.362e-03, global_mean=0.0469, local_strength=0.1267, global_strength=0.1002, gain=[0.9020,1.0983], saturation=0.0399, text_film=0.0472
up1 haar: reconstruction_error=2.563e-06, skip_low/high=0.7199/0.2801, plam_low/high=1.0000/0.0000
up1 strengths: plam=0.9229, region=0.1267, detail=0.1002; residual_std region/detail/refine=0.5773/0.4102/0.1876
up1 guide_mix: entropy=0.9526, raw_low=0.2671, plam_low=0.2754, decoder_low=0.3451, detail=0.1124; agreement plam/decoder=0.6543/-0.1039, support=0.7123+/-0.0972

========= Epoch [76/80] =========
RS1_Test_session_09.11_04h18
Training with batch size : 16
   [Train] Epoch: [76][20/357]  Loss:0.080 (Avg 0.1125) IoU:0.846 (Avg 0.7790) Dice:0.9132 (Avg 0.8664) LR 2.89e-06   (AvgTime 0.6)   
   [Train] Epoch: [76][40/357]  Loss:0.127 (Avg 0.1115) IoU:0.756 (Avg 0.7812) Dice:0.8375 (Avg 0.8678) LR 2.89e-06   (AvgTime 0.6)   
   [Train] Epoch: [76][60/357]  Loss:0.172 (Avg 0.1107) IoU:0.669 (Avg 0.7824) Dice:0.7833 (Avg 0.8685) LR 2.89e-06   (AvgTime 0.6)   
   [Train] Epoch: [76][80/357]  Loss:0.112 (Avg 0.1104) IoU:0.789 (Avg 0.7832) Dice:0.8740 (Avg 0.8692) LR 2.89e-06   (AvgTime 0.6)   
   [Train] Epoch: [76][100/357]  Loss:0.167 (Avg 0.1116) IoU:0.676 (Avg 0.7806) Dice:0.7817 (Avg 0.8673) LR 2.89e-06   (AvgTime 0.6)   
   [Train] Epoch: [76][120/357]  Loss:0.090 (Avg 0.1116) IoU:0.834 (Avg 0.7806) Dice:0.9057 (Avg 0.8672) LR 2.89e-06   (AvgTime 0.6)   
   [Train] Epoch: [76][140/357]  Loss:0.128 (Avg 0.1116) IoU:0.728 (Avg 0.7802) Dice:0.8262 (Avg 0.8670) LR 2.89e-06   (AvgTime 0.6)   
   [Train] Epoch: [76][160/357]  Loss:0.085 (Avg 0.1112) IoU:0.830 (Avg 0.7806) Dice:0.9052 (Avg 0.8673) LR 2.89e-06   (AvgTime 0.6)   
   [Train] Epoch: [76][180/357]  Loss:0.140 (Avg 0.1121) IoU:0.734 (Avg 0.7789) Dice:0.8383 (Avg 0.8663) LR 2.89e-06   (AvgTime 0.6)   
   [Train] Epoch: [76][200/357]  Loss:0.108 (Avg 0.1113) IoU:0.795 (Avg 0.7805) Dice:0.8757 (Avg 0.8672) LR 2.89e-06   (AvgTime 0.6)   
   [Train] Epoch: [76][220/357]  Loss:0.104 (Avg 0.1110) IoU:0.797 (Avg 0.7810) Dice:0.8775 (Avg 0.8676) LR 2.89e-06   (AvgTime 0.6)   
   [Train] Epoch: [76][240/357]  Loss:0.094 (Avg 0.1114) IoU:0.793 (Avg 0.7806) Dice:0.8799 (Avg 0.8672) LR 2.89e-06   (AvgTime 0.6)   
   [Train] Epoch: [76][260/357]  Loss:0.127 (Avg 0.1116) IoU:0.731 (Avg 0.7803) Dice:0.8309 (Avg 0.8670) LR 2.89e-06   (AvgTime 0.6)   
   [Train] Epoch: [76][280/357]  Loss:0.085 (Avg 0.1111) IoU:0.828 (Avg 0.7811) Dice:0.9028 (Avg 0.8676) LR 2.89e-06   (AvgTime 0.6)   
   [Train] Epoch: [76][300/357]  Loss:0.105 (Avg 0.1113) IoU:0.796 (Avg 0.7811) Dice:0.8828 (Avg 0.8676) LR 2.89e-06   (AvgTime 0.6)   
   [Train] Epoch: [76][320/357]  Loss:0.150 (Avg 0.1112) IoU:0.711 (Avg 0.7811) Dice:0.8168 (Avg 0.8676) LR 2.89e-06   (AvgTime 0.6)   
   [Train] Epoch: [76][340/357]  Loss:0.137 (Avg 0.1117) IoU:0.736 (Avg 0.7802) Dice:0.8301 (Avg 0.8670) LR 2.89e-06   (AvgTime 0.6)   
   [Train] Epoch: [76][357/357]  Loss:0.145 (Avg 0.1117) IoU:0.719 (Avg 0.7802) Dice:0.8254 (Avg 0.8671) LR 2.89e-06   (AvgTime 0.6)   
   [Train] Loss components: main_dice=0.108860, main_focal=0.039040, main=0.073950, region_raw=0.294467, region_weighted=0.037784, empty_window_fraction=0.000000, total=0.111733
Validation
   [Val] Epoch: [76][20/90]  Loss:0.180 (Avg 0.1570) IoU:0.676 (Avg 0.7290) Dice:0.7953 (Avg 0.8296) (AvgTime 0.3)   
   [Val] Epoch: [76][40/90]  Loss:0.119 (Avg 0.1612) IoU:0.751 (Avg 0.7190) Dice:0.8479 (Avg 0.8194) (AvgTime 0.2)   
   [Val] Epoch: [76][60/90]  Loss:0.204 (Avg 0.1518) IoU:0.654 (Avg 0.7297) Dice:0.7594 (Avg 0.8264) (AvgTime 0.2)   
   [Val] Epoch: [76][80/90]  Loss:0.138 (Avg 0.1509) IoU:0.730 (Avg 0.7288) Dice:0.8265 (Avg 0.8259) (AvgTime 0.2)   
   [Val] Epoch: [76][90/90]  Loss:0.207 (Avg 0.1516) IoU:0.605 (Avg 0.7282) Dice:0.7386 (Avg 0.8254) (AvgTime 0.2)   
   [Val] Loss components: main_dice=0.145624, main_focal=0.072909, main=0.109266, region_raw=0.330222, region_weighted=0.042371, empty_window_fraction=0.000000, total=0.151638
	 No iou improvement; selected epoch 69
	 early_stopping_count: 7/80
--- Epoch History (1..76) ---
Epoch |  TrainLoss |  TrainDice |  TrainIoU |    ValLoss |    ValDice |    ValIoU |         LR | Best
    1 |     0.3274 |     0.6089 |    0.4797 |     0.3091 |     0.6203 |    0.4911 |   3.00e-04 |     
    2 |     0.2493 |     0.7003 |    0.5773 |     0.2277 |     0.7202 |    0.6053 |   3.00e-04 |     
    3 |     0.2258 |     0.7259 |    0.6062 |     0.2068 |     0.7560 |    0.6429 |   3.00e-04 |     
    4 |     0.2153 |     0.7383 |    0.6212 |     0.2013 |     0.7654 |    0.6509 |   2.99e-04 |     
    5 |     0.2041 |     0.7514 |    0.6359 |     0.1929 |     0.7592 |    0.6456 |   2.98e-04 |     
    6 |     0.2002 |     0.7575 |    0.6433 |     0.1994 |     0.7556 |    0.6374 |   2.97e-04 |     
    7 |     0.1959 |     0.7613 |    0.6476 |     0.1953 |     0.7677 |    0.6559 |   2.96e-04 |     
    8 |     0.1917 |     0.7652 |    0.6526 |     0.1819 |     0.7753 |    0.6638 |   2.94e-04 |     
    9 |     0.1890 |     0.7689 |    0.6569 |     0.1877 |     0.7648 |    0.6526 |   2.92e-04 |     
   10 |     0.1909 |     0.7674 |    0.6547 |     0.1967 |     0.7614 |    0.6474 |   2.91e-04 |     
   11 |     0.1850 |     0.7752 |    0.6643 |     0.1777 |     0.7851 |    0.6761 |   2.88e-04 |     
   12 |     0.1847 |     0.7750 |    0.6644 |     0.1820 |     0.7863 |    0.6777 |   2.86e-04 |     
   13 |     0.1819 |     0.7786 |    0.6681 |     0.1785 |     0.7822 |    0.6720 |   2.83e-04 |     
   14 |     0.1792 |     0.7815 |    0.6721 |     0.1710 |     0.7906 |    0.6822 |   2.80e-04 |     
   15 |     0.1799 |     0.7798 |    0.6700 |     0.1677 |     0.7939 |    0.6878 |   2.77e-04 |     
   16 |     0.1784 |     0.7828 |    0.6735 |     0.1778 |     0.7969 |    0.6907 |   2.74e-04 |     
   17 |     0.1800 |     0.7809 |    0.6717 |     0.1871 |     0.7775 |    0.6682 |   2.71e-04 |     
   18 |     0.1765 |     0.7859 |    0.6774 |     0.1763 |     0.7844 |    0.6744 |   2.67e-04 |     
   19 |     0.1725 |     0.7898 |    0.6825 |     0.1650 |     0.7980 |    0.6943 |   2.63e-04 |     
   20 |     0.1717 |     0.7911 |    0.6844 |     0.1718 |     0.7842 |    0.6753 |   2.59e-04 |     
   21 |     0.1702 |     0.7920 |    0.6849 |     0.1709 |     0.7905 |    0.6816 |   2.55e-04 |     
   22 |     0.1715 |     0.7907 |    0.6835 |     0.1778 |     0.7882 |    0.6809 |   2.51e-04 |     
   23 |     0.1702 |     0.7927 |    0.6865 |     0.1680 |     0.7894 |    0.6837 |   2.46e-04 |     
   24 |     0.1674 |     0.7964 |    0.6902 |     0.1675 |     0.8056 |    0.7029 |   2.42e-04 |     
   25 |     0.1664 |     0.7976 |    0.6919 |     0.1719 |     0.7939 |    0.6891 |   2.37e-04 |     
   26 |     0.1663 |     0.7975 |    0.6916 |     0.1635 |     0.7985 |    0.6924 |   2.32e-04 |     
   27 |     0.1632 |     0.8013 |    0.6966 |     0.1589 |     0.8088 |    0.7069 |   2.27e-04 |     
   28 |     0.1623 |     0.8031 |    0.6989 |     0.1645 |     0.8009 |    0.6963 |   2.22e-04 |     
   29 |     0.1611 |     0.8041 |    0.7006 |     0.1656 |     0.8001 |    0.6931 |   2.17e-04 |     
   30 |     0.1618 |     0.8040 |    0.6998 |     0.1588 |     0.8091 |    0.7079 |   2.11e-04 |     
   31 |     0.1594 |     0.8063 |    0.7029 |     0.1735 |     0.8039 |    0.6998 |   2.06e-04 |     
   32 |     0.1576 |     0.8091 |    0.7058 |     0.1622 |     0.8091 |    0.7070 |   2.00e-04 |     
   33 |     0.1577 |     0.8087 |    0.7056 |     0.1609 |     0.8024 |    0.6973 |   1.94e-04 |     
   34 |     0.1562 |     0.8101 |    0.7068 |     0.1622 |     0.8074 |    0.7042 |   1.89e-04 |     
   35 |     0.1543 |     0.8127 |    0.7105 |     0.1590 |     0.8114 |    0.7084 |   1.83e-04 |     
   36 |     0.1530 |     0.8139 |    0.7122 |     0.1560 |     0.8113 |    0.7104 |   1.77e-04 |     
   37 |     0.1544 |     0.8121 |    0.7103 |     0.1576 |     0.8048 |    0.7006 |   1.71e-04 |     
   38 |     0.1519 |     0.8155 |    0.7140 |     0.1594 |     0.8036 |    0.7011 |   1.65e-04 |     
   39 |     0.1511 |     0.8165 |    0.7156 |     0.1547 |     0.8127 |    0.7130 |   1.59e-04 |     
   40 |     0.1492 |     0.8187 |    0.7181 |     0.1550 |     0.8122 |    0.7119 |   1.53e-04 |     
   41 |     0.1486 |     0.8205 |    0.7201 |     0.1542 |     0.8149 |    0.7152 |   1.48e-04 |     
   42 |     0.1468 |     0.8219 |    0.7222 |     0.1529 |     0.8168 |    0.7168 |   1.42e-04 |     
   43 |     0.1460 |     0.8226 |    0.7231 |     0.1575 |     0.8148 |    0.7142 |   1.36e-04 |     
   44 |     0.1454 |     0.8243 |    0.7250 |     0.1487 |     0.8215 |    0.7231 |   1.30e-04 |     
   45 |     0.1453 |     0.8241 |    0.7249 |     0.1575 |     0.8131 |    0.7132 |   1.24e-04 |     
   46 |     0.1421 |     0.8281 |    0.7296 |     0.1538 |     0.8164 |    0.7176 |   1.18e-04 |     
   47 |     0.1414 |     0.8288 |    0.7311 |     0.1522 |     0.8132 |    0.7120 |   1.12e-04 |     
   48 |     0.1422 |     0.8276 |    0.7296 |     0.1520 |     0.8204 |    0.7208 |   1.07e-04 |     
   49 |     0.1402 |     0.8301 |    0.7329 |     0.1537 |     0.8191 |    0.7205 |   1.01e-04 |     
   50 |     0.1385 |     0.8330 |    0.7361 |     0.1526 |     0.8181 |    0.7188 |   9.54e-05 |     
   51 |     0.1375 |     0.8339 |    0.7374 |     0.1565 |     0.8201 |    0.7222 |   8.99e-05 |     
   52 |     0.1359 |     0.8353 |    0.7390 |     0.1593 |     0.8098 |    0.7102 |   8.45e-05 |     
   53 |     0.1337 |     0.8385 |    0.7431 |     0.1486 |     0.8225 |    0.7252 |   7.92e-05 |     
   54 |     0.1336 |     0.8387 |    0.7433 |     0.1496 |     0.8192 |    0.7209 |   7.40e-05 |     
   55 |     0.1325 |     0.8400 |    0.7450 |     0.1551 |     0.8162 |    0.7170 |   6.90e-05 |     
   56 |     0.1316 |     0.8405 |    0.7457 |     0.1513 |     0.8199 |    0.7207 |   6.41e-05 |     
   57 |     0.1306 |     0.8427 |    0.7486 |     0.1505 |     0.8224 |    0.7243 |   5.93e-05 |     
   58 |     0.1281 |     0.8451 |    0.7513 |     0.1538 |     0.8206 |    0.7233 |   5.47e-05 |     
   59 |     0.1267 |     0.8473 |    0.7541 |     0.1515 |     0.8226 |    0.7248 |   5.02e-05 |     
   60 |     0.1254 |     0.8489 |    0.7562 |     0.1534 |     0.8220 |    0.7240 |   4.58e-05 |     
   61 |     0.1252 |     0.8492 |    0.7571 |     0.1538 |     0.8215 |    0.7238 |   4.17e-05 |     
   62 |     0.1230 |     0.8517 |    0.7599 |     0.1484 |     0.8226 |    0.7250 |   3.77e-05 |     
   63 |     0.1224 |     0.8527 |    0.7611 |     0.1505 |     0.8233 |    0.7266 |   3.39e-05 |     
   64 |     0.1215 |     0.8541 |    0.7632 |     0.1469 |     0.8246 |    0.7275 |   3.03e-05 |     
   65 |     0.1205 |     0.8554 |    0.7649 |     0.1489 |     0.8254 |    0.7285 |   2.68e-05 |     
   66 |     0.1184 |     0.8578 |    0.7677 |     0.1498 |     0.8234 |    0.7258 |   2.36e-05 |     
   67 |     0.1184 |     0.8580 |    0.7683 |     0.1511 |     0.8250 |    0.7281 |   2.05e-05 |     
   68 |     0.1166 |     0.8603 |    0.7710 |     0.1554 |     0.8226 |    0.7247 |   1.77e-05 |     
   69 |     0.1159 |     0.8608 |    0.7718 |     0.1481 |     0.8270 |    0.7308 |   1.51e-05 |    *
   70 |     0.1150 |     0.8621 |    0.7737 |     0.1560 |     0.8243 |    0.7271 |   1.27e-05 |     
   71 |     0.1144 |     0.8631 |    0.7750 |     0.1519 |     0.8236 |    0.7258 |   1.05e-05 |     
   72 |     0.1143 |     0.8632 |    0.7752 |     0.1500 |     0.8254 |    0.7283 |   8.50e-06 |     
   73 |     0.1138 |     0.8640 |    0.7760 |     0.1521 |     0.8250 |    0.7275 |   6.76e-06 |     
   74 |     0.1119 |     0.8662 |    0.7790 |     0.1518 |     0.8261 |    0.7292 |   5.24e-06 |     
   75 |     0.1132 |     0.8646 |    0.7771 |     0.1540 |     0.8259 |    0.7292 |   3.95e-06 |     
   76 |     0.1117 |     0.8671 |    0.7802 |     0.1516 |     0.8254 |    0.7282 |   2.89e-06 |     
--- R2 plus final-map regional overlap: global validation statistics ---
up4: ca=0.9025+/-0.0904, sa=1.0095+/-0.0064, amp=0.0000, suppress=0.0000, guide_abs=0.1783
up4 residuals: local_mean=7.004e-02, global_mean=0.0132, local_strength=0.1155, global_strength=0.1155, gain=[0.9893,1.0447], saturation=0.0612, text_film=0.0229
up4 haar: reconstruction_error=9.537e-07, skip_low/high=0.7927/0.2073, plam_low/high=1.0000/0.0000
up4 strengths: plam=0.9171, region=0.1155, detail=0.1155; residual_std region/detail/refine=0.2961/0.4144/0.3269
up4 guide_mix: entropy=0.9808, raw_low=0.3238, plam_low=0.2174, decoder_low=0.2832, detail=0.1756; agreement plam/decoder=0.3549/0.5939, support=0.8036+/-0.0864
up4 adaptive_frequency: ALPF strength=0.2537, weights=0.1429/0.7214/0.1357, sum=1.0000, entropy=0.7131, delta_std=0.0866; AHPF strength=0.0741, weights=0.3184/0.5195/0.1621, sum=1.0000, entropy=0.9035, residual_std=0.1095, scaled_std=0.0081
up3: ca=1.0142+/-0.1399, sa=1.0111+/-0.0052, amp=0.0000, suppress=0.0000, guide_abs=0.3332
up3 residuals: local_mean=3.496e-02, global_mean=0.0585, local_strength=0.1143, global_strength=0.1211, gain=[0.9879,1.0414], saturation=0.0000, text_film=0.0255
up3 haar: reconstruction_error=9.537e-07, skip_low/high=0.7667/0.2333, plam_low/high=1.0000/0.0000
up3 strengths: plam=0.9121, region=0.1143, detail=0.1211; residual_std region/detail/refine=0.2965/0.6111/0.5315
up3 guide_mix: entropy=0.9832, raw_low=0.3232, plam_low=0.2306, decoder_low=0.2695, detail=0.1768; agreement plam/decoder=0.5466/0.1554, support=0.7517+/-0.0599
up3 adaptive_frequency: ALPF strength=0.3073, weights=0.0779/0.2818/0.6404, sum=1.0000, entropy=0.6541, delta_std=0.0791; AHPF strength=0.1107, weights=0.7106/0.1574/0.1320, sum=1.0000, entropy=0.6417, residual_std=0.0768, scaled_std=0.0085
up2: ca=0.9405+/-0.0702, sa=1.0055+/-0.0029, amp=0.0000, suppress=0.0000, guide_abs=0.2212
up2 residuals: local_mean=2.120e-03, global_mean=0.0456, local_strength=0.1198, global_strength=0.1161, gain=[0.9744,1.0355], saturation=0.0000, text_film=0.0336
up2 haar: reconstruction_error=9.537e-07, skip_low/high=0.7488/0.2512, plam_low/high=1.0000/0.0000
up2 strengths: plam=0.8496, region=0.1198, detail=0.1161; residual_std region/detail/refine=0.2149/0.2877/0.1469
up2 guide_mix: entropy=0.9634, raw_low=0.3005, plam_low=0.1830, decoder_low=0.3533, detail=0.1632; agreement plam/decoder=0.7759/0.0831, support=0.5845+/-0.0358
up1: ca=0.8770+/-0.0962, sa=1.0038+/-0.0134, amp=0.0000, suppress=0.0000, guide_abs=0.2016
up1 residuals: local_mean=-6.457e-03, global_mean=0.0469, local_strength=0.1267, global_strength=0.1002, gain=[0.9022,1.0981], saturation=0.0398, text_film=0.0468
up1 haar: reconstruction_error=2.787e-06, skip_low/high=0.7205/0.2795, plam_low/high=1.0000/0.0000
up1 strengths: plam=0.9229, region=0.1267, detail=0.1002; residual_std region/detail/refine=0.5763/0.4024/0.1876
up1 guide_mix: entropy=0.9498, raw_low=0.2624, plam_low=0.2758, decoder_low=0.3517, detail=0.1101; agreement plam/decoder=0.6583/-0.1017, support=0.7126+/-0.0968

========= Epoch [77/80] =========
RS1_Test_session_09.11_04h18
Training with batch size : 16
   [Train] Epoch: [77][20/357]  Loss:0.087 (Avg 0.1110) IoU:0.821 (Avg 0.7796) Dice:0.8941 (Avg 0.8672) LR 2.06e-06   (AvgTime 0.6)   
   [Train] Epoch: [77][40/357]  Loss:0.100 (Avg 0.1136) IoU:0.808 (Avg 0.7753) Dice:0.8877 (Avg 0.8639) LR 2.06e-06   (AvgTime 0.6)   
   [Train] Epoch: [77][60/357]  Loss:0.102 (Avg 0.1134) IoU:0.783 (Avg 0.7750) Dice:0.8741 (Avg 0.8639) LR 2.06e-06   (AvgTime 0.6)   
   [Train] Epoch: [77][80/357]  Loss:0.097 (Avg 0.1120) IoU:0.799 (Avg 0.7778) Dice:0.8800 (Avg 0.8661) LR 2.06e-06   (AvgTime 0.6)   
   [Train] Epoch: [77][100/357]  Loss:0.097 (Avg 0.1119) IoU:0.800 (Avg 0.7779) Dice:0.8855 (Avg 0.8662) LR 2.06e-06   (AvgTime 0.6)   
   [Train] Epoch: [77][120/357]  Loss:0.077 (Avg 0.1117) IoU:0.850 (Avg 0.7787) Dice:0.9149 (Avg 0.8662) LR 2.06e-06   (AvgTime 0.6)   
   [Train] Epoch: [77][140/357]  Loss:0.102 (Avg 0.1128) IoU:0.814 (Avg 0.7773) Dice:0.8928 (Avg 0.8651) LR 2.06e-06   (AvgTime 0.6)   
   [Train] Epoch: [77][160/357]  Loss:0.096 (Avg 0.1115) IoU:0.800 (Avg 0.7799) Dice:0.8849 (Avg 0.8669) LR 2.06e-06   (AvgTime 0.6)   
   [Train] Epoch: [77][180/357]  Loss:0.115 (Avg 0.1109) IoU:0.771 (Avg 0.7811) Dice:0.8650 (Avg 0.8677) LR 2.06e-06   (AvgTime 0.6)   
   [Train] Epoch: [77][200/357]  Loss:0.091 (Avg 0.1110) IoU:0.811 (Avg 0.7807) Dice:0.8885 (Avg 0.8674) LR 2.06e-06   (AvgTime 0.6)   
   [Train] Epoch: [77][220/357]  Loss:0.075 (Avg 0.1115) IoU:0.851 (Avg 0.7798) Dice:0.9163 (Avg 0.8667) LR 2.06e-06   (AvgTime 0.6)   
   [Train] Epoch: [77][240/357]  Loss:0.121 (Avg 0.1116) IoU:0.749 (Avg 0.7794) Dice:0.8426 (Avg 0.8664) LR 2.06e-06   (AvgTime 0.6)   
   [Train] Epoch: [77][260/357]  Loss:0.127 (Avg 0.1118) IoU:0.750 (Avg 0.7792) Dice:0.8389 (Avg 0.8663) LR 2.06e-06   (AvgTime 0.6)   
   [Train] Epoch: [77][280/357]  Loss:0.101 (Avg 0.1120) IoU:0.786 (Avg 0.7789) Dice:0.8721 (Avg 0.8660) LR 2.06e-06   (AvgTime 0.6)   
   [Train] Epoch: [77][300/357]  Loss:0.146 (Avg 0.1122) IoU:0.724 (Avg 0.7785) Dice:0.8334 (Avg 0.8658) LR 2.06e-06   (AvgTime 0.6)   
   [Train] Epoch: [77][320/357]  Loss:0.080 (Avg 0.1122) IoU:0.835 (Avg 0.7786) Dice:0.9076 (Avg 0.8659) LR 2.06e-06   (AvgTime 0.6)   
   [Train] Epoch: [77][340/357]  Loss:0.125 (Avg 0.1119) IoU:0.751 (Avg 0.7793) Dice:0.8450 (Avg 0.8665) LR 2.06e-06   (AvgTime 0.6)   
   [Train] Epoch: [77][357/357]  Loss:0.106 (Avg 0.1119) IoU:0.787 (Avg 0.7792) Dice:0.8743 (Avg 0.8664) LR 2.06e-06   (AvgTime 0.6)   
   [Train] Loss components: main_dice=0.109444, main_focal=0.038684, main=0.074064, region_raw=0.294652, region_weighted=0.037807, empty_window_fraction=0.000000, total=0.111871
Validation
   [Val] Epoch: [77][20/90]  Loss:0.182 (Avg 0.1587) IoU:0.680 (Avg 0.7293) Dice:0.7979 (Avg 0.8297) (AvgTime 0.3)   
   [Val] Epoch: [77][40/90]  Loss:0.120 (Avg 0.1626) IoU:0.753 (Avg 0.7194) Dice:0.8488 (Avg 0.8196) (AvgTime 0.2)   
   [Val] Epoch: [77][60/90]  Loss:0.206 (Avg 0.1531) IoU:0.653 (Avg 0.7299) Dice:0.7585 (Avg 0.8264) (AvgTime 0.2)   
   [Val] Epoch: [77][80/90]  Loss:0.140 (Avg 0.1521) IoU:0.728 (Avg 0.7293) Dice:0.8247 (Avg 0.8261) (AvgTime 0.2)   
   [Val] Epoch: [77][90/90]  Loss:0.212 (Avg 0.1528) IoU:0.609 (Avg 0.7287) Dice:0.7406 (Avg 0.8257) (AvgTime 0.2)   
   [Val] Loss components: main_dice=0.145626, main_focal=0.075941, main=0.110784, region_raw=0.327747, region_weighted=0.042054, empty_window_fraction=0.000000, total=0.152837
	 No iou improvement; selected epoch 69
	 early_stopping_count: 8/80
--- Epoch History (1..77) ---
Epoch |  TrainLoss |  TrainDice |  TrainIoU |    ValLoss |    ValDice |    ValIoU |         LR | Best
    1 |     0.3274 |     0.6089 |    0.4797 |     0.3091 |     0.6203 |    0.4911 |   3.00e-04 |     
    2 |     0.2493 |     0.7003 |    0.5773 |     0.2277 |     0.7202 |    0.6053 |   3.00e-04 |     
    3 |     0.2258 |     0.7259 |    0.6062 |     0.2068 |     0.7560 |    0.6429 |   3.00e-04 |     
    4 |     0.2153 |     0.7383 |    0.6212 |     0.2013 |     0.7654 |    0.6509 |   2.99e-04 |     
    5 |     0.2041 |     0.7514 |    0.6359 |     0.1929 |     0.7592 |    0.6456 |   2.98e-04 |     
    6 |     0.2002 |     0.7575 |    0.6433 |     0.1994 |     0.7556 |    0.6374 |   2.97e-04 |     
    7 |     0.1959 |     0.7613 |    0.6476 |     0.1953 |     0.7677 |    0.6559 |   2.96e-04 |     
    8 |     0.1917 |     0.7652 |    0.6526 |     0.1819 |     0.7753 |    0.6638 |   2.94e-04 |     
    9 |     0.1890 |     0.7689 |    0.6569 |     0.1877 |     0.7648 |    0.6526 |   2.92e-04 |     
   10 |     0.1909 |     0.7674 |    0.6547 |     0.1967 |     0.7614 |    0.6474 |   2.91e-04 |     
   11 |     0.1850 |     0.7752 |    0.6643 |     0.1777 |     0.7851 |    0.6761 |   2.88e-04 |     
   12 |     0.1847 |     0.7750 |    0.6644 |     0.1820 |     0.7863 |    0.6777 |   2.86e-04 |     
   13 |     0.1819 |     0.7786 |    0.6681 |     0.1785 |     0.7822 |    0.6720 |   2.83e-04 |     
   14 |     0.1792 |     0.7815 |    0.6721 |     0.1710 |     0.7906 |    0.6822 |   2.80e-04 |     
   15 |     0.1799 |     0.7798 |    0.6700 |     0.1677 |     0.7939 |    0.6878 |   2.77e-04 |     
   16 |     0.1784 |     0.7828 |    0.6735 |     0.1778 |     0.7969 |    0.6907 |   2.74e-04 |     
   17 |     0.1800 |     0.7809 |    0.6717 |     0.1871 |     0.7775 |    0.6682 |   2.71e-04 |     
   18 |     0.1765 |     0.7859 |    0.6774 |     0.1763 |     0.7844 |    0.6744 |   2.67e-04 |     
   19 |     0.1725 |     0.7898 |    0.6825 |     0.1650 |     0.7980 |    0.6943 |   2.63e-04 |     
   20 |     0.1717 |     0.7911 |    0.6844 |     0.1718 |     0.7842 |    0.6753 |   2.59e-04 |     
   21 |     0.1702 |     0.7920 |    0.6849 |     0.1709 |     0.7905 |    0.6816 |   2.55e-04 |     
   22 |     0.1715 |     0.7907 |    0.6835 |     0.1778 |     0.7882 |    0.6809 |   2.51e-04 |     
   23 |     0.1702 |     0.7927 |    0.6865 |     0.1680 |     0.7894 |    0.6837 |   2.46e-04 |     
   24 |     0.1674 |     0.7964 |    0.6902 |     0.1675 |     0.8056 |    0.7029 |   2.42e-04 |     
   25 |     0.1664 |     0.7976 |    0.6919 |     0.1719 |     0.7939 |    0.6891 |   2.37e-04 |     
   26 |     0.1663 |     0.7975 |    0.6916 |     0.1635 |     0.7985 |    0.6924 |   2.32e-04 |     
   27 |     0.1632 |     0.8013 |    0.6966 |     0.1589 |     0.8088 |    0.7069 |   2.27e-04 |     
   28 |     0.1623 |     0.8031 |    0.6989 |     0.1645 |     0.8009 |    0.6963 |   2.22e-04 |     
   29 |     0.1611 |     0.8041 |    0.7006 |     0.1656 |     0.8001 |    0.6931 |   2.17e-04 |     
   30 |     0.1618 |     0.8040 |    0.6998 |     0.1588 |     0.8091 |    0.7079 |   2.11e-04 |     
   31 |     0.1594 |     0.8063 |    0.7029 |     0.1735 |     0.8039 |    0.6998 |   2.06e-04 |     
   32 |     0.1576 |     0.8091 |    0.7058 |     0.1622 |     0.8091 |    0.7070 |   2.00e-04 |     
   33 |     0.1577 |     0.8087 |    0.7056 |     0.1609 |     0.8024 |    0.6973 |   1.94e-04 |     
   34 |     0.1562 |     0.8101 |    0.7068 |     0.1622 |     0.8074 |    0.7042 |   1.89e-04 |     
   35 |     0.1543 |     0.8127 |    0.7105 |     0.1590 |     0.8114 |    0.7084 |   1.83e-04 |     
   36 |     0.1530 |     0.8139 |    0.7122 |     0.1560 |     0.8113 |    0.7104 |   1.77e-04 |     
   37 |     0.1544 |     0.8121 |    0.7103 |     0.1576 |     0.8048 |    0.7006 |   1.71e-04 |     
   38 |     0.1519 |     0.8155 |    0.7140 |     0.1594 |     0.8036 |    0.7011 |   1.65e-04 |     
   39 |     0.1511 |     0.8165 |    0.7156 |     0.1547 |     0.8127 |    0.7130 |   1.59e-04 |     
   40 |     0.1492 |     0.8187 |    0.7181 |     0.1550 |     0.8122 |    0.7119 |   1.53e-04 |     
   41 |     0.1486 |     0.8205 |    0.7201 |     0.1542 |     0.8149 |    0.7152 |   1.48e-04 |     
   42 |     0.1468 |     0.8219 |    0.7222 |     0.1529 |     0.8168 |    0.7168 |   1.42e-04 |     
   43 |     0.1460 |     0.8226 |    0.7231 |     0.1575 |     0.8148 |    0.7142 |   1.36e-04 |     
   44 |     0.1454 |     0.8243 |    0.7250 |     0.1487 |     0.8215 |    0.7231 |   1.30e-04 |     
   45 |     0.1453 |     0.8241 |    0.7249 |     0.1575 |     0.8131 |    0.7132 |   1.24e-04 |     
   46 |     0.1421 |     0.8281 |    0.7296 |     0.1538 |     0.8164 |    0.7176 |   1.18e-04 |     
   47 |     0.1414 |     0.8288 |    0.7311 |     0.1522 |     0.8132 |    0.7120 |   1.12e-04 |     
   48 |     0.1422 |     0.8276 |    0.7296 |     0.1520 |     0.8204 |    0.7208 |   1.07e-04 |     
   49 |     0.1402 |     0.8301 |    0.7329 |     0.1537 |     0.8191 |    0.7205 |   1.01e-04 |     
   50 |     0.1385 |     0.8330 |    0.7361 |     0.1526 |     0.8181 |    0.7188 |   9.54e-05 |     
   51 |     0.1375 |     0.8339 |    0.7374 |     0.1565 |     0.8201 |    0.7222 |   8.99e-05 |     
   52 |     0.1359 |     0.8353 |    0.7390 |     0.1593 |     0.8098 |    0.7102 |   8.45e-05 |     
   53 |     0.1337 |     0.8385 |    0.7431 |     0.1486 |     0.8225 |    0.7252 |   7.92e-05 |     
   54 |     0.1336 |     0.8387 |    0.7433 |     0.1496 |     0.8192 |    0.7209 |   7.40e-05 |     
   55 |     0.1325 |     0.8400 |    0.7450 |     0.1551 |     0.8162 |    0.7170 |   6.90e-05 |     
   56 |     0.1316 |     0.8405 |    0.7457 |     0.1513 |     0.8199 |    0.7207 |   6.41e-05 |     
   57 |     0.1306 |     0.8427 |    0.7486 |     0.1505 |     0.8224 |    0.7243 |   5.93e-05 |     
   58 |     0.1281 |     0.8451 |    0.7513 |     0.1538 |     0.8206 |    0.7233 |   5.47e-05 |     
   59 |     0.1267 |     0.8473 |    0.7541 |     0.1515 |     0.8226 |    0.7248 |   5.02e-05 |     
   60 |     0.1254 |     0.8489 |    0.7562 |     0.1534 |     0.8220 |    0.7240 |   4.58e-05 |     
   61 |     0.1252 |     0.8492 |    0.7571 |     0.1538 |     0.8215 |    0.7238 |   4.17e-05 |     
   62 |     0.1230 |     0.8517 |    0.7599 |     0.1484 |     0.8226 |    0.7250 |   3.77e-05 |     
   63 |     0.1224 |     0.8527 |    0.7611 |     0.1505 |     0.8233 |    0.7266 |   3.39e-05 |     
   64 |     0.1215 |     0.8541 |    0.7632 |     0.1469 |     0.8246 |    0.7275 |   3.03e-05 |     
   65 |     0.1205 |     0.8554 |    0.7649 |     0.1489 |     0.8254 |    0.7285 |   2.68e-05 |     
   66 |     0.1184 |     0.8578 |    0.7677 |     0.1498 |     0.8234 |    0.7258 |   2.36e-05 |     
   67 |     0.1184 |     0.8580 |    0.7683 |     0.1511 |     0.8250 |    0.7281 |   2.05e-05 |     
   68 |     0.1166 |     0.8603 |    0.7710 |     0.1554 |     0.8226 |    0.7247 |   1.77e-05 |     
   69 |     0.1159 |     0.8608 |    0.7718 |     0.1481 |     0.8270 |    0.7308 |   1.51e-05 |    *
   70 |     0.1150 |     0.8621 |    0.7737 |     0.1560 |     0.8243 |    0.7271 |   1.27e-05 |     
   71 |     0.1144 |     0.8631 |    0.7750 |     0.1519 |     0.8236 |    0.7258 |   1.05e-05 |     
   72 |     0.1143 |     0.8632 |    0.7752 |     0.1500 |     0.8254 |    0.7283 |   8.50e-06 |     
   73 |     0.1138 |     0.8640 |    0.7760 |     0.1521 |     0.8250 |    0.7275 |   6.76e-06 |     
   74 |     0.1119 |     0.8662 |    0.7790 |     0.1518 |     0.8261 |    0.7292 |   5.24e-06 |     
   75 |     0.1132 |     0.8646 |    0.7771 |     0.1540 |     0.8259 |    0.7292 |   3.95e-06 |     
   76 |     0.1117 |     0.8671 |    0.7802 |     0.1516 |     0.8254 |    0.7282 |   2.89e-06 |     
   77 |     0.1119 |     0.8664 |    0.7792 |     0.1528 |     0.8257 |    0.7287 |   2.06e-06 |     
--- R2 plus final-map regional overlap: global validation statistics ---
up4: ca=0.9030+/-0.0904, sa=1.0095+/-0.0065, amp=0.0000, suppress=0.0000, guide_abs=0.1782
up4 residuals: local_mean=6.988e-02, global_mean=0.0131, local_strength=0.1155, global_strength=0.1155, gain=[0.9890,1.0447], saturation=0.0571, text_film=0.0229
up4 haar: reconstruction_error=5.153e-07, skip_low/high=0.7912/0.2088, plam_low/high=1.0000/0.0000
up4 strengths: plam=0.9171, region=0.1155, detail=0.1155; residual_std region/detail/refine=0.2939/0.4204/0.3300
up4 guide_mix: entropy=0.9789, raw_low=0.3269, plam_low=0.2059, decoder_low=0.2889, detail=0.1783; agreement plam/decoder=0.3629/0.5938, support=0.8021+/-0.0863
up4 adaptive_frequency: ALPF strength=0.2537, weights=0.1424/0.7217/0.1358, sum=1.0000, entropy=0.7126, delta_std=0.0890; AHPF strength=0.0741, weights=0.3173/0.5203/0.1624, sum=1.0000, entropy=0.9033, residual_std=0.1125, scaled_std=0.0083
up3: ca=1.0146+/-0.1399, sa=1.0111+/-0.0052, amp=0.0000, suppress=0.0000, guide_abs=0.3337
up3 residuals: local_mean=3.488e-02, global_mean=0.0585, local_strength=0.1143, global_strength=0.1211, gain=[0.9887,1.0405], saturation=0.0000, text_film=0.0253
up3 haar: reconstruction_error=9.537e-07, skip_low/high=0.7675/0.2325, plam_low/high=1.0000/0.0000
up3 strengths: plam=0.9121, region=0.1143, detail=0.1211; residual_std region/detail/refine=0.2956/0.6108/0.5313
up3 guide_mix: entropy=0.9826, raw_low=0.3244, plam_low=0.2260, decoder_low=0.2724, detail=0.1772; agreement plam/decoder=0.5504/0.1665, support=0.7516+/-0.0596
up3 adaptive_frequency: ALPF strength=0.3073, weights=0.0772/0.2785/0.6443, sum=1.0000, entropy=0.6517, delta_std=0.0796; AHPF strength=0.1107, weights=0.7139/0.1562/0.1299, sum=1.0000, entropy=0.6384, residual_std=0.0758, scaled_std=0.0084
up2: ca=0.9404+/-0.0701, sa=1.0055+/-0.0029, amp=0.0000, suppress=0.0000, guide_abs=0.2230
up2 residuals: local_mean=2.118e-03, global_mean=0.0456, local_strength=0.1198, global_strength=0.1161, gain=[0.9749,1.0351], saturation=0.0000, text_film=0.0334
up2 haar: reconstruction_error=9.537e-07, skip_low/high=0.7506/0.2494, plam_low/high=1.0000/0.0000
up2 strengths: plam=0.8496, region=0.1198, detail=0.1161; residual_std region/detail/refine=0.2141/0.2838/0.1468
up2 guide_mix: entropy=0.9630, raw_low=0.3013, plam_low=0.1829, decoder_low=0.3533, detail=0.1626; agreement plam/decoder=0.7718/0.1000, support=0.5848+/-0.0357
up1: ca=0.8773+/-0.0961, sa=1.0038+/-0.0134, amp=0.0000, suppress=0.0000, guide_abs=0.2016
up1 residuals: local_mean=-6.370e-03, global_mean=0.0469, local_strength=0.1267, global_strength=0.1002, gain=[0.9023,1.0981], saturation=0.0402, text_film=0.0472
up1 haar: reconstruction_error=2.429e-06, skip_low/high=0.7212/0.2788, plam_low/high=1.0000/0.0000
up1 strengths: plam=0.9229, region=0.1267, detail=0.1002; residual_std region/detail/refine=0.5763/0.4020/0.1876
up1 guide_mix: entropy=0.9511, raw_low=0.2650, plam_low=0.2767, decoder_low=0.3475, detail=0.1108; agreement plam/decoder=0.6517/-0.1053, support=0.7114+/-0.0973

========= Epoch [78/80] =========
RS1_Test_session_09.11_04h18
Training with batch size : 16
   [Train] Epoch: [78][20/357]  Loss:0.113 (Avg 0.1173) IoU:0.765 (Avg 0.7648) Dice:0.8591 (Avg 0.8559) LR 1.47e-06   (AvgTime 0.6)   
   [Train] Epoch: [78][40/357]  Loss:0.151 (Avg 0.1147) IoU:0.762 (Avg 0.7735) Dice:0.8579 (Avg 0.8616) LR 1.47e-06   (AvgTime 0.6)   
   [Train] Epoch: [78][60/357]  Loss:0.075 (Avg 0.1138) IoU:0.848 (Avg 0.7750) Dice:0.9147 (Avg 0.8624) LR 1.47e-06   (AvgTime 0.6)   
   [Train] Epoch: [78][80/357]  Loss:0.137 (Avg 0.1139) IoU:0.737 (Avg 0.7758) Dice:0.8396 (Avg 0.8632) LR 1.47e-06   (AvgTime 0.6)   
   [Train] Epoch: [78][100/357]  Loss:0.129 (Avg 0.1144) IoU:0.737 (Avg 0.7744) Dice:0.8332 (Avg 0.8622) LR 1.47e-06   (AvgTime 0.6)   
   [Train] Epoch: [78][120/357]  Loss:0.109 (Avg 0.1139) IoU:0.779 (Avg 0.7755) Dice:0.8701 (Avg 0.8632) LR 1.47e-06   (AvgTime 0.6)   
   [Train] Epoch: [78][140/357]  Loss:0.131 (Avg 0.1123) IoU:0.739 (Avg 0.7779) Dice:0.8451 (Avg 0.8651) LR 1.47e-06   (AvgTime 0.6)   
   [Train] Epoch: [78][160/357]  Loss:0.088 (Avg 0.1127) IoU:0.810 (Avg 0.7773) Dice:0.8872 (Avg 0.8646) LR 1.47e-06   (AvgTime 0.6)   
   [Train] Epoch: [78][180/357]  Loss:0.139 (Avg 0.1128) IoU:0.732 (Avg 0.7771) Dice:0.8316 (Avg 0.8645) LR 1.47e-06   (AvgTime 0.6)   
   [Train] Epoch: [78][200/357]  Loss:0.088 (Avg 0.1125) IoU:0.828 (Avg 0.7780) Dice:0.9030 (Avg 0.8650) LR 1.47e-06   (AvgTime 0.6)   
   [Train] Epoch: [78][220/357]  Loss:0.103 (Avg 0.1125) IoU:0.789 (Avg 0.7778) Dice:0.8769 (Avg 0.8650) LR 1.47e-06   (AvgTime 0.6)   
   [Train] Epoch: [78][240/357]  Loss:0.111 (Avg 0.1119) IoU:0.781 (Avg 0.7787) Dice:0.8729 (Avg 0.8657) LR 1.47e-06   (AvgTime 0.6)   
   [Train] Epoch: [78][260/357]  Loss:0.101 (Avg 0.1115) IoU:0.820 (Avg 0.7796) Dice:0.8989 (Avg 0.8663) LR 1.47e-06   (AvgTime 0.6)   
   [Train] Epoch: [78][280/357]  Loss:0.096 (Avg 0.1114) IoU:0.821 (Avg 0.7796) Dice:0.8985 (Avg 0.8663) LR 1.47e-06   (AvgTime 0.6)   
   [Train] Epoch: [78][300/357]  Loss:0.121 (Avg 0.1116) IoU:0.771 (Avg 0.7789) Dice:0.8653 (Avg 0.8658) LR 1.47e-06   (AvgTime 0.6)   
   [Train] Epoch: [78][320/357]  Loss:0.096 (Avg 0.1118) IoU:0.812 (Avg 0.7787) Dice:0.8924 (Avg 0.8657) LR 1.47e-06   (AvgTime 0.6)   
   [Train] Epoch: [78][340/357]  Loss:0.101 (Avg 0.1115) IoU:0.793 (Avg 0.7791) Dice:0.8786 (Avg 0.8661) LR 1.47e-06   (AvgTime 0.6)   
   [Train] Epoch: [78][357/357]  Loss:0.093 (Avg 0.1112) IoU:0.815 (Avg 0.7795) Dice:0.8919 (Avg 0.8664) LR 1.47e-06   (AvgTime 0.6)   
   [Train] Loss components: main_dice=0.109153, main_focal=0.038014, main=0.073583, region_raw=0.293484, region_weighted=0.037657, empty_window_fraction=0.000000, total=0.111241
Validation
   [Val] Epoch: [78][20/90]  Loss:0.184 (Avg 0.1594) IoU:0.673 (Avg 0.7290) Dice:0.7929 (Avg 0.8295) (AvgTime 0.3)   
   [Val] Epoch: [78][40/90]  Loss:0.120 (Avg 0.1630) IoU:0.752 (Avg 0.7197) Dice:0.8483 (Avg 0.8198) (AvgTime 0.3)   
   [Val] Epoch: [78][60/90]  Loss:0.210 (Avg 0.1535) IoU:0.651 (Avg 0.7304) Dice:0.7569 (Avg 0.8268) (AvgTime 0.2)   
   [Val] Epoch: [78][80/90]  Loss:0.138 (Avg 0.1526) IoU:0.732 (Avg 0.7298) Dice:0.8289 (Avg 0.8265) (AvgTime 0.2)   
   [Val] Epoch: [78][90/90]  Loss:0.216 (Avg 0.1534) IoU:0.605 (Avg 0.7292) Dice:0.7379 (Avg 0.8260) (AvgTime 0.2)   
   [Val] Loss components: main_dice=0.145252, main_focal=0.077490, main=0.111371, region_raw=0.327842, region_weighted=0.042066, empty_window_fraction=0.000000, total=0.153437
	 No iou improvement; selected epoch 69
	 early_stopping_count: 9/80
--- Epoch History (1..78) ---
Epoch |  TrainLoss |  TrainDice |  TrainIoU |    ValLoss |    ValDice |    ValIoU |         LR | Best
    1 |     0.3274 |     0.6089 |    0.4797 |     0.3091 |     0.6203 |    0.4911 |   3.00e-04 |     
    2 |     0.2493 |     0.7003 |    0.5773 |     0.2277 |     0.7202 |    0.6053 |   3.00e-04 |     
    3 |     0.2258 |     0.7259 |    0.6062 |     0.2068 |     0.7560 |    0.6429 |   3.00e-04 |     
    4 |     0.2153 |     0.7383 |    0.6212 |     0.2013 |     0.7654 |    0.6509 |   2.99e-04 |     
    5 |     0.2041 |     0.7514 |    0.6359 |     0.1929 |     0.7592 |    0.6456 |   2.98e-04 |     
    6 |     0.2002 |     0.7575 |    0.6433 |     0.1994 |     0.7556 |    0.6374 |   2.97e-04 |     
    7 |     0.1959 |     0.7613 |    0.6476 |     0.1953 |     0.7677 |    0.6559 |   2.96e-04 |     
    8 |     0.1917 |     0.7652 |    0.6526 |     0.1819 |     0.7753 |    0.6638 |   2.94e-04 |     
    9 |     0.1890 |     0.7689 |    0.6569 |     0.1877 |     0.7648 |    0.6526 |   2.92e-04 |     
   10 |     0.1909 |     0.7674 |    0.6547 |     0.1967 |     0.7614 |    0.6474 |   2.91e-04 |     
   11 |     0.1850 |     0.7752 |    0.6643 |     0.1777 |     0.7851 |    0.6761 |   2.88e-04 |     
   12 |     0.1847 |     0.7750 |    0.6644 |     0.1820 |     0.7863 |    0.6777 |   2.86e-04 |     
   13 |     0.1819 |     0.7786 |    0.6681 |     0.1785 |     0.7822 |    0.6720 |   2.83e-04 |     
   14 |     0.1792 |     0.7815 |    0.6721 |     0.1710 |     0.7906 |    0.6822 |   2.80e-04 |     
   15 |     0.1799 |     0.7798 |    0.6700 |     0.1677 |     0.7939 |    0.6878 |   2.77e-04 |     
   16 |     0.1784 |     0.7828 |    0.6735 |     0.1778 |     0.7969 |    0.6907 |   2.74e-04 |     
   17 |     0.1800 |     0.7809 |    0.6717 |     0.1871 |     0.7775 |    0.6682 |   2.71e-04 |     
   18 |     0.1765 |     0.7859 |    0.6774 |     0.1763 |     0.7844 |    0.6744 |   2.67e-04 |     
   19 |     0.1725 |     0.7898 |    0.6825 |     0.1650 |     0.7980 |    0.6943 |   2.63e-04 |     
   20 |     0.1717 |     0.7911 |    0.6844 |     0.1718 |     0.7842 |    0.6753 |   2.59e-04 |     
   21 |     0.1702 |     0.7920 |    0.6849 |     0.1709 |     0.7905 |    0.6816 |   2.55e-04 |     
   22 |     0.1715 |     0.7907 |    0.6835 |     0.1778 |     0.7882 |    0.6809 |   2.51e-04 |     
   23 |     0.1702 |     0.7927 |    0.6865 |     0.1680 |     0.7894 |    0.6837 |   2.46e-04 |     
   24 |     0.1674 |     0.7964 |    0.6902 |     0.1675 |     0.8056 |    0.7029 |   2.42e-04 |     
   25 |     0.1664 |     0.7976 |    0.6919 |     0.1719 |     0.7939 |    0.6891 |   2.37e-04 |     
   26 |     0.1663 |     0.7975 |    0.6916 |     0.1635 |     0.7985 |    0.6924 |   2.32e-04 |     
   27 |     0.1632 |     0.8013 |    0.6966 |     0.1589 |     0.8088 |    0.7069 |   2.27e-04 |     
   28 |     0.1623 |     0.8031 |    0.6989 |     0.1645 |     0.8009 |    0.6963 |   2.22e-04 |     
   29 |     0.1611 |     0.8041 |    0.7006 |     0.1656 |     0.8001 |    0.6931 |   2.17e-04 |     
   30 |     0.1618 |     0.8040 |    0.6998 |     0.1588 |     0.8091 |    0.7079 |   2.11e-04 |     
   31 |     0.1594 |     0.8063 |    0.7029 |     0.1735 |     0.8039 |    0.6998 |   2.06e-04 |     
   32 |     0.1576 |     0.8091 |    0.7058 |     0.1622 |     0.8091 |    0.7070 |   2.00e-04 |     
   33 |     0.1577 |     0.8087 |    0.7056 |     0.1609 |     0.8024 |    0.6973 |   1.94e-04 |     
   34 |     0.1562 |     0.8101 |    0.7068 |     0.1622 |     0.8074 |    0.7042 |   1.89e-04 |     
   35 |     0.1543 |     0.8127 |    0.7105 |     0.1590 |     0.8114 |    0.7084 |   1.83e-04 |     
   36 |     0.1530 |     0.8139 |    0.7122 |     0.1560 |     0.8113 |    0.7104 |   1.77e-04 |     
   37 |     0.1544 |     0.8121 |    0.7103 |     0.1576 |     0.8048 |    0.7006 |   1.71e-04 |     
   38 |     0.1519 |     0.8155 |    0.7140 |     0.1594 |     0.8036 |    0.7011 |   1.65e-04 |     
   39 |     0.1511 |     0.8165 |    0.7156 |     0.1547 |     0.8127 |    0.7130 |   1.59e-04 |     
   40 |     0.1492 |     0.8187 |    0.7181 |     0.1550 |     0.8122 |    0.7119 |   1.53e-04 |     
   41 |     0.1486 |     0.8205 |    0.7201 |     0.1542 |     0.8149 |    0.7152 |   1.48e-04 |     
   42 |     0.1468 |     0.8219 |    0.7222 |     0.1529 |     0.8168 |    0.7168 |   1.42e-04 |     
   43 |     0.1460 |     0.8226 |    0.7231 |     0.1575 |     0.8148 |    0.7142 |   1.36e-04 |     
   44 |     0.1454 |     0.8243 |    0.7250 |     0.1487 |     0.8215 |    0.7231 |   1.30e-04 |     
   45 |     0.1453 |     0.8241 |    0.7249 |     0.1575 |     0.8131 |    0.7132 |   1.24e-04 |     
   46 |     0.1421 |     0.8281 |    0.7296 |     0.1538 |     0.8164 |    0.7176 |   1.18e-04 |     
   47 |     0.1414 |     0.8288 |    0.7311 |     0.1522 |     0.8132 |    0.7120 |   1.12e-04 |     
   48 |     0.1422 |     0.8276 |    0.7296 |     0.1520 |     0.8204 |    0.7208 |   1.07e-04 |     
   49 |     0.1402 |     0.8301 |    0.7329 |     0.1537 |     0.8191 |    0.7205 |   1.01e-04 |     
   50 |     0.1385 |     0.8330 |    0.7361 |     0.1526 |     0.8181 |    0.7188 |   9.54e-05 |     
   51 |     0.1375 |     0.8339 |    0.7374 |     0.1565 |     0.8201 |    0.7222 |   8.99e-05 |     
   52 |     0.1359 |     0.8353 |    0.7390 |     0.1593 |     0.8098 |    0.7102 |   8.45e-05 |     
   53 |     0.1337 |     0.8385 |    0.7431 |     0.1486 |     0.8225 |    0.7252 |   7.92e-05 |     
   54 |     0.1336 |     0.8387 |    0.7433 |     0.1496 |     0.8192 |    0.7209 |   7.40e-05 |     
   55 |     0.1325 |     0.8400 |    0.7450 |     0.1551 |     0.8162 |    0.7170 |   6.90e-05 |     
   56 |     0.1316 |     0.8405 |    0.7457 |     0.1513 |     0.8199 |    0.7207 |   6.41e-05 |     
   57 |     0.1306 |     0.8427 |    0.7486 |     0.1505 |     0.8224 |    0.7243 |   5.93e-05 |     
   58 |     0.1281 |     0.8451 |    0.7513 |     0.1538 |     0.8206 |    0.7233 |   5.47e-05 |     
   59 |     0.1267 |     0.8473 |    0.7541 |     0.1515 |     0.8226 |    0.7248 |   5.02e-05 |     
   60 |     0.1254 |     0.8489 |    0.7562 |     0.1534 |     0.8220 |    0.7240 |   4.58e-05 |     
   61 |     0.1252 |     0.8492 |    0.7571 |     0.1538 |     0.8215 |    0.7238 |   4.17e-05 |     
   62 |     0.1230 |     0.8517 |    0.7599 |     0.1484 |     0.8226 |    0.7250 |   3.77e-05 |     
   63 |     0.1224 |     0.8527 |    0.7611 |     0.1505 |     0.8233 |    0.7266 |   3.39e-05 |     
   64 |     0.1215 |     0.8541 |    0.7632 |     0.1469 |     0.8246 |    0.7275 |   3.03e-05 |     
   65 |     0.1205 |     0.8554 |    0.7649 |     0.1489 |     0.8254 |    0.7285 |   2.68e-05 |     
   66 |     0.1184 |     0.8578 |    0.7677 |     0.1498 |     0.8234 |    0.7258 |   2.36e-05 |     
   67 |     0.1184 |     0.8580 |    0.7683 |     0.1511 |     0.8250 |    0.7281 |   2.05e-05 |     
   68 |     0.1166 |     0.8603 |    0.7710 |     0.1554 |     0.8226 |    0.7247 |   1.77e-05 |     
   69 |     0.1159 |     0.8608 |    0.7718 |     0.1481 |     0.8270 |    0.7308 |   1.51e-05 |    *
   70 |     0.1150 |     0.8621 |    0.7737 |     0.1560 |     0.8243 |    0.7271 |   1.27e-05 |     
   71 |     0.1144 |     0.8631 |    0.7750 |     0.1519 |     0.8236 |    0.7258 |   1.05e-05 |     
   72 |     0.1143 |     0.8632 |    0.7752 |     0.1500 |     0.8254 |    0.7283 |   8.50e-06 |     
   73 |     0.1138 |     0.8640 |    0.7760 |     0.1521 |     0.8250 |    0.7275 |   6.76e-06 |     
   74 |     0.1119 |     0.8662 |    0.7790 |     0.1518 |     0.8261 |    0.7292 |   5.24e-06 |     
   75 |     0.1132 |     0.8646 |    0.7771 |     0.1540 |     0.8259 |    0.7292 |   3.95e-06 |     
   76 |     0.1117 |     0.8671 |    0.7802 |     0.1516 |     0.8254 |    0.7282 |   2.89e-06 |     
   77 |     0.1119 |     0.8664 |    0.7792 |     0.1528 |     0.8257 |    0.7287 |   2.06e-06 |     
   78 |     0.1112 |     0.8664 |    0.7795 |     0.1534 |     0.8260 |    0.7292 |   1.47e-06 |     
--- R2 plus final-map regional overlap: global validation statistics ---
up4: ca=0.9034+/-0.0903, sa=1.0095+/-0.0064, amp=0.0000, suppress=0.0000, guide_abs=0.1784
up4 residuals: local_mean=6.983e-02, global_mean=0.0131, local_strength=0.1155, global_strength=0.1155, gain=[0.9893,1.0447], saturation=0.0582, text_film=0.0228
up4 haar: reconstruction_error=9.537e-07, skip_low/high=0.7903/0.2097, plam_low/high=1.0000/0.0000
up4 strengths: plam=0.9172, region=0.1155, detail=0.1155; residual_std region/detail/refine=0.2932/0.4202/0.3291
up4 guide_mix: entropy=0.9786, raw_low=0.3260, plam_low=0.2042, decoder_low=0.2914, detail=0.1783; agreement plam/decoder=0.3638/0.5944, support=0.8017+/-0.0862
up4 adaptive_frequency: ALPF strength=0.2537, weights=0.1429/0.7214/0.1357, sum=1.0000, entropy=0.7131, delta_std=0.0895; AHPF strength=0.0741, weights=0.3174/0.5202/0.1624, sum=1.0000, entropy=0.9034, residual_std=0.1129, scaled_std=0.0084
up3: ca=1.0149+/-0.1397, sa=1.0110+/-0.0052, amp=0.0000, suppress=0.0000, guide_abs=0.3320
up3 residuals: local_mean=3.471e-02, global_mean=0.0583, local_strength=0.1143, global_strength=0.1211, gain=[0.9883,1.0408], saturation=0.0000, text_film=0.0261
up3 haar: reconstruction_error=9.537e-07, skip_low/high=0.7669/0.2331, plam_low/high=1.0000/0.0000
up3 strengths: plam=0.9121, region=0.1143, detail=0.1211; residual_std region/detail/refine=0.2947/0.6119/0.5310
up3 guide_mix: entropy=0.9830, raw_low=0.3239, plam_low=0.2275, decoder_low=0.2711, detail=0.1775; agreement plam/decoder=0.5553/0.1639, support=0.7501+/-0.0601
up3 adaptive_frequency: ALPF strength=0.3073, weights=0.0765/0.2762/0.6473, sum=1.0000, entropy=0.6503, delta_std=0.0797; AHPF strength=0.1107, weights=0.7165/0.1552/0.1283, sum=1.0000, entropy=0.6361, residual_std=0.0759, scaled_std=0.0084
up2: ca=0.9408+/-0.0698, sa=1.0055+/-0.0030, amp=0.0000, suppress=0.0000, guide_abs=0.2214
up2 residuals: local_mean=2.098e-03, global_mean=0.0456, local_strength=0.1198, global_strength=0.1161, gain=[0.9738,1.0362], saturation=0.0000, text_film=0.0333
up2 haar: reconstruction_error=9.537e-07, skip_low/high=0.7497/0.2503, plam_low/high=1.0000/0.0000
up2 strengths: plam=0.8496, region=0.1198, detail=0.1161; residual_std region/detail/refine=0.2142/0.2912/0.1470
up2 guide_mix: entropy=0.9642, raw_low=0.3034, plam_low=0.1821, decoder_low=0.3496, detail=0.1649; agreement plam/decoder=0.7764/0.0888, support=0.5843+/-0.0357
up1: ca=0.8775+/-0.0961, sa=1.0038+/-0.0135, amp=0.0000, suppress=0.0000, guide_abs=0.2024
up1 residuals: local_mean=-6.338e-03, global_mean=0.0469, local_strength=0.1267, global_strength=0.1002, gain=[0.9020,1.0983], saturation=0.0401, text_film=0.0468
up1 haar: reconstruction_error=2.675e-06, skip_low/high=0.7200/0.2800, plam_low/high=1.0000/0.0000
up1 strengths: plam=0.9229, region=0.1267, detail=0.1002; residual_std region/detail/refine=0.5742/0.4080/0.1876
up1 guide_mix: entropy=0.9522, raw_low=0.2664, plam_low=0.2763, decoder_low=0.3454, detail=0.1119; agreement plam/decoder=0.6618/-0.0993, support=0.7123+/-0.0970

========= Epoch [79/80] =========
RS1_Test_session_09.11_04h18
Training with batch size : 16
   [Train] Epoch: [79][20/357]  Loss:0.125 (Avg 0.1108) IoU:0.768 (Avg 0.7815) Dice:0.8547 (Avg 0.8680) LR 1.12e-06   (AvgTime 0.6)   
   [Train] Epoch: [79][40/357]  Loss:0.109 (Avg 0.1089) IoU:0.798 (Avg 0.7853) Dice:0.8746 (Avg 0.8709) LR 1.12e-06   (AvgTime 0.6)   
   [Train] Epoch: [79][60/357]  Loss:0.084 (Avg 0.1108) IoU:0.834 (Avg 0.7812) Dice:0.8974 (Avg 0.8675) LR 1.12e-06   (AvgTime 0.6)   
   [Train] Epoch: [79][80/357]  Loss:0.095 (Avg 0.1110) IoU:0.810 (Avg 0.7819) Dice:0.8898 (Avg 0.8677) LR 1.12e-06   (AvgTime 0.6)   
   [Train] Epoch: [79][100/357]  Loss:0.147 (Avg 0.1118) IoU:0.698 (Avg 0.7802) Dice:0.8047 (Avg 0.8664) LR 1.12e-06   (AvgTime 0.6)   
   [Train] Epoch: [79][120/357]  Loss:0.119 (Avg 0.1107) IoU:0.769 (Avg 0.7819) Dice:0.8617 (Avg 0.8678) LR 1.12e-06   (AvgTime 0.6)   
   [Train] Epoch: [79][140/357]  Loss:0.117 (Avg 0.1111) IoU:0.772 (Avg 0.7808) Dice:0.8617 (Avg 0.8670) LR 1.12e-06   (AvgTime 0.6)   
   [Train] Epoch: [79][160/357]  Loss:0.083 (Avg 0.1106) IoU:0.821 (Avg 0.7810) Dice:0.8964 (Avg 0.8673) LR 1.12e-06   (AvgTime 0.6)   
   [Train] Epoch: [79][180/357]  Loss:0.100 (Avg 0.1108) IoU:0.786 (Avg 0.7804) Dice:0.8763 (Avg 0.8668) LR 1.12e-06   (AvgTime 0.6)   
   [Train] Epoch: [79][200/357]  Loss:0.096 (Avg 0.1108) IoU:0.836 (Avg 0.7810) Dice:0.9015 (Avg 0.8673) LR 1.12e-06   (AvgTime 0.6)   
   [Train] Epoch: [79][220/357]  Loss:0.103 (Avg 0.1100) IoU:0.816 (Avg 0.7822) Dice:0.8963 (Avg 0.8684) LR 1.12e-06   (AvgTime 0.6)   
   [Train] Epoch: [79][240/357]  Loss:0.120 (Avg 0.1107) IoU:0.756 (Avg 0.7810) Dice:0.8557 (Avg 0.8677) LR 1.12e-06   (AvgTime 0.6)   
   [Train] Epoch: [79][260/357]  Loss:0.094 (Avg 0.1110) IoU:0.806 (Avg 0.7809) Dice:0.8849 (Avg 0.8676) LR 1.12e-06   (AvgTime 0.6)   
   [Train] Epoch: [79][280/357]  Loss:0.099 (Avg 0.1109) IoU:0.782 (Avg 0.7809) Dice:0.8713 (Avg 0.8675) LR 1.12e-06   (AvgTime 0.6)   
   [Train] Epoch: [79][300/357]  Loss:0.095 (Avg 0.1102) IoU:0.803 (Avg 0.7821) Dice:0.8884 (Avg 0.8684) LR 1.12e-06   (AvgTime 0.6)   
   [Train] Epoch: [79][320/357]  Loss:0.110 (Avg 0.1102) IoU:0.773 (Avg 0.7820) Dice:0.8653 (Avg 0.8684) LR 1.12e-06   (AvgTime 0.6)   
   [Train] Epoch: [79][340/357]  Loss:0.135 (Avg 0.1104) IoU:0.727 (Avg 0.7816) Dice:0.8325 (Avg 0.8681) LR 1.12e-06   (AvgTime 0.6)   
   [Train] Epoch: [79][357/357]  Loss:0.158 (Avg 0.1106) IoU:0.763 (Avg 0.7813) Dice:0.8548 (Avg 0.8679) LR 1.12e-06   (AvgTime 0.6)   
   [Train] Loss components: main_dice=0.107756, main_focal=0.038590, main=0.073173, region_raw=0.291868, region_weighted=0.037450, empty_window_fraction=0.000000, total=0.110623
Validation
   [Val] Epoch: [79][20/90]  Loss:0.179 (Avg 0.1579) IoU:0.678 (Avg 0.7292) Dice:0.7967 (Avg 0.8297) (AvgTime 0.2)   
   [Val] Epoch: [79][40/90]  Loss:0.120 (Avg 0.1620) IoU:0.751 (Avg 0.7194) Dice:0.8473 (Avg 0.8196) (AvgTime 0.2)   
   [Val] Epoch: [79][60/90]  Loss:0.206 (Avg 0.1524) IoU:0.653 (Avg 0.7303) Dice:0.7591 (Avg 0.8269) (AvgTime 0.2)   
   [Val] Epoch: [79][80/90]  Loss:0.138 (Avg 0.1515) IoU:0.731 (Avg 0.7295) Dice:0.8288 (Avg 0.8263) (AvgTime 0.2)   
   [Val] Epoch: [79][90/90]  Loss:0.209 (Avg 0.1522) IoU:0.610 (Avg 0.7290) Dice:0.7414 (Avg 0.8259) (AvgTime 0.2)   
   [Val] Loss components: main_dice=0.145366, main_focal=0.074860, main=0.110113, region_raw=0.328360, region_weighted=0.042133, empty_window_fraction=0.000000, total=0.152245
	 No iou improvement; selected epoch 69
	 early_stopping_count: 10/80
--- Epoch History (1..79) ---
Epoch |  TrainLoss |  TrainDice |  TrainIoU |    ValLoss |    ValDice |    ValIoU |         LR | Best
    1 |     0.3274 |     0.6089 |    0.4797 |     0.3091 |     0.6203 |    0.4911 |   3.00e-04 |     
    2 |     0.2493 |     0.7003 |    0.5773 |     0.2277 |     0.7202 |    0.6053 |   3.00e-04 |     
    3 |     0.2258 |     0.7259 |    0.6062 |     0.2068 |     0.7560 |    0.6429 |   3.00e-04 |     
    4 |     0.2153 |     0.7383 |    0.6212 |     0.2013 |     0.7654 |    0.6509 |   2.99e-04 |     
    5 |     0.2041 |     0.7514 |    0.6359 |     0.1929 |     0.7592 |    0.6456 |   2.98e-04 |     
    6 |     0.2002 |     0.7575 |    0.6433 |     0.1994 |     0.7556 |    0.6374 |   2.97e-04 |     
    7 |     0.1959 |     0.7613 |    0.6476 |     0.1953 |     0.7677 |    0.6559 |   2.96e-04 |     
    8 |     0.1917 |     0.7652 |    0.6526 |     0.1819 |     0.7753 |    0.6638 |   2.94e-04 |     
    9 |     0.1890 |     0.7689 |    0.6569 |     0.1877 |     0.7648 |    0.6526 |   2.92e-04 |     
   10 |     0.1909 |     0.7674 |    0.6547 |     0.1967 |     0.7614 |    0.6474 |   2.91e-04 |     
   11 |     0.1850 |     0.7752 |    0.6643 |     0.1777 |     0.7851 |    0.6761 |   2.88e-04 |     
   12 |     0.1847 |     0.7750 |    0.6644 |     0.1820 |     0.7863 |    0.6777 |   2.86e-04 |     
   13 |     0.1819 |     0.7786 |    0.6681 |     0.1785 |     0.7822 |    0.6720 |   2.83e-04 |     
   14 |     0.1792 |     0.7815 |    0.6721 |     0.1710 |     0.7906 |    0.6822 |   2.80e-04 |     
   15 |     0.1799 |     0.7798 |    0.6700 |     0.1677 |     0.7939 |    0.6878 |   2.77e-04 |     
   16 |     0.1784 |     0.7828 |    0.6735 |     0.1778 |     0.7969 |    0.6907 |   2.74e-04 |     
   17 |     0.1800 |     0.7809 |    0.6717 |     0.1871 |     0.7775 |    0.6682 |   2.71e-04 |     
   18 |     0.1765 |     0.7859 |    0.6774 |     0.1763 |     0.7844 |    0.6744 |   2.67e-04 |     
   19 |     0.1725 |     0.7898 |    0.6825 |     0.1650 |     0.7980 |    0.6943 |   2.63e-04 |     
   20 |     0.1717 |     0.7911 |    0.6844 |     0.1718 |     0.7842 |    0.6753 |   2.59e-04 |     
   21 |     0.1702 |     0.7920 |    0.6849 |     0.1709 |     0.7905 |    0.6816 |   2.55e-04 |     
   22 |     0.1715 |     0.7907 |    0.6835 |     0.1778 |     0.7882 |    0.6809 |   2.51e-04 |     
   23 |     0.1702 |     0.7927 |    0.6865 |     0.1680 |     0.7894 |    0.6837 |   2.46e-04 |     
   24 |     0.1674 |     0.7964 |    0.6902 |     0.1675 |     0.8056 |    0.7029 |   2.42e-04 |     
   25 |     0.1664 |     0.7976 |    0.6919 |     0.1719 |     0.7939 |    0.6891 |   2.37e-04 |     
   26 |     0.1663 |     0.7975 |    0.6916 |     0.1635 |     0.7985 |    0.6924 |   2.32e-04 |     
   27 |     0.1632 |     0.8013 |    0.6966 |     0.1589 |     0.8088 |    0.7069 |   2.27e-04 |     
   28 |     0.1623 |     0.8031 |    0.6989 |     0.1645 |     0.8009 |    0.6963 |   2.22e-04 |     
   29 |     0.1611 |     0.8041 |    0.7006 |     0.1656 |     0.8001 |    0.6931 |   2.17e-04 |     
   30 |     0.1618 |     0.8040 |    0.6998 |     0.1588 |     0.8091 |    0.7079 |   2.11e-04 |     
   31 |     0.1594 |     0.8063 |    0.7029 |     0.1735 |     0.8039 |    0.6998 |   2.06e-04 |     
   32 |     0.1576 |     0.8091 |    0.7058 |     0.1622 |     0.8091 |    0.7070 |   2.00e-04 |     
   33 |     0.1577 |     0.8087 |    0.7056 |     0.1609 |     0.8024 |    0.6973 |   1.94e-04 |     
   34 |     0.1562 |     0.8101 |    0.7068 |     0.1622 |     0.8074 |    0.7042 |   1.89e-04 |     
   35 |     0.1543 |     0.8127 |    0.7105 |     0.1590 |     0.8114 |    0.7084 |   1.83e-04 |     
   36 |     0.1530 |     0.8139 |    0.7122 |     0.1560 |     0.8113 |    0.7104 |   1.77e-04 |     
   37 |     0.1544 |     0.8121 |    0.7103 |     0.1576 |     0.8048 |    0.7006 |   1.71e-04 |     
   38 |     0.1519 |     0.8155 |    0.7140 |     0.1594 |     0.8036 |    0.7011 |   1.65e-04 |     
   39 |     0.1511 |     0.8165 |    0.7156 |     0.1547 |     0.8127 |    0.7130 |   1.59e-04 |     
   40 |     0.1492 |     0.8187 |    0.7181 |     0.1550 |     0.8122 |    0.7119 |   1.53e-04 |     
   41 |     0.1486 |     0.8205 |    0.7201 |     0.1542 |     0.8149 |    0.7152 |   1.48e-04 |     
   42 |     0.1468 |     0.8219 |    0.7222 |     0.1529 |     0.8168 |    0.7168 |   1.42e-04 |     
   43 |     0.1460 |     0.8226 |    0.7231 |     0.1575 |     0.8148 |    0.7142 |   1.36e-04 |     
   44 |     0.1454 |     0.8243 |    0.7250 |     0.1487 |     0.8215 |    0.7231 |   1.30e-04 |     
   45 |     0.1453 |     0.8241 |    0.7249 |     0.1575 |     0.8131 |    0.7132 |   1.24e-04 |     
   46 |     0.1421 |     0.8281 |    0.7296 |     0.1538 |     0.8164 |    0.7176 |   1.18e-04 |     
   47 |     0.1414 |     0.8288 |    0.7311 |     0.1522 |     0.8132 |    0.7120 |   1.12e-04 |     
   48 |     0.1422 |     0.8276 |    0.7296 |     0.1520 |     0.8204 |    0.7208 |   1.07e-04 |     
   49 |     0.1402 |     0.8301 |    0.7329 |     0.1537 |     0.8191 |    0.7205 |   1.01e-04 |     
   50 |     0.1385 |     0.8330 |    0.7361 |     0.1526 |     0.8181 |    0.7188 |   9.54e-05 |     
   51 |     0.1375 |     0.8339 |    0.7374 |     0.1565 |     0.8201 |    0.7222 |   8.99e-05 |     
   52 |     0.1359 |     0.8353 |    0.7390 |     0.1593 |     0.8098 |    0.7102 |   8.45e-05 |     
   53 |     0.1337 |     0.8385 |    0.7431 |     0.1486 |     0.8225 |    0.7252 |   7.92e-05 |     
   54 |     0.1336 |     0.8387 |    0.7433 |     0.1496 |     0.8192 |    0.7209 |   7.40e-05 |     
   55 |     0.1325 |     0.8400 |    0.7450 |     0.1551 |     0.8162 |    0.7170 |   6.90e-05 |     
   56 |     0.1316 |     0.8405 |    0.7457 |     0.1513 |     0.8199 |    0.7207 |   6.41e-05 |     
   57 |     0.1306 |     0.8427 |    0.7486 |     0.1505 |     0.8224 |    0.7243 |   5.93e-05 |     
   58 |     0.1281 |     0.8451 |    0.7513 |     0.1538 |     0.8206 |    0.7233 |   5.47e-05 |     
   59 |     0.1267 |     0.8473 |    0.7541 |     0.1515 |     0.8226 |    0.7248 |   5.02e-05 |     
   60 |     0.1254 |     0.8489 |    0.7562 |     0.1534 |     0.8220 |    0.7240 |   4.58e-05 |     
   61 |     0.1252 |     0.8492 |    0.7571 |     0.1538 |     0.8215 |    0.7238 |   4.17e-05 |     
   62 |     0.1230 |     0.8517 |    0.7599 |     0.1484 |     0.8226 |    0.7250 |   3.77e-05 |     
   63 |     0.1224 |     0.8527 |    0.7611 |     0.1505 |     0.8233 |    0.7266 |   3.39e-05 |     
   64 |     0.1215 |     0.8541 |    0.7632 |     0.1469 |     0.8246 |    0.7275 |   3.03e-05 |     
   65 |     0.1205 |     0.8554 |    0.7649 |     0.1489 |     0.8254 |    0.7285 |   2.68e-05 |     
   66 |     0.1184 |     0.8578 |    0.7677 |     0.1498 |     0.8234 |    0.7258 |   2.36e-05 |     
   67 |     0.1184 |     0.8580 |    0.7683 |     0.1511 |     0.8250 |    0.7281 |   2.05e-05 |     
   68 |     0.1166 |     0.8603 |    0.7710 |     0.1554 |     0.8226 |    0.7247 |   1.77e-05 |     
   69 |     0.1159 |     0.8608 |    0.7718 |     0.1481 |     0.8270 |    0.7308 |   1.51e-05 |    *
   70 |     0.1150 |     0.8621 |    0.7737 |     0.1560 |     0.8243 |    0.7271 |   1.27e-05 |     
   71 |     0.1144 |     0.8631 |    0.7750 |     0.1519 |     0.8236 |    0.7258 |   1.05e-05 |     
   72 |     0.1143 |     0.8632 |    0.7752 |     0.1500 |     0.8254 |    0.7283 |   8.50e-06 |     
   73 |     0.1138 |     0.8640 |    0.7760 |     0.1521 |     0.8250 |    0.7275 |   6.76e-06 |     
   74 |     0.1119 |     0.8662 |    0.7790 |     0.1518 |     0.8261 |    0.7292 |   5.24e-06 |     
   75 |     0.1132 |     0.8646 |    0.7771 |     0.1540 |     0.8259 |    0.7292 |   3.95e-06 |     
   76 |     0.1117 |     0.8671 |    0.7802 |     0.1516 |     0.8254 |    0.7282 |   2.89e-06 |     
   77 |     0.1119 |     0.8664 |    0.7792 |     0.1528 |     0.8257 |    0.7287 |   2.06e-06 |     
   78 |     0.1112 |     0.8664 |    0.7795 |     0.1534 |     0.8260 |    0.7292 |   1.47e-06 |     
   79 |     0.1106 |     0.8679 |    0.7813 |     0.1522 |     0.8259 |    0.7290 |   1.12e-06 |     
--- R2 plus final-map regional overlap: global validation statistics ---
up4: ca=0.9036+/-0.0902, sa=1.0095+/-0.0064, amp=0.0000, suppress=0.0000, guide_abs=0.1786
up4 residuals: local_mean=6.987e-02, global_mean=0.0131, local_strength=0.1155, global_strength=0.1155, gain=[0.9893,1.0445], saturation=0.0582, text_film=0.0228
up4 haar: reconstruction_error=4.768e-07, skip_low/high=0.7897/0.2103, plam_low/high=1.0000/0.0000
up4 strengths: plam=0.9172, region=0.1155, detail=0.1155; residual_std region/detail/refine=0.2933/0.4217/0.3283
up4 guide_mix: entropy=0.9778, raw_low=0.3281, plam_low=0.1999, decoder_low=0.2922, detail=0.1798; agreement plam/decoder=0.3605/0.5918, support=0.8016+/-0.0865
up4 adaptive_frequency: ALPF strength=0.2537, weights=0.1432/0.7211/0.1356, sum=1.0000, entropy=0.7134, delta_std=0.0910; AHPF strength=0.0741, weights=0.3173/0.5203/0.1624, sum=1.0000, entropy=0.9034, residual_std=0.1145, scaled_std=0.0085
up3: ca=1.0149+/-0.1396, sa=1.0110+/-0.0052, amp=0.0000, suppress=0.0000, guide_abs=0.3331
up3 residuals: local_mean=3.485e-02, global_mean=0.0584, local_strength=0.1143, global_strength=0.1211, gain=[0.9885,1.0406], saturation=0.0000, text_film=0.0255
up3 haar: reconstruction_error=9.537e-07, skip_low/high=0.7674/0.2326, plam_low/high=1.0000/0.0000
up3 strengths: plam=0.9121, region=0.1143, detail=0.1211; residual_std region/detail/refine=0.2956/0.6128/0.5321
up3 guide_mix: entropy=0.9827, raw_low=0.3248, plam_low=0.2256, decoder_low=0.2719, detail=0.1777; agreement plam/decoder=0.5519/0.1606, support=0.7519+/-0.0598
up3 adaptive_frequency: ALPF strength=0.3073, weights=0.0769/0.2780/0.6451, sum=1.0000, entropy=0.6513, delta_std=0.0802; AHPF strength=0.1107, weights=0.7147/0.1560/0.1293, sum=1.0000, entropy=0.6381, residual_std=0.0763, scaled_std=0.0084
up2: ca=0.9410+/-0.0696, sa=1.0055+/-0.0030, amp=0.0000, suppress=0.0000, guide_abs=0.2216
up2 residuals: local_mean=2.084e-03, global_mean=0.0456, local_strength=0.1198, global_strength=0.1161, gain=[0.9740,1.0359], saturation=0.0000, text_film=0.0333
up2 haar: reconstruction_error=9.686e-07, skip_low/high=0.7505/0.2495, plam_low/high=1.0000/0.0000
up2 strengths: plam=0.8496, region=0.1198, detail=0.1161; residual_std region/detail/refine=0.2148/0.2897/0.1469
up2 guide_mix: entropy=0.9636, raw_low=0.3027, plam_low=0.1817, decoder_low=0.3514, detail=0.1642; agreement plam/decoder=0.7733/0.0792, support=0.5845+/-0.0360
up1: ca=0.8776+/-0.0960, sa=1.0038+/-0.0134, amp=0.0000, suppress=0.0000, guide_abs=0.2022
up1 residuals: local_mean=-6.388e-03, global_mean=0.0469, local_strength=0.1267, global_strength=0.1002, gain=[0.9021,1.0982], saturation=0.0396, text_film=0.0467
up1 haar: reconstruction_error=2.459e-06, skip_low/high=0.7205/0.2795, plam_low/high=1.0000/0.0000
up1 strengths: plam=0.9229, region=0.1267, detail=0.1002; residual_std region/detail/refine=0.5740/0.4052/0.1876
up1 guide_mix: entropy=0.9507, raw_low=0.2644, plam_low=0.2741, decoder_low=0.3505, detail=0.1110; agreement plam/decoder=0.6637/-0.1027, support=0.7128+/-0.0968

========= Epoch [80/80] =========
RS1_Test_session_09.11_04h18
Training with batch size : 16
   [Train] Epoch: [80][20/357]  Loss:0.070 (Avg 0.1063) IoU:0.856 (Avg 0.7899) Dice:0.9195 (Avg 0.8737) LR 1.00e-06   (AvgTime 0.6)   
   [Train] Epoch: [80][40/357]  Loss:0.125 (Avg 0.1085) IoU:0.751 (Avg 0.7854) Dice:0.8464 (Avg 0.8711) LR 1.00e-06   (AvgTime 0.6)   
   [Train] Epoch: [80][60/357]  Loss:0.148 (Avg 0.1115) IoU:0.715 (Avg 0.7811) Dice:0.8180 (Avg 0.8673) LR 1.00e-06   (AvgTime 0.6)   
   [Train] Epoch: [80][80/357]  Loss:0.084 (Avg 0.1132) IoU:0.823 (Avg 0.7774) Dice:0.8995 (Avg 0.8648) LR 1.00e-06   (AvgTime 0.6)   
   [Train] Epoch: [80][100/357]  Loss:0.074 (Avg 0.1125) IoU:0.847 (Avg 0.7788) Dice:0.9144 (Avg 0.8659) LR 1.00e-06   (AvgTime 0.6)   
   [Train] Epoch: [80][120/357]  Loss:0.096 (Avg 0.1119) IoU:0.795 (Avg 0.7799) Dice:0.8809 (Avg 0.8669) LR 1.00e-06   (AvgTime 0.6)   
   [Train] Epoch: [80][140/357]  Loss:0.078 (Avg 0.1124) IoU:0.839 (Avg 0.7787) Dice:0.9079 (Avg 0.8661) LR 1.00e-06   (AvgTime 0.6)   
   [Train] Epoch: [80][160/357]  Loss:0.128 (Avg 0.1117) IoU:0.772 (Avg 0.7804) Dice:0.8516 (Avg 0.8670) LR 1.00e-06   (AvgTime 0.6)   
   [Train] Epoch: [80][180/357]  Loss:0.078 (Avg 0.1116) IoU:0.854 (Avg 0.7808) Dice:0.9196 (Avg 0.8674) LR 1.00e-06   (AvgTime 0.6)   
   [Train] Epoch: [80][200/357]  Loss:0.107 (Avg 0.1112) IoU:0.797 (Avg 0.7816) Dice:0.8818 (Avg 0.8678) LR 1.00e-06   (AvgTime 0.6)   
   [Train] Epoch: [80][220/357]  Loss:0.088 (Avg 0.1116) IoU:0.822 (Avg 0.7805) Dice:0.8965 (Avg 0.8671) LR 1.00e-06   (AvgTime 0.6)   
   [Train] Epoch: [80][240/357]  Loss:0.103 (Avg 0.1108) IoU:0.798 (Avg 0.7818) Dice:0.8806 (Avg 0.8681) LR 1.00e-06   (AvgTime 0.6)   
   [Train] Epoch: [80][260/357]  Loss:0.106 (Avg 0.1112) IoU:0.793 (Avg 0.7810) Dice:0.8739 (Avg 0.8675) LR 1.00e-06   (AvgTime 0.6)   
   [Train] Epoch: [80][280/357]  Loss:0.131 (Avg 0.1110) IoU:0.747 (Avg 0.7813) Dice:0.8428 (Avg 0.8678) LR 1.00e-06   (AvgTime 0.6)   
   [Train] Epoch: [80][300/357]  Loss:0.157 (Avg 0.1109) IoU:0.711 (Avg 0.7813) Dice:0.8061 (Avg 0.8679) LR 1.00e-06   (AvgTime 0.6)   
   [Train] Epoch: [80][320/357]  Loss:0.124 (Avg 0.1109) IoU:0.750 (Avg 0.7812) Dice:0.8463 (Avg 0.8677) LR 1.00e-06   (AvgTime 0.6)   
   [Train] Epoch: [80][340/357]  Loss:0.126 (Avg 0.1105) IoU:0.745 (Avg 0.7819) Dice:0.8461 (Avg 0.8683) LR 1.00e-06   (AvgTime 0.6)   
   [Train] Epoch: [80][357/357]  Loss:0.107 (Avg 0.1108) IoU:0.785 (Avg 0.7814) Dice:0.8736 (Avg 0.8681) LR 1.00e-06   (AvgTime 0.6)   
   [Train] Loss components: main_dice=0.107988, main_focal=0.038500, main=0.073244, region_raw=0.292465, region_weighted=0.037527, empty_window_fraction=0.000000, total=0.110770
Validation
   [Val] Epoch: [80][20/90]  Loss:0.181 (Avg 0.1595) IoU:0.676 (Avg 0.7289) Dice:0.7953 (Avg 0.8293) (AvgTime 0.2)   
   [Val] Epoch: [80][40/90]  Loss:0.120 (Avg 0.1635) IoU:0.750 (Avg 0.7189) Dice:0.8468 (Avg 0.8191) (AvgTime 0.2)   
   [Val] Epoch: [80][60/90]  Loss:0.208 (Avg 0.1539) IoU:0.653 (Avg 0.7294) Dice:0.7588 (Avg 0.8262) (AvgTime 0.2)   
   [Val] Epoch: [80][80/90]  Loss:0.139 (Avg 0.1531) IoU:0.729 (Avg 0.7287) Dice:0.8261 (Avg 0.8257) (AvgTime 0.2)   
   [Val] Epoch: [80][90/90]  Loss:0.214 (Avg 0.1540) IoU:0.606 (Avg 0.7281) Dice:0.7383 (Avg 0.8252) (AvgTime 0.2)   
   [Val] Loss components: main_dice=0.145956, main_focal=0.077831, main=0.111893, region_raw=0.327800, region_weighted=0.042061, empty_window_fraction=0.000000, total=0.153954
	 No iou improvement; selected epoch 69
	 early_stopping_count: 11/80
--- Epoch History (1..80) ---
Epoch |  TrainLoss |  TrainDice |  TrainIoU |    ValLoss |    ValDice |    ValIoU |         LR | Best
    1 |     0.3274 |     0.6089 |    0.4797 |     0.3091 |     0.6203 |    0.4911 |   3.00e-04 |     
    2 |     0.2493 |     0.7003 |    0.5773 |     0.2277 |     0.7202 |    0.6053 |   3.00e-04 |     
    3 |     0.2258 |     0.7259 |    0.6062 |     0.2068 |     0.7560 |    0.6429 |   3.00e-04 |     
    4 |     0.2153 |     0.7383 |    0.6212 |     0.2013 |     0.7654 |    0.6509 |   2.99e-04 |     
    5 |     0.2041 |     0.7514 |    0.6359 |     0.1929 |     0.7592 |    0.6456 |   2.98e-04 |     
    6 |     0.2002 |     0.7575 |    0.6433 |     0.1994 |     0.7556 |    0.6374 |   2.97e-04 |     
    7 |     0.1959 |     0.7613 |    0.6476 |     0.1953 |     0.7677 |    0.6559 |   2.96e-04 |     
    8 |     0.1917 |     0.7652 |    0.6526 |     0.1819 |     0.7753 |    0.6638 |   2.94e-04 |     
    9 |     0.1890 |     0.7689 |    0.6569 |     0.1877 |     0.7648 |    0.6526 |   2.92e-04 |     
   10 |     0.1909 |     0.7674 |    0.6547 |     0.1967 |     0.7614 |    0.6474 |   2.91e-04 |     
   11 |     0.1850 |     0.7752 |    0.6643 |     0.1777 |     0.7851 |    0.6761 |   2.88e-04 |     
   12 |     0.1847 |     0.7750 |    0.6644 |     0.1820 |     0.7863 |    0.6777 |   2.86e-04 |     
   13 |     0.1819 |     0.7786 |    0.6681 |     0.1785 |     0.7822 |    0.6720 |   2.83e-04 |     
   14 |     0.1792 |     0.7815 |    0.6721 |     0.1710 |     0.7906 |    0.6822 |   2.80e-04 |     
   15 |     0.1799 |     0.7798 |    0.6700 |     0.1677 |     0.7939 |    0.6878 |   2.77e-04 |     
   16 |     0.1784 |     0.7828 |    0.6735 |     0.1778 |     0.7969 |    0.6907 |   2.74e-04 |     
   17 |     0.1800 |     0.7809 |    0.6717 |     0.1871 |     0.7775 |    0.6682 |   2.71e-04 |     
   18 |     0.1765 |     0.7859 |    0.6774 |     0.1763 |     0.7844 |    0.6744 |   2.67e-04 |     
   19 |     0.1725 |     0.7898 |    0.6825 |     0.1650 |     0.7980 |    0.6943 |   2.63e-04 |     
   20 |     0.1717 |     0.7911 |    0.6844 |     0.1718 |     0.7842 |    0.6753 |   2.59e-04 |     
   21 |     0.1702 |     0.7920 |    0.6849 |     0.1709 |     0.7905 |    0.6816 |   2.55e-04 |     
   22 |     0.1715 |     0.7907 |    0.6835 |     0.1778 |     0.7882 |    0.6809 |   2.51e-04 |     
   23 |     0.1702 |     0.7927 |    0.6865 |     0.1680 |     0.7894 |    0.6837 |   2.46e-04 |     
   24 |     0.1674 |     0.7964 |    0.6902 |     0.1675 |     0.8056 |    0.7029 |   2.42e-04 |     
   25 |     0.1664 |     0.7976 |    0.6919 |     0.1719 |     0.7939 |    0.6891 |   2.37e-04 |     
   26 |     0.1663 |     0.7975 |    0.6916 |     0.1635 |     0.7985 |    0.6924 |   2.32e-04 |     
   27 |     0.1632 |     0.8013 |    0.6966 |     0.1589 |     0.8088 |    0.7069 |   2.27e-04 |     
   28 |     0.1623 |     0.8031 |    0.6989 |     0.1645 |     0.8009 |    0.6963 |   2.22e-04 |     
   29 |     0.1611 |     0.8041 |    0.7006 |     0.1656 |     0.8001 |    0.6931 |   2.17e-04 |     
   30 |     0.1618 |     0.8040 |    0.6998 |     0.1588 |     0.8091 |    0.7079 |   2.11e-04 |     
   31 |     0.1594 |     0.8063 |    0.7029 |     0.1735 |     0.8039 |    0.6998 |   2.06e-04 |     
   32 |     0.1576 |     0.8091 |    0.7058 |     0.1622 |     0.8091 |    0.7070 |   2.00e-04 |     
   33 |     0.1577 |     0.8087 |    0.7056 |     0.1609 |     0.8024 |    0.6973 |   1.94e-04 |     
   34 |     0.1562 |     0.8101 |    0.7068 |     0.1622 |     0.8074 |    0.7042 |   1.89e-04 |     
   35 |     0.1543 |     0.8127 |    0.7105 |     0.1590 |     0.8114 |    0.7084 |   1.83e-04 |     
   36 |     0.1530 |     0.8139 |    0.7122 |     0.1560 |     0.8113 |    0.7104 |   1.77e-04 |     
   37 |     0.1544 |     0.8121 |    0.7103 |     0.1576 |     0.8048 |    0.7006 |   1.71e-04 |     
   38 |     0.1519 |     0.8155 |    0.7140 |     0.1594 |     0.8036 |    0.7011 |   1.65e-04 |     
   39 |     0.1511 |     0.8165 |    0.7156 |     0.1547 |     0.8127 |    0.7130 |   1.59e-04 |     
   40 |     0.1492 |     0.8187 |    0.7181 |     0.1550 |     0.8122 |    0.7119 |   1.53e-04 |     
   41 |     0.1486 |     0.8205 |    0.7201 |     0.1542 |     0.8149 |    0.7152 |   1.48e-04 |     
   42 |     0.1468 |     0.8219 |    0.7222 |     0.1529 |     0.8168 |    0.7168 |   1.42e-04 |     
   43 |     0.1460 |     0.8226 |    0.7231 |     0.1575 |     0.8148 |    0.7142 |   1.36e-04 |     
   44 |     0.1454 |     0.8243 |    0.7250 |     0.1487 |     0.8215 |    0.7231 |   1.30e-04 |     
   45 |     0.1453 |     0.8241 |    0.7249 |     0.1575 |     0.8131 |    0.7132 |   1.24e-04 |     
   46 |     0.1421 |     0.8281 |    0.7296 |     0.1538 |     0.8164 |    0.7176 |   1.18e-04 |     
   47 |     0.1414 |     0.8288 |    0.7311 |     0.1522 |     0.8132 |    0.7120 |   1.12e-04 |     
   48 |     0.1422 |     0.8276 |    0.7296 |     0.1520 |     0.8204 |    0.7208 |   1.07e-04 |     
   49 |     0.1402 |     0.8301 |    0.7329 |     0.1537 |     0.8191 |    0.7205 |   1.01e-04 |     
   50 |     0.1385 |     0.8330 |    0.7361 |     0.1526 |     0.8181 |    0.7188 |   9.54e-05 |     
   51 |     0.1375 |     0.8339 |    0.7374 |     0.1565 |     0.8201 |    0.7222 |   8.99e-05 |     
   52 |     0.1359 |     0.8353 |    0.7390 |     0.1593 |     0.8098 |    0.7102 |   8.45e-05 |     
   53 |     0.1337 |     0.8385 |    0.7431 |     0.1486 |     0.8225 |    0.7252 |   7.92e-05 |     
   54 |     0.1336 |     0.8387 |    0.7433 |     0.1496 |     0.8192 |    0.7209 |   7.40e-05 |     
   55 |     0.1325 |     0.8400 |    0.7450 |     0.1551 |     0.8162 |    0.7170 |   6.90e-05 |     
   56 |     0.1316 |     0.8405 |    0.7457 |     0.1513 |     0.8199 |    0.7207 |   6.41e-05 |     
   57 |     0.1306 |     0.8427 |    0.7486 |     0.1505 |     0.8224 |    0.7243 |   5.93e-05 |     
   58 |     0.1281 |     0.8451 |    0.7513 |     0.1538 |     0.8206 |    0.7233 |   5.47e-05 |     
   59 |     0.1267 |     0.8473 |    0.7541 |     0.1515 |     0.8226 |    0.7248 |   5.02e-05 |     
   60 |     0.1254 |     0.8489 |    0.7562 |     0.1534 |     0.8220 |    0.7240 |   4.58e-05 |     
   61 |     0.1252 |     0.8492 |    0.7571 |     0.1538 |     0.8215 |    0.7238 |   4.17e-05 |     
   62 |     0.1230 |     0.8517 |    0.7599 |     0.1484 |     0.8226 |    0.7250 |   3.77e-05 |     
   63 |     0.1224 |     0.8527 |    0.7611 |     0.1505 |     0.8233 |    0.7266 |   3.39e-05 |     
   64 |     0.1215 |     0.8541 |    0.7632 |     0.1469 |     0.8246 |    0.7275 |   3.03e-05 |     
   65 |     0.1205 |     0.8554 |    0.7649 |     0.1489 |     0.8254 |    0.7285 |   2.68e-05 |     
   66 |     0.1184 |     0.8578 |    0.7677 |     0.1498 |     0.8234 |    0.7258 |   2.36e-05 |     
   67 |     0.1184 |     0.8580 |    0.7683 |     0.1511 |     0.8250 |    0.7281 |   2.05e-05 |     
   68 |     0.1166 |     0.8603 |    0.7710 |     0.1554 |     0.8226 |    0.7247 |   1.77e-05 |     
   69 |     0.1159 |     0.8608 |    0.7718 |     0.1481 |     0.8270 |    0.7308 |   1.51e-05 |    *
   70 |     0.1150 |     0.8621 |    0.7737 |     0.1560 |     0.8243 |    0.7271 |   1.27e-05 |     
   71 |     0.1144 |     0.8631 |    0.7750 |     0.1519 |     0.8236 |    0.7258 |   1.05e-05 |     
   72 |     0.1143 |     0.8632 |    0.7752 |     0.1500 |     0.8254 |    0.7283 |   8.50e-06 |     
   73 |     0.1138 |     0.8640 |    0.7760 |     0.1521 |     0.8250 |    0.7275 |   6.76e-06 |     
   74 |     0.1119 |     0.8662 |    0.7790 |     0.1518 |     0.8261 |    0.7292 |   5.24e-06 |     
   75 |     0.1132 |     0.8646 |    0.7771 |     0.1540 |     0.8259 |    0.7292 |   3.95e-06 |     
   76 |     0.1117 |     0.8671 |    0.7802 |     0.1516 |     0.8254 |    0.7282 |   2.89e-06 |     
   77 |     0.1119 |     0.8664 |    0.7792 |     0.1528 |     0.8257 |    0.7287 |   2.06e-06 |     
   78 |     0.1112 |     0.8664 |    0.7795 |     0.1534 |     0.8260 |    0.7292 |   1.47e-06 |     
   79 |     0.1106 |     0.8679 |    0.7813 |     0.1522 |     0.8259 |    0.7290 |   1.12e-06 |     
   80 |     0.1108 |     0.8681 |    0.7814 |     0.1540 |     0.8252 |    0.7281 |   1.00e-06 |     
--- R2 plus final-map regional overlap: global validation statistics ---
up4: ca=0.9033+/-0.0892, sa=1.0095+/-0.0089, amp=0.0000, suppress=0.0000, guide_abs=0.1841
up4 residuals: local_mean=6.857e-02, global_mean=0.0139, local_strength=0.1155, global_strength=0.1155, gain=[0.9378,1.0888], saturation=0.0791, text_film=0.0230
up4 haar: reconstruction_error=9.537e-07, skip_low/high=0.7752/0.2248, plam_low/high=1.0000/0.0000
up4 strengths: plam=0.9172, region=0.1155, detail=0.1155; residual_std region/detail/refine=0.3143/0.4239/0.3113
up4 guide_mix: entropy=0.9806, raw_low=0.3108, plam_low=0.2222, decoder_low=0.2966, detail=0.1703; agreement plam/decoder=0.3014/0.5558, support=0.8045+/-0.0868
up4 adaptive_frequency: ALPF strength=0.2537, weights=0.1428/0.7215/0.1357, sum=1.0000, entropy=0.7128, delta_std=0.0988; AHPF strength=0.0741, weights=0.3185/0.5193/0.1622, sum=1.0000, entropy=0.9033, residual_std=0.1266, scaled_std=0.0094
up3: ca=1.0115+/-0.1406, sa=1.0110+/-0.0081, amp=0.0000, suppress=0.0000, guide_abs=0.3391
up3 residuals: local_mean=3.449e-02, global_mean=0.0583, local_strength=0.1143, global_strength=0.1211, gain=[0.9395,1.0747], saturation=0.0000, text_film=0.0246
up3 haar: reconstruction_error=1.073e-06, skip_low/high=0.7665/0.2335, plam_low/high=1.0000/0.0000
up3 strengths: plam=0.9121, region=0.1143, detail=0.1211; residual_std region/detail/refine=0.2939/0.6369/0.5447
up3 guide_mix: entropy=0.9836, raw_low=0.3057, plam_low=0.2469, decoder_low=0.2796, detail=0.1678; agreement plam/decoder=0.5428/0.1475, support=0.7522+/-0.0587
up3 adaptive_frequency: ALPF strength=0.3073, weights=0.0858/0.3055/0.6087, sum=1.0000, entropy=0.6730, delta_std=0.0908; AHPF strength=0.1107, weights=0.6911/0.1698/0.1391, sum=1.0000, entropy=0.6601, residual_std=0.0971, scaled_std=0.0107
up2: ca=0.9410+/-0.0704, sa=1.0055+/-0.0065, amp=0.0000, suppress=0.0000, guide_abs=0.2208
up2 residuals: local_mean=1.855e-03, global_mean=0.0455, local_strength=0.1198, global_strength=0.1161, gain=[0.9339,1.0702], saturation=0.0000, text_film=0.0332
up2 haar: reconstruction_error=2.742e-06, skip_low/high=0.7369/0.2631, plam_low/high=1.0000/0.0000
up2 strengths: plam=0.8496, region=0.1198, detail=0.1161; residual_std region/detail/refine=0.2167/0.3834/0.1486
up2 guide_mix: entropy=0.9550, raw_low=0.2979, plam_low=0.1614, decoder_low=0.3711, detail=0.1696; agreement plam/decoder=0.6963/0.0643, support=0.5810+/-0.0405
up1: ca=0.8734+/-0.0928, sa=1.0038+/-0.0146, amp=0.0000, suppress=0.0000, guide_abs=0.2072
up1 residuals: local_mean=-6.096e-03, global_mean=0.0469, local_strength=0.1267, global_strength=0.1002, gain=[0.9014,1.0988], saturation=0.0148, text_film=0.0460
up1 haar: reconstruction_error=2.861e-06, skip_low/high=0.7165/0.2835, plam_low/high=1.0000/0.0000
up1 strengths: plam=0.9229, region=0.1267, detail=0.1002; residual_std region/detail/refine=0.5663/0.4636/0.1880
up1 guide_mix: entropy=0.9403, raw_low=0.2544, plam_low=0.2290, decoder_low=0.3994, detail=0.1171; agreement plam/decoder=0.6552/-0.0129, support=0.6938+/-0.0878
