[boot] entered __main__, sending Bark start notification...
[boot] Bark call returned, continuing setup...
BetterLViT
Paper experiment RS1 / rs1_global_iou: R2 plus final-map regional overlap: global
Controlled factors: decoder_fusion=fam_eppa_v4b, RACE=False, LoRA=False, loss=dice_focal, seed=3407
Local runtime: batch_size=16, train_drop_last=True, deterministic=True, MIOpen=True, MIOPEN_FIND_MODE=unset
transformer head num: 4
transformer layers num: 4
transformer expand ratio: 4
total params: 149254103 (149.25M)
trainable params: 39624605 (39.62M, 26.55%)
Objective: dice_focal (boundary_weight=0.0)
Optimizer groups: decay=172 tensors, no_decay=324 tensors; EPPA residual gates are protected from L2 decay
log dir: 

========= Epoch [1/80] =========
RS1_Test_session_09.12_17h44
Training with batch size : 16
   [Train] Epoch: [1][20/357]  Loss:0.475 (Avg 0.4789) IoU:0.316 (Avg 0.2885) Dice:0.4472 (Avg 0.4108) LR 3.00e-04   (AvgTime 0.7)   
   [Train] Epoch: [1][40/357]  Loss:0.417 (Avg 0.4515) IoU:0.382 (Avg 0.3262) Dice:0.5174 (Avg 0.4513) LR 3.00e-04   (AvgTime 0.6)   
   [Train] Epoch: [1][60/357]  Loss:0.463 (Avg 0.4326) IoU:0.287 (Avg 0.3512) Dice:0.4090 (Avg 0.4778) LR 3.00e-04   (AvgTime 0.6)   
   [Train] Epoch: [1][80/357]  Loss:0.356 (Avg 0.4152) IoU:0.445 (Avg 0.3736) Dice:0.5973 (Avg 0.5018) LR 3.00e-04   (AvgTime 0.6)   
   [Train] Epoch: [1][100/357]  Loss:0.344 (Avg 0.4035) IoU:0.453 (Avg 0.3888) Dice:0.6005 (Avg 0.5178) LR 3.00e-04   (AvgTime 0.6)   
   [Train] Epoch: [1][120/357]  Loss:0.334 (Avg 0.3964) IoU:0.471 (Avg 0.3970) Dice:0.6119 (Avg 0.5266) LR 3.00e-04   (AvgTime 0.6)   
   [Train] Epoch: [1][140/357]  Loss:0.358 (Avg 0.3857) IoU:0.430 (Avg 0.4108) Dice:0.5633 (Avg 0.5407) LR 3.00e-04   (AvgTime 0.6)   
   [Train] Epoch: [1][160/357]  Loss:0.296 (Avg 0.3761) IoU:0.522 (Avg 0.4235) Dice:0.6458 (Avg 0.5537) LR 3.00e-04   (AvgTime 0.6)   
   [Train] Epoch: [1][180/357]  Loss:0.323 (Avg 0.3703) IoU:0.463 (Avg 0.4299) Dice:0.5945 (Avg 0.5602) LR 3.00e-04   (AvgTime 0.6)   
   [Train] Epoch: [1][200/357]  Loss:0.308 (Avg 0.3642) IoU:0.496 (Avg 0.4370) Dice:0.6422 (Avg 0.5676) LR 3.00e-04   (AvgTime 0.6)   
   [Train] Epoch: [1][220/357]  Loss:0.265 (Avg 0.3584) IoU:0.581 (Avg 0.4435) Dice:0.7121 (Avg 0.5740) LR 3.00e-04   (AvgTime 0.6)   
   [Train] Epoch: [1][240/357]  Loss:0.411 (Avg 0.3540) IoU:0.334 (Avg 0.4483) Dice:0.4684 (Avg 0.5788) LR 3.00e-04   (AvgTime 0.6)   
   [Train] Epoch: [1][260/357]  Loss:0.312 (Avg 0.3489) IoU:0.482 (Avg 0.4543) Dice:0.6222 (Avg 0.5846) LR 3.00e-04   (AvgTime 0.6)   
   [Train] Epoch: [1][280/357]  Loss:0.288 (Avg 0.3437) IoU:0.484 (Avg 0.4609) Dice:0.6224 (Avg 0.5909) LR 3.00e-04   (AvgTime 0.6)   
   [Train] Epoch: [1][300/357]  Loss:0.343 (Avg 0.3395) IoU:0.439 (Avg 0.4657) Dice:0.5700 (Avg 0.5955) LR 3.00e-04   (AvgTime 0.6)   
   [Train] Epoch: [1][320/357]  Loss:0.264 (Avg 0.3365) IoU:0.546 (Avg 0.4690) Dice:0.6865 (Avg 0.5986) LR 3.00e-04   (AvgTime 0.6)   
   [Train] Epoch: [1][340/357]  Loss:0.356 (Avg 0.3325) IoU:0.404 (Avg 0.4741) Dice:0.5471 (Avg 0.6035) LR 3.00e-04   (AvgTime 0.6)   
   [Train] Epoch: [1][357/357]  Loss:0.294 (Avg 0.3300) IoU:0.515 (Avg 0.4771) Dice:0.6384 (Avg 0.6064) LR 3.00e-04   (AvgTime 0.6)   
   [Train] Loss components: main_dice=0.387728, main_focal=0.087889, main=0.237808, region_raw=0.718407, region_weighted=0.092180, empty_window_fraction=0.000000, total=0.329989
Validation
[ WARN:0@209.345] global loadsave.cpp:848 imwrite_ Unsupported depth image for selected encoder is fallbacked to CV_8U.
   [Val] Epoch: [1][20/90]  Loss:0.290 (Avg 0.2494) IoU:0.530 (Avg 0.5991) Dice:0.6653 (Avg 0.7237) (AvgTime 0.4)   
   [Val] Epoch: [1][40/90]  Loss:0.300 (Avg 0.2605) IoU:0.499 (Avg 0.5793) Dice:0.6439 (Avg 0.7038) (AvgTime 0.3)   
   [Val] Epoch: [1][60/90]  Loss:0.338 (Avg 0.2588) IoU:0.472 (Avg 0.5794) Dice:0.6025 (Avg 0.7035) (AvgTime 0.3)   
   [Val] Epoch: [1][80/90]  Loss:0.257 (Avg 0.2646) IoU:0.568 (Avg 0.5683) Dice:0.7014 (Avg 0.6940) (AvgTime 0.3)   
   [Val] Epoch: [1][90/90]  Loss:0.329 (Avg 0.2665) IoU:0.451 (Avg 0.5661) Dice:0.5918 (Avg 0.6917) (AvgTime 0.3)   
   [Val] Loss components: main_dice=0.276216, main_focal=0.090246, main=0.183231, region_raw=0.648655, region_weighted=0.083230, empty_window_fraction=0.000000, total=0.266461
	 No iou improvement; selected epoch 1
	 early_stopping_count: 0/80
--- Epoch History (1..1) ---
Epoch |  TrainLoss |  TrainDice |  TrainIoU |    ValLoss |    ValDice |    ValIoU |         LR | Best
    1 |     0.3300 |     0.6064 |    0.4771 |     0.2665 |     0.6917 |    0.5661 |   3.00e-04 |    *
--- R2 plus final-map regional overlap: global validation statistics ---
up4: ca=0.9285+/-0.1151, sa=1.0007+/-0.0067, amp=0.0000, suppress=0.0000, guide_abs=0.3662
up4 residuals: local_mean=1.241e-03, global_mean=0.0057, local_strength=0.0983, global_strength=0.1000, gain=[0.9755,1.0280], saturation=0.0000, text_film=0.0019
up4 haar: reconstruction_error=4.768e-07, skip_low/high=0.8387/0.1613, plam_low/high=1.0000/0.0000
up4 strengths: plam=0.9967, region=0.0983, detail=0.1000; residual_std region/detail/refine=0.0055/0.3658/0.0402
up4 guide_mix: entropy=0.9681, raw_low=0.2990, plam_low=0.2614, decoder_low=0.3070, detail=0.1325; agreement plam/decoder=0.0355/0.7259, support=0.6380+/-0.0965
up4 adaptive_frequency: ALPF strength=0.2050, weights=0.2412/0.4992/0.2597, sum=1.0000, entropy=0.8720, delta_std=0.1564; AHPF strength=0.0815, weights=0.3144/0.4341/0.2515, sum=1.0000, entropy=0.9385, residual_std=0.1790, scaled_std=0.0146
up3: ca=0.9629+/-0.1741, sa=0.9985+/-0.0090, amp=0.0000, suppress=0.0000, guide_abs=0.5312
up3 residuals: local_mean=-5.208e-03, global_mean=-0.0093, local_strength=0.1005, global_strength=0.1037, gain=[0.9477,1.0455], saturation=0.0000, text_film=0.0458
up3 haar: reconstruction_error=9.537e-07, skip_low/high=0.8365/0.1635, plam_low/high=1.0000/0.0000
up3 strengths: plam=0.9952, region=0.1005, detail=0.1037; residual_std region/detail/refine=0.0421/0.3378/0.0492
up3 guide_mix: entropy=0.9660, raw_low=0.2989, plam_low=0.2827, decoder_low=0.2919, detail=0.1266; agreement plam/decoder=0.3235/0.2882, support=0.6235+/-0.0550
up3 adaptive_frequency: ALPF strength=0.2053, weights=0.3102/0.5562/0.1336, sum=1.0000, entropy=0.8365, delta_std=0.0642; AHPF strength=0.0844, weights=0.2526/0.4298/0.3176, sum=1.0000, entropy=0.9112, residual_std=0.1828, scaled_std=0.0154
up2: ca=0.9294+/-0.1689, sa=0.9976+/-0.0060, amp=0.0000, suppress=0.0000, guide_abs=0.3380
up2 residuals: local_mean=-1.226e-02, global_mean=-0.0110, local_strength=0.1060, global_strength=0.1009, gain=[0.9455,1.0342], saturation=0.0000, text_film=0.1043
up2 haar: reconstruction_error=9.537e-07, skip_low/high=0.8800/0.1200, plam_low/high=1.0000/0.0000
up2 strengths: plam=0.9929, region=0.1060, detail=0.1009; residual_std region/detail/refine=0.1741/0.2609/0.0655
up2 guide_mix: entropy=0.9411, raw_low=0.3191, plam_low=0.3246, decoder_low=0.2607, detail=0.0956; agreement plam/decoder=0.8854/-0.1413, support=0.5694+/-0.0395
up1: ca=0.9415+/-0.1594, sa=0.9970+/-0.0114, amp=0.0000, suppress=0.0000, guide_abs=0.3539
up1 residuals: local_mean=-1.519e-02, global_mean=-0.0161, local_strength=0.1058, global_strength=0.1000, gain=[0.9083,1.0781], saturation=0.0000, text_film=0.0326
up1 haar: reconstruction_error=1.431e-06, skip_low/high=0.8411/0.1589, plam_low/high=1.0000/0.0000
up1 strengths: plam=0.9913, region=0.1058, detail=0.1000; residual_std region/detail/refine=0.1131/0.2818/0.0858
up1 guide_mix: entropy=0.9117, raw_low=0.2995, plam_low=0.3601, decoder_low=0.2739, detail=0.0665; agreement plam/decoder=0.1143/0.0549, support=0.5217+/-0.0243

========= Epoch [2/80] =========
RS1_Test_session_09.12_17h44
Training with batch size : 16
   [Train] Epoch: [2][20/357]  Loss:0.256 (Avg 0.2697) IoU:0.583 (Avg 0.5446) Dice:0.7127 (Avg 0.6725) LR 3.00e-04   (AvgTime 0.6)   
   [Train] Epoch: [2][40/357]  Loss:0.251 (Avg 0.2728) IoU:0.567 (Avg 0.5437) Dice:0.6958 (Avg 0.6724) LR 3.00e-04   (AvgTime 0.6)   
   [Train] Epoch: [2][60/357]  Loss:0.327 (Avg 0.2722) IoU:0.441 (Avg 0.5419) Dice:0.5619 (Avg 0.6703) LR 3.00e-04   (AvgTime 0.6)   
   [Train] Epoch: [2][80/357]  Loss:0.240 (Avg 0.2692) IoU:0.570 (Avg 0.5459) Dice:0.7022 (Avg 0.6739) LR 3.00e-04   (AvgTime 0.6)   
   [Train] Epoch: [2][100/357]  Loss:0.273 (Avg 0.2666) IoU:0.529 (Avg 0.5506) Dice:0.6606 (Avg 0.6774) LR 3.00e-04   (AvgTime 0.6)   
   [Train] Epoch: [2][120/357]  Loss:0.259 (Avg 0.2674) IoU:0.575 (Avg 0.5496) Dice:0.6959 (Avg 0.6762) LR 3.00e-04   (AvgTime 0.6)   
   [Train] Epoch: [2][140/357]  Loss:0.289 (Avg 0.2661) IoU:0.547 (Avg 0.5513) Dice:0.6594 (Avg 0.6777) LR 3.00e-04   (AvgTime 0.6)   
   [Train] Epoch: [2][160/357]  Loss:0.228 (Avg 0.2645) IoU:0.604 (Avg 0.5535) Dice:0.7211 (Avg 0.6799) LR 3.00e-04   (AvgTime 0.6)   
   [Train] Epoch: [2][180/357]  Loss:0.189 (Avg 0.2623) IoU:0.678 (Avg 0.5563) Dice:0.7939 (Avg 0.6826) LR 3.00e-04   (AvgTime 0.6)   
   [Train] Epoch: [2][200/357]  Loss:0.217 (Avg 0.2595) IoU:0.626 (Avg 0.5604) Dice:0.7406 (Avg 0.6861) LR 3.00e-04   (AvgTime 0.6)   
   [Train] Epoch: [2][220/357]  Loss:0.262 (Avg 0.2578) IoU:0.542 (Avg 0.5623) Dice:0.6895 (Avg 0.6879) LR 3.00e-04   (AvgTime 0.6)   
   [Train] Epoch: [2][240/357]  Loss:0.198 (Avg 0.2548) IoU:0.641 (Avg 0.5671) Dice:0.7590 (Avg 0.6921) LR 3.00e-04   (AvgTime 0.6)   
   [Train] Epoch: [2][260/357]  Loss:0.231 (Avg 0.2541) IoU:0.598 (Avg 0.5678) Dice:0.7173 (Avg 0.6926) LR 3.00e-04   (AvgTime 0.6)   
   [Train] Epoch: [2][280/357]  Loss:0.219 (Avg 0.2521) IoU:0.603 (Avg 0.5709) Dice:0.7382 (Avg 0.6951) LR 3.00e-04   (AvgTime 0.6)   
   [Train] Epoch: [2][300/357]  Loss:0.203 (Avg 0.2518) IoU:0.631 (Avg 0.5709) Dice:0.7616 (Avg 0.6949) LR 3.00e-04   (AvgTime 0.6)   
   [Train] Epoch: [2][320/357]  Loss:0.282 (Avg 0.2509) IoU:0.515 (Avg 0.5723) Dice:0.6532 (Avg 0.6961) LR 3.00e-04   (AvgTime 0.6)   
   [Train] Epoch: [2][340/357]  Loss:0.248 (Avg 0.2500) IoU:0.554 (Avg 0.5736) Dice:0.6955 (Avg 0.6971) LR 3.00e-04   (AvgTime 0.6)   
   [Train] Epoch: [2][357/357]  Loss:0.230 (Avg 0.2491) IoU:0.594 (Avg 0.5752) Dice:0.7077 (Avg 0.6986) LR 3.00e-04   (AvgTime 0.6)   
   [Train] Loss components: main_dice=0.269378, main_focal=0.077077, main=0.173228, region_raw=0.591353, region_weighted=0.075878, empty_window_fraction=0.000000, total=0.249105
Validation
   [Val] Epoch: [2][20/90]  Loss:0.261 (Avg 0.2457) IoU:0.575 (Avg 0.6041) Dice:0.7102 (Avg 0.7267) (AvgTime 0.3)   
   [Val] Epoch: [2][40/90]  Loss:0.273 (Avg 0.2539) IoU:0.515 (Avg 0.5895) Dice:0.6601 (Avg 0.7119) (AvgTime 0.3)   
   [Val] Epoch: [2][60/90]  Loss:0.276 (Avg 0.2453) IoU:0.553 (Avg 0.5939) Dice:0.6764 (Avg 0.7154) (AvgTime 0.2)   
   [Val] Epoch: [2][80/90]  Loss:0.256 (Avg 0.2490) IoU:0.557 (Avg 0.5861) Dice:0.6892 (Avg 0.7090) (AvgTime 0.2)   
   [Val] Epoch: [2][90/90]  Loss:0.297 (Avg 0.2503) IoU:0.537 (Avg 0.5831) Dice:0.6819 (Avg 0.7064) (AvgTime 0.2)   
   [Val] Loss components: main_dice=0.257035, main_focal=0.105160, main=0.181097, region_raw=0.539637, region_weighted=0.069242, empty_window_fraction=0.000000, total=0.250339
	 No iou improvement; selected epoch 1
	 early_stopping_count: 1/80
--- Epoch History (1..2) ---
Epoch |  TrainLoss |  TrainDice |  TrainIoU |    ValLoss |    ValDice |    ValIoU |         LR | Best
    1 |     0.3300 |     0.6064 |    0.4771 |     0.2665 |     0.6917 |    0.5661 |   3.00e-04 |    *
    2 |     0.2491 |     0.6986 |    0.5752 |     0.2503 |     0.7064 |    0.5831 |   3.00e-04 |     
--- R2 plus final-map regional overlap: global validation statistics ---
up4: ca=0.9208+/-0.1392, sa=0.9987+/-0.0075, amp=0.0000, suppress=0.0000, guide_abs=0.4022
up4 residuals: local_mean=1.882e-03, global_mean=-0.0143, local_strength=0.0965, global_strength=0.0991, gain=[0.9638,1.0347], saturation=0.0000, text_film=0.0029
up4 haar: reconstruction_error=9.537e-07, skip_low/high=0.8103/0.1897, plam_low/high=1.0000/0.0000
up4 strengths: plam=0.9944, region=0.0965, detail=0.0991; residual_std region/detail/refine=0.0063/0.4072/0.0536
up4 guide_mix: entropy=0.9738, raw_low=0.2972, plam_low=0.2579, decoder_low=0.3016, detail=0.1432; agreement plam/decoder=0.5168/0.7964, support=0.6705+/-0.0868
up4 adaptive_frequency: ALPF strength=0.2093, weights=0.2599/0.4349/0.3052, sum=1.0000, entropy=0.8333, delta_std=0.1516; AHPF strength=0.0828, weights=0.4128/0.3813/0.2059, sum=1.0000, entropy=0.8813, residual_std=0.1740, scaled_std=0.0144
up3: ca=0.9777+/-0.1890, sa=0.9962+/-0.0157, amp=0.0000, suppress=0.0000, guide_abs=0.3718
up3 residuals: local_mean=-1.997e-02, global_mean=-0.0178, local_strength=0.1033, global_strength=0.1056, gain=[0.9220,1.0844], saturation=0.0232, text_film=0.0244
up3 haar: reconstruction_error=9.537e-07, skip_low/high=0.8151/0.1849, plam_low/high=1.0000/0.0000
up3 strengths: plam=0.9915, region=0.1033, detail=0.1056; residual_std region/detail/refine=0.2170/0.4342/0.0928
up3 guide_mix: entropy=0.9732, raw_low=0.3245, plam_low=0.2434, decoder_low=0.2846, detail=0.1475; agreement plam/decoder=0.7417/0.0472, support=0.7171+/-0.0904
up3 adaptive_frequency: ALPF strength=0.2105, weights=0.2368/0.6036/0.1595, sum=1.0000, entropy=0.8512, delta_std=0.0835; AHPF strength=0.0869, weights=0.2568/0.4924/0.2508, sum=1.0000, entropy=0.9435, residual_std=0.2177, scaled_std=0.0189
up2: ca=0.8930+/-0.1620, sa=0.9966+/-0.0084, amp=0.0000, suppress=0.0000, guide_abs=0.3249
up2 residuals: local_mean=-2.395e-02, global_mean=-0.0082, local_strength=0.1101, global_strength=0.1024, gain=[0.9306,1.0384], saturation=0.0003, text_film=0.0241
up2 haar: reconstruction_error=9.537e-07, skip_low/high=0.8623/0.1377, plam_low/high=1.0000/0.0000
up2 strengths: plam=0.9882, region=0.1101, detail=0.1024; residual_std region/detail/refine=0.3360/0.2820/0.0689
up2 guide_mix: entropy=0.9495, raw_low=0.3064, plam_low=0.2785, decoder_low=0.3118, detail=0.1033; agreement plam/decoder=0.7463/-0.2565, support=0.5903+/-0.0646
up1: ca=0.9240+/-0.1440, sa=0.9949+/-0.0145, amp=0.0000, suppress=0.0002, guide_abs=0.3103
up1 residuals: local_mean=-3.460e-02, global_mean=-0.0154, local_strength=0.1108, global_strength=0.1004, gain=[0.8974,1.0849], saturation=0.0002, text_film=0.0321
up1 haar: reconstruction_error=1.431e-06, skip_low/high=0.7937/0.2063, plam_low/high=1.0000/0.0000
up1 strengths: plam=0.9846, region=0.1108, detail=0.1004; residual_std region/detail/refine=0.2909/0.3230/0.0657
up1 guide_mix: entropy=0.9227, raw_low=0.2686, plam_low=0.3283, decoder_low=0.3277, detail=0.0753; agreement plam/decoder=0.6212/-0.1215, support=0.5619+/-0.0747

========= Epoch [3/80] =========
RS1_Test_session_09.12_17h44
Training with batch size : 16
   [Train] Epoch: [3][20/357]  Loss:0.279 (Avg 0.2393) IoU:0.528 (Avg 0.5847) Dice:0.6507 (Avg 0.7085) LR 3.00e-04   (AvgTime 0.6)   
   [Train] Epoch: [3][40/357]  Loss:0.200 (Avg 0.2337) IoU:0.638 (Avg 0.5941) Dice:0.7629 (Avg 0.7162) LR 3.00e-04   (AvgTime 0.6)   
   [Train] Epoch: [3][60/357]  Loss:0.281 (Avg 0.2348) IoU:0.514 (Avg 0.5901) Dice:0.6528 (Avg 0.7112) LR 3.00e-04   (AvgTime 0.6)   
   [Train] Epoch: [3][80/357]  Loss:0.197 (Avg 0.2302) IoU:0.633 (Avg 0.5981) Dice:0.7625 (Avg 0.7198) LR 3.00e-04   (AvgTime 0.6)   
   [Train] Epoch: [3][100/357]  Loss:0.260 (Avg 0.2316) IoU:0.512 (Avg 0.5947) Dice:0.6503 (Avg 0.7165) LR 3.00e-04   (AvgTime 0.6)   
   [Train] Epoch: [3][120/357]  Loss:0.170 (Avg 0.2323) IoU:0.672 (Avg 0.5946) Dice:0.7864 (Avg 0.7160) LR 3.00e-04   (AvgTime 0.6)   
   [Train] Epoch: [3][140/357]  Loss:0.226 (Avg 0.2288) IoU:0.599 (Avg 0.6003) Dice:0.7226 (Avg 0.7211) LR 3.00e-04   (AvgTime 0.6)   
   [Train] Epoch: [3][160/357]  Loss:0.242 (Avg 0.2270) IoU:0.539 (Avg 0.6036) Dice:0.6766 (Avg 0.7240) LR 3.00e-04   (AvgTime 0.6)   
   [Train] Epoch: [3][180/357]  Loss:0.211 (Avg 0.2267) IoU:0.599 (Avg 0.6045) Dice:0.7242 (Avg 0.7244) LR 3.00e-04   (AvgTime 0.6)   
   [Train] Epoch: [3][200/357]  Loss:0.264 (Avg 0.2285) IoU:0.516 (Avg 0.6019) Dice:0.6463 (Avg 0.7217) LR 3.00e-04   (AvgTime 0.6)   
   [Train] Epoch: [3][220/357]  Loss:0.297 (Avg 0.2284) IoU:0.503 (Avg 0.6022) Dice:0.6322 (Avg 0.7220) LR 3.00e-04   (AvgTime 0.6)   
   [Train] Epoch: [3][240/357]  Loss:0.276 (Avg 0.2288) IoU:0.604 (Avg 0.6014) Dice:0.7195 (Avg 0.7217) LR 3.00e-04   (AvgTime 0.6)   
   [Train] Epoch: [3][260/357]  Loss:0.228 (Avg 0.2295) IoU:0.621 (Avg 0.5995) Dice:0.7458 (Avg 0.7201) LR 3.00e-04   (AvgTime 0.6)   
   [Train] Epoch: [3][280/357]  Loss:0.186 (Avg 0.2274) IoU:0.681 (Avg 0.6030) Dice:0.7949 (Avg 0.7228) LR 3.00e-04   (AvgTime 0.6)   
   [Train] Epoch: [3][300/357]  Loss:0.227 (Avg 0.2259) IoU:0.588 (Avg 0.6052) Dice:0.7251 (Avg 0.7249) LR 3.00e-04   (AvgTime 0.6)   
   [Train] Epoch: [3][320/357]  Loss:0.255 (Avg 0.2246) IoU:0.541 (Avg 0.6074) Dice:0.6738 (Avg 0.7267) LR 3.00e-04   (AvgTime 0.6)   
   [Train] Epoch: [3][340/357]  Loss:0.221 (Avg 0.2247) IoU:0.626 (Avg 0.6071) Dice:0.7224 (Avg 0.7263) LR 3.00e-04   (AvgTime 0.6)   
   [Train] Epoch: [3][357/357]  Loss:0.227 (Avg 0.2238) IoU:0.582 (Avg 0.6082) Dice:0.7128 (Avg 0.7274) LR 3.00e-04   (AvgTime 0.6)   
   [Train] Loss components: main_dice=0.238539, main_focal=0.072116, main=0.155328, region_raw=0.533540, region_weighted=0.068460, empty_window_fraction=0.000000, total=0.223787
Validation
   [Val] Epoch: [3][20/90]  Loss:0.225 (Avg 0.2275) IoU:0.623 (Avg 0.6431) Dice:0.7562 (Avg 0.7619) (AvgTime 0.3)   
   [Val] Epoch: [3][40/90]  Loss:0.243 (Avg 0.2315) IoU:0.574 (Avg 0.6292) Dice:0.7009 (Avg 0.7474) (AvgTime 0.3)   
   [Val] Epoch: [3][60/90]  Loss:0.281 (Avg 0.2223) IoU:0.544 (Avg 0.6382) Dice:0.6677 (Avg 0.7544) (AvgTime 0.2)   
   [Val] Epoch: [3][80/90]  Loss:0.214 (Avg 0.2245) IoU:0.647 (Avg 0.6341) Dice:0.7619 (Avg 0.7514) (AvgTime 0.2)   
   [Val] Epoch: [3][90/90]  Loss:0.393 (Avg 0.2261) IoU:0.426 (Avg 0.6315) Dice:0.5626 (Avg 0.7490) (AvgTime 0.2)   
   [Val] Loss components: main_dice=0.211380, main_focal=0.111205, main=0.161292, region_raw=0.505013, region_weighted=0.064799, empty_window_fraction=0.000000, total=0.226091
	 No iou improvement; selected epoch 1
	 early_stopping_count: 2/80
--- Epoch History (1..3) ---
Epoch |  TrainLoss |  TrainDice |  TrainIoU |    ValLoss |    ValDice |    ValIoU |         LR | Best
    1 |     0.3300 |     0.6064 |    0.4771 |     0.2665 |     0.6917 |    0.5661 |   3.00e-04 |    *
    2 |     0.2491 |     0.6986 |    0.5752 |     0.2503 |     0.7064 |    0.5831 |   3.00e-04 |     
    3 |     0.2238 |     0.7274 |    0.6082 |     0.2261 |     0.7490 |    0.6315 |   3.00e-04 |     
--- R2 plus final-map regional overlap: global validation statistics ---
up4: ca=0.9142+/-0.1488, sa=0.9991+/-0.0073, amp=0.0000, suppress=0.0000, guide_abs=0.3960
up4 residuals: local_mean=2.018e-03, global_mean=-0.0095, local_strength=0.0947, global_strength=0.0986, gain=[0.9661,1.0315], saturation=0.0000, text_film=0.0043
up4 haar: reconstruction_error=9.537e-07, skip_low/high=0.8141/0.1859, plam_low/high=1.0000/0.0000
up4 strengths: plam=0.9915, region=0.0947, detail=0.0986; residual_std region/detail/refine=0.0062/0.3995/0.0991
up4 guide_mix: entropy=0.9768, raw_low=0.3155, plam_low=0.2469, decoder_low=0.2846, detail=0.1530; agreement plam/decoder=0.5791/0.4966, support=0.6024+/-0.0535
up4 adaptive_frequency: ALPF strength=0.2119, weights=0.2163/0.4784/0.3053, sum=1.0000, entropy=0.8413, delta_std=0.1527; AHPF strength=0.0833, weights=0.4138/0.4089/0.1773, sum=1.0000, entropy=0.8769, residual_std=0.1737, scaled_std=0.0145
up3: ca=1.0006+/-0.1797, sa=0.9953+/-0.0153, amp=0.0000, suppress=0.0000, guide_abs=0.3617
up3 residuals: local_mean=-2.481e-02, global_mean=-0.0205, local_strength=0.1048, global_strength=0.1068, gain=[0.9109,1.0745], saturation=0.0309, text_film=0.0268
up3 haar: reconstruction_error=9.537e-07, skip_low/high=0.7966/0.2034, plam_low/high=1.0000/0.0000
up3 strengths: plam=0.9877, region=0.1048, detail=0.1068; residual_std region/detail/refine=0.2988/0.4516/0.1254
up3 guide_mix: entropy=0.9768, raw_low=0.3097, plam_low=0.2729, decoder_low=0.2682, detail=0.1491; agreement plam/decoder=0.8141/0.0850, support=0.8321+/-0.0714
up3 adaptive_frequency: ALPF strength=0.2140, weights=0.2450/0.6176/0.1374, sum=1.0000, entropy=0.8293, delta_std=0.0754; AHPF strength=0.0884, weights=0.3020/0.4365/0.2614, sum=1.0000, entropy=0.9489, residual_std=0.1906, scaled_std=0.0168
up2: ca=0.8981+/-0.1558, sa=0.9968+/-0.0084, amp=0.0000, suppress=0.0000, guide_abs=0.3427
up2 residuals: local_mean=-2.674e-02, global_mean=-0.0021, local_strength=0.1115, global_strength=0.1037, gain=[0.9232,1.0522], saturation=0.0010, text_film=0.0255
up2 haar: reconstruction_error=9.537e-07, skip_low/high=0.8374/0.1626, plam_low/high=1.0000/0.0000
up2 strengths: plam=0.9838, region=0.1115, detail=0.1037; residual_std region/detail/refine=0.3649/0.3199/0.1300
up2 guide_mix: entropy=0.9526, raw_low=0.2882, plam_low=0.3287, decoder_low=0.2741, detail=0.1089; agreement plam/decoder=0.5817/-0.2698, support=0.6578+/-0.0879
up1: ca=0.9280+/-0.1403, sa=0.9953+/-0.0151, amp=0.0000, suppress=0.0003, guide_abs=0.2875
up1 residuals: local_mean=-3.263e-02, global_mean=-0.0131, local_strength=0.1123, global_strength=0.1006, gain=[0.8975,1.0883], saturation=0.0004, text_film=0.0262
up1 haar: reconstruction_error=1.907e-06, skip_low/high=0.8087/0.1913, plam_low/high=1.0000/0.0000
up1 strengths: plam=0.9790, region=0.1123, detail=0.1006; residual_std region/detail/refine=0.3720/0.3526/0.0550
up1 guide_mix: entropy=0.9349, raw_low=0.3312, plam_low=0.3129, decoder_low=0.2682, detail=0.0877; agreement plam/decoder=0.3814/-0.2530, support=0.5589+/-0.0699

========= Epoch [4/80] =========
RS1_Test_session_09.12_17h44
Training with batch size : 16
   [Train] Epoch: [4][20/357]  Loss:0.231 (Avg 0.2264) IoU:0.582 (Avg 0.5958) Dice:0.7190 (Avg 0.7150) LR 2.99e-04   (AvgTime 0.6)   
   [Train] Epoch: [4][40/357]  Loss:0.203 (Avg 0.2293) IoU:0.657 (Avg 0.5999) Dice:0.7750 (Avg 0.7172) LR 2.99e-04   (AvgTime 0.6)   
   [Train] Epoch: [4][60/357]  Loss:0.226 (Avg 0.2271) IoU:0.617 (Avg 0.5997) Dice:0.7117 (Avg 0.7190) LR 2.99e-04   (AvgTime 0.6)   
   [Train] Epoch: [4][80/357]  Loss:0.210 (Avg 0.2239) IoU:0.612 (Avg 0.6064) Dice:0.7292 (Avg 0.7256) LR 2.99e-04   (AvgTime 0.6)   
   [Train] Epoch: [4][100/357]  Loss:0.220 (Avg 0.2215) IoU:0.605 (Avg 0.6117) Dice:0.7378 (Avg 0.7298) LR 2.99e-04   (AvgTime 0.6)   
   [Train] Epoch: [4][120/357]  Loss:0.229 (Avg 0.2190) IoU:0.628 (Avg 0.6151) Dice:0.7448 (Avg 0.7334) LR 2.99e-04   (AvgTime 0.6)   
   [Train] Epoch: [4][140/357]  Loss:0.239 (Avg 0.2177) IoU:0.581 (Avg 0.6169) Dice:0.7105 (Avg 0.7350) LR 2.99e-04   (AvgTime 0.6)   
   [Train] Epoch: [4][160/357]  Loss:0.176 (Avg 0.2174) IoU:0.719 (Avg 0.6176) Dice:0.8249 (Avg 0.7355) LR 2.99e-04   (AvgTime 0.6)   
   [Train] Epoch: [4][180/357]  Loss:0.260 (Avg 0.2174) IoU:0.557 (Avg 0.6175) Dice:0.6647 (Avg 0.7352) LR 2.99e-04   (AvgTime 0.6)   
   [Train] Epoch: [4][200/357]  Loss:0.172 (Avg 0.2164) IoU:0.670 (Avg 0.6188) Dice:0.7883 (Avg 0.7365) LR 2.99e-04   (AvgTime 0.6)   
   [Train] Epoch: [4][220/357]  Loss:0.234 (Avg 0.2162) IoU:0.573 (Avg 0.6192) Dice:0.7085 (Avg 0.7368) LR 2.99e-04   (AvgTime 0.6)   
   [Train] Epoch: [4][240/357]  Loss:0.220 (Avg 0.2146) IoU:0.575 (Avg 0.6209) Dice:0.7144 (Avg 0.7385) LR 2.99e-04   (AvgTime 0.6)   
   [Train] Epoch: [4][260/357]  Loss:0.188 (Avg 0.2135) IoU:0.655 (Avg 0.6224) Dice:0.7776 (Avg 0.7398) LR 2.99e-04   (AvgTime 0.6)   
   [Train] Epoch: [4][280/357]  Loss:0.196 (Avg 0.2137) IoU:0.632 (Avg 0.6218) Dice:0.7594 (Avg 0.7392) LR 2.99e-04   (AvgTime 0.6)   
   [Train] Epoch: [4][300/357]  Loss:0.223 (Avg 0.2141) IoU:0.611 (Avg 0.6210) Dice:0.7271 (Avg 0.7386) LR 2.99e-04   (AvgTime 0.6)   
   [Train] Epoch: [4][320/357]  Loss:0.293 (Avg 0.2137) IoU:0.579 (Avg 0.6217) Dice:0.7025 (Avg 0.7392) LR 2.99e-04   (AvgTime 0.6)   
   [Train] Epoch: [4][340/357]  Loss:0.196 (Avg 0.2132) IoU:0.667 (Avg 0.6228) Dice:0.7690 (Avg 0.7400) LR 2.99e-04   (AvgTime 0.6)   
   [Train] Epoch: [4][357/357]  Loss:0.184 (Avg 0.2124) IoU:0.651 (Avg 0.6243) Dice:0.7597 (Avg 0.7413) LR 2.99e-04   (AvgTime 0.6)   
   [Train] Loss components: main_dice=0.224613, main_focal=0.070595, main=0.147604, region_raw=0.504862, region_weighted=0.064780, empty_window_fraction=0.000000, total=0.212384
Validation
   [Val] Epoch: [4][20/90]  Loss:0.219 (Avg 0.1824) IoU:0.629 (Avg 0.6827) Dice:0.7529 (Avg 0.7933) (AvgTime 0.3)   
   [Val] Epoch: [4][40/90]  Loss:0.187 (Avg 0.1912) IoU:0.644 (Avg 0.6651) Dice:0.7687 (Avg 0.7760) (AvgTime 0.2)   
   [Val] Epoch: [4][60/90]  Loss:0.225 (Avg 0.1836) IoU:0.611 (Avg 0.6728) Dice:0.7276 (Avg 0.7820) (AvgTime 0.2)   
   [Val] Epoch: [4][80/90]  Loss:0.163 (Avg 0.1843) IoU:0.702 (Avg 0.6691) Dice:0.8115 (Avg 0.7795) (AvgTime 0.2)   
   [Val] Epoch: [4][90/90]  Loss:0.227 (Avg 0.1852) IoU:0.581 (Avg 0.6672) Dice:0.7189 (Avg 0.7780) (AvgTime 0.2)   
   [Val] Loss components: main_dice=0.191099, main_focal=0.060340, main=0.125720, region_raw=0.463602, region_weighted=0.059486, empty_window_fraction=0.000000, total=0.185205
	 No iou improvement; selected epoch 1
	 early_stopping_count: 3/80
--- Epoch History (1..4) ---
Epoch |  TrainLoss |  TrainDice |  TrainIoU |    ValLoss |    ValDice |    ValIoU |         LR | Best
    1 |     0.3300 |     0.6064 |    0.4771 |     0.2665 |     0.6917 |    0.5661 |   3.00e-04 |    *
    2 |     0.2491 |     0.6986 |    0.5752 |     0.2503 |     0.7064 |    0.5831 |   3.00e-04 |     
    3 |     0.2238 |     0.7274 |    0.6082 |     0.2261 |     0.7490 |    0.6315 |   3.00e-04 |     
    4 |     0.2124 |     0.7413 |    0.6243 |     0.1852 |     0.7780 |    0.6672 |   2.99e-04 |     
--- R2 plus final-map regional overlap: global validation statistics ---
up4: ca=0.8870+/-0.1364, sa=1.0002+/-0.0063, amp=0.0000, suppress=0.0000, guide_abs=0.3750
up4 residuals: local_mean=2.079e-03, global_mean=-0.0003, local_strength=0.0938, global_strength=0.0984, gain=[0.9663,1.0257], saturation=0.0000, text_film=0.0042
up4 haar: reconstruction_error=9.537e-07, skip_low/high=0.7969/0.2031, plam_low/high=1.0000/0.0000
up4 strengths: plam=0.9893, region=0.0938, detail=0.0984; residual_std region/detail/refine=0.0063/0.3807/0.1456
up4 guide_mix: entropy=0.9782, raw_low=0.3030, plam_low=0.2508, decoder_low=0.2924, detail=0.1538; agreement plam/decoder=0.6651/0.7443, support=0.5501+/-0.0194
up4 adaptive_frequency: ALPF strength=0.2134, weights=0.1886/0.5120/0.2993, sum=1.0000, entropy=0.8585, delta_std=0.1512; AHPF strength=0.0831, weights=0.4839/0.3703/0.1458, sum=1.0000, entropy=0.8643, residual_std=0.1455, scaled_std=0.0121
up3: ca=0.9828+/-0.1739, sa=0.9952+/-0.0143, amp=0.0000, suppress=0.0000, guide_abs=0.3266
up3 residuals: local_mean=-2.595e-02, global_mean=-0.0202, local_strength=0.1056, global_strength=0.1078, gain=[0.9234,1.0625], saturation=0.0278, text_film=0.0213
up3 haar: reconstruction_error=9.537e-07, skip_low/high=0.7854/0.2146, plam_low/high=1.0000/0.0000
up3 strengths: plam=0.9848, region=0.1056, detail=0.1078; residual_std region/detail/refine=0.3324/0.4656/0.1977
up3 guide_mix: entropy=0.9788, raw_low=0.3055, plam_low=0.2606, decoder_low=0.2803, detail=0.1536; agreement plam/decoder=0.8923/-0.0710, support=0.7934+/-0.0821
up3 adaptive_frequency: ALPF strength=0.2170, weights=0.2103/0.6360/0.1537, sum=1.0000, entropy=0.8149, delta_std=0.0817; AHPF strength=0.0890, weights=0.3385/0.3915/0.2700, sum=1.0000, entropy=0.9481, residual_std=0.1845, scaled_std=0.0164
up2: ca=0.9072+/-0.1464, sa=0.9974+/-0.0071, amp=0.0000, suppress=0.0000, guide_abs=0.3432
up2 residuals: local_mean=-2.196e-02, global_mean=-0.0020, local_strength=0.1121, global_strength=0.1045, gain=[0.9371,1.0423], saturation=0.0033, text_film=0.0290
up2 haar: reconstruction_error=1.192e-06, skip_low/high=0.8348/0.1652, plam_low/high=1.0000/0.0000
up2 strengths: plam=0.9794, region=0.1121, detail=0.1045; residual_std region/detail/refine=0.3107/0.3264/0.1663
up2 guide_mix: entropy=0.9564, raw_low=0.2853, plam_low=0.3022, decoder_low=0.3006, detail=0.1119; agreement plam/decoder=0.5385/-0.2154, support=0.6582+/-0.0871
up1: ca=0.9063+/-0.1393, sa=0.9961+/-0.0146, amp=0.0000, suppress=0.0001, guide_abs=0.2856
up1 residuals: local_mean=-2.745e-02, global_mean=-0.0102, local_strength=0.1130, global_strength=0.1008, gain=[0.8985,1.0901], saturation=0.0003, text_film=0.0231
up1 haar: reconstruction_error=1.431e-06, skip_low/high=0.7743/0.2257, plam_low/high=1.0000/0.0000
up1 strengths: plam=0.9739, region=0.1130, detail=0.1008; residual_std region/detail/refine=0.3491/0.3563/0.0566
up1 guide_mix: entropy=0.9330, raw_low=0.2752, plam_low=0.3225, decoder_low=0.3176, detail=0.0847; agreement plam/decoder=0.4276/-0.1359, support=0.5645+/-0.0764

========= Epoch [5/80] =========
RS1_Test_session_09.12_17h44
Training with batch size : 16
   [Train] Epoch: [5][20/357]  Loss:0.202 (Avg 0.2069) IoU:0.616 (Avg 0.6294) Dice:0.7397 (Avg 0.7477) LR 2.98e-04   (AvgTime 0.6)   
   [Train] Epoch: [5][40/357]  Loss:0.208 (Avg 0.2018) IoU:0.613 (Avg 0.6398) Dice:0.7463 (Avg 0.7551) LR 2.98e-04   (AvgTime 0.6)   
   [Train] Epoch: [5][60/357]  Loss:0.194 (Avg 0.2038) IoU:0.645 (Avg 0.6368) Dice:0.7637 (Avg 0.7514) LR 2.98e-04   (AvgTime 0.6)   
   [Train] Epoch: [5][80/357]  Loss:0.214 (Avg 0.2022) IoU:0.606 (Avg 0.6376) Dice:0.7341 (Avg 0.7524) LR 2.98e-04   (AvgTime 0.6)   
   [Train] Epoch: [5][100/357]  Loss:0.210 (Avg 0.1992) IoU:0.603 (Avg 0.6419) Dice:0.7159 (Avg 0.7565) LR 2.98e-04   (AvgTime 0.6)   
   [Train] Epoch: [5][120/357]  Loss:0.228 (Avg 0.1997) IoU:0.637 (Avg 0.6402) Dice:0.7598 (Avg 0.7556) LR 2.98e-04   (AvgTime 0.6)   
   [Train] Epoch: [5][140/357]  Loss:0.246 (Avg 0.2019) IoU:0.563 (Avg 0.6371) Dice:0.6899 (Avg 0.7529) LR 2.98e-04   (AvgTime 0.6)   
   [Train] Epoch: [5][160/357]  Loss:0.236 (Avg 0.2049) IoU:0.578 (Avg 0.6330) Dice:0.7064 (Avg 0.7494) LR 2.98e-04   (AvgTime 0.6)   
   [Train] Epoch: [5][180/357]  Loss:0.205 (Avg 0.2059) IoU:0.629 (Avg 0.6316) Dice:0.7409 (Avg 0.7481) LR 2.98e-04   (AvgTime 0.6)   
   [Train] Epoch: [5][200/357]  Loss:0.260 (Avg 0.2060) IoU:0.517 (Avg 0.6320) Dice:0.6493 (Avg 0.7485) LR 2.98e-04   (AvgTime 0.6)   
   [Train] Epoch: [5][220/357]  Loss:0.213 (Avg 0.2052) IoU:0.669 (Avg 0.6332) Dice:0.7708 (Avg 0.7495) LR 2.98e-04   (AvgTime 0.6)   
   [Train] Epoch: [5][240/357]  Loss:0.201 (Avg 0.2059) IoU:0.637 (Avg 0.6318) Dice:0.7402 (Avg 0.7482) LR 2.98e-04   (AvgTime 0.6)   
   [Train] Epoch: [5][260/357]  Loss:0.258 (Avg 0.2064) IoU:0.592 (Avg 0.6311) Dice:0.7145 (Avg 0.7477) LR 2.98e-04   (AvgTime 0.6)   
   [Train] Epoch: [5][280/357]  Loss:0.208 (Avg 0.2063) IoU:0.606 (Avg 0.6320) Dice:0.7416 (Avg 0.7483) LR 2.98e-04   (AvgTime 0.6)   
   [Train] Epoch: [5][300/357]  Loss:0.189 (Avg 0.2059) IoU:0.661 (Avg 0.6321) Dice:0.7709 (Avg 0.7484) LR 2.98e-04   (AvgTime 0.6)   
   [Train] Epoch: [5][320/357]  Loss:0.219 (Avg 0.2067) IoU:0.595 (Avg 0.6308) Dice:0.7070 (Avg 0.7471) LR 2.98e-04   (AvgTime 0.6)   
   [Train] Epoch: [5][340/357]  Loss:0.222 (Avg 0.2067) IoU:0.614 (Avg 0.6311) Dice:0.7212 (Avg 0.7472) LR 2.98e-04   (AvgTime 0.6)   
   [Train] Epoch: [5][357/357]  Loss:0.209 (Avg 0.2062) IoU:0.586 (Avg 0.6318) Dice:0.7229 (Avg 0.7480) LR 2.98e-04   (AvgTime 0.6)   
   [Train] Loss components: main_dice=0.217669, main_focal=0.069326, main=0.143498, region_raw=0.488869, region_weighted=0.062728, empty_window_fraction=0.000000, total=0.206226
Validation
   [Val] Epoch: [5][20/90]  Loss:0.214 (Avg 0.1856) IoU:0.618 (Avg 0.6646) Dice:0.7413 (Avg 0.7786) (AvgTime 0.3)   
   [Val] Epoch: [5][40/90]  Loss:0.201 (Avg 0.1948) IoU:0.606 (Avg 0.6475) Dice:0.7369 (Avg 0.7617) (AvgTime 0.3)   
   [Val] Epoch: [5][60/90]  Loss:0.226 (Avg 0.1879) IoU:0.600 (Avg 0.6551) Dice:0.7163 (Avg 0.7667) (AvgTime 0.3)   
   [Val] Epoch: [5][80/90]  Loss:0.179 (Avg 0.1888) IoU:0.651 (Avg 0.6508) Dice:0.7704 (Avg 0.7637) (AvgTime 0.2)   
   [Val] Epoch: [5][90/90]  Loss:0.221 (Avg 0.1901) IoU:0.587 (Avg 0.6483) Dice:0.7253 (Avg 0.7618) (AvgTime 0.2)   
   [Val] Loss components: main_dice=0.205822, main_focal=0.053742, main=0.129782, region_raw=0.469994, region_weighted=0.060306, empty_window_fraction=0.000000, total=0.190088
	 No iou improvement; selected epoch 1
	 early_stopping_count: 4/80
--- Epoch History (1..5) ---
Epoch |  TrainLoss |  TrainDice |  TrainIoU |    ValLoss |    ValDice |    ValIoU |         LR | Best
    1 |     0.3300 |     0.6064 |    0.4771 |     0.2665 |     0.6917 |    0.5661 |   3.00e-04 |    *
    2 |     0.2491 |     0.6986 |    0.5752 |     0.2503 |     0.7064 |    0.5831 |   3.00e-04 |     
    3 |     0.2238 |     0.7274 |    0.6082 |     0.2261 |     0.7490 |    0.6315 |   3.00e-04 |     
    4 |     0.2124 |     0.7413 |    0.6243 |     0.1852 |     0.7780 |    0.6672 |   2.99e-04 |     
    5 |     0.2062 |     0.7480 |    0.6318 |     0.1901 |     0.7618 |    0.6483 |   2.98e-04 |     
--- R2 plus final-map regional overlap: global validation statistics ---
up4: ca=0.8648+/-0.1378, sa=0.9989+/-0.0061, amp=0.0000, suppress=0.0000, guide_abs=0.3320
up4 residuals: local_mean=2.377e-03, global_mean=-0.0133, local_strength=0.0932, global_strength=0.0988, gain=[0.9716,1.0271], saturation=0.0000, text_film=0.0045
up4 haar: reconstruction_error=9.537e-07, skip_low/high=0.7951/0.2049, plam_low/high=1.0000/0.0000
up4 strengths: plam=0.9868, region=0.0932, detail=0.0988; residual_std region/detail/refine=0.0060/0.4010/0.2226
up4 guide_mix: entropy=0.9790, raw_low=0.3009, plam_low=0.2590, decoder_low=0.2865, detail=0.1536; agreement plam/decoder=0.4033/0.6501, support=0.5114+/-0.0058
up4 adaptive_frequency: ALPF strength=0.2150, weights=0.2045/0.5251/0.2704, sum=1.0000, entropy=0.8737, delta_std=0.1423; AHPF strength=0.0829, weights=0.4821/0.3676/0.1503, sum=1.0000, entropy=0.8609, residual_std=0.1432, scaled_std=0.0119
up3: ca=0.9738+/-0.1797, sa=0.9945+/-0.0122, amp=0.0000, suppress=0.0000, guide_abs=0.2978
up3 residuals: local_mean=-2.858e-02, global_mean=-0.0229, local_strength=0.1064, global_strength=0.1090, gain=[0.9343,1.0453], saturation=0.0786, text_film=0.0205
up3 haar: reconstruction_error=6.855e-07, skip_low/high=0.7778/0.2222, plam_low/high=1.0000/0.0000
up3 strengths: plam=0.9818, region=0.1064, detail=0.1090; residual_std region/detail/refine=0.3689/0.5054/0.3101
up3 guide_mix: entropy=0.9795, raw_low=0.2920, plam_low=0.2757, decoder_low=0.2797, detail=0.1526; agreement plam/decoder=0.8131/-0.1202, support=0.7851+/-0.1096
up3 adaptive_frequency: ALPF strength=0.2201, weights=0.1884/0.6366/0.1750, sum=1.0000, entropy=0.8154, delta_std=0.0775; AHPF strength=0.0896, weights=0.4378/0.3619/0.2003, sum=1.0000, entropy=0.9170, residual_std=0.1463, scaled_std=0.0131
up2: ca=0.8902+/-0.1541, sa=0.9973+/-0.0074, amp=0.0000, suppress=0.0000, guide_abs=0.3153
up2 residuals: local_mean=-2.326e-02, global_mean=-0.0010, local_strength=0.1127, global_strength=0.1055, gain=[0.9436,1.0532], saturation=0.0000, text_film=0.0290
up2 haar: reconstruction_error=1.073e-06, skip_low/high=0.8286/0.1714, plam_low/high=1.0000/0.0000
up2 strengths: plam=0.9744, region=0.1127, detail=0.1055; residual_std region/detail/refine=0.3199/0.3755/0.2377
up2 guide_mix: entropy=0.9605, raw_low=0.2922, plam_low=0.2948, decoder_low=0.2953, detail=0.1176; agreement plam/decoder=0.6065/-0.3313, support=0.6511+/-0.0876
up1: ca=0.8999+/-0.1461, sa=0.9965+/-0.0139, amp=0.0000, suppress=0.0000, guide_abs=0.2597
up1 residuals: local_mean=-2.343e-02, global_mean=-0.0101, local_strength=0.1135, global_strength=0.1009, gain=[0.9002,1.0917], saturation=0.0000, text_film=0.0211
up1 haar: reconstruction_error=1.907e-06, skip_low/high=0.7741/0.2259, plam_low/high=1.0000/0.0000
up1 strengths: plam=0.9692, region=0.1135, detail=0.1009; residual_std region/detail/refine=0.3173/0.3542/0.0572
up1 guide_mix: entropy=0.9404, raw_low=0.2882, plam_low=0.3084, decoder_low=0.3117, detail=0.0916; agreement plam/decoder=0.6681/-0.1048, support=0.5689+/-0.0780

========= Epoch [6/80] =========
RS1_Test_session_09.12_17h44
Training with batch size : 16
   [Train] Epoch: [6][20/357]  Loss:0.194 (Avg 0.1988) IoU:0.634 (Avg 0.6413) Dice:0.7526 (Avg 0.7550) LR 2.97e-04   (AvgTime 0.6)   
   [Train] Epoch: [6][40/357]  Loss:0.221 (Avg 0.1995) IoU:0.624 (Avg 0.6459) Dice:0.7343 (Avg 0.7584) LR 2.97e-04   (AvgTime 0.6)   
   [Train] Epoch: [6][60/357]  Loss:0.229 (Avg 0.1981) IoU:0.617 (Avg 0.6480) Dice:0.7165 (Avg 0.7607) LR 2.97e-04   (AvgTime 0.6)   
   [Train] Epoch: [6][80/357]  Loss:0.196 (Avg 0.2026) IoU:0.635 (Avg 0.6380) Dice:0.7483 (Avg 0.7532) LR 2.97e-04   (AvgTime 0.6)   
   [Train] Epoch: [6][100/357]  Loss:0.229 (Avg 0.2022) IoU:0.600 (Avg 0.6380) Dice:0.7092 (Avg 0.7535) LR 2.97e-04   (AvgTime 0.6)   
   [Train] Epoch: [6][120/357]  Loss:0.160 (Avg 0.2024) IoU:0.716 (Avg 0.6370) Dice:0.8187 (Avg 0.7528) LR 2.97e-04   (AvgTime 0.6)   
   [Train] Epoch: [6][140/357]  Loss:0.222 (Avg 0.2019) IoU:0.574 (Avg 0.6376) Dice:0.7091 (Avg 0.7534) LR 2.97e-04   (AvgTime 0.6)   
   [Train] Epoch: [6][160/357]  Loss:0.249 (Avg 0.2016) IoU:0.554 (Avg 0.6381) Dice:0.6746 (Avg 0.7535) LR 2.97e-04   (AvgTime 0.6)   
   [Train] Epoch: [6][180/357]  Loss:0.173 (Avg 0.2024) IoU:0.685 (Avg 0.6382) Dice:0.7997 (Avg 0.7535) LR 2.97e-04   (AvgTime 0.6)   
   [Train] Epoch: [6][200/357]  Loss:0.183 (Avg 0.2016) IoU:0.660 (Avg 0.6393) Dice:0.7678 (Avg 0.7544) LR 2.97e-04   (AvgTime 0.6)   
   [Train] Epoch: [6][220/357]  Loss:0.195 (Avg 0.2011) IoU:0.625 (Avg 0.6398) Dice:0.7434 (Avg 0.7546) LR 2.97e-04   (AvgTime 0.6)   
   [Train] Epoch: [6][240/357]  Loss:0.191 (Avg 0.2014) IoU:0.654 (Avg 0.6400) Dice:0.7627 (Avg 0.7548) LR 2.97e-04   (AvgTime 0.6)   
   [Train] Epoch: [6][260/357]  Loss:0.209 (Avg 0.2017) IoU:0.613 (Avg 0.6393) Dice:0.7333 (Avg 0.7542) LR 2.97e-04   (AvgTime 0.6)   
   [Train] Epoch: [6][280/357]  Loss:0.172 (Avg 0.2022) IoU:0.689 (Avg 0.6389) Dice:0.7972 (Avg 0.7538) LR 2.97e-04   (AvgTime 0.6)   
   [Train] Epoch: [6][300/357]  Loss:0.246 (Avg 0.2011) IoU:0.527 (Avg 0.6406) Dice:0.6716 (Avg 0.7553) LR 2.97e-04   (AvgTime 0.6)   
   [Train] Epoch: [6][320/357]  Loss:0.195 (Avg 0.2006) IoU:0.654 (Avg 0.6412) Dice:0.7610 (Avg 0.7559) LR 2.97e-04   (AvgTime 0.6)   
   [Train] Epoch: [6][340/357]  Loss:0.231 (Avg 0.2006) IoU:0.621 (Avg 0.6410) Dice:0.7378 (Avg 0.7557) LR 2.97e-04   (AvgTime 0.6)   
   [Train] Epoch: [6][357/357]  Loss:0.203 (Avg 0.2002) IoU:0.632 (Avg 0.6416) Dice:0.7536 (Avg 0.7563) LR 2.97e-04   (AvgTime 0.6)   
   [Train] Loss components: main_dice=0.210355, main_focal=0.067931, main=0.139143, region_raw=0.475829, region_weighted=0.061055, empty_window_fraction=0.000000, total=0.200197
Validation
   [Val] Epoch: [6][20/90]  Loss:0.224 (Avg 0.1839) IoU:0.614 (Avg 0.6897) Dice:0.7413 (Avg 0.7987) (AvgTime 0.3)   
   [Val] Epoch: [6][40/90]  Loss:0.186 (Avg 0.1925) IoU:0.658 (Avg 0.6715) Dice:0.7806 (Avg 0.7816) (AvgTime 0.2)   
   [Val] Epoch: [6][60/90]  Loss:0.223 (Avg 0.1830) IoU:0.620 (Avg 0.6831) Dice:0.7355 (Avg 0.7899) (AvgTime 0.2)   
   [Val] Epoch: [6][80/90]  Loss:0.162 (Avg 0.1820) IoU:0.708 (Avg 0.6832) Dice:0.8156 (Avg 0.7902) (AvgTime 0.2)   
   [Val] Epoch: [6][90/90]  Loss:0.215 (Avg 0.1824) IoU:0.578 (Avg 0.6820) Dice:0.7149 (Avg 0.7892) (AvgTime 0.2)   
   [Val] Loss components: main_dice=0.184852, main_focal=0.063469, main=0.124161, region_raw=0.453561, region_weighted=0.058197, empty_window_fraction=0.000000, total=0.182358
	 Saving best model by iou: 0.681981
	 Saving to Covid19/BetterLViT/rs1_global_iou/RS1_Test_session_09.12_17h44/models//best_model-BetterLViT.pth.tar
	 early_stopping_count: 0/80
--- Epoch History (1..6) ---
Epoch |  TrainLoss |  TrainDice |  TrainIoU |    ValLoss |    ValDice |    ValIoU |         LR | Best
    1 |     0.3300 |     0.6064 |    0.4771 |     0.2665 |     0.6917 |    0.5661 |   3.00e-04 |     
    2 |     0.2491 |     0.6986 |    0.5752 |     0.2503 |     0.7064 |    0.5831 |   3.00e-04 |     
    3 |     0.2238 |     0.7274 |    0.6082 |     0.2261 |     0.7490 |    0.6315 |   3.00e-04 |     
    4 |     0.2124 |     0.7413 |    0.6243 |     0.1852 |     0.7780 |    0.6672 |   2.99e-04 |     
    5 |     0.2062 |     0.7480 |    0.6318 |     0.1901 |     0.7618 |    0.6483 |   2.98e-04 |     
    6 |     0.2002 |     0.7563 |    0.6416 |     0.1824 |     0.7892 |    0.6820 |   2.97e-04 |    *
--- R2 plus final-map regional overlap: global validation statistics ---
up4: ca=0.8796+/-0.1516, sa=0.9971+/-0.0064, amp=0.0000, suppress=0.0000, guide_abs=0.3818
up4 residuals: local_mean=2.601e-03, global_mean=-0.0316, local_strength=0.0922, global_strength=0.0991, gain=[0.9665,1.0205], saturation=0.0000, text_film=0.0045
up4 haar: reconstruction_error=9.537e-07, skip_low/high=0.7904/0.2096, plam_low/high=1.0000/0.0000
up4 strengths: plam=0.9840, region=0.0922, detail=0.0991; residual_std region/detail/refine=0.0062/0.4570/0.2888
up4 guide_mix: entropy=0.9811, raw_low=0.3030, plam_low=0.2563, decoder_low=0.2816, detail=0.1591; agreement plam/decoder=0.4876/0.8858, support=0.5055+/-0.0048
up4 adaptive_frequency: ALPF strength=0.2168, weights=0.1757/0.5751/0.2492, sum=1.0000, entropy=0.8595, delta_std=0.1479; AHPF strength=0.0828, weights=0.5305/0.3344/0.1352, sum=1.0000, entropy=0.8372, residual_std=0.1414, scaled_std=0.0117
up3: ca=0.9854+/-0.1834, sa=0.9948+/-0.0135, amp=0.0000, suppress=0.0000, guide_abs=0.2571
up3 residuals: local_mean=-2.556e-02, global_mean=-0.0232, local_strength=0.1069, global_strength=0.1099, gain=[0.9288,1.0628], saturation=0.0750, text_film=0.0199
up3 haar: reconstruction_error=9.537e-07, skip_low/high=0.7793/0.2207, plam_low/high=1.0000/0.0000
up3 strengths: plam=0.9781, region=0.1069, detail=0.1099; residual_std region/detail/refine=0.3912/0.5418/0.3424
up3 guide_mix: entropy=0.9799, raw_low=0.2962, plam_low=0.2649, decoder_low=0.2845, detail=0.1544; agreement plam/decoder=0.8305/-0.1478, support=0.7679+/-0.1060
up3 adaptive_frequency: ALPF strength=0.2227, weights=0.2178/0.5953/0.1869, sum=1.0000, entropy=0.8285, delta_std=0.0814; AHPF strength=0.0903, weights=0.3805/0.3628/0.2567, sum=1.0000, entropy=0.8976, residual_std=0.1830, scaled_std=0.0165
up2: ca=0.9075+/-0.1478, sa=0.9979+/-0.0071, amp=0.0000, suppress=0.0000, guide_abs=0.2861
up2 residuals: local_mean=-2.239e-02, global_mean=0.0041, local_strength=0.1130, global_strength=0.1062, gain=[0.9461,1.0533], saturation=0.0000, text_film=0.0303
up2 haar: reconstruction_error=1.252e-06, skip_low/high=0.8296/0.1704, plam_low/high=1.0000/0.0000
up2 strengths: plam=0.9696, region=0.1130, detail=0.1062; residual_std region/detail/refine=0.3602/0.3819/0.2415
up2 guide_mix: entropy=0.9599, raw_low=0.2931, plam_low=0.2946, decoder_low=0.2957, detail=0.1166; agreement plam/decoder=0.5698/-0.3096, support=0.6372+/-0.0846
up1: ca=0.9115+/-0.1324, sa=0.9969+/-0.0144, amp=0.0000, suppress=0.0000, guide_abs=0.2402
up1 residuals: local_mean=-2.255e-02, global_mean=-0.0065, local_strength=0.1143, global_strength=0.1010, gain=[0.9013,1.0923], saturation=0.0003, text_film=0.0226
up1 haar: reconstruction_error=1.907e-06, skip_low/high=0.7638/0.2362, plam_low/high=1.0000/0.0000
up1 strengths: plam=0.9647, region=0.1143, detail=0.1010; residual_std region/detail/refine=0.3694/0.3580/0.0617
up1 guide_mix: entropy=0.9346, raw_low=0.2713, plam_low=0.3300, decoder_low=0.3116, detail=0.0871; agreement plam/decoder=0.6036/-0.1541, support=0.5675+/-0.0754

========= Epoch [7/80] =========
RS1_Test_session_09.12_17h44
Training with batch size : 16
   [Train] Epoch: [7][20/357]  Loss:0.156 (Avg 0.1815) IoU:0.698 (Avg 0.6724) Dice:0.8077 (Avg 0.7811) LR 2.96e-04   (AvgTime 0.6)   
   [Train] Epoch: [7][40/357]  Loss:0.166 (Avg 0.1889) IoU:0.686 (Avg 0.6592) Dice:0.8034 (Avg 0.7706) LR 2.96e-04   (AvgTime 0.6)   
   [Train] Epoch: [7][60/357]  Loss:0.250 (Avg 0.1905) IoU:0.578 (Avg 0.6559) Dice:0.6882 (Avg 0.7678) LR 2.96e-04   (AvgTime 0.6)   
   [Train] Epoch: [7][80/357]  Loss:0.192 (Avg 0.1891) IoU:0.617 (Avg 0.6569) Dice:0.7468 (Avg 0.7696) LR 2.96e-04   (AvgTime 0.6)   
   [Train] Epoch: [7][100/357]  Loss:0.178 (Avg 0.1908) IoU:0.663 (Avg 0.6552) Dice:0.7793 (Avg 0.7681) LR 2.96e-04   (AvgTime 0.6)   
   [Train] Epoch: [7][120/357]  Loss:0.175 (Avg 0.1918) IoU:0.679 (Avg 0.6532) Dice:0.7936 (Avg 0.7664) LR 2.96e-04   (AvgTime 0.6)   
   [Train] Epoch: [7][140/357]  Loss:0.151 (Avg 0.1930) IoU:0.703 (Avg 0.6510) Dice:0.8181 (Avg 0.7644) LR 2.96e-04   (AvgTime 0.6)   
   [Train] Epoch: [7][160/357]  Loss:0.159 (Avg 0.1933) IoU:0.703 (Avg 0.6516) Dice:0.8105 (Avg 0.7646) LR 2.96e-04   (AvgTime 0.6)   
   [Train] Epoch: [7][180/357]  Loss:0.220 (Avg 0.1943) IoU:0.570 (Avg 0.6503) Dice:0.7004 (Avg 0.7634) LR 2.96e-04   (AvgTime 0.6)   
   [Train] Epoch: [7][200/357]  Loss:0.212 (Avg 0.1969) IoU:0.606 (Avg 0.6477) Dice:0.7318 (Avg 0.7613) LR 2.96e-04   (AvgTime 0.6)   
   [Train] Epoch: [7][220/357]  Loss:0.176 (Avg 0.1969) IoU:0.679 (Avg 0.6475) Dice:0.7887 (Avg 0.7610) LR 2.96e-04   (AvgTime 0.6)   
   [Train] Epoch: [7][240/357]  Loss:0.188 (Avg 0.1960) IoU:0.635 (Avg 0.6487) Dice:0.7453 (Avg 0.7621) LR 2.96e-04   (AvgTime 0.6)   
   [Train] Epoch: [7][260/357]  Loss:0.247 (Avg 0.1962) IoU:0.582 (Avg 0.6482) Dice:0.6946 (Avg 0.7616) LR 2.96e-04   (AvgTime 0.6)   
   [Train] Epoch: [7][280/357]  Loss:0.190 (Avg 0.1960) IoU:0.653 (Avg 0.6482) Dice:0.7786 (Avg 0.7614) LR 2.96e-04   (AvgTime 0.6)   
   [Train] Epoch: [7][300/357]  Loss:0.223 (Avg 0.1968) IoU:0.600 (Avg 0.6467) Dice:0.7062 (Avg 0.7602) LR 2.96e-04   (AvgTime 0.6)   
   [Train] Epoch: [7][320/357]  Loss:0.139 (Avg 0.1971) IoU:0.741 (Avg 0.6463) Dice:0.8392 (Avg 0.7600) LR 2.96e-04   (AvgTime 0.6)   
   [Train] Epoch: [7][340/357]  Loss:0.206 (Avg 0.1969) IoU:0.611 (Avg 0.6466) Dice:0.7423 (Avg 0.7603) LR 2.96e-04   (AvgTime 0.6)   
   [Train] Epoch: [7][357/357]  Loss:0.284 (Avg 0.1965) IoU:0.484 (Avg 0.6471) Dice:0.6285 (Avg 0.7605) LR 2.96e-04   (AvgTime 0.6)   
   [Train] Loss components: main_dice=0.205789, main_focal=0.067530, main=0.136660, region_raw=0.466340, region_weighted=0.059837, empty_window_fraction=0.000000, total=0.196497
Validation
   [Val] Epoch: [7][20/90]  Loss:0.222 (Avg 0.1878) IoU:0.627 (Avg 0.6803) Dice:0.7449 (Avg 0.7914) (AvgTime 0.3)   
   [Val] Epoch: [7][40/90]  Loss:0.188 (Avg 0.1968) IoU:0.653 (Avg 0.6599) Dice:0.7701 (Avg 0.7723) (AvgTime 0.3)   
   [Val] Epoch: [7][60/90]  Loss:0.246 (Avg 0.1877) IoU:0.599 (Avg 0.6693) Dice:0.7184 (Avg 0.7792) (AvgTime 0.3)   
   [Val] Epoch: [7][80/90]  Loss:0.162 (Avg 0.1867) IoU:0.688 (Avg 0.6678) Dice:0.8016 (Avg 0.7780) (AvgTime 0.3)   
   [Val] Epoch: [7][90/90]  Loss:0.216 (Avg 0.1870) IoU:0.583 (Avg 0.6673) Dice:0.7170 (Avg 0.7776) (AvgTime 0.3)   
   [Val] Loss components: main_dice=0.188772, main_focal=0.072482, main=0.130627, region_raw=0.439298, region_weighted=0.056367, empty_window_fraction=0.000000, total=0.186994
	 No iou improvement; selected epoch 6
	 early_stopping_count: 1/80
--- Epoch History (1..7) ---
Epoch |  TrainLoss |  TrainDice |  TrainIoU |    ValLoss |    ValDice |    ValIoU |         LR | Best
    1 |     0.3300 |     0.6064 |    0.4771 |     0.2665 |     0.6917 |    0.5661 |   3.00e-04 |     
    2 |     0.2491 |     0.6986 |    0.5752 |     0.2503 |     0.7064 |    0.5831 |   3.00e-04 |     
    3 |     0.2238 |     0.7274 |    0.6082 |     0.2261 |     0.7490 |    0.6315 |   3.00e-04 |     
    4 |     0.2124 |     0.7413 |    0.6243 |     0.1852 |     0.7780 |    0.6672 |   2.99e-04 |     
    5 |     0.2062 |     0.7480 |    0.6318 |     0.1901 |     0.7618 |    0.6483 |   2.98e-04 |     
    6 |     0.2002 |     0.7563 |    0.6416 |     0.1824 |     0.7892 |    0.6820 |   2.97e-04 |    *
    7 |     0.1965 |     0.7605 |    0.6471 |     0.1870 |     0.7776 |    0.6673 |   2.96e-04 |     
--- R2 plus final-map regional overlap: global validation statistics ---
up4: ca=0.8364+/-0.1693, sa=0.9979+/-0.0058, amp=0.0000, suppress=0.0000, guide_abs=0.3304
up4 residuals: local_mean=2.843e-03, global_mean=-0.0244, local_strength=0.0921, global_strength=0.0993, gain=[0.9753,1.0178], saturation=0.0000, text_film=0.0043
up4 haar: reconstruction_error=5.364e-07, skip_low/high=0.8036/0.1964, plam_low/high=1.0000/0.0000
up4 strengths: plam=0.9825, region=0.0921, detail=0.0993; residual_std region/detail/refine=0.0064/0.4164/0.2764
up4 guide_mix: entropy=0.9771, raw_low=0.3009, plam_low=0.2631, decoder_low=0.2871, detail=0.1489; agreement plam/decoder=0.5947/0.8812, support=0.4920+/-0.0018
up4 adaptive_frequency: ALPF strength=0.2184, weights=0.1692/0.6319/0.1989, sum=1.0000, entropy=0.8213, delta_std=0.1449; AHPF strength=0.0823, weights=0.6031/0.2813/0.1155, sum=1.0000, entropy=0.7871, residual_std=0.1108, scaled_std=0.0091
up3: ca=0.9799+/-0.1959, sa=0.9955+/-0.0122, amp=0.0000, suppress=0.0000, guide_abs=0.2664
up3 residuals: local_mean=-2.615e-02, global_mean=-0.0164, local_strength=0.1071, global_strength=0.1107, gain=[0.9306,1.0484], saturation=0.0283, text_film=0.0247
up3 haar: reconstruction_error=9.537e-07, skip_low/high=0.7927/0.2073, plam_low/high=1.0000/0.0000
up3 strengths: plam=0.9753, region=0.1071, detail=0.1107; residual_std region/detail/refine=0.3882/0.5732/0.3998
up3 guide_mix: entropy=0.9782, raw_low=0.3176, plam_low=0.2513, decoder_low=0.2753, detail=0.1558; agreement plam/decoder=0.9118/-0.1277, support=0.7606+/-0.0927
up3 adaptive_frequency: ALPF strength=0.2261, weights=0.1704/0.5628/0.2668, sum=1.0000, entropy=0.8043, delta_std=0.0902; AHPF strength=0.0908, weights=0.4401/0.3144/0.2455, sum=1.0000, entropy=0.8828, residual_std=0.1693, scaled_std=0.0154
up2: ca=0.8940+/-0.1548, sa=0.9984+/-0.0067, amp=0.0000, suppress=0.0000, guide_abs=0.2868
up2 residuals: local_mean=-2.202e-02, global_mean=0.0087, local_strength=0.1131, global_strength=0.1067, gain=[0.9442,1.0564], saturation=0.0000, text_film=0.0267
up2 haar: reconstruction_error=9.537e-07, skip_low/high=0.8259/0.1741, plam_low/high=1.0000/0.0000
up2 strengths: plam=0.9657, region=0.1131, detail=0.1067; residual_std region/detail/refine=0.3453/0.3833/0.2510
up2 guide_mix: entropy=0.9612, raw_low=0.2955, plam_low=0.2830, decoder_low=0.3023, detail=0.1191; agreement plam/decoder=0.4092/-0.2462, support=0.6258+/-0.0812
up1: ca=0.9114+/-0.1491, sa=0.9973+/-0.0140, amp=0.0000, suppress=0.0000, guide_abs=0.2203
up1 residuals: local_mean=-1.882e-02, global_mean=-0.0066, local_strength=0.1150, global_strength=0.1011, gain=[0.9016,1.0928], saturation=0.0000, text_film=0.0213
up1 haar: reconstruction_error=1.431e-06, skip_low/high=0.7581/0.2419, plam_low/high=1.0000/0.0000
up1 strengths: plam=0.9612, region=0.1150, detail=0.1011; residual_std region/detail/refine=0.3505/0.3502/0.0737
up1 guide_mix: entropy=0.9394, raw_low=0.2764, plam_low=0.3042, decoder_low=0.3277, detail=0.0918; agreement plam/decoder=0.4307/-0.1228, support=0.5716+/-0.0818

========= Epoch [8/80] =========
RS1_Test_session_09.12_17h44
Training with batch size : 16
   [Train] Epoch: [8][20/357]  Loss:0.183 (Avg 0.2000) IoU:0.676 (Avg 0.6407) Dice:0.7892 (Avg 0.7568) LR 2.94e-04   (AvgTime 0.6)   
   [Train] Epoch: [8][40/357]  Loss:0.156 (Avg 0.1902) IoU:0.722 (Avg 0.6546) Dice:0.8178 (Avg 0.7691) LR 2.94e-04   (AvgTime 0.6)   
   [Train] Epoch: [8][60/357]  Loss:0.149 (Avg 0.1873) IoU:0.738 (Avg 0.6591) Dice:0.8399 (Avg 0.7727) LR 2.94e-04   (AvgTime 0.6)   
   [Train] Epoch: [8][80/357]  Loss:0.183 (Avg 0.1922) IoU:0.660 (Avg 0.6515) Dice:0.7794 (Avg 0.7655) LR 2.94e-04   (AvgTime 0.6)   
   [Train] Epoch: [8][100/357]  Loss:0.213 (Avg 0.1924) IoU:0.580 (Avg 0.6501) Dice:0.7088 (Avg 0.7643) LR 2.94e-04   (AvgTime 0.6)   
   [Train] Epoch: [8][120/357]  Loss:0.178 (Avg 0.1935) IoU:0.659 (Avg 0.6486) Dice:0.7819 (Avg 0.7630) LR 2.94e-04   (AvgTime 0.6)   
   [Train] Epoch: [8][140/357]  Loss:0.170 (Avg 0.1938) IoU:0.675 (Avg 0.6478) Dice:0.7972 (Avg 0.7623) LR 2.94e-04   (AvgTime 0.6)   
   [Train] Epoch: [8][160/357]  Loss:0.183 (Avg 0.1917) IoU:0.701 (Avg 0.6518) Dice:0.7924 (Avg 0.7656) LR 2.94e-04   (AvgTime 0.6)   
   [Train] Epoch: [8][180/357]  Loss:0.093 (Avg 0.1895) IoU:0.827 (Avg 0.6557) Dice:0.9037 (Avg 0.7688) LR 2.94e-04   (AvgTime 0.6)   
   [Train] Epoch: [8][200/357]  Loss:0.180 (Avg 0.1898) IoU:0.703 (Avg 0.6561) Dice:0.7937 (Avg 0.7689) LR 2.94e-04   (AvgTime 0.6)   
   [Train] Epoch: [8][220/357]  Loss:0.248 (Avg 0.1911) IoU:0.556 (Avg 0.6543) Dice:0.6772 (Avg 0.7674) LR 2.94e-04   (AvgTime 0.6)   
   [Train] Epoch: [8][240/357]  Loss:0.159 (Avg 0.1917) IoU:0.729 (Avg 0.6534) Dice:0.8293 (Avg 0.7664) LR 2.94e-04   (AvgTime 0.6)   
   [Train] Epoch: [8][260/357]  Loss:0.325 (Avg 0.1914) IoU:0.424 (Avg 0.6538) Dice:0.5368 (Avg 0.7666) LR 2.94e-04   (AvgTime 0.6)   
   [Train] Epoch: [8][280/357]  Loss:0.187 (Avg 0.1917) IoU:0.646 (Avg 0.6540) Dice:0.7639 (Avg 0.7668) LR 2.94e-04   (AvgTime 0.6)   
   [Train] Epoch: [8][300/357]  Loss:0.161 (Avg 0.1923) IoU:0.705 (Avg 0.6529) Dice:0.8218 (Avg 0.7660) LR 2.94e-04   (AvgTime 0.6)   
   [Train] Epoch: [8][320/357]  Loss:0.194 (Avg 0.1924) IoU:0.631 (Avg 0.6526) Dice:0.7411 (Avg 0.7659) LR 2.94e-04   (AvgTime 0.6)   
   [Train] Epoch: [8][340/357]  Loss:0.214 (Avg 0.1921) IoU:0.588 (Avg 0.6531) Dice:0.7093 (Avg 0.7660) LR 2.94e-04   (AvgTime 0.6)   
   [Train] Epoch: [8][357/357]  Loss:0.215 (Avg 0.1919) IoU:0.645 (Avg 0.6535) Dice:0.7410 (Avg 0.7663) LR 2.94e-04   (AvgTime 0.6)   
   [Train] Loss components: main_dice=0.200769, main_focal=0.065632, main=0.133201, region_raw=0.457326, region_weighted=0.058680, empty_window_fraction=0.000000, total=0.191881
Validation
   [Val] Epoch: [8][20/90]  Loss:0.213 (Avg 0.1760) IoU:0.633 (Avg 0.6876) Dice:0.7557 (Avg 0.7981) (AvgTime 0.3)   
   [Val] Epoch: [8][40/90]  Loss:0.181 (Avg 0.1860) IoU:0.658 (Avg 0.6685) Dice:0.7804 (Avg 0.7798) (AvgTime 0.2)   
   [Val] Epoch: [8][60/90]  Loss:0.216 (Avg 0.1777) IoU:0.622 (Avg 0.6765) Dice:0.7342 (Avg 0.7861) (AvgTime 0.2)   
   [Val] Epoch: [8][80/90]  Loss:0.156 (Avg 0.1771) IoU:0.711 (Avg 0.6741) Dice:0.8164 (Avg 0.7845) (AvgTime 0.2)   
   [Val] Epoch: [8][90/90]  Loss:0.228 (Avg 0.1781) IoU:0.558 (Avg 0.6722) Dice:0.6968 (Avg 0.7828) (AvgTime 0.2)   
   [Val] Loss components: main_dice=0.185548, main_focal=0.056710, main=0.121129, region_raw=0.444113, region_weighted=0.056985, empty_window_fraction=0.000000, total=0.178114
	 No iou improvement; selected epoch 6
	 early_stopping_count: 2/80
--- Epoch History (1..8) ---
Epoch |  TrainLoss |  TrainDice |  TrainIoU |    ValLoss |    ValDice |    ValIoU |         LR | Best
    1 |     0.3300 |     0.6064 |    0.4771 |     0.2665 |     0.6917 |    0.5661 |   3.00e-04 |     
    2 |     0.2491 |     0.6986 |    0.5752 |     0.2503 |     0.7064 |    0.5831 |   3.00e-04 |     
    3 |     0.2238 |     0.7274 |    0.6082 |     0.2261 |     0.7490 |    0.6315 |   3.00e-04 |     
    4 |     0.2124 |     0.7413 |    0.6243 |     0.1852 |     0.7780 |    0.6672 |   2.99e-04 |     
    5 |     0.2062 |     0.7480 |    0.6318 |     0.1901 |     0.7618 |    0.6483 |   2.98e-04 |     
    6 |     0.2002 |     0.7563 |    0.6416 |     0.1824 |     0.7892 |    0.6820 |   2.97e-04 |    *
    7 |     0.1965 |     0.7605 |    0.6471 |     0.1870 |     0.7776 |    0.6673 |   2.96e-04 |     
    8 |     0.1919 |     0.7663 |    0.6535 |     0.1781 |     0.7828 |    0.6722 |   2.94e-04 |     
--- R2 plus final-map regional overlap: global validation statistics ---
up4: ca=0.8533+/-0.1520, sa=0.9984+/-0.0054, amp=0.0000, suppress=0.0000, guide_abs=0.3496
up4 residuals: local_mean=2.320e-03, global_mean=-0.0192, local_strength=0.0910, global_strength=0.0995, gain=[0.9765,1.0171], saturation=0.0000, text_film=0.0050
up4 haar: reconstruction_error=5.960e-07, skip_low/high=0.8018/0.1982, plam_low/high=1.0000/0.0000
up4 strengths: plam=0.9804, region=0.0910, detail=0.0995; residual_std region/detail/refine=0.0238/0.4231/0.2922
up4 guide_mix: entropy=0.9778, raw_low=0.3021, plam_low=0.2493, decoder_low=0.2954, detail=0.1532; agreement plam/decoder=0.7850/0.7497, support=0.4863+/-0.0001
up4 adaptive_frequency: ALPF strength=0.2200, weights=0.1423/0.6332/0.2245, sum=1.0000, entropy=0.7926, delta_std=0.1440; AHPF strength=0.0819, weights=0.6327/0.2593/0.1080, sum=1.0000, entropy=0.7618, residual_std=0.0988, scaled_std=0.0081
up3: ca=0.9987+/-0.1896, sa=0.9970+/-0.0108, amp=0.0000, suppress=0.0000, guide_abs=0.2506
up3 residuals: local_mean=-2.213e-02, global_mean=-0.0059, local_strength=0.1073, global_strength=0.1115, gain=[0.9445,1.0454], saturation=0.0574, text_film=0.0183
up3 haar: reconstruction_error=9.537e-07, skip_low/high=0.7809/0.2191, plam_low/high=1.0000/0.0000
up3 strengths: plam=0.9723, region=0.1073, detail=0.1115; residual_std region/detail/refine=0.3897/0.5662/0.3996
up3 guide_mix: entropy=0.9795, raw_low=0.3044, plam_low=0.2532, decoder_low=0.2863, detail=0.1561; agreement plam/decoder=0.8452/-0.1920, support=0.7448+/-0.1118
up3 adaptive_frequency: ALPF strength=0.2294, weights=0.1682/0.5140/0.3178, sum=1.0000, entropy=0.8413, delta_std=0.0877; AHPF strength=0.0917, weights=0.5243/0.2940/0.1818, sum=1.0000, entropy=0.8464, residual_std=0.1419, scaled_std=0.0130
up2: ca=0.9328+/-0.1458, sa=0.9987+/-0.0063, amp=0.0000, suppress=0.0000, guide_abs=0.2859
up2 residuals: local_mean=-1.933e-02, global_mean=0.0087, local_strength=0.1133, global_strength=0.1072, gain=[0.9511,1.0532], saturation=0.0000, text_film=0.0291
up2 haar: reconstruction_error=1.371e-06, skip_low/high=0.8195/0.1805, plam_low/high=1.0000/0.0000
up2 strengths: plam=0.9621, region=0.1133, detail=0.1072; residual_std region/detail/refine=0.2893/0.3955/0.2649
up2 guide_mix: entropy=0.9612, raw_low=0.2808, plam_low=0.2935, decoder_low=0.3065, detail=0.1192; agreement plam/decoder=0.4862/-0.5037, support=0.6496+/-0.0815
up1: ca=0.9212+/-0.1453, sa=0.9978+/-0.0139, amp=0.0000, suppress=0.0000, guide_abs=0.2265
up1 residuals: local_mean=-1.671e-02, global_mean=-0.0040, local_strength=0.1153, global_strength=0.1018, gain=[0.9013,1.0941], saturation=0.0000, text_film=0.0245
up1 haar: reconstruction_error=1.431e-06, skip_low/high=0.7662/0.2338, plam_low/high=1.0000/0.0000
up1 strengths: plam=0.9584, region=0.1153, detail=0.1018; residual_std region/detail/refine=0.3318/0.3607/0.0838
up1 guide_mix: entropy=0.9367, raw_low=0.2712, plam_low=0.3228, decoder_low=0.3168, detail=0.0891; agreement plam/decoder=0.4185/-0.0821, support=0.5715+/-0.0767

========= Epoch [9/80] =========
RS1_Test_session_09.12_17h44
Training with batch size : 16
   [Train] Epoch: [9][20/357]  Loss:0.178 (Avg 0.1827) IoU:0.699 (Avg 0.6620) Dice:0.8092 (Avg 0.7763) LR 2.92e-04   (AvgTime 0.6)   
   [Train] Epoch: [9][40/357]  Loss:0.209 (Avg 0.1908) IoU:0.676 (Avg 0.6519) Dice:0.7735 (Avg 0.7653) LR 2.92e-04   (AvgTime 0.6)   
   [Train] Epoch: [9][60/357]  Loss:0.196 (Avg 0.1892) IoU:0.649 (Avg 0.6553) Dice:0.7728 (Avg 0.7673) LR 2.92e-04   (AvgTime 0.6)   
   [Train] Epoch: [9][80/357]  Loss:0.173 (Avg 0.1896) IoU:0.685 (Avg 0.6571) Dice:0.7943 (Avg 0.7685) LR 2.92e-04   (AvgTime 0.6)   
   [Train] Epoch: [9][100/357]  Loss:0.178 (Avg 0.1925) IoU:0.661 (Avg 0.6515) Dice:0.7710 (Avg 0.7639) LR 2.92e-04   (AvgTime 0.6)   
   [Train] Epoch: [9][120/357]  Loss:0.172 (Avg 0.1922) IoU:0.655 (Avg 0.6520) Dice:0.7722 (Avg 0.7640) LR 2.92e-04   (AvgTime 0.6)   
   [Train] Epoch: [9][140/357]  Loss:0.160 (Avg 0.1927) IoU:0.703 (Avg 0.6513) Dice:0.8129 (Avg 0.7639) LR 2.92e-04   (AvgTime 0.6)   
   [Train] Epoch: [9][160/357]  Loss:0.181 (Avg 0.1937) IoU:0.666 (Avg 0.6508) Dice:0.7807 (Avg 0.7632) LR 2.92e-04   (AvgTime 0.6)   
   [Train] Epoch: [9][180/357]  Loss:0.160 (Avg 0.1941) IoU:0.699 (Avg 0.6498) Dice:0.8156 (Avg 0.7623) LR 2.92e-04   (AvgTime 0.6)   
   [Train] Epoch: [9][200/357]  Loss:0.165 (Avg 0.1925) IoU:0.704 (Avg 0.6525) Dice:0.7988 (Avg 0.7647) LR 2.92e-04   (AvgTime 0.6)   
   [Train] Epoch: [9][220/357]  Loss:0.233 (Avg 0.1923) IoU:0.578 (Avg 0.6532) Dice:0.6859 (Avg 0.7654) LR 2.92e-04   (AvgTime 0.6)   
   [Train] Epoch: [9][240/357]  Loss:0.169 (Avg 0.1910) IoU:0.730 (Avg 0.6553) Dice:0.8178 (Avg 0.7671) LR 2.92e-04   (AvgTime 0.6)   
   [Train] Epoch: [9][260/357]  Loss:0.219 (Avg 0.1913) IoU:0.589 (Avg 0.6545) Dice:0.7120 (Avg 0.7663) LR 2.92e-04   (AvgTime 0.6)   
   [Train] Epoch: [9][280/357]  Loss:0.150 (Avg 0.1907) IoU:0.711 (Avg 0.6553) Dice:0.8159 (Avg 0.7673) LR 2.92e-04   (AvgTime 0.6)   
   [Train] Epoch: [9][300/357]  Loss:0.152 (Avg 0.1903) IoU:0.707 (Avg 0.6562) Dice:0.8118 (Avg 0.7682) LR 2.92e-04   (AvgTime 0.6)   
   [Train] Epoch: [9][320/357]  Loss:0.193 (Avg 0.1906) IoU:0.616 (Avg 0.6554) Dice:0.7499 (Avg 0.7674) LR 2.92e-04   (AvgTime 0.6)   
   [Train] Epoch: [9][340/357]  Loss:0.226 (Avg 0.1910) IoU:0.609 (Avg 0.6546) Dice:0.7306 (Avg 0.7668) LR 2.92e-04   (AvgTime 0.6)   
   [Train] Epoch: [9][357/357]  Loss:0.165 (Avg 0.1907) IoU:0.703 (Avg 0.6549) Dice:0.8044 (Avg 0.7670) LR 2.92e-04   (AvgTime 0.6)   
   [Train] Loss components: main_dice=0.199698, main_focal=0.064953, main=0.132326, region_raw=0.454904, region_weighted=0.058370, empty_window_fraction=0.000000, total=0.190695
Validation
   [Val] Epoch: [9][20/90]  Loss:0.230 (Avg 0.1899) IoU:0.629 (Avg 0.6870) Dice:0.7518 (Avg 0.7968) (AvgTime 0.3)   
   [Val] Epoch: [9][40/90]  Loss:0.172 (Avg 0.1950) IoU:0.699 (Avg 0.6674) Dice:0.8109 (Avg 0.7792) (AvgTime 0.3)   
   [Val] Epoch: [9][60/90]  Loss:0.249 (Avg 0.1858) IoU:0.609 (Avg 0.6784) Dice:0.7276 (Avg 0.7867) (AvgTime 0.2)   
   [Val] Epoch: [9][80/90]  Loss:0.163 (Avg 0.1861) IoU:0.702 (Avg 0.6778) Dice:0.8123 (Avg 0.7863) (AvgTime 0.2)   
   [Val] Epoch: [9][90/90]  Loss:0.225 (Avg 0.1861) IoU:0.602 (Avg 0.6771) Dice:0.7353 (Avg 0.7859) (AvgTime 0.2)   
   [Val] Loss components: main_dice=0.181069, main_focal=0.081563, main=0.131316, region_raw=0.426823, region_weighted=0.054766, empty_window_fraction=0.000000, total=0.186082
	 No iou improvement; selected epoch 6
	 early_stopping_count: 3/80
--- Epoch History (1..9) ---
Epoch |  TrainLoss |  TrainDice |  TrainIoU |    ValLoss |    ValDice |    ValIoU |         LR | Best
    1 |     0.3300 |     0.6064 |    0.4771 |     0.2665 |     0.6917 |    0.5661 |   3.00e-04 |     
    2 |     0.2491 |     0.6986 |    0.5752 |     0.2503 |     0.7064 |    0.5831 |   3.00e-04 |     
    3 |     0.2238 |     0.7274 |    0.6082 |     0.2261 |     0.7490 |    0.6315 |   3.00e-04 |     
    4 |     0.2124 |     0.7413 |    0.6243 |     0.1852 |     0.7780 |    0.6672 |   2.99e-04 |     
    5 |     0.2062 |     0.7480 |    0.6318 |     0.1901 |     0.7618 |    0.6483 |   2.98e-04 |     
    6 |     0.2002 |     0.7563 |    0.6416 |     0.1824 |     0.7892 |    0.6820 |   2.97e-04 |    *
    7 |     0.1965 |     0.7605 |    0.6471 |     0.1870 |     0.7776 |    0.6673 |   2.96e-04 |     
    8 |     0.1919 |     0.7663 |    0.6535 |     0.1781 |     0.7828 |    0.6722 |   2.94e-04 |     
    9 |     0.1907 |     0.7670 |    0.6549 |     0.1861 |     0.7859 |    0.6771 |   2.92e-04 |     
--- R2 plus final-map regional overlap: global validation statistics ---
up4: ca=0.8407+/-0.1589, sa=0.9966+/-0.0075, amp=0.0000, suppress=0.0000, guide_abs=0.2144
up4 residuals: local_mean=3.541e-03, global_mean=-0.0386, local_strength=0.0900, global_strength=0.1000, gain=[0.9672,1.0204], saturation=0.0000, text_film=0.0044
up4 haar: reconstruction_error=9.537e-07, skip_low/high=0.8003/0.1997, plam_low/high=1.0000/0.0000
up4 strengths: plam=0.9785, region=0.0900, detail=0.1000; residual_std region/detail/refine=0.0071/0.4598/0.3311
up4 guide_mix: entropy=0.9791, raw_low=0.3124, plam_low=0.2635, decoder_low=0.2688, detail=0.1554; agreement plam/decoder=0.7346/0.5237, support=0.4837+/-0.0000
up4 adaptive_frequency: ALPF strength=0.2213, weights=0.1946/0.6373/0.1680, sum=1.0000, entropy=0.8185, delta_std=0.1269; AHPF strength=0.0817, weights=0.5131/0.3478/0.1391, sum=1.0000, entropy=0.8503, residual_std=0.1300, scaled_std=0.0106
up3: ca=0.9982+/-0.1816, sa=0.9980+/-0.0109, amp=0.0000, suppress=0.0000, guide_abs=0.2456
up3 residuals: local_mean=-1.662e-02, global_mean=-0.0026, local_strength=0.1075, global_strength=0.1122, gain=[0.9432,1.0560], saturation=0.0378, text_film=0.0188
up3 haar: reconstruction_error=9.537e-07, skip_low/high=0.7807/0.2193, plam_low/high=1.0000/0.0000
up3 strengths: plam=0.9695, region=0.1075, detail=0.1122; residual_std region/detail/refine=0.3944/0.5717/0.3754
up3 guide_mix: entropy=0.9813, raw_low=0.3128, plam_low=0.2561, decoder_low=0.2694, detail=0.1618; agreement plam/decoder=0.8942/0.2007, support=0.7583+/-0.0953
up3 adaptive_frequency: ALPF strength=0.2320, weights=0.1683/0.5173/0.3145, sum=1.0000, entropy=0.8199, delta_std=0.0816; AHPF strength=0.0927, weights=0.5152/0.2976/0.1872, sum=1.0000, entropy=0.8340, residual_std=0.1457, scaled_std=0.0135
up2: ca=0.9283+/-0.1467, sa=0.9989+/-0.0062, amp=0.0000, suppress=0.0000, guide_abs=0.3147
up2 residuals: local_mean=-2.047e-02, global_mean=0.0113, local_strength=0.1137, global_strength=0.1074, gain=[0.9504,1.0523], saturation=0.0001, text_film=0.0289
up2 haar: reconstruction_error=9.537e-07, skip_low/high=0.8284/0.1716, plam_low/high=1.0000/0.0000
up2 strengths: plam=0.9583, region=0.1137, detail=0.1074; residual_std region/detail/refine=0.3226/0.3903/0.2381
up2 guide_mix: entropy=0.9639, raw_low=0.3064, plam_low=0.2885, decoder_low=0.2816, detail=0.1235; agreement plam/decoder=0.4116/-0.1761, support=0.6361+/-0.0815
up1: ca=0.8857+/-0.1438, sa=0.9981+/-0.0136, amp=0.0000, suppress=0.0000, guide_abs=0.1925
up1 residuals: local_mean=-1.471e-02, global_mean=-0.0026, local_strength=0.1159, global_strength=0.1021, gain=[0.9006,1.0943], saturation=0.0001, text_film=0.0195
up1 haar: reconstruction_error=1.907e-06, skip_low/high=0.7340/0.2660, plam_low/high=1.0000/0.0000
up1 strengths: plam=0.9556, region=0.1159, detail=0.1021; residual_std region/detail/refine=0.3595/0.3472/0.0788
up1 guide_mix: entropy=0.9207, raw_low=0.2217, plam_low=0.3526, decoder_low=0.3417, detail=0.0839; agreement plam/decoder=0.3242/-0.1420, support=0.5714+/-0.0818

========= Epoch [10/80] =========
RS1_Test_session_09.12_17h44
Training with batch size : 16
   [Train] Epoch: [10][20/357]  Loss:0.154 (Avg 0.1860) IoU:0.713 (Avg 0.6567) Dice:0.8170 (Avg 0.7714) LR 2.91e-04   (AvgTime 0.6)   
   [Train] Epoch: [10][40/357]  Loss:0.157 (Avg 0.1851) IoU:0.695 (Avg 0.6626) Dice:0.8080 (Avg 0.7759) LR 2.91e-04   (AvgTime 0.6)   
   [Train] Epoch: [10][60/357]  Loss:0.203 (Avg 0.1857) IoU:0.645 (Avg 0.6606) Dice:0.7681 (Avg 0.7738) LR 2.91e-04   (AvgTime 0.6)   
   [Train] Epoch: [10][80/357]  Loss:0.176 (Avg 0.1873) IoU:0.676 (Avg 0.6580) Dice:0.7930 (Avg 0.7713) LR 2.91e-04   (AvgTime 0.6)   
   [Train] Epoch: [10][100/357]  Loss:0.191 (Avg 0.1858) IoU:0.643 (Avg 0.6621) Dice:0.7565 (Avg 0.7740) LR 2.91e-04   (AvgTime 0.6)   
   [Train] Epoch: [10][120/357]  Loss:0.197 (Avg 0.1858) IoU:0.612 (Avg 0.6612) Dice:0.7482 (Avg 0.7730) LR 2.91e-04   (AvgTime 0.6)   
   [Train] Epoch: [10][140/357]  Loss:0.271 (Avg 0.1872) IoU:0.531 (Avg 0.6585) Dice:0.6399 (Avg 0.7706) LR 2.91e-04   (AvgTime 0.6)   
   [Train] Epoch: [10][160/357]  Loss:0.227 (Avg 0.1886) IoU:0.563 (Avg 0.6570) Dice:0.6909 (Avg 0.7691) LR 2.91e-04   (AvgTime 0.6)   
   [Train] Epoch: [10][180/357]  Loss:0.190 (Avg 0.1881) IoU:0.663 (Avg 0.6579) Dice:0.7765 (Avg 0.7699) LR 2.91e-04   (AvgTime 0.6)   
   [Train] Epoch: [10][200/357]  Loss:0.182 (Avg 0.1892) IoU:0.645 (Avg 0.6560) Dice:0.7707 (Avg 0.7681) LR 2.91e-04   (AvgTime 0.6)   
   [Train] Epoch: [10][220/357]  Loss:0.172 (Avg 0.1883) IoU:0.677 (Avg 0.6574) Dice:0.7840 (Avg 0.7693) LR 2.91e-04   (AvgTime 0.6)   
   [Train] Epoch: [10][240/357]  Loss:0.252 (Avg 0.1895) IoU:0.543 (Avg 0.6557) Dice:0.6819 (Avg 0.7680) LR 2.91e-04   (AvgTime 0.6)   
   [Train] Epoch: [10][260/357]  Loss:0.110 (Avg 0.1889) IoU:0.790 (Avg 0.6573) Dice:0.8727 (Avg 0.7692) LR 2.91e-04   (AvgTime 0.6)   
   [Train] Epoch: [10][280/357]  Loss:0.129 (Avg 0.1884) IoU:0.764 (Avg 0.6584) Dice:0.8584 (Avg 0.7702) LR 2.91e-04   (AvgTime 0.6)   
   [Train] Epoch: [10][300/357]  Loss:0.161 (Avg 0.1882) IoU:0.693 (Avg 0.6585) Dice:0.8067 (Avg 0.7705) LR 2.91e-04   (AvgTime 0.6)   
   [Train] Epoch: [10][320/357]  Loss:0.164 (Avg 0.1882) IoU:0.702 (Avg 0.6588) Dice:0.7907 (Avg 0.7705) LR 2.91e-04   (AvgTime 0.6)   
   [Train] Epoch: [10][340/357]  Loss:0.150 (Avg 0.1884) IoU:0.729 (Avg 0.6581) Dice:0.8149 (Avg 0.7699) LR 2.91e-04   (AvgTime 0.6)   
   [Train] Epoch: [10][357/357]  Loss:0.257 (Avg 0.1887) IoU:0.586 (Avg 0.6581) Dice:0.7078 (Avg 0.7700) LR 2.91e-04   (AvgTime 0.6)   
   [Train] Loss components: main_dice=0.196843, main_focal=0.065147, main=0.130995, region_raw=0.449783, region_weighted=0.057713, empty_window_fraction=0.000000, total=0.188707
Validation
   [Val] Epoch: [10][20/90]  Loss:0.230 (Avg 0.1919) IoU:0.608 (Avg 0.6607) Dice:0.7300 (Avg 0.7740) (AvgTime 0.3)   
   [Val] Epoch: [10][40/90]  Loss:0.204 (Avg 0.2006) IoU:0.593 (Avg 0.6438) Dice:0.7265 (Avg 0.7565) (AvgTime 0.2)   
   [Val] Epoch: [10][60/90]  Loss:0.242 (Avg 0.1908) IoU:0.575 (Avg 0.6538) Dice:0.6875 (Avg 0.7639) (AvgTime 0.2)   
   [Val] Epoch: [10][80/90]  Loss:0.190 (Avg 0.1904) IoU:0.636 (Avg 0.6508) Dice:0.7561 (Avg 0.7622) (AvgTime 0.2)   
   [Val] Epoch: [10][90/90]  Loss:0.223 (Avg 0.1904) IoU:0.558 (Avg 0.6500) Dice:0.6979 (Avg 0.7618) (AvgTime 0.2)   
   [Val] Loss components: main_dice=0.205815, main_focal=0.060286, main=0.133050, region_raw=0.446928, region_weighted=0.057346, empty_window_fraction=0.000000, total=0.190397
	 No iou improvement; selected epoch 6
	 early_stopping_count: 4/80
--- Epoch History (1..10) ---
Epoch |  TrainLoss |  TrainDice |  TrainIoU |    ValLoss |    ValDice |    ValIoU |         LR | Best
    1 |     0.3300 |     0.6064 |    0.4771 |     0.2665 |     0.6917 |    0.5661 |   3.00e-04 |     
    2 |     0.2491 |     0.6986 |    0.5752 |     0.2503 |     0.7064 |    0.5831 |   3.00e-04 |     
    3 |     0.2238 |     0.7274 |    0.6082 |     0.2261 |     0.7490 |    0.6315 |   3.00e-04 |     
    4 |     0.2124 |     0.7413 |    0.6243 |     0.1852 |     0.7780 |    0.6672 |   2.99e-04 |     
    5 |     0.2062 |     0.7480 |    0.6318 |     0.1901 |     0.7618 |    0.6483 |   2.98e-04 |     
    6 |     0.2002 |     0.7563 |    0.6416 |     0.1824 |     0.7892 |    0.6820 |   2.97e-04 |    *
    7 |     0.1965 |     0.7605 |    0.6471 |     0.1870 |     0.7776 |    0.6673 |   2.96e-04 |     
    8 |     0.1919 |     0.7663 |    0.6535 |     0.1781 |     0.7828 |    0.6722 |   2.94e-04 |     
    9 |     0.1907 |     0.7670 |    0.6549 |     0.1861 |     0.7859 |    0.6771 |   2.92e-04 |     
   10 |     0.1887 |     0.7700 |    0.6581 |     0.1904 |     0.7618 |    0.6500 |   2.91e-04 |     
--- R2 plus final-map regional overlap: global validation statistics ---
up4: ca=0.8375+/-0.1595, sa=0.9979+/-0.0059, amp=0.0000, suppress=0.0000, guide_abs=0.3325
up4 residuals: local_mean=5.481e-03, global_mean=-0.0269, local_strength=0.0890, global_strength=0.1003, gain=[0.9791,1.0225], saturation=0.0000, text_film=0.0047
up4 haar: reconstruction_error=9.537e-07, skip_low/high=0.7915/0.2085, plam_low/high=1.0000/0.0000
up4 strengths: plam=0.9764, region=0.0890, detail=0.1003; residual_std region/detail/refine=0.0100/0.4526/0.3304
up4 guide_mix: entropy=0.9808, raw_low=0.3269, plam_low=0.2370, decoder_low=0.2673, detail=0.1688; agreement plam/decoder=0.0288/0.2396, support=0.4749+/-0.0005
up4 adaptive_frequency: ALPF strength=0.2232, weights=0.1435/0.6720/0.1845, sum=1.0000, entropy=0.7717, delta_std=0.1288; AHPF strength=0.0812, weights=0.6086/0.2794/0.1120, sum=1.0000, entropy=0.7952, residual_std=0.1036, scaled_std=0.0084
up3: ca=0.9944+/-0.1912, sa=0.9980+/-0.0112, amp=0.0000, suppress=0.0000, guide_abs=0.2841
up3 residuals: local_mean=-1.556e-02, global_mean=-0.0037, local_strength=0.1078, global_strength=0.1130, gain=[0.9371,1.0612], saturation=0.0510, text_film=0.0212
up3 haar: reconstruction_error=9.537e-07, skip_low/high=0.7779/0.2221, plam_low/high=1.0000/0.0000
up3 strengths: plam=0.9668, region=0.1078, detail=0.1130; residual_std region/detail/refine=0.3972/0.6070/0.4406
up3 guide_mix: entropy=0.9799, raw_low=0.3170, plam_low=0.2378, decoder_low=0.2822, detail=0.1629; agreement plam/decoder=0.6999/0.1288, support=0.7892+/-0.0957
up3 adaptive_frequency: ALPF strength=0.2354, weights=0.1754/0.5147/0.3099, sum=1.0000, entropy=0.8099, delta_std=0.0853; AHPF strength=0.0936, weights=0.4104/0.2796/0.3099, sum=1.0000, entropy=0.8977, residual_std=0.1800, scaled_std=0.0168
up2: ca=0.9289+/-0.1686, sa=0.9989+/-0.0060, amp=0.0000, suppress=0.0000, guide_abs=0.2724
up2 residuals: local_mean=-1.843e-02, global_mean=0.0095, local_strength=0.1139, global_strength=0.1078, gain=[0.9409,1.0591], saturation=0.0000, text_film=0.0266
up2 haar: reconstruction_error=9.537e-07, skip_low/high=0.8073/0.1927, plam_low/high=1.0000/0.0000
up2 strengths: plam=0.9544, region=0.1139, detail=0.1078; residual_std region/detail/refine=0.3050/0.3721/0.2385
up2 guide_mix: entropy=0.9630, raw_low=0.2827, plam_low=0.2684, decoder_low=0.3241, detail=0.1248; agreement plam/decoder=0.4348/-0.3331, support=0.6201+/-0.0770
up1: ca=0.9085+/-0.1418, sa=0.9987+/-0.0137, amp=0.0000, suppress=0.0000, guide_abs=0.2251
up1 residuals: local_mean=-1.066e-02, global_mean=-0.0022, local_strength=0.1164, global_strength=0.1028, gain=[0.9007,1.0957], saturation=0.0002, text_film=0.0271
up1 haar: reconstruction_error=1.907e-06, skip_low/high=0.7489/0.2511, plam_low/high=1.0000/0.0000
up1 strengths: plam=0.9528, region=0.1164, detail=0.1028; residual_std region/detail/refine=0.3188/0.3595/0.0857
up1 guide_mix: entropy=0.9370, raw_low=0.2662, plam_low=0.2762, decoder_low=0.3626, detail=0.0949; agreement plam/decoder=0.7469/-0.0554, support=0.5818+/-0.0890

========= Epoch [11/80] =========
RS1_Test_session_09.12_17h44
Training with batch size : 16
   [Train] Epoch: [11][20/357]  Loss:0.160 (Avg 0.1792) IoU:0.702 (Avg 0.6693) Dice:0.8053 (Avg 0.7773) LR 2.88e-04   (AvgTime 0.6)   
   [Train] Epoch: [11][40/357]  Loss:0.190 (Avg 0.1809) IoU:0.661 (Avg 0.6659) Dice:0.7669 (Avg 0.7747) LR 2.88e-04   (AvgTime 0.6)   
   [Train] Epoch: [11][60/357]  Loss:0.165 (Avg 0.1797) IoU:0.703 (Avg 0.6707) Dice:0.8103 (Avg 0.7787) LR 2.88e-04   (AvgTime 0.6)   
   [Train] Epoch: [11][80/357]  Loss:0.160 (Avg 0.1839) IoU:0.691 (Avg 0.6631) Dice:0.8010 (Avg 0.7726) LR 2.88e-04   (AvgTime 0.6)   
   [Train] Epoch: [11][100/357]  Loss:0.128 (Avg 0.1831) IoU:0.775 (Avg 0.6646) Dice:0.8604 (Avg 0.7746) LR 2.88e-04   (AvgTime 0.6)   
   [Train] Epoch: [11][120/357]  Loss:0.211 (Avg 0.1822) IoU:0.646 (Avg 0.6659) Dice:0.7473 (Avg 0.7757) LR 2.88e-04   (AvgTime 0.6)   
   [Train] Epoch: [11][140/357]  Loss:0.147 (Avg 0.1837) IoU:0.723 (Avg 0.6630) Dice:0.8308 (Avg 0.7734) LR 2.88e-04   (AvgTime 0.6)   
   [Train] Epoch: [11][160/357]  Loss:0.207 (Avg 0.1844) IoU:0.636 (Avg 0.6625) Dice:0.7505 (Avg 0.7735) LR 2.88e-04   (AvgTime 0.6)   
   [Train] Epoch: [11][180/357]  Loss:0.192 (Avg 0.1837) IoU:0.650 (Avg 0.6632) Dice:0.7809 (Avg 0.7743) LR 2.88e-04   (AvgTime 0.6)   
   [Train] Epoch: [11][200/357]  Loss:0.156 (Avg 0.1843) IoU:0.702 (Avg 0.6624) Dice:0.8103 (Avg 0.7737) LR 2.88e-04   (AvgTime 0.6)   
   [Train] Epoch: [11][220/357]  Loss:0.192 (Avg 0.1838) IoU:0.666 (Avg 0.6635) Dice:0.7664 (Avg 0.7746) LR 2.88e-04   (AvgTime 0.6)   
   [Train] Epoch: [11][240/357]  Loss:0.224 (Avg 0.1852) IoU:0.572 (Avg 0.6606) Dice:0.7045 (Avg 0.7723) LR 2.88e-04   (AvgTime 0.6)   
   [Train] Epoch: [11][260/357]  Loss:0.161 (Avg 0.1837) IoU:0.724 (Avg 0.6629) Dice:0.8314 (Avg 0.7742) LR 2.88e-04   (AvgTime 0.6)   
   [Train] Epoch: [11][280/357]  Loss:0.156 (Avg 0.1831) IoU:0.701 (Avg 0.6642) Dice:0.8169 (Avg 0.7753) LR 2.88e-04   (AvgTime 0.6)   
   [Train] Epoch: [11][300/357]  Loss:0.170 (Avg 0.1831) IoU:0.684 (Avg 0.6643) Dice:0.7995 (Avg 0.7753) LR 2.88e-04   (AvgTime 0.6)   
   [Train] Epoch: [11][320/357]  Loss:0.165 (Avg 0.1832) IoU:0.718 (Avg 0.6643) Dice:0.8235 (Avg 0.7752) LR 2.88e-04   (AvgTime 0.6)   
   [Train] Epoch: [11][340/357]  Loss:0.179 (Avg 0.1840) IoU:0.658 (Avg 0.6635) Dice:0.7748 (Avg 0.7746) LR 2.88e-04   (AvgTime 0.6)   
   [Train] Epoch: [11][357/357]  Loss:0.172 (Avg 0.1847) IoU:0.672 (Avg 0.6630) Dice:0.7768 (Avg 0.7742) LR 2.88e-04   (AvgTime 0.6)   
   [Train] Loss components: main_dice=0.192914, main_focal=0.062918, main=0.127916, region_raw=0.442652, region_weighted=0.056798, empty_window_fraction=0.000000, total=0.184714
Validation
   [Val] Epoch: [11][20/90]  Loss:0.219 (Avg 0.1849) IoU:0.613 (Avg 0.6783) Dice:0.7456 (Avg 0.7917) (AvgTime 0.3)   
   [Val] Epoch: [11][40/90]  Loss:0.177 (Avg 0.1924) IoU:0.679 (Avg 0.6595) Dice:0.7994 (Avg 0.7742) (AvgTime 0.3)   
   [Val] Epoch: [11][60/90]  Loss:0.227 (Avg 0.1856) IoU:0.610 (Avg 0.6681) Dice:0.7312 (Avg 0.7804) (AvgTime 0.2)   
   [Val] Epoch: [11][80/90]  Loss:0.163 (Avg 0.1847) IoU:0.700 (Avg 0.6682) Dice:0.8070 (Avg 0.7805) (AvgTime 0.2)   
   [Val] Epoch: [11][90/90]  Loss:0.253 (Avg 0.1856) IoU:0.532 (Avg 0.6667) Dice:0.6685 (Avg 0.7791) (AvgTime 0.2)   
   [Val] Loss components: main_dice=0.188325, main_focal=0.062426, main=0.125376, region_raw=0.468991, region_weighted=0.060177, empty_window_fraction=0.000000, total=0.185553
	 No iou improvement; selected epoch 6
	 early_stopping_count: 5/80
--- Epoch History (1..11) ---
Epoch |  TrainLoss |  TrainDice |  TrainIoU |    ValLoss |    ValDice |    ValIoU |         LR | Best
    1 |     0.3300 |     0.6064 |    0.4771 |     0.2665 |     0.6917 |    0.5661 |   3.00e-04 |     
    2 |     0.2491 |     0.6986 |    0.5752 |     0.2503 |     0.7064 |    0.5831 |   3.00e-04 |     
    3 |     0.2238 |     0.7274 |    0.6082 |     0.2261 |     0.7490 |    0.6315 |   3.00e-04 |     
    4 |     0.2124 |     0.7413 |    0.6243 |     0.1852 |     0.7780 |    0.6672 |   2.99e-04 |     
    5 |     0.2062 |     0.7480 |    0.6318 |     0.1901 |     0.7618 |    0.6483 |   2.98e-04 |     
    6 |     0.2002 |     0.7563 |    0.6416 |     0.1824 |     0.7892 |    0.6820 |   2.97e-04 |    *
    7 |     0.1965 |     0.7605 |    0.6471 |     0.1870 |     0.7776 |    0.6673 |   2.96e-04 |     
    8 |     0.1919 |     0.7663 |    0.6535 |     0.1781 |     0.7828 |    0.6722 |   2.94e-04 |     
    9 |     0.1907 |     0.7670 |    0.6549 |     0.1861 |     0.7859 |    0.6771 |   2.92e-04 |     
   10 |     0.1887 |     0.7700 |    0.6581 |     0.1904 |     0.7618 |    0.6500 |   2.91e-04 |     
   11 |     0.1847 |     0.7742 |    0.6630 |     0.1856 |     0.7791 |    0.6667 |   2.88e-04 |     
--- R2 plus final-map regional overlap: global validation statistics ---
up4: ca=0.8351+/-0.1588, sa=0.9983+/-0.0058, amp=0.0000, suppress=0.0000, guide_abs=0.3047
up4 residuals: local_mean=7.682e-04, global_mean=-0.0186, local_strength=0.0883, global_strength=0.1005, gain=[0.9791,1.0187], saturation=0.0000, text_film=0.0044
up4 haar: reconstruction_error=4.768e-07, skip_low/high=0.8140/0.1860, plam_low/high=1.0000/0.0000
up4 strengths: plam=0.9751, region=0.0883, detail=0.1005; residual_std region/detail/refine=0.0123/0.4414/0.3395
up4 guide_mix: entropy=0.9770, raw_low=0.3129, plam_low=0.2585, decoder_low=0.2778, detail=0.1509; agreement plam/decoder=0.8099/-0.0130, support=0.4763+/-0.0003
up4 adaptive_frequency: ALPF strength=0.2255, weights=0.1827/0.6194/0.1979, sum=1.0000, entropy=0.8404, delta_std=0.1236; AHPF strength=0.0806, weights=0.5303/0.3356/0.1341, sum=1.0000, entropy=0.8731, residual_std=0.1142, scaled_std=0.0092
up3: ca=0.9902+/-0.1978, sa=0.9987+/-0.0088, amp=0.0000, suppress=0.0000, guide_abs=0.2467
up3 residuals: local_mean=-9.315e-03, global_mean=-0.0031, local_strength=0.1081, global_strength=0.1135, gain=[0.9565,1.0370], saturation=0.0388, text_film=0.0190
up3 haar: reconstruction_error=9.537e-07, skip_low/high=0.7818/0.2182, plam_low/high=1.0000/0.0000
up3 strengths: plam=0.9639, region=0.1081, detail=0.1135; residual_std region/detail/refine=0.4060/0.5790/0.4336
up3 guide_mix: entropy=0.9792, raw_low=0.3017, plam_low=0.2665, decoder_low=0.2784, detail=0.1534; agreement plam/decoder=0.7742/0.2663, support=0.7590+/-0.1036
up3 adaptive_frequency: ALPF strength=0.2387, weights=0.1567/0.4308/0.4125, sum=1.0000, entropy=0.8165, delta_std=0.0816; AHPF strength=0.0945, weights=0.5502/0.2377/0.2121, sum=1.0000, entropy=0.8055, residual_std=0.1395, scaled_std=0.0132
up2: ca=0.8955+/-0.1560, sa=0.9994+/-0.0057, amp=0.0000, suppress=0.0000, guide_abs=0.2900
up2 residuals: local_mean=-1.922e-02, global_mean=0.0150, local_strength=0.1141, global_strength=0.1081, gain=[0.9442,1.0593], saturation=0.0000, text_film=0.0238
up2 haar: reconstruction_error=1.237e-06, skip_low/high=0.8271/0.1729, plam_low/high=1.0000/0.0000
up2 strengths: plam=0.9502, region=0.1141, detail=0.1081; residual_std region/detail/refine=0.3209/0.3810/0.2488
up2 guide_mix: entropy=0.9595, raw_low=0.2891, plam_low=0.2817, decoder_low=0.3121, detail=0.1170; agreement plam/decoder=0.4777/-0.3096, support=0.6251+/-0.0757
up1: ca=0.9015+/-0.1501, sa=0.9989+/-0.0138, amp=0.0000, suppress=0.0000, guide_abs=0.1950
up1 residuals: local_mean=-1.012e-02, global_mean=-0.0001, local_strength=0.1168, global_strength=0.1030, gain=[0.9009,1.0964], saturation=0.0003, text_film=0.0228
up1 haar: reconstruction_error=1.431e-06, skip_low/high=0.7651/0.2349, plam_low/high=1.0000/0.0000
up1 strengths: plam=0.9502, region=0.1168, detail=0.1030; residual_std region/detail/refine=0.3401/0.3555/0.0872
up1 guide_mix: entropy=0.9395, raw_low=0.2838, plam_low=0.2992, decoder_low=0.3257, detail=0.0913; agreement plam/decoder=0.1530/-0.2072, support=0.5805+/-0.0840

========= Epoch [12/80] =========
RS1_Test_session_09.12_17h44
Training with batch size : 16
   [Train] Epoch: [12][20/357]  Loss:0.224 (Avg 0.1906) IoU:0.563 (Avg 0.6572) Dice:0.6968 (Avg 0.7673) LR 2.86e-04   (AvgTime 0.6)   
   [Train] Epoch: [12][40/357]  Loss:0.209 (Avg 0.1888) IoU:0.618 (Avg 0.6546) Dice:0.7224 (Avg 0.7680) LR 2.86e-04   (AvgTime 0.6)   
   [Train] Epoch: [12][60/357]  Loss:0.168 (Avg 0.1918) IoU:0.694 (Avg 0.6527) Dice:0.7713 (Avg 0.7657) LR 2.86e-04   (AvgTime 0.6)   
   [Train] Epoch: [12][80/357]  Loss:0.180 (Avg 0.1917) IoU:0.639 (Avg 0.6513) Dice:0.7608 (Avg 0.7647) LR 2.86e-04   (AvgTime 0.6)   
   [Train] Epoch: [12][100/357]  Loss:0.173 (Avg 0.1894) IoU:0.696 (Avg 0.6559) Dice:0.7905 (Avg 0.7681) LR 2.86e-04   (AvgTime 0.6)   
   [Train] Epoch: [12][120/357]  Loss:0.161 (Avg 0.1874) IoU:0.731 (Avg 0.6602) Dice:0.8320 (Avg 0.7721) LR 2.86e-04   (AvgTime 0.6)   
   [Train] Epoch: [12][140/357]  Loss:0.199 (Avg 0.1870) IoU:0.683 (Avg 0.6605) Dice:0.7859 (Avg 0.7722) LR 2.86e-04   (AvgTime 0.6)   
   [Train] Epoch: [12][160/357]  Loss:0.232 (Avg 0.1866) IoU:0.544 (Avg 0.6611) Dice:0.6845 (Avg 0.7729) LR 2.86e-04   (AvgTime 0.6)   
   [Train] Epoch: [12][180/357]  Loss:0.200 (Avg 0.1866) IoU:0.646 (Avg 0.6615) Dice:0.7648 (Avg 0.7733) LR 2.86e-04   (AvgTime 0.6)   
   [Train] Epoch: [12][200/357]  Loss:0.253 (Avg 0.1856) IoU:0.544 (Avg 0.6630) Dice:0.6580 (Avg 0.7745) LR 2.86e-04   (AvgTime 0.6)   
   [Train] Epoch: [12][220/357]  Loss:0.195 (Avg 0.1850) IoU:0.654 (Avg 0.6638) Dice:0.7568 (Avg 0.7752) LR 2.86e-04   (AvgTime 0.6)   
   [Train] Epoch: [12][240/357]  Loss:0.156 (Avg 0.1848) IoU:0.708 (Avg 0.6640) Dice:0.8154 (Avg 0.7753) LR 2.86e-04   (AvgTime 0.6)   
   [Train] Epoch: [12][260/357]  Loss:0.160 (Avg 0.1848) IoU:0.683 (Avg 0.6642) Dice:0.7892 (Avg 0.7753) LR 2.86e-04   (AvgTime 0.6)   
   [Train] Epoch: [12][280/357]  Loss:0.178 (Avg 0.1844) IoU:0.664 (Avg 0.6643) Dice:0.7743 (Avg 0.7754) LR 2.86e-04   (AvgTime 0.6)   
   [Train] Epoch: [12][300/357]  Loss:0.181 (Avg 0.1849) IoU:0.721 (Avg 0.6634) Dice:0.8085 (Avg 0.7745) LR 2.86e-04   (AvgTime 0.6)   
   [Train] Epoch: [12][320/357]  Loss:0.145 (Avg 0.1849) IoU:0.758 (Avg 0.6633) Dice:0.8404 (Avg 0.7745) LR 2.86e-04   (AvgTime 0.6)   
   [Train] Epoch: [12][340/357]  Loss:0.187 (Avg 0.1854) IoU:0.688 (Avg 0.6627) Dice:0.7925 (Avg 0.7738) LR 2.86e-04   (AvgTime 0.6)   
   [Train] Epoch: [12][357/357]  Loss:0.228 (Avg 0.1858) IoU:0.609 (Avg 0.6619) Dice:0.7321 (Avg 0.7730) LR 2.86e-04   (AvgTime 0.6)   
   [Train] Loss components: main_dice=0.194121, main_focal=0.063531, main=0.128826, region_raw=0.444338, region_weighted=0.057014, empty_window_fraction=0.000000, total=0.185840
Validation
   [Val] Epoch: [12][20/90]  Loss:0.212 (Avg 0.1840) IoU:0.634 (Avg 0.6858) Dice:0.7577 (Avg 0.7944) (AvgTime 0.3)   
   [Val] Epoch: [12][40/90]  Loss:0.169 (Avg 0.1875) IoU:0.671 (Avg 0.6686) Dice:0.7921 (Avg 0.7788) (AvgTime 0.3)   
   [Val] Epoch: [12][60/90]  Loss:0.214 (Avg 0.1794) IoU:0.635 (Avg 0.6761) Dice:0.7446 (Avg 0.7838) (AvgTime 0.3)   
   [Val] Epoch: [12][80/90]  Loss:0.182 (Avg 0.1803) IoU:0.655 (Avg 0.6722) Dice:0.7636 (Avg 0.7809) (AvgTime 0.3)   
   [Val] Epoch: [12][90/90]  Loss:0.213 (Avg 0.1814) IoU:0.598 (Avg 0.6699) Dice:0.7329 (Avg 0.7792) (AvgTime 0.2)   
   [Val] Loss components: main_dice=0.187231, main_focal=0.065410, main=0.126321, region_raw=0.429339, region_weighted=0.055089, empty_window_fraction=0.000000, total=0.181410
	 No iou improvement; selected epoch 6
	 early_stopping_count: 6/80
--- Epoch History (1..12) ---
Epoch |  TrainLoss |  TrainDice |  TrainIoU |    ValLoss |    ValDice |    ValIoU |         LR | Best
    1 |     0.3300 |     0.6064 |    0.4771 |     0.2665 |     0.6917 |    0.5661 |   3.00e-04 |     
    2 |     0.2491 |     0.6986 |    0.5752 |     0.2503 |     0.7064 |    0.5831 |   3.00e-04 |     
    3 |     0.2238 |     0.7274 |    0.6082 |     0.2261 |     0.7490 |    0.6315 |   3.00e-04 |     
    4 |     0.2124 |     0.7413 |    0.6243 |     0.1852 |     0.7780 |    0.6672 |   2.99e-04 |     
    5 |     0.2062 |     0.7480 |    0.6318 |     0.1901 |     0.7618 |    0.6483 |   2.98e-04 |     
    6 |     0.2002 |     0.7563 |    0.6416 |     0.1824 |     0.7892 |    0.6820 |   2.97e-04 |    *
    7 |     0.1965 |     0.7605 |    0.6471 |     0.1870 |     0.7776 |    0.6673 |   2.96e-04 |     
    8 |     0.1919 |     0.7663 |    0.6535 |     0.1781 |     0.7828 |    0.6722 |   2.94e-04 |     
    9 |     0.1907 |     0.7670 |    0.6549 |     0.1861 |     0.7859 |    0.6771 |   2.92e-04 |     
   10 |     0.1887 |     0.7700 |    0.6581 |     0.1904 |     0.7618 |    0.6500 |   2.91e-04 |     
   11 |     0.1847 |     0.7742 |    0.6630 |     0.1856 |     0.7791 |    0.6667 |   2.88e-04 |     
   12 |     0.1858 |     0.7730 |    0.6619 |     0.1814 |     0.7792 |    0.6699 |   2.86e-04 |     
--- R2 plus final-map regional overlap: global validation statistics ---
up4: ca=0.8247+/-0.1626, sa=0.9994+/-0.0063, amp=0.0000, suppress=0.0000, guide_abs=0.3065
up4 residuals: local_mean=1.632e-03, global_mean=-0.0089, local_strength=0.0872, global_strength=0.1009, gain=[0.9791,1.0211], saturation=0.0000, text_film=0.0044
up4 haar: reconstruction_error=5.662e-07, skip_low/high=0.8026/0.1974, plam_low/high=1.0000/0.0000
up4 strengths: plam=0.9736, region=0.0872, detail=0.1009; residual_std region/detail/refine=0.0133/0.4803/0.3819
up4 guide_mix: entropy=0.9801, raw_low=0.3329, plam_low=0.2471, decoder_low=0.2517, detail=0.1683; agreement plam/decoder=0.5769/0.9579, support=0.4696+/-0.0005
up4 adaptive_frequency: ALPF strength=0.2271, weights=0.1298/0.6803/0.1899, sum=1.0000, entropy=0.7516, delta_std=0.1190; AHPF strength=0.0801, weights=0.6316/0.2639/0.1044, sum=1.0000, entropy=0.7545, residual_std=0.0957, scaled_std=0.0077
up3: ca=0.9881+/-0.1955, sa=0.9997+/-0.0089, amp=0.0000, suppress=0.0000, guide_abs=0.2353
up3 residuals: local_mean=-9.055e-03, global_mean=0.0053, local_strength=0.1083, global_strength=0.1142, gain=[0.9553,1.0499], saturation=0.0237, text_film=0.0172
up3 haar: reconstruction_error=9.537e-07, skip_low/high=0.7939/0.2061, plam_low/high=1.0000/0.0000
up3 strengths: plam=0.9615, region=0.1083, detail=0.1142; residual_std region/detail/refine=0.4104/0.5995/0.4600
up3 guide_mix: entropy=0.9772, raw_low=0.3333, plam_low=0.2309, decoder_low=0.2729, detail=0.1628; agreement plam/decoder=0.8146/0.0614, support=0.7424+/-0.1018
up3 adaptive_frequency: ALPF strength=0.2416, weights=0.1522/0.4740/0.3738, sum=1.0000, entropy=0.8333, delta_std=0.0806; AHPF strength=0.0955, weights=0.5517/0.2078/0.2404, sum=1.0000, entropy=0.7818, residual_std=0.1432, scaled_std=0.0137
up2: ca=0.9146+/-0.1641, sa=1.0000+/-0.0057, amp=0.0000, suppress=0.0000, guide_abs=0.3062
up2 residuals: local_mean=-1.841e-02, global_mean=0.0194, local_strength=0.1144, global_strength=0.1083, gain=[0.9431,1.0625], saturation=0.0000, text_film=0.0312
up2 haar: reconstruction_error=1.192e-06, skip_low/high=0.8088/0.1912, plam_low/high=1.0000/0.0000
up2 strengths: plam=0.9463, region=0.1144, detail=0.1083; residual_std region/detail/refine=0.3134/0.3715/0.2359
up2 guide_mix: entropy=0.9658, raw_low=0.2992, plam_low=0.2574, decoder_low=0.3137, detail=0.1297; agreement plam/decoder=0.3131/-0.2545, support=0.6285+/-0.0736
up1: ca=0.9061+/-0.1317, sa=0.9994+/-0.0137, amp=0.0000, suppress=0.0000, guide_abs=0.1794
up1 residuals: local_mean=-8.083e-03, global_mean=0.0028, local_strength=0.1174, global_strength=0.1033, gain=[0.9009,1.0964], saturation=0.0008, text_film=0.0250
up1 haar: reconstruction_error=1.907e-06, skip_low/high=0.7397/0.2603, plam_low/high=1.0000/0.0000
up1 strengths: plam=0.9481, region=0.1174, detail=0.1033; residual_std region/detail/refine=0.3217/0.3606/0.0851
up1 guide_mix: entropy=0.9379, raw_low=0.2588, plam_low=0.2918, decoder_low=0.3546, detail=0.0948; agreement plam/decoder=0.3183/-0.1313, support=0.5826+/-0.0892

========= Epoch [13/80] =========
RS1_Test_session_09.12_17h44
Training with batch size : 16
   [Train] Epoch: [13][20/357]  Loss:0.159 (Avg 0.1804) IoU:0.714 (Avg 0.6651) Dice:0.8026 (Avg 0.7756) LR 2.83e-04   (AvgTime 0.6)   
   [Train] Epoch: [13][40/357]  Loss:0.189 (Avg 0.1811) IoU:0.652 (Avg 0.6641) Dice:0.7691 (Avg 0.7757) LR 2.83e-04   (AvgTime 0.6)   
   [Train] Epoch: [13][60/357]  Loss:0.136 (Avg 0.1810) IoU:0.761 (Avg 0.6671) Dice:0.8586 (Avg 0.7778) LR 2.83e-04   (AvgTime 0.6)   
   [Train] Epoch: [13][80/357]  Loss:0.213 (Avg 0.1807) IoU:0.602 (Avg 0.6664) Dice:0.7379 (Avg 0.7782) LR 2.83e-04   (AvgTime 0.6)   
   [Train] Epoch: [13][100/357]  Loss:0.168 (Avg 0.1830) IoU:0.717 (Avg 0.6639) Dice:0.8151 (Avg 0.7764) LR 2.83e-04   (AvgTime 0.6)   
   [Train] Epoch: [13][120/357]  Loss:0.219 (Avg 0.1848) IoU:0.610 (Avg 0.6618) Dice:0.7168 (Avg 0.7743) LR 2.83e-04   (AvgTime 0.6)   
   [Train] Epoch: [13][140/357]  Loss:0.163 (Avg 0.1839) IoU:0.690 (Avg 0.6643) Dice:0.7991 (Avg 0.7763) LR 2.83e-04   (AvgTime 0.6)   
   [Train] Epoch: [13][160/357]  Loss:0.226 (Avg 0.1834) IoU:0.591 (Avg 0.6642) Dice:0.7160 (Avg 0.7762) LR 2.83e-04   (AvgTime 0.6)   
   [Train] Epoch: [13][180/357]  Loss:0.196 (Avg 0.1835) IoU:0.617 (Avg 0.6642) Dice:0.7479 (Avg 0.7761) LR 2.83e-04   (AvgTime 0.6)   
   [Train] Epoch: [13][200/357]  Loss:0.173 (Avg 0.1835) IoU:0.673 (Avg 0.6644) Dice:0.7882 (Avg 0.7762) LR 2.83e-04   (AvgTime 0.6)   
   [Train] Epoch: [13][220/357]  Loss:0.133 (Avg 0.1841) IoU:0.754 (Avg 0.6641) Dice:0.8542 (Avg 0.7757) LR 2.83e-04   (AvgTime 0.6)   
   [Train] Epoch: [13][240/357]  Loss:0.150 (Avg 0.1847) IoU:0.704 (Avg 0.6634) Dice:0.8220 (Avg 0.7748) LR 2.83e-04   (AvgTime 0.6)   
   [Train] Epoch: [13][260/357]  Loss:0.184 (Avg 0.1852) IoU:0.629 (Avg 0.6629) Dice:0.7494 (Avg 0.7740) LR 2.83e-04   (AvgTime 0.6)   
   [Train] Epoch: [13][280/357]  Loss:0.189 (Avg 0.1845) IoU:0.652 (Avg 0.6644) Dice:0.7694 (Avg 0.7752) LR 2.83e-04   (AvgTime 0.6)   
   [Train] Epoch: [13][300/357]  Loss:0.156 (Avg 0.1843) IoU:0.708 (Avg 0.6649) Dice:0.8149 (Avg 0.7756) LR 2.83e-04   (AvgTime 0.6)   
   [Train] Epoch: [13][320/357]  Loss:0.157 (Avg 0.1832) IoU:0.686 (Avg 0.6665) Dice:0.7914 (Avg 0.7770) LR 2.83e-04   (AvgTime 0.6)   
   [Train] Epoch: [13][340/357]  Loss:0.240 (Avg 0.1834) IoU:0.659 (Avg 0.6664) Dice:0.7736 (Avg 0.7770) LR 2.83e-04   (AvgTime 0.6)   
   [Train] Epoch: [13][357/357]  Loss:0.148 (Avg 0.1827) IoU:0.701 (Avg 0.6673) Dice:0.8061 (Avg 0.7778) LR 2.83e-04   (AvgTime 0.6)   
   [Train] Loss components: main_dice=0.189770, main_focal=0.062953, main=0.126362, region_raw=0.438962, region_weighted=0.056324, empty_window_fraction=0.000000, total=0.182686
Validation
   [Val] Epoch: [13][20/90]  Loss:0.236 (Avg 0.1858) IoU:0.598 (Avg 0.6917) Dice:0.7299 (Avg 0.8009) (AvgTime 0.3)   
   [Val] Epoch: [13][40/90]  Loss:0.193 (Avg 0.1958) IoU:0.649 (Avg 0.6714) Dice:0.7732 (Avg 0.7818) (AvgTime 0.2)   
   [Val] Epoch: [13][60/90]  Loss:0.285 (Avg 0.1892) IoU:0.580 (Avg 0.6789) Dice:0.6999 (Avg 0.7872) (AvgTime 0.2)   
   [Val] Epoch: [13][80/90]  Loss:0.159 (Avg 0.1894) IoU:0.710 (Avg 0.6750) Dice:0.8205 (Avg 0.7841) (AvgTime 0.2)   
   [Val] Epoch: [13][90/90]  Loss:0.221 (Avg 0.1897) IoU:0.589 (Avg 0.6741) Dice:0.7236 (Avg 0.7836) (AvgTime 0.2)   
   [Val] Loss components: main_dice=0.181031, main_focal=0.088174, main=0.134603, region_raw=0.429699, region_weighted=0.055136, empty_window_fraction=0.000000, total=0.189738
	 No iou improvement; selected epoch 6
	 early_stopping_count: 7/80
--- Epoch History (1..13) ---
Epoch |  TrainLoss |  TrainDice |  TrainIoU |    ValLoss |    ValDice |    ValIoU |         LR | Best
    1 |     0.3300 |     0.6064 |    0.4771 |     0.2665 |     0.6917 |    0.5661 |   3.00e-04 |     
    2 |     0.2491 |     0.6986 |    0.5752 |     0.2503 |     0.7064 |    0.5831 |   3.00e-04 |     
    3 |     0.2238 |     0.7274 |    0.6082 |     0.2261 |     0.7490 |    0.6315 |   3.00e-04 |     
    4 |     0.2124 |     0.7413 |    0.6243 |     0.1852 |     0.7780 |    0.6672 |   2.99e-04 |     
    5 |     0.2062 |     0.7480 |    0.6318 |     0.1901 |     0.7618 |    0.6483 |   2.98e-04 |     
    6 |     0.2002 |     0.7563 |    0.6416 |     0.1824 |     0.7892 |    0.6820 |   2.97e-04 |    *
    7 |     0.1965 |     0.7605 |    0.6471 |     0.1870 |     0.7776 |    0.6673 |   2.96e-04 |     
    8 |     0.1919 |     0.7663 |    0.6535 |     0.1781 |     0.7828 |    0.6722 |   2.94e-04 |     
    9 |     0.1907 |     0.7670 |    0.6549 |     0.1861 |     0.7859 |    0.6771 |   2.92e-04 |     
   10 |     0.1887 |     0.7700 |    0.6581 |     0.1904 |     0.7618 |    0.6500 |   2.91e-04 |     
   11 |     0.1847 |     0.7742 |    0.6630 |     0.1856 |     0.7791 |    0.6667 |   2.88e-04 |     
   12 |     0.1858 |     0.7730 |    0.6619 |     0.1814 |     0.7792 |    0.6699 |   2.86e-04 |     
   13 |     0.1827 |     0.7778 |    0.6673 |     0.1897 |     0.7836 |    0.6741 |   2.83e-04 |     
--- R2 plus final-map regional overlap: global validation statistics ---
up4: ca=0.8359+/-0.1577, sa=1.0002+/-0.0069, amp=0.0000, suppress=0.0000, guide_abs=0.3036
up4 residuals: local_mean=4.317e-03, global_mean=-0.0041, local_strength=0.0870, global_strength=0.1010, gain=[0.9796,1.0278], saturation=0.0000, text_film=0.0044
up4 haar: reconstruction_error=9.537e-07, skip_low/high=0.8035/0.1965, plam_low/high=1.0000/0.0000
up4 strengths: plam=0.9717, region=0.0870, detail=0.1010; residual_std region/detail/refine=0.0106/0.4625/0.3570
up4 guide_mix: entropy=0.9793, raw_low=0.3218, plam_low=0.2482, decoder_low=0.2698, detail=0.1601; agreement plam/decoder=0.8071/0.9926, support=0.4700+/-0.0002
up4 adaptive_frequency: ALPF strength=0.2283, weights=0.1681/0.6671/0.1649, sum=1.0000, entropy=0.7852, delta_std=0.1147; AHPF strength=0.0796, weights=0.4559/0.3909/0.1532, sum=1.0000, entropy=0.9107, residual_std=0.1369, scaled_std=0.0109
up3: ca=0.9734+/-0.2041, sa=0.9994+/-0.0104, amp=0.0000, suppress=0.0000, guide_abs=0.2322
up3 residuals: local_mean=-5.490e-03, global_mean=-0.0012, local_strength=0.1085, global_strength=0.1148, gain=[0.9447,1.0476], saturation=0.0383, text_film=0.0185
up3 haar: reconstruction_error=9.537e-07, skip_low/high=0.7842/0.2158, plam_low/high=1.0000/0.0000
up3 strengths: plam=0.9582, region=0.1085, detail=0.1148; residual_std region/detail/refine=0.4196/0.6161/0.4552
up3 guide_mix: entropy=0.9790, raw_low=0.3370, plam_low=0.2365, decoder_low=0.2579, detail=0.1687; agreement plam/decoder=0.8813/0.0111, support=0.7520+/-0.0967
up3 adaptive_frequency: ALPF strength=0.2453, weights=0.1348/0.4470/0.4181, sum=1.0000, entropy=0.7922, delta_std=0.0833; AHPF strength=0.0964, weights=0.5178/0.2504/0.2318, sum=1.0000, entropy=0.8393, residual_std=0.1559, scaled_std=0.0150
up2: ca=0.8981+/-0.1663, sa=0.9994+/-0.0054, amp=0.0000, suppress=0.0000, guide_abs=0.2807
up2 residuals: local_mean=-1.764e-02, global_mean=0.0133, local_strength=0.1148, global_strength=0.1085, gain=[0.9462,1.0547], saturation=0.0001, text_film=0.0302
up2 haar: reconstruction_error=1.431e-06, skip_low/high=0.8048/0.1952, plam_low/high=1.0000/0.0000
up2 strengths: plam=0.9415, region=0.1148, detail=0.1085; residual_std region/detail/refine=0.3156/0.3814/0.2373
up2 guide_mix: entropy=0.9678, raw_low=0.2957, plam_low=0.2693, decoder_low=0.3041, detail=0.1308; agreement plam/decoder=0.4600/-0.5582, support=0.6313+/-0.0781
up1: ca=0.8960+/-0.1316, sa=0.9996+/-0.0137, amp=0.0000, suppress=0.0000, guide_abs=0.2196
up1 residuals: local_mean=-7.258e-03, global_mean=0.0035, local_strength=0.1183, global_strength=0.1038, gain=[0.9002,1.0978], saturation=0.0040, text_film=0.0220
up1 haar: reconstruction_error=1.431e-06, skip_low/high=0.7495/0.2505, plam_low/high=1.0000/0.0000
up1 strengths: plam=0.9452, region=0.1183, detail=0.1038; residual_std region/detail/refine=0.3808/0.3615/0.0907
up1 guide_mix: entropy=0.9400, raw_low=0.2754, plam_low=0.3034, decoder_low=0.3286, detail=0.0926; agreement plam/decoder=0.7939/0.3533, support=0.5786+/-0.0863

========= Epoch [14/80] =========
RS1_Test_session_09.12_17h44
Training with batch size : 16
   [Train] Epoch: [14][20/357]  Loss:0.187 (Avg 0.1813) IoU:0.664 (Avg 0.6721) Dice:0.7779 (Avg 0.7792) LR 2.80e-04   (AvgTime 0.6)   
   [Train] Epoch: [14][40/357]  Loss:0.115 (Avg 0.1754) IoU:0.800 (Avg 0.6806) Dice:0.8850 (Avg 0.7862) LR 2.80e-04   (AvgTime 0.6)   
   [Train] Epoch: [14][60/357]  Loss:0.190 (Avg 0.1770) IoU:0.647 (Avg 0.6754) Dice:0.7784 (Avg 0.7833) LR 2.80e-04   (AvgTime 0.6)   
   [Train] Epoch: [14][80/357]  Loss:0.144 (Avg 0.1777) IoU:0.729 (Avg 0.6756) Dice:0.8324 (Avg 0.7840) LR 2.80e-04   (AvgTime 0.6)   
   [Train] Epoch: [14][100/357]  Loss:0.204 (Avg 0.1781) IoU:0.622 (Avg 0.6750) Dice:0.7465 (Avg 0.7838) LR 2.80e-04   (AvgTime 0.6)   
   [Train] Epoch: [14][120/357]  Loss:0.198 (Avg 0.1777) IoU:0.633 (Avg 0.6750) Dice:0.7518 (Avg 0.7843) LR 2.80e-04   (AvgTime 0.6)   
   [Train] Epoch: [14][140/357]  Loss:0.176 (Avg 0.1787) IoU:0.677 (Avg 0.6741) Dice:0.7918 (Avg 0.7835) LR 2.80e-04   (AvgTime 0.6)   
   [Train] Epoch: [14][160/357]  Loss:0.179 (Avg 0.1763) IoU:0.666 (Avg 0.6774) Dice:0.7713 (Avg 0.7862) LR 2.80e-04   (AvgTime 0.6)   
   [Train] Epoch: [14][180/357]  Loss:0.219 (Avg 0.1782) IoU:0.653 (Avg 0.6746) Dice:0.7564 (Avg 0.7835) LR 2.80e-04   (AvgTime 0.6)   
   [Train] Epoch: [14][200/357]  Loss:0.120 (Avg 0.1801) IoU:0.774 (Avg 0.6720) Dice:0.8683 (Avg 0.7809) LR 2.80e-04   (AvgTime 0.6)   
   [Train] Epoch: [14][220/357]  Loss:0.200 (Avg 0.1803) IoU:0.710 (Avg 0.6719) Dice:0.8223 (Avg 0.7809) LR 2.80e-04   (AvgTime 0.6)   
   [Train] Epoch: [14][240/357]  Loss:0.128 (Avg 0.1795) IoU:0.757 (Avg 0.6732) Dice:0.8540 (Avg 0.7820) LR 2.80e-04   (AvgTime 0.6)   
   [Train] Epoch: [14][260/357]  Loss:0.174 (Avg 0.1798) IoU:0.657 (Avg 0.6726) Dice:0.7705 (Avg 0.7816) LR 2.80e-04   (AvgTime 0.6)   
   [Train] Epoch: [14][280/357]  Loss:0.179 (Avg 0.1796) IoU:0.694 (Avg 0.6727) Dice:0.7963 (Avg 0.7817) LR 2.80e-04   (AvgTime 0.6)   
   [Train] Epoch: [14][300/357]  Loss:0.165 (Avg 0.1802) IoU:0.756 (Avg 0.6719) Dice:0.8480 (Avg 0.7809) LR 2.80e-04   (AvgTime 0.6)   
   [Train] Epoch: [14][320/357]  Loss:0.159 (Avg 0.1805) IoU:0.717 (Avg 0.6718) Dice:0.8195 (Avg 0.7808) LR 2.80e-04   (AvgTime 0.6)   
   [Train] Epoch: [14][340/357]  Loss:0.277 (Avg 0.1814) IoU:0.506 (Avg 0.6698) Dice:0.6313 (Avg 0.7793) LR 2.80e-04   (AvgTime 0.6)   
   [Train] Epoch: [14][357/357]  Loss:0.195 (Avg 0.1817) IoU:0.648 (Avg 0.6690) Dice:0.7653 (Avg 0.7785) LR 2.80e-04   (AvgTime 0.6)   
   [Train] Loss components: main_dice=0.189324, main_focal=0.062432, main=0.125878, region_raw=0.435323, region_weighted=0.055857, empty_window_fraction=0.000000, total=0.181736
Validation
   [Val] Epoch: [14][20/90]  Loss:0.220 (Avg 0.1770) IoU:0.636 (Avg 0.6985) Dice:0.7593 (Avg 0.8059) (AvgTime 0.3)   
   [Val] Epoch: [14][40/90]  Loss:0.171 (Avg 0.1844) IoU:0.700 (Avg 0.6790) Dice:0.8098 (Avg 0.7883) (AvgTime 0.2)   
   [Val] Epoch: [14][60/90]  Loss:0.239 (Avg 0.1765) IoU:0.607 (Avg 0.6866) Dice:0.7269 (Avg 0.7939) (AvgTime 0.2)   
   [Val] Epoch: [14][80/90]  Loss:0.148 (Avg 0.1752) IoU:0.723 (Avg 0.6861) Dice:0.8269 (Avg 0.7939) (AvgTime 0.2)   
   [Val] Epoch: [14][90/90]  Loss:0.201 (Avg 0.1761) IoU:0.606 (Avg 0.6846) Dice:0.7390 (Avg 0.7925) (AvgTime 0.2)   
   [Val] Loss components: main_dice=0.175872, main_focal=0.067370, main=0.121621, region_raw=0.424370, region_weighted=0.054452, empty_window_fraction=0.000000, total=0.176073
	 Saving best model by iou: 0.684562
	 Saving to Covid19/BetterLViT/rs1_global_iou/RS1_Test_session_09.12_17h44/models//best_model-BetterLViT.pth.tar
	 early_stopping_count: 0/80
--- Epoch History (1..14) ---
Epoch |  TrainLoss |  TrainDice |  TrainIoU |    ValLoss |    ValDice |    ValIoU |         LR | Best
    1 |     0.3300 |     0.6064 |    0.4771 |     0.2665 |     0.6917 |    0.5661 |   3.00e-04 |     
    2 |     0.2491 |     0.6986 |    0.5752 |     0.2503 |     0.7064 |    0.5831 |   3.00e-04 |     
    3 |     0.2238 |     0.7274 |    0.6082 |     0.2261 |     0.7490 |    0.6315 |   3.00e-04 |     
    4 |     0.2124 |     0.7413 |    0.6243 |     0.1852 |     0.7780 |    0.6672 |   2.99e-04 |     
    5 |     0.2062 |     0.7480 |    0.6318 |     0.1901 |     0.7618 |    0.6483 |   2.98e-04 |     
    6 |     0.2002 |     0.7563 |    0.6416 |     0.1824 |     0.7892 |    0.6820 |   2.97e-04 |     
    7 |     0.1965 |     0.7605 |    0.6471 |     0.1870 |     0.7776 |    0.6673 |   2.96e-04 |     
    8 |     0.1919 |     0.7663 |    0.6535 |     0.1781 |     0.7828 |    0.6722 |   2.94e-04 |     
    9 |     0.1907 |     0.7670 |    0.6549 |     0.1861 |     0.7859 |    0.6771 |   2.92e-04 |     
   10 |     0.1887 |     0.7700 |    0.6581 |     0.1904 |     0.7618 |    0.6500 |   2.91e-04 |     
   11 |     0.1847 |     0.7742 |    0.6630 |     0.1856 |     0.7791 |    0.6667 |   2.88e-04 |     
   12 |     0.1858 |     0.7730 |    0.6619 |     0.1814 |     0.7792 |    0.6699 |   2.86e-04 |     
   13 |     0.1827 |     0.7778 |    0.6673 |     0.1897 |     0.7836 |    0.6741 |   2.83e-04 |     
   14 |     0.1817 |     0.7785 |    0.6690 |     0.1761 |     0.7925 |    0.6846 |   2.80e-04 |    *
--- R2 plus final-map regional overlap: global validation statistics ---
up4: ca=0.8265+/-0.1599, sa=0.9991+/-0.0070, amp=0.0000, suppress=0.0000, guide_abs=0.2963
up4 residuals: local_mean=5.944e-03, global_mean=-0.0156, local_strength=0.0867, global_strength=0.1014, gain=[0.9723,1.0245], saturation=0.0000, text_film=0.0044
up4 haar: reconstruction_error=9.537e-07, skip_low/high=0.8050/0.1950, plam_low/high=1.0000/0.0000
up4 strengths: plam=0.9706, region=0.0867, detail=0.1014; residual_std region/detail/refine=0.0113/0.5076/0.4084
up4 guide_mix: entropy=0.9801, raw_low=0.3268, plam_low=0.2414, decoder_low=0.2662, detail=0.1655; agreement plam/decoder=0.9052/0.9715, support=0.4665+/-0.0002
up4 adaptive_frequency: ALPF strength=0.2300, weights=0.1724/0.6539/0.1737, sum=1.0000, entropy=0.7974, delta_std=0.1230; AHPF strength=0.0789, weights=0.4349/0.4105/0.1546, sum=1.0000, entropy=0.9090, residual_std=0.1432, scaled_std=0.0113
up3: ca=0.9908+/-0.1988, sa=1.0002+/-0.0088, amp=0.0000, suppress=0.0000, guide_abs=0.2382
up3 residuals: local_mean=-3.133e-03, global_mean=0.0044, local_strength=0.1089, global_strength=0.1154, gain=[0.9562,1.0462], saturation=0.0426, text_film=0.0186
up3 haar: reconstruction_error=9.537e-07, skip_low/high=0.7826/0.2174, plam_low/high=1.0000/0.0000
up3 strengths: plam=0.9557, region=0.1089, detail=0.1154; residual_std region/detail/refine=0.4388/0.6142/0.4796
up3 guide_mix: entropy=0.9786, raw_low=0.3206, plam_low=0.2302, decoder_low=0.2860, detail=0.1632; agreement plam/decoder=0.8464/0.0967, support=0.7661+/-0.1000
up3 adaptive_frequency: ALPF strength=0.2481, weights=0.1472/0.4271/0.4258, sum=1.0000, entropy=0.7988, delta_std=0.0914; AHPF strength=0.0973, weights=0.5289/0.2303/0.2408, sum=1.0000, entropy=0.7862, residual_std=0.1492, scaled_std=0.0145
up2: ca=0.9093+/-0.1673, sa=0.9998+/-0.0052, amp=0.0000, suppress=0.0000, guide_abs=0.2859
up2 residuals: local_mean=-1.760e-02, global_mean=0.0167, local_strength=0.1151, global_strength=0.1089, gain=[0.9484,1.0536], saturation=0.0001, text_film=0.0286
up2 haar: reconstruction_error=1.043e-06, skip_low/high=0.8072/0.1928, plam_low/high=1.0000/0.0000
up2 strengths: plam=0.9375, region=0.1151, detail=0.1089; residual_std region/detail/refine=0.3146/0.3733/0.2440
up2 guide_mix: entropy=0.9645, raw_low=0.2904, plam_low=0.2507, decoder_low=0.3287, detail=0.1302; agreement plam/decoder=0.4365/-0.4032, support=0.6437+/-0.0829
up1: ca=0.8791+/-0.1563, sa=0.9998+/-0.0130, amp=0.0000, suppress=0.0000, guide_abs=0.1698
up1 residuals: local_mean=-6.995e-03, global_mean=0.0058, local_strength=0.1188, global_strength=0.1038, gain=[0.9017,1.0964], saturation=0.0020, text_film=0.0255
up1 haar: reconstruction_error=1.431e-06, skip_low/high=0.7726/0.2274, plam_low/high=1.0000/0.0000
up1 strengths: plam=0.9433, region=0.1188, detail=0.1038; residual_std region/detail/refine=0.3620/0.3370/0.0898
up1 guide_mix: entropy=0.9395, raw_low=0.3102, plam_low=0.2416, decoder_low=0.3493, detail=0.0988; agreement plam/decoder=0.7079/-0.1082, support=0.5856+/-0.0865

========= Epoch [15/80] =========
RS1_Test_session_09.12_17h44
Training with batch size : 16
   [Train] Epoch: [15][20/357]  Loss:0.162 (Avg 0.1763) IoU:0.700 (Avg 0.6747) Dice:0.8104 (Avg 0.7830) LR 2.77e-04   (AvgTime 0.6)   
   [Train] Epoch: [15][40/357]  Loss:0.196 (Avg 0.1787) IoU:0.633 (Avg 0.6722) Dice:0.7484 (Avg 0.7826) LR 2.77e-04   (AvgTime 0.6)   
   [Train] Epoch: [15][60/357]  Loss:0.166 (Avg 0.1792) IoU:0.676 (Avg 0.6701) Dice:0.7857 (Avg 0.7820) LR 2.77e-04   (AvgTime 0.6)   
   [Train] Epoch: [15][80/357]  Loss:0.186 (Avg 0.1788) IoU:0.716 (Avg 0.6725) Dice:0.8174 (Avg 0.7827) LR 2.77e-04   (AvgTime 0.6)   
   [Train] Epoch: [15][100/357]  Loss:0.203 (Avg 0.1766) IoU:0.596 (Avg 0.6766) Dice:0.7229 (Avg 0.7859) LR 2.77e-04   (AvgTime 0.6)   
   [Train] Epoch: [15][120/357]  Loss:0.192 (Avg 0.1755) IoU:0.673 (Avg 0.6785) Dice:0.7790 (Avg 0.7875) LR 2.77e-04   (AvgTime 0.6)   
   [Train] Epoch: [15][140/357]  Loss:0.209 (Avg 0.1781) IoU:0.664 (Avg 0.6751) Dice:0.7574 (Avg 0.7843) LR 2.77e-04   (AvgTime 0.6)   
   [Train] Epoch: [15][160/357]  Loss:0.208 (Avg 0.1770) IoU:0.587 (Avg 0.6769) Dice:0.7203 (Avg 0.7858) LR 2.77e-04   (AvgTime 0.5)   
   [Train] Epoch: [15][180/357]  Loss:0.187 (Avg 0.1770) IoU:0.623 (Avg 0.6771) Dice:0.7541 (Avg 0.7858) LR 2.77e-04   (AvgTime 0.5)   
   [Train] Epoch: [15][200/357]  Loss:0.161 (Avg 0.1764) IoU:0.704 (Avg 0.6778) Dice:0.8141 (Avg 0.7865) LR 2.77e-04   (AvgTime 0.5)   
   [Train] Epoch: [15][220/357]  Loss:0.226 (Avg 0.1769) IoU:0.580 (Avg 0.6761) Dice:0.7091 (Avg 0.7853) LR 2.77e-04   (AvgTime 0.6)   
   [Train] Epoch: [15][240/357]  Loss:0.176 (Avg 0.1790) IoU:0.729 (Avg 0.6730) Dice:0.8298 (Avg 0.7823) LR 2.77e-04   (AvgTime 0.6)   
   [Train] Epoch: [15][260/357]  Loss:0.197 (Avg 0.1789) IoU:0.649 (Avg 0.6732) Dice:0.7618 (Avg 0.7827) LR 2.77e-04   (AvgTime 0.5)   
   [Train] Epoch: [15][280/357]  Loss:0.196 (Avg 0.1794) IoU:0.632 (Avg 0.6721) Dice:0.7385 (Avg 0.7818) LR 2.77e-04   (AvgTime 0.5)   
   [Train] Epoch: [15][300/357]  Loss:0.164 (Avg 0.1788) IoU:0.684 (Avg 0.6728) Dice:0.7870 (Avg 0.7823) LR 2.77e-04   (AvgTime 0.5)   
   [Train] Epoch: [15][320/357]  Loss:0.204 (Avg 0.1794) IoU:0.631 (Avg 0.6719) Dice:0.7356 (Avg 0.7813) LR 2.77e-04   (AvgTime 0.5)   
   [Train] Epoch: [15][340/357]  Loss:0.199 (Avg 0.1797) IoU:0.640 (Avg 0.6712) Dice:0.7438 (Avg 0.7805) LR 2.77e-04   (AvgTime 0.5)   
   [Train] Epoch: [15][357/357]  Loss:0.141 (Avg 0.1790) IoU:0.767 (Avg 0.6727) Dice:0.8583 (Avg 0.7817) LR 2.77e-04   (AvgTime 0.5)   
   [Train] Loss components: main_dice=0.186389, main_focal=0.061146, main=0.123768, region_raw=0.430801, region_weighted=0.055277, empty_window_fraction=0.000000, total=0.179045
Validation
   [Val] Epoch: [15][20/90]  Loss:0.202 (Avg 0.1663) IoU:0.645 (Avg 0.7014) Dice:0.7654 (Avg 0.8072) (AvgTime 0.3)   
   [Val] Epoch: [15][40/90]  Loss:0.158 (Avg 0.1749) IoU:0.690 (Avg 0.6847) Dice:0.8039 (Avg 0.7917) (AvgTime 0.2)   
   [Val] Epoch: [15][60/90]  Loss:0.204 (Avg 0.1659) IoU:0.654 (Avg 0.6938) Dice:0.7583 (Avg 0.7984) (AvgTime 0.2)   
   [Val] Epoch: [15][80/90]  Loss:0.144 (Avg 0.1654) IoU:0.712 (Avg 0.6905) Dice:0.8189 (Avg 0.7961) (AvgTime 0.2)   
   [Val] Epoch: [15][90/90]  Loss:0.208 (Avg 0.1662) IoU:0.596 (Avg 0.6887) Dice:0.7278 (Avg 0.7947) (AvgTime 0.2)   
   [Val] Loss components: main_dice=0.174624, main_focal=0.052548, main=0.113586, region_raw=0.409728, region_weighted=0.052573, empty_window_fraction=0.000000, total=0.166159
	 Saving best model by iou: 0.688726
	 Saving to Covid19/BetterLViT/rs1_global_iou/RS1_Test_session_09.12_17h44/models//best_model-BetterLViT.pth.tar
	 early_stopping_count: 0/80
--- Epoch History (1..15) ---
Epoch |  TrainLoss |  TrainDice |  TrainIoU |    ValLoss |    ValDice |    ValIoU |         LR | Best
    1 |     0.3300 |     0.6064 |    0.4771 |     0.2665 |     0.6917 |    0.5661 |   3.00e-04 |     
    2 |     0.2491 |     0.6986 |    0.5752 |     0.2503 |     0.7064 |    0.5831 |   3.00e-04 |     
    3 |     0.2238 |     0.7274 |    0.6082 |     0.2261 |     0.7490 |    0.6315 |   3.00e-04 |     
    4 |     0.2124 |     0.7413 |    0.6243 |     0.1852 |     0.7780 |    0.6672 |   2.99e-04 |     
    5 |     0.2062 |     0.7480 |    0.6318 |     0.1901 |     0.7618 |    0.6483 |   2.98e-04 |     
    6 |     0.2002 |     0.7563 |    0.6416 |     0.1824 |     0.7892 |    0.6820 |   2.97e-04 |     
    7 |     0.1965 |     0.7605 |    0.6471 |     0.1870 |     0.7776 |    0.6673 |   2.96e-04 |     
    8 |     0.1919 |     0.7663 |    0.6535 |     0.1781 |     0.7828 |    0.6722 |   2.94e-04 |     
    9 |     0.1907 |     0.7670 |    0.6549 |     0.1861 |     0.7859 |    0.6771 |   2.92e-04 |     
   10 |     0.1887 |     0.7700 |    0.6581 |     0.1904 |     0.7618 |    0.6500 |   2.91e-04 |     
   11 |     0.1847 |     0.7742 |    0.6630 |     0.1856 |     0.7791 |    0.6667 |   2.88e-04 |     
   12 |     0.1858 |     0.7730 |    0.6619 |     0.1814 |     0.7792 |    0.6699 |   2.86e-04 |     
   13 |     0.1827 |     0.7778 |    0.6673 |     0.1897 |     0.7836 |    0.6741 |   2.83e-04 |     
   14 |     0.1817 |     0.7785 |    0.6690 |     0.1761 |     0.7925 |    0.6846 |   2.80e-04 |     
   15 |     0.1790 |     0.7817 |    0.6727 |     0.1662 |     0.7947 |    0.6887 |   2.77e-04 |    *
--- R2 plus final-map regional overlap: global validation statistics ---
up4: ca=0.8371+/-0.1630, sa=0.9993+/-0.0078, amp=0.0000, suppress=0.0000, guide_abs=0.3305
up4 residuals: local_mean=5.260e-03, global_mean=-0.0128, local_strength=0.0865, global_strength=0.1019, gain=[0.9723,1.0282], saturation=0.0000, text_film=0.0045
up4 haar: reconstruction_error=9.537e-07, skip_low/high=0.7924/0.2076, plam_low/high=1.0000/0.0000
up4 strengths: plam=0.9692, region=0.0865, detail=0.1019; residual_std region/detail/refine=0.0121/0.5239/0.4290
up4 guide_mix: entropy=0.9809, raw_low=0.3172, plam_low=0.2386, decoder_low=0.2789, detail=0.1652; agreement plam/decoder=0.5674/0.6270, support=0.4661+/-0.0001
up4 adaptive_frequency: ALPF strength=0.2313, weights=0.1822/0.6562/0.1617, sum=1.0000, entropy=0.7939, delta_std=0.1253; AHPF strength=0.0785, weights=0.4774/0.3782/0.1444, sum=1.0000, entropy=0.8672, residual_std=0.1368, scaled_std=0.0107
up3: ca=0.9801+/-0.1927, sa=1.0000+/-0.0093, amp=0.0000, suppress=0.0000, guide_abs=0.2389
up3 residuals: local_mean=-2.924e-03, global_mean=0.0020, local_strength=0.1089, global_strength=0.1158, gain=[0.9475,1.0532], saturation=0.0406, text_film=0.0181
up3 haar: reconstruction_error=9.537e-07, skip_low/high=0.7743/0.2257, plam_low/high=1.0000/0.0000
up3 strengths: plam=0.9532, region=0.1089, detail=0.1158; residual_std region/detail/refine=0.4255/0.6088/0.4570
up3 guide_mix: entropy=0.9812, raw_low=0.3204, plam_low=0.2383, decoder_low=0.2742, detail=0.1670; agreement plam/decoder=0.8696/0.0638, support=0.7665+/-0.0960
up3 adaptive_frequency: ALPF strength=0.2506, weights=0.2234/0.5937/0.1830, sum=1.0000, entropy=0.8267, delta_std=0.0766; AHPF strength=0.0982, weights=0.3569/0.3187/0.3244, sum=1.0000, entropy=0.9481, residual_std=0.1895, scaled_std=0.0186
up2: ca=0.8943+/-0.1787, sa=1.0003+/-0.0051, amp=0.0000, suppress=0.0000, guide_abs=0.2911
up2 residuals: local_mean=-1.653e-02, global_mean=0.0205, local_strength=0.1152, global_strength=0.1091, gain=[0.9444,1.0613], saturation=0.0001, text_film=0.0289
up2 haar: reconstruction_error=1.103e-06, skip_low/high=0.8050/0.1950, plam_low/high=1.0000/0.0000
up2 strengths: plam=0.9328, region=0.1152, detail=0.1091; residual_std region/detail/refine=0.3009/0.3773/0.2399
up2 guide_mix: entropy=0.9644, raw_low=0.2843, plam_low=0.2576, decoder_low=0.3291, detail=0.1290; agreement plam/decoder=0.3639/-0.4434, support=0.6424+/-0.0786
up1: ca=0.8773+/-0.1449, sa=0.9999+/-0.0138, amp=0.0000, suppress=0.0000, guide_abs=0.1776
up1 residuals: local_mean=-7.258e-03, global_mean=0.0072, local_strength=0.1191, global_strength=0.1042, gain=[0.9004,1.0978], saturation=0.0002, text_film=0.0235
up1 haar: reconstruction_error=1.907e-06, skip_low/high=0.7464/0.2536, plam_low/high=1.0000/0.0000
up1 strengths: plam=0.9410, region=0.1191, detail=0.1042; residual_std region/detail/refine=0.3447/0.3617/0.0960
up1 guide_mix: entropy=0.9407, raw_low=0.2729, plam_low=0.2667, decoder_low=0.3610, detail=0.0994; agreement plam/decoder=0.4712/-0.2231, support=0.5971+/-0.0902

========= Epoch [16/80] =========
RS1_Test_session_09.12_17h44
Training with batch size : 16
   [Train] Epoch: [16][20/357]  Loss:0.161 (Avg 0.1861) IoU:0.686 (Avg 0.6649) Dice:0.7944 (Avg 0.7753) LR 2.74e-04   (AvgTime 0.6)   
   [Train] Epoch: [16][40/357]  Loss:0.141 (Avg 0.1815) IoU:0.721 (Avg 0.6705) Dice:0.8287 (Avg 0.7797) LR 2.74e-04   (AvgTime 0.6)   
   [Train] Epoch: [16][60/357]  Loss:0.255 (Avg 0.1785) IoU:0.551 (Avg 0.6736) Dice:0.6792 (Avg 0.7821) LR 2.74e-04   (AvgTime 0.6)   
   [Train] Epoch: [16][80/357]  Loss:0.191 (Avg 0.1787) IoU:0.643 (Avg 0.6716) Dice:0.7631 (Avg 0.7804) LR 2.74e-04   (AvgTime 0.6)   
   [Train] Epoch: [16][100/357]  Loss:0.165 (Avg 0.1781) IoU:0.666 (Avg 0.6721) Dice:0.7898 (Avg 0.7816) LR 2.74e-04   (AvgTime 0.6)   
   [Train] Epoch: [16][120/357]  Loss:0.214 (Avg 0.1782) IoU:0.613 (Avg 0.6717) Dice:0.7434 (Avg 0.7812) LR 2.74e-04   (AvgTime 0.6)   
   [Train] Epoch: [16][140/357]  Loss:0.190 (Avg 0.1791) IoU:0.638 (Avg 0.6706) Dice:0.7608 (Avg 0.7807) LR 2.74e-04   (AvgTime 0.6)   
   [Train] Epoch: [16][160/357]  Loss:0.129 (Avg 0.1789) IoU:0.766 (Avg 0.6719) Dice:0.8622 (Avg 0.7815) LR 2.74e-04   (AvgTime 0.6)   
   [Train] Epoch: [16][180/357]  Loss:0.195 (Avg 0.1786) IoU:0.628 (Avg 0.6726) Dice:0.7517 (Avg 0.7817) LR 2.74e-04   (AvgTime 0.6)   
   [Train] Epoch: [16][200/357]  Loss:0.177 (Avg 0.1768) IoU:0.686 (Avg 0.6754) Dice:0.8009 (Avg 0.7841) LR 2.74e-04   (AvgTime 0.6)   
   [Train] Epoch: [16][220/357]  Loss:0.161 (Avg 0.1763) IoU:0.688 (Avg 0.6760) Dice:0.7961 (Avg 0.7848) LR 2.74e-04   (AvgTime 0.6)   
   [Train] Epoch: [16][240/357]  Loss:0.154 (Avg 0.1771) IoU:0.696 (Avg 0.6750) Dice:0.8058 (Avg 0.7835) LR 2.74e-04   (AvgTime 0.6)   
   [Train] Epoch: [16][260/357]  Loss:0.159 (Avg 0.1775) IoU:0.714 (Avg 0.6748) Dice:0.8249 (Avg 0.7835) LR 2.74e-04   (AvgTime 0.6)   
   [Train] Epoch: [16][280/357]  Loss:0.213 (Avg 0.1782) IoU:0.611 (Avg 0.6737) Dice:0.7196 (Avg 0.7824) LR 2.74e-04   (AvgTime 0.5)   
   [Train] Epoch: [16][300/357]  Loss:0.170 (Avg 0.1783) IoU:0.668 (Avg 0.6735) Dice:0.7806 (Avg 0.7821) LR 2.74e-04   (AvgTime 0.5)   
   [Train] Epoch: [16][320/357]  Loss:0.164 (Avg 0.1783) IoU:0.730 (Avg 0.6739) Dice:0.8257 (Avg 0.7825) LR 2.74e-04   (AvgTime 0.6)   
   [Train] Epoch: [16][340/357]  Loss:0.183 (Avg 0.1777) IoU:0.695 (Avg 0.6750) Dice:0.7961 (Avg 0.7833) LR 2.74e-04   (AvgTime 0.6)   
   [Train] Epoch: [16][357/357]  Loss:0.159 (Avg 0.1777) IoU:0.710 (Avg 0.6748) Dice:0.8195 (Avg 0.7832) LR 2.74e-04   (AvgTime 0.6)   
   [Train] Loss components: main_dice=0.184961, main_focal=0.060570, main=0.122765, region_raw=0.428013, region_weighted=0.054919, empty_window_fraction=0.000000, total=0.177685
Validation
   [Val] Epoch: [16][20/90]  Loss:0.195 (Avg 0.1671) IoU:0.662 (Avg 0.7041) Dice:0.7795 (Avg 0.8099) (AvgTime 0.3)   
   [Val] Epoch: [16][40/90]  Loss:0.157 (Avg 0.1761) IoU:0.707 (Avg 0.6839) Dice:0.8117 (Avg 0.7912) (AvgTime 0.3)   
   [Val] Epoch: [16][60/90]  Loss:0.215 (Avg 0.1666) IoU:0.645 (Avg 0.6957) Dice:0.7541 (Avg 0.7999) (AvgTime 0.2)   
   [Val] Epoch: [16][80/90]  Loss:0.143 (Avg 0.1653) IoU:0.725 (Avg 0.6947) Dice:0.8277 (Avg 0.7996) (AvgTime 0.2)   
   [Val] Epoch: [16][90/90]  Loss:0.201 (Avg 0.1662) IoU:0.610 (Avg 0.6933) Dice:0.7431 (Avg 0.7984) (AvgTime 0.2)   
   [Val] Loss components: main_dice=0.170155, main_focal=0.058009, main=0.114082, region_raw=0.406311, region_weighted=0.052135, empty_window_fraction=0.000000, total=0.166217
	 Saving best model by iou: 0.693335
	 Saving to Covid19/BetterLViT/rs1_global_iou/RS1_Test_session_09.12_17h44/models//best_model-BetterLViT.pth.tar
	 early_stopping_count: 0/80
--- Epoch History (1..16) ---
Epoch |  TrainLoss |  TrainDice |  TrainIoU |    ValLoss |    ValDice |    ValIoU |         LR | Best
    1 |     0.3300 |     0.6064 |    0.4771 |     0.2665 |     0.6917 |    0.5661 |   3.00e-04 |     
    2 |     0.2491 |     0.6986 |    0.5752 |     0.2503 |     0.7064 |    0.5831 |   3.00e-04 |     
    3 |     0.2238 |     0.7274 |    0.6082 |     0.2261 |     0.7490 |    0.6315 |   3.00e-04 |     
    4 |     0.2124 |     0.7413 |    0.6243 |     0.1852 |     0.7780 |    0.6672 |   2.99e-04 |     
    5 |     0.2062 |     0.7480 |    0.6318 |     0.1901 |     0.7618 |    0.6483 |   2.98e-04 |     
    6 |     0.2002 |     0.7563 |    0.6416 |     0.1824 |     0.7892 |    0.6820 |   2.97e-04 |     
    7 |     0.1965 |     0.7605 |    0.6471 |     0.1870 |     0.7776 |    0.6673 |   2.96e-04 |     
    8 |     0.1919 |     0.7663 |    0.6535 |     0.1781 |     0.7828 |    0.6722 |   2.94e-04 |     
    9 |     0.1907 |     0.7670 |    0.6549 |     0.1861 |     0.7859 |    0.6771 |   2.92e-04 |     
   10 |     0.1887 |     0.7700 |    0.6581 |     0.1904 |     0.7618 |    0.6500 |   2.91e-04 |     
   11 |     0.1847 |     0.7742 |    0.6630 |     0.1856 |     0.7791 |    0.6667 |   2.88e-04 |     
   12 |     0.1858 |     0.7730 |    0.6619 |     0.1814 |     0.7792 |    0.6699 |   2.86e-04 |     
   13 |     0.1827 |     0.7778 |    0.6673 |     0.1897 |     0.7836 |    0.6741 |   2.83e-04 |     
   14 |     0.1817 |     0.7785 |    0.6690 |     0.1761 |     0.7925 |    0.6846 |   2.80e-04 |     
   15 |     0.1790 |     0.7817 |    0.6727 |     0.1662 |     0.7947 |    0.6887 |   2.77e-04 |     
   16 |     0.1777 |     0.7832 |    0.6748 |     0.1662 |     0.7984 |    0.6933 |   2.74e-04 |    *
--- R2 plus final-map regional overlap: global validation statistics ---
up4: ca=0.8317+/-0.1603, sa=0.9996+/-0.0065, amp=0.0000, suppress=0.0000, guide_abs=0.3016
up4 residuals: local_mean=6.127e-03, global_mean=-0.0108, local_strength=0.0863, global_strength=0.1023, gain=[0.9748,1.0227], saturation=0.0000, text_film=0.0044
up4 haar: reconstruction_error=7.153e-07, skip_low/high=0.7999/0.2001, plam_low/high=1.0000/0.0000
up4 strengths: plam=0.9684, region=0.0863, detail=0.1023; residual_std region/detail/refine=0.0109/0.5256/0.4403
up4 guide_mix: entropy=0.9795, raw_low=0.3326, plam_low=0.2281, decoder_low=0.2691, detail=0.1701; agreement plam/decoder=0.9871/0.9670, support=0.4629+/-0.0002
up4 adaptive_frequency: ALPF strength=0.2330, weights=0.1571/0.6724/0.1705, sum=1.0000, entropy=0.7767, delta_std=0.1161; AHPF strength=0.0780, weights=0.4364/0.4073/0.1563, sum=1.0000, entropy=0.9167, residual_std=0.1395, scaled_std=0.0109
up3: ca=0.9803+/-0.1994, sa=1.0011+/-0.0090, amp=0.0000, suppress=0.0000, guide_abs=0.2395
up3 residuals: local_mean=-2.054e-04, global_mean=0.0085, local_strength=0.1091, global_strength=0.1162, gain=[0.9586,1.0409], saturation=0.0298, text_film=0.0209
up3 haar: reconstruction_error=9.537e-07, skip_low/high=0.7774/0.2226, plam_low/high=1.0000/0.0000
up3 strengths: plam=0.9511, region=0.1091, detail=0.1162; residual_std region/detail/refine=0.4270/0.6071/0.4651
up3 guide_mix: entropy=0.9778, raw_low=0.3313, plam_low=0.2158, decoder_low=0.2826, detail=0.1703; agreement plam/decoder=0.8880/0.0133, support=0.7417+/-0.1083
up3 adaptive_frequency: ALPF strength=0.2534, weights=0.1434/0.3990/0.4576, sum=1.0000, entropy=0.7712, delta_std=0.0873; AHPF strength=0.0990, weights=0.5478/0.2235/0.2286, sum=1.0000, entropy=0.7853, residual_std=0.1455, scaled_std=0.0144
up2: ca=0.8928+/-0.1705, sa=1.0003+/-0.0052, amp=0.0000, suppress=0.0000, guide_abs=0.2928
up2 residuals: local_mean=-1.509e-02, global_mean=0.0186, local_strength=0.1155, global_strength=0.1094, gain=[0.9415,1.0612], saturation=0.0008, text_film=0.0286
up2 haar: reconstruction_error=1.132e-06, skip_low/high=0.8068/0.1932, plam_low/high=1.0000/0.0000
up2 strengths: plam=0.9283, region=0.1155, detail=0.1094; residual_std region/detail/refine=0.2946/0.3720/0.2358
up2 guide_mix: entropy=0.9623, raw_low=0.3060, plam_low=0.2252, decoder_low=0.3346, detail=0.1343; agreement plam/decoder=0.4492/-0.3577, support=0.6358+/-0.0815
up1: ca=0.8891+/-0.1369, sa=1.0002+/-0.0139, amp=0.0000, suppress=0.0000, guide_abs=0.1980
up1 residuals: local_mean=-6.100e-03, global_mean=0.0086, local_strength=0.1195, global_strength=0.1042, gain=[0.8999,1.0983], saturation=0.0010, text_film=0.0267
up1 haar: reconstruction_error=1.907e-06, skip_low/high=0.7597/0.2403, plam_low/high=1.0000/0.0000
up1 strengths: plam=0.9395, region=0.1195, detail=0.1042; residual_std region/detail/refine=0.3325/0.3695/0.0970
up1 guide_mix: entropy=0.9391, raw_low=0.3168, plam_low=0.2157, decoder_low=0.3606, detail=0.1069; agreement plam/decoder=0.3655/0.0651, support=0.5887+/-0.0875

========= Epoch [17/80] =========
RS1_Test_session_09.12_17h44
Training with batch size : 16
   [Train] Epoch: [17][20/357]  Loss:0.172 (Avg 0.1618) IoU:0.670 (Avg 0.6981) Dice:0.7793 (Avg 0.8026) LR 2.71e-04   (AvgTime 0.6)   
   [Train] Epoch: [17][40/357]  Loss:0.163 (Avg 0.1637) IoU:0.696 (Avg 0.6964) Dice:0.8068 (Avg 0.8011) LR 2.71e-04   (AvgTime 0.6)   
   [Train] Epoch: [17][60/357]  Loss:0.171 (Avg 0.1668) IoU:0.679 (Avg 0.6911) Dice:0.7773 (Avg 0.7974) LR 2.71e-04   (AvgTime 0.6)   
   [Train] Epoch: [17][80/357]  Loss:0.171 (Avg 0.1701) IoU:0.697 (Avg 0.6855) Dice:0.8057 (Avg 0.7926) LR 2.71e-04   (AvgTime 0.6)   
   [Train] Epoch: [17][100/357]  Loss:0.263 (Avg 0.1723) IoU:0.540 (Avg 0.6828) Dice:0.6667 (Avg 0.7900) LR 2.71e-04   (AvgTime 0.6)   
   [Train] Epoch: [17][120/357]  Loss:0.140 (Avg 0.1699) IoU:0.747 (Avg 0.6862) Dice:0.8442 (Avg 0.7929) LR 2.71e-04   (AvgTime 0.6)   
   [Train] Epoch: [17][140/357]  Loss:0.245 (Avg 0.1707) IoU:0.547 (Avg 0.6847) Dice:0.6746 (Avg 0.7917) LR 2.71e-04   (AvgTime 0.6)   
   [Train] Epoch: [17][160/357]  Loss:0.203 (Avg 0.1720) IoU:0.609 (Avg 0.6829) Dice:0.7318 (Avg 0.7901) LR 2.71e-04   (AvgTime 0.6)   
   [Train] Epoch: [17][180/357]  Loss:0.126 (Avg 0.1721) IoU:0.768 (Avg 0.6826) Dice:0.8556 (Avg 0.7898) LR 2.71e-04   (AvgTime 0.6)   
   [Train] Epoch: [17][200/357]  Loss:0.175 (Avg 0.1720) IoU:0.677 (Avg 0.6829) Dice:0.7836 (Avg 0.7899) LR 2.71e-04   (AvgTime 0.6)   
   [Train] Epoch: [17][220/357]  Loss:0.175 (Avg 0.1729) IoU:0.683 (Avg 0.6814) Dice:0.7982 (Avg 0.7887) LR 2.71e-04   (AvgTime 0.6)   
   [Train] Epoch: [17][240/357]  Loss:0.145 (Avg 0.1733) IoU:0.736 (Avg 0.6807) Dice:0.8387 (Avg 0.7882) LR 2.71e-04   (AvgTime 0.6)   
   [Train] Epoch: [17][260/357]  Loss:0.163 (Avg 0.1738) IoU:0.730 (Avg 0.6800) Dice:0.8350 (Avg 0.7878) LR 2.71e-04   (AvgTime 0.6)   
   [Train] Epoch: [17][280/357]  Loss:0.224 (Avg 0.1743) IoU:0.606 (Avg 0.6792) Dice:0.7198 (Avg 0.7872) LR 2.71e-04   (AvgTime 0.6)   
   [Train] Epoch: [17][300/357]  Loss:0.155 (Avg 0.1748) IoU:0.709 (Avg 0.6785) Dice:0.8003 (Avg 0.7865) LR 2.71e-04   (AvgTime 0.6)   
   [Train] Epoch: [17][320/357]  Loss:0.179 (Avg 0.1741) IoU:0.667 (Avg 0.6793) Dice:0.7687 (Avg 0.7874) LR 2.71e-04   (AvgTime 0.6)   
   [Train] Epoch: [17][340/357]  Loss:0.201 (Avg 0.1741) IoU:0.636 (Avg 0.6796) Dice:0.7472 (Avg 0.7876) LR 2.71e-04   (AvgTime 0.6)   
   [Train] Epoch: [17][357/357]  Loss:0.158 (Avg 0.1747) IoU:0.693 (Avg 0.6787) Dice:0.8074 (Avg 0.7868) LR 2.71e-04   (AvgTime 0.6)   
   [Train] Loss components: main_dice=0.181064, main_focal=0.060162, main=0.120613, region_raw=0.421785, region_weighted=0.054120, empty_window_fraction=0.000000, total=0.174733
Validation
   [Val] Epoch: [17][20/90]  Loss:0.207 (Avg 0.1799) IoU:0.624 (Avg 0.6705) Dice:0.7473 (Avg 0.7842) (AvgTime 0.3)   
   [Val] Epoch: [17][40/90]  Loss:0.197 (Avg 0.1918) IoU:0.602 (Avg 0.6495) Dice:0.7332 (Avg 0.7636) (AvgTime 0.2)   
   [Val] Epoch: [17][60/90]  Loss:0.202 (Avg 0.1837) IoU:0.635 (Avg 0.6582) Dice:0.7423 (Avg 0.7695) (AvgTime 0.2)   
   [Val] Epoch: [17][80/90]  Loss:0.182 (Avg 0.1835) IoU:0.629 (Avg 0.6553) Dice:0.7546 (Avg 0.7676) (AvgTime 0.2)   
   [Val] Epoch: [17][90/90]  Loss:0.233 (Avg 0.1849) IoU:0.532 (Avg 0.6528) Dice:0.6773 (Avg 0.7656) (AvgTime 0.2)   
   [Val] Loss components: main_dice=0.201492, main_focal=0.055946, main=0.128719, region_raw=0.437758, region_weighted=0.056170, empty_window_fraction=0.000000, total=0.184889
	 No iou improvement; selected epoch 16
	 early_stopping_count: 1/80
--- Epoch History (1..17) ---
Epoch |  TrainLoss |  TrainDice |  TrainIoU |    ValLoss |    ValDice |    ValIoU |         LR | Best
    1 |     0.3300 |     0.6064 |    0.4771 |     0.2665 |     0.6917 |    0.5661 |   3.00e-04 |     
    2 |     0.2491 |     0.6986 |    0.5752 |     0.2503 |     0.7064 |    0.5831 |   3.00e-04 |     
    3 |     0.2238 |     0.7274 |    0.6082 |     0.2261 |     0.7490 |    0.6315 |   3.00e-04 |     
    4 |     0.2124 |     0.7413 |    0.6243 |     0.1852 |     0.7780 |    0.6672 |   2.99e-04 |     
    5 |     0.2062 |     0.7480 |    0.6318 |     0.1901 |     0.7618 |    0.6483 |   2.98e-04 |     
    6 |     0.2002 |     0.7563 |    0.6416 |     0.1824 |     0.7892 |    0.6820 |   2.97e-04 |     
    7 |     0.1965 |     0.7605 |    0.6471 |     0.1870 |     0.7776 |    0.6673 |   2.96e-04 |     
    8 |     0.1919 |     0.7663 |    0.6535 |     0.1781 |     0.7828 |    0.6722 |   2.94e-04 |     
    9 |     0.1907 |     0.7670 |    0.6549 |     0.1861 |     0.7859 |    0.6771 |   2.92e-04 |     
   10 |     0.1887 |     0.7700 |    0.6581 |     0.1904 |     0.7618 |    0.6500 |   2.91e-04 |     
   11 |     0.1847 |     0.7742 |    0.6630 |     0.1856 |     0.7791 |    0.6667 |   2.88e-04 |     
   12 |     0.1858 |     0.7730 |    0.6619 |     0.1814 |     0.7792 |    0.6699 |   2.86e-04 |     
   13 |     0.1827 |     0.7778 |    0.6673 |     0.1897 |     0.7836 |    0.6741 |   2.83e-04 |     
   14 |     0.1817 |     0.7785 |    0.6690 |     0.1761 |     0.7925 |    0.6846 |   2.80e-04 |     
   15 |     0.1790 |     0.7817 |    0.6727 |     0.1662 |     0.7947 |    0.6887 |   2.77e-04 |     
   16 |     0.1777 |     0.7832 |    0.6748 |     0.1662 |     0.7984 |    0.6933 |   2.74e-04 |    *
   17 |     0.1747 |     0.7868 |    0.6787 |     0.1849 |     0.7656 |    0.6528 |   2.71e-04 |     
--- R2 plus final-map regional overlap: global validation statistics ---
up4: ca=0.8198+/-0.1512, sa=1.0002+/-0.0075, amp=0.0000, suppress=0.0000, guide_abs=0.3053
up4 residuals: local_mean=6.664e-03, global_mean=-0.0057, local_strength=0.0861, global_strength=0.1024, gain=[0.9755,1.0267], saturation=0.0000, text_film=0.0045
up4 haar: reconstruction_error=9.537e-07, skip_low/high=0.8028/0.1972, plam_low/high=1.0000/0.0000
up4 strengths: plam=0.9673, region=0.0861, detail=0.1024; residual_std region/detail/refine=0.0118/0.5059/0.4221
up4 guide_mix: entropy=0.9793, raw_low=0.3316, plam_low=0.2451, decoder_low=0.2582, detail=0.1651; agreement plam/decoder=0.9926/0.9984, support=0.4593+/-0.0003
up4 adaptive_frequency: ALPF strength=0.2349, weights=0.1092/0.7334/0.1574, sum=1.0000, entropy=0.6886, delta_std=0.1286; AHPF strength=0.0775, weights=0.4180/0.4440/0.1380, sum=1.0000, entropy=0.8959, residual_std=0.1392, scaled_std=0.0108
up3: ca=0.9684+/-0.1971, sa=1.0013+/-0.0082, amp=0.0000, suppress=0.0000, guide_abs=0.2339
up3 residuals: local_mean=1.045e-03, global_mean=0.0097, local_strength=0.1092, global_strength=0.1168, gain=[0.9587,1.0417], saturation=0.0191, text_film=0.0187
up3 haar: reconstruction_error=9.537e-07, skip_low/high=0.7753/0.2247, plam_low/high=1.0000/0.0000
up3 strengths: plam=0.9484, region=0.1092, detail=0.1168; residual_std region/detail/refine=0.4180/0.6169/0.4801
up3 guide_mix: entropy=0.9800, raw_low=0.3169, plam_low=0.2342, decoder_low=0.2846, detail=0.1643; agreement plam/decoder=0.9056/0.1093, support=0.7480+/-0.1003
up3 adaptive_frequency: ALPF strength=0.2558, weights=0.1810/0.5075/0.3115, sum=1.0000, entropy=0.8487, delta_std=0.0830; AHPF strength=0.0999, weights=0.4639/0.2924/0.2437, sum=1.0000, entropy=0.8816, residual_std=0.1566, scaled_std=0.0156
up2: ca=0.8891+/-0.1932, sa=1.0004+/-0.0050, amp=0.0000, suppress=0.0000, guide_abs=0.3004
up2 residuals: local_mean=-1.510e-02, global_mean=0.0196, local_strength=0.1157, global_strength=0.1097, gain=[0.9434,1.0583], saturation=0.0004, text_film=0.0273
up2 haar: reconstruction_error=9.537e-07, skip_low/high=0.8148/0.1852, plam_low/high=1.0000/0.0000
up2 strengths: plam=0.9234, region=0.1157, detail=0.1097; residual_std region/detail/refine=0.3006/0.3801/0.2563
up2 guide_mix: entropy=0.9582, raw_low=0.2886, plam_low=0.2459, decoder_low=0.3425, detail=0.1230; agreement plam/decoder=0.3566/-0.2132, support=0.6324+/-0.0815
up1: ca=0.8842+/-0.1438, sa=1.0003+/-0.0141, amp=0.0000, suppress=0.0002, guide_abs=0.2186
up1 residuals: local_mean=-6.339e-03, global_mean=0.0093, local_strength=0.1201, global_strength=0.1044, gain=[0.8991,1.0988], saturation=0.0012, text_film=0.0270
up1 haar: reconstruction_error=1.907e-06, skip_low/high=0.7591/0.2409, plam_low/high=1.0000/0.0000
up1 strengths: plam=0.9369, region=0.1201, detail=0.1044; residual_std region/detail/refine=0.3468/0.3826/0.1034
up1 guide_mix: entropy=0.9438, raw_low=0.3064, plam_low=0.2424, decoder_low=0.3473, detail=0.1038; agreement plam/decoder=0.4734/0.1339, support=0.6039+/-0.0996

========= Epoch [18/80] =========
RS1_Test_session_09.12_17h44
Training with batch size : 16
   [Train] Epoch: [18][20/357]  Loss:0.261 (Avg 0.1829) IoU:0.585 (Avg 0.6648) Dice:0.6949 (Avg 0.7739) LR 2.67e-04   (AvgTime 0.6)   
   [Train] Epoch: [18][40/357]  Loss:0.155 (Avg 0.1786) IoU:0.709 (Avg 0.6731) Dice:0.8253 (Avg 0.7816) LR 2.67e-04   (AvgTime 0.5)   
   [Train] Epoch: [18][60/357]  Loss:0.206 (Avg 0.1757) IoU:0.587 (Avg 0.6789) Dice:0.7127 (Avg 0.7853) LR 2.67e-04   (AvgTime 0.5)   
   [Train] Epoch: [18][80/357]  Loss:0.172 (Avg 0.1771) IoU:0.685 (Avg 0.6766) Dice:0.7934 (Avg 0.7837) LR 2.67e-04   (AvgTime 0.5)   
   [Train] Epoch: [18][100/357]  Loss:0.209 (Avg 0.1779) IoU:0.686 (Avg 0.6759) Dice:0.7831 (Avg 0.7837) LR 2.67e-04   (AvgTime 0.5)   
   [Train] Epoch: [18][120/357]  Loss:0.166 (Avg 0.1768) IoU:0.677 (Avg 0.6768) Dice:0.7869 (Avg 0.7846) LR 2.67e-04   (AvgTime 0.5)   
   [Train] Epoch: [18][140/357]  Loss:0.282 (Avg 0.1793) IoU:0.505 (Avg 0.6735) Dice:0.6244 (Avg 0.7821) LR 2.67e-04   (AvgTime 0.5)   
   [Train] Epoch: [18][160/357]  Loss:0.119 (Avg 0.1783) IoU:0.765 (Avg 0.6752) Dice:0.8611 (Avg 0.7838) LR 2.67e-04   (AvgTime 0.5)   
   [Train] Epoch: [18][180/357]  Loss:0.158 (Avg 0.1773) IoU:0.710 (Avg 0.6768) Dice:0.8118 (Avg 0.7854) LR 2.67e-04   (AvgTime 0.6)   
   [Train] Epoch: [18][200/357]  Loss:0.213 (Avg 0.1774) IoU:0.648 (Avg 0.6762) Dice:0.7701 (Avg 0.7850) LR 2.67e-04   (AvgTime 0.6)   
   [Train] Epoch: [18][220/357]  Loss:0.146 (Avg 0.1772) IoU:0.756 (Avg 0.6759) Dice:0.8562 (Avg 0.7850) LR 2.67e-04   (AvgTime 0.6)   
   [Train] Epoch: [18][240/357]  Loss:0.280 (Avg 0.1767) IoU:0.654 (Avg 0.6769) Dice:0.7673 (Avg 0.7860) LR 2.67e-04   (AvgTime 0.6)   
   [Train] Epoch: [18][260/357]  Loss:0.163 (Avg 0.1769) IoU:0.705 (Avg 0.6768) Dice:0.8035 (Avg 0.7858) LR 2.67e-04   (AvgTime 0.6)   
   [Train] Epoch: [18][280/357]  Loss:0.128 (Avg 0.1755) IoU:0.748 (Avg 0.6786) Dice:0.8487 (Avg 0.7874) LR 2.67e-04   (AvgTime 0.6)   
   [Train] Epoch: [18][300/357]  Loss:0.142 (Avg 0.1751) IoU:0.749 (Avg 0.6787) Dice:0.8482 (Avg 0.7878) LR 2.67e-04   (AvgTime 0.6)   
   [Train] Epoch: [18][320/357]  Loss:0.152 (Avg 0.1750) IoU:0.724 (Avg 0.6799) Dice:0.8303 (Avg 0.7886) LR 2.67e-04   (AvgTime 0.6)   
   [Train] Epoch: [18][340/357]  Loss:0.196 (Avg 0.1748) IoU:0.648 (Avg 0.6799) Dice:0.7516 (Avg 0.7886) LR 2.67e-04   (AvgTime 0.6)   
   [Train] Epoch: [18][357/357]  Loss:0.179 (Avg 0.1751) IoU:0.680 (Avg 0.6794) Dice:0.7872 (Avg 0.7880) LR 2.67e-04   (AvgTime 0.6)   
   [Train] Loss components: main_dice=0.180633, main_focal=0.061030, main=0.120832, region_raw=0.423128, region_weighted=0.054292, empty_window_fraction=0.000000, total=0.175124
Validation
   [Val] Epoch: [18][20/90]  Loss:0.205 (Avg 0.1724) IoU:0.639 (Avg 0.6857) Dice:0.7594 (Avg 0.7952) (AvgTime 0.3)   
   [Val] Epoch: [18][40/90]  Loss:0.162 (Avg 0.1809) IoU:0.690 (Avg 0.6666) Dice:0.8021 (Avg 0.7770) (AvgTime 0.2)   
   [Val] Epoch: [18][60/90]  Loss:0.195 (Avg 0.1717) IoU:0.646 (Avg 0.6788) Dice:0.7515 (Avg 0.7858) (AvgTime 0.2)   
   [Val] Epoch: [18][80/90]  Loss:0.166 (Avg 0.1703) IoU:0.672 (Avg 0.6782) Dice:0.7854 (Avg 0.7858) (AvgTime 0.2)   
   [Val] Epoch: [18][90/90]  Loss:0.206 (Avg 0.1706) IoU:0.599 (Avg 0.6776) Dice:0.7363 (Avg 0.7853) (AvgTime 0.2)   
   [Val] Loss components: main_dice=0.185105, main_focal=0.045666, main=0.115385, region_raw=0.430199, region_weighted=0.055200, empty_window_fraction=0.000000, total=0.170585
	 No iou improvement; selected epoch 16
	 early_stopping_count: 2/80
--- Epoch History (1..18) ---
Epoch |  TrainLoss |  TrainDice |  TrainIoU |    ValLoss |    ValDice |    ValIoU |         LR | Best
    1 |     0.3300 |     0.6064 |    0.4771 |     0.2665 |     0.6917 |    0.5661 |   3.00e-04 |     
    2 |     0.2491 |     0.6986 |    0.5752 |     0.2503 |     0.7064 |    0.5831 |   3.00e-04 |     
    3 |     0.2238 |     0.7274 |    0.6082 |     0.2261 |     0.7490 |    0.6315 |   3.00e-04 |     
    4 |     0.2124 |     0.7413 |    0.6243 |     0.1852 |     0.7780 |    0.6672 |   2.99e-04 |     
    5 |     0.2062 |     0.7480 |    0.6318 |     0.1901 |     0.7618 |    0.6483 |   2.98e-04 |     
    6 |     0.2002 |     0.7563 |    0.6416 |     0.1824 |     0.7892 |    0.6820 |   2.97e-04 |     
    7 |     0.1965 |     0.7605 |    0.6471 |     0.1870 |     0.7776 |    0.6673 |   2.96e-04 |     
    8 |     0.1919 |     0.7663 |    0.6535 |     0.1781 |     0.7828 |    0.6722 |   2.94e-04 |     
    9 |     0.1907 |     0.7670 |    0.6549 |     0.1861 |     0.7859 |    0.6771 |   2.92e-04 |     
   10 |     0.1887 |     0.7700 |    0.6581 |     0.1904 |     0.7618 |    0.6500 |   2.91e-04 |     
   11 |     0.1847 |     0.7742 |    0.6630 |     0.1856 |     0.7791 |    0.6667 |   2.88e-04 |     
   12 |     0.1858 |     0.7730 |    0.6619 |     0.1814 |     0.7792 |    0.6699 |   2.86e-04 |     
   13 |     0.1827 |     0.7778 |    0.6673 |     0.1897 |     0.7836 |    0.6741 |   2.83e-04 |     
   14 |     0.1817 |     0.7785 |    0.6690 |     0.1761 |     0.7925 |    0.6846 |   2.80e-04 |     
   15 |     0.1790 |     0.7817 |    0.6727 |     0.1662 |     0.7947 |    0.6887 |   2.77e-04 |     
   16 |     0.1777 |     0.7832 |    0.6748 |     0.1662 |     0.7984 |    0.6933 |   2.74e-04 |    *
   17 |     0.1747 |     0.7868 |    0.6787 |     0.1849 |     0.7656 |    0.6528 |   2.71e-04 |     
   18 |     0.1751 |     0.7880 |    0.6794 |     0.1706 |     0.7853 |    0.6776 |   2.67e-04 |     
--- R2 plus final-map regional overlap: global validation statistics ---
up4: ca=0.8135+/-0.1537, sa=1.0009+/-0.0088, amp=0.0000, suppress=0.0000, guide_abs=0.2095
up4 residuals: local_mean=9.248e-03, global_mean=-0.0022, local_strength=0.0853, global_strength=0.1027, gain=[0.9740,1.0303], saturation=0.0000, text_film=0.0049
up4 haar: reconstruction_error=6.557e-07, skip_low/high=0.7987/0.2013, plam_low/high=1.0000/0.0000
up4 strengths: plam=0.9662, region=0.0853, detail=0.1027; residual_std region/detail/refine=0.0126/0.5236/0.4455
up4 guide_mix: entropy=0.9805, raw_low=0.3313, plam_low=0.2470, decoder_low=0.2532, detail=0.1685; agreement plam/decoder=0.1256/0.3410, support=0.4584+/-0.0001
up4 adaptive_frequency: ALPF strength=0.2363, weights=0.1342/0.6785/0.1873, sum=1.0000, entropy=0.7673, delta_std=0.1170; AHPF strength=0.0769, weights=0.4094/0.4350/0.1556, sum=1.0000, entropy=0.9191, residual_std=0.1400, scaled_std=0.0108
up3: ca=0.9806+/-0.1908, sa=1.0021+/-0.0078, amp=0.0000, suppress=0.0000, guide_abs=0.2395
up3 residuals: local_mean=4.418e-03, global_mean=0.0127, local_strength=0.1093, global_strength=0.1172, gain=[0.9672,1.0401], saturation=0.0276, text_film=0.0201
up3 haar: reconstruction_error=9.537e-07, skip_low/high=0.7732/0.2268, plam_low/high=1.0000/0.0000
up3 strengths: plam=0.9458, region=0.1093, detail=0.1172; residual_std region/detail/refine=0.4189/0.6074/0.4900
up3 guide_mix: entropy=0.9813, raw_low=0.3091, plam_low=0.2421, decoder_low=0.2850, detail=0.1638; agreement plam/decoder=0.8203/-0.0871, support=0.7338+/-0.1134
up3 adaptive_frequency: ALPF strength=0.2584, weights=0.1648/0.3753/0.4599, sum=1.0000, entropy=0.7937, delta_std=0.0793; AHPF strength=0.1009, weights=0.5808/0.2230/0.1962, sum=1.0000, entropy=0.7704, residual_std=0.1289, scaled_std=0.0130
up2: ca=0.8745+/-0.1798, sa=1.0005+/-0.0049, amp=0.0000, suppress=0.0000, guide_abs=0.3023
up2 residuals: local_mean=-1.448e-02, global_mean=0.0200, local_strength=0.1157, global_strength=0.1100, gain=[0.9443,1.0599], saturation=0.0000, text_film=0.0461
up2 haar: reconstruction_error=1.192e-06, skip_low/high=0.8185/0.1815, plam_low/high=1.0000/0.0000
up2 strengths: plam=0.9181, region=0.1157, detail=0.1100; residual_std region/detail/refine=0.3143/0.3993/0.2570
up2 guide_mix: entropy=0.9621, raw_low=0.3229, plam_low=0.2221, decoder_low=0.3205, detail=0.1345; agreement plam/decoder=0.3600/-0.2227, support=0.6108+/-0.0793
up1: ca=0.8614+/-0.1412, sa=1.0005+/-0.0142, amp=0.0000, suppress=0.0005, guide_abs=0.2031
up1 residuals: local_mean=-5.594e-03, global_mean=0.0112, local_strength=0.1206, global_strength=0.1043, gain=[0.8983,1.0999], saturation=0.0011, text_film=0.0242
up1 haar: reconstruction_error=1.431e-06, skip_low/high=0.7207/0.2793, plam_low/high=1.0000/0.0000
up1 strengths: plam=0.9348, region=0.1206, detail=0.1043; residual_std region/detail/refine=0.3310/0.3824/0.1042
up1 guide_mix: entropy=0.9261, raw_low=0.2320, plam_low=0.2708, decoder_low=0.4013, detail=0.0958; agreement plam/decoder=0.5404/-0.1548, support=0.6074+/-0.0984

========= Epoch [19/80] =========
RS1_Test_session_09.12_17h44
Training with batch size : 16
   [Train] Epoch: [19][20/357]  Loss:0.173 (Avg 0.1798) IoU:0.672 (Avg 0.6678) Dice:0.7815 (Avg 0.7782) LR 2.63e-04   (AvgTime 0.6)   
   [Train] Epoch: [19][40/357]  Loss:0.158 (Avg 0.1797) IoU:0.696 (Avg 0.6696) Dice:0.7896 (Avg 0.7790) LR 2.63e-04   (AvgTime 0.5)   
   [Train] Epoch: [19][60/357]  Loss:0.135 (Avg 0.1780) IoU:0.754 (Avg 0.6716) Dice:0.8484 (Avg 0.7811) LR 2.63e-04   (AvgTime 0.5)   
   [Train] Epoch: [19][80/357]  Loss:0.150 (Avg 0.1742) IoU:0.711 (Avg 0.6778) Dice:0.8152 (Avg 0.7863) LR 2.63e-04   (AvgTime 0.5)   
   [Train] Epoch: [19][100/357]  Loss:0.201 (Avg 0.1734) IoU:0.600 (Avg 0.6792) Dice:0.7307 (Avg 0.7877) LR 2.63e-04   (AvgTime 0.5)   
   [Train] Epoch: [19][120/357]  Loss:0.146 (Avg 0.1716) IoU:0.732 (Avg 0.6821) Dice:0.8347 (Avg 0.7905) LR 2.63e-04   (AvgTime 0.5)   
   [Train] Epoch: [19][140/357]  Loss:0.124 (Avg 0.1718) IoU:0.769 (Avg 0.6832) Dice:0.8641 (Avg 0.7909) LR 2.63e-04   (AvgTime 0.5)   
   [Train] Epoch: [19][160/357]  Loss:0.207 (Avg 0.1739) IoU:0.669 (Avg 0.6814) Dice:0.7708 (Avg 0.7893) LR 2.63e-04   (AvgTime 0.5)   
   [Train] Epoch: [19][180/357]  Loss:0.239 (Avg 0.1744) IoU:0.551 (Avg 0.6804) Dice:0.6832 (Avg 0.7885) LR 2.63e-04   (AvgTime 0.5)   
   [Train] Epoch: [19][200/357]  Loss:0.188 (Avg 0.1753) IoU:0.643 (Avg 0.6785) Dice:0.7667 (Avg 0.7870) LR 2.63e-04   (AvgTime 0.5)   
   [Train] Epoch: [19][220/357]  Loss:0.131 (Avg 0.1745) IoU:0.759 (Avg 0.6794) Dice:0.8510 (Avg 0.7877) LR 2.63e-04   (AvgTime 0.5)   
   [Train] Epoch: [19][240/357]  Loss:0.143 (Avg 0.1747) IoU:0.715 (Avg 0.6791) Dice:0.8229 (Avg 0.7875) LR 2.63e-04   (AvgTime 0.5)   
   [Train] Epoch: [19][260/357]  Loss:0.243 (Avg 0.1752) IoU:0.542 (Avg 0.6775) Dice:0.6773 (Avg 0.7862) LR 2.63e-04   (AvgTime 0.5)   
   [Train] Epoch: [19][280/357]  Loss:0.219 (Avg 0.1749) IoU:0.620 (Avg 0.6779) Dice:0.7446 (Avg 0.7865) LR 2.63e-04   (AvgTime 0.5)   
   [Train] Epoch: [19][300/357]  Loss:0.158 (Avg 0.1740) IoU:0.721 (Avg 0.6792) Dice:0.8131 (Avg 0.7874) LR 2.63e-04   (AvgTime 0.5)   
   [Train] Epoch: [19][320/357]  Loss:0.177 (Avg 0.1734) IoU:0.635 (Avg 0.6801) Dice:0.7608 (Avg 0.7883) LR 2.63e-04   (AvgTime 0.5)   
   [Train] Epoch: [19][340/357]  Loss:0.172 (Avg 0.1727) IoU:0.667 (Avg 0.6813) Dice:0.7793 (Avg 0.7890) LR 2.63e-04   (AvgTime 0.6)   
   [Train] Epoch: [19][357/357]  Loss:0.272 (Avg 0.1727) IoU:0.518 (Avg 0.6813) Dice:0.6428 (Avg 0.7889) LR 2.63e-04   (AvgTime 0.6)   
   [Train] Loss components: main_dice=0.179381, main_focal=0.058728, main=0.119054, region_raw=0.418432, region_weighted=0.053690, empty_window_fraction=0.000000, total=0.172744
Validation
   [Val] Epoch: [19][20/90]  Loss:0.210 (Avg 0.1833) IoU:0.647 (Avg 0.6844) Dice:0.7664 (Avg 0.7937) (AvgTime 0.3)   
   [Val] Epoch: [19][40/90]  Loss:0.187 (Avg 0.1908) IoU:0.638 (Avg 0.6660) Dice:0.7569 (Avg 0.7755) (AvgTime 0.2)   
   [Val] Epoch: [19][60/90]  Loss:0.208 (Avg 0.1815) IoU:0.637 (Avg 0.6731) Dice:0.7445 (Avg 0.7803) (AvgTime 0.2)   
   [Val] Epoch: [19][80/90]  Loss:0.183 (Avg 0.1829) IoU:0.643 (Avg 0.6672) Dice:0.7627 (Avg 0.7762) (AvgTime 0.2)   
   [Val] Epoch: [19][90/90]  Loss:0.222 (Avg 0.1837) IoU:0.553 (Avg 0.6655) Dice:0.6951 (Avg 0.7750) (AvgTime 0.2)   
   [Val] Loss components: main_dice=0.191384, main_focal=0.070492, main=0.130938, region_raw=0.410947, region_weighted=0.052729, empty_window_fraction=0.000000, total=0.183667
	 No iou improvement; selected epoch 16
	 early_stopping_count: 3/80
--- Epoch History (1..19) ---
Epoch |  TrainLoss |  TrainDice |  TrainIoU |    ValLoss |    ValDice |    ValIoU |         LR | Best
    1 |     0.3300 |     0.6064 |    0.4771 |     0.2665 |     0.6917 |    0.5661 |   3.00e-04 |     
    2 |     0.2491 |     0.6986 |    0.5752 |     0.2503 |     0.7064 |    0.5831 |   3.00e-04 |     
    3 |     0.2238 |     0.7274 |    0.6082 |     0.2261 |     0.7490 |    0.6315 |   3.00e-04 |     
    4 |     0.2124 |     0.7413 |    0.6243 |     0.1852 |     0.7780 |    0.6672 |   2.99e-04 |     
    5 |     0.2062 |     0.7480 |    0.6318 |     0.1901 |     0.7618 |    0.6483 |   2.98e-04 |     
    6 |     0.2002 |     0.7563 |    0.6416 |     0.1824 |     0.7892 |    0.6820 |   2.97e-04 |     
    7 |     0.1965 |     0.7605 |    0.6471 |     0.1870 |     0.7776 |    0.6673 |   2.96e-04 |     
    8 |     0.1919 |     0.7663 |    0.6535 |     0.1781 |     0.7828 |    0.6722 |   2.94e-04 |     
    9 |     0.1907 |     0.7670 |    0.6549 |     0.1861 |     0.7859 |    0.6771 |   2.92e-04 |     
   10 |     0.1887 |     0.7700 |    0.6581 |     0.1904 |     0.7618 |    0.6500 |   2.91e-04 |     
   11 |     0.1847 |     0.7742 |    0.6630 |     0.1856 |     0.7791 |    0.6667 |   2.88e-04 |     
   12 |     0.1858 |     0.7730 |    0.6619 |     0.1814 |     0.7792 |    0.6699 |   2.86e-04 |     
   13 |     0.1827 |     0.7778 |    0.6673 |     0.1897 |     0.7836 |    0.6741 |   2.83e-04 |     
   14 |     0.1817 |     0.7785 |    0.6690 |     0.1761 |     0.7925 |    0.6846 |   2.80e-04 |     
   15 |     0.1790 |     0.7817 |    0.6727 |     0.1662 |     0.7947 |    0.6887 |   2.77e-04 |     
   16 |     0.1777 |     0.7832 |    0.6748 |     0.1662 |     0.7984 |    0.6933 |   2.74e-04 |    *
   17 |     0.1747 |     0.7868 |    0.6787 |     0.1849 |     0.7656 |    0.6528 |   2.71e-04 |     
   18 |     0.1751 |     0.7880 |    0.6794 |     0.1706 |     0.7853 |    0.6776 |   2.67e-04 |     
   19 |     0.1727 |     0.7889 |    0.6813 |     0.1837 |     0.7750 |    0.6655 |   2.63e-04 |     
--- R2 plus final-map regional overlap: global validation statistics ---
up4: ca=0.8188+/-0.1569, sa=1.0010+/-0.0080, amp=0.0000, suppress=0.0000, guide_abs=0.3102
up4 residuals: local_mean=9.973e-03, global_mean=-0.0008, local_strength=0.0851, global_strength=0.1032, gain=[0.9717,1.0292], saturation=0.0000, text_film=0.0046
up4 haar: reconstruction_error=7.153e-07, skip_low/high=0.8007/0.1993, plam_low/high=1.0000/0.0000
up4 strengths: plam=0.9658, region=0.0851, detail=0.1032; residual_std region/detail/refine=0.0118/0.5425/0.4595
up4 guide_mix: entropy=0.9749, raw_low=0.3534, plam_low=0.2089, decoder_low=0.2613, detail=0.1764; agreement plam/decoder=0.7026/0.8872, support=0.4514+/-0.0004
up4 adaptive_frequency: ALPF strength=0.2383, weights=0.1314/0.6834/0.1853, sum=1.0000, entropy=0.7599, delta_std=0.1174; AHPF strength=0.0762, weights=0.4382/0.4158/0.1461, sum=1.0000, entropy=0.9051, residual_std=0.1406, scaled_std=0.0107
up3: ca=0.9727+/-0.1938, sa=1.0024+/-0.0072, amp=0.0000, suppress=0.0000, guide_abs=0.2340
up3 residuals: local_mean=6.297e-03, global_mean=0.0143, local_strength=0.1095, global_strength=0.1175, gain=[0.9655,1.0381], saturation=0.0110, text_film=0.0193
up3 haar: reconstruction_error=9.537e-07, skip_low/high=0.7821/0.2179, plam_low/high=1.0000/0.0000
up3 strengths: plam=0.9440, region=0.1095, detail=0.1175; residual_std region/detail/refine=0.4170/0.5783/0.4398
up3 guide_mix: entropy=0.9738, raw_low=0.3460, plam_low=0.1953, decoder_low=0.2809, detail=0.1778; agreement plam/decoder=0.8784/0.2020, support=0.7176+/-0.0995
up3 adaptive_frequency: ALPF strength=0.2614, weights=0.1541/0.4534/0.3925, sum=1.0000, entropy=0.8125, delta_std=0.0877; AHPF strength=0.1017, weights=0.5891/0.2474/0.1635, sum=1.0000, entropy=0.7816, residual_std=0.1208, scaled_std=0.0123
up2: ca=0.8721+/-0.1893, sa=1.0008+/-0.0048, amp=0.0000, suppress=0.0000, guide_abs=0.3057
up2 residuals: local_mean=-1.382e-02, global_mean=0.0222, local_strength=0.1160, global_strength=0.1101, gain=[0.9509,1.0541], saturation=0.0019, text_film=0.0377
up2 haar: reconstruction_error=1.192e-06, skip_low/high=0.8068/0.1932, plam_low/high=1.0000/0.0000
up2 strengths: plam=0.9139, region=0.1160, detail=0.1101; residual_std region/detail/refine=0.3109/0.3742/0.2365
up2 guide_mix: entropy=0.9567, raw_low=0.3085, plam_low=0.1998, decoder_low=0.3529, detail=0.1388; agreement plam/decoder=0.3372/-0.3120, support=0.6198+/-0.0783
up1: ca=0.8844+/-0.1393, sa=1.0009+/-0.0135, amp=0.0000, suppress=0.0001, guide_abs=0.1875
up1 residuals: local_mean=-4.730e-03, global_mean=0.0137, local_strength=0.1211, global_strength=0.1043, gain=[0.8997,1.0985], saturation=0.0000, text_film=0.0269
up1 haar: reconstruction_error=1.431e-06, skip_low/high=0.7359/0.2641, plam_low/high=1.0000/0.0000
up1 strengths: plam=0.9335, region=0.1211, detail=0.1043; residual_std region/detail/refine=0.3126/0.3520/0.1078
up1 guide_mix: entropy=0.9288, raw_low=0.2745, plam_low=0.2178, decoder_low=0.4044, detail=0.1034; agreement plam/decoder=0.3724/0.0353, support=0.5948+/-0.0928

========= Epoch [20/80] =========
RS1_Test_session_09.12_17h44
Training with batch size : 16
   [Train] Epoch: [20][20/357]  Loss:0.188 (Avg 0.1772) IoU:0.662 (Avg 0.6739) Dice:0.7853 (Avg 0.7839) LR 2.59e-04   (AvgTime 0.6)   
   [Train] Epoch: [20][40/357]  Loss:0.206 (Avg 0.1802) IoU:0.622 (Avg 0.6727) Dice:0.7487 (Avg 0.7826) LR 2.59e-04   (AvgTime 0.6)   
   [Train] Epoch: [20][60/357]  Loss:0.151 (Avg 0.1786) IoU:0.733 (Avg 0.6767) Dice:0.8340 (Avg 0.7859) LR 2.59e-04   (AvgTime 0.6)   
   [Train] Epoch: [20][80/357]  Loss:0.189 (Avg 0.1776) IoU:0.684 (Avg 0.6764) Dice:0.7740 (Avg 0.7853) LR 2.59e-04   (AvgTime 0.6)   
   [Train] Epoch: [20][100/357]  Loss:0.190 (Avg 0.1793) IoU:0.686 (Avg 0.6733) Dice:0.7887 (Avg 0.7831) LR 2.59e-04   (AvgTime 0.6)   
   [Train] Epoch: [20][120/357]  Loss:0.170 (Avg 0.1784) IoU:0.715 (Avg 0.6732) Dice:0.8216 (Avg 0.7836) LR 2.59e-04   (AvgTime 0.6)   
   [Train] Epoch: [20][140/357]  Loss:0.144 (Avg 0.1777) IoU:0.724 (Avg 0.6746) Dice:0.8262 (Avg 0.7850) LR 2.59e-04   (AvgTime 0.6)   
   [Train] Epoch: [20][160/357]  Loss:0.106 (Avg 0.1765) IoU:0.814 (Avg 0.6762) Dice:0.8927 (Avg 0.7862) LR 2.59e-04   (AvgTime 0.6)   
   [Train] Epoch: [20][180/357]  Loss:0.196 (Avg 0.1752) IoU:0.621 (Avg 0.6779) Dice:0.7337 (Avg 0.7872) LR 2.59e-04   (AvgTime 0.6)   
   [Train] Epoch: [20][200/357]  Loss:0.178 (Avg 0.1748) IoU:0.661 (Avg 0.6783) Dice:0.7711 (Avg 0.7876) LR 2.59e-04   (AvgTime 0.6)   
   [Train] Epoch: [20][220/357]  Loss:0.127 (Avg 0.1743) IoU:0.770 (Avg 0.6792) Dice:0.8476 (Avg 0.7880) LR 2.59e-04   (AvgTime 0.6)   
   [Train] Epoch: [20][240/357]  Loss:0.210 (Avg 0.1744) IoU:0.589 (Avg 0.6785) Dice:0.6925 (Avg 0.7873) LR 2.59e-04   (AvgTime 0.6)   
   [Train] Epoch: [20][260/357]  Loss:0.186 (Avg 0.1752) IoU:0.669 (Avg 0.6775) Dice:0.7729 (Avg 0.7865) LR 2.59e-04   (AvgTime 0.6)   
   [Train] Epoch: [20][280/357]  Loss:0.175 (Avg 0.1753) IoU:0.693 (Avg 0.6780) Dice:0.7970 (Avg 0.7869) LR 2.59e-04   (AvgTime 0.6)   
   [Train] Epoch: [20][300/357]  Loss:0.178 (Avg 0.1751) IoU:0.672 (Avg 0.6785) Dice:0.7884 (Avg 0.7872) LR 2.59e-04   (AvgTime 0.6)   
   [Train] Epoch: [20][320/357]  Loss:0.218 (Avg 0.1748) IoU:0.587 (Avg 0.6792) Dice:0.7254 (Avg 0.7876) LR 2.59e-04   (AvgTime 0.6)   
   [Train] Epoch: [20][340/357]  Loss:0.180 (Avg 0.1746) IoU:0.661 (Avg 0.6793) Dice:0.7764 (Avg 0.7876) LR 2.59e-04   (AvgTime 0.6)   
   [Train] Epoch: [20][357/357]  Loss:0.285 (Avg 0.1748) IoU:0.473 (Avg 0.6790) Dice:0.6135 (Avg 0.7871) LR 2.59e-04   (AvgTime 0.6)   
   [Train] Loss components: main_dice=0.181392, main_focal=0.059896, main=0.120644, region_raw=0.421877, region_weighted=0.054132, empty_window_fraction=0.000000, total=0.174776
Validation
   [Val] Epoch: [20][20/90]  Loss:0.206 (Avg 0.1658) IoU:0.636 (Avg 0.7019) Dice:0.7568 (Avg 0.8070) (AvgTime 0.3)   
   [Val] Epoch: [20][40/90]  Loss:0.162 (Avg 0.1748) IoU:0.687 (Avg 0.6823) Dice:0.7978 (Avg 0.7886) (AvgTime 0.3)   
   [Val] Epoch: [20][60/90]  Loss:0.203 (Avg 0.1670) IoU:0.643 (Avg 0.6909) Dice:0.7519 (Avg 0.7945) (AvgTime 0.2)   
   [Val] Epoch: [20][80/90]  Loss:0.157 (Avg 0.1662) IoU:0.681 (Avg 0.6877) Dice:0.7932 (Avg 0.7925) (AvgTime 0.2)   
   [Val] Epoch: [20][90/90]  Loss:0.207 (Avg 0.1670) IoU:0.587 (Avg 0.6862) Dice:0.7235 (Avg 0.7913) (AvgTime 0.2)   
   [Val] Loss components: main_dice=0.178908, main_focal=0.048928, main=0.113918, region_raw=0.413435, region_weighted=0.053049, empty_window_fraction=0.000000, total=0.166966
	 No iou improvement; selected epoch 16
	 early_stopping_count: 4/80
--- Epoch History (1..20) ---
Epoch |  TrainLoss |  TrainDice |  TrainIoU |    ValLoss |    ValDice |    ValIoU |         LR | Best
    1 |     0.3300 |     0.6064 |    0.4771 |     0.2665 |     0.6917 |    0.5661 |   3.00e-04 |     
    2 |     0.2491 |     0.6986 |    0.5752 |     0.2503 |     0.7064 |    0.5831 |   3.00e-04 |     
    3 |     0.2238 |     0.7274 |    0.6082 |     0.2261 |     0.7490 |    0.6315 |   3.00e-04 |     
    4 |     0.2124 |     0.7413 |    0.6243 |     0.1852 |     0.7780 |    0.6672 |   2.99e-04 |     
    5 |     0.2062 |     0.7480 |    0.6318 |     0.1901 |     0.7618 |    0.6483 |   2.98e-04 |     
    6 |     0.2002 |     0.7563 |    0.6416 |     0.1824 |     0.7892 |    0.6820 |   2.97e-04 |     
    7 |     0.1965 |     0.7605 |    0.6471 |     0.1870 |     0.7776 |    0.6673 |   2.96e-04 |     
    8 |     0.1919 |     0.7663 |    0.6535 |     0.1781 |     0.7828 |    0.6722 |   2.94e-04 |     
    9 |     0.1907 |     0.7670 |    0.6549 |     0.1861 |     0.7859 |    0.6771 |   2.92e-04 |     
   10 |     0.1887 |     0.7700 |    0.6581 |     0.1904 |     0.7618 |    0.6500 |   2.91e-04 |     
   11 |     0.1847 |     0.7742 |    0.6630 |     0.1856 |     0.7791 |    0.6667 |   2.88e-04 |     
   12 |     0.1858 |     0.7730 |    0.6619 |     0.1814 |     0.7792 |    0.6699 |   2.86e-04 |     
   13 |     0.1827 |     0.7778 |    0.6673 |     0.1897 |     0.7836 |    0.6741 |   2.83e-04 |     
   14 |     0.1817 |     0.7785 |    0.6690 |     0.1761 |     0.7925 |    0.6846 |   2.80e-04 |     
   15 |     0.1790 |     0.7817 |    0.6727 |     0.1662 |     0.7947 |    0.6887 |   2.77e-04 |     
   16 |     0.1777 |     0.7832 |    0.6748 |     0.1662 |     0.7984 |    0.6933 |   2.74e-04 |    *
   17 |     0.1747 |     0.7868 |    0.6787 |     0.1849 |     0.7656 |    0.6528 |   2.71e-04 |     
   18 |     0.1751 |     0.7880 |    0.6794 |     0.1706 |     0.7853 |    0.6776 |   2.67e-04 |     
   19 |     0.1727 |     0.7889 |    0.6813 |     0.1837 |     0.7750 |    0.6655 |   2.63e-04 |     
   20 |     0.1748 |     0.7871 |    0.6790 |     0.1670 |     0.7913 |    0.6862 |   2.59e-04 |     
--- R2 plus final-map regional overlap: global validation statistics ---
up4: ca=0.8287+/-0.1523, sa=1.0009+/-0.0069, amp=0.0000, suppress=0.0000, guide_abs=0.3350
up4 residuals: local_mean=1.101e-02, global_mean=-0.0025, local_strength=0.0848, global_strength=0.1033, gain=[0.9700,1.0256], saturation=0.0000, text_film=0.0046
up4 haar: reconstruction_error=9.537e-07, skip_low/high=0.8079/0.1921, plam_low/high=1.0000/0.0000
up4 strengths: plam=0.9645, region=0.0848, detail=0.1033; residual_std region/detail/refine=0.0134/0.5126/0.4399
up4 guide_mix: entropy=0.9780, raw_low=0.3249, plam_low=0.2402, decoder_low=0.2753, detail=0.1596; agreement plam/decoder=0.8456/0.9613, support=0.4561+/-0.0000
up4 adaptive_frequency: ALPF strength=0.2393, weights=0.1550/0.6834/0.1616, sum=1.0000, entropy=0.7638, delta_std=0.1192; AHPF strength=0.0759, weights=0.3601/0.4695/0.1704, sum=1.0000, entropy=0.9286, residual_std=0.1442, scaled_std=0.0109
up3: ca=0.9774+/-0.1965, sa=1.0025+/-0.0071, amp=0.0000, suppress=0.0000, guide_abs=0.2721
up3 residuals: local_mean=9.116e-03, global_mean=0.0129, local_strength=0.1097, global_strength=0.1179, gain=[0.9692,1.0423], saturation=0.0222, text_film=0.0203
up3 haar: reconstruction_error=1.192e-06, skip_low/high=0.7768/0.2232, plam_low/high=1.0000/0.0000
up3 strengths: plam=0.9411, region=0.1097, detail=0.1179; residual_std region/detail/refine=0.4323/0.5882/0.4563
up3 guide_mix: entropy=0.9802, raw_low=0.2938, plam_low=0.2585, decoder_low=0.2916, detail=0.1561; agreement plam/decoder=0.7524/-0.0133, support=0.7620+/-0.1018
up3 adaptive_frequency: ALPF strength=0.2643, weights=0.1348/0.4755/0.3897, sum=1.0000, entropy=0.8013, delta_std=0.0928; AHPF strength=0.1025, weights=0.5263/0.2220/0.2517, sum=1.0000, entropy=0.8167, residual_std=0.1354, scaled_std=0.0139
up2: ca=0.8730+/-0.1979, sa=1.0013+/-0.0090, amp=0.0000, suppress=0.0000, guide_abs=0.2778
up2 residuals: local_mean=-1.370e-02, global_mean=0.0264, local_strength=0.1162, global_strength=0.1102, gain=[0.9211,1.0918], saturation=0.0000, text_film=0.0267
up2 haar: reconstruction_error=1.907e-06, skip_low/high=0.7830/0.2170, plam_low/high=1.0000/0.0000
up2 strengths: plam=0.9088, region=0.1162, detail=0.1102; residual_std region/detail/refine=0.3078/0.4465/0.2297
up2 guide_mix: entropy=0.9669, raw_low=0.2964, plam_low=0.2241, decoder_low=0.3363, detail=0.1433; agreement plam/decoder=0.3525/-0.4578, support=0.6201+/-0.0730
up1: ca=0.8630+/-0.1298, sa=1.0010+/-0.0145, amp=0.0000, suppress=0.0003, guide_abs=0.2272
up1 residuals: local_mean=-4.957e-03, global_mean=0.0148, local_strength=0.1216, global_strength=0.1043, gain=[0.8981,1.1002], saturation=0.0018, text_film=0.0266
up1 haar: reconstruction_error=2.466e-06, skip_low/high=0.7302/0.2698, plam_low/high=1.0000/0.0000
up1 strengths: plam=0.9318, region=0.1216, detail=0.1043; residual_std region/detail/refine=0.3466/0.4161/0.1107
up1 guide_mix: entropy=0.9407, raw_low=0.2686, plam_low=0.2328, decoder_low=0.3874, detail=0.1112; agreement plam/decoder=0.6503/0.0590, support=0.5987+/-0.0941

========= Epoch [21/80] =========
RS1_Test_session_09.12_17h44
Training with batch size : 16
   [Train] Epoch: [21][20/357]  Loss:0.192 (Avg 0.1749) IoU:0.620 (Avg 0.6805) Dice:0.7531 (Avg 0.7856) LR 2.55e-04   (AvgTime 0.6)   
   [Train] Epoch: [21][40/357]  Loss:0.111 (Avg 0.1670) IoU:0.775 (Avg 0.6909) Dice:0.8664 (Avg 0.7969) LR 2.55e-04   (AvgTime 0.6)   
   [Train] Epoch: [21][60/357]  Loss:0.188 (Avg 0.1666) IoU:0.636 (Avg 0.6887) Dice:0.7471 (Avg 0.7953) LR 2.55e-04   (AvgTime 0.6)   
   [Train] Epoch: [21][80/357]  Loss:0.139 (Avg 0.1690) IoU:0.762 (Avg 0.6857) Dice:0.8575 (Avg 0.7933) LR 2.55e-04   (AvgTime 0.6)   
   [Train] Epoch: [21][100/357]  Loss:0.182 (Avg 0.1714) IoU:0.651 (Avg 0.6825) Dice:0.7670 (Avg 0.7902) LR 2.55e-04   (AvgTime 0.6)   
   [Train] Epoch: [21][120/357]  Loss:0.158 (Avg 0.1713) IoU:0.674 (Avg 0.6824) Dice:0.7940 (Avg 0.7904) LR 2.55e-04   (AvgTime 0.6)   
   [Train] Epoch: [21][140/357]  Loss:0.134 (Avg 0.1719) IoU:0.742 (Avg 0.6815) Dice:0.8434 (Avg 0.7894) LR 2.55e-04   (AvgTime 0.6)   
   [Train] Epoch: [21][160/357]  Loss:0.196 (Avg 0.1709) IoU:0.616 (Avg 0.6832) Dice:0.7449 (Avg 0.7908) LR 2.55e-04   (AvgTime 0.6)   
   [Train] Epoch: [21][180/357]  Loss:0.208 (Avg 0.1705) IoU:0.628 (Avg 0.6839) Dice:0.7460 (Avg 0.7915) LR 2.55e-04   (AvgTime 0.5)   
   [Train] Epoch: [21][200/357]  Loss:0.156 (Avg 0.1695) IoU:0.706 (Avg 0.6859) Dice:0.8085 (Avg 0.7932) LR 2.55e-04   (AvgTime 0.5)   
   [Train] Epoch: [21][220/357]  Loss:0.143 (Avg 0.1705) IoU:0.721 (Avg 0.6841) Dice:0.8215 (Avg 0.7914) LR 2.55e-04   (AvgTime 0.5)   
   [Train] Epoch: [21][240/357]  Loss:0.136 (Avg 0.1698) IoU:0.738 (Avg 0.6855) Dice:0.8386 (Avg 0.7926) LR 2.55e-04   (AvgTime 0.6)   
   [Train] Epoch: [21][260/357]  Loss:0.162 (Avg 0.1702) IoU:0.711 (Avg 0.6848) Dice:0.8054 (Avg 0.7918) LR 2.55e-04   (AvgTime 0.6)   
   [Train] Epoch: [21][280/357]  Loss:0.177 (Avg 0.1705) IoU:0.682 (Avg 0.6844) Dice:0.7940 (Avg 0.7914) LR 2.55e-04   (AvgTime 0.6)   
   [Train] Epoch: [21][300/357]  Loss:0.214 (Avg 0.1707) IoU:0.639 (Avg 0.6843) Dice:0.7531 (Avg 0.7915) LR 2.55e-04   (AvgTime 0.6)   
   [Train] Epoch: [21][320/357]  Loss:0.225 (Avg 0.1715) IoU:0.586 (Avg 0.6831) Dice:0.7131 (Avg 0.7907) LR 2.55e-04   (AvgTime 0.6)   
   [Train] Epoch: [21][340/357]  Loss:0.134 (Avg 0.1716) IoU:0.737 (Avg 0.6832) Dice:0.8398 (Avg 0.7908) LR 2.55e-04   (AvgTime 0.6)   
   [Train] Epoch: [21][357/357]  Loss:0.154 (Avg 0.1711) IoU:0.722 (Avg 0.6837) Dice:0.8236 (Avg 0.7912) LR 2.55e-04   (AvgTime 0.6)   
   [Train] Loss components: main_dice=0.177429, main_focal=0.057893, main=0.117661, region_raw=0.416155, region_weighted=0.053398, empty_window_fraction=0.000000, total=0.171059
Validation
   [Val] Epoch: [21][20/90]  Loss:0.220 (Avg 0.1794) IoU:0.634 (Avg 0.7034) Dice:0.7587 (Avg 0.8087) (AvgTime 0.3)   
   [Val] Epoch: [21][40/90]  Loss:0.160 (Avg 0.1836) IoU:0.702 (Avg 0.6903) Dice:0.8174 (Avg 0.7970) (AvgTime 0.2)   
   [Val] Epoch: [21][60/90]  Loss:0.238 (Avg 0.1734) IoU:0.618 (Avg 0.7005) Dice:0.7313 (Avg 0.8042) (AvgTime 0.2)   
   [Val] Epoch: [21][80/90]  Loss:0.149 (Avg 0.1723) IoU:0.720 (Avg 0.6996) Dice:0.8196 (Avg 0.8035) (AvgTime 0.2)   
   [Val] Epoch: [21][90/90]  Loss:0.209 (Avg 0.1725) IoU:0.617 (Avg 0.6988) Dice:0.7461 (Avg 0.8030) (AvgTime 0.2)   
   [Val] Loss components: main_dice=0.166661, main_focal=0.075826, main=0.121243, region_raw=0.399084, region_weighted=0.051207, empty_window_fraction=0.000000, total=0.172451
	 Saving best model by iou: 0.698816
	 Saving to Covid19/BetterLViT/rs1_global_iou/RS1_Test_session_09.12_17h44/models//best_model-BetterLViT.pth.tar
	 early_stopping_count: 0/80
--- Epoch History (1..21) ---
Epoch |  TrainLoss |  TrainDice |  TrainIoU |    ValLoss |    ValDice |    ValIoU |         LR | Best
    1 |     0.3300 |     0.6064 |    0.4771 |     0.2665 |     0.6917 |    0.5661 |   3.00e-04 |     
    2 |     0.2491 |     0.6986 |    0.5752 |     0.2503 |     0.7064 |    0.5831 |   3.00e-04 |     
    3 |     0.2238 |     0.7274 |    0.6082 |     0.2261 |     0.7490 |    0.6315 |   3.00e-04 |     
    4 |     0.2124 |     0.7413 |    0.6243 |     0.1852 |     0.7780 |    0.6672 |   2.99e-04 |     
    5 |     0.2062 |     0.7480 |    0.6318 |     0.1901 |     0.7618 |    0.6483 |   2.98e-04 |     
    6 |     0.2002 |     0.7563 |    0.6416 |     0.1824 |     0.7892 |    0.6820 |   2.97e-04 |     
    7 |     0.1965 |     0.7605 |    0.6471 |     0.1870 |     0.7776 |    0.6673 |   2.96e-04 |     
    8 |     0.1919 |     0.7663 |    0.6535 |     0.1781 |     0.7828 |    0.6722 |   2.94e-04 |     
    9 |     0.1907 |     0.7670 |    0.6549 |     0.1861 |     0.7859 |    0.6771 |   2.92e-04 |     
   10 |     0.1887 |     0.7700 |    0.6581 |     0.1904 |     0.7618 |    0.6500 |   2.91e-04 |     
   11 |     0.1847 |     0.7742 |    0.6630 |     0.1856 |     0.7791 |    0.6667 |   2.88e-04 |     
   12 |     0.1858 |     0.7730 |    0.6619 |     0.1814 |     0.7792 |    0.6699 |   2.86e-04 |     
   13 |     0.1827 |     0.7778 |    0.6673 |     0.1897 |     0.7836 |    0.6741 |   2.83e-04 |     
   14 |     0.1817 |     0.7785 |    0.6690 |     0.1761 |     0.7925 |    0.6846 |   2.80e-04 |     
   15 |     0.1790 |     0.7817 |    0.6727 |     0.1662 |     0.7947 |    0.6887 |   2.77e-04 |     
   16 |     0.1777 |     0.7832 |    0.6748 |     0.1662 |     0.7984 |    0.6933 |   2.74e-04 |     
   17 |     0.1747 |     0.7868 |    0.6787 |     0.1849 |     0.7656 |    0.6528 |   2.71e-04 |     
   18 |     0.1751 |     0.7880 |    0.6794 |     0.1706 |     0.7853 |    0.6776 |   2.67e-04 |     
   19 |     0.1727 |     0.7889 |    0.6813 |     0.1837 |     0.7750 |    0.6655 |   2.63e-04 |     
   20 |     0.1748 |     0.7871 |    0.6790 |     0.1670 |     0.7913 |    0.6862 |   2.59e-04 |     
   21 |     0.1711 |     0.7912 |    0.6837 |     0.1725 |     0.8030 |    0.6988 |   2.55e-04 |    *
--- R2 plus final-map regional overlap: global validation statistics ---
up4: ca=0.8159+/-0.1638, sa=0.9991+/-0.0069, amp=0.0000, suppress=0.0000, guide_abs=0.3220
up4 residuals: local_mean=8.454e-03, global_mean=-0.0169, local_strength=0.0834, global_strength=0.1037, gain=[0.9749,1.0256], saturation=0.0000, text_film=0.0047
up4 haar: reconstruction_error=9.537e-07, skip_low/high=0.7925/0.2075, plam_low/high=1.0000/0.0000
up4 strengths: plam=0.9638, region=0.0834, detail=0.1037; residual_std region/detail/refine=0.0205/0.5520/0.4848
up4 guide_mix: entropy=0.9827, raw_low=0.3203, plam_low=0.2678, decoder_low=0.2411, detail=0.1708; agreement plam/decoder=0.9626/0.9617, support=0.4506+/-0.0002
up4 adaptive_frequency: ALPF strength=0.2412, weights=0.1140/0.6940/0.1920, sum=1.0000, entropy=0.7364, delta_std=0.1106; AHPF strength=0.0753, weights=0.3763/0.4768/0.1470, sum=1.0000, entropy=0.8864, residual_std=0.1440, scaled_std=0.0108
up3: ca=0.9620+/-0.2004, sa=1.0025+/-0.0070, amp=0.0000, suppress=0.0000, guide_abs=0.2724
up3 residuals: local_mean=9.538e-03, global_mean=0.0124, local_strength=0.1098, global_strength=0.1182, gain=[0.9587,1.0445], saturation=0.0393, text_film=0.0239
up3 haar: reconstruction_error=9.537e-07, skip_low/high=0.7722/0.2278, plam_low/high=1.0000/0.0000
up3 strengths: plam=0.9394, region=0.1098, detail=0.1182; residual_std region/detail/refine=0.4312/0.6155/0.4823
up3 guide_mix: entropy=0.9821, raw_low=0.3232, plam_low=0.2449, decoder_low=0.2626, detail=0.1693; agreement plam/decoder=0.7619/0.2182, support=0.7944+/-0.0860
up3 adaptive_frequency: ALPF strength=0.2673, weights=0.1130/0.3426/0.5444, sum=1.0000, entropy=0.7923, delta_std=0.0854; AHPF strength=0.1035, weights=0.7054/0.1789/0.1157, sum=1.0000, entropy=0.6882, residual_std=0.0795, scaled_std=0.0082
up2: ca=0.8739+/-0.1585, sa=1.0015+/-0.0043, amp=0.0000, suppress=0.0000, guide_abs=0.2705
up2 residuals: local_mean=-1.306e-02, global_mean=0.0272, local_strength=0.1164, global_strength=0.1105, gain=[0.9538,1.0530], saturation=0.0000, text_film=0.0344
up2 haar: reconstruction_error=1.311e-06, skip_low/high=0.8099/0.1901, plam_low/high=1.0000/0.0000
up2 strengths: plam=0.9041, region=0.1164, detail=0.1105; residual_std region/detail/refine=0.2918/0.3644/0.2489
up2 guide_mix: entropy=0.9673, raw_low=0.3015, plam_low=0.2540, decoder_low=0.3118, detail=0.1327; agreement plam/decoder=0.4054/-0.4062, support=0.6102+/-0.0660
up1: ca=0.8542+/-0.1475, sa=1.0011+/-0.0133, amp=0.0000, suppress=0.0000, guide_abs=0.1961
up1 residuals: local_mean=-5.960e-03, global_mean=0.0176, local_strength=0.1223, global_strength=0.1043, gain=[0.9008,1.0979], saturation=0.0051, text_film=0.0324
up1 haar: reconstruction_error=1.431e-06, skip_low/high=0.7514/0.2486, plam_low/high=1.0000/0.0000
up1 strengths: plam=0.9304, region=0.1223, detail=0.1043; residual_std region/detail/refine=0.3682/0.3486/0.1158
up1 guide_mix: entropy=0.9408, raw_low=0.2825, plam_low=0.2644, decoder_low=0.3550, detail=0.0981; agreement plam/decoder=0.7048/-0.1987, support=0.5950+/-0.0890

========= Epoch [22/80] =========
RS1_Test_session_09.12_17h44
Training with batch size : 16
   [Train] Epoch: [22][20/357]  Loss:0.197 (Avg 0.1620) IoU:0.629 (Avg 0.6951) Dice:0.7452 (Avg 0.8020) LR 2.51e-04   (AvgTime 0.6)   
   [Train] Epoch: [22][40/357]  Loss:0.227 (Avg 0.1700) IoU:0.562 (Avg 0.6867) Dice:0.6862 (Avg 0.7922) LR 2.51e-04   (AvgTime 0.6)   
   [Train] Epoch: [22][60/357]  Loss:0.179 (Avg 0.1710) IoU:0.639 (Avg 0.6834) Dice:0.7641 (Avg 0.7901) LR 2.51e-04   (AvgTime 0.6)   
   [Train] Epoch: [22][80/357]  Loss:0.191 (Avg 0.1750) IoU:0.675 (Avg 0.6804) Dice:0.7798 (Avg 0.7877) LR 2.51e-04   (AvgTime 0.6)   
   [Train] Epoch: [22][100/357]  Loss:0.171 (Avg 0.1771) IoU:0.669 (Avg 0.6772) Dice:0.7760 (Avg 0.7852) LR 2.51e-04   (AvgTime 0.6)   
   [Train] Epoch: [22][120/357]  Loss:0.211 (Avg 0.1771) IoU:0.590 (Avg 0.6772) Dice:0.7291 (Avg 0.7859) LR 2.51e-04   (AvgTime 0.6)   
   [Train] Epoch: [22][140/357]  Loss:0.222 (Avg 0.1743) IoU:0.686 (Avg 0.6816) Dice:0.7964 (Avg 0.7895) LR 2.51e-04   (AvgTime 0.6)   
   [Train] Epoch: [22][160/357]  Loss:0.169 (Avg 0.1764) IoU:0.691 (Avg 0.6774) Dice:0.8025 (Avg 0.7859) LR 2.51e-04   (AvgTime 0.6)   
   [Train] Epoch: [22][180/357]  Loss:0.183 (Avg 0.1767) IoU:0.665 (Avg 0.6776) Dice:0.7769 (Avg 0.7861) LR 2.51e-04   (AvgTime 0.6)   
   [Train] Epoch: [22][200/357]  Loss:0.200 (Avg 0.1766) IoU:0.612 (Avg 0.6776) Dice:0.7369 (Avg 0.7861) LR 2.51e-04   (AvgTime 0.6)   
   [Train] Epoch: [22][220/357]  Loss:0.168 (Avg 0.1761) IoU:0.679 (Avg 0.6780) Dice:0.7931 (Avg 0.7865) LR 2.51e-04   (AvgTime 0.6)   
   [Train] Epoch: [22][240/357]  Loss:0.188 (Avg 0.1766) IoU:0.634 (Avg 0.6773) Dice:0.7467 (Avg 0.7859) LR 2.51e-04   (AvgTime 0.6)   
   [Train] Epoch: [22][260/357]  Loss:0.156 (Avg 0.1767) IoU:0.681 (Avg 0.6776) Dice:0.8056 (Avg 0.7863) LR 2.51e-04   (AvgTime 0.6)   
   [Train] Epoch: [22][280/357]  Loss:0.175 (Avg 0.1761) IoU:0.709 (Avg 0.6781) Dice:0.8026 (Avg 0.7866) LR 2.51e-04   (AvgTime 0.6)   
   [Train] Epoch: [22][300/357]  Loss:0.173 (Avg 0.1757) IoU:0.674 (Avg 0.6780) Dice:0.7910 (Avg 0.7866) LR 2.51e-04   (AvgTime 0.6)   
   [Train] Epoch: [22][320/357]  Loss:0.169 (Avg 0.1751) IoU:0.679 (Avg 0.6789) Dice:0.7855 (Avg 0.7872) LR 2.51e-04   (AvgTime 0.6)   
   [Train] Epoch: [22][340/357]  Loss:0.164 (Avg 0.1742) IoU:0.694 (Avg 0.6802) Dice:0.7839 (Avg 0.7882) LR 2.51e-04   (AvgTime 0.6)   
   [Train] Epoch: [22][357/357]  Loss:0.189 (Avg 0.1732) IoU:0.622 (Avg 0.6818) Dice:0.7540 (Avg 0.7894) LR 2.51e-04   (AvgTime 0.6)   
   [Train] Loss components: main_dice=0.178938, main_focal=0.060024, main=0.119481, region_raw=0.418610, region_weighted=0.053713, empty_window_fraction=0.000000, total=0.173194
Validation
   [Val] Epoch: [22][20/90]  Loss:0.205 (Avg 0.1692) IoU:0.639 (Avg 0.7014) Dice:0.7582 (Avg 0.8065) (AvgTime 0.3)   
   [Val] Epoch: [22][40/90]  Loss:0.171 (Avg 0.1773) IoU:0.673 (Avg 0.6830) Dice:0.7867 (Avg 0.7888) (AvgTime 0.2)   
   [Val] Epoch: [22][60/90]  Loss:0.207 (Avg 0.1670) IoU:0.640 (Avg 0.6952) Dice:0.7433 (Avg 0.7976) (AvgTime 0.2)   
   [Val] Epoch: [22][80/90]  Loss:0.154 (Avg 0.1658) IoU:0.691 (Avg 0.6946) Dice:0.7982 (Avg 0.7976) (AvgTime 0.2)   
   [Val] Epoch: [22][90/90]  Loss:0.192 (Avg 0.1654) IoU:0.629 (Avg 0.6947) Dice:0.7567 (Avg 0.7979) (AvgTime 0.2)   
   [Val] Loss components: main_dice=0.172038, main_focal=0.057641, main=0.114839, region_raw=0.394334, region_weighted=0.050598, empty_window_fraction=0.000000, total=0.165437
	 No iou improvement; selected epoch 21
	 early_stopping_count: 1/80
--- Epoch History (1..22) ---
Epoch |  TrainLoss |  TrainDice |  TrainIoU |    ValLoss |    ValDice |    ValIoU |         LR | Best
    1 |     0.3300 |     0.6064 |    0.4771 |     0.2665 |     0.6917 |    0.5661 |   3.00e-04 |     
    2 |     0.2491 |     0.6986 |    0.5752 |     0.2503 |     0.7064 |    0.5831 |   3.00e-04 |     
    3 |     0.2238 |     0.7274 |    0.6082 |     0.2261 |     0.7490 |    0.6315 |   3.00e-04 |     
    4 |     0.2124 |     0.7413 |    0.6243 |     0.1852 |     0.7780 |    0.6672 |   2.99e-04 |     
    5 |     0.2062 |     0.7480 |    0.6318 |     0.1901 |     0.7618 |    0.6483 |   2.98e-04 |     
    6 |     0.2002 |     0.7563 |    0.6416 |     0.1824 |     0.7892 |    0.6820 |   2.97e-04 |     
    7 |     0.1965 |     0.7605 |    0.6471 |     0.1870 |     0.7776 |    0.6673 |   2.96e-04 |     
    8 |     0.1919 |     0.7663 |    0.6535 |     0.1781 |     0.7828 |    0.6722 |   2.94e-04 |     
    9 |     0.1907 |     0.7670 |    0.6549 |     0.1861 |     0.7859 |    0.6771 |   2.92e-04 |     
   10 |     0.1887 |     0.7700 |    0.6581 |     0.1904 |     0.7618 |    0.6500 |   2.91e-04 |     
   11 |     0.1847 |     0.7742 |    0.6630 |     0.1856 |     0.7791 |    0.6667 |   2.88e-04 |     
   12 |     0.1858 |     0.7730 |    0.6619 |     0.1814 |     0.7792 |    0.6699 |   2.86e-04 |     
   13 |     0.1827 |     0.7778 |    0.6673 |     0.1897 |     0.7836 |    0.6741 |   2.83e-04 |     
   14 |     0.1817 |     0.7785 |    0.6690 |     0.1761 |     0.7925 |    0.6846 |   2.80e-04 |     
   15 |     0.1790 |     0.7817 |    0.6727 |     0.1662 |     0.7947 |    0.6887 |   2.77e-04 |     
   16 |     0.1777 |     0.7832 |    0.6748 |     0.1662 |     0.7984 |    0.6933 |   2.74e-04 |     
   17 |     0.1747 |     0.7868 |    0.6787 |     0.1849 |     0.7656 |    0.6528 |   2.71e-04 |     
   18 |     0.1751 |     0.7880 |    0.6794 |     0.1706 |     0.7853 |    0.6776 |   2.67e-04 |     
   19 |     0.1727 |     0.7889 |    0.6813 |     0.1837 |     0.7750 |    0.6655 |   2.63e-04 |     
   20 |     0.1748 |     0.7871 |    0.6790 |     0.1670 |     0.7913 |    0.6862 |   2.59e-04 |     
   21 |     0.1711 |     0.7912 |    0.6837 |     0.1725 |     0.8030 |    0.6988 |   2.55e-04 |    *
   22 |     0.1732 |     0.7894 |    0.6818 |     0.1654 |     0.7979 |    0.6947 |   2.51e-04 |     
--- R2 plus final-map regional overlap: global validation statistics ---
up4: ca=0.8068+/-0.1507, sa=1.0007+/-0.0072, amp=0.0000, suppress=0.0000, guide_abs=0.3084
up4 residuals: local_mean=1.033e-02, global_mean=-0.0029, local_strength=0.0831, global_strength=0.1041, gain=[0.9755,1.0279], saturation=0.0000, text_film=0.0047
up4 haar: reconstruction_error=9.537e-07, skip_low/high=0.7988/0.2012, plam_low/high=1.0000/0.0000
up4 strengths: plam=0.9622, region=0.0831, detail=0.1041; residual_std region/detail/refine=0.0177/0.5510/0.4838
up4 guide_mix: entropy=0.9787, raw_low=0.3413, plam_low=0.2393, decoder_low=0.2491, detail=0.1703; agreement plam/decoder=0.8278/0.9797, support=0.4524+/-0.0001
up4 adaptive_frequency: ALPF strength=0.2422, weights=0.1454/0.6990/0.1556, sum=1.0000, entropy=0.7451, delta_std=0.1107; AHPF strength=0.0751, weights=0.4116/0.4298/0.1587, sum=1.0000, entropy=0.9227, residual_std=0.1339, scaled_std=0.0101
up3: ca=0.9636+/-0.1914, sa=1.0030+/-0.0071, amp=0.0000, suppress=0.0000, guide_abs=0.2521
up3 residuals: local_mean=8.840e-03, global_mean=0.0173, local_strength=0.1100, global_strength=0.1186, gain=[0.9623,1.0382], saturation=0.0306, text_film=0.0225
up3 haar: reconstruction_error=9.537e-07, skip_low/high=0.7735/0.2265, plam_low/high=1.0000/0.0000
up3 strengths: plam=0.9372, region=0.1100, detail=0.1186; residual_std region/detail/refine=0.4354/0.5859/0.4477
up3 guide_mix: entropy=0.9813, raw_low=0.3172, plam_low=0.2375, decoder_low=0.2787, detail=0.1666; agreement plam/decoder=0.8146/0.0756, support=0.7856+/-0.0918
up3 adaptive_frequency: ALPF strength=0.2695, weights=0.1335/0.3987/0.4678, sum=1.0000, entropy=0.7730, delta_std=0.0867; AHPF strength=0.1046, weights=0.6187/0.1798/0.2015, sum=1.0000, entropy=0.7012, residual_std=0.1208, scaled_std=0.0126
up2: ca=0.8519+/-0.1746, sa=1.0014+/-0.0044, amp=0.0000, suppress=0.0000, guide_abs=0.2957
up2 residuals: local_mean=-1.379e-02, global_mean=0.0272, local_strength=0.1165, global_strength=0.1107, gain=[0.9523,1.0557], saturation=0.0001, text_film=0.0321
up2 haar: reconstruction_error=9.537e-07, skip_low/high=0.8100/0.1900, plam_low/high=1.0000/0.0000
up2 strengths: plam=0.8993, region=0.1165, detail=0.1107; residual_std region/detail/refine=0.2781/0.3461/0.2052
up2 guide_mix: entropy=0.9674, raw_low=0.3053, plam_low=0.2418, decoder_low=0.3168, detail=0.1361; agreement plam/decoder=0.3312/-0.4051, support=0.6270+/-0.0709
up1: ca=0.8583+/-0.1447, sa=1.0014+/-0.0135, amp=0.0000, suppress=0.0000, guide_abs=0.2144
up1 residuals: local_mean=-6.651e-03, global_mean=0.0214, local_strength=0.1226, global_strength=0.1043, gain=[0.9002,1.0983], saturation=0.0000, text_film=0.0263
up1 haar: reconstruction_error=1.431e-06, skip_low/high=0.7424/0.2576, plam_low/high=1.0000/0.0000
up1 strengths: plam=0.9288, region=0.1226, detail=0.1043; residual_std region/detail/refine=0.3526/0.3563/0.1212
up1 guide_mix: entropy=0.9466, raw_low=0.2812, plam_low=0.2622, decoder_low=0.3513, detail=0.1053; agreement plam/decoder=0.4485/-0.0776, support=0.5963+/-0.0877

========= Epoch [23/80] =========
RS1_Test_session_09.12_17h44
Training with batch size : 16
   [Train] Epoch: [23][20/357]  Loss:0.150 (Avg 0.1597) IoU:0.702 (Avg 0.6981) Dice:0.8181 (Avg 0.8063) LR 2.46e-04   (AvgTime 0.6)   
   [Train] Epoch: [23][40/357]  Loss:0.176 (Avg 0.1665) IoU:0.708 (Avg 0.6912) Dice:0.7961 (Avg 0.7982) LR 2.46e-04   (AvgTime 0.5)   
   [Train] Epoch: [23][60/357]  Loss:0.161 (Avg 0.1644) IoU:0.748 (Avg 0.6961) Dice:0.8507 (Avg 0.8018) LR 2.46e-04   (AvgTime 0.5)   
   [Train] Epoch: [23][80/357]  Loss:0.240 (Avg 0.1675) IoU:0.584 (Avg 0.6907) Dice:0.6858 (Avg 0.7972) LR 2.46e-04   (AvgTime 0.5)   
   [Train] Epoch: [23][100/357]  Loss:0.151 (Avg 0.1674) IoU:0.724 (Avg 0.6915) Dice:0.8183 (Avg 0.7978) LR 2.46e-04   (AvgTime 0.5)   
   [Train] Epoch: [23][120/357]  Loss:0.154 (Avg 0.1689) IoU:0.704 (Avg 0.6886) Dice:0.8162 (Avg 0.7955) LR 2.46e-04   (AvgTime 0.5)   
   [Train] Epoch: [23][140/357]  Loss:0.223 (Avg 0.1694) IoU:0.595 (Avg 0.6875) Dice:0.7166 (Avg 0.7944) LR 2.46e-04   (AvgTime 0.5)   
   [Train] Epoch: [23][160/357]  Loss:0.233 (Avg 0.1701) IoU:0.549 (Avg 0.6869) Dice:0.6851 (Avg 0.7937) LR 2.46e-04   (AvgTime 0.5)   
   [Train] Epoch: [23][180/357]  Loss:0.198 (Avg 0.1689) IoU:0.613 (Avg 0.6889) Dice:0.7320 (Avg 0.7951) LR 2.46e-04   (AvgTime 0.5)   
   [Train] Epoch: [23][200/357]  Loss:0.127 (Avg 0.1688) IoU:0.786 (Avg 0.6888) Dice:0.8726 (Avg 0.7951) LR 2.46e-04   (AvgTime 0.5)   
   [Train] Epoch: [23][220/357]  Loss:0.185 (Avg 0.1686) IoU:0.686 (Avg 0.6893) Dice:0.7690 (Avg 0.7953) LR 2.46e-04   (AvgTime 0.5)   
   [Train] Epoch: [23][240/357]  Loss:0.171 (Avg 0.1682) IoU:0.695 (Avg 0.6894) Dice:0.7958 (Avg 0.7957) LR 2.46e-04   (AvgTime 0.5)   
   [Train] Epoch: [23][260/357]  Loss:0.181 (Avg 0.1684) IoU:0.662 (Avg 0.6891) Dice:0.7616 (Avg 0.7950) LR 2.46e-04   (AvgTime 0.5)   
   [Train] Epoch: [23][280/357]  Loss:0.150 (Avg 0.1683) IoU:0.720 (Avg 0.6888) Dice:0.8241 (Avg 0.7948) LR 2.46e-04   (AvgTime 0.5)   
   [Train] Epoch: [23][300/357]  Loss:0.193 (Avg 0.1689) IoU:0.633 (Avg 0.6879) Dice:0.7391 (Avg 0.7940) LR 2.46e-04   (AvgTime 0.5)   
   [Train] Epoch: [23][320/357]  Loss:0.131 (Avg 0.1688) IoU:0.770 (Avg 0.6883) Dice:0.8621 (Avg 0.7943) LR 2.46e-04   (AvgTime 0.5)   
   [Train] Epoch: [23][340/357]  Loss:0.125 (Avg 0.1687) IoU:0.761 (Avg 0.6886) Dice:0.8554 (Avg 0.7946) LR 2.46e-04   (AvgTime 0.5)   
   [Train] Epoch: [23][357/357]  Loss:0.174 (Avg 0.1690) IoU:0.683 (Avg 0.6878) Dice:0.7791 (Avg 0.7939) LR 2.46e-04   (AvgTime 0.5)   
   [Train] Loss components: main_dice=0.174973, main_focal=0.057493, main=0.116233, region_raw=0.411230, region_weighted=0.052766, empty_window_fraction=0.000000, total=0.168999
Validation
   [Val] Epoch: [23][20/90]  Loss:0.218 (Avg 0.1700) IoU:0.631 (Avg 0.7094) Dice:0.7551 (Avg 0.8135) (AvgTime 0.3)   
   [Val] Epoch: [23][40/90]  Loss:0.164 (Avg 0.1748) IoU:0.694 (Avg 0.6932) Dice:0.8132 (Avg 0.7991) (AvgTime 0.2)   
   [Val] Epoch: [23][60/90]  Loss:0.208 (Avg 0.1662) IoU:0.634 (Avg 0.7015) Dice:0.7470 (Avg 0.8044) (AvgTime 0.2)   
   [Val] Epoch: [23][80/90]  Loss:0.144 (Avg 0.1649) IoU:0.714 (Avg 0.7015) Dice:0.8171 (Avg 0.8046) (AvgTime 0.2)   
   [Val] Epoch: [23][90/90]  Loss:0.182 (Avg 0.1653) IoU:0.625 (Avg 0.7012) Dice:0.7541 (Avg 0.8044) (AvgTime 0.2)   
   [Val] Loss components: main_dice=0.164851, main_focal=0.065477, main=0.115164, region_raw=0.390995, region_weighted=0.050169, empty_window_fraction=0.000000, total=0.165333
	 Saving best model by iou: 0.701217
	 Saving to Covid19/BetterLViT/rs1_global_iou/RS1_Test_session_09.12_17h44/models//best_model-BetterLViT.pth.tar
	 early_stopping_count: 0/80
--- Epoch History (1..23) ---
Epoch |  TrainLoss |  TrainDice |  TrainIoU |    ValLoss |    ValDice |    ValIoU |         LR | Best
    1 |     0.3300 |     0.6064 |    0.4771 |     0.2665 |     0.6917 |    0.5661 |   3.00e-04 |     
    2 |     0.2491 |     0.6986 |    0.5752 |     0.2503 |     0.7064 |    0.5831 |   3.00e-04 |     
    3 |     0.2238 |     0.7274 |    0.6082 |     0.2261 |     0.7490 |    0.6315 |   3.00e-04 |     
    4 |     0.2124 |     0.7413 |    0.6243 |     0.1852 |     0.7780 |    0.6672 |   2.99e-04 |     
    5 |     0.2062 |     0.7480 |    0.6318 |     0.1901 |     0.7618 |    0.6483 |   2.98e-04 |     
    6 |     0.2002 |     0.7563 |    0.6416 |     0.1824 |     0.7892 |    0.6820 |   2.97e-04 |     
    7 |     0.1965 |     0.7605 |    0.6471 |     0.1870 |     0.7776 |    0.6673 |   2.96e-04 |     
    8 |     0.1919 |     0.7663 |    0.6535 |     0.1781 |     0.7828 |    0.6722 |   2.94e-04 |     
    9 |     0.1907 |     0.7670 |    0.6549 |     0.1861 |     0.7859 |    0.6771 |   2.92e-04 |     
   10 |     0.1887 |     0.7700 |    0.6581 |     0.1904 |     0.7618 |    0.6500 |   2.91e-04 |     
   11 |     0.1847 |     0.7742 |    0.6630 |     0.1856 |     0.7791 |    0.6667 |   2.88e-04 |     
   12 |     0.1858 |     0.7730 |    0.6619 |     0.1814 |     0.7792 |    0.6699 |   2.86e-04 |     
   13 |     0.1827 |     0.7778 |    0.6673 |     0.1897 |     0.7836 |    0.6741 |   2.83e-04 |     
   14 |     0.1817 |     0.7785 |    0.6690 |     0.1761 |     0.7925 |    0.6846 |   2.80e-04 |     
   15 |     0.1790 |     0.7817 |    0.6727 |     0.1662 |     0.7947 |    0.6887 |   2.77e-04 |     
   16 |     0.1777 |     0.7832 |    0.6748 |     0.1662 |     0.7984 |    0.6933 |   2.74e-04 |     
   17 |     0.1747 |     0.7868 |    0.6787 |     0.1849 |     0.7656 |    0.6528 |   2.71e-04 |     
   18 |     0.1751 |     0.7880 |    0.6794 |     0.1706 |     0.7853 |    0.6776 |   2.67e-04 |     
   19 |     0.1727 |     0.7889 |    0.6813 |     0.1837 |     0.7750 |    0.6655 |   2.63e-04 |     
   20 |     0.1748 |     0.7871 |    0.6790 |     0.1670 |     0.7913 |    0.6862 |   2.59e-04 |     
   21 |     0.1711 |     0.7912 |    0.6837 |     0.1725 |     0.8030 |    0.6988 |   2.55e-04 |     
   22 |     0.1732 |     0.7894 |    0.6818 |     0.1654 |     0.7979 |    0.6947 |   2.51e-04 |     
   23 |     0.1690 |     0.7939 |    0.6878 |     0.1653 |     0.8044 |    0.7012 |   2.46e-04 |    *
--- R2 plus final-map regional overlap: global validation statistics ---
up4: ca=0.8258+/-0.1501, sa=1.0027+/-0.0060, amp=0.0000, suppress=0.0000, guide_abs=0.3069
up4 residuals: local_mean=1.223e-02, global_mean=0.0144, local_strength=0.0829, global_strength=0.1044, gain=[0.9805,1.0254], saturation=0.0000, text_film=0.0048
up4 haar: reconstruction_error=9.537e-07, skip_low/high=0.8013/0.1987, plam_low/high=1.0000/0.0000
up4 strengths: plam=0.9616, region=0.0829, detail=0.1044; residual_std region/detail/refine=0.0161/0.5454/0.4823
up4 guide_mix: entropy=0.9801, raw_low=0.3390, plam_low=0.2466, decoder_low=0.2412, detail=0.1732; agreement plam/decoder=0.8485/0.9797, support=0.4496+/-0.0001
up4 adaptive_frequency: ALPF strength=0.2436, weights=0.1148/0.7051/0.1801, sum=1.0000, entropy=0.7269, delta_std=0.1034; AHPF strength=0.0747, weights=0.3782/0.4663/0.1555, sum=1.0000, entropy=0.9131, residual_std=0.1349, scaled_std=0.0101
up3: ca=0.9715+/-0.1937, sa=1.0040+/-0.0078, amp=0.0000, suppress=0.0000, guide_abs=0.2675
up3 residuals: local_mean=8.980e-03, global_mean=0.0253, local_strength=0.1100, global_strength=0.1189, gain=[0.9674,1.0496], saturation=0.0235, text_film=0.0220
up3 haar: reconstruction_error=9.537e-07, skip_low/high=0.7768/0.2232, plam_low/high=1.0000/0.0000
up3 strengths: plam=0.9352, region=0.1100, detail=0.1189; residual_std region/detail/refine=0.4237/0.6004/0.4602
up3 guide_mix: entropy=0.9797, raw_low=0.3335, plam_low=0.2223, decoder_low=0.2706, detail=0.1737; agreement plam/decoder=0.7998/0.0475, support=0.7965+/-0.0883
up3 adaptive_frequency: ALPF strength=0.2721, weights=0.1089/0.3335/0.5576, sum=1.0000, entropy=0.7430, delta_std=0.0859; AHPF strength=0.1056, weights=0.5869/0.1680/0.2451, sum=1.0000, entropy=0.7510, residual_std=0.1279, scaled_std=0.0135
up2: ca=0.8370+/-0.1830, sa=1.0017+/-0.0042, amp=0.0000, suppress=0.0000, guide_abs=0.2945
up2 residuals: local_mean=-1.399e-02, global_mean=0.0299, local_strength=0.1167, global_strength=0.1107, gain=[0.9539,1.0517], saturation=0.0000, text_film=0.0280
up2 haar: reconstruction_error=1.192e-06, skip_low/high=0.8241/0.1759, plam_low/high=1.0000/0.0000
up2 strengths: plam=0.8949, region=0.1167, detail=0.1107; residual_std region/detail/refine=0.3268/0.3388/0.2002
up2 guide_mix: entropy=0.9602, raw_low=0.3253, plam_low=0.2122, decoder_low=0.3265, detail=0.1360; agreement plam/decoder=0.2202/-0.3626, support=0.6090+/-0.0710
up1: ca=0.8358+/-0.1566, sa=1.0017+/-0.0137, amp=0.0000, suppress=0.0001, guide_abs=0.2090
up1 residuals: local_mean=-7.103e-03, global_mean=0.0250, local_strength=0.1231, global_strength=0.1042, gain=[0.8997,1.0992], saturation=0.0026, text_film=0.0279
up1 haar: reconstruction_error=1.431e-06, skip_low/high=0.7303/0.2697, plam_low/high=1.0000/0.0000
up1 strengths: plam=0.9272, region=0.1231, detail=0.1042; residual_std region/detail/refine=0.3277/0.3638/0.1249
up1 guide_mix: entropy=0.9419, raw_low=0.2704, plam_low=0.2477, decoder_low=0.3754, detail=0.1066; agreement plam/decoder=0.0850/-0.1630, support=0.6131+/-0.0866

========= Epoch [24/80] =========
RS1_Test_session_09.12_17h44
Training with batch size : 16
   [Train] Epoch: [24][20/357]  Loss:0.175 (Avg 0.1679) IoU:0.687 (Avg 0.6933) Dice:0.7845 (Avg 0.8003) LR 2.42e-04   (AvgTime 0.6)   
   [Train] Epoch: [24][40/357]  Loss:0.146 (Avg 0.1683) IoU:0.722 (Avg 0.6889) Dice:0.8225 (Avg 0.7958) LR 2.42e-04   (AvgTime 0.6)   
   [Train] Epoch: [24][60/357]  Loss:0.164 (Avg 0.1719) IoU:0.692 (Avg 0.6827) Dice:0.8025 (Avg 0.7905) LR 2.42e-04   (AvgTime 0.6)   
   [Train] Epoch: [24][80/357]  Loss:0.184 (Avg 0.1689) IoU:0.666 (Avg 0.6877) Dice:0.7631 (Avg 0.7947) LR 2.42e-04   (AvgTime 0.6)   
   [Train] Epoch: [24][100/357]  Loss:0.262 (Avg 0.1717) IoU:0.538 (Avg 0.6827) Dice:0.6760 (Avg 0.7907) LR 2.42e-04   (AvgTime 0.6)   
   [Train] Epoch: [24][120/357]  Loss:0.202 (Avg 0.1701) IoU:0.624 (Avg 0.6857) Dice:0.7264 (Avg 0.7928) LR 2.42e-04   (AvgTime 0.6)   
   [Train] Epoch: [24][140/357]  Loss:0.138 (Avg 0.1710) IoU:0.748 (Avg 0.6855) Dice:0.8402 (Avg 0.7925) LR 2.42e-04   (AvgTime 0.6)   
   [Train] Epoch: [24][160/357]  Loss:0.143 (Avg 0.1704) IoU:0.713 (Avg 0.6859) Dice:0.8245 (Avg 0.7930) LR 2.42e-04   (AvgTime 0.6)   
   [Train] Epoch: [24][180/357]  Loss:0.119 (Avg 0.1709) IoU:0.764 (Avg 0.6865) Dice:0.8569 (Avg 0.7929) LR 2.42e-04   (AvgTime 0.6)   
   [Train] Epoch: [24][200/357]  Loss:0.165 (Avg 0.1711) IoU:0.711 (Avg 0.6863) Dice:0.8243 (Avg 0.7929) LR 2.42e-04   (AvgTime 0.6)   
   [Train] Epoch: [24][220/357]  Loss:0.212 (Avg 0.1705) IoU:0.601 (Avg 0.6871) Dice:0.7302 (Avg 0.7935) LR 2.42e-04   (AvgTime 0.6)   
   [Train] Epoch: [24][240/357]  Loss:0.241 (Avg 0.1707) IoU:0.570 (Avg 0.6863) Dice:0.6893 (Avg 0.7929) LR 2.42e-04   (AvgTime 0.6)   
   [Train] Epoch: [24][260/357]  Loss:0.148 (Avg 0.1705) IoU:0.719 (Avg 0.6868) Dice:0.8281 (Avg 0.7932) LR 2.42e-04   (AvgTime 0.6)   
   [Train] Epoch: [24][280/357]  Loss:0.129 (Avg 0.1697) IoU:0.750 (Avg 0.6883) Dice:0.8464 (Avg 0.7945) LR 2.42e-04   (AvgTime 0.6)   
   [Train] Epoch: [24][300/357]  Loss:0.126 (Avg 0.1694) IoU:0.746 (Avg 0.6883) Dice:0.8467 (Avg 0.7944) LR 2.42e-04   (AvgTime 0.6)   
   [Train] Epoch: [24][320/357]  Loss:0.147 (Avg 0.1692) IoU:0.703 (Avg 0.6887) Dice:0.8138 (Avg 0.7947) LR 2.42e-04   (AvgTime 0.6)   
   [Train] Epoch: [24][340/357]  Loss:0.218 (Avg 0.1690) IoU:0.621 (Avg 0.6887) Dice:0.7318 (Avg 0.7947) LR 2.42e-04   (AvgTime 0.6)   
   [Train] Epoch: [24][357/357]  Loss:0.151 (Avg 0.1692) IoU:0.725 (Avg 0.6884) Dice:0.8254 (Avg 0.7944) LR 2.42e-04   (AvgTime 0.6)   
   [Train] Loss components: main_dice=0.174827, main_focal=0.058133, main=0.116480, region_raw=0.410656, region_weighted=0.052692, empty_window_fraction=0.000000, total=0.169172
Validation
   [Val] Epoch: [24][20/90]  Loss:0.207 (Avg 0.1683) IoU:0.641 (Avg 0.6968) Dice:0.7677 (Avg 0.8053) (AvgTime 0.3)   
   [Val] Epoch: [24][40/90]  Loss:0.160 (Avg 0.1787) IoU:0.690 (Avg 0.6769) Dice:0.8043 (Avg 0.7870) (AvgTime 0.2)   
   [Val] Epoch: [24][60/90]  Loss:0.205 (Avg 0.1693) IoU:0.637 (Avg 0.6874) Dice:0.7467 (Avg 0.7949) (AvgTime 0.2)   
   [Val] Epoch: [24][80/90]  Loss:0.149 (Avg 0.1683) IoU:0.718 (Avg 0.6851) Dice:0.8205 (Avg 0.7935) (AvgTime 0.2)   
   [Val] Epoch: [24][90/90]  Loss:0.192 (Avg 0.1686) IoU:0.632 (Avg 0.6847) Dice:0.7625 (Avg 0.7933) (AvgTime 0.2)   
   [Val] Loss components: main_dice=0.174973, main_focal=0.056877, main=0.115925, region_raw=0.410226, region_weighted=0.052637, empty_window_fraction=0.000000, total=0.168562
	 No iou improvement; selected epoch 23
	 early_stopping_count: 1/80
--- Epoch History (1..24) ---
Epoch |  TrainLoss |  TrainDice |  TrainIoU |    ValLoss |    ValDice |    ValIoU |         LR | Best
    1 |     0.3300 |     0.6064 |    0.4771 |     0.2665 |     0.6917 |    0.5661 |   3.00e-04 |     
    2 |     0.2491 |     0.6986 |    0.5752 |     0.2503 |     0.7064 |    0.5831 |   3.00e-04 |     
    3 |     0.2238 |     0.7274 |    0.6082 |     0.2261 |     0.7490 |    0.6315 |   3.00e-04 |     
    4 |     0.2124 |     0.7413 |    0.6243 |     0.1852 |     0.7780 |    0.6672 |   2.99e-04 |     
    5 |     0.2062 |     0.7480 |    0.6318 |     0.1901 |     0.7618 |    0.6483 |   2.98e-04 |     
    6 |     0.2002 |     0.7563 |    0.6416 |     0.1824 |     0.7892 |    0.6820 |   2.97e-04 |     
    7 |     0.1965 |     0.7605 |    0.6471 |     0.1870 |     0.7776 |    0.6673 |   2.96e-04 |     
    8 |     0.1919 |     0.7663 |    0.6535 |     0.1781 |     0.7828 |    0.6722 |   2.94e-04 |     
    9 |     0.1907 |     0.7670 |    0.6549 |     0.1861 |     0.7859 |    0.6771 |   2.92e-04 |     
   10 |     0.1887 |     0.7700 |    0.6581 |     0.1904 |     0.7618 |    0.6500 |   2.91e-04 |     
   11 |     0.1847 |     0.7742 |    0.6630 |     0.1856 |     0.7791 |    0.6667 |   2.88e-04 |     
   12 |     0.1858 |     0.7730 |    0.6619 |     0.1814 |     0.7792 |    0.6699 |   2.86e-04 |     
   13 |     0.1827 |     0.7778 |    0.6673 |     0.1897 |     0.7836 |    0.6741 |   2.83e-04 |     
   14 |     0.1817 |     0.7785 |    0.6690 |     0.1761 |     0.7925 |    0.6846 |   2.80e-04 |     
   15 |     0.1790 |     0.7817 |    0.6727 |     0.1662 |     0.7947 |    0.6887 |   2.77e-04 |     
   16 |     0.1777 |     0.7832 |    0.6748 |     0.1662 |     0.7984 |    0.6933 |   2.74e-04 |     
   17 |     0.1747 |     0.7868 |    0.6787 |     0.1849 |     0.7656 |    0.6528 |   2.71e-04 |     
   18 |     0.1751 |     0.7880 |    0.6794 |     0.1706 |     0.7853 |    0.6776 |   2.67e-04 |     
   19 |     0.1727 |     0.7889 |    0.6813 |     0.1837 |     0.7750 |    0.6655 |   2.63e-04 |     
   20 |     0.1748 |     0.7871 |    0.6790 |     0.1670 |     0.7913 |    0.6862 |   2.59e-04 |     
   21 |     0.1711 |     0.7912 |    0.6837 |     0.1725 |     0.8030 |    0.6988 |   2.55e-04 |     
   22 |     0.1732 |     0.7894 |    0.6818 |     0.1654 |     0.7979 |    0.6947 |   2.51e-04 |     
   23 |     0.1690 |     0.7939 |    0.6878 |     0.1653 |     0.8044 |    0.7012 |   2.46e-04 |    *
   24 |     0.1692 |     0.7944 |    0.6884 |     0.1686 |     0.7933 |    0.6847 |   2.42e-04 |     
--- R2 plus final-map regional overlap: global validation statistics ---
up4: ca=0.8304+/-0.1482, sa=1.0029+/-0.0054, amp=0.0000, suppress=0.0000, guide_abs=0.3364
up4 residuals: local_mean=1.307e-02, global_mean=0.0162, local_strength=0.0824, global_strength=0.1047, gain=[0.9800,1.0232], saturation=0.0000, text_film=0.0048
up4 haar: reconstruction_error=9.537e-07, skip_low/high=0.8074/0.1926, plam_low/high=1.0000/0.0000
up4 strengths: plam=0.9608, region=0.0824, detail=0.1047; residual_std region/detail/refine=0.0160/0.5519/0.4925
up4 guide_mix: entropy=0.9775, raw_low=0.3464, plam_low=0.2312, decoder_low=0.2509, detail=0.1715; agreement plam/decoder=0.6910/0.7100, support=0.4457+/-0.0001
up4 adaptive_frequency: ALPF strength=0.2446, weights=0.1604/0.6939/0.1457, sum=1.0000, entropy=0.7504, delta_std=0.1081; AHPF strength=0.0743, weights=0.3901/0.4458/0.1642, sum=1.0000, entropy=0.9281, residual_std=0.1311, scaled_std=0.0097
up3: ca=0.9827+/-0.1896, sa=1.0050+/-0.0074, amp=0.0000, suppress=0.0000, guide_abs=0.2485
up3 residuals: local_mean=1.278e-02, global_mean=0.0296, local_strength=0.1101, global_strength=0.1193, gain=[0.9746,1.0501], saturation=0.0283, text_film=0.0215
up3 haar: reconstruction_error=9.537e-07, skip_low/high=0.7702/0.2298, plam_low/high=1.0000/0.0000
up3 strengths: plam=0.9339, region=0.1101, detail=0.1193; residual_std region/detail/refine=0.4118/0.6263/0.5223
up3 guide_mix: entropy=0.9799, raw_low=0.3195, plam_low=0.2215, decoder_low=0.2889, detail=0.1702; agreement plam/decoder=0.7204/0.0426, support=0.7435+/-0.1137
up3 adaptive_frequency: ALPF strength=0.2744, weights=0.1415/0.3632/0.4953, sum=1.0000, entropy=0.7242, delta_std=0.0859; AHPF strength=0.1068, weights=0.5412/0.1817/0.2771, sum=1.0000, entropy=0.7497, residual_std=0.1304, scaled_std=0.0139
up2: ca=0.8647+/-0.1708, sa=1.0020+/-0.0042, amp=0.0000, suppress=0.0000, guide_abs=0.2960
up2 residuals: local_mean=-1.347e-02, global_mean=0.0327, local_strength=0.1168, global_strength=0.1109, gain=[0.9519,1.0551], saturation=0.0000, text_film=0.0369
up2 haar: reconstruction_error=9.537e-07, skip_low/high=0.8076/0.1924, plam_low/high=1.0000/0.0000
up2 strengths: plam=0.8910, region=0.1168, detail=0.1109; residual_std region/detail/refine=0.2815/0.3508/0.2246
up2 guide_mix: entropy=0.9606, raw_low=0.3116, plam_low=0.2105, decoder_low=0.3396, detail=0.1382; agreement plam/decoder=0.3349/-0.4161, support=0.6305+/-0.0676
up1: ca=0.8625+/-0.1518, sa=1.0022+/-0.0134, amp=0.0000, suppress=0.0000, guide_abs=0.2057
up1 residuals: local_mean=-6.196e-03, global_mean=0.0290, local_strength=0.1234, global_strength=0.1042, gain=[0.9001,1.0990], saturation=0.0020, text_film=0.0292
up1 haar: reconstruction_error=1.431e-06, skip_low/high=0.7452/0.2548, plam_low/high=1.0000/0.0000
up1 strengths: plam=0.9258, region=0.1234, detail=0.1042; residual_std region/detail/refine=0.3523/0.3577/0.1303
up1 guide_mix: entropy=0.9401, raw_low=0.2926, plam_low=0.2259, decoder_low=0.3740, detail=0.1075; agreement plam/decoder=0.4986/0.0228, support=0.5948+/-0.0838

========= Epoch [25/80] =========
RS1_Test_session_09.12_17h44
Training with batch size : 16
   [Train] Epoch: [25][20/357]  Loss:0.229 (Avg 0.1656) IoU:0.606 (Avg 0.6892) Dice:0.7157 (Avg 0.7954) LR 2.37e-04   (AvgTime 0.6)   
   [Train] Epoch: [25][40/357]  Loss:0.135 (Avg 0.1672) IoU:0.742 (Avg 0.6881) Dice:0.8439 (Avg 0.7946) LR 2.37e-04   (AvgTime 0.6)   
   [Train] Epoch: [25][60/357]  Loss:0.161 (Avg 0.1651) IoU:0.695 (Avg 0.6897) Dice:0.7869 (Avg 0.7968) LR 2.37e-04   (AvgTime 0.6)   
   [Train] Epoch: [25][80/357]  Loss:0.165 (Avg 0.1648) IoU:0.686 (Avg 0.6927) Dice:0.7891 (Avg 0.7993) LR 2.37e-04   (AvgTime 0.6)   
   [Train] Epoch: [25][100/357]  Loss:0.121 (Avg 0.1650) IoU:0.795 (Avg 0.6927) Dice:0.8767 (Avg 0.7992) LR 2.37e-04   (AvgTime 0.6)   
   [Train] Epoch: [25][120/357]  Loss:0.220 (Avg 0.1660) IoU:0.646 (Avg 0.6933) Dice:0.7517 (Avg 0.7995) LR 2.37e-04   (AvgTime 0.6)   
   [Train] Epoch: [25][140/357]  Loss:0.246 (Avg 0.1660) IoU:0.546 (Avg 0.6925) Dice:0.6694 (Avg 0.7992) LR 2.37e-04   (AvgTime 0.6)   
   [Train] Epoch: [25][160/357]  Loss:0.206 (Avg 0.1659) IoU:0.623 (Avg 0.6925) Dice:0.7412 (Avg 0.7987) LR 2.37e-04   (AvgTime 0.6)   
   [Train] Epoch: [25][180/357]  Loss:0.159 (Avg 0.1656) IoU:0.715 (Avg 0.6935) Dice:0.8201 (Avg 0.7995) LR 2.37e-04   (AvgTime 0.6)   
   [Train] Epoch: [25][200/357]  Loss:0.172 (Avg 0.1649) IoU:0.709 (Avg 0.6944) Dice:0.7991 (Avg 0.8001) LR 2.37e-04   (AvgTime 0.6)   
   [Train] Epoch: [25][220/357]  Loss:0.140 (Avg 0.1642) IoU:0.778 (Avg 0.6958) Dice:0.8678 (Avg 0.8013) LR 2.37e-04   (AvgTime 0.6)   
   [Train] Epoch: [25][240/357]  Loss:0.157 (Avg 0.1641) IoU:0.751 (Avg 0.6962) Dice:0.8503 (Avg 0.8014) LR 2.37e-04   (AvgTime 0.6)   
   [Train] Epoch: [25][260/357]  Loss:0.113 (Avg 0.1645) IoU:0.785 (Avg 0.6956) Dice:0.8754 (Avg 0.8010) LR 2.37e-04   (AvgTime 0.6)   
   [Train] Epoch: [25][280/357]  Loss:0.162 (Avg 0.1655) IoU:0.706 (Avg 0.6931) Dice:0.8145 (Avg 0.7990) LR 2.37e-04   (AvgTime 0.6)   
   [Train] Epoch: [25][300/357]  Loss:0.181 (Avg 0.1649) IoU:0.656 (Avg 0.6941) Dice:0.7786 (Avg 0.7998) LR 2.37e-04   (AvgTime 0.6)   
   [Train] Epoch: [25][320/357]  Loss:0.154 (Avg 0.1647) IoU:0.717 (Avg 0.6945) Dice:0.8114 (Avg 0.8000) LR 2.37e-04   (AvgTime 0.6)   
   [Train] Epoch: [25][340/357]  Loss:0.183 (Avg 0.1647) IoU:0.640 (Avg 0.6942) Dice:0.7693 (Avg 0.7999) LR 2.37e-04   (AvgTime 0.6)   
   [Train] Epoch: [25][357/357]  Loss:0.174 (Avg 0.1648) IoU:0.639 (Avg 0.6940) Dice:0.7704 (Avg 0.7995) LR 2.37e-04   (AvgTime 0.6)   
   [Train] Loss components: main_dice=0.169663, main_focal=0.056660, main=0.113161, region_raw=0.402570, region_weighted=0.051655, empty_window_fraction=0.000000, total=0.164816
Validation
   [Val] Epoch: [25][20/90]  Loss:0.200 (Avg 0.1775) IoU:0.660 (Avg 0.7066) Dice:0.7810 (Avg 0.8116) (AvgTime 0.3)   
   [Val] Epoch: [25][40/90]  Loss:0.156 (Avg 0.1817) IoU:0.715 (Avg 0.6933) Dice:0.8223 (Avg 0.7992) (AvgTime 0.3)   
   [Val] Epoch: [25][60/90]  Loss:0.227 (Avg 0.1720) IoU:0.631 (Avg 0.7029) Dice:0.7464 (Avg 0.8055) (AvgTime 0.2)   
   [Val] Epoch: [25][80/90]  Loss:0.157 (Avg 0.1714) IoU:0.704 (Avg 0.6999) Dice:0.8096 (Avg 0.8034) (AvgTime 0.2)   
   [Val] Epoch: [25][90/90]  Loss:0.224 (Avg 0.1722) IoU:0.564 (Avg 0.6982) Dice:0.6982 (Avg 0.8021) (AvgTime 0.2)   
   [Val] Loss components: main_dice=0.166043, main_focal=0.078528, main=0.122286, region_raw=0.389116, region_weighted=0.049928, empty_window_fraction=0.000000, total=0.172214
	 No iou improvement; selected epoch 23
	 early_stopping_count: 2/80
--- Epoch History (1..25) ---
Epoch |  TrainLoss |  TrainDice |  TrainIoU |    ValLoss |    ValDice |    ValIoU |         LR | Best
    1 |     0.3300 |     0.6064 |    0.4771 |     0.2665 |     0.6917 |    0.5661 |   3.00e-04 |     
    2 |     0.2491 |     0.6986 |    0.5752 |     0.2503 |     0.7064 |    0.5831 |   3.00e-04 |     
    3 |     0.2238 |     0.7274 |    0.6082 |     0.2261 |     0.7490 |    0.6315 |   3.00e-04 |     
    4 |     0.2124 |     0.7413 |    0.6243 |     0.1852 |     0.7780 |    0.6672 |   2.99e-04 |     
    5 |     0.2062 |     0.7480 |    0.6318 |     0.1901 |     0.7618 |    0.6483 |   2.98e-04 |     
    6 |     0.2002 |     0.7563 |    0.6416 |     0.1824 |     0.7892 |    0.6820 |   2.97e-04 |     
    7 |     0.1965 |     0.7605 |    0.6471 |     0.1870 |     0.7776 |    0.6673 |   2.96e-04 |     
    8 |     0.1919 |     0.7663 |    0.6535 |     0.1781 |     0.7828 |    0.6722 |   2.94e-04 |     
    9 |     0.1907 |     0.7670 |    0.6549 |     0.1861 |     0.7859 |    0.6771 |   2.92e-04 |     
   10 |     0.1887 |     0.7700 |    0.6581 |     0.1904 |     0.7618 |    0.6500 |   2.91e-04 |     
   11 |     0.1847 |     0.7742 |    0.6630 |     0.1856 |     0.7791 |    0.6667 |   2.88e-04 |     
   12 |     0.1858 |     0.7730 |    0.6619 |     0.1814 |     0.7792 |    0.6699 |   2.86e-04 |     
   13 |     0.1827 |     0.7778 |    0.6673 |     0.1897 |     0.7836 |    0.6741 |   2.83e-04 |     
   14 |     0.1817 |     0.7785 |    0.6690 |     0.1761 |     0.7925 |    0.6846 |   2.80e-04 |     
   15 |     0.1790 |     0.7817 |    0.6727 |     0.1662 |     0.7947 |    0.6887 |   2.77e-04 |     
   16 |     0.1777 |     0.7832 |    0.6748 |     0.1662 |     0.7984 |    0.6933 |   2.74e-04 |     
   17 |     0.1747 |     0.7868 |    0.6787 |     0.1849 |     0.7656 |    0.6528 |   2.71e-04 |     
   18 |     0.1751 |     0.7880 |    0.6794 |     0.1706 |     0.7853 |    0.6776 |   2.67e-04 |     
   19 |     0.1727 |     0.7889 |    0.6813 |     0.1837 |     0.7750 |    0.6655 |   2.63e-04 |     
   20 |     0.1748 |     0.7871 |    0.6790 |     0.1670 |     0.7913 |    0.6862 |   2.59e-04 |     
   21 |     0.1711 |     0.7912 |    0.6837 |     0.1725 |     0.8030 |    0.6988 |   2.55e-04 |     
   22 |     0.1732 |     0.7894 |    0.6818 |     0.1654 |     0.7979 |    0.6947 |   2.51e-04 |     
   23 |     0.1690 |     0.7939 |    0.6878 |     0.1653 |     0.8044 |    0.7012 |   2.46e-04 |    *
   24 |     0.1692 |     0.7944 |    0.6884 |     0.1686 |     0.7933 |    0.6847 |   2.42e-04 |     
   25 |     0.1648 |     0.7995 |    0.6940 |     0.1722 |     0.8021 |    0.6982 |   2.37e-04 |     
--- R2 plus final-map regional overlap: global validation statistics ---
up4: ca=0.8184+/-0.1479, sa=1.0023+/-0.0059, amp=0.0000, suppress=0.0000, guide_abs=0.3209
up4 residuals: local_mean=1.257e-02, global_mean=0.0107, local_strength=0.0815, global_strength=0.1051, gain=[0.9839,1.0233], saturation=0.0000, text_film=0.0047
up4 haar: reconstruction_error=9.537e-07, skip_low/high=0.8041/0.1959, plam_low/high=1.0000/0.0000
up4 strengths: plam=0.9598, region=0.0815, detail=0.1051; residual_std region/detail/refine=0.0173/0.5583/0.5002
up4 guide_mix: entropy=0.9782, raw_low=0.3474, plam_low=0.2392, decoder_low=0.2391, detail=0.1743; agreement plam/decoder=0.9124/0.9176, support=0.4399+/-0.0006
up4 adaptive_frequency: ALPF strength=0.2457, weights=0.1794/0.6810/0.1396, sum=1.0000, entropy=0.7680, delta_std=0.0931; AHPF strength=0.0739, weights=0.4002/0.4370/0.1627, sum=1.0000, entropy=0.9285, residual_std=0.1308, scaled_std=0.0097
up3: ca=0.9765+/-0.1908, sa=1.0047+/-0.0066, amp=0.0000, suppress=0.0000, guide_abs=0.2567
up3 residuals: local_mean=1.216e-02, global_mean=0.0279, local_strength=0.1103, global_strength=0.1196, gain=[0.9670,1.0523], saturation=0.0936, text_film=0.0221
up3 haar: reconstruction_error=9.537e-07, skip_low/high=0.7784/0.2216, plam_low/high=1.0000/0.0000
up3 strengths: plam=0.9316, region=0.1103, detail=0.1196; residual_std region/detail/refine=0.4198/0.6032/0.4854
up3 guide_mix: entropy=0.9800, raw_low=0.3273, plam_low=0.2257, decoder_low=0.2767, detail=0.1704; agreement plam/decoder=0.7796/0.2057, support=0.7886+/-0.1096
up3 adaptive_frequency: ALPF strength=0.2763, weights=0.1206/0.3379/0.5415, sum=1.0000, entropy=0.7422, delta_std=0.0805; AHPF strength=0.1077, weights=0.6592/0.1755/0.1653, sum=1.0000, entropy=0.6957, residual_std=0.0983, scaled_std=0.0106
up2: ca=0.8558+/-0.2292, sa=1.0018+/-0.0039, amp=0.0000, suppress=0.0000, guide_abs=0.2890
up2 residuals: local_mean=-1.369e-02, global_mean=0.0307, local_strength=0.1169, global_strength=0.1111, gain=[0.9503,1.0561], saturation=0.0000, text_film=0.0389
up2 haar: reconstruction_error=9.537e-07, skip_low/high=0.8256/0.1744, plam_low/high=1.0000/0.0000
up2 strengths: plam=0.8868, region=0.1169, detail=0.1111; residual_std region/detail/refine=0.3276/0.3292/0.2166
up2 guide_mix: entropy=0.9594, raw_low=0.3124, plam_low=0.2247, decoder_low=0.3333, detail=0.1296; agreement plam/decoder=0.2413/-0.2617, support=0.6188+/-0.0720
up1: ca=0.8535+/-0.1548, sa=1.0024+/-0.0133, amp=0.0000, suppress=0.0000, guide_abs=0.2139
up1 residuals: local_mean=-6.480e-03, global_mean=0.0307, local_strength=0.1239, global_strength=0.1040, gain=[0.9003,1.0987], saturation=0.0017, text_film=0.0302
up1 haar: reconstruction_error=1.431e-06, skip_low/high=0.7553/0.2447, plam_low/high=1.0000/0.0000
up1 strengths: plam=0.9250, region=0.1239, detail=0.1040; residual_std region/detail/refine=0.3681/0.3652/0.1333
up1 guide_mix: entropy=0.9445, raw_low=0.3344, plam_low=0.2073, decoder_low=0.3423, detail=0.1160; agreement plam/decoder=0.2679/-0.1771, support=0.6017+/-0.0857

========= Epoch [26/80] =========
RS1_Test_session_09.12_17h44
Training with batch size : 16
   [Train] Epoch: [26][20/357]  Loss:0.193 (Avg 0.1658) IoU:0.614 (Avg 0.6911) Dice:0.7500 (Avg 0.7951) LR 2.32e-04   (AvgTime 0.6)   
   [Train] Epoch: [26][40/357]  Loss:0.189 (Avg 0.1685) IoU:0.627 (Avg 0.6882) Dice:0.7550 (Avg 0.7935) LR 2.32e-04   (AvgTime 0.6)   
   [Train] Epoch: [26][60/357]  Loss:0.187 (Avg 0.1684) IoU:0.637 (Avg 0.6854) Dice:0.7575 (Avg 0.7921) LR 2.32e-04   (AvgTime 0.6)   
   [Train] Epoch: [26][80/357]  Loss:0.195 (Avg 0.1675) IoU:0.670 (Avg 0.6890) Dice:0.7818 (Avg 0.7952) LR 2.32e-04   (AvgTime 0.6)   
   [Train] Epoch: [26][100/357]  Loss:0.149 (Avg 0.1672) IoU:0.705 (Avg 0.6896) Dice:0.8124 (Avg 0.7957) LR 2.32e-04   (AvgTime 0.6)   
   [Train] Epoch: [26][120/357]  Loss:0.123 (Avg 0.1661) IoU:0.766 (Avg 0.6916) Dice:0.8610 (Avg 0.7975) LR 2.32e-04   (AvgTime 0.6)   
   [Train] Epoch: [26][140/357]  Loss:0.161 (Avg 0.1645) IoU:0.689 (Avg 0.6938) Dice:0.7998 (Avg 0.7992) LR 2.32e-04   (AvgTime 0.6)   
   [Train] Epoch: [26][160/357]  Loss:0.219 (Avg 0.1647) IoU:0.662 (Avg 0.6938) Dice:0.7673 (Avg 0.7993) LR 2.32e-04   (AvgTime 0.6)   
   [Train] Epoch: [26][180/357]  Loss:0.183 (Avg 0.1639) IoU:0.646 (Avg 0.6950) Dice:0.7554 (Avg 0.8002) LR 2.32e-04   (AvgTime 0.6)   
   [Train] Epoch: [26][200/357]  Loss:0.201 (Avg 0.1645) IoU:0.608 (Avg 0.6939) Dice:0.7222 (Avg 0.7992) LR 2.32e-04   (AvgTime 0.6)   
   [Train] Epoch: [26][220/357]  Loss:0.212 (Avg 0.1653) IoU:0.593 (Avg 0.6927) Dice:0.7149 (Avg 0.7983) LR 2.32e-04   (AvgTime 0.6)   
   [Train] Epoch: [26][240/357]  Loss:0.197 (Avg 0.1659) IoU:0.625 (Avg 0.6920) Dice:0.7455 (Avg 0.7977) LR 2.32e-04   (AvgTime 0.6)   
   [Train] Epoch: [26][260/357]  Loss:0.136 (Avg 0.1669) IoU:0.744 (Avg 0.6907) Dice:0.8431 (Avg 0.7968) LR 2.32e-04   (AvgTime 0.6)   
   [Train] Epoch: [26][280/357]  Loss:0.122 (Avg 0.1671) IoU:0.812 (Avg 0.6903) Dice:0.8900 (Avg 0.7965) LR 2.32e-04   (AvgTime 0.6)   
   [Train] Epoch: [26][300/357]  Loss:0.146 (Avg 0.1669) IoU:0.728 (Avg 0.6909) Dice:0.8211 (Avg 0.7970) LR 2.32e-04   (AvgTime 0.6)   
   [Train] Epoch: [26][320/357]  Loss:0.151 (Avg 0.1672) IoU:0.692 (Avg 0.6903) Dice:0.8091 (Avg 0.7964) LR 2.32e-04   (AvgTime 0.6)   
   [Train] Epoch: [26][340/357]  Loss:0.182 (Avg 0.1670) IoU:0.688 (Avg 0.6905) Dice:0.7939 (Avg 0.7966) LR 2.32e-04   (AvgTime 0.6)   
   [Train] Epoch: [26][357/357]  Loss:0.143 (Avg 0.1673) IoU:0.746 (Avg 0.6902) Dice:0.8316 (Avg 0.7963) LR 2.32e-04   (AvgTime 0.6)   
   [Train] Loss components: main_dice=0.172758, main_focal=0.057270, main=0.115014, region_raw=0.407157, region_weighted=0.052243, empty_window_fraction=0.000000, total=0.167257
Validation
   [Val] Epoch: [26][20/90]  Loss:0.205 (Avg 0.1707) IoU:0.656 (Avg 0.7038) Dice:0.7756 (Avg 0.8090) (AvgTime 0.3)   
   [Val] Epoch: [26][40/90]  Loss:0.167 (Avg 0.1766) IoU:0.675 (Avg 0.6870) Dice:0.7922 (Avg 0.7940) (AvgTime 0.2)   
   [Val] Epoch: [26][60/90]  Loss:0.223 (Avg 0.1659) IoU:0.621 (Avg 0.6992) Dice:0.7345 (Avg 0.8032) (AvgTime 0.2)   
   [Val] Epoch: [26][80/90]  Loss:0.136 (Avg 0.1663) IoU:0.737 (Avg 0.6963) Dice:0.8383 (Avg 0.8009) (AvgTime 0.2)   
   [Val] Epoch: [26][90/90]  Loss:0.187 (Avg 0.1664) IoU:0.636 (Avg 0.6962) Dice:0.7625 (Avg 0.8008) (AvgTime 0.2)   
   [Val] Loss components: main_dice=0.166548, main_focal=0.067182, main=0.116865, region_raw=0.386106, region_weighted=0.049542, empty_window_fraction=0.000000, total=0.166407
	 No iou improvement; selected epoch 23
	 early_stopping_count: 3/80
--- Epoch History (1..26) ---
Epoch |  TrainLoss |  TrainDice |  TrainIoU |    ValLoss |    ValDice |    ValIoU |         LR | Best
    1 |     0.3300 |     0.6064 |    0.4771 |     0.2665 |     0.6917 |    0.5661 |   3.00e-04 |     
    2 |     0.2491 |     0.6986 |    0.5752 |     0.2503 |     0.7064 |    0.5831 |   3.00e-04 |     
    3 |     0.2238 |     0.7274 |    0.6082 |     0.2261 |     0.7490 |    0.6315 |   3.00e-04 |     
    4 |     0.2124 |     0.7413 |    0.6243 |     0.1852 |     0.7780 |    0.6672 |   2.99e-04 |     
    5 |     0.2062 |     0.7480 |    0.6318 |     0.1901 |     0.7618 |    0.6483 |   2.98e-04 |     
    6 |     0.2002 |     0.7563 |    0.6416 |     0.1824 |     0.7892 |    0.6820 |   2.97e-04 |     
    7 |     0.1965 |     0.7605 |    0.6471 |     0.1870 |     0.7776 |    0.6673 |   2.96e-04 |     
    8 |     0.1919 |     0.7663 |    0.6535 |     0.1781 |     0.7828 |    0.6722 |   2.94e-04 |     
    9 |     0.1907 |     0.7670 |    0.6549 |     0.1861 |     0.7859 |    0.6771 |   2.92e-04 |     
   10 |     0.1887 |     0.7700 |    0.6581 |     0.1904 |     0.7618 |    0.6500 |   2.91e-04 |     
   11 |     0.1847 |     0.7742 |    0.6630 |     0.1856 |     0.7791 |    0.6667 |   2.88e-04 |     
   12 |     0.1858 |     0.7730 |    0.6619 |     0.1814 |     0.7792 |    0.6699 |   2.86e-04 |     
   13 |     0.1827 |     0.7778 |    0.6673 |     0.1897 |     0.7836 |    0.6741 |   2.83e-04 |     
   14 |     0.1817 |     0.7785 |    0.6690 |     0.1761 |     0.7925 |    0.6846 |   2.80e-04 |     
   15 |     0.1790 |     0.7817 |    0.6727 |     0.1662 |     0.7947 |    0.6887 |   2.77e-04 |     
   16 |     0.1777 |     0.7832 |    0.6748 |     0.1662 |     0.7984 |    0.6933 |   2.74e-04 |     
   17 |     0.1747 |     0.7868 |    0.6787 |     0.1849 |     0.7656 |    0.6528 |   2.71e-04 |     
   18 |     0.1751 |     0.7880 |    0.6794 |     0.1706 |     0.7853 |    0.6776 |   2.67e-04 |     
   19 |     0.1727 |     0.7889 |    0.6813 |     0.1837 |     0.7750 |    0.6655 |   2.63e-04 |     
   20 |     0.1748 |     0.7871 |    0.6790 |     0.1670 |     0.7913 |    0.6862 |   2.59e-04 |     
   21 |     0.1711 |     0.7912 |    0.6837 |     0.1725 |     0.8030 |    0.6988 |   2.55e-04 |     
   22 |     0.1732 |     0.7894 |    0.6818 |     0.1654 |     0.7979 |    0.6947 |   2.51e-04 |     
   23 |     0.1690 |     0.7939 |    0.6878 |     0.1653 |     0.8044 |    0.7012 |   2.46e-04 |    *
   24 |     0.1692 |     0.7944 |    0.6884 |     0.1686 |     0.7933 |    0.6847 |   2.42e-04 |     
   25 |     0.1648 |     0.7995 |    0.6940 |     0.1722 |     0.8021 |    0.6982 |   2.37e-04 |     
   26 |     0.1673 |     0.7963 |    0.6902 |     0.1664 |     0.8008 |    0.6962 |   2.32e-04 |     
--- R2 plus final-map regional overlap: global validation statistics ---
up4: ca=0.8326+/-0.1472, sa=1.0027+/-0.0051, amp=0.0000, suppress=0.0000, guide_abs=0.3183
up4 residuals: local_mean=1.399e-02, global_mean=0.0141, local_strength=0.0811, global_strength=0.1053, gain=[0.9844,1.0252], saturation=0.0000, text_film=0.0048
up4 haar: reconstruction_error=9.537e-07, skip_low/high=0.8004/0.1996, plam_low/high=1.0000/0.0000
up4 strengths: plam=0.9592, region=0.0811, detail=0.1053; residual_std region/detail/refine=0.0169/0.5641/0.5110
up4 guide_mix: entropy=0.9795, raw_low=0.3397, plam_low=0.2424, decoder_low=0.2464, detail=0.1715; agreement plam/decoder=0.5403/0.8600, support=0.4460+/-0.0000
up4 adaptive_frequency: ALPF strength=0.2468, weights=0.1499/0.7013/0.1488, sum=1.0000, entropy=0.7400, delta_std=0.1013; AHPF strength=0.0737, weights=0.3953/0.4424/0.1623, sum=1.0000, entropy=0.9255, residual_std=0.1254, scaled_std=0.0092
up3: ca=0.9630+/-0.2000, sa=1.0048+/-0.0072, amp=0.0000, suppress=0.0000, guide_abs=0.2375
up3 residuals: local_mean=1.049e-02, global_mean=0.0306, local_strength=0.1103, global_strength=0.1200, gain=[0.9635,1.0463], saturation=0.0349, text_film=0.0212
up3 haar: reconstruction_error=9.537e-07, skip_low/high=0.7826/0.2174, plam_low/high=1.0000/0.0000
up3 strengths: plam=0.9296, region=0.1103, detail=0.1200; residual_std region/detail/refine=0.4193/0.6374/0.5198
up3 guide_mix: entropy=0.9773, raw_low=0.3342, plam_low=0.2161, decoder_low=0.2798, detail=0.1698; agreement plam/decoder=0.8450/0.0835, support=0.7883+/-0.0908
up3 adaptive_frequency: ALPF strength=0.2786, weights=0.1145/0.3348/0.5507, sum=1.0000, entropy=0.7143, delta_std=0.0861; AHPF strength=0.1091, weights=0.5949/0.1312/0.2739, sum=1.0000, entropy=0.6842, residual_std=0.1284, scaled_std=0.0140
up2: ca=0.8473+/-0.1626, sa=1.0018+/-0.0038, amp=0.0000, suppress=0.0000, guide_abs=0.2975
up2 residuals: local_mean=-1.248e-02, global_mean=0.0294, local_strength=0.1171, global_strength=0.1113, gain=[0.9614,1.0476], saturation=0.0000, text_film=0.0322
up2 haar: reconstruction_error=1.036e-06, skip_low/high=0.8143/0.1857, plam_low/high=1.0000/0.0000
up2 strengths: plam=0.8828, region=0.1171, detail=0.1113; residual_std region/detail/refine=0.2803/0.3578/0.2313
up2 guide_mix: entropy=0.9639, raw_low=0.3167, plam_low=0.2148, decoder_low=0.3277, detail=0.1409; agreement plam/decoder=0.3708/-0.2863, support=0.6029+/-0.0622
up1: ca=0.8399+/-0.1500, sa=1.0028+/-0.0134, amp=0.0000, suppress=0.0000, guide_abs=0.2202
up1 residuals: local_mean=-4.993e-03, global_mean=0.0332, local_strength=0.1242, global_strength=0.1037, gain=[0.9008,1.0985], saturation=0.0015, text_film=0.0285
up1 haar: reconstruction_error=1.907e-06, skip_low/high=0.7188/0.2812, plam_low/high=1.0000/0.0000
up1 strengths: plam=0.9237, region=0.1242, detail=0.1037; residual_std region/detail/refine=0.3448/0.3596/0.1367
up1 guide_mix: entropy=0.9323, raw_low=0.2478, plam_low=0.2510, decoder_low=0.3990, detail=0.1023; agreement plam/decoder=0.3956/-0.0989, support=0.6060+/-0.0836

========= Epoch [27/80] =========
RS1_Test_session_09.12_17h44
Training with batch size : 16
   [Train] Epoch: [27][20/357]  Loss:0.189 (Avg 0.1588) IoU:0.639 (Avg 0.7078) Dice:0.7443 (Avg 0.8099) LR 2.27e-04   (AvgTime 0.6)   
   [Train] Epoch: [27][40/357]  Loss:0.238 (Avg 0.1594) IoU:0.562 (Avg 0.7024) Dice:0.6847 (Avg 0.8062) LR 2.27e-04   (AvgTime 0.6)   
   [Train] Epoch: [27][60/357]  Loss:0.115 (Avg 0.1589) IoU:0.787 (Avg 0.7060) Dice:0.8708 (Avg 0.8082) LR 2.27e-04   (AvgTime 0.5)   
   [Train] Epoch: [27][80/357]  Loss:0.209 (Avg 0.1610) IoU:0.650 (Avg 0.7015) Dice:0.7514 (Avg 0.8046) LR 2.27e-04   (AvgTime 0.6)   
   [Train] Epoch: [27][100/357]  Loss:0.129 (Avg 0.1624) IoU:0.739 (Avg 0.6990) Dice:0.8397 (Avg 0.8028) LR 2.27e-04   (AvgTime 0.5)   
   [Train] Epoch: [27][120/357]  Loss:0.172 (Avg 0.1612) IoU:0.679 (Avg 0.7003) Dice:0.7798 (Avg 0.8041) LR 2.27e-04   (AvgTime 0.5)   
   [Train] Epoch: [27][140/357]  Loss:0.164 (Avg 0.1612) IoU:0.671 (Avg 0.7000) Dice:0.7849 (Avg 0.8038) LR 2.27e-04   (AvgTime 0.6)   
   [Train] Epoch: [27][160/357]  Loss:0.129 (Avg 0.1635) IoU:0.746 (Avg 0.6964) Dice:0.8464 (Avg 0.8010) LR 2.27e-04   (AvgTime 0.6)   
   [Train] Epoch: [27][180/357]  Loss:0.181 (Avg 0.1624) IoU:0.655 (Avg 0.6984) Dice:0.7589 (Avg 0.8026) LR 2.27e-04   (AvgTime 0.6)   
   [Train] Epoch: [27][200/357]  Loss:0.148 (Avg 0.1615) IoU:0.712 (Avg 0.6994) Dice:0.8059 (Avg 0.8033) LR 2.27e-04   (AvgTime 0.5)   
   [Train] Epoch: [27][220/357]  Loss:0.180 (Avg 0.1621) IoU:0.648 (Avg 0.6982) Dice:0.7722 (Avg 0.8027) LR 2.27e-04   (AvgTime 0.6)   
   [Train] Epoch: [27][240/357]  Loss:0.182 (Avg 0.1630) IoU:0.684 (Avg 0.6973) Dice:0.7898 (Avg 0.8017) LR 2.27e-04   (AvgTime 0.6)   
   [Train] Epoch: [27][260/357]  Loss:0.159 (Avg 0.1635) IoU:0.704 (Avg 0.6962) Dice:0.8128 (Avg 0.8010) LR 2.27e-04   (AvgTime 0.6)   
   [Train] Epoch: [27][280/357]  Loss:0.141 (Avg 0.1633) IoU:0.730 (Avg 0.6967) Dice:0.8215 (Avg 0.8016) LR 2.27e-04   (AvgTime 0.6)   
   [Train] Epoch: [27][300/357]  Loss:0.126 (Avg 0.1630) IoU:0.787 (Avg 0.6972) Dice:0.8652 (Avg 0.8018) LR 2.27e-04   (AvgTime 0.6)   
   [Train] Epoch: [27][320/357]  Loss:0.137 (Avg 0.1631) IoU:0.740 (Avg 0.6970) Dice:0.8439 (Avg 0.8017) LR 2.27e-04   (AvgTime 0.6)   
   [Train] Epoch: [27][340/357]  Loss:0.133 (Avg 0.1625) IoU:0.749 (Avg 0.6979) Dice:0.8453 (Avg 0.8025) LR 2.27e-04   (AvgTime 0.6)   
   [Train] Epoch: [27][357/357]  Loss:0.146 (Avg 0.1629) IoU:0.713 (Avg 0.6970) Dice:0.8135 (Avg 0.8018) LR 2.27e-04   (AvgTime 0.6)   
   [Train] Loss components: main_dice=0.167699, main_focal=0.055664, main=0.111682, region_raw=0.399535, region_weighted=0.051265, empty_window_fraction=0.000000, total=0.162947
Validation
   [Val] Epoch: [27][20/90]  Loss:0.198 (Avg 0.1646) IoU:0.673 (Avg 0.7145) Dice:0.7874 (Avg 0.8187) (AvgTime 0.3)   
   [Val] Epoch: [27][40/90]  Loss:0.153 (Avg 0.1736) IoU:0.712 (Avg 0.6936) Dice:0.8196 (Avg 0.7994) (AvgTime 0.2)   
   [Val] Epoch: [27][60/90]  Loss:0.211 (Avg 0.1645) IoU:0.645 (Avg 0.7039) Dice:0.7533 (Avg 0.8067) (AvgTime 0.2)   
   [Val] Epoch: [27][80/90]  Loss:0.153 (Avg 0.1629) IoU:0.706 (Avg 0.7021) Dice:0.8103 (Avg 0.8057) (AvgTime 0.2)   
   [Val] Epoch: [27][90/90]  Loss:0.189 (Avg 0.1634) IoU:0.637 (Avg 0.7008) Dice:0.7660 (Avg 0.8048) (AvgTime 0.2)   
   [Val] Loss components: main_dice=0.166115, main_focal=0.060126, main=0.113120, region_raw=0.391519, region_weighted=0.050237, empty_window_fraction=0.000000, total=0.163357
	 No iou improvement; selected epoch 23
	 early_stopping_count: 4/80
--- Epoch History (1..27) ---
Epoch |  TrainLoss |  TrainDice |  TrainIoU |    ValLoss |    ValDice |    ValIoU |         LR | Best
    1 |     0.3300 |     0.6064 |    0.4771 |     0.2665 |     0.6917 |    0.5661 |   3.00e-04 |     
    2 |     0.2491 |     0.6986 |    0.5752 |     0.2503 |     0.7064 |    0.5831 |   3.00e-04 |     
    3 |     0.2238 |     0.7274 |    0.6082 |     0.2261 |     0.7490 |    0.6315 |   3.00e-04 |     
    4 |     0.2124 |     0.7413 |    0.6243 |     0.1852 |     0.7780 |    0.6672 |   2.99e-04 |     
    5 |     0.2062 |     0.7480 |    0.6318 |     0.1901 |     0.7618 |    0.6483 |   2.98e-04 |     
    6 |     0.2002 |     0.7563 |    0.6416 |     0.1824 |     0.7892 |    0.6820 |   2.97e-04 |     
    7 |     0.1965 |     0.7605 |    0.6471 |     0.1870 |     0.7776 |    0.6673 |   2.96e-04 |     
    8 |     0.1919 |     0.7663 |    0.6535 |     0.1781 |     0.7828 |    0.6722 |   2.94e-04 |     
    9 |     0.1907 |     0.7670 |    0.6549 |     0.1861 |     0.7859 |    0.6771 |   2.92e-04 |     
   10 |     0.1887 |     0.7700 |    0.6581 |     0.1904 |     0.7618 |    0.6500 |   2.91e-04 |     
   11 |     0.1847 |     0.7742 |    0.6630 |     0.1856 |     0.7791 |    0.6667 |   2.88e-04 |     
   12 |     0.1858 |     0.7730 |    0.6619 |     0.1814 |     0.7792 |    0.6699 |   2.86e-04 |     
   13 |     0.1827 |     0.7778 |    0.6673 |     0.1897 |     0.7836 |    0.6741 |   2.83e-04 |     
   14 |     0.1817 |     0.7785 |    0.6690 |     0.1761 |     0.7925 |    0.6846 |   2.80e-04 |     
   15 |     0.1790 |     0.7817 |    0.6727 |     0.1662 |     0.7947 |    0.6887 |   2.77e-04 |     
   16 |     0.1777 |     0.7832 |    0.6748 |     0.1662 |     0.7984 |    0.6933 |   2.74e-04 |     
   17 |     0.1747 |     0.7868 |    0.6787 |     0.1849 |     0.7656 |    0.6528 |   2.71e-04 |     
   18 |     0.1751 |     0.7880 |    0.6794 |     0.1706 |     0.7853 |    0.6776 |   2.67e-04 |     
   19 |     0.1727 |     0.7889 |    0.6813 |     0.1837 |     0.7750 |    0.6655 |   2.63e-04 |     
   20 |     0.1748 |     0.7871 |    0.6790 |     0.1670 |     0.7913 |    0.6862 |   2.59e-04 |     
   21 |     0.1711 |     0.7912 |    0.6837 |     0.1725 |     0.8030 |    0.6988 |   2.55e-04 |     
   22 |     0.1732 |     0.7894 |    0.6818 |     0.1654 |     0.7979 |    0.6947 |   2.51e-04 |     
   23 |     0.1690 |     0.7939 |    0.6878 |     0.1653 |     0.8044 |    0.7012 |   2.46e-04 |    *
   24 |     0.1692 |     0.7944 |    0.6884 |     0.1686 |     0.7933 |    0.6847 |   2.42e-04 |     
   25 |     0.1648 |     0.7995 |    0.6940 |     0.1722 |     0.8021 |    0.6982 |   2.37e-04 |     
   26 |     0.1673 |     0.7963 |    0.6902 |     0.1664 |     0.8008 |    0.6962 |   2.32e-04 |     
   27 |     0.1629 |     0.8018 |    0.6970 |     0.1634 |     0.8048 |    0.7008 |   2.27e-04 |     
--- R2 plus final-map regional overlap: global validation statistics ---
up4: ca=0.8317+/-0.1484, sa=1.0025+/-0.0062, amp=0.0000, suppress=0.0000, guide_abs=0.2587
up4 residuals: local_mean=1.411e-02, global_mean=0.0116, local_strength=0.0804, global_strength=0.1056, gain=[0.9834,1.0297], saturation=0.0000, text_film=0.0049
up4 haar: reconstruction_error=9.537e-07, skip_low/high=0.7996/0.2004, plam_low/high=1.0000/0.0000
up4 strengths: plam=0.9592, region=0.0804, detail=0.1056; residual_std region/detail/refine=0.0178/0.5661/0.5137
up4 guide_mix: entropy=0.9803, raw_low=0.3403, plam_low=0.2462, decoder_low=0.2378, detail=0.1758; agreement plam/decoder=0.8624/0.9277, support=0.4457+/-0.0000
up4 adaptive_frequency: ALPF strength=0.2479, weights=0.1568/0.6882/0.1550, sum=1.0000, entropy=0.7608, delta_std=0.0987; AHPF strength=0.0736, weights=0.4021/0.4358/0.1621, sum=1.0000, entropy=0.9275, residual_std=0.1234, scaled_std=0.0091
up3: ca=0.9831+/-0.1923, sa=1.0051+/-0.0061, amp=0.0000, suppress=0.0000, guide_abs=0.2448
up3 residuals: local_mean=1.264e-02, global_mean=0.0305, local_strength=0.1105, global_strength=0.1202, gain=[0.9790,1.0369], saturation=0.0222, text_film=0.0213
up3 haar: reconstruction_error=9.537e-07, skip_low/high=0.7684/0.2316, plam_low/high=1.0000/0.0000
up3 strengths: plam=0.9284, region=0.1105, detail=0.1202; residual_std region/detail/refine=0.4142/0.6414/0.5311
up3 guide_mix: entropy=0.9805, raw_low=0.3313, plam_low=0.2154, decoder_low=0.2748, detail=0.1785; agreement plam/decoder=0.7589/0.0445, support=0.7739+/-0.0946
up3 adaptive_frequency: ALPF strength=0.2806, weights=0.1138/0.3075/0.5787, sum=1.0000, entropy=0.7070, delta_std=0.0854; AHPF strength=0.1101, weights=0.7076/0.1088/0.1836, sum=1.0000, entropy=0.5782, residual_std=0.0995, scaled_std=0.0110
up2: ca=0.8445+/-0.1772, sa=1.0017+/-0.0039, amp=0.0000, suppress=0.0000, guide_abs=0.2888
up2 residuals: local_mean=-1.267e-02, global_mean=0.0287, local_strength=0.1172, global_strength=0.1114, gain=[0.9585,1.0467], saturation=0.0000, text_film=0.0294
up2 haar: reconstruction_error=1.192e-06, skip_low/high=0.8077/0.1923, plam_low/high=1.0000/0.0000
up2 strengths: plam=0.8787, region=0.1172, detail=0.1114; residual_std region/detail/refine=0.2858/0.3646/0.2388
up2 guide_mix: entropy=0.9611, raw_low=0.3198, plam_low=0.2068, decoder_low=0.3329, detail=0.1405; agreement plam/decoder=0.3333/-0.3044, support=0.6072+/-0.0673
up1: ca=0.8302+/-0.1459, sa=1.0029+/-0.0132, amp=0.0000, suppress=0.0000, guide_abs=0.2439
up1 residuals: local_mean=-6.135e-03, global_mean=0.0361, local_strength=0.1247, global_strength=0.1036, gain=[0.9010,1.0983], saturation=0.0042, text_film=0.0262
up1 haar: reconstruction_error=1.907e-06, skip_low/high=0.7323/0.2677, plam_low/high=1.0000/0.0000
up1 strengths: plam=0.9224, region=0.1247, detail=0.1036; residual_std region/detail/refine=0.3484/0.3573/0.1409
up1 guide_mix: entropy=0.9339, raw_low=0.2552, plam_low=0.2579, decoder_low=0.3876, detail=0.0993; agreement plam/decoder=0.2767/-0.0575, support=0.6133+/-0.0875

========= Epoch [28/80] =========
RS1_Test_session_09.12_17h44
Training with batch size : 16
   [Train] Epoch: [28][20/357]  Loss:0.196 (Avg 0.1556) IoU:0.690 (Avg 0.7151) Dice:0.8000 (Avg 0.8193) LR 2.22e-04   (AvgTime 0.6)   
   [Train] Epoch: [28][40/357]  Loss:0.163 (Avg 0.1630) IoU:0.673 (Avg 0.6971) Dice:0.7753 (Avg 0.8039) LR 2.22e-04   (AvgTime 0.6)   
   [Train] Epoch: [28][60/357]  Loss:0.184 (Avg 0.1646) IoU:0.690 (Avg 0.6962) Dice:0.7931 (Avg 0.8027) LR 2.22e-04   (AvgTime 0.6)   
   [Train] Epoch: [28][80/357]  Loss:0.133 (Avg 0.1654) IoU:0.748 (Avg 0.6945) Dice:0.8476 (Avg 0.8009) LR 2.22e-04   (AvgTime 0.6)   
   [Train] Epoch: [28][100/357]  Loss:0.147 (Avg 0.1670) IoU:0.711 (Avg 0.6910) Dice:0.8239 (Avg 0.7982) LR 2.22e-04   (AvgTime 0.6)   
   [Train] Epoch: [28][120/357]  Loss:0.161 (Avg 0.1671) IoU:0.730 (Avg 0.6905) Dice:0.8258 (Avg 0.7974) LR 2.22e-04   (AvgTime 0.6)   
   [Train] Epoch: [28][140/357]  Loss:0.173 (Avg 0.1669) IoU:0.728 (Avg 0.6913) Dice:0.8321 (Avg 0.7977) LR 2.22e-04   (AvgTime 0.6)   
   [Train] Epoch: [28][160/357]  Loss:0.144 (Avg 0.1658) IoU:0.716 (Avg 0.6926) Dice:0.8206 (Avg 0.7991) LR 2.22e-04   (AvgTime 0.6)   
   [Train] Epoch: [28][180/357]  Loss:0.150 (Avg 0.1650) IoU:0.708 (Avg 0.6940) Dice:0.8146 (Avg 0.8003) LR 2.22e-04   (AvgTime 0.6)   
   [Train] Epoch: [28][200/357]  Loss:0.192 (Avg 0.1664) IoU:0.672 (Avg 0.6917) Dice:0.7822 (Avg 0.7981) LR 2.22e-04   (AvgTime 0.6)   
   [Train] Epoch: [28][220/357]  Loss:0.127 (Avg 0.1660) IoU:0.779 (Avg 0.6917) Dice:0.8705 (Avg 0.7981) LR 2.22e-04   (AvgTime 0.6)   
   [Train] Epoch: [28][240/357]  Loss:0.138 (Avg 0.1654) IoU:0.728 (Avg 0.6926) Dice:0.8241 (Avg 0.7987) LR 2.22e-04   (AvgTime 0.6)   
   [Train] Epoch: [28][260/357]  Loss:0.164 (Avg 0.1641) IoU:0.711 (Avg 0.6947) Dice:0.8131 (Avg 0.8004) LR 2.22e-04   (AvgTime 0.6)   
   [Train] Epoch: [28][280/357]  Loss:0.149 (Avg 0.1639) IoU:0.732 (Avg 0.6950) Dice:0.8298 (Avg 0.8005) LR 2.22e-04   (AvgTime 0.6)   
   [Train] Epoch: [28][300/357]  Loss:0.206 (Avg 0.1633) IoU:0.627 (Avg 0.6961) Dice:0.7280 (Avg 0.8012) LR 2.22e-04   (AvgTime 0.6)   
   [Train] Epoch: [28][320/357]  Loss:0.172 (Avg 0.1635) IoU:0.693 (Avg 0.6957) Dice:0.8093 (Avg 0.8010) LR 2.22e-04   (AvgTime 0.6)   
   [Train] Epoch: [28][340/357]  Loss:0.193 (Avg 0.1628) IoU:0.640 (Avg 0.6968) Dice:0.7396 (Avg 0.8018) LR 2.22e-04   (AvgTime 0.6)   
   [Train] Epoch: [28][357/357]  Loss:0.442 (Avg 0.1638) IoU:0.668 (Avg 0.6962) Dice:0.7752 (Avg 0.8013) LR 2.22e-04   (AvgTime 0.6)   
   [Train] Loss components: main_dice=0.168114, main_focal=0.057049, main=0.112581, region_raw=0.399457, region_weighted=0.051255, empty_window_fraction=0.000000, total=0.163836
Validation
   [Val] Epoch: [28][20/90]  Loss:0.260 (Avg 0.2086) IoU:0.609 (Avg 0.6802) Dice:0.7393 (Avg 0.7907) (AvgTime 0.3)   
   [Val] Epoch: [28][40/90]  Loss:0.189 (Avg 0.2077) IoU:0.650 (Avg 0.6687) Dice:0.7714 (Avg 0.7786) (AvgTime 0.2)   
   [Val] Epoch: [28][60/90]  Loss:0.261 (Avg 0.1965) IoU:0.608 (Avg 0.6794) Dice:0.7251 (Avg 0.7862) (AvgTime 0.2)   
   [Val] Epoch: [28][80/90]  Loss:0.171 (Avg 0.1966) IoU:0.698 (Avg 0.6766) Dice:0.8088 (Avg 0.7846) (AvgTime 0.2)   
   [Val] Epoch: [28][90/90]  Loss:0.266 (Avg 0.1968) IoU:0.550 (Avg 0.6766) Dice:0.6856 (Avg 0.7849) (AvgTime 0.2)   
   [Val] Loss components: main_dice=0.177939, main_focal=0.114042, main=0.145990, region_raw=0.395844, region_weighted=0.050792, empty_window_fraction=0.000000, total=0.196782
	 No iou improvement; selected epoch 23
	 early_stopping_count: 5/80
--- Epoch History (1..28) ---
Epoch |  TrainLoss |  TrainDice |  TrainIoU |    ValLoss |    ValDice |    ValIoU |         LR | Best
    1 |     0.3300 |     0.6064 |    0.4771 |     0.2665 |     0.6917 |    0.5661 |   3.00e-04 |     
    2 |     0.2491 |     0.6986 |    0.5752 |     0.2503 |     0.7064 |    0.5831 |   3.00e-04 |     
    3 |     0.2238 |     0.7274 |    0.6082 |     0.2261 |     0.7490 |    0.6315 |   3.00e-04 |     
    4 |     0.2124 |     0.7413 |    0.6243 |     0.1852 |     0.7780 |    0.6672 |   2.99e-04 |     
    5 |     0.2062 |     0.7480 |    0.6318 |     0.1901 |     0.7618 |    0.6483 |   2.98e-04 |     
    6 |     0.2002 |     0.7563 |    0.6416 |     0.1824 |     0.7892 |    0.6820 |   2.97e-04 |     
    7 |     0.1965 |     0.7605 |    0.6471 |     0.1870 |     0.7776 |    0.6673 |   2.96e-04 |     
    8 |     0.1919 |     0.7663 |    0.6535 |     0.1781 |     0.7828 |    0.6722 |   2.94e-04 |     
    9 |     0.1907 |     0.7670 |    0.6549 |     0.1861 |     0.7859 |    0.6771 |   2.92e-04 |     
   10 |     0.1887 |     0.7700 |    0.6581 |     0.1904 |     0.7618 |    0.6500 |   2.91e-04 |     
   11 |     0.1847 |     0.7742 |    0.6630 |     0.1856 |     0.7791 |    0.6667 |   2.88e-04 |     
   12 |     0.1858 |     0.7730 |    0.6619 |     0.1814 |     0.7792 |    0.6699 |   2.86e-04 |     
   13 |     0.1827 |     0.7778 |    0.6673 |     0.1897 |     0.7836 |    0.6741 |   2.83e-04 |     
   14 |     0.1817 |     0.7785 |    0.6690 |     0.1761 |     0.7925 |    0.6846 |   2.80e-04 |     
   15 |     0.1790 |     0.7817 |    0.6727 |     0.1662 |     0.7947 |    0.6887 |   2.77e-04 |     
   16 |     0.1777 |     0.7832 |    0.6748 |     0.1662 |     0.7984 |    0.6933 |   2.74e-04 |     
   17 |     0.1747 |     0.7868 |    0.6787 |     0.1849 |     0.7656 |    0.6528 |   2.71e-04 |     
   18 |     0.1751 |     0.7880 |    0.6794 |     0.1706 |     0.7853 |    0.6776 |   2.67e-04 |     
   19 |     0.1727 |     0.7889 |    0.6813 |     0.1837 |     0.7750 |    0.6655 |   2.63e-04 |     
   20 |     0.1748 |     0.7871 |    0.6790 |     0.1670 |     0.7913 |    0.6862 |   2.59e-04 |     
   21 |     0.1711 |     0.7912 |    0.6837 |     0.1725 |     0.8030 |    0.6988 |   2.55e-04 |     
   22 |     0.1732 |     0.7894 |    0.6818 |     0.1654 |     0.7979 |    0.6947 |   2.51e-04 |     
   23 |     0.1690 |     0.7939 |    0.6878 |     0.1653 |     0.8044 |    0.7012 |   2.46e-04 |    *
   24 |     0.1692 |     0.7944 |    0.6884 |     0.1686 |     0.7933 |    0.6847 |   2.42e-04 |     
   25 |     0.1648 |     0.7995 |    0.6940 |     0.1722 |     0.8021 |    0.6982 |   2.37e-04 |     
   26 |     0.1673 |     0.7963 |    0.6902 |     0.1664 |     0.8008 |    0.6962 |   2.32e-04 |     
   27 |     0.1629 |     0.8018 |    0.6970 |     0.1634 |     0.8048 |    0.7008 |   2.27e-04 |     
   28 |     0.1638 |     0.8013 |    0.6962 |     0.1968 |     0.7849 |    0.6766 |   2.22e-04 |     
--- R2 plus final-map regional overlap: global validation statistics ---
up4: ca=0.8355+/-0.1478, sa=1.0042+/-0.0046, amp=0.0000, suppress=0.0000, guide_abs=0.3134
up4 residuals: local_mean=1.533e-02, global_mean=0.0277, local_strength=0.0800, global_strength=0.1059, gain=[0.9855,1.0201], saturation=0.0000, text_film=0.0049
up4 haar: reconstruction_error=9.537e-07, skip_low/high=0.8167/0.1833, plam_low/high=1.0000/0.0000
up4 strengths: plam=0.9584, region=0.0800, detail=0.1059; residual_std region/detail/refine=0.0192/0.5420/0.4890
up4 guide_mix: entropy=0.9745, raw_low=0.3482, plam_low=0.2400, decoder_low=0.2506, detail=0.1612; agreement plam/decoder=0.8157/0.6121, support=0.4433+/-0.0000
up4 adaptive_frequency: ALPF strength=0.2486, weights=0.1877/0.6746/0.1377, sum=1.0000, entropy=0.7732, delta_std=0.0868; AHPF strength=0.0732, weights=0.4177/0.4237/0.1585, sum=1.0000, entropy=0.9232, residual_std=0.1173, scaled_std=0.0086
up3: ca=0.9741+/-0.1898, sa=1.0051+/-0.0062, amp=0.0000, suppress=0.0000, guide_abs=0.2586
up3 residuals: local_mean=1.164e-02, global_mean=0.0319, local_strength=0.1106, global_strength=0.1205, gain=[0.9719,1.0450], saturation=0.0640, text_film=0.0227
up3 haar: reconstruction_error=9.537e-07, skip_low/high=0.7662/0.2338, plam_low/high=1.0000/0.0000
up3 strengths: plam=0.9268, region=0.1106, detail=0.1205; residual_std region/detail/refine=0.4270/0.6375/0.5190
up3 guide_mix: entropy=0.9835, raw_low=0.3270, plam_low=0.2388, decoder_low=0.2567, detail=0.1774; agreement plam/decoder=0.7918/0.2285, support=0.7887+/-0.0997
up3 adaptive_frequency: ALPF strength=0.2825, weights=0.0916/0.2702/0.6381, sum=1.0000, entropy=0.7175, delta_std=0.0765; AHPF strength=0.1108, weights=0.7588/0.1456/0.0956, sum=1.0000, entropy=0.6086, residual_std=0.0664, scaled_std=0.0074
up2: ca=0.8377+/-0.1959, sa=1.0015+/-0.0040, amp=0.0000, suppress=0.0000, guide_abs=0.3050
up2 residuals: local_mean=-1.288e-02, global_mean=0.0275, local_strength=0.1175, global_strength=0.1115, gain=[0.9483,1.0557], saturation=0.0000, text_film=0.0291
up2 haar: reconstruction_error=1.192e-06, skip_low/high=0.8072/0.1928, plam_low/high=1.0000/0.0000
up2 strengths: plam=0.8745, region=0.1175, detail=0.1115; residual_std region/detail/refine=0.3063/0.3599/0.2289
up2 guide_mix: entropy=0.9663, raw_low=0.3125, plam_low=0.2261, decoder_low=0.3216, detail=0.1398; agreement plam/decoder=0.3397/-0.0252, support=0.6090+/-0.0706
up1: ca=0.8394+/-0.1525, sa=1.0031+/-0.0134, amp=0.0000, suppress=0.0000, guide_abs=0.1972
up1 residuals: local_mean=-7.125e-03, global_mean=0.0391, local_strength=0.1250, global_strength=0.1033, gain=[0.9008,1.0985], saturation=0.0023, text_film=0.0298
up1 haar: reconstruction_error=1.907e-06, skip_low/high=0.7211/0.2789, plam_low/high=1.0000/0.0000
up1 strengths: plam=0.9210, region=0.1250, detail=0.1033; residual_std region/detail/refine=0.3696/0.3662/0.1449
up1 guide_mix: entropy=0.9358, raw_low=0.2430, plam_low=0.2772, decoder_low=0.3798, detail=0.0999; agreement plam/decoder=0.5124/0.1738, support=0.5890+/-0.0811

========= Epoch [29/80] =========
RS1_Test_session_09.12_17h44
Training with batch size : 16
   [Train] Epoch: [29][20/357]  Loss:0.221 (Avg 0.1937) IoU:0.603 (Avg 0.6610) Dice:0.7245 (Avg 0.7729) LR 2.17e-04   (AvgTime 0.6)   
   [Train] Epoch: [29][40/357]  Loss:0.158 (Avg 0.1853) IoU:0.710 (Avg 0.6699) Dice:0.8036 (Avg 0.7797) LR 2.17e-04   (AvgTime 0.6)   
   [Train] Epoch: [29][60/357]  Loss:0.193 (Avg 0.1817) IoU:0.629 (Avg 0.6726) Dice:0.7486 (Avg 0.7812) LR 2.17e-04   (AvgTime 0.6)   
   [Train] Epoch: [29][80/357]  Loss:0.131 (Avg 0.1795) IoU:0.769 (Avg 0.6760) Dice:0.8565 (Avg 0.7835) LR 2.17e-04   (AvgTime 0.6)   
   [Train] Epoch: [29][100/357]  Loss:0.146 (Avg 0.1780) IoU:0.723 (Avg 0.6776) Dice:0.8292 (Avg 0.7848) LR 2.17e-04   (AvgTime 0.6)   
   [Train] Epoch: [29][120/357]  Loss:0.132 (Avg 0.1747) IoU:0.731 (Avg 0.6814) Dice:0.8365 (Avg 0.7886) LR 2.17e-04   (AvgTime 0.6)   
   [Train] Epoch: [29][140/357]  Loss:0.180 (Avg 0.1733) IoU:0.663 (Avg 0.6830) Dice:0.7695 (Avg 0.7898) LR 2.17e-04   (AvgTime 0.6)   
   [Train] Epoch: [29][160/357]  Loss:0.173 (Avg 0.1703) IoU:0.725 (Avg 0.6877) Dice:0.8208 (Avg 0.7936) LR 2.17e-04   (AvgTime 0.6)   
   [Train] Epoch: [29][180/357]  Loss:0.141 (Avg 0.1688) IoU:0.740 (Avg 0.6900) Dice:0.8361 (Avg 0.7954) LR 2.17e-04   (AvgTime 0.6)   
   [Train] Epoch: [29][200/357]  Loss:0.181 (Avg 0.1688) IoU:0.651 (Avg 0.6896) Dice:0.7653 (Avg 0.7952) LR 2.17e-04   (AvgTime 0.6)   
   [Train] Epoch: [29][220/357]  Loss:0.141 (Avg 0.1681) IoU:0.712 (Avg 0.6901) Dice:0.8207 (Avg 0.7957) LR 2.17e-04   (AvgTime 0.6)   
   [Train] Epoch: [29][240/357]  Loss:0.112 (Avg 0.1673) IoU:0.773 (Avg 0.6916) Dice:0.8672 (Avg 0.7968) LR 2.17e-04   (AvgTime 0.6)   
   [Train] Epoch: [29][260/357]  Loss:0.159 (Avg 0.1668) IoU:0.706 (Avg 0.6921) Dice:0.8066 (Avg 0.7971) LR 2.17e-04   (AvgTime 0.6)   
   [Train] Epoch: [29][280/357]  Loss:0.196 (Avg 0.1660) IoU:0.666 (Avg 0.6931) Dice:0.7792 (Avg 0.7981) LR 2.17e-04   (AvgTime 0.6)   
   [Train] Epoch: [29][300/357]  Loss:0.161 (Avg 0.1665) IoU:0.681 (Avg 0.6927) Dice:0.7957 (Avg 0.7978) LR 2.17e-04   (AvgTime 0.6)   
   [Train] Epoch: [29][320/357]  Loss:0.175 (Avg 0.1663) IoU:0.728 (Avg 0.6932) Dice:0.8270 (Avg 0.7983) LR 2.17e-04   (AvgTime 0.6)   
   [Train] Epoch: [29][340/357]  Loss:0.195 (Avg 0.1665) IoU:0.625 (Avg 0.6926) Dice:0.7539 (Avg 0.7978) LR 2.17e-04   (AvgTime 0.6)   
   [Train] Epoch: [29][357/357]  Loss:0.176 (Avg 0.1665) IoU:0.642 (Avg 0.6924) Dice:0.7610 (Avg 0.7976) LR 2.17e-04   (AvgTime 0.6)   
   [Train] Loss components: main_dice=0.171752, main_focal=0.057085, main=0.114419, region_raw=0.406262, region_weighted=0.052128, empty_window_fraction=0.000000, total=0.166547
Validation
   [Val] Epoch: [29][20/90]  Loss:0.202 (Avg 0.1628) IoU:0.657 (Avg 0.7060) Dice:0.7739 (Avg 0.8123) (AvgTime 0.3)   
   [Val] Epoch: [29][40/90]  Loss:0.154 (Avg 0.1719) IoU:0.707 (Avg 0.6861) Dice:0.8143 (Avg 0.7930) (AvgTime 0.3)   
   [Val] Epoch: [29][60/90]  Loss:0.201 (Avg 0.1623) IoU:0.644 (Avg 0.6994) Dice:0.7509 (Avg 0.8024) (AvgTime 0.2)   
   [Val] Epoch: [29][80/90]  Loss:0.145 (Avg 0.1605) IoU:0.715 (Avg 0.6995) Dice:0.8210 (Avg 0.8032) (AvgTime 0.2)   
   [Val] Epoch: [29][90/90]  Loss:0.187 (Avg 0.1610) IoU:0.618 (Avg 0.6985) Dice:0.7473 (Avg 0.8024) (AvgTime 0.2)   
   [Val] Loss components: main_dice=0.169012, main_focal=0.048577, main=0.108795, region_raw=0.407142, region_weighted=0.052241, empty_window_fraction=0.000000, total=0.161036
	 No iou improvement; selected epoch 23
	 early_stopping_count: 6/80
--- Epoch History (1..29) ---
Epoch |  TrainLoss |  TrainDice |  TrainIoU |    ValLoss |    ValDice |    ValIoU |         LR | Best
    1 |     0.3300 |     0.6064 |    0.4771 |     0.2665 |     0.6917 |    0.5661 |   3.00e-04 |     
    2 |     0.2491 |     0.6986 |    0.5752 |     0.2503 |     0.7064 |    0.5831 |   3.00e-04 |     
    3 |     0.2238 |     0.7274 |    0.6082 |     0.2261 |     0.7490 |    0.6315 |   3.00e-04 |     
    4 |     0.2124 |     0.7413 |    0.6243 |     0.1852 |     0.7780 |    0.6672 |   2.99e-04 |     
    5 |     0.2062 |     0.7480 |    0.6318 |     0.1901 |     0.7618 |    0.6483 |   2.98e-04 |     
    6 |     0.2002 |     0.7563 |    0.6416 |     0.1824 |     0.7892 |    0.6820 |   2.97e-04 |     
    7 |     0.1965 |     0.7605 |    0.6471 |     0.1870 |     0.7776 |    0.6673 |   2.96e-04 |     
    8 |     0.1919 |     0.7663 |    0.6535 |     0.1781 |     0.7828 |    0.6722 |   2.94e-04 |     
    9 |     0.1907 |     0.7670 |    0.6549 |     0.1861 |     0.7859 |    0.6771 |   2.92e-04 |     
   10 |     0.1887 |     0.7700 |    0.6581 |     0.1904 |     0.7618 |    0.6500 |   2.91e-04 |     
   11 |     0.1847 |     0.7742 |    0.6630 |     0.1856 |     0.7791 |    0.6667 |   2.88e-04 |     
   12 |     0.1858 |     0.7730 |    0.6619 |     0.1814 |     0.7792 |    0.6699 |   2.86e-04 |     
   13 |     0.1827 |     0.7778 |    0.6673 |     0.1897 |     0.7836 |    0.6741 |   2.83e-04 |     
   14 |     0.1817 |     0.7785 |    0.6690 |     0.1761 |     0.7925 |    0.6846 |   2.80e-04 |     
   15 |     0.1790 |     0.7817 |    0.6727 |     0.1662 |     0.7947 |    0.6887 |   2.77e-04 |     
   16 |     0.1777 |     0.7832 |    0.6748 |     0.1662 |     0.7984 |    0.6933 |   2.74e-04 |     
   17 |     0.1747 |     0.7868 |    0.6787 |     0.1849 |     0.7656 |    0.6528 |   2.71e-04 |     
   18 |     0.1751 |     0.7880 |    0.6794 |     0.1706 |     0.7853 |    0.6776 |   2.67e-04 |     
   19 |     0.1727 |     0.7889 |    0.6813 |     0.1837 |     0.7750 |    0.6655 |   2.63e-04 |     
   20 |     0.1748 |     0.7871 |    0.6790 |     0.1670 |     0.7913 |    0.6862 |   2.59e-04 |     
   21 |     0.1711 |     0.7912 |    0.6837 |     0.1725 |     0.8030 |    0.6988 |   2.55e-04 |     
   22 |     0.1732 |     0.7894 |    0.6818 |     0.1654 |     0.7979 |    0.6947 |   2.51e-04 |     
   23 |     0.1690 |     0.7939 |    0.6878 |     0.1653 |     0.8044 |    0.7012 |   2.46e-04 |    *
   24 |     0.1692 |     0.7944 |    0.6884 |     0.1686 |     0.7933 |    0.6847 |   2.42e-04 |     
   25 |     0.1648 |     0.7995 |    0.6940 |     0.1722 |     0.8021 |    0.6982 |   2.37e-04 |     
   26 |     0.1673 |     0.7963 |    0.6902 |     0.1664 |     0.8008 |    0.6962 |   2.32e-04 |     
   27 |     0.1629 |     0.8018 |    0.6970 |     0.1634 |     0.8048 |    0.7008 |   2.27e-04 |     
   28 |     0.1638 |     0.8013 |    0.6962 |     0.1968 |     0.7849 |    0.6766 |   2.22e-04 |     
   29 |     0.1665 |     0.7976 |    0.6924 |     0.1610 |     0.8024 |    0.6985 |   2.17e-04 |     
--- R2 plus final-map regional overlap: global validation statistics ---
up4: ca=0.8114+/-0.1650, sa=1.0061+/-0.0088, amp=0.0000, suppress=0.0000, guide_abs=0.2196
up4 residuals: local_mean=1.555e-02, global_mean=0.0430, local_strength=0.0800, global_strength=0.1060, gain=[0.9709,1.0454], saturation=0.0000, text_film=0.0049
up4 haar: reconstruction_error=9.537e-07, skip_low/high=0.7969/0.2031, plam_low/high=1.0000/0.0000
up4 strengths: plam=0.9579, region=0.0800, detail=0.1060; residual_std region/detail/refine=0.0191/0.5664/0.5097
up4 guide_mix: entropy=0.9767, raw_low=0.3504, plam_low=0.2080, decoder_low=0.2605, detail=0.1812; agreement plam/decoder=0.5304/-0.1341, support=0.4478+/-0.0000
up4 adaptive_frequency: ALPF strength=0.2492, weights=0.1584/0.6931/0.1484, sum=1.0000, entropy=0.7539, delta_std=0.1010; AHPF strength=0.0732, weights=0.3829/0.4480/0.1692, sum=1.0000, entropy=0.9339, residual_std=0.1299, scaled_std=0.0095
up3: ca=0.9533+/-0.2045, sa=1.0068+/-0.0063, amp=0.0000, suppress=0.0000, guide_abs=0.2482
up3 residuals: local_mean=1.672e-02, global_mean=0.0406, local_strength=0.1108, global_strength=0.1208, gain=[0.9744,1.0482], saturation=0.0497, text_film=0.0228
up3 haar: reconstruction_error=9.537e-07, skip_low/high=0.7731/0.2269, plam_low/high=1.0000/0.0000
up3 strengths: plam=0.9247, region=0.1108, detail=0.1208; residual_std region/detail/refine=0.4364/0.6283/0.5342
up3 guide_mix: entropy=0.9764, raw_low=0.3270, plam_low=0.2035, decoder_low=0.2965, detail=0.1730; agreement plam/decoder=0.7828/0.1974, support=0.7506+/-0.1143
up3 adaptive_frequency: ALPF strength=0.2843, weights=0.1017/0.2989/0.5994, sum=1.0000, entropy=0.7469, delta_std=0.0841; AHPF strength=0.1118, weights=0.7546/0.1449/0.1004, sum=1.0000, entropy=0.6132, residual_std=0.0621, scaled_std=0.0069
up2: ca=0.8417+/-0.2369, sa=1.0019+/-0.0038, amp=0.0000, suppress=0.0000, guide_abs=0.2732
up2 residuals: local_mean=-1.301e-02, global_mean=0.0307, local_strength=0.1177, global_strength=0.1116, gain=[0.9577,1.0502], saturation=0.0000, text_film=0.0464
up2 haar: reconstruction_error=1.192e-06, skip_low/high=0.8119/0.1881, plam_low/high=1.0000/0.0000
up2 strengths: plam=0.8681, region=0.1177, detail=0.1116; residual_std region/detail/refine=0.3121/0.3437/0.2291
up2 guide_mix: entropy=0.9564, raw_low=0.3156, plam_low=0.1955, decoder_low=0.3487, detail=0.1402; agreement plam/decoder=0.2252/-0.3758, support=0.6160+/-0.0741
up1: ca=0.8389+/-0.1530, sa=1.0033+/-0.0132, amp=0.0000, suppress=0.0000, guide_abs=0.2300
up1 residuals: local_mean=-9.034e-03, global_mean=0.0433, local_strength=0.1254, global_strength=0.1029, gain=[0.9017,1.0977], saturation=0.0025, text_film=0.0348
up1 haar: reconstruction_error=1.907e-06, skip_low/high=0.7536/0.2464, plam_low/high=1.0000/0.0000
up1 strengths: plam=0.9198, region=0.1254, detail=0.1029; residual_std region/detail/refine=0.3315/0.3745/0.1500
up1 guide_mix: entropy=0.9336, raw_low=0.3330, plam_low=0.1813, decoder_low=0.3691, detail=0.1166; agreement plam/decoder=0.2628/0.0522, support=0.6126+/-0.0909

========= Epoch [30/80] =========
RS1_Test_session_09.12_17h44
Training with batch size : 16
   [Train] Epoch: [30][20/357]  Loss:0.165 (Avg 0.1530) IoU:0.701 (Avg 0.7204) Dice:0.8106 (Avg 0.8210) LR 2.11e-04   (AvgTime 0.6)   
   [Train] Epoch: [30][40/357]  Loss:0.198 (Avg 0.1586) IoU:0.690 (Avg 0.7086) Dice:0.7973 (Avg 0.8127) LR 2.11e-04   (AvgTime 0.5)   
   [Train] Epoch: [30][60/357]  Loss:0.156 (Avg 0.1604) IoU:0.721 (Avg 0.7043) Dice:0.8066 (Avg 0.8085) LR 2.11e-04   (AvgTime 0.5)   
   [Train] Epoch: [30][80/357]  Loss:0.159 (Avg 0.1613) IoU:0.685 (Avg 0.7015) Dice:0.8032 (Avg 0.8067) LR 2.11e-04   (AvgTime 0.5)   
   [Train] Epoch: [30][100/357]  Loss:0.131 (Avg 0.1636) IoU:0.742 (Avg 0.6981) Dice:0.8394 (Avg 0.8028) LR 2.11e-04   (AvgTime 0.5)   
   [Train] Epoch: [30][120/357]  Loss:0.197 (Avg 0.1623) IoU:0.684 (Avg 0.7006) Dice:0.7947 (Avg 0.8045) LR 2.11e-04   (AvgTime 0.5)   
   [Train] Epoch: [30][140/357]  Loss:0.143 (Avg 0.1610) IoU:0.744 (Avg 0.7024) Dice:0.8480 (Avg 0.8062) LR 2.11e-04   (AvgTime 0.5)   
   [Train] Epoch: [30][160/357]  Loss:0.155 (Avg 0.1616) IoU:0.710 (Avg 0.7014) Dice:0.8157 (Avg 0.8055) LR 2.11e-04   (AvgTime 0.5)   
   [Train] Epoch: [30][180/357]  Loss:0.163 (Avg 0.1623) IoU:0.692 (Avg 0.6995) Dice:0.7877 (Avg 0.8039) LR 2.11e-04   (AvgTime 0.5)   
   [Train] Epoch: [30][200/357]  Loss:0.119 (Avg 0.1628) IoU:0.778 (Avg 0.6986) Dice:0.8655 (Avg 0.8032) LR 2.11e-04   (AvgTime 0.5)   
   [Train] Epoch: [30][220/357]  Loss:0.194 (Avg 0.1626) IoU:0.696 (Avg 0.6986) Dice:0.7964 (Avg 0.8032) LR 2.11e-04   (AvgTime 0.6)   
   [Train] Epoch: [30][240/357]  Loss:0.118 (Avg 0.1620) IoU:0.771 (Avg 0.6997) Dice:0.8617 (Avg 0.8041) LR 2.11e-04   (AvgTime 0.6)   
   [Train] Epoch: [30][260/357]  Loss:0.107 (Avg 0.1619) IoU:0.792 (Avg 0.6999) Dice:0.8779 (Avg 0.8041) LR 2.11e-04   (AvgTime 0.6)   
   [Train] Epoch: [30][280/357]  Loss:0.177 (Avg 0.1616) IoU:0.659 (Avg 0.7004) Dice:0.7732 (Avg 0.8045) LR 2.11e-04   (AvgTime 0.6)   
   [Train] Epoch: [30][300/357]  Loss:0.164 (Avg 0.1614) IoU:0.692 (Avg 0.7007) Dice:0.8075 (Avg 0.8048) LR 2.11e-04   (AvgTime 0.5)   
   [Train] Epoch: [30][320/357]  Loss:0.130 (Avg 0.1609) IoU:0.756 (Avg 0.7014) Dice:0.8446 (Avg 0.8053) LR 2.11e-04   (AvgTime 0.5)   
   [Train] Epoch: [30][340/357]  Loss:0.154 (Avg 0.1607) IoU:0.711 (Avg 0.7015) Dice:0.8035 (Avg 0.8054) LR 2.11e-04   (AvgTime 0.5)   
   [Train] Epoch: [30][357/357]  Loss:0.204 (Avg 0.1612) IoU:0.634 (Avg 0.7005) Dice:0.7354 (Avg 0.8048) LR 2.11e-04   (AvgTime 0.5)   
   [Train] Loss components: main_dice=0.165259, main_focal=0.055673, main=0.110466, region_raw=0.395726, region_weighted=0.050776, empty_window_fraction=0.000000, total=0.161242
Validation
   [Val] Epoch: [30][20/90]  Loss:0.194 (Avg 0.1624) IoU:0.666 (Avg 0.7042) Dice:0.7826 (Avg 0.8095) (AvgTime 0.2)   
   [Val] Epoch: [30][40/90]  Loss:0.165 (Avg 0.1709) IoU:0.673 (Avg 0.6868) Dice:0.7877 (Avg 0.7927) (AvgTime 0.2)   
   [Val] Epoch: [30][60/90]  Loss:0.194 (Avg 0.1609) IoU:0.653 (Avg 0.6973) Dice:0.7531 (Avg 0.8001) (AvgTime 0.2)   
   [Val] Epoch: [30][80/90]  Loss:0.156 (Avg 0.1602) IoU:0.693 (Avg 0.6956) Dice:0.8024 (Avg 0.7995) (AvgTime 0.2)   
   [Val] Epoch: [30][90/90]  Loss:0.193 (Avg 0.1603) IoU:0.602 (Avg 0.6949) Dice:0.7359 (Avg 0.7992) (AvgTime 0.2)   
   [Val] Loss components: main_dice=0.168902, main_focal=0.051893, main=0.110398, region_raw=0.389116, region_weighted=0.049928, empty_window_fraction=0.000000, total=0.160326
	 No iou improvement; selected epoch 23
	 early_stopping_count: 7/80
--- Epoch History (1..30) ---
Epoch |  TrainLoss |  TrainDice |  TrainIoU |    ValLoss |    ValDice |    ValIoU |         LR | Best
    1 |     0.3300 |     0.6064 |    0.4771 |     0.2665 |     0.6917 |    0.5661 |   3.00e-04 |     
    2 |     0.2491 |     0.6986 |    0.5752 |     0.2503 |     0.7064 |    0.5831 |   3.00e-04 |     
    3 |     0.2238 |     0.7274 |    0.6082 |     0.2261 |     0.7490 |    0.6315 |   3.00e-04 |     
    4 |     0.2124 |     0.7413 |    0.6243 |     0.1852 |     0.7780 |    0.6672 |   2.99e-04 |     
    5 |     0.2062 |     0.7480 |    0.6318 |     0.1901 |     0.7618 |    0.6483 |   2.98e-04 |     
    6 |     0.2002 |     0.7563 |    0.6416 |     0.1824 |     0.7892 |    0.6820 |   2.97e-04 |     
    7 |     0.1965 |     0.7605 |    0.6471 |     0.1870 |     0.7776 |    0.6673 |   2.96e-04 |     
    8 |     0.1919 |     0.7663 |    0.6535 |     0.1781 |     0.7828 |    0.6722 |   2.94e-04 |     
    9 |     0.1907 |     0.7670 |    0.6549 |     0.1861 |     0.7859 |    0.6771 |   2.92e-04 |     
   10 |     0.1887 |     0.7700 |    0.6581 |     0.1904 |     0.7618 |    0.6500 |   2.91e-04 |     
   11 |     0.1847 |     0.7742 |    0.6630 |     0.1856 |     0.7791 |    0.6667 |   2.88e-04 |     
   12 |     0.1858 |     0.7730 |    0.6619 |     0.1814 |     0.7792 |    0.6699 |   2.86e-04 |     
   13 |     0.1827 |     0.7778 |    0.6673 |     0.1897 |     0.7836 |    0.6741 |   2.83e-04 |     
   14 |     0.1817 |     0.7785 |    0.6690 |     0.1761 |     0.7925 |    0.6846 |   2.80e-04 |     
   15 |     0.1790 |     0.7817 |    0.6727 |     0.1662 |     0.7947 |    0.6887 |   2.77e-04 |     
   16 |     0.1777 |     0.7832 |    0.6748 |     0.1662 |     0.7984 |    0.6933 |   2.74e-04 |     
   17 |     0.1747 |     0.7868 |    0.6787 |     0.1849 |     0.7656 |    0.6528 |   2.71e-04 |     
   18 |     0.1751 |     0.7880 |    0.6794 |     0.1706 |     0.7853 |    0.6776 |   2.67e-04 |     
   19 |     0.1727 |     0.7889 |    0.6813 |     0.1837 |     0.7750 |    0.6655 |   2.63e-04 |     
   20 |     0.1748 |     0.7871 |    0.6790 |     0.1670 |     0.7913 |    0.6862 |   2.59e-04 |     
   21 |     0.1711 |     0.7912 |    0.6837 |     0.1725 |     0.8030 |    0.6988 |   2.55e-04 |     
   22 |     0.1732 |     0.7894 |    0.6818 |     0.1654 |     0.7979 |    0.6947 |   2.51e-04 |     
   23 |     0.1690 |     0.7939 |    0.6878 |     0.1653 |     0.8044 |    0.7012 |   2.46e-04 |    *
   24 |     0.1692 |     0.7944 |    0.6884 |     0.1686 |     0.7933 |    0.6847 |   2.42e-04 |     
   25 |     0.1648 |     0.7995 |    0.6940 |     0.1722 |     0.8021 |    0.6982 |   2.37e-04 |     
   26 |     0.1673 |     0.7963 |    0.6902 |     0.1664 |     0.8008 |    0.6962 |   2.32e-04 |     
   27 |     0.1629 |     0.8018 |    0.6970 |     0.1634 |     0.8048 |    0.7008 |   2.27e-04 |     
   28 |     0.1638 |     0.8013 |    0.6962 |     0.1968 |     0.7849 |    0.6766 |   2.22e-04 |     
   29 |     0.1665 |     0.7976 |    0.6924 |     0.1610 |     0.8024 |    0.6985 |   2.17e-04 |     
   30 |     0.1612 |     0.8048 |    0.7005 |     0.1603 |     0.7992 |    0.6949 |   2.11e-04 |     
--- R2 plus final-map regional overlap: global validation statistics ---
up4: ca=0.8355+/-0.1404, sa=1.0051+/-0.0061, amp=0.0000, suppress=0.0000, guide_abs=0.1637
up4 residuals: local_mean=1.585e-02, global_mean=0.0342, local_strength=0.0800, global_strength=0.1063, gain=[0.9813,1.0271], saturation=0.0000, text_film=0.0048
up4 haar: reconstruction_error=9.537e-07, skip_low/high=0.7978/0.2022, plam_low/high=1.0000/0.0000
up4 strengths: plam=0.9576, region=0.0800, detail=0.1063; residual_std region/detail/refine=0.0192/0.5822/0.5249
up4 guide_mix: entropy=0.9792, raw_low=0.3450, plam_low=0.2211, decoder_low=0.2542, detail=0.1796; agreement plam/decoder=0.8824/0.5371, support=0.4416+/-0.0000
up4 adaptive_frequency: ALPF strength=0.2501, weights=0.1685/0.6859/0.1456, sum=1.0000, entropy=0.7630, delta_std=0.1035; AHPF strength=0.0729, weights=0.3866/0.4468/0.1666, sum=1.0000, entropy=0.9321, residual_std=0.1330, scaled_std=0.0097
up3: ca=0.9732+/-0.1891, sa=1.0066+/-0.0068, amp=0.0000, suppress=0.0000, guide_abs=0.2559
up3 residuals: local_mean=1.997e-02, global_mean=0.0361, local_strength=0.1108, global_strength=0.1209, gain=[0.9763,1.0484], saturation=0.0329, text_film=0.0221
up3 haar: reconstruction_error=9.537e-07, skip_low/high=0.7641/0.2359, plam_low/high=1.0000/0.0000
up3 strengths: plam=0.9237, region=0.1108, detail=0.1209; residual_std region/detail/refine=0.4071/0.6103/0.4936
up3 guide_mix: entropy=0.9814, raw_low=0.3280, plam_low=0.2188, decoder_low=0.2750, detail=0.1783; agreement plam/decoder=0.8313/0.1316, support=0.7857+/-0.0969
up3 adaptive_frequency: ALPF strength=0.2866, weights=0.1406/0.3762/0.4832, sum=1.0000, entropy=0.7567, delta_std=0.0827; AHPF strength=0.1126, weights=0.6369/0.1862/0.1769, sum=1.0000, entropy=0.7096, residual_std=0.1028, scaled_std=0.0116
up2: ca=0.8464+/-0.2183, sa=1.0020+/-0.0037, amp=0.0000, suppress=0.0000, guide_abs=0.2962
up2 residuals: local_mean=-1.288e-02, global_mean=0.0315, local_strength=0.1177, global_strength=0.1116, gain=[0.9605,1.0494], saturation=0.0000, text_film=0.0342
up2 haar: reconstruction_error=9.537e-07, skip_low/high=0.8119/0.1881, plam_low/high=1.0000/0.0000
up2 strengths: plam=0.8645, region=0.1177, detail=0.1116; residual_std region/detail/refine=0.2491/0.3365/0.2159
up2 guide_mix: entropy=0.9603, raw_low=0.3175, plam_low=0.2072, decoder_low=0.3363, detail=0.1390; agreement plam/decoder=0.3536/-0.3055, support=0.6418+/-0.0703
up1: ca=0.8324+/-0.1453, sa=1.0036+/-0.0130, amp=0.0000, suppress=0.0000, guide_abs=0.2103
up1 residuals: local_mean=-9.272e-03, global_mean=0.0465, local_strength=0.1257, global_strength=0.1027, gain=[0.9022,1.0970], saturation=0.0009, text_film=0.0355
up1 haar: reconstruction_error=1.907e-06, skip_low/high=0.7566/0.2434, plam_low/high=1.0000/0.0000
up1 strengths: plam=0.9191, region=0.1257, detail=0.1027; residual_std region/detail/refine=0.3314/0.3671/0.1531
up1 guide_mix: entropy=0.9361, raw_low=0.3360, plam_low=0.1920, decoder_low=0.3587, detail=0.1132; agreement plam/decoder=0.6377/0.2103, support=0.5996+/-0.0825

========= Epoch [31/80] =========
RS1_Test_session_09.12_17h44
Training with batch size : 16
   [Train] Epoch: [31][20/357]  Loss:0.177 (Avg 0.1550) IoU:0.650 (Avg 0.7126) Dice:0.7729 (Avg 0.8139) LR 2.06e-04   (AvgTime 0.6)   
   [Train] Epoch: [31][40/357]  Loss:0.161 (Avg 0.1548) IoU:0.707 (Avg 0.7128) Dice:0.8155 (Avg 0.8153) LR 2.06e-04   (AvgTime 0.6)   
   [Train] Epoch: [31][60/357]  Loss:0.149 (Avg 0.1580) IoU:0.703 (Avg 0.7054) Dice:0.8120 (Avg 0.8088) LR 2.06e-04   (AvgTime 0.6)   
   [Train] Epoch: [31][80/357]  Loss:0.140 (Avg 0.1572) IoU:0.716 (Avg 0.7060) Dice:0.8196 (Avg 0.8089) LR 2.06e-04   (AvgTime 0.6)   
   [Train] Epoch: [31][100/357]  Loss:0.153 (Avg 0.1590) IoU:0.715 (Avg 0.7032) Dice:0.8186 (Avg 0.8064) LR 2.06e-04   (AvgTime 0.6)   
   [Train] Epoch: [31][120/357]  Loss:0.135 (Avg 0.1599) IoU:0.753 (Avg 0.7027) Dice:0.8542 (Avg 0.8059) LR 2.06e-04   (AvgTime 0.6)   
   [Train] Epoch: [31][140/357]  Loss:0.126 (Avg 0.1596) IoU:0.760 (Avg 0.7032) Dice:0.8617 (Avg 0.8063) LR 2.06e-04   (AvgTime 0.6)   
   [Train] Epoch: [31][160/357]  Loss:0.137 (Avg 0.1593) IoU:0.714 (Avg 0.7031) Dice:0.8234 (Avg 0.8064) LR 2.06e-04   (AvgTime 0.6)   
   [Train] Epoch: [31][180/357]  Loss:0.097 (Avg 0.1585) IoU:0.805 (Avg 0.7045) Dice:0.8847 (Avg 0.8074) LR 2.06e-04   (AvgTime 0.6)   
   [Train] Epoch: [31][200/357]  Loss:0.147 (Avg 0.1587) IoU:0.718 (Avg 0.7038) Dice:0.8244 (Avg 0.8068) LR 2.06e-04   (AvgTime 0.6)   
   [Train] Epoch: [31][220/357]  Loss:0.158 (Avg 0.1600) IoU:0.693 (Avg 0.7012) Dice:0.7955 (Avg 0.8048) LR 2.06e-04   (AvgTime 0.6)   
   [Train] Epoch: [31][240/357]  Loss:0.126 (Avg 0.1591) IoU:0.769 (Avg 0.7026) Dice:0.8614 (Avg 0.8059) LR 2.06e-04   (AvgTime 0.6)   
   [Train] Epoch: [31][260/357]  Loss:0.137 (Avg 0.1587) IoU:0.740 (Avg 0.7033) Dice:0.8404 (Avg 0.8066) LR 2.06e-04   (AvgTime 0.6)   
   [Train] Epoch: [31][280/357]  Loss:0.125 (Avg 0.1591) IoU:0.749 (Avg 0.7027) Dice:0.8465 (Avg 0.8062) LR 2.06e-04   (AvgTime 0.6)   
   [Train] Epoch: [31][300/357]  Loss:0.147 (Avg 0.1590) IoU:0.744 (Avg 0.7028) Dice:0.8363 (Avg 0.8065) LR 2.06e-04   (AvgTime 0.6)   
   [Train] Epoch: [31][320/357]  Loss:0.124 (Avg 0.1590) IoU:0.765 (Avg 0.7027) Dice:0.8528 (Avg 0.8065) LR 2.06e-04   (AvgTime 0.6)   
   [Train] Epoch: [31][340/357]  Loss:0.175 (Avg 0.1585) IoU:0.663 (Avg 0.7034) Dice:0.7726 (Avg 0.8072) LR 2.06e-04   (AvgTime 0.6)   
   [Train] Epoch: [31][357/357]  Loss:0.195 (Avg 0.1582) IoU:0.653 (Avg 0.7041) Dice:0.7634 (Avg 0.8077) LR 2.06e-04   (AvgTime 0.6)   
   [Train] Loss components: main_dice=0.162066, main_focal=0.053999, main=0.108032, region_raw=0.390784, region_weighted=0.050142, empty_window_fraction=0.000000, total=0.158175
Validation
   [Val] Epoch: [31][20/90]  Loss:0.189 (Avg 0.1611) IoU:0.670 (Avg 0.7084) Dice:0.7879 (Avg 0.8141) (AvgTime 0.3)   
   [Val] Epoch: [31][40/90]  Loss:0.151 (Avg 0.1687) IoU:0.710 (Avg 0.6915) Dice:0.8165 (Avg 0.7986) (AvgTime 0.2)   
   [Val] Epoch: [31][60/90]  Loss:0.204 (Avg 0.1594) IoU:0.642 (Avg 0.7026) Dice:0.7495 (Avg 0.8064) (AvgTime 0.2)   
   [Val] Epoch: [31][80/90]  Loss:0.144 (Avg 0.1569) IoU:0.708 (Avg 0.7036) Dice:0.8134 (Avg 0.8076) (AvgTime 0.2)   
   [Val] Epoch: [31][90/90]  Loss:0.196 (Avg 0.1578) IoU:0.614 (Avg 0.7026) Dice:0.7426 (Avg 0.8066) (AvgTime 0.2)   
   [Val] Loss components: main_dice=0.161972, main_focal=0.055627, main=0.108800, region_raw=0.382064, region_weighted=0.049023, empty_window_fraction=0.000000, total=0.157823
	 Saving best model by iou: 0.702586
	 Saving to Covid19/BetterLViT/rs1_global_iou/RS1_Test_session_09.12_17h44/models//best_model-BetterLViT.pth.tar
	 early_stopping_count: 0/80
--- Epoch History (1..31) ---
Epoch |  TrainLoss |  TrainDice |  TrainIoU |    ValLoss |    ValDice |    ValIoU |         LR | Best
    1 |     0.3300 |     0.6064 |    0.4771 |     0.2665 |     0.6917 |    0.5661 |   3.00e-04 |     
    2 |     0.2491 |     0.6986 |    0.5752 |     0.2503 |     0.7064 |    0.5831 |   3.00e-04 |     
    3 |     0.2238 |     0.7274 |    0.6082 |     0.2261 |     0.7490 |    0.6315 |   3.00e-04 |     
    4 |     0.2124 |     0.7413 |    0.6243 |     0.1852 |     0.7780 |    0.6672 |   2.99e-04 |     
    5 |     0.2062 |     0.7480 |    0.6318 |     0.1901 |     0.7618 |    0.6483 |   2.98e-04 |     
    6 |     0.2002 |     0.7563 |    0.6416 |     0.1824 |     0.7892 |    0.6820 |   2.97e-04 |     
    7 |     0.1965 |     0.7605 |    0.6471 |     0.1870 |     0.7776 |    0.6673 |   2.96e-04 |     
    8 |     0.1919 |     0.7663 |    0.6535 |     0.1781 |     0.7828 |    0.6722 |   2.94e-04 |     
    9 |     0.1907 |     0.7670 |    0.6549 |     0.1861 |     0.7859 |    0.6771 |   2.92e-04 |     
   10 |     0.1887 |     0.7700 |    0.6581 |     0.1904 |     0.7618 |    0.6500 |   2.91e-04 |     
   11 |     0.1847 |     0.7742 |    0.6630 |     0.1856 |     0.7791 |    0.6667 |   2.88e-04 |     
   12 |     0.1858 |     0.7730 |    0.6619 |     0.1814 |     0.7792 |    0.6699 |   2.86e-04 |     
   13 |     0.1827 |     0.7778 |    0.6673 |     0.1897 |     0.7836 |    0.6741 |   2.83e-04 |     
   14 |     0.1817 |     0.7785 |    0.6690 |     0.1761 |     0.7925 |    0.6846 |   2.80e-04 |     
   15 |     0.1790 |     0.7817 |    0.6727 |     0.1662 |     0.7947 |    0.6887 |   2.77e-04 |     
   16 |     0.1777 |     0.7832 |    0.6748 |     0.1662 |     0.7984 |    0.6933 |   2.74e-04 |     
   17 |     0.1747 |     0.7868 |    0.6787 |     0.1849 |     0.7656 |    0.6528 |   2.71e-04 |     
   18 |     0.1751 |     0.7880 |    0.6794 |     0.1706 |     0.7853 |    0.6776 |   2.67e-04 |     
   19 |     0.1727 |     0.7889 |    0.6813 |     0.1837 |     0.7750 |    0.6655 |   2.63e-04 |     
   20 |     0.1748 |     0.7871 |    0.6790 |     0.1670 |     0.7913 |    0.6862 |   2.59e-04 |     
   21 |     0.1711 |     0.7912 |    0.6837 |     0.1725 |     0.8030 |    0.6988 |   2.55e-04 |     
   22 |     0.1732 |     0.7894 |    0.6818 |     0.1654 |     0.7979 |    0.6947 |   2.51e-04 |     
   23 |     0.1690 |     0.7939 |    0.6878 |     0.1653 |     0.8044 |    0.7012 |   2.46e-04 |     
   24 |     0.1692 |     0.7944 |    0.6884 |     0.1686 |     0.7933 |    0.6847 |   2.42e-04 |     
   25 |     0.1648 |     0.7995 |    0.6940 |     0.1722 |     0.8021 |    0.6982 |   2.37e-04 |     
   26 |     0.1673 |     0.7963 |    0.6902 |     0.1664 |     0.8008 |    0.6962 |   2.32e-04 |     
   27 |     0.1629 |     0.8018 |    0.6970 |     0.1634 |     0.8048 |    0.7008 |   2.27e-04 |     
   28 |     0.1638 |     0.8013 |    0.6962 |     0.1968 |     0.7849 |    0.6766 |   2.22e-04 |     
   29 |     0.1665 |     0.7976 |    0.6924 |     0.1610 |     0.8024 |    0.6985 |   2.17e-04 |     
   30 |     0.1612 |     0.8048 |    0.7005 |     0.1603 |     0.7992 |    0.6949 |   2.11e-04 |     
   31 |     0.1582 |     0.8077 |    0.7041 |     0.1578 |     0.8066 |    0.7026 |   2.06e-04 |    *
--- R2 plus final-map regional overlap: global validation statistics ---
up4: ca=0.8430+/-0.1393, sa=1.0048+/-0.0058, amp=0.0000, suppress=0.0000, guide_abs=0.3163
up4 residuals: local_mean=1.749e-02, global_mean=0.0309, local_strength=0.0790, global_strength=0.1066, gain=[0.9842,1.0281], saturation=0.0000, text_film=0.0050
up4 haar: reconstruction_error=9.537e-07, skip_low/high=0.8098/0.1902, plam_low/high=1.0000/0.0000
up4 strengths: plam=0.9568, region=0.0790, detail=0.1066; residual_std region/detail/refine=0.0212/0.5898/0.5372
up4 guide_mix: entropy=0.9738, raw_low=0.3570, plam_low=0.2052, decoder_low=0.2600, detail=0.1777; agreement plam/decoder=0.7417/0.9114, support=0.4414+/-0.0000
up4 adaptive_frequency: ALPF strength=0.2510, weights=0.1699/0.6880/0.1421, sum=1.0000, entropy=0.7599, delta_std=0.0997; AHPF strength=0.0728, weights=0.3839/0.4469/0.1692, sum=1.0000, entropy=0.9341, residual_std=0.1292, scaled_std=0.0094
up3: ca=0.9759+/-0.1879, sa=1.0067+/-0.0068, amp=0.0000, suppress=0.0000, guide_abs=0.2526
up3 residuals: local_mean=1.793e-02, global_mean=0.0391, local_strength=0.1109, global_strength=0.1211, gain=[0.9770,1.0477], saturation=0.0426, text_film=0.0226
up3 haar: reconstruction_error=9.537e-07, skip_low/high=0.7600/0.2400, plam_low/high=1.0000/0.0000
up3 strengths: plam=0.9223, region=0.1109, detail=0.1211; residual_std region/detail/refine=0.4292/0.6121/0.4984
up3 guide_mix: entropy=0.9788, raw_low=0.3350, plam_low=0.1998, decoder_low=0.2798, detail=0.1854; agreement plam/decoder=0.7752/0.2266, support=0.7664+/-0.1063
up3 adaptive_frequency: ALPF strength=0.2881, weights=0.1408/0.4050/0.4542, sum=1.0000, entropy=0.7722, delta_std=0.0825; AHPF strength=0.1136, weights=0.5657/0.1833/0.2510, sum=1.0000, entropy=0.7568, residual_std=0.1270, scaled_std=0.0144
up2: ca=0.8454+/-0.1794, sa=1.0019+/-0.0035, amp=0.0000, suppress=0.0000, guide_abs=0.3090
up2 residuals: local_mean=-1.257e-02, global_mean=0.0300, local_strength=0.1177, global_strength=0.1118, gain=[0.9575,1.0476], saturation=0.0000, text_film=0.0358
up2 haar: reconstruction_error=9.537e-07, skip_low/high=0.8153/0.1847, plam_low/high=1.0000/0.0000
up2 strengths: plam=0.8614, region=0.1177, detail=0.1118; residual_std region/detail/refine=0.2811/0.3402/0.2242
up2 guide_mix: entropy=0.9588, raw_low=0.3301, plam_low=0.1925, decoder_low=0.3323, detail=0.1450; agreement plam/decoder=0.3123/-0.2486, support=0.6130+/-0.0645
up1: ca=0.8314+/-0.1501, sa=1.0040+/-0.0130, amp=0.0000, suppress=0.0000, guide_abs=0.2216
up1 residuals: local_mean=-8.303e-03, global_mean=0.0499, local_strength=0.1261, global_strength=0.1025, gain=[0.9022,1.0971], saturation=0.0029, text_film=0.0339
up1 haar: reconstruction_error=1.431e-06, skip_low/high=0.7416/0.2584, plam_low/high=1.0000/0.0000
up1 strengths: plam=0.9181, region=0.1261, detail=0.1025; residual_std region/detail/refine=0.3641/0.3694/0.1567
up1 guide_mix: entropy=0.9399, raw_low=0.3147, plam_low=0.1984, decoder_low=0.3705, detail=0.1165; agreement plam/decoder=0.3899/-0.0293, support=0.6035+/-0.0855

========= Epoch [32/80] =========
RS1_Test_session_09.12_17h44
Training with batch size : 16
   [Train] Epoch: [32][20/357]  Loss:0.121 (Avg 0.1546) IoU:0.776 (Avg 0.7079) Dice:0.8603 (Avg 0.8111) LR 2.00e-04   (AvgTime 0.6)   
   [Train] Epoch: [32][40/357]  Loss:0.207 (Avg 0.1584) IoU:0.605 (Avg 0.7039) Dice:0.7156 (Avg 0.8048) LR 2.00e-04   (AvgTime 0.6)   
   [Train] Epoch: [32][60/357]  Loss:0.127 (Avg 0.1557) IoU:0.754 (Avg 0.7098) Dice:0.8489 (Avg 0.8104) LR 2.00e-04   (AvgTime 0.6)   
   [Train] Epoch: [32][80/357]  Loss:0.155 (Avg 0.1558) IoU:0.695 (Avg 0.7069) Dice:0.8121 (Avg 0.8079) LR 2.00e-04   (AvgTime 0.6)   
   [Train] Epoch: [32][100/357]  Loss:0.155 (Avg 0.1546) IoU:0.716 (Avg 0.7101) Dice:0.8202 (Avg 0.8113) LR 2.00e-04   (AvgTime 0.6)   
   [Train] Epoch: [32][120/357]  Loss:0.226 (Avg 0.1563) IoU:0.657 (Avg 0.7074) Dice:0.7707 (Avg 0.8095) LR 2.00e-04   (AvgTime 0.6)   
   [Train] Epoch: [32][140/357]  Loss:0.153 (Avg 0.1588) IoU:0.698 (Avg 0.7037) Dice:0.8035 (Avg 0.8064) LR 2.00e-04   (AvgTime 0.6)   
   [Train] Epoch: [32][160/357]  Loss:0.174 (Avg 0.1588) IoU:0.670 (Avg 0.7038) Dice:0.7856 (Avg 0.8066) LR 2.00e-04   (AvgTime 0.6)   
   [Train] Epoch: [32][180/357]  Loss:0.136 (Avg 0.1585) IoU:0.750 (Avg 0.7038) Dice:0.8378 (Avg 0.8067) LR 2.00e-04   (AvgTime 0.6)   
   [Train] Epoch: [32][200/357]  Loss:0.159 (Avg 0.1579) IoU:0.691 (Avg 0.7047) Dice:0.8010 (Avg 0.8075) LR 2.00e-04   (AvgTime 0.6)   
   [Train] Epoch: [32][220/357]  Loss:0.127 (Avg 0.1577) IoU:0.750 (Avg 0.7052) Dice:0.8507 (Avg 0.8080) LR 2.00e-04   (AvgTime 0.6)   
   [Train] Epoch: [32][240/357]  Loss:0.143 (Avg 0.1582) IoU:0.707 (Avg 0.7042) Dice:0.8117 (Avg 0.8072) LR 2.00e-04   (AvgTime 0.6)   
   [Train] Epoch: [32][260/357]  Loss:0.156 (Avg 0.1581) IoU:0.709 (Avg 0.7042) Dice:0.8185 (Avg 0.8075) LR 2.00e-04   (AvgTime 0.6)   
   [Train] Epoch: [32][280/357]  Loss:0.181 (Avg 0.1579) IoU:0.640 (Avg 0.7046) Dice:0.7676 (Avg 0.8076) LR 2.00e-04   (AvgTime 0.6)   
   [Train] Epoch: [32][300/357]  Loss:0.146 (Avg 0.1581) IoU:0.694 (Avg 0.7041) Dice:0.8069 (Avg 0.8073) LR 2.00e-04   (AvgTime 0.6)   
   [Train] Epoch: [32][320/357]  Loss:0.155 (Avg 0.1584) IoU:0.699 (Avg 0.7035) Dice:0.8134 (Avg 0.8069) LR 2.00e-04   (AvgTime 0.6)   
   [Train] Epoch: [32][340/357]  Loss:0.205 (Avg 0.1586) IoU:0.604 (Avg 0.7030) Dice:0.7162 (Avg 0.8064) LR 2.00e-04   (AvgTime 0.6)   
   [Train] Epoch: [32][357/357]  Loss:0.145 (Avg 0.1589) IoU:0.741 (Avg 0.7028) Dice:0.8358 (Avg 0.8063) LR 2.00e-04   (AvgTime 0.6)   
   [Train] Loss components: main_dice=0.163349, main_focal=0.054143, main=0.108746, region_raw=0.390594, region_weighted=0.050118, empty_window_fraction=0.000000, total=0.158864
Validation
   [Val] Epoch: [32][20/90]  Loss:0.217 (Avg 0.1868) IoU:0.661 (Avg 0.6977) Dice:0.7775 (Avg 0.8036) (AvgTime 0.3)   
   [Val] Epoch: [32][40/90]  Loss:0.153 (Avg 0.1904) IoU:0.712 (Avg 0.6832) Dice:0.8176 (Avg 0.7891) (AvgTime 0.3)   
   [Val] Epoch: [32][60/90]  Loss:0.218 (Avg 0.1794) IoU:0.650 (Avg 0.6935) Dice:0.7528 (Avg 0.7962) (AvgTime 0.2)   
   [Val] Epoch: [32][80/90]  Loss:0.164 (Avg 0.1766) IoU:0.686 (Avg 0.6923) Dice:0.7940 (Avg 0.7958) (AvgTime 0.2)   
   [Val] Epoch: [32][90/90]  Loss:0.206 (Avg 0.1762) IoU:0.615 (Avg 0.6925) Dice:0.7439 (Avg 0.7959) (AvgTime 0.2)   
   [Val] Loss components: main_dice=0.172141, main_focal=0.084965, main=0.128553, region_raw=0.371079, region_weighted=0.047614, empty_window_fraction=0.000000, total=0.176167
	 No iou improvement; selected epoch 31
	 early_stopping_count: 1/80
--- Epoch History (1..32) ---
Epoch |  TrainLoss |  TrainDice |  TrainIoU |    ValLoss |    ValDice |    ValIoU |         LR | Best
    1 |     0.3300 |     0.6064 |    0.4771 |     0.2665 |     0.6917 |    0.5661 |   3.00e-04 |     
    2 |     0.2491 |     0.6986 |    0.5752 |     0.2503 |     0.7064 |    0.5831 |   3.00e-04 |     
    3 |     0.2238 |     0.7274 |    0.6082 |     0.2261 |     0.7490 |    0.6315 |   3.00e-04 |     
    4 |     0.2124 |     0.7413 |    0.6243 |     0.1852 |     0.7780 |    0.6672 |   2.99e-04 |     
    5 |     0.2062 |     0.7480 |    0.6318 |     0.1901 |     0.7618 |    0.6483 |   2.98e-04 |     
    6 |     0.2002 |     0.7563 |    0.6416 |     0.1824 |     0.7892 |    0.6820 |   2.97e-04 |     
    7 |     0.1965 |     0.7605 |    0.6471 |     0.1870 |     0.7776 |    0.6673 |   2.96e-04 |     
    8 |     0.1919 |     0.7663 |    0.6535 |     0.1781 |     0.7828 |    0.6722 |   2.94e-04 |     
    9 |     0.1907 |     0.7670 |    0.6549 |     0.1861 |     0.7859 |    0.6771 |   2.92e-04 |     
   10 |     0.1887 |     0.7700 |    0.6581 |     0.1904 |     0.7618 |    0.6500 |   2.91e-04 |     
   11 |     0.1847 |     0.7742 |    0.6630 |     0.1856 |     0.7791 |    0.6667 |   2.88e-04 |     
   12 |     0.1858 |     0.7730 |    0.6619 |     0.1814 |     0.7792 |    0.6699 |   2.86e-04 |     
   13 |     0.1827 |     0.7778 |    0.6673 |     0.1897 |     0.7836 |    0.6741 |   2.83e-04 |     
   14 |     0.1817 |     0.7785 |    0.6690 |     0.1761 |     0.7925 |    0.6846 |   2.80e-04 |     
   15 |     0.1790 |     0.7817 |    0.6727 |     0.1662 |     0.7947 |    0.6887 |   2.77e-04 |     
   16 |     0.1777 |     0.7832 |    0.6748 |     0.1662 |     0.7984 |    0.6933 |   2.74e-04 |     
   17 |     0.1747 |     0.7868 |    0.6787 |     0.1849 |     0.7656 |    0.6528 |   2.71e-04 |     
   18 |     0.1751 |     0.7880 |    0.6794 |     0.1706 |     0.7853 |    0.6776 |   2.67e-04 |     
   19 |     0.1727 |     0.7889 |    0.6813 |     0.1837 |     0.7750 |    0.6655 |   2.63e-04 |     
   20 |     0.1748 |     0.7871 |    0.6790 |     0.1670 |     0.7913 |    0.6862 |   2.59e-04 |     
   21 |     0.1711 |     0.7912 |    0.6837 |     0.1725 |     0.8030 |    0.6988 |   2.55e-04 |     
   22 |     0.1732 |     0.7894 |    0.6818 |     0.1654 |     0.7979 |    0.6947 |   2.51e-04 |     
   23 |     0.1690 |     0.7939 |    0.6878 |     0.1653 |     0.8044 |    0.7012 |   2.46e-04 |     
   24 |     0.1692 |     0.7944 |    0.6884 |     0.1686 |     0.7933 |    0.6847 |   2.42e-04 |     
   25 |     0.1648 |     0.7995 |    0.6940 |     0.1722 |     0.8021 |    0.6982 |   2.37e-04 |     
   26 |     0.1673 |     0.7963 |    0.6902 |     0.1664 |     0.8008 |    0.6962 |   2.32e-04 |     
   27 |     0.1629 |     0.8018 |    0.6970 |     0.1634 |     0.8048 |    0.7008 |   2.27e-04 |     
   28 |     0.1638 |     0.8013 |    0.6962 |     0.1968 |     0.7849 |    0.6766 |   2.22e-04 |     
   29 |     0.1665 |     0.7976 |    0.6924 |     0.1610 |     0.8024 |    0.6985 |   2.17e-04 |     
   30 |     0.1612 |     0.8048 |    0.7005 |     0.1603 |     0.7992 |    0.6949 |   2.11e-04 |     
   31 |     0.1582 |     0.8077 |    0.7041 |     0.1578 |     0.8066 |    0.7026 |   2.06e-04 |    *
   32 |     0.1589 |     0.8063 |    0.7028 |     0.1762 |     0.7959 |    0.6925 |   2.00e-04 |     
--- R2 plus final-map regional overlap: global validation statistics ---
up4: ca=0.8273+/-0.1419, sa=1.0039+/-0.0053, amp=0.0000, suppress=0.0000, guide_abs=0.2806
up4 residuals: local_mean=1.477e-02, global_mean=0.0244, local_strength=0.0787, global_strength=0.1068, gain=[0.9852,1.0239], saturation=0.0000, text_film=0.0048
up4 haar: reconstruction_error=9.537e-07, skip_low/high=0.8021/0.1979, plam_low/high=1.0000/0.0000
up4 strengths: plam=0.9565, region=0.0787, detail=0.1068; residual_std region/detail/refine=0.0205/0.5830/0.5378
up4 guide_mix: entropy=0.9788, raw_low=0.3450, plam_low=0.2366, decoder_low=0.2444, detail=0.1741; agreement plam/decoder=0.9744/0.9184, support=0.4384+/-0.0001
up4 adaptive_frequency: ALPF strength=0.2519, weights=0.1554/0.7042/0.1404, sum=1.0000, entropy=0.7377, delta_std=0.0946; AHPF strength=0.0726, weights=0.4020/0.4363/0.1617, sum=1.0000, entropy=0.9293, residual_std=0.1166, scaled_std=0.0085
up3: ca=0.9758+/-0.1924, sa=1.0067+/-0.0066, amp=0.0000, suppress=0.0000, guide_abs=0.2492
up3 residuals: local_mean=1.763e-02, global_mean=0.0390, local_strength=0.1110, global_strength=0.1214, gain=[0.9722,1.0488], saturation=0.0510, text_film=0.0217
up3 haar: reconstruction_error=9.537e-07, skip_low/high=0.7663/0.2337, plam_low/high=1.0000/0.0000
up3 strengths: plam=0.9207, region=0.1110, detail=0.1214; residual_std region/detail/refine=0.4221/0.6095/0.4980
up3 guide_mix: entropy=0.9775, raw_low=0.3383, plam_low=0.1980, decoder_low=0.2798, detail=0.1839; agreement plam/decoder=0.8270/0.2419, support=0.7827+/-0.0961
up3 adaptive_frequency: ALPF strength=0.2898, weights=0.1357/0.3454/0.5189, sum=1.0000, entropy=0.7360, delta_std=0.0803; AHPF strength=0.1143, weights=0.6445/0.1743/0.1812, sum=1.0000, entropy=0.7043, residual_std=0.1020, scaled_std=0.0117
up2: ca=0.8456+/-0.2032, sa=1.0019+/-0.0037, amp=0.0000, suppress=0.0000, guide_abs=0.3063
up2 residuals: local_mean=-1.248e-02, global_mean=0.0301, local_strength=0.1179, global_strength=0.1118, gain=[0.9635,1.0478], saturation=0.0001, text_film=0.0273
up2 haar: reconstruction_error=1.431e-06, skip_low/high=0.8079/0.1921, plam_low/high=1.0000/0.0000
up2 strengths: plam=0.8581, region=0.1179, detail=0.1118; residual_std region/detail/refine=0.2602/0.3354/0.1977
up2 guide_mix: entropy=0.9539, raw_low=0.3123, plam_low=0.1858, decoder_low=0.3586, detail=0.1434; agreement plam/decoder=0.3113/-0.1958, support=0.6144+/-0.0657
up1: ca=0.8318+/-0.1402, sa=1.0042+/-0.0130, amp=0.0000, suppress=0.0000, guide_abs=0.2086
up1 residuals: local_mean=-8.519e-03, global_mean=0.0524, local_strength=0.1263, global_strength=0.1022, gain=[0.9021,1.0974], saturation=0.0031, text_film=0.0370
up1 haar: reconstruction_error=1.907e-06, skip_low/high=0.7234/0.2766, plam_low/high=1.0000/0.0000
up1 strengths: plam=0.9170, region=0.1263, detail=0.1022; residual_std region/detail/refine=0.3577/0.3662/0.1599
up1 guide_mix: entropy=0.9281, raw_low=0.2517, plam_low=0.2338, decoder_low=0.4115, detail=0.1031; agreement plam/decoder=0.2715/0.0357, support=0.6103+/-0.0895

========= Epoch [33/80] =========
RS1_Test_session_09.12_17h44
Training with batch size : 16
   [Train] Epoch: [33][20/357]  Loss:0.146 (Avg 0.1497) IoU:0.717 (Avg 0.7231) Dice:0.8173 (Avg 0.8238) LR 1.94e-04   (AvgTime 0.6)   
   [Train] Epoch: [33][40/357]  Loss:0.184 (Avg 0.1521) IoU:0.672 (Avg 0.7151) Dice:0.7793 (Avg 0.8172) LR 1.94e-04   (AvgTime 0.6)   
   [Train] Epoch: [33][60/357]  Loss:0.120 (Avg 0.1511) IoU:0.780 (Avg 0.7163) Dice:0.8709 (Avg 0.8192) LR 1.94e-04   (AvgTime 0.6)   
   [Train] Epoch: [33][80/357]  Loss:0.158 (Avg 0.1515) IoU:0.696 (Avg 0.7155) Dice:0.7977 (Avg 0.8183) LR 1.94e-04   (AvgTime 0.6)   
   [Train] Epoch: [33][100/357]  Loss:0.154 (Avg 0.1522) IoU:0.757 (Avg 0.7146) Dice:0.8502 (Avg 0.8170) LR 1.94e-04   (AvgTime 0.6)   
   [Train] Epoch: [33][120/357]  Loss:0.121 (Avg 0.1551) IoU:0.766 (Avg 0.7103) Dice:0.8557 (Avg 0.8135) LR 1.94e-04   (AvgTime 0.6)   
   [Train] Epoch: [33][140/357]  Loss:0.125 (Avg 0.1544) IoU:0.757 (Avg 0.7121) Dice:0.8517 (Avg 0.8143) LR 1.94e-04   (AvgTime 0.6)   
   [Train] Epoch: [33][160/357]  Loss:0.181 (Avg 0.1553) IoU:0.664 (Avg 0.7108) Dice:0.7646 (Avg 0.8131) LR 1.94e-04   (AvgTime 0.6)   
   [Train] Epoch: [33][180/357]  Loss:0.138 (Avg 0.1560) IoU:0.725 (Avg 0.7097) Dice:0.8263 (Avg 0.8122) LR 1.94e-04   (AvgTime 0.6)   
   [Train] Epoch: [33][200/357]  Loss:0.183 (Avg 0.1568) IoU:0.669 (Avg 0.7087) Dice:0.7735 (Avg 0.8113) LR 1.94e-04   (AvgTime 0.6)   
   [Train] Epoch: [33][220/357]  Loss:0.170 (Avg 0.1585) IoU:0.702 (Avg 0.7059) Dice:0.8099 (Avg 0.8087) LR 1.94e-04   (AvgTime 0.6)   
   [Train] Epoch: [33][240/357]  Loss:0.187 (Avg 0.1589) IoU:0.653 (Avg 0.7048) Dice:0.7685 (Avg 0.8081) LR 1.94e-04   (AvgTime 0.6)   
   [Train] Epoch: [33][260/357]  Loss:0.174 (Avg 0.1585) IoU:0.665 (Avg 0.7051) Dice:0.7767 (Avg 0.8085) LR 1.94e-04   (AvgTime 0.6)   
   [Train] Epoch: [33][280/357]  Loss:0.188 (Avg 0.1589) IoU:0.631 (Avg 0.7044) Dice:0.7443 (Avg 0.8080) LR 1.94e-04   (AvgTime 0.6)   
   [Train] Epoch: [33][300/357]  Loss:0.152 (Avg 0.1585) IoU:0.716 (Avg 0.7048) Dice:0.8161 (Avg 0.8082) LR 1.94e-04   (AvgTime 0.6)   
   [Train] Epoch: [33][320/357]  Loss:0.154 (Avg 0.1579) IoU:0.698 (Avg 0.7053) Dice:0.8094 (Avg 0.8087) LR 1.94e-04   (AvgTime 0.6)   
   [Train] Epoch: [33][340/357]  Loss:0.154 (Avg 0.1577) IoU:0.692 (Avg 0.7059) Dice:0.7923 (Avg 0.8092) LR 1.94e-04   (AvgTime 0.6)   
   [Train] Epoch: [33][357/357]  Loss:0.191 (Avg 0.1578) IoU:0.669 (Avg 0.7056) Dice:0.7764 (Avg 0.8089) LR 1.94e-04   (AvgTime 0.6)   
   [Train] Loss components: main_dice=0.161404, main_focal=0.054489, main=0.107946, region_raw=0.388476, region_weighted=0.049846, empty_window_fraction=0.000000, total=0.157793
Validation
   [Val] Epoch: [33][20/90]  Loss:0.211 (Avg 0.1718) IoU:0.643 (Avg 0.7045) Dice:0.7644 (Avg 0.8104) (AvgTime 0.3)   
   [Val] Epoch: [33][40/90]  Loss:0.153 (Avg 0.1783) IoU:0.710 (Avg 0.6907) Dice:0.8182 (Avg 0.7967) (AvgTime 0.2)   
   [Val] Epoch: [33][60/90]  Loss:0.207 (Avg 0.1677) IoU:0.644 (Avg 0.7021) Dice:0.7521 (Avg 0.8047) (AvgTime 0.2)   
   [Val] Epoch: [33][80/90]  Loss:0.152 (Avg 0.1646) IoU:0.706 (Avg 0.7034) Dice:0.8125 (Avg 0.8063) (AvgTime 0.2)   
   [Val] Epoch: [33][90/90]  Loss:0.197 (Avg 0.1652) IoU:0.605 (Avg 0.7026) Dice:0.7335 (Avg 0.8056) (AvgTime 0.2)   
   [Val] Loss components: main_dice=0.164004, main_focal=0.067757, main=0.115881, region_raw=0.384408, region_weighted=0.049324, empty_window_fraction=0.000000, total=0.165205
	 Saving best model by iou: 0.702588
	 Saving to Covid19/BetterLViT/rs1_global_iou/RS1_Test_session_09.12_17h44/models//best_model-BetterLViT.pth.tar
	 early_stopping_count: 0/80
--- Epoch History (1..33) ---
Epoch |  TrainLoss |  TrainDice |  TrainIoU |    ValLoss |    ValDice |    ValIoU |         LR | Best
    1 |     0.3300 |     0.6064 |    0.4771 |     0.2665 |     0.6917 |    0.5661 |   3.00e-04 |     
    2 |     0.2491 |     0.6986 |    0.5752 |     0.2503 |     0.7064 |    0.5831 |   3.00e-04 |     
    3 |     0.2238 |     0.7274 |    0.6082 |     0.2261 |     0.7490 |    0.6315 |   3.00e-04 |     
    4 |     0.2124 |     0.7413 |    0.6243 |     0.1852 |     0.7780 |    0.6672 |   2.99e-04 |     
    5 |     0.2062 |     0.7480 |    0.6318 |     0.1901 |     0.7618 |    0.6483 |   2.98e-04 |     
    6 |     0.2002 |     0.7563 |    0.6416 |     0.1824 |     0.7892 |    0.6820 |   2.97e-04 |     
    7 |     0.1965 |     0.7605 |    0.6471 |     0.1870 |     0.7776 |    0.6673 |   2.96e-04 |     
    8 |     0.1919 |     0.7663 |    0.6535 |     0.1781 |     0.7828 |    0.6722 |   2.94e-04 |     
    9 |     0.1907 |     0.7670 |    0.6549 |     0.1861 |     0.7859 |    0.6771 |   2.92e-04 |     
   10 |     0.1887 |     0.7700 |    0.6581 |     0.1904 |     0.7618 |    0.6500 |   2.91e-04 |     
   11 |     0.1847 |     0.7742 |    0.6630 |     0.1856 |     0.7791 |    0.6667 |   2.88e-04 |     
   12 |     0.1858 |     0.7730 |    0.6619 |     0.1814 |     0.7792 |    0.6699 |   2.86e-04 |     
   13 |     0.1827 |     0.7778 |    0.6673 |     0.1897 |     0.7836 |    0.6741 |   2.83e-04 |     
   14 |     0.1817 |     0.7785 |    0.6690 |     0.1761 |     0.7925 |    0.6846 |   2.80e-04 |     
   15 |     0.1790 |     0.7817 |    0.6727 |     0.1662 |     0.7947 |    0.6887 |   2.77e-04 |     
   16 |     0.1777 |     0.7832 |    0.6748 |     0.1662 |     0.7984 |    0.6933 |   2.74e-04 |     
   17 |     0.1747 |     0.7868 |    0.6787 |     0.1849 |     0.7656 |    0.6528 |   2.71e-04 |     
   18 |     0.1751 |     0.7880 |    0.6794 |     0.1706 |     0.7853 |    0.6776 |   2.67e-04 |     
   19 |     0.1727 |     0.7889 |    0.6813 |     0.1837 |     0.7750 |    0.6655 |   2.63e-04 |     
   20 |     0.1748 |     0.7871 |    0.6790 |     0.1670 |     0.7913 |    0.6862 |   2.59e-04 |     
   21 |     0.1711 |     0.7912 |    0.6837 |     0.1725 |     0.8030 |    0.6988 |   2.55e-04 |     
   22 |     0.1732 |     0.7894 |    0.6818 |     0.1654 |     0.7979 |    0.6947 |   2.51e-04 |     
   23 |     0.1690 |     0.7939 |    0.6878 |     0.1653 |     0.8044 |    0.7012 |   2.46e-04 |     
   24 |     0.1692 |     0.7944 |    0.6884 |     0.1686 |     0.7933 |    0.6847 |   2.42e-04 |     
   25 |     0.1648 |     0.7995 |    0.6940 |     0.1722 |     0.8021 |    0.6982 |   2.37e-04 |     
   26 |     0.1673 |     0.7963 |    0.6902 |     0.1664 |     0.8008 |    0.6962 |   2.32e-04 |     
   27 |     0.1629 |     0.8018 |    0.6970 |     0.1634 |     0.8048 |    0.7008 |   2.27e-04 |     
   28 |     0.1638 |     0.8013 |    0.6962 |     0.1968 |     0.7849 |    0.6766 |   2.22e-04 |     
   29 |     0.1665 |     0.7976 |    0.6924 |     0.1610 |     0.8024 |    0.6985 |   2.17e-04 |     
   30 |     0.1612 |     0.8048 |    0.7005 |     0.1603 |     0.7992 |    0.6949 |   2.11e-04 |     
   31 |     0.1582 |     0.8077 |    0.7041 |     0.1578 |     0.8066 |    0.7026 |   2.06e-04 |     
   32 |     0.1589 |     0.8063 |    0.7028 |     0.1762 |     0.7959 |    0.6925 |   2.00e-04 |     
   33 |     0.1578 |     0.8089 |    0.7056 |     0.1652 |     0.8056 |    0.7026 |   1.94e-04 |    *
--- R2 plus final-map regional overlap: global validation statistics ---
up4: ca=0.8443+/-0.1407, sa=1.0038+/-0.0045, amp=0.0000, suppress=0.0000, guide_abs=0.3571
up4 residuals: local_mean=1.667e-02, global_mean=0.0223, local_strength=0.0786, global_strength=0.1070, gain=[0.9851,1.0187], saturation=0.0000, text_film=0.0048
up4 haar: reconstruction_error=9.537e-07, skip_low/high=0.8002/0.1998, plam_low/high=1.0000/0.0000
up4 strengths: plam=0.9563, region=0.0786, detail=0.1070; residual_std region/detail/refine=0.0200/0.5801/0.5319
up4 guide_mix: entropy=0.9765, raw_low=0.3498, plam_low=0.2134, decoder_low=0.2597, detail=0.1771; agreement plam/decoder=0.8870/0.9294, support=0.4387+/-0.0000
up4 adaptive_frequency: ALPF strength=0.2529, weights=0.1565/0.7015/0.1420, sum=1.0000, entropy=0.7418, delta_std=0.1005; AHPF strength=0.0724, weights=0.3872/0.4468/0.1660, sum=1.0000, entropy=0.9309, residual_std=0.1237, scaled_std=0.0090
up3: ca=0.9694+/-0.1849, sa=1.0070+/-0.0061, amp=0.0000, suppress=0.0000, guide_abs=0.2687
up3 residuals: local_mean=1.855e-02, global_mean=0.0409, local_strength=0.1110, global_strength=0.1215, gain=[0.9793,1.0582], saturation=0.0809, text_film=0.0234
up3 haar: reconstruction_error=9.537e-07, skip_low/high=0.7688/0.2312, plam_low/high=1.0000/0.0000
up3 strengths: plam=0.9198, region=0.1110, detail=0.1215; residual_std region/detail/refine=0.4238/0.6021/0.4890
up3 guide_mix: entropy=0.9786, raw_low=0.3350, plam_low=0.2065, decoder_low=0.2787, detail=0.1797; agreement plam/decoder=0.8171/0.2273, support=0.8038+/-0.0947
up3 adaptive_frequency: ALPF strength=0.2916, weights=0.1092/0.3016/0.5893, sum=1.0000, entropy=0.7039, delta_std=0.0843; AHPF strength=0.1149, weights=0.7060/0.1546/0.1394, sum=1.0000, entropy=0.6382, residual_std=0.0833, scaled_std=0.0096
up2: ca=0.8421+/-0.2320, sa=1.0021+/-0.0037, amp=0.0000, suppress=0.0000, guide_abs=0.2803
up2 residuals: local_mean=-1.249e-02, global_mean=0.0316, local_strength=0.1181, global_strength=0.1118, gain=[0.9547,1.0525], saturation=0.0006, text_film=0.0540
up2 haar: reconstruction_error=9.537e-07, skip_low/high=0.8196/0.1804, plam_low/high=1.0000/0.0000
up2 strengths: plam=0.8543, region=0.1181, detail=0.1118; residual_std region/detail/refine=0.3020/0.3236/0.1934
up2 guide_mix: entropy=0.9615, raw_low=0.3378, plam_low=0.1995, decoder_low=0.3172, detail=0.1455; agreement plam/decoder=0.2767/-0.1983, support=0.6066+/-0.0723
up1: ca=0.8248+/-0.1485, sa=1.0046+/-0.0132, amp=0.0000, suppress=0.0000, guide_abs=0.2852
up1 residuals: local_mean=-6.025e-03, global_mean=0.0535, local_strength=0.1265, global_strength=0.1020, gain=[0.9021,1.0970], saturation=0.0057, text_film=0.0322
up1 haar: reconstruction_error=1.907e-06, skip_low/high=0.7445/0.2555, plam_low/high=1.0000/0.0000
up1 strengths: plam=0.9165, region=0.1265, detail=0.1020; residual_std region/detail/refine=0.3396/0.3794/0.1631
up1 guide_mix: entropy=0.9392, raw_low=0.3240, plam_low=0.1926, decoder_low=0.3658, detail=0.1176; agreement plam/decoder=0.2836/-0.0469, support=0.6328+/-0.0872

========= Epoch [34/80] =========
RS1_Test_session_09.12_17h44
Training with batch size : 16
   [Train] Epoch: [34][20/357]  Loss:0.188 (Avg 0.1562) IoU:0.665 (Avg 0.7068) Dice:0.7672 (Avg 0.8103) LR 1.89e-04   (AvgTime 0.6)   
   [Train] Epoch: [34][40/357]  Loss:0.140 (Avg 0.1521) IoU:0.731 (Avg 0.7135) Dice:0.8258 (Avg 0.8147) LR 1.89e-04   (AvgTime 0.6)   
   [Train] Epoch: [34][60/357]  Loss:0.151 (Avg 0.1539) IoU:0.762 (Avg 0.7123) Dice:0.8582 (Avg 0.8135) LR 1.89e-04   (AvgTime 0.6)   
   [Train] Epoch: [34][80/357]  Loss:0.168 (Avg 0.1538) IoU:0.689 (Avg 0.7116) Dice:0.7980 (Avg 0.8131) LR 1.89e-04   (AvgTime 0.6)   
   [Train] Epoch: [34][100/357]  Loss:0.151 (Avg 0.1519) IoU:0.733 (Avg 0.7143) Dice:0.8284 (Avg 0.8152) LR 1.89e-04   (AvgTime 0.6)   
   [Train] Epoch: [34][120/357]  Loss:0.171 (Avg 0.1534) IoU:0.683 (Avg 0.7126) Dice:0.7926 (Avg 0.8137) LR 1.89e-04   (AvgTime 0.6)   
   [Train] Epoch: [34][140/357]  Loss:0.144 (Avg 0.1544) IoU:0.736 (Avg 0.7116) Dice:0.8377 (Avg 0.8129) LR 1.89e-04   (AvgTime 0.6)   
   [Train] Epoch: [34][160/357]  Loss:0.163 (Avg 0.1534) IoU:0.718 (Avg 0.7127) Dice:0.8250 (Avg 0.8141) LR 1.89e-04   (AvgTime 0.6)   
   [Train] Epoch: [34][180/357]  Loss:0.164 (Avg 0.1545) IoU:0.698 (Avg 0.7104) Dice:0.8082 (Avg 0.8123) LR 1.89e-04   (AvgTime 0.6)   
   [Train] Epoch: [34][200/357]  Loss:0.087 (Avg 0.1542) IoU:0.842 (Avg 0.7113) Dice:0.9120 (Avg 0.8130) LR 1.89e-04   (AvgTime 0.6)   
   [Train] Epoch: [34][220/357]  Loss:0.173 (Avg 0.1548) IoU:0.672 (Avg 0.7100) Dice:0.7865 (Avg 0.8120) LR 1.89e-04   (AvgTime 0.6)   
   [Train] Epoch: [34][240/357]  Loss:0.148 (Avg 0.1546) IoU:0.707 (Avg 0.7103) Dice:0.8154 (Avg 0.8122) LR 1.89e-04   (AvgTime 0.6)   
   [Train] Epoch: [34][260/357]  Loss:0.173 (Avg 0.1559) IoU:0.709 (Avg 0.7084) Dice:0.8079 (Avg 0.8104) LR 1.89e-04   (AvgTime 0.6)   
   [Train] Epoch: [34][280/357]  Loss:0.160 (Avg 0.1566) IoU:0.696 (Avg 0.7071) Dice:0.8132 (Avg 0.8095) LR 1.89e-04   (AvgTime 0.6)   
   [Train] Epoch: [34][300/357]  Loss:0.165 (Avg 0.1570) IoU:0.686 (Avg 0.7068) Dice:0.8043 (Avg 0.8093) LR 1.89e-04   (AvgTime 0.6)   
   [Train] Epoch: [34][320/357]  Loss:0.113 (Avg 0.1569) IoU:0.770 (Avg 0.7067) Dice:0.8642 (Avg 0.8094) LR 1.89e-04   (AvgTime 0.6)   
   [Train] Epoch: [34][340/357]  Loss:0.151 (Avg 0.1565) IoU:0.712 (Avg 0.7075) Dice:0.8121 (Avg 0.8098) LR 1.89e-04   (AvgTime 0.6)   
   [Train] Epoch: [34][357/357]  Loss:0.144 (Avg 0.1562) IoU:0.736 (Avg 0.7078) Dice:0.8334 (Avg 0.8101) LR 1.89e-04   (AvgTime 0.6)   
   [Train] Loss components: main_dice=0.160210, main_focal=0.053187, main=0.106698, region_raw=0.385563, region_weighted=0.049472, empty_window_fraction=0.000000, total=0.156171
Validation
   [Val] Epoch: [34][20/90]  Loss:0.197 (Avg 0.1602) IoU:0.665 (Avg 0.7178) Dice:0.7833 (Avg 0.8206) (AvgTime 0.3)   
   [Val] Epoch: [34][40/90]  Loss:0.145 (Avg 0.1686) IoU:0.721 (Avg 0.7000) Dice:0.8234 (Avg 0.8037) (AvgTime 0.2)   
   [Val] Epoch: [34][60/90]  Loss:0.205 (Avg 0.1601) IoU:0.651 (Avg 0.7098) Dice:0.7581 (Avg 0.8102) (AvgTime 0.2)   
   [Val] Epoch: [34][80/90]  Loss:0.145 (Avg 0.1587) IoU:0.714 (Avg 0.7095) Dice:0.8161 (Avg 0.8102) (AvgTime 0.2)   
   [Val] Epoch: [34][90/90]  Loss:0.195 (Avg 0.1586) IoU:0.622 (Avg 0.7098) Dice:0.7462 (Avg 0.8105) (AvgTime 0.2)   
   [Val] Loss components: main_dice=0.158898, main_focal=0.063205, main=0.111052, region_raw=0.370863, region_weighted=0.047586, empty_window_fraction=0.000000, total=0.158638
	 Saving best model by iou: 0.709758
	 Saving to Covid19/BetterLViT/rs1_global_iou/RS1_Test_session_09.12_17h44/models//best_model-BetterLViT.pth.tar
	 early_stopping_count: 0/80
--- Epoch History (1..34) ---
Epoch |  TrainLoss |  TrainDice |  TrainIoU |    ValLoss |    ValDice |    ValIoU |         LR | Best
    1 |     0.3300 |     0.6064 |    0.4771 |     0.2665 |     0.6917 |    0.5661 |   3.00e-04 |     
    2 |     0.2491 |     0.6986 |    0.5752 |     0.2503 |     0.7064 |    0.5831 |   3.00e-04 |     
    3 |     0.2238 |     0.7274 |    0.6082 |     0.2261 |     0.7490 |    0.6315 |   3.00e-04 |     
    4 |     0.2124 |     0.7413 |    0.6243 |     0.1852 |     0.7780 |    0.6672 |   2.99e-04 |     
    5 |     0.2062 |     0.7480 |    0.6318 |     0.1901 |     0.7618 |    0.6483 |   2.98e-04 |     
    6 |     0.2002 |     0.7563 |    0.6416 |     0.1824 |     0.7892 |    0.6820 |   2.97e-04 |     
    7 |     0.1965 |     0.7605 |    0.6471 |     0.1870 |     0.7776 |    0.6673 |   2.96e-04 |     
    8 |     0.1919 |     0.7663 |    0.6535 |     0.1781 |     0.7828 |    0.6722 |   2.94e-04 |     
    9 |     0.1907 |     0.7670 |    0.6549 |     0.1861 |     0.7859 |    0.6771 |   2.92e-04 |     
   10 |     0.1887 |     0.7700 |    0.6581 |     0.1904 |     0.7618 |    0.6500 |   2.91e-04 |     
   11 |     0.1847 |     0.7742 |    0.6630 |     0.1856 |     0.7791 |    0.6667 |   2.88e-04 |     
   12 |     0.1858 |     0.7730 |    0.6619 |     0.1814 |     0.7792 |    0.6699 |   2.86e-04 |     
   13 |     0.1827 |     0.7778 |    0.6673 |     0.1897 |     0.7836 |    0.6741 |   2.83e-04 |     
   14 |     0.1817 |     0.7785 |    0.6690 |     0.1761 |     0.7925 |    0.6846 |   2.80e-04 |     
   15 |     0.1790 |     0.7817 |    0.6727 |     0.1662 |     0.7947 |    0.6887 |   2.77e-04 |     
   16 |     0.1777 |     0.7832 |    0.6748 |     0.1662 |     0.7984 |    0.6933 |   2.74e-04 |     
   17 |     0.1747 |     0.7868 |    0.6787 |     0.1849 |     0.7656 |    0.6528 |   2.71e-04 |     
   18 |     0.1751 |     0.7880 |    0.6794 |     0.1706 |     0.7853 |    0.6776 |   2.67e-04 |     
   19 |     0.1727 |     0.7889 |    0.6813 |     0.1837 |     0.7750 |    0.6655 |   2.63e-04 |     
   20 |     0.1748 |     0.7871 |    0.6790 |     0.1670 |     0.7913 |    0.6862 |   2.59e-04 |     
   21 |     0.1711 |     0.7912 |    0.6837 |     0.1725 |     0.8030 |    0.6988 |   2.55e-04 |     
   22 |     0.1732 |     0.7894 |    0.6818 |     0.1654 |     0.7979 |    0.6947 |   2.51e-04 |     
   23 |     0.1690 |     0.7939 |    0.6878 |     0.1653 |     0.8044 |    0.7012 |   2.46e-04 |     
   24 |     0.1692 |     0.7944 |    0.6884 |     0.1686 |     0.7933 |    0.6847 |   2.42e-04 |     
   25 |     0.1648 |     0.7995 |    0.6940 |     0.1722 |     0.8021 |    0.6982 |   2.37e-04 |     
   26 |     0.1673 |     0.7963 |    0.6902 |     0.1664 |     0.8008 |    0.6962 |   2.32e-04 |     
   27 |     0.1629 |     0.8018 |    0.6970 |     0.1634 |     0.8048 |    0.7008 |   2.27e-04 |     
   28 |     0.1638 |     0.8013 |    0.6962 |     0.1968 |     0.7849 |    0.6766 |   2.22e-04 |     
   29 |     0.1665 |     0.7976 |    0.6924 |     0.1610 |     0.8024 |    0.6985 |   2.17e-04 |     
   30 |     0.1612 |     0.8048 |    0.7005 |     0.1603 |     0.7992 |    0.6949 |   2.11e-04 |     
   31 |     0.1582 |     0.8077 |    0.7041 |     0.1578 |     0.8066 |    0.7026 |   2.06e-04 |     
   32 |     0.1589 |     0.8063 |    0.7028 |     0.1762 |     0.7959 |    0.6925 |   2.00e-04 |     
   33 |     0.1578 |     0.8089 |    0.7056 |     0.1652 |     0.8056 |    0.7026 |   1.94e-04 |     
   34 |     0.1562 |     0.8101 |    0.7078 |     0.1586 |     0.8105 |    0.7098 |   1.89e-04 |    *
--- R2 plus final-map regional overlap: global validation statistics ---
up4: ca=0.8401+/-0.1364, sa=1.0046+/-0.0043, amp=0.0000, suppress=0.0000, guide_abs=0.2317
up4 residuals: local_mean=1.729e-02, global_mean=0.0295, local_strength=0.0785, global_strength=0.1072, gain=[0.9876,1.0217], saturation=0.0000, text_film=0.0048
up4 haar: reconstruction_error=9.537e-07, skip_low/high=0.8118/0.1882, plam_low/high=1.0000/0.0000
up4 strengths: plam=0.9557, region=0.0785, detail=0.1072; residual_std region/detail/refine=0.0203/0.5847/0.5442
up4 guide_mix: entropy=0.9774, raw_low=0.3475, plam_low=0.2325, decoder_low=0.2482, detail=0.1718; agreement plam/decoder=0.9194/0.6447, support=0.4390+/-0.0000
up4 adaptive_frequency: ALPF strength=0.2534, weights=0.1502/0.7073/0.1424, sum=1.0000, entropy=0.7337, delta_std=0.0941; AHPF strength=0.0722, weights=0.3794/0.4524/0.1683, sum=1.0000, entropy=0.9323, residual_std=0.1153, scaled_std=0.0083
up3: ca=0.9761+/-0.1830, sa=1.0072+/-0.0062, amp=0.0000, suppress=0.0000, guide_abs=0.2895
up3 residuals: local_mean=2.130e-02, global_mean=0.0399, local_strength=0.1112, global_strength=0.1217, gain=[0.9802,1.0523], saturation=0.0704, text_film=0.0223
up3 haar: reconstruction_error=9.537e-07, skip_low/high=0.7650/0.2350, plam_low/high=1.0000/0.0000
up3 strengths: plam=0.9183, region=0.1112, detail=0.1217; residual_std region/detail/refine=0.4299/0.6010/0.4963
up3 guide_mix: entropy=0.9811, raw_low=0.3218, plam_low=0.2170, decoder_low=0.2848, detail=0.1763; agreement plam/decoder=0.6808/0.1460, support=0.7967+/-0.0936
up3 adaptive_frequency: ALPF strength=0.2934, weights=0.1527/0.4076/0.4397, sum=1.0000, entropy=0.7688, delta_std=0.0763; AHPF strength=0.1157, weights=0.5858/0.1821/0.2321, sum=1.0000, entropy=0.7272, residual_std=0.1067, scaled_std=0.0123
up2: ca=0.8371+/-0.1724, sa=1.0023+/-0.0036, amp=0.0000, suppress=0.0000, guide_abs=0.2939
up2 residuals: local_mean=-1.223e-02, global_mean=0.0334, local_strength=0.1182, global_strength=0.1119, gain=[0.9638,1.0466], saturation=0.0013, text_film=0.0413
up2 haar: reconstruction_error=1.024e-06, skip_low/high=0.8131/0.1869, plam_low/high=1.0000/0.0000
up2 strengths: plam=0.8512, region=0.1182, detail=0.1119; residual_std region/detail/refine=0.2961/0.3319/0.1985
up2 guide_mix: entropy=0.9634, raw_low=0.3298, plam_low=0.2009, decoder_low=0.3216, detail=0.1477; agreement plam/decoder=0.2258/-0.2270, support=0.5986+/-0.0724
up1: ca=0.8268+/-0.1487, sa=1.0047+/-0.0130, amp=0.0000, suppress=0.0000, guide_abs=0.2614
up1 residuals: local_mean=-6.882e-03, global_mean=0.0559, local_strength=0.1266, global_strength=0.1016, gain=[0.9027,1.0970], saturation=0.0028, text_film=0.0330
up1 haar: reconstruction_error=1.431e-06, skip_low/high=0.7306/0.2694, plam_low/high=1.0000/0.0000
up1 strengths: plam=0.9160, region=0.1266, detail=0.1016; residual_std region/detail/refine=0.3451/0.3738/0.1654
up1 guide_mix: entropy=0.9458, raw_low=0.2868, plam_low=0.2322, decoder_low=0.3683, detail=0.1127; agreement plam/decoder=0.4751/0.1245, support=0.6161+/-0.0901

========= Epoch [35/80] =========
RS1_Test_session_09.12_17h44
Training with batch size : 16
   [Train] Epoch: [35][20/357]  Loss:0.159 (Avg 0.1564) IoU:0.691 (Avg 0.7034) Dice:0.8027 (Avg 0.8039) LR 1.83e-04   (AvgTime 0.6)   
   [Train] Epoch: [35][40/357]  Loss:0.144 (Avg 0.1560) IoU:0.733 (Avg 0.7031) Dice:0.8297 (Avg 0.8056) LR 1.83e-04   (AvgTime 0.6)   
   [Train] Epoch: [35][60/357]  Loss:0.148 (Avg 0.1551) IoU:0.725 (Avg 0.7067) Dice:0.8329 (Avg 0.8085) LR 1.83e-04   (AvgTime 0.6)   
   [Train] Epoch: [35][80/357]  Loss:0.134 (Avg 0.1557) IoU:0.748 (Avg 0.7059) Dice:0.8413 (Avg 0.8085) LR 1.83e-04   (AvgTime 0.6)   
   [Train] Epoch: [35][100/357]  Loss:0.115 (Avg 0.1544) IoU:0.774 (Avg 0.7075) Dice:0.8611 (Avg 0.8100) LR 1.83e-04   (AvgTime 0.6)   
   [Train] Epoch: [35][120/357]  Loss:0.161 (Avg 0.1554) IoU:0.698 (Avg 0.7062) Dice:0.8055 (Avg 0.8094) LR 1.83e-04   (AvgTime 0.6)   
   [Train] Epoch: [35][140/357]  Loss:0.142 (Avg 0.1563) IoU:0.744 (Avg 0.7057) Dice:0.8423 (Avg 0.8086) LR 1.83e-04   (AvgTime 0.6)   
   [Train] Epoch: [35][160/357]  Loss:0.182 (Avg 0.1542) IoU:0.660 (Avg 0.7095) Dice:0.7756 (Avg 0.8119) LR 1.83e-04   (AvgTime 0.6)   
   [Train] Epoch: [35][180/357]  Loss:0.135 (Avg 0.1548) IoU:0.742 (Avg 0.7087) Dice:0.8383 (Avg 0.8110) LR 1.83e-04   (AvgTime 0.6)   
   [Train] Epoch: [35][200/357]  Loss:0.117 (Avg 0.1544) IoU:0.785 (Avg 0.7094) Dice:0.8767 (Avg 0.8117) LR 1.83e-04   (AvgTime 0.6)   
   [Train] Epoch: [35][220/357]  Loss:0.177 (Avg 0.1545) IoU:0.667 (Avg 0.7095) Dice:0.7810 (Avg 0.8117) LR 1.83e-04   (AvgTime 0.6)   
   [Train] Epoch: [35][240/357]  Loss:0.177 (Avg 0.1542) IoU:0.672 (Avg 0.7094) Dice:0.7839 (Avg 0.8118) LR 1.83e-04   (AvgTime 0.6)   
   [Train] Epoch: [35][260/357]  Loss:0.165 (Avg 0.1553) IoU:0.755 (Avg 0.7084) Dice:0.8530 (Avg 0.8109) LR 1.83e-04   (AvgTime 0.6)   
   [Train] Epoch: [35][280/357]  Loss:0.122 (Avg 0.1551) IoU:0.762 (Avg 0.7085) Dice:0.8549 (Avg 0.8108) LR 1.83e-04   (AvgTime 0.6)   
   [Train] Epoch: [35][300/357]  Loss:0.166 (Avg 0.1551) IoU:0.699 (Avg 0.7087) Dice:0.8081 (Avg 0.8111) LR 1.83e-04   (AvgTime 0.6)   
   [Train] Epoch: [35][320/357]  Loss:0.151 (Avg 0.1555) IoU:0.727 (Avg 0.7080) Dice:0.8280 (Avg 0.8106) LR 1.83e-04   (AvgTime 0.6)   
   [Train] Epoch: [35][340/357]  Loss:0.132 (Avg 0.1554) IoU:0.724 (Avg 0.7083) Dice:0.8303 (Avg 0.8109) LR 1.83e-04   (AvgTime 0.6)   
   [Train] Epoch: [35][357/357]  Loss:0.150 (Avg 0.1559) IoU:0.712 (Avg 0.7081) Dice:0.8114 (Avg 0.8105) LR 1.83e-04   (AvgTime 0.6)   
   [Train] Loss components: main_dice=0.159738, main_focal=0.053483, main=0.106611, region_raw=0.383907, region_weighted=0.049260, empty_window_fraction=0.000000, total=0.155870
Validation
   [Val] Epoch: [35][20/90]  Loss:0.193 (Avg 0.1597) IoU:0.665 (Avg 0.7138) Dice:0.7833 (Avg 0.8179) (AvgTime 0.3)   
   [Val] Epoch: [35][40/90]  Loss:0.140 (Avg 0.1669) IoU:0.720 (Avg 0.6986) Dice:0.8257 (Avg 0.8034) (AvgTime 0.2)   
   [Val] Epoch: [35][60/90]  Loss:0.203 (Avg 0.1579) IoU:0.640 (Avg 0.7086) Dice:0.7470 (Avg 0.8097) (AvgTime 0.2)   
   [Val] Epoch: [35][80/90]  Loss:0.148 (Avg 0.1574) IoU:0.708 (Avg 0.7069) Dice:0.8149 (Avg 0.8088) (AvgTime 0.2)   
   [Val] Epoch: [35][90/90]  Loss:0.180 (Avg 0.1568) IoU:0.641 (Avg 0.7075) Dice:0.7660 (Avg 0.8093) (AvgTime 0.2)   
   [Val] Loss components: main_dice=0.160880, main_focal=0.055692, main=0.108286, region_raw=0.378210, region_weighted=0.048529, empty_window_fraction=0.000000, total=0.156815
	 No iou improvement; selected epoch 34
	 early_stopping_count: 1/80
--- Epoch History (1..35) ---
Epoch |  TrainLoss |  TrainDice |  TrainIoU |    ValLoss |    ValDice |    ValIoU |         LR | Best
    1 |     0.3300 |     0.6064 |    0.4771 |     0.2665 |     0.6917 |    0.5661 |   3.00e-04 |     
    2 |     0.2491 |     0.6986 |    0.5752 |     0.2503 |     0.7064 |    0.5831 |   3.00e-04 |     
    3 |     0.2238 |     0.7274 |    0.6082 |     0.2261 |     0.7490 |    0.6315 |   3.00e-04 |     
    4 |     0.2124 |     0.7413 |    0.6243 |     0.1852 |     0.7780 |    0.6672 |   2.99e-04 |     
    5 |     0.2062 |     0.7480 |    0.6318 |     0.1901 |     0.7618 |    0.6483 |   2.98e-04 |     
    6 |     0.2002 |     0.7563 |    0.6416 |     0.1824 |     0.7892 |    0.6820 |   2.97e-04 |     
    7 |     0.1965 |     0.7605 |    0.6471 |     0.1870 |     0.7776 |    0.6673 |   2.96e-04 |     
    8 |     0.1919 |     0.7663 |    0.6535 |     0.1781 |     0.7828 |    0.6722 |   2.94e-04 |     
    9 |     0.1907 |     0.7670 |    0.6549 |     0.1861 |     0.7859 |    0.6771 |   2.92e-04 |     
   10 |     0.1887 |     0.7700 |    0.6581 |     0.1904 |     0.7618 |    0.6500 |   2.91e-04 |     
   11 |     0.1847 |     0.7742 |    0.6630 |     0.1856 |     0.7791 |    0.6667 |   2.88e-04 |     
   12 |     0.1858 |     0.7730 |    0.6619 |     0.1814 |     0.7792 |    0.6699 |   2.86e-04 |     
   13 |     0.1827 |     0.7778 |    0.6673 |     0.1897 |     0.7836 |    0.6741 |   2.83e-04 |     
   14 |     0.1817 |     0.7785 |    0.6690 |     0.1761 |     0.7925 |    0.6846 |   2.80e-04 |     
   15 |     0.1790 |     0.7817 |    0.6727 |     0.1662 |     0.7947 |    0.6887 |   2.77e-04 |     
   16 |     0.1777 |     0.7832 |    0.6748 |     0.1662 |     0.7984 |    0.6933 |   2.74e-04 |     
   17 |     0.1747 |     0.7868 |    0.6787 |     0.1849 |     0.7656 |    0.6528 |   2.71e-04 |     
   18 |     0.1751 |     0.7880 |    0.6794 |     0.1706 |     0.7853 |    0.6776 |   2.67e-04 |     
   19 |     0.1727 |     0.7889 |    0.6813 |     0.1837 |     0.7750 |    0.6655 |   2.63e-04 |     
   20 |     0.1748 |     0.7871 |    0.6790 |     0.1670 |     0.7913 |    0.6862 |   2.59e-04 |     
   21 |     0.1711 |     0.7912 |    0.6837 |     0.1725 |     0.8030 |    0.6988 |   2.55e-04 |     
   22 |     0.1732 |     0.7894 |    0.6818 |     0.1654 |     0.7979 |    0.6947 |   2.51e-04 |     
   23 |     0.1690 |     0.7939 |    0.6878 |     0.1653 |     0.8044 |    0.7012 |   2.46e-04 |     
   24 |     0.1692 |     0.7944 |    0.6884 |     0.1686 |     0.7933 |    0.6847 |   2.42e-04 |     
   25 |     0.1648 |     0.7995 |    0.6940 |     0.1722 |     0.8021 |    0.6982 |   2.37e-04 |     
   26 |     0.1673 |     0.7963 |    0.6902 |     0.1664 |     0.8008 |    0.6962 |   2.32e-04 |     
   27 |     0.1629 |     0.8018 |    0.6970 |     0.1634 |     0.8048 |    0.7008 |   2.27e-04 |     
   28 |     0.1638 |     0.8013 |    0.6962 |     0.1968 |     0.7849 |    0.6766 |   2.22e-04 |     
   29 |     0.1665 |     0.7976 |    0.6924 |     0.1610 |     0.8024 |    0.6985 |   2.17e-04 |     
   30 |     0.1612 |     0.8048 |    0.7005 |     0.1603 |     0.7992 |    0.6949 |   2.11e-04 |     
   31 |     0.1582 |     0.8077 |    0.7041 |     0.1578 |     0.8066 |    0.7026 |   2.06e-04 |     
   32 |     0.1589 |     0.8063 |    0.7028 |     0.1762 |     0.7959 |    0.6925 |   2.00e-04 |     
   33 |     0.1578 |     0.8089 |    0.7056 |     0.1652 |     0.8056 |    0.7026 |   1.94e-04 |     
   34 |     0.1562 |     0.8101 |    0.7078 |     0.1586 |     0.8105 |    0.7098 |   1.89e-04 |    *
   35 |     0.1559 |     0.8105 |    0.7081 |     0.1568 |     0.8093 |    0.7075 |   1.83e-04 |     
--- R2 plus final-map regional overlap: global validation statistics ---
up4: ca=0.8469+/-0.1371, sa=1.0049+/-0.0044, amp=0.0000, suppress=0.0000, guide_abs=0.2678
up4 residuals: local_mean=1.652e-02, global_mean=0.0324, local_strength=0.0779, global_strength=0.1074, gain=[0.9849,1.0251], saturation=0.0000, text_film=0.0049
up4 haar: reconstruction_error=9.537e-07, skip_low/high=0.8018/0.1982, plam_low/high=1.0000/0.0000
up4 strengths: plam=0.9558, region=0.0779, detail=0.1074; residual_std region/detail/refine=0.0209/0.5813/0.5421
up4 guide_mix: entropy=0.9777, raw_low=0.3501, plam_low=0.2383, decoder_low=0.2363, detail=0.1753; agreement plam/decoder=0.9579/0.9533, support=0.4360+/-0.0001
up4 adaptive_frequency: ALPF strength=0.2546, weights=0.1453/0.7027/0.1520, sum=1.0000, entropy=0.7400, delta_std=0.0910; AHPF strength=0.0721, weights=0.3833/0.4495/0.1673, sum=1.0000, entropy=0.9318, residual_std=0.1135, scaled_std=0.0082
up3: ca=0.9767+/-0.1862, sa=1.0075+/-0.0062, amp=0.0000, suppress=0.0000, guide_abs=0.2345
up3 residuals: local_mean=2.168e-02, global_mean=0.0417, local_strength=0.1112, global_strength=0.1219, gain=[0.9795,1.0436], saturation=0.0469, text_film=0.0207
up3 haar: reconstruction_error=9.537e-07, skip_low/high=0.7675/0.2325, plam_low/high=1.0000/0.0000
up3 strengths: plam=0.9173, region=0.1112, detail=0.1219; residual_std region/detail/refine=0.4224/0.6053/0.5092
up3 guide_mix: entropy=0.9787, raw_low=0.3269, plam_low=0.2049, decoder_low=0.2897, detail=0.1785; agreement plam/decoder=0.7325/0.0853, support=0.7681+/-0.1044
up3 adaptive_frequency: ALPF strength=0.2952, weights=0.1182/0.3267/0.5551, sum=1.0000, entropy=0.6985, delta_std=0.0783; AHPF strength=0.1166, weights=0.6313/0.1624/0.2063, sum=1.0000, entropy=0.6890, residual_std=0.1021, scaled_std=0.0119
up2: ca=0.8358+/-0.1735, sa=1.0022+/-0.0036, amp=0.0000, suppress=0.0000, guide_abs=0.3043
up2 residuals: local_mean=-1.308e-02, global_mean=0.0336, local_strength=0.1183, global_strength=0.1120, gain=[0.9628,1.0451], saturation=0.0000, text_film=0.0284
up2 haar: reconstruction_error=9.537e-07, skip_low/high=0.8105/0.1895, plam_low/high=1.0000/0.0000
up2 strengths: plam=0.8481, region=0.1183, detail=0.1120; residual_std region/detail/refine=0.2979/0.3308/0.1899
up2 guide_mix: entropy=0.9584, raw_low=0.3316, plam_low=0.1853, decoder_low=0.3337, detail=0.1494; agreement plam/decoder=0.2079/-0.2016, support=0.6056+/-0.0644
up1: ca=0.8311+/-0.1479, sa=1.0048+/-0.0129, amp=0.0000, suppress=0.0000, guide_abs=0.2396
up1 residuals: local_mean=-7.521e-03, global_mean=0.0579, local_strength=0.1269, global_strength=0.1013, gain=[0.9030,1.0966], saturation=0.0009, text_film=0.0351
up1 haar: reconstruction_error=1.431e-06, skip_low/high=0.7263/0.2737, plam_low/high=1.0000/0.0000
up1 strengths: plam=0.9153, region=0.1269, detail=0.1013; residual_std region/detail/refine=0.3359/0.3699/0.1679
up1 guide_mix: entropy=0.9354, raw_low=0.2720, plam_low=0.2250, decoder_low=0.3952, detail=0.1078; agreement plam/decoder=0.2848/-0.0119, support=0.6173+/-0.0863

========= Epoch [36/80] =========
RS1_Test_session_09.12_17h44
Training with batch size : 16
   [Train] Epoch: [36][20/357]  Loss:0.140 (Avg 0.1491) IoU:0.744 (Avg 0.7221) Dice:0.8277 (Avg 0.8215) LR 1.77e-04   (AvgTime 0.6)   
   [Train] Epoch: [36][40/357]  Loss:0.188 (Avg 0.1540) IoU:0.669 (Avg 0.7120) Dice:0.7867 (Avg 0.8136) LR 1.77e-04   (AvgTime 0.5)   
   [Train] Epoch: [36][60/357]  Loss:0.153 (Avg 0.1537) IoU:0.681 (Avg 0.7126) Dice:0.7924 (Avg 0.8135) LR 1.77e-04   (AvgTime 0.5)   
   [Train] Epoch: [36][80/357]  Loss:0.139 (Avg 0.1550) IoU:0.755 (Avg 0.7098) Dice:0.8499 (Avg 0.8117) LR 1.77e-04   (AvgTime 0.5)   
   [Train] Epoch: [36][100/357]  Loss:0.156 (Avg 0.1555) IoU:0.703 (Avg 0.7088) Dice:0.8129 (Avg 0.8112) LR 1.77e-04   (AvgTime 0.5)   
   [Train] Epoch: [36][120/357]  Loss:0.141 (Avg 0.1543) IoU:0.706 (Avg 0.7104) Dice:0.8153 (Avg 0.8125) LR 1.77e-04   (AvgTime 0.5)   
   [Train] Epoch: [36][140/357]  Loss:0.113 (Avg 0.1540) IoU:0.783 (Avg 0.7108) Dice:0.8726 (Avg 0.8127) LR 1.77e-04   (AvgTime 0.5)   
   [Train] Epoch: [36][160/357]  Loss:0.138 (Avg 0.1533) IoU:0.705 (Avg 0.7120) Dice:0.8098 (Avg 0.8135) LR 1.77e-04   (AvgTime 0.5)   
   [Train] Epoch: [36][180/357]  Loss:0.231 (Avg 0.1540) IoU:0.623 (Avg 0.7103) Dice:0.7505 (Avg 0.8125) LR 1.77e-04   (AvgTime 0.5)   
   [Train] Epoch: [36][200/357]  Loss:0.195 (Avg 0.1539) IoU:0.632 (Avg 0.7104) Dice:0.7519 (Avg 0.8128) LR 1.77e-04   (AvgTime 0.5)   
   [Train] Epoch: [36][220/357]  Loss:0.130 (Avg 0.1535) IoU:0.746 (Avg 0.7111) Dice:0.8358 (Avg 0.8132) LR 1.77e-04   (AvgTime 0.6)   
   [Train] Epoch: [36][240/357]  Loss:0.148 (Avg 0.1547) IoU:0.728 (Avg 0.7095) Dice:0.8295 (Avg 0.8117) LR 1.77e-04   (AvgTime 0.6)   
   [Train] Epoch: [36][260/357]  Loss:0.112 (Avg 0.1544) IoU:0.786 (Avg 0.7105) Dice:0.8727 (Avg 0.8124) LR 1.77e-04   (AvgTime 0.6)   
   [Train] Epoch: [36][280/357]  Loss:0.183 (Avg 0.1546) IoU:0.659 (Avg 0.7102) Dice:0.7578 (Avg 0.8121) LR 1.77e-04   (AvgTime 0.6)   
   [Train] Epoch: [36][300/357]  Loss:0.193 (Avg 0.1550) IoU:0.621 (Avg 0.7095) Dice:0.7451 (Avg 0.8116) LR 1.77e-04   (AvgTime 0.6)   
   [Train] Epoch: [36][320/357]  Loss:0.183 (Avg 0.1544) IoU:0.657 (Avg 0.7104) Dice:0.7643 (Avg 0.8124) LR 1.77e-04   (AvgTime 0.6)   
   [Train] Epoch: [36][340/357]  Loss:0.147 (Avg 0.1544) IoU:0.723 (Avg 0.7108) Dice:0.8171 (Avg 0.8125) LR 1.77e-04   (AvgTime 0.6)   
   [Train] Epoch: [36][357/357]  Loss:0.155 (Avg 0.1542) IoU:0.711 (Avg 0.7110) Dice:0.8142 (Avg 0.8127) LR 1.77e-04   (AvgTime 0.5)   
   [Train] Loss components: main_dice=0.157894, main_focal=0.052407, main=0.105150, region_raw=0.382231, region_weighted=0.049045, empty_window_fraction=0.000000, total=0.154195
Validation
   [Val] Epoch: [36][20/90]  Loss:0.195 (Avg 0.1583) IoU:0.667 (Avg 0.7171) Dice:0.7831 (Avg 0.8201) (AvgTime 0.3)   
   [Val] Epoch: [36][40/90]  Loss:0.136 (Avg 0.1647) IoU:0.742 (Avg 0.7012) Dice:0.8422 (Avg 0.8054) (AvgTime 0.2)   
   [Val] Epoch: [36][60/90]  Loss:0.193 (Avg 0.1558) IoU:0.648 (Avg 0.7109) Dice:0.7521 (Avg 0.8119) (AvgTime 0.2)   
   [Val] Epoch: [36][80/90]  Loss:0.138 (Avg 0.1551) IoU:0.729 (Avg 0.7093) Dice:0.8292 (Avg 0.8109) (AvgTime 0.2)   
   [Val] Epoch: [36][90/90]  Loss:0.191 (Avg 0.1550) IoU:0.618 (Avg 0.7091) Dice:0.7448 (Avg 0.8109) (AvgTime 0.2)   
   [Val] Loss components: main_dice=0.159499, main_focal=0.053475, main=0.106487, region_raw=0.378387, region_weighted=0.048552, empty_window_fraction=0.000000, total=0.155039
	 No iou improvement; selected epoch 34
	 early_stopping_count: 2/80
--- Epoch History (1..36) ---
Epoch |  TrainLoss |  TrainDice |  TrainIoU |    ValLoss |    ValDice |    ValIoU |         LR | Best
    1 |     0.3300 |     0.6064 |    0.4771 |     0.2665 |     0.6917 |    0.5661 |   3.00e-04 |     
    2 |     0.2491 |     0.6986 |    0.5752 |     0.2503 |     0.7064 |    0.5831 |   3.00e-04 |     
    3 |     0.2238 |     0.7274 |    0.6082 |     0.2261 |     0.7490 |    0.6315 |   3.00e-04 |     
    4 |     0.2124 |     0.7413 |    0.6243 |     0.1852 |     0.7780 |    0.6672 |   2.99e-04 |     
    5 |     0.2062 |     0.7480 |    0.6318 |     0.1901 |     0.7618 |    0.6483 |   2.98e-04 |     
    6 |     0.2002 |     0.7563 |    0.6416 |     0.1824 |     0.7892 |    0.6820 |   2.97e-04 |     
    7 |     0.1965 |     0.7605 |    0.6471 |     0.1870 |     0.7776 |    0.6673 |   2.96e-04 |     
    8 |     0.1919 |     0.7663 |    0.6535 |     0.1781 |     0.7828 |    0.6722 |   2.94e-04 |     
    9 |     0.1907 |     0.7670 |    0.6549 |     0.1861 |     0.7859 |    0.6771 |   2.92e-04 |     
   10 |     0.1887 |     0.7700 |    0.6581 |     0.1904 |     0.7618 |    0.6500 |   2.91e-04 |     
   11 |     0.1847 |     0.7742 |    0.6630 |     0.1856 |     0.7791 |    0.6667 |   2.88e-04 |     
   12 |     0.1858 |     0.7730 |    0.6619 |     0.1814 |     0.7792 |    0.6699 |   2.86e-04 |     
   13 |     0.1827 |     0.7778 |    0.6673 |     0.1897 |     0.7836 |    0.6741 |   2.83e-04 |     
   14 |     0.1817 |     0.7785 |    0.6690 |     0.1761 |     0.7925 |    0.6846 |   2.80e-04 |     
   15 |     0.1790 |     0.7817 |    0.6727 |     0.1662 |     0.7947 |    0.6887 |   2.77e-04 |     
   16 |     0.1777 |     0.7832 |    0.6748 |     0.1662 |     0.7984 |    0.6933 |   2.74e-04 |     
   17 |     0.1747 |     0.7868 |    0.6787 |     0.1849 |     0.7656 |    0.6528 |   2.71e-04 |     
   18 |     0.1751 |     0.7880 |    0.6794 |     0.1706 |     0.7853 |    0.6776 |   2.67e-04 |     
   19 |     0.1727 |     0.7889 |    0.6813 |     0.1837 |     0.7750 |    0.6655 |   2.63e-04 |     
   20 |     0.1748 |     0.7871 |    0.6790 |     0.1670 |     0.7913 |    0.6862 |   2.59e-04 |     
   21 |     0.1711 |     0.7912 |    0.6837 |     0.1725 |     0.8030 |    0.6988 |   2.55e-04 |     
   22 |     0.1732 |     0.7894 |    0.6818 |     0.1654 |     0.7979 |    0.6947 |   2.51e-04 |     
   23 |     0.1690 |     0.7939 |    0.6878 |     0.1653 |     0.8044 |    0.7012 |   2.46e-04 |     
   24 |     0.1692 |     0.7944 |    0.6884 |     0.1686 |     0.7933 |    0.6847 |   2.42e-04 |     
   25 |     0.1648 |     0.7995 |    0.6940 |     0.1722 |     0.8021 |    0.6982 |   2.37e-04 |     
   26 |     0.1673 |     0.7963 |    0.6902 |     0.1664 |     0.8008 |    0.6962 |   2.32e-04 |     
   27 |     0.1629 |     0.8018 |    0.6970 |     0.1634 |     0.8048 |    0.7008 |   2.27e-04 |     
   28 |     0.1638 |     0.8013 |    0.6962 |     0.1968 |     0.7849 |    0.6766 |   2.22e-04 |     
   29 |     0.1665 |     0.7976 |    0.6924 |     0.1610 |     0.8024 |    0.6985 |   2.17e-04 |     
   30 |     0.1612 |     0.8048 |    0.7005 |     0.1603 |     0.7992 |    0.6949 |   2.11e-04 |     
   31 |     0.1582 |     0.8077 |    0.7041 |     0.1578 |     0.8066 |    0.7026 |   2.06e-04 |     
   32 |     0.1589 |     0.8063 |    0.7028 |     0.1762 |     0.7959 |    0.6925 |   2.00e-04 |     
   33 |     0.1578 |     0.8089 |    0.7056 |     0.1652 |     0.8056 |    0.7026 |   1.94e-04 |     
   34 |     0.1562 |     0.8101 |    0.7078 |     0.1586 |     0.8105 |    0.7098 |   1.89e-04 |    *
   35 |     0.1559 |     0.8105 |    0.7081 |     0.1568 |     0.8093 |    0.7075 |   1.83e-04 |     
   36 |     0.1542 |     0.8127 |    0.7110 |     0.1550 |     0.8109 |    0.7091 |   1.77e-04 |     
--- R2 plus final-map regional overlap: global validation statistics ---
up4: ca=0.8475+/-0.1358, sa=1.0046+/-0.0044, amp=0.0000, suppress=0.0000, guide_abs=0.3082
up4 residuals: local_mean=1.652e-02, global_mean=0.0298, local_strength=0.0777, global_strength=0.1076, gain=[0.9889,1.0207], saturation=0.0000, text_film=0.0049
up4 haar: reconstruction_error=4.768e-07, skip_low/high=0.8073/0.1927, plam_low/high=1.0000/0.0000
up4 strengths: plam=0.9553, region=0.0777, detail=0.1076; residual_std region/detail/refine=0.0212/0.5810/0.5398
up4 guide_mix: entropy=0.9794, raw_low=0.3383, plam_low=0.2428, decoder_low=0.2490, detail=0.1698; agreement plam/decoder=0.9804/0.9465, support=0.4341+/-0.0001
up4 adaptive_frequency: ALPF strength=0.2550, weights=0.1492/0.7041/0.1467, sum=1.0000, entropy=0.7381, delta_std=0.0935; AHPF strength=0.0719, weights=0.3837/0.4492/0.1671, sum=1.0000, entropy=0.9319, residual_std=0.1147, scaled_std=0.0082
up3: ca=0.9754+/-0.1881, sa=1.0068+/-0.0060, amp=0.0000, suppress=0.0000, guide_abs=0.2382
up3 residuals: local_mean=2.024e-02, global_mean=0.0367, local_strength=0.1112, global_strength=0.1220, gain=[0.9770,1.0448], saturation=0.0577, text_film=0.0212
up3 haar: reconstruction_error=9.537e-07, skip_low/high=0.7569/0.2431, plam_low/high=1.0000/0.0000
up3 strengths: plam=0.9161, region=0.1112, detail=0.1220; residual_std region/detail/refine=0.4134/0.6146/0.5163
up3 guide_mix: entropy=0.9813, raw_low=0.3145, plam_low=0.2148, decoder_low=0.2940, detail=0.1766; agreement plam/decoder=0.8034/0.1598, support=0.7865+/-0.1006
up3 adaptive_frequency: ALPF strength=0.2966, weights=0.1069/0.2978/0.5953, sum=1.0000, entropy=0.7094, delta_std=0.0844; AHPF strength=0.1173, weights=0.6792/0.1539/0.1669, sum=1.0000, entropy=0.6634, residual_std=0.0888, scaled_std=0.0104
up2: ca=0.8378+/-0.1567, sa=1.0020+/-0.0037, amp=0.0000, suppress=0.0000, guide_abs=0.3042
up2 residuals: local_mean=-1.335e-02, global_mean=0.0323, local_strength=0.1183, global_strength=0.1120, gain=[0.9613,1.0469], saturation=0.0000, text_film=0.0261
up2 haar: reconstruction_error=1.401e-06, skip_low/high=0.8140/0.1860, plam_low/high=1.0000/0.0000
up2 strengths: plam=0.8454, region=0.1183, detail=0.1120; residual_std region/detail/refine=0.2205/0.3249/0.1876
up2 guide_mix: entropy=0.9614, raw_low=0.3345, plam_low=0.1945, decoder_low=0.3227, detail=0.1483; agreement plam/decoder=0.3193/-0.1888, support=0.6200+/-0.0575
up1: ca=0.8247+/-0.1499, sa=1.0052+/-0.0132, amp=0.0000, suppress=0.0000, guide_abs=0.2622
up1 residuals: local_mean=-6.572e-03, global_mean=0.0607, local_strength=0.1272, global_strength=0.1011, gain=[0.9034,1.0965], saturation=0.0052, text_film=0.0354
up1 haar: reconstruction_error=1.907e-06, skip_low/high=0.7330/0.2670, plam_low/high=1.0000/0.0000
up1 strengths: plam=0.9147, region=0.1272, detail=0.1011; residual_std region/detail/refine=0.3446/0.3826/0.1712
up1 guide_mix: entropy=0.9377, raw_low=0.2837, plam_low=0.2205, decoder_low=0.3866, detail=0.1091; agreement plam/decoder=0.3590/0.0149, support=0.6306+/-0.0904

========= Epoch [37/80] =========
RS1_Test_session_09.12_17h44
Training with batch size : 16
   [Train] Epoch: [37][20/357]  Loss:0.173 (Avg 0.1462) IoU:0.685 (Avg 0.7203) Dice:0.7916 (Avg 0.8211) LR 1.71e-04   (AvgTime 0.6)   
   [Train] Epoch: [37][40/357]  Loss:0.157 (Avg 0.1469) IoU:0.713 (Avg 0.7210) Dice:0.8244 (Avg 0.8213) LR 1.71e-04   (AvgTime 0.6)   
   [Train] Epoch: [37][60/357]  Loss:0.130 (Avg 0.1490) IoU:0.759 (Avg 0.7182) Dice:0.8579 (Avg 0.8185) LR 1.71e-04   (AvgTime 0.6)   
   [Train] Epoch: [37][80/357]  Loss:0.133 (Avg 0.1482) IoU:0.746 (Avg 0.7190) Dice:0.8383 (Avg 0.8194) LR 1.71e-04   (AvgTime 0.6)   
   [Train] Epoch: [37][100/357]  Loss:0.124 (Avg 0.1514) IoU:0.761 (Avg 0.7135) Dice:0.8550 (Avg 0.8156) LR 1.71e-04   (AvgTime 0.6)   
   [Train] Epoch: [37][120/357]  Loss:0.132 (Avg 0.1514) IoU:0.738 (Avg 0.7133) Dice:0.8378 (Avg 0.8154) LR 1.71e-04   (AvgTime 0.6)   
   [Train] Epoch: [37][140/357]  Loss:0.120 (Avg 0.1518) IoU:0.768 (Avg 0.7128) Dice:0.8620 (Avg 0.8150) LR 1.71e-04   (AvgTime 0.6)   
   [Train] Epoch: [37][160/357]  Loss:0.159 (Avg 0.1527) IoU:0.680 (Avg 0.7115) Dice:0.7940 (Avg 0.8141) LR 1.71e-04   (AvgTime 0.6)   
   [Train] Epoch: [37][180/357]  Loss:0.124 (Avg 0.1534) IoU:0.756 (Avg 0.7107) Dice:0.8543 (Avg 0.8132) LR 1.71e-04   (AvgTime 0.6)   
   [Train] Epoch: [37][200/357]  Loss:0.115 (Avg 0.1526) IoU:0.793 (Avg 0.7126) Dice:0.8814 (Avg 0.8146) LR 1.71e-04   (AvgTime 0.6)   
   [Train] Epoch: [37][220/357]  Loss:0.129 (Avg 0.1517) IoU:0.759 (Avg 0.7139) Dice:0.8446 (Avg 0.8160) LR 1.71e-04   (AvgTime 0.6)   
   [Train] Epoch: [37][240/357]  Loss:0.194 (Avg 0.1522) IoU:0.633 (Avg 0.7131) Dice:0.7586 (Avg 0.8152) LR 1.71e-04   (AvgTime 0.6)   
   [Train] Epoch: [37][260/357]  Loss:0.136 (Avg 0.1519) IoU:0.746 (Avg 0.7138) Dice:0.8313 (Avg 0.8156) LR 1.71e-04   (AvgTime 0.6)   
   [Train] Epoch: [37][280/357]  Loss:0.153 (Avg 0.1526) IoU:0.704 (Avg 0.7127) Dice:0.8162 (Avg 0.8146) LR 1.71e-04   (AvgTime 0.6)   
   [Train] Epoch: [37][300/357]  Loss:0.110 (Avg 0.1519) IoU:0.785 (Avg 0.7140) Dice:0.8709 (Avg 0.8156) LR 1.71e-04   (AvgTime 0.6)   
   [Train] Epoch: [37][320/357]  Loss:0.141 (Avg 0.1523) IoU:0.734 (Avg 0.7135) Dice:0.8419 (Avg 0.8152) LR 1.71e-04   (AvgTime 0.6)   
   [Train] Epoch: [37][340/357]  Loss:0.159 (Avg 0.1534) IoU:0.693 (Avg 0.7119) Dice:0.8080 (Avg 0.8137) LR 1.71e-04   (AvgTime 0.6)   
   [Train] Epoch: [37][357/357]  Loss:0.172 (Avg 0.1534) IoU:0.690 (Avg 0.7124) Dice:0.7928 (Avg 0.8141) LR 1.71e-04   (AvgTime 0.6)   
   [Train] Loss components: main_dice=0.156888, main_focal=0.052341, main=0.104615, region_raw=0.380032, region_weighted=0.048763, empty_window_fraction=0.000000, total=0.153377
Validation
   [Val] Epoch: [37][20/90]  Loss:0.195 (Avg 0.1584) IoU:0.646 (Avg 0.7078) Dice:0.7673 (Avg 0.8130) (AvgTime 0.3)   
   [Val] Epoch: [37][40/90]  Loss:0.153 (Avg 0.1675) IoU:0.706 (Avg 0.6912) Dice:0.8134 (Avg 0.7970) (AvgTime 0.2)   
   [Val] Epoch: [37][60/90]  Loss:0.192 (Avg 0.1603) IoU:0.652 (Avg 0.6987) Dice:0.7577 (Avg 0.8016) (AvgTime 0.2)   
   [Val] Epoch: [37][80/90]  Loss:0.155 (Avg 0.1590) IoU:0.687 (Avg 0.6976) Dice:0.7962 (Avg 0.8012) (AvgTime 0.2)   
   [Val] Epoch: [37][90/90]  Loss:0.186 (Avg 0.1591) IoU:0.642 (Avg 0.6973) Dice:0.7660 (Avg 0.8011) (AvgTime 0.2)   
   [Val] Loss components: main_dice=0.170217, main_focal=0.046702, main=0.108460, region_raw=0.394887, region_weighted=0.050669, empty_window_fraction=0.000000, total=0.159128
	 No iou improvement; selected epoch 34
	 early_stopping_count: 3/80
--- Epoch History (1..37) ---
Epoch |  TrainLoss |  TrainDice |  TrainIoU |    ValLoss |    ValDice |    ValIoU |         LR | Best
    1 |     0.3300 |     0.6064 |    0.4771 |     0.2665 |     0.6917 |    0.5661 |   3.00e-04 |     
    2 |     0.2491 |     0.6986 |    0.5752 |     0.2503 |     0.7064 |    0.5831 |   3.00e-04 |     
    3 |     0.2238 |     0.7274 |    0.6082 |     0.2261 |     0.7490 |    0.6315 |   3.00e-04 |     
    4 |     0.2124 |     0.7413 |    0.6243 |     0.1852 |     0.7780 |    0.6672 |   2.99e-04 |     
    5 |     0.2062 |     0.7480 |    0.6318 |     0.1901 |     0.7618 |    0.6483 |   2.98e-04 |     
    6 |     0.2002 |     0.7563 |    0.6416 |     0.1824 |     0.7892 |    0.6820 |   2.97e-04 |     
    7 |     0.1965 |     0.7605 |    0.6471 |     0.1870 |     0.7776 |    0.6673 |   2.96e-04 |     
    8 |     0.1919 |     0.7663 |    0.6535 |     0.1781 |     0.7828 |    0.6722 |   2.94e-04 |     
    9 |     0.1907 |     0.7670 |    0.6549 |     0.1861 |     0.7859 |    0.6771 |   2.92e-04 |     
   10 |     0.1887 |     0.7700 |    0.6581 |     0.1904 |     0.7618 |    0.6500 |   2.91e-04 |     
   11 |     0.1847 |     0.7742 |    0.6630 |     0.1856 |     0.7791 |    0.6667 |   2.88e-04 |     
   12 |     0.1858 |     0.7730 |    0.6619 |     0.1814 |     0.7792 |    0.6699 |   2.86e-04 |     
   13 |     0.1827 |     0.7778 |    0.6673 |     0.1897 |     0.7836 |    0.6741 |   2.83e-04 |     
   14 |     0.1817 |     0.7785 |    0.6690 |     0.1761 |     0.7925 |    0.6846 |   2.80e-04 |     
   15 |     0.1790 |     0.7817 |    0.6727 |     0.1662 |     0.7947 |    0.6887 |   2.77e-04 |     
   16 |     0.1777 |     0.7832 |    0.6748 |     0.1662 |     0.7984 |    0.6933 |   2.74e-04 |     
   17 |     0.1747 |     0.7868 |    0.6787 |     0.1849 |     0.7656 |    0.6528 |   2.71e-04 |     
   18 |     0.1751 |     0.7880 |    0.6794 |     0.1706 |     0.7853 |    0.6776 |   2.67e-04 |     
   19 |     0.1727 |     0.7889 |    0.6813 |     0.1837 |     0.7750 |    0.6655 |   2.63e-04 |     
   20 |     0.1748 |     0.7871 |    0.6790 |     0.1670 |     0.7913 |    0.6862 |   2.59e-04 |     
   21 |     0.1711 |     0.7912 |    0.6837 |     0.1725 |     0.8030 |    0.6988 |   2.55e-04 |     
   22 |     0.1732 |     0.7894 |    0.6818 |     0.1654 |     0.7979 |    0.6947 |   2.51e-04 |     
   23 |     0.1690 |     0.7939 |    0.6878 |     0.1653 |     0.8044 |    0.7012 |   2.46e-04 |     
   24 |     0.1692 |     0.7944 |    0.6884 |     0.1686 |     0.7933 |    0.6847 |   2.42e-04 |     
   25 |     0.1648 |     0.7995 |    0.6940 |     0.1722 |     0.8021 |    0.6982 |   2.37e-04 |     
   26 |     0.1673 |     0.7963 |    0.6902 |     0.1664 |     0.8008 |    0.6962 |   2.32e-04 |     
   27 |     0.1629 |     0.8018 |    0.6970 |     0.1634 |     0.8048 |    0.7008 |   2.27e-04 |     
   28 |     0.1638 |     0.8013 |    0.6962 |     0.1968 |     0.7849 |    0.6766 |   2.22e-04 |     
   29 |     0.1665 |     0.7976 |    0.6924 |     0.1610 |     0.8024 |    0.6985 |   2.17e-04 |     
   30 |     0.1612 |     0.8048 |    0.7005 |     0.1603 |     0.7992 |    0.6949 |   2.11e-04 |     
   31 |     0.1582 |     0.8077 |    0.7041 |     0.1578 |     0.8066 |    0.7026 |   2.06e-04 |     
   32 |     0.1589 |     0.8063 |    0.7028 |     0.1762 |     0.7959 |    0.6925 |   2.00e-04 |     
   33 |     0.1578 |     0.8089 |    0.7056 |     0.1652 |     0.8056 |    0.7026 |   1.94e-04 |     
   34 |     0.1562 |     0.8101 |    0.7078 |     0.1586 |     0.8105 |    0.7098 |   1.89e-04 |    *
   35 |     0.1559 |     0.8105 |    0.7081 |     0.1568 |     0.8093 |    0.7075 |   1.83e-04 |     
   36 |     0.1542 |     0.8127 |    0.7110 |     0.1550 |     0.8109 |    0.7091 |   1.77e-04 |     
   37 |     0.1534 |     0.8141 |    0.7124 |     0.1591 |     0.8011 |    0.6973 |   1.71e-04 |     
--- R2 plus final-map regional overlap: global validation statistics ---
up4: ca=0.8422+/-0.1354, sa=1.0047+/-0.0040, amp=0.0000, suppress=0.0000, guide_abs=0.2876
up4 residuals: local_mean=1.843e-02, global_mean=0.0296, local_strength=0.0776, global_strength=0.1077, gain=[0.9906,1.0193], saturation=0.0000, text_film=0.0048
up4 haar: reconstruction_error=9.537e-07, skip_low/high=0.8103/0.1897, plam_low/high=1.0000/0.0000
up4 strengths: plam=0.9553, region=0.0776, detail=0.1077; residual_std region/detail/refine=0.0211/0.5807/0.5414
up4 guide_mix: entropy=0.9763, raw_low=0.3500, plam_low=0.2239, decoder_low=0.2542, detail=0.1719; agreement plam/decoder=0.6835/0.9669, support=0.4378+/-0.0000
up4 adaptive_frequency: ALPF strength=0.2556, weights=0.1576/0.7017/0.1407, sum=1.0000, entropy=0.7412, delta_std=0.0905; AHPF strength=0.0718, weights=0.3830/0.4486/0.1684, sum=1.0000, entropy=0.9330, residual_std=0.1121, scaled_std=0.0080
up3: ca=0.9815+/-0.1833, sa=1.0068+/-0.0063, amp=0.0000, suppress=0.0000, guide_abs=0.2697
up3 residuals: local_mean=2.182e-02, global_mean=0.0355, local_strength=0.1112, global_strength=0.1222, gain=[0.9738,1.0525], saturation=0.0939, text_film=0.0242
up3 haar: reconstruction_error=9.537e-07, skip_low/high=0.7663/0.2337, plam_low/high=1.0000/0.0000
up3 strengths: plam=0.9156, region=0.1112, detail=0.1222; residual_std region/detail/refine=0.4158/0.6029/0.4978
up3 guide_mix: entropy=0.9775, raw_low=0.3215, plam_low=0.2034, decoder_low=0.2999, detail=0.1752; agreement plam/decoder=0.7804/0.1961, support=0.8223+/-0.0888
up3 adaptive_frequency: ALPF strength=0.2979, weights=0.1411/0.3632/0.4957, sum=1.0000, entropy=0.7322, delta_std=0.0766; AHPF strength=0.1180, weights=0.5728/0.1751/0.2521, sum=1.0000, entropy=0.7338, residual_std=0.1133, scaled_std=0.0134
up2: ca=0.8498+/-0.1560, sa=1.0022+/-0.0036, amp=0.0000, suppress=0.0000, guide_abs=0.3030
up2 residuals: local_mean=-1.334e-02, global_mean=0.0338, local_strength=0.1184, global_strength=0.1121, gain=[0.9681,1.0417], saturation=0.0000, text_film=0.0388
up2 haar: reconstruction_error=1.192e-06, skip_low/high=0.8146/0.1854, plam_low/high=1.0000/0.0000
up2 strengths: plam=0.8423, region=0.1184, detail=0.1121; residual_std region/detail/refine=0.2570/0.3181/0.1900
up2 guide_mix: entropy=0.9606, raw_low=0.3262, plam_low=0.2017, decoder_low=0.3298, detail=0.1423; agreement plam/decoder=0.2942/-0.2000, support=0.6204+/-0.0629
up1: ca=0.8151+/-0.1543, sa=1.0055+/-0.0129, amp=0.0000, suppress=0.0000, guide_abs=0.2575
up1 residuals: local_mean=-6.114e-03, global_mean=0.0636, local_strength=0.1274, global_strength=0.1011, gain=[0.9034,1.0964], saturation=0.0013, text_film=0.0356
up1 haar: reconstruction_error=1.907e-06, skip_low/high=0.7403/0.2597, plam_low/high=1.0000/0.0000
up1 strengths: plam=0.9141, region=0.1274, detail=0.1011; residual_std region/detail/refine=0.3182/0.3846/0.1747
up1 guide_mix: entropy=0.9359, raw_low=0.3026, plam_low=0.2011, decoder_low=0.3840, detail=0.1124; agreement plam/decoder=0.3490/0.0511, support=0.6309+/-0.0894

========= Epoch [38/80] =========
RS1_Test_session_09.12_17h44
Training with batch size : 16
   [Train] Epoch: [38][20/357]  Loss:0.116 (Avg 0.1518) IoU:0.785 (Avg 0.7200) Dice:0.8671 (Avg 0.8166) LR 1.65e-04   (AvgTime 0.6)   
   [Train] Epoch: [38][40/357]  Loss:0.166 (Avg 0.1523) IoU:0.674 (Avg 0.7163) Dice:0.7870 (Avg 0.8167) LR 1.65e-04   (AvgTime 0.6)   
   [Train] Epoch: [38][60/357]  Loss:0.127 (Avg 0.1504) IoU:0.768 (Avg 0.7194) Dice:0.8565 (Avg 0.8197) LR 1.65e-04   (AvgTime 0.6)   
   [Train] Epoch: [38][80/357]  Loss:0.111 (Avg 0.1498) IoU:0.790 (Avg 0.7186) Dice:0.8755 (Avg 0.8192) LR 1.65e-04   (AvgTime 0.6)   
   [Train] Epoch: [38][100/357]  Loss:0.166 (Avg 0.1501) IoU:0.682 (Avg 0.7171) Dice:0.7807 (Avg 0.8180) LR 1.65e-04   (AvgTime 0.6)   
   [Train] Epoch: [38][120/357]  Loss:0.145 (Avg 0.1488) IoU:0.703 (Avg 0.7191) Dice:0.8136 (Avg 0.8197) LR 1.65e-04   (AvgTime 0.6)   
   [Train] Epoch: [38][140/357]  Loss:0.159 (Avg 0.1482) IoU:0.700 (Avg 0.7198) Dice:0.8022 (Avg 0.8201) LR 1.65e-04   (AvgTime 0.6)   
   [Train] Epoch: [38][160/357]  Loss:0.181 (Avg 0.1484) IoU:0.714 (Avg 0.7197) Dice:0.8217 (Avg 0.8197) LR 1.65e-04   (AvgTime 0.6)   
   [Train] Epoch: [38][180/357]  Loss:0.176 (Avg 0.1500) IoU:0.671 (Avg 0.7171) Dice:0.7886 (Avg 0.8177) LR 1.65e-04   (AvgTime 0.6)   
   [Train] Epoch: [38][200/357]  Loss:0.130 (Avg 0.1503) IoU:0.756 (Avg 0.7161) Dice:0.8446 (Avg 0.8171) LR 1.65e-04   (AvgTime 0.6)   
   [Train] Epoch: [38][220/357]  Loss:0.134 (Avg 0.1501) IoU:0.745 (Avg 0.7164) Dice:0.8309 (Avg 0.8173) LR 1.65e-04   (AvgTime 0.6)   
   [Train] Epoch: [38][240/357]  Loss:0.151 (Avg 0.1511) IoU:0.723 (Avg 0.7149) Dice:0.8246 (Avg 0.8158) LR 1.65e-04   (AvgTime 0.6)   
   [Train] Epoch: [38][260/357]  Loss:0.157 (Avg 0.1517) IoU:0.723 (Avg 0.7137) Dice:0.8084 (Avg 0.8146) LR 1.65e-04   (AvgTime 0.6)   
   [Train] Epoch: [38][280/357]  Loss:0.130 (Avg 0.1519) IoU:0.737 (Avg 0.7139) Dice:0.8382 (Avg 0.8148) LR 1.65e-04   (AvgTime 0.6)   
   [Train] Epoch: [38][300/357]  Loss:0.134 (Avg 0.1521) IoU:0.735 (Avg 0.7134) Dice:0.8313 (Avg 0.8144) LR 1.65e-04   (AvgTime 0.6)   
   [Train] Epoch: [38][320/357]  Loss:0.146 (Avg 0.1522) IoU:0.744 (Avg 0.7133) Dice:0.8438 (Avg 0.8144) LR 1.65e-04   (AvgTime 0.6)   
   [Train] Epoch: [38][340/357]  Loss:0.150 (Avg 0.1522) IoU:0.698 (Avg 0.7129) Dice:0.8081 (Avg 0.8143) LR 1.65e-04   (AvgTime 0.6)   
   [Train] Epoch: [38][357/357]  Loss:0.127 (Avg 0.1522) IoU:0.747 (Avg 0.7129) Dice:0.8484 (Avg 0.8143) LR 1.65e-04   (AvgTime 0.6)   
   [Train] Loss components: main_dice=0.155994, main_focal=0.051344, main=0.103669, region_raw=0.378290, region_weighted=0.048539, empty_window_fraction=0.000000, total=0.152208
Validation
   [Val] Epoch: [38][20/90]  Loss:0.226 (Avg 0.1679) IoU:0.635 (Avg 0.7168) Dice:0.7541 (Avg 0.8193) (AvgTime 0.3)   
   [Val] Epoch: [38][40/90]  Loss:0.148 (Avg 0.1743) IoU:0.711 (Avg 0.6996) Dice:0.8212 (Avg 0.8032) (AvgTime 0.3)   
   [Val] Epoch: [38][60/90]  Loss:0.212 (Avg 0.1645) IoU:0.643 (Avg 0.7105) Dice:0.7533 (Avg 0.8108) (AvgTime 0.2)   
   [Val] Epoch: [38][80/90]  Loss:0.142 (Avg 0.1622) IoU:0.729 (Avg 0.7114) Dice:0.8298 (Avg 0.8117) (AvgTime 0.2)   
   [Val] Epoch: [38][90/90]  Loss:0.203 (Avg 0.1619) IoU:0.608 (Avg 0.7118) Dice:0.7320 (Avg 0.8121) (AvgTime 0.2)   
   [Val] Loss components: main_dice=0.156317, main_focal=0.074680, main=0.115498, region_raw=0.361266, region_weighted=0.046355, empty_window_fraction=0.000000, total=0.161853
	 Saving best model by iou: 0.711771
	 Saving to Covid19/BetterLViT/rs1_global_iou/RS1_Test_session_09.12_17h44/models//best_model-BetterLViT.pth.tar
	 early_stopping_count: 0/80
--- Epoch History (1..38) ---
Epoch |  TrainLoss |  TrainDice |  TrainIoU |    ValLoss |    ValDice |    ValIoU |         LR | Best
    1 |     0.3300 |     0.6064 |    0.4771 |     0.2665 |     0.6917 |    0.5661 |   3.00e-04 |     
    2 |     0.2491 |     0.6986 |    0.5752 |     0.2503 |     0.7064 |    0.5831 |   3.00e-04 |     
    3 |     0.2238 |     0.7274 |    0.6082 |     0.2261 |     0.7490 |    0.6315 |   3.00e-04 |     
    4 |     0.2124 |     0.7413 |    0.6243 |     0.1852 |     0.7780 |    0.6672 |   2.99e-04 |     
    5 |     0.2062 |     0.7480 |    0.6318 |     0.1901 |     0.7618 |    0.6483 |   2.98e-04 |     
    6 |     0.2002 |     0.7563 |    0.6416 |     0.1824 |     0.7892 |    0.6820 |   2.97e-04 |     
    7 |     0.1965 |     0.7605 |    0.6471 |     0.1870 |     0.7776 |    0.6673 |   2.96e-04 |     
    8 |     0.1919 |     0.7663 |    0.6535 |     0.1781 |     0.7828 |    0.6722 |   2.94e-04 |     
    9 |     0.1907 |     0.7670 |    0.6549 |     0.1861 |     0.7859 |    0.6771 |   2.92e-04 |     
   10 |     0.1887 |     0.7700 |    0.6581 |     0.1904 |     0.7618 |    0.6500 |   2.91e-04 |     
   11 |     0.1847 |     0.7742 |    0.6630 |     0.1856 |     0.7791 |    0.6667 |   2.88e-04 |     
   12 |     0.1858 |     0.7730 |    0.6619 |     0.1814 |     0.7792 |    0.6699 |   2.86e-04 |     
   13 |     0.1827 |     0.7778 |    0.6673 |     0.1897 |     0.7836 |    0.6741 |   2.83e-04 |     
   14 |     0.1817 |     0.7785 |    0.6690 |     0.1761 |     0.7925 |    0.6846 |   2.80e-04 |     
   15 |     0.1790 |     0.7817 |    0.6727 |     0.1662 |     0.7947 |    0.6887 |   2.77e-04 |     
   16 |     0.1777 |     0.7832 |    0.6748 |     0.1662 |     0.7984 |    0.6933 |   2.74e-04 |     
   17 |     0.1747 |     0.7868 |    0.6787 |     0.1849 |     0.7656 |    0.6528 |   2.71e-04 |     
   18 |     0.1751 |     0.7880 |    0.6794 |     0.1706 |     0.7853 |    0.6776 |   2.67e-04 |     
   19 |     0.1727 |     0.7889 |    0.6813 |     0.1837 |     0.7750 |    0.6655 |   2.63e-04 |     
   20 |     0.1748 |     0.7871 |    0.6790 |     0.1670 |     0.7913 |    0.6862 |   2.59e-04 |     
   21 |     0.1711 |     0.7912 |    0.6837 |     0.1725 |     0.8030 |    0.6988 |   2.55e-04 |     
   22 |     0.1732 |     0.7894 |    0.6818 |     0.1654 |     0.7979 |    0.6947 |   2.51e-04 |     
   23 |     0.1690 |     0.7939 |    0.6878 |     0.1653 |     0.8044 |    0.7012 |   2.46e-04 |     
   24 |     0.1692 |     0.7944 |    0.6884 |     0.1686 |     0.7933 |    0.6847 |   2.42e-04 |     
   25 |     0.1648 |     0.7995 |    0.6940 |     0.1722 |     0.8021 |    0.6982 |   2.37e-04 |     
   26 |     0.1673 |     0.7963 |    0.6902 |     0.1664 |     0.8008 |    0.6962 |   2.32e-04 |     
   27 |     0.1629 |     0.8018 |    0.6970 |     0.1634 |     0.8048 |    0.7008 |   2.27e-04 |     
   28 |     0.1638 |     0.8013 |    0.6962 |     0.1968 |     0.7849 |    0.6766 |   2.22e-04 |     
   29 |     0.1665 |     0.7976 |    0.6924 |     0.1610 |     0.8024 |    0.6985 |   2.17e-04 |     
   30 |     0.1612 |     0.8048 |    0.7005 |     0.1603 |     0.7992 |    0.6949 |   2.11e-04 |     
   31 |     0.1582 |     0.8077 |    0.7041 |     0.1578 |     0.8066 |    0.7026 |   2.06e-04 |     
   32 |     0.1589 |     0.8063 |    0.7028 |     0.1762 |     0.7959 |    0.6925 |   2.00e-04 |     
   33 |     0.1578 |     0.8089 |    0.7056 |     0.1652 |     0.8056 |    0.7026 |   1.94e-04 |     
   34 |     0.1562 |     0.8101 |    0.7078 |     0.1586 |     0.8105 |    0.7098 |   1.89e-04 |     
   35 |     0.1559 |     0.8105 |    0.7081 |     0.1568 |     0.8093 |    0.7075 |   1.83e-04 |     
   36 |     0.1542 |     0.8127 |    0.7110 |     0.1550 |     0.8109 |    0.7091 |   1.77e-04 |     
   37 |     0.1534 |     0.8141 |    0.7124 |     0.1591 |     0.8011 |    0.6973 |   1.71e-04 |     
   38 |     0.1522 |     0.8143 |    0.7129 |     0.1619 |     0.8121 |    0.7118 |   1.65e-04 |    *
--- R2 plus final-map regional overlap: global validation statistics ---
up4: ca=0.8323+/-0.1367, sa=1.0057+/-0.0034, amp=0.0000, suppress=0.0000, guide_abs=0.2998
up4 residuals: local_mean=1.925e-02, global_mean=0.0381, local_strength=0.0772, global_strength=0.1079, gain=[0.9924,1.0183], saturation=0.0000, text_film=0.0049
up4 haar: reconstruction_error=9.537e-07, skip_low/high=0.8040/0.1960, plam_low/high=1.0000/0.0000
up4 strengths: plam=0.9547, region=0.0772, detail=0.1079; residual_std region/detail/refine=0.0254/0.5865/0.5462
up4 guide_mix: entropy=0.9796, raw_low=0.3358, plam_low=0.2348, decoder_low=0.2590, detail=0.1704; agreement plam/decoder=0.8948/0.9467, support=0.4375+/-0.0000
up4 adaptive_frequency: ALPF strength=0.2563, weights=0.1522/0.7076/0.1402, sum=1.0000, entropy=0.7329, delta_std=0.0925; AHPF strength=0.0717, weights=0.3892/0.4448/0.1660, sum=1.0000, entropy=0.9311, residual_std=0.1139, scaled_std=0.0082
up3: ca=0.9631+/-0.1884, sa=1.0070+/-0.0059, amp=0.0000, suppress=0.0000, guide_abs=0.2443
up3 residuals: local_mean=2.294e-02, global_mean=0.0364, local_strength=0.1114, global_strength=0.1223, gain=[0.9754,1.0460], saturation=0.0645, text_film=0.0230
up3 haar: reconstruction_error=9.537e-07, skip_low/high=0.7544/0.2456, plam_low/high=1.0000/0.0000
up3 strengths: plam=0.9144, region=0.1114, detail=0.1223; residual_std region/detail/refine=0.4031/0.6074/0.5012
up3 guide_mix: entropy=0.9800, raw_low=0.3183, plam_low=0.2039, decoder_low=0.2966, detail=0.1813; agreement plam/decoder=0.7986/0.2031, support=0.7959+/-0.1000
up3 adaptive_frequency: ALPF strength=0.2992, weights=0.1251/0.3160/0.5589, sum=1.0000, entropy=0.7197, delta_std=0.0813; AHPF strength=0.1187, weights=0.6810/0.1444/0.1746, sum=1.0000, entropy=0.6365, residual_std=0.0940, scaled_std=0.0112
up2: ca=0.8387+/-0.2155, sa=1.0020+/-0.0035, amp=0.0000, suppress=0.0000, guide_abs=0.3238
up2 residuals: local_mean=-1.316e-02, global_mean=0.0314, local_strength=0.1185, global_strength=0.1122, gain=[0.9631,1.0452], saturation=0.0000, text_film=0.0346
up2 haar: reconstruction_error=9.537e-07, skip_low/high=0.8127/0.1873, plam_low/high=1.0000/0.0000
up2 strengths: plam=0.8398, region=0.1185, detail=0.1122; residual_std region/detail/refine=0.2823/0.3219/0.1935
up2 guide_mix: entropy=0.9590, raw_low=0.3223, plam_low=0.1953, decoder_low=0.3386, detail=0.1438; agreement plam/decoder=0.2658/-0.1148, support=0.6164+/-0.0631
up1: ca=0.8218+/-0.1486, sa=1.0056+/-0.0129, amp=0.0000, suppress=0.0000, guide_abs=0.2640
up1 residuals: local_mean=-6.682e-03, global_mean=0.0656, local_strength=0.1276, global_strength=0.1009, gain=[0.9036,1.0963], saturation=0.0069, text_film=0.0332
up1 haar: reconstruction_error=1.431e-06, skip_low/high=0.7286/0.2714, plam_low/high=1.0000/0.0000
up1 strengths: plam=0.9133, region=0.1276, detail=0.1009; residual_std region/detail/refine=0.3475/0.3789/0.1773
up1 guide_mix: entropy=0.9386, raw_low=0.2871, plam_low=0.2088, decoder_low=0.3893, detail=0.1148; agreement plam/decoder=0.4179/-0.0188, support=0.6235+/-0.0893

========= Epoch [39/80] =========
RS1_Test_session_09.12_17h44
Training with batch size : 16
   [Train] Epoch: [39][20/357]  Loss:0.127 (Avg 0.1496) IoU:0.763 (Avg 0.7214) Dice:0.8555 (Avg 0.8211) LR 1.59e-04   (AvgTime 0.6)   
   [Train] Epoch: [39][40/357]  Loss:0.120 (Avg 0.1484) IoU:0.788 (Avg 0.7230) Dice:0.8703 (Avg 0.8221) LR 1.59e-04   (AvgTime 0.6)   
   [Train] Epoch: [39][60/357]  Loss:0.187 (Avg 0.1488) IoU:0.641 (Avg 0.7226) Dice:0.7571 (Avg 0.8211) LR 1.59e-04   (AvgTime 0.6)   
   [Train] Epoch: [39][80/357]  Loss:0.176 (Avg 0.1508) IoU:0.687 (Avg 0.7194) Dice:0.7885 (Avg 0.8189) LR 1.59e-04   (AvgTime 0.6)   
   [Train] Epoch: [39][100/357]  Loss:0.186 (Avg 0.1527) IoU:0.690 (Avg 0.7160) Dice:0.7841 (Avg 0.8158) LR 1.59e-04   (AvgTime 0.6)   
   [Train] Epoch: [39][120/357]  Loss:0.190 (Avg 0.1531) IoU:0.629 (Avg 0.7139) Dice:0.7552 (Avg 0.8145) LR 1.59e-04   (AvgTime 0.6)   
   [Train] Epoch: [39][140/357]  Loss:0.162 (Avg 0.1524) IoU:0.686 (Avg 0.7140) Dice:0.7857 (Avg 0.8146) LR 1.59e-04   (AvgTime 0.6)   
   [Train] Epoch: [39][160/357]  Loss:0.130 (Avg 0.1526) IoU:0.748 (Avg 0.7143) Dice:0.8459 (Avg 0.8151) LR 1.59e-04   (AvgTime 0.6)   
   [Train] Epoch: [39][180/357]  Loss:0.151 (Avg 0.1525) IoU:0.717 (Avg 0.7144) Dice:0.8187 (Avg 0.8151) LR 1.59e-04   (AvgTime 0.6)   
   [Train] Epoch: [39][200/357]  Loss:0.139 (Avg 0.1518) IoU:0.727 (Avg 0.7157) Dice:0.8258 (Avg 0.8161) LR 1.59e-04   (AvgTime 0.6)   
   [Train] Epoch: [39][220/357]  Loss:0.161 (Avg 0.1517) IoU:0.727 (Avg 0.7155) Dice:0.8381 (Avg 0.8162) LR 1.59e-04   (AvgTime 0.6)   
   [Train] Epoch: [39][240/357]  Loss:0.192 (Avg 0.1518) IoU:0.651 (Avg 0.7156) Dice:0.7627 (Avg 0.8160) LR 1.59e-04   (AvgTime 0.6)   
   [Train] Epoch: [39][260/357]  Loss:0.110 (Avg 0.1515) IoU:0.778 (Avg 0.7158) Dice:0.8692 (Avg 0.8163) LR 1.59e-04   (AvgTime 0.6)   
   [Train] Epoch: [39][280/357]  Loss:0.123 (Avg 0.1517) IoU:0.763 (Avg 0.7152) Dice:0.8604 (Avg 0.8158) LR 1.59e-04   (AvgTime 0.6)   
   [Train] Epoch: [39][300/357]  Loss:0.199 (Avg 0.1521) IoU:0.623 (Avg 0.7141) Dice:0.7291 (Avg 0.8150) LR 1.59e-04   (AvgTime 0.6)   
   [Train] Epoch: [39][320/357]  Loss:0.227 (Avg 0.1519) IoU:0.563 (Avg 0.7146) Dice:0.6997 (Avg 0.8155) LR 1.59e-04   (AvgTime 0.6)   
   [Train] Epoch: [39][340/357]  Loss:0.143 (Avg 0.1516) IoU:0.698 (Avg 0.7148) Dice:0.8145 (Avg 0.8158) LR 1.59e-04   (AvgTime 0.6)   
   [Train] Epoch: [39][357/357]  Loss:0.176 (Avg 0.1510) IoU:0.676 (Avg 0.7157) Dice:0.7637 (Avg 0.8165) LR 1.59e-04   (AvgTime 0.6)   
   [Train] Loss components: main_dice=0.154381, main_focal=0.051512, main=0.102946, region_raw=0.374785, region_weighted=0.048089, empty_window_fraction=0.000000, total=0.151036
Validation
   [Val] Epoch: [39][20/90]  Loss:0.233 (Avg 0.1770) IoU:0.638 (Avg 0.7092) Dice:0.7612 (Avg 0.8141) (AvgTime 0.3)   
   [Val] Epoch: [39][40/90]  Loss:0.171 (Avg 0.1831) IoU:0.699 (Avg 0.6935) Dice:0.8118 (Avg 0.7992) (AvgTime 0.3)   
   [Val] Epoch: [39][60/90]  Loss:0.222 (Avg 0.1725) IoU:0.622 (Avg 0.7040) Dice:0.7393 (Avg 0.8065) (AvgTime 0.2)   
   [Val] Epoch: [39][80/90]  Loss:0.149 (Avg 0.1708) IoU:0.718 (Avg 0.7044) Dice:0.8236 (Avg 0.8069) (AvgTime 0.2)   
   [Val] Epoch: [39][90/90]  Loss:0.232 (Avg 0.1714) IoU:0.602 (Avg 0.7036) Dice:0.7195 (Avg 0.8063) (AvgTime 0.2)   
   [Val] Loss components: main_dice=0.160929, main_focal=0.086287, main=0.123608, region_raw=0.372184, region_weighted=0.047756, empty_window_fraction=0.000000, total=0.171364
	 No iou improvement; selected epoch 38
	 early_stopping_count: 1/80
--- Epoch History (1..39) ---
Epoch |  TrainLoss |  TrainDice |  TrainIoU |    ValLoss |    ValDice |    ValIoU |         LR | Best
    1 |     0.3300 |     0.6064 |    0.4771 |     0.2665 |     0.6917 |    0.5661 |   3.00e-04 |     
    2 |     0.2491 |     0.6986 |    0.5752 |     0.2503 |     0.7064 |    0.5831 |   3.00e-04 |     
    3 |     0.2238 |     0.7274 |    0.6082 |     0.2261 |     0.7490 |    0.6315 |   3.00e-04 |     
    4 |     0.2124 |     0.7413 |    0.6243 |     0.1852 |     0.7780 |    0.6672 |   2.99e-04 |     
    5 |     0.2062 |     0.7480 |    0.6318 |     0.1901 |     0.7618 |    0.6483 |   2.98e-04 |     
    6 |     0.2002 |     0.7563 |    0.6416 |     0.1824 |     0.7892 |    0.6820 |   2.97e-04 |     
    7 |     0.1965 |     0.7605 |    0.6471 |     0.1870 |     0.7776 |    0.6673 |   2.96e-04 |     
    8 |     0.1919 |     0.7663 |    0.6535 |     0.1781 |     0.7828 |    0.6722 |   2.94e-04 |     
    9 |     0.1907 |     0.7670 |    0.6549 |     0.1861 |     0.7859 |    0.6771 |   2.92e-04 |     
   10 |     0.1887 |     0.7700 |    0.6581 |     0.1904 |     0.7618 |    0.6500 |   2.91e-04 |     
   11 |     0.1847 |     0.7742 |    0.6630 |     0.1856 |     0.7791 |    0.6667 |   2.88e-04 |     
   12 |     0.1858 |     0.7730 |    0.6619 |     0.1814 |     0.7792 |    0.6699 |   2.86e-04 |     
   13 |     0.1827 |     0.7778 |    0.6673 |     0.1897 |     0.7836 |    0.6741 |   2.83e-04 |     
   14 |     0.1817 |     0.7785 |    0.6690 |     0.1761 |     0.7925 |    0.6846 |   2.80e-04 |     
   15 |     0.1790 |     0.7817 |    0.6727 |     0.1662 |     0.7947 |    0.6887 |   2.77e-04 |     
   16 |     0.1777 |     0.7832 |    0.6748 |     0.1662 |     0.7984 |    0.6933 |   2.74e-04 |     
   17 |     0.1747 |     0.7868 |    0.6787 |     0.1849 |     0.7656 |    0.6528 |   2.71e-04 |     
   18 |     0.1751 |     0.7880 |    0.6794 |     0.1706 |     0.7853 |    0.6776 |   2.67e-04 |     
   19 |     0.1727 |     0.7889 |    0.6813 |     0.1837 |     0.7750 |    0.6655 |   2.63e-04 |     
   20 |     0.1748 |     0.7871 |    0.6790 |     0.1670 |     0.7913 |    0.6862 |   2.59e-04 |     
   21 |     0.1711 |     0.7912 |    0.6837 |     0.1725 |     0.8030 |    0.6988 |   2.55e-04 |     
   22 |     0.1732 |     0.7894 |    0.6818 |     0.1654 |     0.7979 |    0.6947 |   2.51e-04 |     
   23 |     0.1690 |     0.7939 |    0.6878 |     0.1653 |     0.8044 |    0.7012 |   2.46e-04 |     
   24 |     0.1692 |     0.7944 |    0.6884 |     0.1686 |     0.7933 |    0.6847 |   2.42e-04 |     
   25 |     0.1648 |     0.7995 |    0.6940 |     0.1722 |     0.8021 |    0.6982 |   2.37e-04 |     
   26 |     0.1673 |     0.7963 |    0.6902 |     0.1664 |     0.8008 |    0.6962 |   2.32e-04 |     
   27 |     0.1629 |     0.8018 |    0.6970 |     0.1634 |     0.8048 |    0.7008 |   2.27e-04 |     
   28 |     0.1638 |     0.8013 |    0.6962 |     0.1968 |     0.7849 |    0.6766 |   2.22e-04 |     
   29 |     0.1665 |     0.7976 |    0.6924 |     0.1610 |     0.8024 |    0.6985 |   2.17e-04 |     
   30 |     0.1612 |     0.8048 |    0.7005 |     0.1603 |     0.7992 |    0.6949 |   2.11e-04 |     
   31 |     0.1582 |     0.8077 |    0.7041 |     0.1578 |     0.8066 |    0.7026 |   2.06e-04 |     
   32 |     0.1589 |     0.8063 |    0.7028 |     0.1762 |     0.7959 |    0.6925 |   2.00e-04 |     
   33 |     0.1578 |     0.8089 |    0.7056 |     0.1652 |     0.8056 |    0.7026 |   1.94e-04 |     
   34 |     0.1562 |     0.8101 |    0.7078 |     0.1586 |     0.8105 |    0.7098 |   1.89e-04 |     
   35 |     0.1559 |     0.8105 |    0.7081 |     0.1568 |     0.8093 |    0.7075 |   1.83e-04 |     
   36 |     0.1542 |     0.8127 |    0.7110 |     0.1550 |     0.8109 |    0.7091 |   1.77e-04 |     
   37 |     0.1534 |     0.8141 |    0.7124 |     0.1591 |     0.8011 |    0.6973 |   1.71e-04 |     
   38 |     0.1522 |     0.8143 |    0.7129 |     0.1619 |     0.8121 |    0.7118 |   1.65e-04 |    *
   39 |     0.1510 |     0.8165 |    0.7157 |     0.1714 |     0.8063 |    0.7036 |   1.59e-04 |     
--- R2 plus final-map regional overlap: global validation statistics ---
up4: ca=0.8431+/-0.1323, sa=1.0042+/-0.0037, amp=0.0000, suppress=0.0000, guide_abs=0.3441
up4 residuals: local_mean=1.723e-02, global_mean=0.0264, local_strength=0.0768, global_strength=0.1081, gain=[0.9868,1.0189], saturation=0.0000, text_film=0.0055
up4 haar: reconstruction_error=9.537e-07, skip_low/high=0.8065/0.1935, plam_low/high=1.0000/0.0000
up4 strengths: plam=0.9546, region=0.0768, detail=0.1081; residual_std region/detail/refine=0.0228/0.6016/0.5641
up4 guide_mix: entropy=0.9806, raw_low=0.3321, plam_low=0.2539, decoder_low=0.2447, detail=0.1694; agreement plam/decoder=0.6535/0.6641, support=0.4350+/-0.0000
up4 adaptive_frequency: ALPF strength=0.2573, weights=0.1402/0.7217/0.1382, sum=1.0000, entropy=0.7126, delta_std=0.0894; AHPF strength=0.0714, weights=0.3916/0.4432/0.1651, sum=1.0000, entropy=0.9308, residual_std=0.1113, scaled_std=0.0080
up3: ca=0.9738+/-0.1872, sa=1.0078+/-0.0060, amp=0.0000, suppress=0.0000, guide_abs=0.2658
up3 residuals: local_mean=2.260e-02, global_mean=0.0432, local_strength=0.1114, global_strength=0.1225, gain=[0.9799,1.0453], saturation=0.1018, text_film=0.0232
up3 haar: reconstruction_error=9.537e-07, skip_low/high=0.7724/0.2276, plam_low/high=1.0000/0.0000
up3 strengths: plam=0.9135, region=0.1114, detail=0.1225; residual_std region/detail/refine=0.4094/0.6186/0.5141
up3 guide_mix: entropy=0.9809, raw_low=0.3358, plam_low=0.2237, decoder_low=0.2623, detail=0.1781; agreement plam/decoder=0.8074/0.1307, support=0.8358+/-0.0839
up3 adaptive_frequency: ALPF strength=0.3008, weights=0.0870/0.2533/0.6597, sum=1.0000, entropy=0.6668, delta_std=0.0800; AHPF strength=0.1193, weights=0.7411/0.1399/0.1189, sum=1.0000, entropy=0.6135, residual_std=0.0700, scaled_std=0.0083
up2: ca=0.8351+/-0.2017, sa=1.0019+/-0.0034, amp=0.0000, suppress=0.0000, guide_abs=0.3124
up2 residuals: local_mean=-1.298e-02, global_mean=0.0310, local_strength=0.1186, global_strength=0.1122, gain=[0.9612,1.0478], saturation=0.0000, text_film=0.0246
up2 haar: reconstruction_error=9.537e-07, skip_low/high=0.8178/0.1822, plam_low/high=1.0000/0.0000
up2 strengths: plam=0.8373, region=0.1186, detail=0.1122; residual_std region/detail/refine=0.2700/0.3308/0.1909
up2 guide_mix: entropy=0.9647, raw_low=0.3455, plam_low=0.2063, decoder_low=0.2993, detail=0.1489; agreement plam/decoder=0.3338/-0.1191, support=0.6097+/-0.0627
up1: ca=0.8179+/-0.1431, sa=1.0059+/-0.0127, amp=0.0000, suppress=0.0000, guide_abs=0.2447
up1 residuals: local_mean=-6.625e-03, global_mean=0.0683, local_strength=0.1277, global_strength=0.1007, gain=[0.9039,1.0960], saturation=0.0055, text_film=0.0332
up1 haar: reconstruction_error=1.907e-06, skip_low/high=0.7222/0.2778, plam_low/high=1.0000/0.0000
up1 strengths: plam=0.9128, region=0.1277, detail=0.1007; residual_std region/detail/refine=0.3441/0.3728/0.1797
up1 guide_mix: entropy=0.9427, raw_low=0.2613, plam_low=0.2658, decoder_low=0.3683, detail=0.1046; agreement plam/decoder=0.3453/-0.0949, support=0.6211+/-0.0845

========= Epoch [40/80] =========
RS1_Test_session_09.12_17h44
Training with batch size : 16
   [Train] Epoch: [40][20/357]  Loss:0.129 (Avg 0.1593) IoU:0.742 (Avg 0.7005) Dice:0.8390 (Avg 0.8064) LR 1.53e-04   (AvgTime 0.6)   
   [Train] Epoch: [40][40/357]  Loss:0.108 (Avg 0.1517) IoU:0.793 (Avg 0.7123) Dice:0.8687 (Avg 0.8160) LR 1.53e-04   (AvgTime 0.6)   
   [Train] Epoch: [40][60/357]  Loss:0.109 (Avg 0.1491) IoU:0.783 (Avg 0.7162) Dice:0.8674 (Avg 0.8185) LR 1.53e-04   (AvgTime 0.6)   
   [Train] Epoch: [40][80/357]  Loss:0.124 (Avg 0.1480) IoU:0.771 (Avg 0.7179) Dice:0.8607 (Avg 0.8195) LR 1.53e-04   (AvgTime 0.6)   
   [Train] Epoch: [40][100/357]  Loss:0.147 (Avg 0.1470) IoU:0.719 (Avg 0.7190) Dice:0.8278 (Avg 0.8206) LR 1.53e-04   (AvgTime 0.6)   
   [Train] Epoch: [40][120/357]  Loss:0.198 (Avg 0.1476) IoU:0.643 (Avg 0.7186) Dice:0.7581 (Avg 0.8202) LR 1.53e-04   (AvgTime 0.6)   
   [Train] Epoch: [40][140/357]  Loss:0.138 (Avg 0.1498) IoU:0.745 (Avg 0.7152) Dice:0.8470 (Avg 0.8173) LR 1.53e-04   (AvgTime 0.6)   
   [Train] Epoch: [40][160/357]  Loss:0.140 (Avg 0.1506) IoU:0.747 (Avg 0.7141) Dice:0.8498 (Avg 0.8162) LR 1.53e-04   (AvgTime 0.6)   
   [Train] Epoch: [40][180/357]  Loss:0.157 (Avg 0.1520) IoU:0.690 (Avg 0.7126) Dice:0.8015 (Avg 0.8146) LR 1.53e-04   (AvgTime 0.6)   
   [Train] Epoch: [40][200/357]  Loss:0.192 (Avg 0.1520) IoU:0.657 (Avg 0.7131) Dice:0.7538 (Avg 0.8147) LR 1.53e-04   (AvgTime 0.6)   
   [Train] Epoch: [40][220/357]  Loss:0.136 (Avg 0.1514) IoU:0.747 (Avg 0.7138) Dice:0.8442 (Avg 0.8154) LR 1.53e-04   (AvgTime 0.6)   
   [Train] Epoch: [40][240/357]  Loss:0.113 (Avg 0.1521) IoU:0.781 (Avg 0.7127) Dice:0.8728 (Avg 0.8144) LR 1.53e-04   (AvgTime 0.6)   
   [Train] Epoch: [40][260/357]  Loss:0.177 (Avg 0.1520) IoU:0.695 (Avg 0.7133) Dice:0.7819 (Avg 0.8148) LR 1.53e-04   (AvgTime 0.6)   
   [Train] Epoch: [40][280/357]  Loss:0.168 (Avg 0.1515) IoU:0.711 (Avg 0.7143) Dice:0.8071 (Avg 0.8155) LR 1.53e-04   (AvgTime 0.6)   
   [Train] Epoch: [40][300/357]  Loss:0.183 (Avg 0.1517) IoU:0.670 (Avg 0.7136) Dice:0.7742 (Avg 0.8150) LR 1.53e-04   (AvgTime 0.6)   
   [Train] Epoch: [40][320/357]  Loss:0.137 (Avg 0.1516) IoU:0.769 (Avg 0.7136) Dice:0.8388 (Avg 0.8149) LR 1.53e-04   (AvgTime 0.6)   
   [Train] Epoch: [40][340/357]  Loss:0.117 (Avg 0.1509) IoU:0.765 (Avg 0.7150) Dice:0.8576 (Avg 0.8160) LR 1.53e-04   (AvgTime 0.6)   
   [Train] Epoch: [40][357/357]  Loss:0.114 (Avg 0.1508) IoU:0.784 (Avg 0.7151) Dice:0.8696 (Avg 0.8159) LR 1.53e-04   (AvgTime 0.6)   
   [Train] Loss components: main_dice=0.154588, main_focal=0.050951, main=0.102769, region_raw=0.374457, region_weighted=0.048047, empty_window_fraction=0.000000, total=0.150816
Validation
   [Val] Epoch: [40][20/90]  Loss:0.196 (Avg 0.1589) IoU:0.671 (Avg 0.7187) Dice:0.7861 (Avg 0.8209) (AvgTime 0.3)   
   [Val] Epoch: [40][40/90]  Loss:0.141 (Avg 0.1651) IoU:0.724 (Avg 0.7047) Dice:0.8270 (Avg 0.8075) (AvgTime 0.2)   
   [Val] Epoch: [40][60/90]  Loss:0.183 (Avg 0.1547) IoU:0.677 (Avg 0.7171) Dice:0.7768 (Avg 0.8157) (AvgTime 0.2)   
   [Val] Epoch: [40][80/90]  Loss:0.146 (Avg 0.1525) IoU:0.710 (Avg 0.7170) Dice:0.8160 (Avg 0.8159) (AvgTime 0.2)   
   [Val] Epoch: [40][90/90]  Loss:0.179 (Avg 0.1523) IoU:0.637 (Avg 0.7173) Dice:0.7610 (Avg 0.8161) (AvgTime 0.2)   
   [Val] Loss components: main_dice=0.154925, main_focal=0.056294, main=0.105609, region_raw=0.364233, region_weighted=0.046735, empty_window_fraction=0.000000, total=0.152345
	 Saving best model by iou: 0.717278
	 Saving to Covid19/BetterLViT/rs1_global_iou/RS1_Test_session_09.12_17h44/models//best_model-BetterLViT.pth.tar
	 early_stopping_count: 0/80
--- Epoch History (1..40) ---
Epoch |  TrainLoss |  TrainDice |  TrainIoU |    ValLoss |    ValDice |    ValIoU |         LR | Best
    1 |     0.3300 |     0.6064 |    0.4771 |     0.2665 |     0.6917 |    0.5661 |   3.00e-04 |     
    2 |     0.2491 |     0.6986 |    0.5752 |     0.2503 |     0.7064 |    0.5831 |   3.00e-04 |     
    3 |     0.2238 |     0.7274 |    0.6082 |     0.2261 |     0.7490 |    0.6315 |   3.00e-04 |     
    4 |     0.2124 |     0.7413 |    0.6243 |     0.1852 |     0.7780 |    0.6672 |   2.99e-04 |     
    5 |     0.2062 |     0.7480 |    0.6318 |     0.1901 |     0.7618 |    0.6483 |   2.98e-04 |     
    6 |     0.2002 |     0.7563 |    0.6416 |     0.1824 |     0.7892 |    0.6820 |   2.97e-04 |     
    7 |     0.1965 |     0.7605 |    0.6471 |     0.1870 |     0.7776 |    0.6673 |   2.96e-04 |     
    8 |     0.1919 |     0.7663 |    0.6535 |     0.1781 |     0.7828 |    0.6722 |   2.94e-04 |     
    9 |     0.1907 |     0.7670 |    0.6549 |     0.1861 |     0.7859 |    0.6771 |   2.92e-04 |     
   10 |     0.1887 |     0.7700 |    0.6581 |     0.1904 |     0.7618 |    0.6500 |   2.91e-04 |     
   11 |     0.1847 |     0.7742 |    0.6630 |     0.1856 |     0.7791 |    0.6667 |   2.88e-04 |     
   12 |     0.1858 |     0.7730 |    0.6619 |     0.1814 |     0.7792 |    0.6699 |   2.86e-04 |     
   13 |     0.1827 |     0.7778 |    0.6673 |     0.1897 |     0.7836 |    0.6741 |   2.83e-04 |     
   14 |     0.1817 |     0.7785 |    0.6690 |     0.1761 |     0.7925 |    0.6846 |   2.80e-04 |     
   15 |     0.1790 |     0.7817 |    0.6727 |     0.1662 |     0.7947 |    0.6887 |   2.77e-04 |     
   16 |     0.1777 |     0.7832 |    0.6748 |     0.1662 |     0.7984 |    0.6933 |   2.74e-04 |     
   17 |     0.1747 |     0.7868 |    0.6787 |     0.1849 |     0.7656 |    0.6528 |   2.71e-04 |     
   18 |     0.1751 |     0.7880 |    0.6794 |     0.1706 |     0.7853 |    0.6776 |   2.67e-04 |     
   19 |     0.1727 |     0.7889 |    0.6813 |     0.1837 |     0.7750 |    0.6655 |   2.63e-04 |     
   20 |     0.1748 |     0.7871 |    0.6790 |     0.1670 |     0.7913 |    0.6862 |   2.59e-04 |     
   21 |     0.1711 |     0.7912 |    0.6837 |     0.1725 |     0.8030 |    0.6988 |   2.55e-04 |     
   22 |     0.1732 |     0.7894 |    0.6818 |     0.1654 |     0.7979 |    0.6947 |   2.51e-04 |     
   23 |     0.1690 |     0.7939 |    0.6878 |     0.1653 |     0.8044 |    0.7012 |   2.46e-04 |     
   24 |     0.1692 |     0.7944 |    0.6884 |     0.1686 |     0.7933 |    0.6847 |   2.42e-04 |     
   25 |     0.1648 |     0.7995 |    0.6940 |     0.1722 |     0.8021 |    0.6982 |   2.37e-04 |     
   26 |     0.1673 |     0.7963 |    0.6902 |     0.1664 |     0.8008 |    0.6962 |   2.32e-04 |     
   27 |     0.1629 |     0.8018 |    0.6970 |     0.1634 |     0.8048 |    0.7008 |   2.27e-04 |     
   28 |     0.1638 |     0.8013 |    0.6962 |     0.1968 |     0.7849 |    0.6766 |   2.22e-04 |     
   29 |     0.1665 |     0.7976 |    0.6924 |     0.1610 |     0.8024 |    0.6985 |   2.17e-04 |     
   30 |     0.1612 |     0.8048 |    0.7005 |     0.1603 |     0.7992 |    0.6949 |   2.11e-04 |     
   31 |     0.1582 |     0.8077 |    0.7041 |     0.1578 |     0.8066 |    0.7026 |   2.06e-04 |     
   32 |     0.1589 |     0.8063 |    0.7028 |     0.1762 |     0.7959 |    0.6925 |   2.00e-04 |     
   33 |     0.1578 |     0.8089 |    0.7056 |     0.1652 |     0.8056 |    0.7026 |   1.94e-04 |     
   34 |     0.1562 |     0.8101 |    0.7078 |     0.1586 |     0.8105 |    0.7098 |   1.89e-04 |     
   35 |     0.1559 |     0.8105 |    0.7081 |     0.1568 |     0.8093 |    0.7075 |   1.83e-04 |     
   36 |     0.1542 |     0.8127 |    0.7110 |     0.1550 |     0.8109 |    0.7091 |   1.77e-04 |     
   37 |     0.1534 |     0.8141 |    0.7124 |     0.1591 |     0.8011 |    0.6973 |   1.71e-04 |     
   38 |     0.1522 |     0.8143 |    0.7129 |     0.1619 |     0.8121 |    0.7118 |   1.65e-04 |     
   39 |     0.1510 |     0.8165 |    0.7157 |     0.1714 |     0.8063 |    0.7036 |   1.59e-04 |     
   40 |     0.1508 |     0.8159 |    0.7151 |     0.1523 |     0.8161 |    0.7173 |   1.53e-04 |    *
--- R2 plus final-map regional overlap: global validation statistics ---
up4: ca=0.8380+/-0.1310, sa=1.0041+/-0.0039, amp=0.0000, suppress=0.0000, guide_abs=0.3256
up4 residuals: local_mean=1.866e-02, global_mean=0.0243, local_strength=0.0763, global_strength=0.1083, gain=[0.9844,1.0209], saturation=0.0000, text_film=0.0048
up4 haar: reconstruction_error=9.537e-07, skip_low/high=0.8185/0.1815, plam_low/high=1.0000/0.0000
up4 strengths: plam=0.9541, region=0.0763, detail=0.1083; residual_std region/detail/refine=0.0233/0.5832/0.5485
up4 guide_mix: entropy=0.9776, raw_low=0.3345, plam_low=0.2614, decoder_low=0.2423, detail=0.1619; agreement plam/decoder=0.9501/0.8735, support=0.4349+/-0.0000
up4 adaptive_frequency: ALPF strength=0.2578, weights=0.1498/0.7089/0.1414, sum=1.0000, entropy=0.7313, delta_std=0.0886; AHPF strength=0.0713, weights=0.3838/0.4487/0.1675, sum=1.0000, entropy=0.9323, residual_std=0.1064, scaled_std=0.0076
up3: ca=0.9723+/-0.1879, sa=1.0076+/-0.0074, amp=0.0000, suppress=0.0000, guide_abs=0.2535
up3 residuals: local_mean=2.272e-02, global_mean=0.0414, local_strength=0.1114, global_strength=0.1226, gain=[0.9627,1.0524], saturation=0.0410, text_film=0.0192
up3 haar: reconstruction_error=1.907e-06, skip_low/high=0.7827/0.2173, plam_low/high=1.0000/0.0000
up3 strengths: plam=0.9129, region=0.1114, detail=0.1226; residual_std region/detail/refine=0.4047/0.6253/0.4981
up3 guide_mix: entropy=0.9831, raw_low=0.3072, plam_low=0.2356, decoder_low=0.2870, detail=0.1703; agreement plam/decoder=0.6847/0.0573, support=0.7978+/-0.0921
up3 adaptive_frequency: ALPF strength=0.3019, weights=0.1070/0.3053/0.5878, sum=1.0000, entropy=0.6958, delta_std=0.0877; AHPF strength=0.1198, weights=0.6910/0.1372/0.1718, sum=1.0000, entropy=0.6118, residual_std=0.0991, scaled_std=0.0119
up2: ca=0.8374+/-0.1871, sa=1.0021+/-0.0077, amp=0.0000, suppress=0.0000, guide_abs=0.3031
up2 residuals: local_mean=-1.317e-02, global_mean=0.0329, local_strength=0.1187, global_strength=0.1124, gain=[0.9292,1.0893], saturation=0.0000, text_film=0.0396
up2 haar: reconstruction_error=1.907e-06, skip_low/high=0.7756/0.2244, plam_low/high=1.0000/0.0000
up2 strengths: plam=0.8355, region=0.1187, detail=0.1124; residual_std region/detail/refine=0.2322/0.4298/0.1852
up2 guide_mix: entropy=0.9632, raw_low=0.3271, plam_low=0.1830, decoder_low=0.3300, detail=0.1598; agreement plam/decoder=0.3113/-0.3616, support=0.6052+/-0.0641
up1: ca=0.8126+/-0.1275, sa=1.0058+/-0.0138, amp=0.0000, suppress=0.0000, guide_abs=0.2451
up1 residuals: local_mean=-8.738e-03, global_mean=0.0697, local_strength=0.1279, global_strength=0.1005, gain=[0.9018,1.0968], saturation=0.0017, text_film=0.0353
up1 haar: reconstruction_error=1.907e-06, skip_low/high=0.7171/0.2829, plam_low/high=1.0000/0.0000
up1 strengths: plam=0.9122, region=0.1279, detail=0.1005; residual_std region/detail/refine=0.3429/0.4273/0.1813
up1 guide_mix: entropy=0.9314, raw_low=0.2551, plam_low=0.2149, decoder_low=0.4161, detail=0.1139; agreement plam/decoder=0.4233/0.1745, support=0.6144+/-0.0847

========= Epoch [41/80] =========
RS1_Test_session_09.12_17h44
Training with batch size : 16
   [Train] Epoch: [41][20/357]  Loss:0.140 (Avg 0.1444) IoU:0.733 (Avg 0.7213) Dice:0.8260 (Avg 0.8232) LR 1.48e-04   (AvgTime 0.6)   
   [Train] Epoch: [41][40/357]  Loss:0.180 (Avg 0.1446) IoU:0.676 (Avg 0.7229) Dice:0.7748 (Avg 0.8238) LR 1.48e-04   (AvgTime 0.6)   
   [Train] Epoch: [41][60/357]  Loss:0.122 (Avg 0.1480) IoU:0.769 (Avg 0.7179) Dice:0.8629 (Avg 0.8192) LR 1.48e-04   (AvgTime 0.6)   
   [Train] Epoch: [41][80/357]  Loss:0.162 (Avg 0.1492) IoU:0.690 (Avg 0.7152) Dice:0.8087 (Avg 0.8172) LR 1.48e-04   (AvgTime 0.6)   
   [Train] Epoch: [41][100/357]  Loss:0.166 (Avg 0.1502) IoU:0.682 (Avg 0.7137) Dice:0.7842 (Avg 0.8159) LR 1.48e-04   (AvgTime 0.6)   
   [Train] Epoch: [41][120/357]  Loss:0.220 (Avg 0.1502) IoU:0.583 (Avg 0.7137) Dice:0.6989 (Avg 0.8157) LR 1.48e-04   (AvgTime 0.6)   
   [Train] Epoch: [41][140/357]  Loss:0.137 (Avg 0.1506) IoU:0.717 (Avg 0.7131) Dice:0.8245 (Avg 0.8154) LR 1.48e-04   (AvgTime 0.6)   
   [Train] Epoch: [41][160/357]  Loss:0.138 (Avg 0.1491) IoU:0.723 (Avg 0.7159) Dice:0.8253 (Avg 0.8176) LR 1.48e-04   (AvgTime 0.6)   
   [Train] Epoch: [41][180/357]  Loss:0.125 (Avg 0.1479) IoU:0.755 (Avg 0.7182) Dice:0.8551 (Avg 0.8192) LR 1.48e-04   (AvgTime 0.6)   
   [Train] Epoch: [41][200/357]  Loss:0.145 (Avg 0.1476) IoU:0.726 (Avg 0.7193) Dice:0.8255 (Avg 0.8201) LR 1.48e-04   (AvgTime 0.6)   
   [Train] Epoch: [41][220/357]  Loss:0.160 (Avg 0.1489) IoU:0.732 (Avg 0.7178) Dice:0.8350 (Avg 0.8190) LR 1.48e-04   (AvgTime 0.6)   
   [Train] Epoch: [41][240/357]  Loss:0.110 (Avg 0.1483) IoU:0.784 (Avg 0.7194) Dice:0.8742 (Avg 0.8200) LR 1.48e-04   (AvgTime 0.6)   
   [Train] Epoch: [41][260/357]  Loss:0.131 (Avg 0.1476) IoU:0.768 (Avg 0.7206) Dice:0.8531 (Avg 0.8209) LR 1.48e-04   (AvgTime 0.6)   
   [Train] Epoch: [41][280/357]  Loss:0.157 (Avg 0.1478) IoU:0.695 (Avg 0.7197) Dice:0.8006 (Avg 0.8204) LR 1.48e-04   (AvgTime 0.6)   
   [Train] Epoch: [41][300/357]  Loss:0.119 (Avg 0.1470) IoU:0.753 (Avg 0.7211) Dice:0.8442 (Avg 0.8215) LR 1.48e-04   (AvgTime 0.6)   
   [Train] Epoch: [41][320/357]  Loss:0.120 (Avg 0.1471) IoU:0.758 (Avg 0.7211) Dice:0.8569 (Avg 0.8215) LR 1.48e-04   (AvgTime 0.6)   
   [Train] Epoch: [41][340/357]  Loss:0.123 (Avg 0.1479) IoU:0.793 (Avg 0.7198) Dice:0.8748 (Avg 0.8204) LR 1.48e-04   (AvgTime 0.6)   
   [Train] Epoch: [41][357/357]  Loss:0.136 (Avg 0.1486) IoU:0.744 (Avg 0.7188) Dice:0.8326 (Avg 0.8196) LR 1.48e-04   (AvgTime 0.6)   
   [Train] Loss components: main_dice=0.151122, main_focal=0.050929, main=0.101025, region_raw=0.370781, region_weighted=0.047576, empty_window_fraction=0.000000, total=0.148601
Validation
   [Val] Epoch: [41][20/90]  Loss:0.319 (Avg 0.2783) IoU:0.597 (Avg 0.6618) Dice:0.7284 (Avg 0.7793) (AvgTime 0.3)   
   [Val] Epoch: [41][40/90]  Loss:0.243 (Avg 0.2719) IoU:0.643 (Avg 0.6543) Dice:0.7704 (Avg 0.7710) (AvgTime 0.2)   
   [Val] Epoch: [41][60/90]  Loss:0.327 (Avg 0.2545) IoU:0.607 (Avg 0.6618) Dice:0.7269 (Avg 0.7756) (AvgTime 0.2)   
   [Val] Epoch: [41][80/90]  Loss:0.198 (Avg 0.2518) IoU:0.678 (Avg 0.6612) Dice:0.7979 (Avg 0.7750) (AvgTime 0.2)   
   [Val] Epoch: [41][90/90]  Loss:0.226 (Avg 0.2507) IoU:0.609 (Avg 0.6614) Dice:0.7421 (Avg 0.7752) (AvgTime 0.2)   
   [Val] Loss components: main_dice=0.188433, main_focal=0.214167, main=0.201300, region_raw=0.384693, region_weighted=0.049361, empty_window_fraction=0.000000, total=0.250661
	 No iou improvement; selected epoch 40
	 early_stopping_count: 1/80
--- Epoch History (1..41) ---
Epoch |  TrainLoss |  TrainDice |  TrainIoU |    ValLoss |    ValDice |    ValIoU |         LR | Best
    1 |     0.3300 |     0.6064 |    0.4771 |     0.2665 |     0.6917 |    0.5661 |   3.00e-04 |     
    2 |     0.2491 |     0.6986 |    0.5752 |     0.2503 |     0.7064 |    0.5831 |   3.00e-04 |     
    3 |     0.2238 |     0.7274 |    0.6082 |     0.2261 |     0.7490 |    0.6315 |   3.00e-04 |     
    4 |     0.2124 |     0.7413 |    0.6243 |     0.1852 |     0.7780 |    0.6672 |   2.99e-04 |     
    5 |     0.2062 |     0.7480 |    0.6318 |     0.1901 |     0.7618 |    0.6483 |   2.98e-04 |     
    6 |     0.2002 |     0.7563 |    0.6416 |     0.1824 |     0.7892 |    0.6820 |   2.97e-04 |     
    7 |     0.1965 |     0.7605 |    0.6471 |     0.1870 |     0.7776 |    0.6673 |   2.96e-04 |     
    8 |     0.1919 |     0.7663 |    0.6535 |     0.1781 |     0.7828 |    0.6722 |   2.94e-04 |     
    9 |     0.1907 |     0.7670 |    0.6549 |     0.1861 |     0.7859 |    0.6771 |   2.92e-04 |     
   10 |     0.1887 |     0.7700 |    0.6581 |     0.1904 |     0.7618 |    0.6500 |   2.91e-04 |     
   11 |     0.1847 |     0.7742 |    0.6630 |     0.1856 |     0.7791 |    0.6667 |   2.88e-04 |     
   12 |     0.1858 |     0.7730 |    0.6619 |     0.1814 |     0.7792 |    0.6699 |   2.86e-04 |     
   13 |     0.1827 |     0.7778 |    0.6673 |     0.1897 |     0.7836 |    0.6741 |   2.83e-04 |     
   14 |     0.1817 |     0.7785 |    0.6690 |     0.1761 |     0.7925 |    0.6846 |   2.80e-04 |     
   15 |     0.1790 |     0.7817 |    0.6727 |     0.1662 |     0.7947 |    0.6887 |   2.77e-04 |     
   16 |     0.1777 |     0.7832 |    0.6748 |     0.1662 |     0.7984 |    0.6933 |   2.74e-04 |     
   17 |     0.1747 |     0.7868 |    0.6787 |     0.1849 |     0.7656 |    0.6528 |   2.71e-04 |     
   18 |     0.1751 |     0.7880 |    0.6794 |     0.1706 |     0.7853 |    0.6776 |   2.67e-04 |     
   19 |     0.1727 |     0.7889 |    0.6813 |     0.1837 |     0.7750 |    0.6655 |   2.63e-04 |     
   20 |     0.1748 |     0.7871 |    0.6790 |     0.1670 |     0.7913 |    0.6862 |   2.59e-04 |     
   21 |     0.1711 |     0.7912 |    0.6837 |     0.1725 |     0.8030 |    0.6988 |   2.55e-04 |     
   22 |     0.1732 |     0.7894 |    0.6818 |     0.1654 |     0.7979 |    0.6947 |   2.51e-04 |     
   23 |     0.1690 |     0.7939 |    0.6878 |     0.1653 |     0.8044 |    0.7012 |   2.46e-04 |     
   24 |     0.1692 |     0.7944 |    0.6884 |     0.1686 |     0.7933 |    0.6847 |   2.42e-04 |     
   25 |     0.1648 |     0.7995 |    0.6940 |     0.1722 |     0.8021 |    0.6982 |   2.37e-04 |     
   26 |     0.1673 |     0.7963 |    0.6902 |     0.1664 |     0.8008 |    0.6962 |   2.32e-04 |     
   27 |     0.1629 |     0.8018 |    0.6970 |     0.1634 |     0.8048 |    0.7008 |   2.27e-04 |     
   28 |     0.1638 |     0.8013 |    0.6962 |     0.1968 |     0.7849 |    0.6766 |   2.22e-04 |     
   29 |     0.1665 |     0.7976 |    0.6924 |     0.1610 |     0.8024 |    0.6985 |   2.17e-04 |     
   30 |     0.1612 |     0.8048 |    0.7005 |     0.1603 |     0.7992 |    0.6949 |   2.11e-04 |     
   31 |     0.1582 |     0.8077 |    0.7041 |     0.1578 |     0.8066 |    0.7026 |   2.06e-04 |     
   32 |     0.1589 |     0.8063 |    0.7028 |     0.1762 |     0.7959 |    0.6925 |   2.00e-04 |     
   33 |     0.1578 |     0.8089 |    0.7056 |     0.1652 |     0.8056 |    0.7026 |   1.94e-04 |     
   34 |     0.1562 |     0.8101 |    0.7078 |     0.1586 |     0.8105 |    0.7098 |   1.89e-04 |     
   35 |     0.1559 |     0.8105 |    0.7081 |     0.1568 |     0.8093 |    0.7075 |   1.83e-04 |     
   36 |     0.1542 |     0.8127 |    0.7110 |     0.1550 |     0.8109 |    0.7091 |   1.77e-04 |     
   37 |     0.1534 |     0.8141 |    0.7124 |     0.1591 |     0.8011 |    0.6973 |   1.71e-04 |     
   38 |     0.1522 |     0.8143 |    0.7129 |     0.1619 |     0.8121 |    0.7118 |   1.65e-04 |     
   39 |     0.1510 |     0.8165 |    0.7157 |     0.1714 |     0.8063 |    0.7036 |   1.59e-04 |     
   40 |     0.1508 |     0.8159 |    0.7151 |     0.1523 |     0.8161 |    0.7173 |   1.53e-04 |    *
   41 |     0.1486 |     0.8196 |    0.7188 |     0.2507 |     0.7752 |    0.6614 |   1.48e-04 |     
--- R2 plus final-map regional overlap: global validation statistics ---
up4: ca=0.8012+/-0.1430, sa=1.0055+/-0.0034, amp=0.0000, suppress=0.0000, guide_abs=0.3088
up4 residuals: local_mean=2.421e-02, global_mean=0.0343, local_strength=0.0762, global_strength=0.1084, gain=[0.9930,1.0182], saturation=0.0000, text_film=0.0049
up4 haar: reconstruction_error=9.537e-07, skip_low/high=0.8279/0.1721, plam_low/high=1.0000/0.0000
up4 strengths: plam=0.9544, region=0.0762, detail=0.1084; residual_std region/detail/refine=0.0248/0.5969/0.5567
up4 guide_mix: entropy=0.9579, raw_low=0.3812, plam_low=0.1671, decoder_low=0.2750, detail=0.1767; agreement plam/decoder=0.2599/0.7506, support=0.4346+/-0.0000
up4 adaptive_frequency: ALPF strength=0.2583, weights=0.1433/0.7135/0.1432, sum=1.0000, entropy=0.7239, delta_std=0.0898; AHPF strength=0.0711, weights=0.3973/0.4401/0.1626, sum=1.0000, entropy=0.9249, residual_std=0.1115, scaled_std=0.0079
up3: ca=0.9625+/-0.1874, sa=1.0078+/-0.0058, amp=0.0000, suppress=0.0000, guide_abs=0.2343
up3 residuals: local_mean=2.279e-02, global_mean=0.0427, local_strength=0.1114, global_strength=0.1227, gain=[0.9786,1.0433], saturation=0.0360, text_film=0.0201
up3 haar: reconstruction_error=9.537e-07, skip_low/high=0.7609/0.2391, plam_low/high=1.0000/0.0000
up3 strengths: plam=0.9124, region=0.1114, detail=0.1227; residual_std region/detail/refine=0.4035/0.5886/0.4986
up3 guide_mix: entropy=0.9663, raw_low=0.3426, plam_low=0.1610, decoder_low=0.3051, detail=0.1912; agreement plam/decoder=0.6937/0.3673, support=0.7562+/-0.1068
up3 adaptive_frequency: ALPF strength=0.3028, weights=0.1031/0.2955/0.6014, sum=1.0000, entropy=0.7128, delta_std=0.0737; AHPF strength=0.1208, weights=0.6820/0.1383/0.1797, sum=1.0000, entropy=0.6516, residual_std=0.0844, scaled_std=0.0102
up2: ca=0.8593+/-0.2531, sa=1.0019+/-0.0033, amp=0.0000, suppress=0.0000, guide_abs=0.3077
up2 residuals: local_mean=-1.336e-02, global_mean=0.0315, local_strength=0.1188, global_strength=0.1124, gain=[0.9574,1.0513], saturation=0.0000, text_film=0.0333
up2 haar: reconstruction_error=9.537e-07, skip_low/high=0.8084/0.1916, plam_low/high=1.0000/0.0000
up2 strengths: plam=0.8334, region=0.1188, detail=0.1124; residual_std region/detail/refine=0.3043/0.3152/0.1884
up2 guide_mix: entropy=0.9283, raw_low=0.3298, plam_low=0.1349, decoder_low=0.3865, detail=0.1488; agreement plam/decoder=0.2281/-0.0033, support=0.6003+/-0.0678
up1: ca=0.8178+/-0.1492, sa=1.0063+/-0.0129, amp=0.0000, suppress=0.0000, guide_abs=0.2785
up1 residuals: local_mean=-5.798e-03, global_mean=0.0712, local_strength=0.1281, global_strength=0.1005, gain=[0.9035,1.0964], saturation=0.0076, text_film=0.0365
up1 haar: reconstruction_error=1.907e-06, skip_low/high=0.7376/0.2624, plam_low/high=1.0000/0.0000
up1 strengths: plam=0.9118, region=0.1281, detail=0.1005; residual_std region/detail/refine=0.3371/0.3830/0.1830
up1 guide_mix: entropy=0.8806, raw_low=0.3100, plam_low=0.1158, decoder_low=0.4578, detail=0.1164; agreement plam/decoder=0.3607/0.0310, support=0.6294+/-0.0844

========= Epoch [42/80] =========
RS1_Test_session_09.12_17h44
Training with batch size : 16
   [Train] Epoch: [42][20/357]  Loss:0.213 (Avg 0.1492) IoU:0.666 (Avg 0.7225) Dice:0.7856 (Avg 0.8215) LR 1.42e-04   (AvgTime 0.6)   
   [Train] Epoch: [42][40/357]  Loss:0.191 (Avg 0.1516) IoU:0.687 (Avg 0.7202) Dice:0.7878 (Avg 0.8192) LR 1.42e-04   (AvgTime 0.6)   
   [Train] Epoch: [42][60/357]  Loss:0.137 (Avg 0.1512) IoU:0.736 (Avg 0.7185) Dice:0.8362 (Avg 0.8185) LR 1.42e-04   (AvgTime 0.6)   
   [Train] Epoch: [42][80/357]  Loss:0.158 (Avg 0.1504) IoU:0.681 (Avg 0.7186) Dice:0.7844 (Avg 0.8187) LR 1.42e-04   (AvgTime 0.6)   
   [Train] Epoch: [42][100/357]  Loss:0.109 (Avg 0.1489) IoU:0.774 (Avg 0.7208) Dice:0.8637 (Avg 0.8205) LR 1.42e-04   (AvgTime 0.6)   
   [Train] Epoch: [42][120/357]  Loss:0.142 (Avg 0.1480) IoU:0.717 (Avg 0.7221) Dice:0.8254 (Avg 0.8218) LR 1.42e-04   (AvgTime 0.6)   
   [Train] Epoch: [42][140/357]  Loss:0.137 (Avg 0.1479) IoU:0.746 (Avg 0.7219) Dice:0.8397 (Avg 0.8219) LR 1.42e-04   (AvgTime 0.6)   
   [Train] Epoch: [42][160/357]  Loss:0.133 (Avg 0.1485) IoU:0.740 (Avg 0.7203) Dice:0.8360 (Avg 0.8207) LR 1.42e-04   (AvgTime 0.6)   
   [Train] Epoch: [42][180/357]  Loss:0.117 (Avg 0.1485) IoU:0.774 (Avg 0.7196) Dice:0.8590 (Avg 0.8201) LR 1.42e-04   (AvgTime 0.6)   
   [Train] Epoch: [42][200/357]  Loss:0.181 (Avg 0.1502) IoU:0.654 (Avg 0.7168) Dice:0.7655 (Avg 0.8176) LR 1.42e-04   (AvgTime 0.6)   
   [Train] Epoch: [42][220/357]  Loss:0.119 (Avg 0.1510) IoU:0.764 (Avg 0.7155) Dice:0.8604 (Avg 0.8167) LR 1.42e-04   (AvgTime 0.6)   
   [Train] Epoch: [42][240/357]  Loss:0.154 (Avg 0.1503) IoU:0.710 (Avg 0.7162) Dice:0.7952 (Avg 0.8173) LR 1.42e-04   (AvgTime 0.6)   
   [Train] Epoch: [42][260/357]  Loss:0.163 (Avg 0.1502) IoU:0.686 (Avg 0.7163) Dice:0.7961 (Avg 0.8171) LR 1.42e-04   (AvgTime 0.6)   
   [Train] Epoch: [42][280/357]  Loss:0.205 (Avg 0.1501) IoU:0.690 (Avg 0.7162) Dice:0.7884 (Avg 0.8171) LR 1.42e-04   (AvgTime 0.6)   
   [Train] Epoch: [42][300/357]  Loss:0.153 (Avg 0.1498) IoU:0.721 (Avg 0.7168) Dice:0.8303 (Avg 0.8176) LR 1.42e-04   (AvgTime 0.6)   
   [Train] Epoch: [42][320/357]  Loss:0.124 (Avg 0.1497) IoU:0.776 (Avg 0.7170) Dice:0.8661 (Avg 0.8179) LR 1.42e-04   (AvgTime 0.6)   
   [Train] Epoch: [42][340/357]  Loss:0.102 (Avg 0.1494) IoU:0.800 (Avg 0.7175) Dice:0.8850 (Avg 0.8182) LR 1.42e-04   (AvgTime 0.6)   
   [Train] Epoch: [42][357/357]  Loss:0.161 (Avg 0.1499) IoU:0.722 (Avg 0.7165) Dice:0.8213 (Avg 0.8174) LR 1.42e-04   (AvgTime 0.6)   
   [Train] Loss components: main_dice=0.153153, main_focal=0.050964, main=0.102059, region_raw=0.372832, region_weighted=0.047839, empty_window_fraction=0.000000, total=0.149898
Validation
   [Val] Epoch: [42][20/90]  Loss:0.189 (Avg 0.1551) IoU:0.665 (Avg 0.7169) Dice:0.7811 (Avg 0.8203) (AvgTime 0.3)   
   [Val] Epoch: [42][40/90]  Loss:0.139 (Avg 0.1630) IoU:0.724 (Avg 0.7007) Dice:0.8278 (Avg 0.8050) (AvgTime 0.3)   
   [Val] Epoch: [42][60/90]  Loss:0.194 (Avg 0.1534) IoU:0.655 (Avg 0.7117) Dice:0.7603 (Avg 0.8126) (AvgTime 0.3)   
   [Val] Epoch: [42][80/90]  Loss:0.145 (Avg 0.1520) IoU:0.713 (Avg 0.7097) Dice:0.8181 (Avg 0.8115) (AvgTime 0.2)   
   [Val] Epoch: [42][90/90]  Loss:0.189 (Avg 0.1519) IoU:0.628 (Avg 0.7104) Dice:0.7574 (Avg 0.8120) (AvgTime 0.2)   
   [Val] Loss components: main_dice=0.158065, main_focal=0.050360, main=0.104213, region_raw=0.371275, region_weighted=0.047639, empty_window_fraction=0.000000, total=0.151852
	 No iou improvement; selected epoch 40
	 early_stopping_count: 2/80
--- Epoch History (1..42) ---
Epoch |  TrainLoss |  TrainDice |  TrainIoU |    ValLoss |    ValDice |    ValIoU |         LR | Best
    1 |     0.3300 |     0.6064 |    0.4771 |     0.2665 |     0.6917 |    0.5661 |   3.00e-04 |     
    2 |     0.2491 |     0.6986 |    0.5752 |     0.2503 |     0.7064 |    0.5831 |   3.00e-04 |     
    3 |     0.2238 |     0.7274 |    0.6082 |     0.2261 |     0.7490 |    0.6315 |   3.00e-04 |     
    4 |     0.2124 |     0.7413 |    0.6243 |     0.1852 |     0.7780 |    0.6672 |   2.99e-04 |     
    5 |     0.2062 |     0.7480 |    0.6318 |     0.1901 |     0.7618 |    0.6483 |   2.98e-04 |     
    6 |     0.2002 |     0.7563 |    0.6416 |     0.1824 |     0.7892 |    0.6820 |   2.97e-04 |     
    7 |     0.1965 |     0.7605 |    0.6471 |     0.1870 |     0.7776 |    0.6673 |   2.96e-04 |     
    8 |     0.1919 |     0.7663 |    0.6535 |     0.1781 |     0.7828 |    0.6722 |   2.94e-04 |     
    9 |     0.1907 |     0.7670 |    0.6549 |     0.1861 |     0.7859 |    0.6771 |   2.92e-04 |     
   10 |     0.1887 |     0.7700 |    0.6581 |     0.1904 |     0.7618 |    0.6500 |   2.91e-04 |     
   11 |     0.1847 |     0.7742 |    0.6630 |     0.1856 |     0.7791 |    0.6667 |   2.88e-04 |     
   12 |     0.1858 |     0.7730 |    0.6619 |     0.1814 |     0.7792 |    0.6699 |   2.86e-04 |     
   13 |     0.1827 |     0.7778 |    0.6673 |     0.1897 |     0.7836 |    0.6741 |   2.83e-04 |     
   14 |     0.1817 |     0.7785 |    0.6690 |     0.1761 |     0.7925 |    0.6846 |   2.80e-04 |     
   15 |     0.1790 |     0.7817 |    0.6727 |     0.1662 |     0.7947 |    0.6887 |   2.77e-04 |     
   16 |     0.1777 |     0.7832 |    0.6748 |     0.1662 |     0.7984 |    0.6933 |   2.74e-04 |     
   17 |     0.1747 |     0.7868 |    0.6787 |     0.1849 |     0.7656 |    0.6528 |   2.71e-04 |     
   18 |     0.1751 |     0.7880 |    0.6794 |     0.1706 |     0.7853 |    0.6776 |   2.67e-04 |     
   19 |     0.1727 |     0.7889 |    0.6813 |     0.1837 |     0.7750 |    0.6655 |   2.63e-04 |     
   20 |     0.1748 |     0.7871 |    0.6790 |     0.1670 |     0.7913 |    0.6862 |   2.59e-04 |     
   21 |     0.1711 |     0.7912 |    0.6837 |     0.1725 |     0.8030 |    0.6988 |   2.55e-04 |     
   22 |     0.1732 |     0.7894 |    0.6818 |     0.1654 |     0.7979 |    0.6947 |   2.51e-04 |     
   23 |     0.1690 |     0.7939 |    0.6878 |     0.1653 |     0.8044 |    0.7012 |   2.46e-04 |     
   24 |     0.1692 |     0.7944 |    0.6884 |     0.1686 |     0.7933 |    0.6847 |   2.42e-04 |     
   25 |     0.1648 |     0.7995 |    0.6940 |     0.1722 |     0.8021 |    0.6982 |   2.37e-04 |     
   26 |     0.1673 |     0.7963 |    0.6902 |     0.1664 |     0.8008 |    0.6962 |   2.32e-04 |     
   27 |     0.1629 |     0.8018 |    0.6970 |     0.1634 |     0.8048 |    0.7008 |   2.27e-04 |     
   28 |     0.1638 |     0.8013 |    0.6962 |     0.1968 |     0.7849 |    0.6766 |   2.22e-04 |     
   29 |     0.1665 |     0.7976 |    0.6924 |     0.1610 |     0.8024 |    0.6985 |   2.17e-04 |     
   30 |     0.1612 |     0.8048 |    0.7005 |     0.1603 |     0.7992 |    0.6949 |   2.11e-04 |     
   31 |     0.1582 |     0.8077 |    0.7041 |     0.1578 |     0.8066 |    0.7026 |   2.06e-04 |     
   32 |     0.1589 |     0.8063 |    0.7028 |     0.1762 |     0.7959 |    0.6925 |   2.00e-04 |     
   33 |     0.1578 |     0.8089 |    0.7056 |     0.1652 |     0.8056 |    0.7026 |   1.94e-04 |     
   34 |     0.1562 |     0.8101 |    0.7078 |     0.1586 |     0.8105 |    0.7098 |   1.89e-04 |     
   35 |     0.1559 |     0.8105 |    0.7081 |     0.1568 |     0.8093 |    0.7075 |   1.83e-04 |     
   36 |     0.1542 |     0.8127 |    0.7110 |     0.1550 |     0.8109 |    0.7091 |   1.77e-04 |     
   37 |     0.1534 |     0.8141 |    0.7124 |     0.1591 |     0.8011 |    0.6973 |   1.71e-04 |     
   38 |     0.1522 |     0.8143 |    0.7129 |     0.1619 |     0.8121 |    0.7118 |   1.65e-04 |     
   39 |     0.1510 |     0.8165 |    0.7157 |     0.1714 |     0.8063 |    0.7036 |   1.59e-04 |     
   40 |     0.1508 |     0.8159 |    0.7151 |     0.1523 |     0.8161 |    0.7173 |   1.53e-04 |    *
   41 |     0.1486 |     0.8196 |    0.7188 |     0.2507 |     0.7752 |    0.6614 |   1.48e-04 |     
   42 |     0.1499 |     0.8174 |    0.7165 |     0.1519 |     0.8120 |    0.7104 |   1.42e-04 |     
--- R2 plus final-map regional overlap: global validation statistics ---
up4: ca=0.8452+/-0.1321, sa=1.0040+/-0.0041, amp=0.0000, suppress=0.0000, guide_abs=0.3364
up4 residuals: local_mean=2.030e-02, global_mean=0.0217, local_strength=0.0758, global_strength=0.1087, gain=[0.9805,1.0161], saturation=0.0000, text_film=0.0049
up4 haar: reconstruction_error=9.537e-07, skip_low/high=0.8063/0.1937, plam_low/high=1.0000/0.0000
up4 strengths: plam=0.9539, region=0.0758, detail=0.1087; residual_std region/detail/refine=0.0222/0.6092/0.5742
up4 guide_mix: entropy=0.9775, raw_low=0.3422, plam_low=0.2204, decoder_low=0.2652, detail=0.1722; agreement plam/decoder=0.6651/0.9623, support=0.4372+/-0.0000
up4 adaptive_frequency: ALPF strength=0.2587, weights=0.1430/0.7126/0.1444, sum=1.0000, entropy=0.7251, delta_std=0.0870; AHPF strength=0.0711, weights=0.3876/0.4471/0.1653, sum=1.0000, entropy=0.9300, residual_std=0.1079, scaled_std=0.0077
up3: ca=0.9803+/-0.1837, sa=1.0084+/-0.0059, amp=0.0000, suppress=0.0000, guide_abs=0.2464
up3 residuals: local_mean=2.530e-02, global_mean=0.0454, local_strength=0.1114, global_strength=0.1228, gain=[0.9804,1.0408], saturation=0.0620, text_film=0.0210
up3 haar: reconstruction_error=9.537e-07, skip_low/high=0.7601/0.2399, plam_low/high=1.0000/0.0000
up3 strengths: plam=0.9110, region=0.1114, detail=0.1228; residual_std region/detail/refine=0.4055/0.6093/0.5160
up3 guide_mix: entropy=0.9805, raw_low=0.3261, plam_low=0.2065, decoder_low=0.2850, detail=0.1823; agreement plam/decoder=0.7639/0.1386, support=0.7925+/-0.0984
up3 adaptive_frequency: ALPF strength=0.3039, weights=0.0927/0.2662/0.6411, sum=1.0000, entropy=0.6724, delta_std=0.0820; AHPF strength=0.1213, weights=0.7270/0.1313/0.1417, sum=1.0000, entropy=0.6040, residual_std=0.0785, scaled_std=0.0095
up2: ca=0.8404+/-0.1423, sa=1.0019+/-0.0034, amp=0.0000, suppress=0.0000, guide_abs=0.3085
up2 residuals: local_mean=-1.373e-02, global_mean=0.0313, local_strength=0.1189, global_strength=0.1124, gain=[0.9631,1.0459], saturation=0.0000, text_film=0.0229
up2 haar: reconstruction_error=9.537e-07, skip_low/high=0.8084/0.1916, plam_low/high=1.0000/0.0000
up2 strengths: plam=0.8310, region=0.1189, detail=0.1124; residual_std region/detail/refine=0.2594/0.3214/0.1877
up2 guide_mix: entropy=0.9592, raw_low=0.3323, plam_low=0.1867, decoder_low=0.3313, detail=0.1497; agreement plam/decoder=0.3088/-0.2427, support=0.6110+/-0.0626
up1: ca=0.8157+/-0.1360, sa=1.0064+/-0.0129, amp=0.0000, suppress=0.0000, guide_abs=0.2477
up1 residuals: local_mean=-5.858e-03, global_mean=0.0730, local_strength=0.1283, global_strength=0.1003, gain=[0.9035,1.0964], saturation=0.0026, text_film=0.0382
up1 haar: reconstruction_error=1.431e-06, skip_low/high=0.7282/0.2718, plam_low/high=1.0000/0.0000
up1 strengths: plam=0.9109, region=0.1283, detail=0.1003; residual_std region/detail/refine=0.3331/0.3860/0.1848
up1 guide_mix: entropy=0.9392, raw_low=0.2941, plam_low=0.2023, decoder_low=0.3863, detail=0.1173; agreement plam/decoder=0.4632/0.0700, support=0.6185+/-0.0836

========= Epoch [43/80] =========
RS1_Test_session_09.12_17h44
Training with batch size : 16
   [Train] Epoch: [43][20/357]  Loss:0.152 (Avg 0.1415) IoU:0.698 (Avg 0.7307) Dice:0.8119 (Avg 0.8281) LR 1.36e-04   (AvgTime 0.6)   
   [Train] Epoch: [43][40/357]  Loss:0.148 (Avg 0.1394) IoU:0.710 (Avg 0.7331) Dice:0.8176 (Avg 0.8305) LR 1.36e-04   (AvgTime 0.6)   
   [Train] Epoch: [43][60/357]  Loss:0.116 (Avg 0.1445) IoU:0.776 (Avg 0.7252) Dice:0.8654 (Avg 0.8233) LR 1.36e-04   (AvgTime 0.6)   
   [Train] Epoch: [43][80/357]  Loss:0.083 (Avg 0.1434) IoU:0.839 (Avg 0.7274) Dice:0.9101 (Avg 0.8259) LR 1.36e-04   (AvgTime 0.6)   
   [Train] Epoch: [43][100/357]  Loss:0.134 (Avg 0.1437) IoU:0.723 (Avg 0.7269) Dice:0.8310 (Avg 0.8254) LR 1.36e-04   (AvgTime 0.6)   
   [Train] Epoch: [43][120/357]  Loss:0.148 (Avg 0.1437) IoU:0.735 (Avg 0.7274) Dice:0.8287 (Avg 0.8253) LR 1.36e-04   (AvgTime 0.6)   
   [Train] Epoch: [43][140/357]  Loss:0.110 (Avg 0.1449) IoU:0.789 (Avg 0.7255) Dice:0.8726 (Avg 0.8235) LR 1.36e-04   (AvgTime 0.6)   
   [Train] Epoch: [43][160/357]  Loss:0.147 (Avg 0.1434) IoU:0.711 (Avg 0.7285) Dice:0.8121 (Avg 0.8260) LR 1.36e-04   (AvgTime 0.6)   
   [Train] Epoch: [43][180/357]  Loss:0.166 (Avg 0.1436) IoU:0.699 (Avg 0.7279) Dice:0.7993 (Avg 0.8255) LR 1.36e-04   (AvgTime 0.6)   
   [Train] Epoch: [43][200/357]  Loss:0.102 (Avg 0.1434) IoU:0.801 (Avg 0.7284) Dice:0.8861 (Avg 0.8260) LR 1.36e-04   (AvgTime 0.6)   
   [Train] Epoch: [43][220/357]  Loss:0.121 (Avg 0.1433) IoU:0.768 (Avg 0.7285) Dice:0.8569 (Avg 0.8263) LR 1.36e-04   (AvgTime 0.6)   
   [Train] Epoch: [43][240/357]  Loss:0.141 (Avg 0.1437) IoU:0.719 (Avg 0.7274) Dice:0.8242 (Avg 0.8257) LR 1.36e-04   (AvgTime 0.6)   
   [Train] Epoch: [43][260/357]  Loss:0.175 (Avg 0.1442) IoU:0.687 (Avg 0.7260) Dice:0.7858 (Avg 0.8248) LR 1.36e-04   (AvgTime 0.6)   
   [Train] Epoch: [43][280/357]  Loss:0.199 (Avg 0.1438) IoU:0.618 (Avg 0.7265) Dice:0.7416 (Avg 0.8253) LR 1.36e-04   (AvgTime 0.6)   
   [Train] Epoch: [43][300/357]  Loss:0.122 (Avg 0.1438) IoU:0.774 (Avg 0.7266) Dice:0.8619 (Avg 0.8254) LR 1.36e-04   (AvgTime 0.6)   
   [Train] Epoch: [43][320/357]  Loss:0.111 (Avg 0.1443) IoU:0.770 (Avg 0.7256) Dice:0.8592 (Avg 0.8246) LR 1.36e-04   (AvgTime 0.6)   
   [Train] Epoch: [43][340/357]  Loss:0.145 (Avg 0.1455) IoU:0.731 (Avg 0.7235) Dice:0.8327 (Avg 0.8229) LR 1.36e-04   (AvgTime 0.6)   
   [Train] Epoch: [43][357/357]  Loss:0.103 (Avg 0.1456) IoU:0.803 (Avg 0.7232) Dice:0.8893 (Avg 0.8228) LR 1.36e-04   (AvgTime 0.6)   
   [Train] Loss components: main_dice=0.148407, main_focal=0.049152, main=0.098779, region_raw=0.364912, region_weighted=0.046823, empty_window_fraction=0.000000, total=0.145602
Validation
   [Val] Epoch: [43][20/90]  Loss:0.189 (Avg 0.1596) IoU:0.663 (Avg 0.7065) Dice:0.7779 (Avg 0.8124) (AvgTime 0.3)   
   [Val] Epoch: [43][40/90]  Loss:0.157 (Avg 0.1683) IoU:0.687 (Avg 0.6880) Dice:0.7980 (Avg 0.7952) (AvgTime 0.2)   
   [Val] Epoch: [43][60/90]  Loss:0.186 (Avg 0.1583) IoU:0.664 (Avg 0.6999) Dice:0.7653 (Avg 0.8037) (AvgTime 0.2)   
   [Val] Epoch: [43][80/90]  Loss:0.153 (Avg 0.1568) IoU:0.681 (Avg 0.6991) Dice:0.7966 (Avg 0.8038) (AvgTime 0.2)   
   [Val] Epoch: [43][90/90]  Loss:0.188 (Avg 0.1570) IoU:0.610 (Avg 0.6995) Dice:0.7424 (Avg 0.8040) (AvgTime 0.2)   
   [Val] Loss components: main_dice=0.165423, main_focal=0.051766, main=0.108594, region_raw=0.377480, region_weighted=0.048435, empty_window_fraction=0.000000, total=0.157029
	 No iou improvement; selected epoch 40
	 early_stopping_count: 3/80
--- Epoch History (1..43) ---
Epoch |  TrainLoss |  TrainDice |  TrainIoU |    ValLoss |    ValDice |    ValIoU |         LR | Best
    1 |     0.3300 |     0.6064 |    0.4771 |     0.2665 |     0.6917 |    0.5661 |   3.00e-04 |     
    2 |     0.2491 |     0.6986 |    0.5752 |     0.2503 |     0.7064 |    0.5831 |   3.00e-04 |     
    3 |     0.2238 |     0.7274 |    0.6082 |     0.2261 |     0.7490 |    0.6315 |   3.00e-04 |     
    4 |     0.2124 |     0.7413 |    0.6243 |     0.1852 |     0.7780 |    0.6672 |   2.99e-04 |     
    5 |     0.2062 |     0.7480 |    0.6318 |     0.1901 |     0.7618 |    0.6483 |   2.98e-04 |     
    6 |     0.2002 |     0.7563 |    0.6416 |     0.1824 |     0.7892 |    0.6820 |   2.97e-04 |     
    7 |     0.1965 |     0.7605 |    0.6471 |     0.1870 |     0.7776 |    0.6673 |   2.96e-04 |     
    8 |     0.1919 |     0.7663 |    0.6535 |     0.1781 |     0.7828 |    0.6722 |   2.94e-04 |     
    9 |     0.1907 |     0.7670 |    0.6549 |     0.1861 |     0.7859 |    0.6771 |   2.92e-04 |     
   10 |     0.1887 |     0.7700 |    0.6581 |     0.1904 |     0.7618 |    0.6500 |   2.91e-04 |     
   11 |     0.1847 |     0.7742 |    0.6630 |     0.1856 |     0.7791 |    0.6667 |   2.88e-04 |     
   12 |     0.1858 |     0.7730 |    0.6619 |     0.1814 |     0.7792 |    0.6699 |   2.86e-04 |     
   13 |     0.1827 |     0.7778 |    0.6673 |     0.1897 |     0.7836 |    0.6741 |   2.83e-04 |     
   14 |     0.1817 |     0.7785 |    0.6690 |     0.1761 |     0.7925 |    0.6846 |   2.80e-04 |     
   15 |     0.1790 |     0.7817 |    0.6727 |     0.1662 |     0.7947 |    0.6887 |   2.77e-04 |     
   16 |     0.1777 |     0.7832 |    0.6748 |     0.1662 |     0.7984 |    0.6933 |   2.74e-04 |     
   17 |     0.1747 |     0.7868 |    0.6787 |     0.1849 |     0.7656 |    0.6528 |   2.71e-04 |     
   18 |     0.1751 |     0.7880 |    0.6794 |     0.1706 |     0.7853 |    0.6776 |   2.67e-04 |     
   19 |     0.1727 |     0.7889 |    0.6813 |     0.1837 |     0.7750 |    0.6655 |   2.63e-04 |     
   20 |     0.1748 |     0.7871 |    0.6790 |     0.1670 |     0.7913 |    0.6862 |   2.59e-04 |     
   21 |     0.1711 |     0.7912 |    0.6837 |     0.1725 |     0.8030 |    0.6988 |   2.55e-04 |     
   22 |     0.1732 |     0.7894 |    0.6818 |     0.1654 |     0.7979 |    0.6947 |   2.51e-04 |     
   23 |     0.1690 |     0.7939 |    0.6878 |     0.1653 |     0.8044 |    0.7012 |   2.46e-04 |     
   24 |     0.1692 |     0.7944 |    0.6884 |     0.1686 |     0.7933 |    0.6847 |   2.42e-04 |     
   25 |     0.1648 |     0.7995 |    0.6940 |     0.1722 |     0.8021 |    0.6982 |   2.37e-04 |     
   26 |     0.1673 |     0.7963 |    0.6902 |     0.1664 |     0.8008 |    0.6962 |   2.32e-04 |     
   27 |     0.1629 |     0.8018 |    0.6970 |     0.1634 |     0.8048 |    0.7008 |   2.27e-04 |     
   28 |     0.1638 |     0.8013 |    0.6962 |     0.1968 |     0.7849 |    0.6766 |   2.22e-04 |     
   29 |     0.1665 |     0.7976 |    0.6924 |     0.1610 |     0.8024 |    0.6985 |   2.17e-04 |     
   30 |     0.1612 |     0.8048 |    0.7005 |     0.1603 |     0.7992 |    0.6949 |   2.11e-04 |     
   31 |     0.1582 |     0.8077 |    0.7041 |     0.1578 |     0.8066 |    0.7026 |   2.06e-04 |     
   32 |     0.1589 |     0.8063 |    0.7028 |     0.1762 |     0.7959 |    0.6925 |   2.00e-04 |     
   33 |     0.1578 |     0.8089 |    0.7056 |     0.1652 |     0.8056 |    0.7026 |   1.94e-04 |     
   34 |     0.1562 |     0.8101 |    0.7078 |     0.1586 |     0.8105 |    0.7098 |   1.89e-04 |     
   35 |     0.1559 |     0.8105 |    0.7081 |     0.1568 |     0.8093 |    0.7075 |   1.83e-04 |     
   36 |     0.1542 |     0.8127 |    0.7110 |     0.1550 |     0.8109 |    0.7091 |   1.77e-04 |     
   37 |     0.1534 |     0.8141 |    0.7124 |     0.1591 |     0.8011 |    0.6973 |   1.71e-04 |     
   38 |     0.1522 |     0.8143 |    0.7129 |     0.1619 |     0.8121 |    0.7118 |   1.65e-04 |     
   39 |     0.1510 |     0.8165 |    0.7157 |     0.1714 |     0.8063 |    0.7036 |   1.59e-04 |     
   40 |     0.1508 |     0.8159 |    0.7151 |     0.1523 |     0.8161 |    0.7173 |   1.53e-04 |    *
   41 |     0.1486 |     0.8196 |    0.7188 |     0.2507 |     0.7752 |    0.6614 |   1.48e-04 |     
   42 |     0.1499 |     0.8174 |    0.7165 |     0.1519 |     0.8120 |    0.7104 |   1.42e-04 |     
   43 |     0.1456 |     0.8228 |    0.7232 |     0.1570 |     0.8040 |    0.6995 |   1.36e-04 |     
--- R2 plus final-map regional overlap: global validation statistics ---
up4: ca=0.8442+/-0.1295, sa=1.0037+/-0.0038, amp=0.0000, suppress=0.0000, guide_abs=0.2498
up4 residuals: local_mean=1.972e-02, global_mean=0.0200, local_strength=0.0758, global_strength=0.1088, gain=[0.9787,1.0159], saturation=0.0000, text_film=0.0049
up4 haar: reconstruction_error=9.537e-07, skip_low/high=0.8056/0.1944, plam_low/high=1.0000/0.0000
up4 strengths: plam=0.9537, region=0.0758, detail=0.1088; residual_std region/detail/refine=0.0220/0.5949/0.5608
up4 guide_mix: entropy=0.9792, raw_low=0.3378, plam_low=0.2306, decoder_low=0.2604, detail=0.1712; agreement plam/decoder=0.5513/0.5382, support=0.4364+/-0.0000
up4 adaptive_frequency: ALPF strength=0.2590, weights=0.1491/0.7104/0.1405, sum=1.0000, entropy=0.7292, delta_std=0.0892; AHPF strength=0.0711, weights=0.3786/0.4536/0.1679, sum=1.0000, entropy=0.9317, residual_std=0.1072, scaled_std=0.0076
up3: ca=0.9791+/-0.1784, sa=1.0079+/-0.0059, amp=0.0000, suppress=0.0000, guide_abs=0.2402
up3 residuals: local_mean=2.292e-02, global_mean=0.0434, local_strength=0.1115, global_strength=0.1229, gain=[0.9823,1.0396], saturation=0.0755, text_film=0.0271
up3 haar: reconstruction_error=9.537e-07, skip_low/high=0.7582/0.2418, plam_low/high=1.0000/0.0000
up3 strengths: plam=0.9104, region=0.1115, detail=0.1229; residual_std region/detail/refine=0.4014/0.5977/0.5035
up3 guide_mix: entropy=0.9799, raw_low=0.3229, plam_low=0.2037, decoder_low=0.2915, detail=0.1820; agreement plam/decoder=0.7530/0.1970, support=0.7946+/-0.0989
up3 adaptive_frequency: ALPF strength=0.3049, weights=0.1208/0.3512/0.5280, sum=1.0000, entropy=0.7146, delta_std=0.0772; AHPF strength=0.1217, weights=0.6478/0.1537/0.1985, sum=1.0000, entropy=0.6634, residual_std=0.0966, scaled_std=0.0118
up2: ca=0.8431+/-0.1494, sa=1.0020+/-0.0034, amp=0.0000, suppress=0.0000, guide_abs=0.3019
up2 residuals: local_mean=-1.354e-02, global_mean=0.0320, local_strength=0.1190, global_strength=0.1124, gain=[0.9613,1.0453], saturation=0.0000, text_film=0.0343
up2 haar: reconstruction_error=9.537e-07, skip_low/high=0.8092/0.1908, plam_low/high=1.0000/0.0000
up2 strengths: plam=0.8289, region=0.1190, detail=0.1124; residual_std region/detail/refine=0.2732/0.3180/0.1816
up2 guide_mix: entropy=0.9563, raw_low=0.3342, plam_low=0.1783, decoder_low=0.3364, detail=0.1510; agreement plam/decoder=0.2672/-0.2521, support=0.6039+/-0.0686
up1: ca=0.8190+/-0.1384, sa=1.0067+/-0.0130, amp=0.0000, suppress=0.0000, guide_abs=0.2363
up1 residuals: local_mean=-5.066e-03, global_mean=0.0748, local_strength=0.1285, global_strength=0.1002, gain=[0.9035,1.0964], saturation=0.0026, text_film=0.0383
up1 haar: reconstruction_error=1.907e-06, skip_low/high=0.7276/0.2724, plam_low/high=1.0000/0.0000
up1 strengths: plam=0.9105, region=0.1285, detail=0.1002; residual_std region/detail/refine=0.3282/0.3893/0.1873
up1 guide_mix: entropy=0.9347, raw_low=0.3010, plam_low=0.1842, decoder_low=0.3936, detail=0.1213; agreement plam/decoder=0.4223/0.0344, support=0.6260+/-0.0878

========= Epoch [44/80] =========
RS1_Test_session_09.12_17h44
Training with batch size : 16
   [Train] Epoch: [44][20/357]  Loss:0.145 (Avg 0.1412) IoU:0.711 (Avg 0.7339) Dice:0.8188 (Avg 0.8340) LR 1.30e-04   (AvgTime 0.6)   
   [Train] Epoch: [44][40/357]  Loss:0.144 (Avg 0.1427) IoU:0.715 (Avg 0.7299) Dice:0.8243 (Avg 0.8287) LR 1.30e-04   (AvgTime 0.6)   
   [Train] Epoch: [44][60/357]  Loss:0.135 (Avg 0.1427) IoU:0.737 (Avg 0.7292) Dice:0.8437 (Avg 0.8292) LR 1.30e-04   (AvgTime 0.6)   
   [Train] Epoch: [44][80/357]  Loss:0.177 (Avg 0.1425) IoU:0.691 (Avg 0.7300) Dice:0.8011 (Avg 0.8295) LR 1.30e-04   (AvgTime 0.6)   
   [Train] Epoch: [44][100/357]  Loss:0.124 (Avg 0.1391) IoU:0.779 (Avg 0.7361) Dice:0.8684 (Avg 0.8339) LR 1.30e-04   (AvgTime 0.6)   
   [Train] Epoch: [44][120/357]  Loss:0.129 (Avg 0.1398) IoU:0.744 (Avg 0.7350) Dice:0.8276 (Avg 0.8331) LR 1.30e-04   (AvgTime 0.6)   
   [Train] Epoch: [44][140/357]  Loss:0.113 (Avg 0.1384) IoU:0.781 (Avg 0.7365) Dice:0.8674 (Avg 0.8341) LR 1.30e-04   (AvgTime 0.6)   
   [Train] Epoch: [44][160/357]  Loss:0.103 (Avg 0.1391) IoU:0.787 (Avg 0.7353) Dice:0.8741 (Avg 0.8328) LR 1.30e-04   (AvgTime 0.6)   
   [Train] Epoch: [44][180/357]  Loss:0.133 (Avg 0.1382) IoU:0.734 (Avg 0.7369) Dice:0.8340 (Avg 0.8340) LR 1.30e-04   (AvgTime 0.6)   
   [Train] Epoch: [44][200/357]  Loss:0.153 (Avg 0.1394) IoU:0.727 (Avg 0.7344) Dice:0.8275 (Avg 0.8322) LR 1.30e-04   (AvgTime 0.6)   
   [Train] Epoch: [44][220/357]  Loss:0.173 (Avg 0.1407) IoU:0.677 (Avg 0.7321) Dice:0.7826 (Avg 0.8304) LR 1.30e-04   (AvgTime 0.6)   
   [Train] Epoch: [44][240/357]  Loss:0.209 (Avg 0.1416) IoU:0.621 (Avg 0.7304) Dice:0.7486 (Avg 0.8289) LR 1.30e-04   (AvgTime 0.6)   
   [Train] Epoch: [44][260/357]  Loss:0.129 (Avg 0.1418) IoU:0.750 (Avg 0.7298) Dice:0.8476 (Avg 0.8286) LR 1.30e-04   (AvgTime 0.6)   
   [Train] Epoch: [44][280/357]  Loss:0.217 (Avg 0.1426) IoU:0.619 (Avg 0.7284) Dice:0.7199 (Avg 0.8273) LR 1.30e-04   (AvgTime 0.6)   
   [Train] Epoch: [44][300/357]  Loss:0.139 (Avg 0.1422) IoU:0.739 (Avg 0.7289) Dice:0.8217 (Avg 0.8276) LR 1.30e-04   (AvgTime 0.6)   
   [Train] Epoch: [44][320/357]  Loss:0.107 (Avg 0.1427) IoU:0.787 (Avg 0.7282) Dice:0.8751 (Avg 0.8271) LR 1.30e-04   (AvgTime 0.6)   
   [Train] Epoch: [44][340/357]  Loss:0.099 (Avg 0.1433) IoU:0.798 (Avg 0.7272) Dice:0.8839 (Avg 0.8262) LR 1.30e-04   (AvgTime 0.6)   
   [Train] Epoch: [44][357/357]  Loss:0.170 (Avg 0.1442) IoU:0.677 (Avg 0.7254) Dice:0.7800 (Avg 0.8248) LR 1.30e-04   (AvgTime 0.6)   
   [Train] Loss components: main_dice=0.146390, main_focal=0.049176, main=0.097783, region_raw=0.361587, region_weighted=0.046396, empty_window_fraction=0.000000, total=0.144179
Validation
   [Val] Epoch: [44][20/90]  Loss:0.195 (Avg 0.1611) IoU:0.686 (Avg 0.7216) Dice:0.8008 (Avg 0.8233) (AvgTime 0.3)   
   [Val] Epoch: [44][40/90]  Loss:0.140 (Avg 0.1669) IoU:0.735 (Avg 0.7072) Dice:0.8356 (Avg 0.8099) (AvgTime 0.2)   
   [Val] Epoch: [44][60/90]  Loss:0.185 (Avg 0.1563) IoU:0.679 (Avg 0.7181) Dice:0.7804 (Avg 0.8176) (AvgTime 0.2)   
   [Val] Epoch: [44][80/90]  Loss:0.139 (Avg 0.1532) IoU:0.740 (Avg 0.7194) Dice:0.8374 (Avg 0.8190) (AvgTime 0.2)   
   [Val] Epoch: [44][90/90]  Loss:0.182 (Avg 0.1531) IoU:0.647 (Avg 0.7199) Dice:0.7718 (Avg 0.8194) (AvgTime 0.2)   
   [Val] Loss components: main_dice=0.151567, main_focal=0.061879, main=0.106723, region_raw=0.361804, region_weighted=0.046424, empty_window_fraction=0.000000, total=0.153147
	 Saving best model by iou: 0.719893
	 Saving to Covid19/BetterLViT/rs1_global_iou/RS1_Test_session_09.12_17h44/models//best_model-BetterLViT.pth.tar
	 early_stopping_count: 0/80
--- Epoch History (1..44) ---
Epoch |  TrainLoss |  TrainDice |  TrainIoU |    ValLoss |    ValDice |    ValIoU |         LR | Best
    1 |     0.3300 |     0.6064 |    0.4771 |     0.2665 |     0.6917 |    0.5661 |   3.00e-04 |     
    2 |     0.2491 |     0.6986 |    0.5752 |     0.2503 |     0.7064 |    0.5831 |   3.00e-04 |     
    3 |     0.2238 |     0.7274 |    0.6082 |     0.2261 |     0.7490 |    0.6315 |   3.00e-04 |     
    4 |     0.2124 |     0.7413 |    0.6243 |     0.1852 |     0.7780 |    0.6672 |   2.99e-04 |     
    5 |     0.2062 |     0.7480 |    0.6318 |     0.1901 |     0.7618 |    0.6483 |   2.98e-04 |     
    6 |     0.2002 |     0.7563 |    0.6416 |     0.1824 |     0.7892 |    0.6820 |   2.97e-04 |     
    7 |     0.1965 |     0.7605 |    0.6471 |     0.1870 |     0.7776 |    0.6673 |   2.96e-04 |     
    8 |     0.1919 |     0.7663 |    0.6535 |     0.1781 |     0.7828 |    0.6722 |   2.94e-04 |     
    9 |     0.1907 |     0.7670 |    0.6549 |     0.1861 |     0.7859 |    0.6771 |   2.92e-04 |     
   10 |     0.1887 |     0.7700 |    0.6581 |     0.1904 |     0.7618 |    0.6500 |   2.91e-04 |     
   11 |     0.1847 |     0.7742 |    0.6630 |     0.1856 |     0.7791 |    0.6667 |   2.88e-04 |     
   12 |     0.1858 |     0.7730 |    0.6619 |     0.1814 |     0.7792 |    0.6699 |   2.86e-04 |     
   13 |     0.1827 |     0.7778 |    0.6673 |     0.1897 |     0.7836 |    0.6741 |   2.83e-04 |     
   14 |     0.1817 |     0.7785 |    0.6690 |     0.1761 |     0.7925 |    0.6846 |   2.80e-04 |     
   15 |     0.1790 |     0.7817 |    0.6727 |     0.1662 |     0.7947 |    0.6887 |   2.77e-04 |     
   16 |     0.1777 |     0.7832 |    0.6748 |     0.1662 |     0.7984 |    0.6933 |   2.74e-04 |     
   17 |     0.1747 |     0.7868 |    0.6787 |     0.1849 |     0.7656 |    0.6528 |   2.71e-04 |     
   18 |     0.1751 |     0.7880 |    0.6794 |     0.1706 |     0.7853 |    0.6776 |   2.67e-04 |     
   19 |     0.1727 |     0.7889 |    0.6813 |     0.1837 |     0.7750 |    0.6655 |   2.63e-04 |     
   20 |     0.1748 |     0.7871 |    0.6790 |     0.1670 |     0.7913 |    0.6862 |   2.59e-04 |     
   21 |     0.1711 |     0.7912 |    0.6837 |     0.1725 |     0.8030 |    0.6988 |   2.55e-04 |     
   22 |     0.1732 |     0.7894 |    0.6818 |     0.1654 |     0.7979 |    0.6947 |   2.51e-04 |     
   23 |     0.1690 |     0.7939 |    0.6878 |     0.1653 |     0.8044 |    0.7012 |   2.46e-04 |     
   24 |     0.1692 |     0.7944 |    0.6884 |     0.1686 |     0.7933 |    0.6847 |   2.42e-04 |     
   25 |     0.1648 |     0.7995 |    0.6940 |     0.1722 |     0.8021 |    0.6982 |   2.37e-04 |     
   26 |     0.1673 |     0.7963 |    0.6902 |     0.1664 |     0.8008 |    0.6962 |   2.32e-04 |     
   27 |     0.1629 |     0.8018 |    0.6970 |     0.1634 |     0.8048 |    0.7008 |   2.27e-04 |     
   28 |     0.1638 |     0.8013 |    0.6962 |     0.1968 |     0.7849 |    0.6766 |   2.22e-04 |     
   29 |     0.1665 |     0.7976 |    0.6924 |     0.1610 |     0.8024 |    0.6985 |   2.17e-04 |     
   30 |     0.1612 |     0.8048 |    0.7005 |     0.1603 |     0.7992 |    0.6949 |   2.11e-04 |     
   31 |     0.1582 |     0.8077 |    0.7041 |     0.1578 |     0.8066 |    0.7026 |   2.06e-04 |     
   32 |     0.1589 |     0.8063 |    0.7028 |     0.1762 |     0.7959 |    0.6925 |   2.00e-04 |     
   33 |     0.1578 |     0.8089 |    0.7056 |     0.1652 |     0.8056 |    0.7026 |   1.94e-04 |     
   34 |     0.1562 |     0.8101 |    0.7078 |     0.1586 |     0.8105 |    0.7098 |   1.89e-04 |     
   35 |     0.1559 |     0.8105 |    0.7081 |     0.1568 |     0.8093 |    0.7075 |   1.83e-04 |     
   36 |     0.1542 |     0.8127 |    0.7110 |     0.1550 |     0.8109 |    0.7091 |   1.77e-04 |     
   37 |     0.1534 |     0.8141 |    0.7124 |     0.1591 |     0.8011 |    0.6973 |   1.71e-04 |     
   38 |     0.1522 |     0.8143 |    0.7129 |     0.1619 |     0.8121 |    0.7118 |   1.65e-04 |     
   39 |     0.1510 |     0.8165 |    0.7157 |     0.1714 |     0.8063 |    0.7036 |   1.59e-04 |     
   40 |     0.1508 |     0.8159 |    0.7151 |     0.1523 |     0.8161 |    0.7173 |   1.53e-04 |     
   41 |     0.1486 |     0.8196 |    0.7188 |     0.2507 |     0.7752 |    0.6614 |   1.48e-04 |     
   42 |     0.1499 |     0.8174 |    0.7165 |     0.1519 |     0.8120 |    0.7104 |   1.42e-04 |     
   43 |     0.1456 |     0.8228 |    0.7232 |     0.1570 |     0.8040 |    0.6995 |   1.36e-04 |     
   44 |     0.1442 |     0.8248 |    0.7254 |     0.1531 |     0.8194 |    0.7199 |   1.30e-04 |    *
--- R2 plus final-map regional overlap: global validation statistics ---
up4: ca=0.8484+/-0.1313, sa=1.0031+/-0.0044, amp=0.0000, suppress=0.0000, guide_abs=0.2954
up4 residuals: local_mean=1.989e-02, global_mean=0.0146, local_strength=0.0753, global_strength=0.1089, gain=[0.9745,1.0167], saturation=0.0000, text_film=0.0049
up4 haar: reconstruction_error=7.153e-07, skip_low/high=0.8094/0.1906, plam_low/high=1.0000/0.0000
up4 strengths: plam=0.9534, region=0.0753, detail=0.1089; residual_std region/detail/refine=0.0221/0.6056/0.5715
up4 guide_mix: entropy=0.9771, raw_low=0.3479, plam_low=0.2192, decoder_low=0.2579, detail=0.1750; agreement plam/decoder=0.9910/0.9779, support=0.4349+/-0.0000
up4 adaptive_frequency: ALPF strength=0.2595, weights=0.1584/0.7065/0.1351, sum=1.0000, entropy=0.7329, delta_std=0.0875; AHPF strength=0.0710, weights=0.3842/0.4493/0.1665, sum=1.0000, entropy=0.9312, residual_std=0.1062, scaled_std=0.0075
up3: ca=0.9820+/-0.1784, sa=1.0076+/-0.0053, amp=0.0000, suppress=0.0000, guide_abs=0.2387
up3 residuals: local_mean=2.282e-02, global_mean=0.0415, local_strength=0.1114, global_strength=0.1230, gain=[0.9847,1.0362], saturation=0.0385, text_film=0.0227
up3 haar: reconstruction_error=9.537e-07, skip_low/high=0.7597/0.2403, plam_low/high=1.0000/0.0000
up3 strengths: plam=0.9101, region=0.1114, detail=0.1230; residual_std region/detail/refine=0.3931/0.5926/0.5042
up3 guide_mix: entropy=0.9794, raw_low=0.3180, plam_low=0.2052, decoder_low=0.2983, detail=0.1785; agreement plam/decoder=0.6784/0.1349, support=0.7675+/-0.0997
up3 adaptive_frequency: ALPF strength=0.3056, weights=0.1103/0.2945/0.5952, sum=1.0000, entropy=0.7306, delta_std=0.0821; AHPF strength=0.1222, weights=0.7308/0.1279/0.1413, sum=1.0000, entropy=0.6152, residual_std=0.0725, scaled_std=0.0089
up2: ca=0.8462+/-0.1762, sa=1.0021+/-0.0034, amp=0.0000, suppress=0.0000, guide_abs=0.2979
up2 residuals: local_mean=-1.341e-02, global_mean=0.0332, local_strength=0.1191, global_strength=0.1124, gain=[0.9647,1.0438], saturation=0.0000, text_film=0.0281
up2 haar: reconstruction_error=9.537e-07, skip_low/high=0.8063/0.1937, plam_low/high=1.0000/0.0000
up2 strengths: plam=0.8275, region=0.1191, detail=0.1124; residual_std region/detail/refine=0.2447/0.3102/0.1721
up2 guide_mix: entropy=0.9577, raw_low=0.3375, plam_low=0.1781, decoder_low=0.3307, detail=0.1537; agreement plam/decoder=0.3025/-0.1974, support=0.5945+/-0.0589
up1: ca=0.8212+/-0.1318, sa=1.0070+/-0.0127, amp=0.0000, suppress=0.0000, guide_abs=0.2524
up1 residuals: local_mean=-3.597e-03, global_mean=0.0764, local_strength=0.1284, global_strength=0.1000, gain=[0.9044,1.0958], saturation=0.0022, text_film=0.0364
up1 haar: reconstruction_error=1.431e-06, skip_low/high=0.7293/0.2707, plam_low/high=1.0000/0.0000
up1 strengths: plam=0.9102, region=0.1284, detail=0.1000; residual_std region/detail/refine=0.3170/0.3786/0.1890
up1 guide_mix: entropy=0.9346, raw_low=0.2943, plam_low=0.1937, decoder_low=0.3951, detail=0.1168; agreement plam/decoder=0.3869/-0.1089, support=0.6211+/-0.0811

========= Epoch [45/80] =========
RS1_Test_session_09.12_17h44
Training with batch size : 16
   [Train] Epoch: [45][20/357]  Loss:0.166 (Avg 0.1422) IoU:0.675 (Avg 0.7334) Dice:0.7844 (Avg 0.8311) LR 1.24e-04   (AvgTime 0.6)   
   [Train] Epoch: [45][40/357]  Loss:0.118 (Avg 0.1423) IoU:0.766 (Avg 0.7292) Dice:0.8565 (Avg 0.8292) LR 1.24e-04   (AvgTime 0.6)   
   [Train] Epoch: [45][60/357]  Loss:0.142 (Avg 0.1432) IoU:0.714 (Avg 0.7271) Dice:0.8168 (Avg 0.8266) LR 1.24e-04   (AvgTime 0.6)   
   [Train] Epoch: [45][80/357]  Loss:0.118 (Avg 0.1426) IoU:0.789 (Avg 0.7264) Dice:0.8651 (Avg 0.8255) LR 1.24e-04   (AvgTime 0.6)   
   [Train] Epoch: [45][100/357]  Loss:0.138 (Avg 0.1422) IoU:0.746 (Avg 0.7276) Dice:0.8450 (Avg 0.8266) LR 1.24e-04   (AvgTime 0.6)   
   [Train] Epoch: [45][120/357]  Loss:0.135 (Avg 0.1429) IoU:0.742 (Avg 0.7263) Dice:0.8342 (Avg 0.8257) LR 1.24e-04   (AvgTime 0.6)   
   [Train] Epoch: [45][140/357]  Loss:0.126 (Avg 0.1446) IoU:0.750 (Avg 0.7235) Dice:0.8425 (Avg 0.8234) LR 1.24e-04   (AvgTime 0.6)   
   [Train] Epoch: [45][160/357]  Loss:0.136 (Avg 0.1458) IoU:0.731 (Avg 0.7214) Dice:0.8299 (Avg 0.8217) LR 1.24e-04   (AvgTime 0.6)   
   [Train] Epoch: [45][180/357]  Loss:0.136 (Avg 0.1462) IoU:0.773 (Avg 0.7215) Dice:0.8583 (Avg 0.8220) LR 1.24e-04   (AvgTime 0.6)   
   [Train] Epoch: [45][200/357]  Loss:0.162 (Avg 0.1460) IoU:0.713 (Avg 0.7218) Dice:0.8164 (Avg 0.8223) LR 1.24e-04   (AvgTime 0.6)   
   [Train] Epoch: [45][220/357]  Loss:0.150 (Avg 0.1466) IoU:0.707 (Avg 0.7207) Dice:0.8119 (Avg 0.8214) LR 1.24e-04   (AvgTime 0.6)   
   [Train] Epoch: [45][240/357]  Loss:0.207 (Avg 0.1462) IoU:0.633 (Avg 0.7220) Dice:0.7449 (Avg 0.8223) LR 1.24e-04   (AvgTime 0.6)   
   [Train] Epoch: [45][260/357]  Loss:0.116 (Avg 0.1454) IoU:0.769 (Avg 0.7230) Dice:0.8593 (Avg 0.8228) LR 1.24e-04   (AvgTime 0.6)   
   [Train] Epoch: [45][280/357]  Loss:0.116 (Avg 0.1449) IoU:0.764 (Avg 0.7239) Dice:0.8606 (Avg 0.8235) LR 1.24e-04   (AvgTime 0.6)   
   [Train] Epoch: [45][300/357]  Loss:0.237 (Avg 0.1446) IoU:0.665 (Avg 0.7248) Dice:0.7645 (Avg 0.8240) LR 1.24e-04   (AvgTime 0.6)   
   [Train] Epoch: [45][320/357]  Loss:0.177 (Avg 0.1448) IoU:0.663 (Avg 0.7247) Dice:0.7716 (Avg 0.8239) LR 1.24e-04   (AvgTime 0.6)   
   [Train] Epoch: [45][340/357]  Loss:0.140 (Avg 0.1445) IoU:0.714 (Avg 0.7250) Dice:0.8138 (Avg 0.8242) LR 1.24e-04   (AvgTime 0.6)   
   [Train] Epoch: [45][357/357]  Loss:0.135 (Avg 0.1446) IoU:0.756 (Avg 0.7247) Dice:0.8522 (Avg 0.8239) LR 1.24e-04   (AvgTime 0.6)   
   [Train] Loss components: main_dice=0.147355, main_focal=0.048852, main=0.098103, region_raw=0.362639, region_weighted=0.046531, empty_window_fraction=0.000000, total=0.144634
Validation
   [Val] Epoch: [45][20/90]  Loss:0.196 (Avg 0.1590) IoU:0.666 (Avg 0.7186) Dice:0.7842 (Avg 0.8219) (AvgTime 0.3)   
   [Val] Epoch: [45][40/90]  Loss:0.133 (Avg 0.1646) IoU:0.737 (Avg 0.7042) Dice:0.8389 (Avg 0.8083) (AvgTime 0.3)   
   [Val] Epoch: [45][60/90]  Loss:0.208 (Avg 0.1547) IoU:0.638 (Avg 0.7157) Dice:0.7486 (Avg 0.8162) (AvgTime 0.2)   
   [Val] Epoch: [45][80/90]  Loss:0.133 (Avg 0.1540) IoU:0.735 (Avg 0.7140) Dice:0.8349 (Avg 0.8151) (AvgTime 0.2)   
   [Val] Epoch: [45][90/90]  Loss:0.186 (Avg 0.1548) IoU:0.624 (Avg 0.7141) Dice:0.7512 (Avg 0.8151) (AvgTime 0.2)   
   [Val] Loss components: main_dice=0.153155, main_focal=0.063769, main=0.108462, region_raw=0.361222, region_weighted=0.046349, empty_window_fraction=0.000000, total=0.154811
	 No iou improvement; selected epoch 44
	 early_stopping_count: 1/80
--- Epoch History (1..45) ---
Epoch |  TrainLoss |  TrainDice |  TrainIoU |    ValLoss |    ValDice |    ValIoU |         LR | Best
    1 |     0.3300 |     0.6064 |    0.4771 |     0.2665 |     0.6917 |    0.5661 |   3.00e-04 |     
    2 |     0.2491 |     0.6986 |    0.5752 |     0.2503 |     0.7064 |    0.5831 |   3.00e-04 |     
    3 |     0.2238 |     0.7274 |    0.6082 |     0.2261 |     0.7490 |    0.6315 |   3.00e-04 |     
    4 |     0.2124 |     0.7413 |    0.6243 |     0.1852 |     0.7780 |    0.6672 |   2.99e-04 |     
    5 |     0.2062 |     0.7480 |    0.6318 |     0.1901 |     0.7618 |    0.6483 |   2.98e-04 |     
    6 |     0.2002 |     0.7563 |    0.6416 |     0.1824 |     0.7892 |    0.6820 |   2.97e-04 |     
    7 |     0.1965 |     0.7605 |    0.6471 |     0.1870 |     0.7776 |    0.6673 |   2.96e-04 |     
    8 |     0.1919 |     0.7663 |    0.6535 |     0.1781 |     0.7828 |    0.6722 |   2.94e-04 |     
    9 |     0.1907 |     0.7670 |    0.6549 |     0.1861 |     0.7859 |    0.6771 |   2.92e-04 |     
   10 |     0.1887 |     0.7700 |    0.6581 |     0.1904 |     0.7618 |    0.6500 |   2.91e-04 |     
   11 |     0.1847 |     0.7742 |    0.6630 |     0.1856 |     0.7791 |    0.6667 |   2.88e-04 |     
   12 |     0.1858 |     0.7730 |    0.6619 |     0.1814 |     0.7792 |    0.6699 |   2.86e-04 |     
   13 |     0.1827 |     0.7778 |    0.6673 |     0.1897 |     0.7836 |    0.6741 |   2.83e-04 |     
   14 |     0.1817 |     0.7785 |    0.6690 |     0.1761 |     0.7925 |    0.6846 |   2.80e-04 |     
   15 |     0.1790 |     0.7817 |    0.6727 |     0.1662 |     0.7947 |    0.6887 |   2.77e-04 |     
   16 |     0.1777 |     0.7832 |    0.6748 |     0.1662 |     0.7984 |    0.6933 |   2.74e-04 |     
   17 |     0.1747 |     0.7868 |    0.6787 |     0.1849 |     0.7656 |    0.6528 |   2.71e-04 |     
   18 |     0.1751 |     0.7880 |    0.6794 |     0.1706 |     0.7853 |    0.6776 |   2.67e-04 |     
   19 |     0.1727 |     0.7889 |    0.6813 |     0.1837 |     0.7750 |    0.6655 |   2.63e-04 |     
   20 |     0.1748 |     0.7871 |    0.6790 |     0.1670 |     0.7913 |    0.6862 |   2.59e-04 |     
   21 |     0.1711 |     0.7912 |    0.6837 |     0.1725 |     0.8030 |    0.6988 |   2.55e-04 |     
   22 |     0.1732 |     0.7894 |    0.6818 |     0.1654 |     0.7979 |    0.6947 |   2.51e-04 |     
   23 |     0.1690 |     0.7939 |    0.6878 |     0.1653 |     0.8044 |    0.7012 |   2.46e-04 |     
   24 |     0.1692 |     0.7944 |    0.6884 |     0.1686 |     0.7933 |    0.6847 |   2.42e-04 |     
   25 |     0.1648 |     0.7995 |    0.6940 |     0.1722 |     0.8021 |    0.6982 |   2.37e-04 |     
   26 |     0.1673 |     0.7963 |    0.6902 |     0.1664 |     0.8008 |    0.6962 |   2.32e-04 |     
   27 |     0.1629 |     0.8018 |    0.6970 |     0.1634 |     0.8048 |    0.7008 |   2.27e-04 |     
   28 |     0.1638 |     0.8013 |    0.6962 |     0.1968 |     0.7849 |    0.6766 |   2.22e-04 |     
   29 |     0.1665 |     0.7976 |    0.6924 |     0.1610 |     0.8024 |    0.6985 |   2.17e-04 |     
   30 |     0.1612 |     0.8048 |    0.7005 |     0.1603 |     0.7992 |    0.6949 |   2.11e-04 |     
   31 |     0.1582 |     0.8077 |    0.7041 |     0.1578 |     0.8066 |    0.7026 |   2.06e-04 |     
   32 |     0.1589 |     0.8063 |    0.7028 |     0.1762 |     0.7959 |    0.6925 |   2.00e-04 |     
   33 |     0.1578 |     0.8089 |    0.7056 |     0.1652 |     0.8056 |    0.7026 |   1.94e-04 |     
   34 |     0.1562 |     0.8101 |    0.7078 |     0.1586 |     0.8105 |    0.7098 |   1.89e-04 |     
   35 |     0.1559 |     0.8105 |    0.7081 |     0.1568 |     0.8093 |    0.7075 |   1.83e-04 |     
   36 |     0.1542 |     0.8127 |    0.7110 |     0.1550 |     0.8109 |    0.7091 |   1.77e-04 |     
   37 |     0.1534 |     0.8141 |    0.7124 |     0.1591 |     0.8011 |    0.6973 |   1.71e-04 |     
   38 |     0.1522 |     0.8143 |    0.7129 |     0.1619 |     0.8121 |    0.7118 |   1.65e-04 |     
   39 |     0.1510 |     0.8165 |    0.7157 |     0.1714 |     0.8063 |    0.7036 |   1.59e-04 |     
   40 |     0.1508 |     0.8159 |    0.7151 |     0.1523 |     0.8161 |    0.7173 |   1.53e-04 |     
   41 |     0.1486 |     0.8196 |    0.7188 |     0.2507 |     0.7752 |    0.6614 |   1.48e-04 |     
   42 |     0.1499 |     0.8174 |    0.7165 |     0.1519 |     0.8120 |    0.7104 |   1.42e-04 |     
   43 |     0.1456 |     0.8228 |    0.7232 |     0.1570 |     0.8040 |    0.6995 |   1.36e-04 |     
   44 |     0.1442 |     0.8248 |    0.7254 |     0.1531 |     0.8194 |    0.7199 |   1.30e-04 |    *
   45 |     0.1446 |     0.8239 |    0.7247 |     0.1548 |     0.8151 |    0.7141 |   1.24e-04 |     
--- R2 plus final-map regional overlap: global validation statistics ---
up4: ca=0.8501+/-0.1263, sa=1.0032+/-0.0043, amp=0.0000, suppress=0.0000, guide_abs=0.3584
up4 residuals: local_mean=1.974e-02, global_mean=0.0149, local_strength=0.0752, global_strength=0.1090, gain=[0.9798,1.0176], saturation=0.0000, text_film=0.0049
up4 haar: reconstruction_error=9.537e-07, skip_low/high=0.8078/0.1922, plam_low/high=1.0000/0.0000
up4 strengths: plam=0.9532, region=0.0752, detail=0.1090; residual_std region/detail/refine=0.0222/0.5921/0.5589
up4 guide_mix: entropy=0.9784, raw_low=0.3407, plam_low=0.2278, decoder_low=0.2602, detail=0.1713; agreement plam/decoder=0.9260/0.9660, support=0.4356+/-0.0000
up4 adaptive_frequency: ALPF strength=0.2600, weights=0.1498/0.7105/0.1397, sum=1.0000, entropy=0.7286, delta_std=0.0888; AHPF strength=0.0710, weights=0.3871/0.4484/0.1645, sum=1.0000, entropy=0.9292, residual_std=0.1044, scaled_std=0.0074
up3: ca=0.9815+/-0.1781, sa=1.0076+/-0.0059, amp=0.0000, suppress=0.0000, guide_abs=0.2345
up3 residuals: local_mean=2.430e-02, global_mean=0.0401, local_strength=0.1114, global_strength=0.1230, gain=[0.9780,1.0477], saturation=0.0390, text_film=0.0213
up3 haar: reconstruction_error=9.537e-07, skip_low/high=0.7600/0.2400, plam_low/high=1.0000/0.0000
up3 strengths: plam=0.9099, region=0.1114, detail=0.1230; residual_std region/detail/refine=0.3843/0.5919/0.4984
up3 guide_mix: entropy=0.9802, raw_low=0.3186, plam_low=0.2074, decoder_low=0.2949, detail=0.1791; agreement plam/decoder=0.6601/0.1178, support=0.7683+/-0.1039
up3 adaptive_frequency: ALPF strength=0.3066, weights=0.1371/0.3718/0.4911, sum=1.0000, entropy=0.7403, delta_std=0.0758; AHPF strength=0.1227, weights=0.5733/0.1681/0.2586, sum=1.0000, entropy=0.7375, residual_std=0.1132, scaled_std=0.0139
up2: ca=0.8478+/-0.1753, sa=1.0020+/-0.0037, amp=0.0000, suppress=0.0000, guide_abs=0.3290
up2 residuals: local_mean=-1.371e-02, global_mean=0.0319, local_strength=0.1191, global_strength=0.1124, gain=[0.9644,1.0432], saturation=0.0000, text_film=0.0222
up2 haar: reconstruction_error=9.537e-07, skip_low/high=0.8001/0.1999, plam_low/high=1.0000/0.0000
up2 strengths: plam=0.8258, region=0.1191, detail=0.1124; residual_std region/detail/refine=0.2541/0.3217/0.1738
up2 guide_mix: entropy=0.9598, raw_low=0.3319, plam_low=0.1797, decoder_low=0.3322, detail=0.1562; agreement plam/decoder=0.2658/-0.1334, support=0.6018+/-0.0659
up1: ca=0.8272+/-0.1397, sa=1.0071+/-0.0128, amp=0.0000, suppress=0.0000, guide_abs=0.2248
up1 residuals: local_mean=-4.668e-03, global_mean=0.0784, local_strength=0.1286, global_strength=0.0999, gain=[0.9044,1.0958], saturation=0.0058, text_film=0.0391
up1 haar: reconstruction_error=1.431e-06, skip_low/high=0.7266/0.2734, plam_low/high=1.0000/0.0000
up1 strengths: plam=0.9097, region=0.1286, detail=0.0999; residual_std region/detail/refine=0.3311/0.3833/0.1912
up1 guide_mix: entropy=0.9364, raw_low=0.2861, plam_low=0.2033, decoder_low=0.3951, detail=0.1155; agreement plam/decoder=0.4178/-0.0992, support=0.6265+/-0.0860

========= Epoch [46/80] =========
RS1_Test_session_09.12_17h44
Training with batch size : 16
   [Train] Epoch: [46][20/357]  Loss:0.151 (Avg 0.1391) IoU:0.690 (Avg 0.7289) Dice:0.8017 (Avg 0.8285) LR 1.18e-04   (AvgTime 0.6)   
   [Train] Epoch: [46][40/357]  Loss:0.141 (Avg 0.1386) IoU:0.718 (Avg 0.7330) Dice:0.8206 (Avg 0.8308) LR 1.18e-04   (AvgTime 0.6)   
   [Train] Epoch: [46][60/357]  Loss:0.196 (Avg 0.1426) IoU:0.633 (Avg 0.7291) Dice:0.7536 (Avg 0.8270) LR 1.18e-04   (AvgTime 0.6)   
   [Train] Epoch: [46][80/357]  Loss:0.152 (Avg 0.1421) IoU:0.742 (Avg 0.7301) Dice:0.8381 (Avg 0.8282) LR 1.18e-04   (AvgTime 0.6)   
   [Train] Epoch: [46][100/357]  Loss:0.115 (Avg 0.1413) IoU:0.771 (Avg 0.7308) Dice:0.8622 (Avg 0.8289) LR 1.18e-04   (AvgTime 0.6)   
   [Train] Epoch: [46][120/357]  Loss:0.144 (Avg 0.1435) IoU:0.745 (Avg 0.7268) Dice:0.8407 (Avg 0.8256) LR 1.18e-04   (AvgTime 0.6)   
   [Train] Epoch: [46][140/357]  Loss:0.180 (Avg 0.1442) IoU:0.659 (Avg 0.7259) Dice:0.7583 (Avg 0.8251) LR 1.18e-04   (AvgTime 0.6)   
   [Train] Epoch: [46][160/357]  Loss:0.122 (Avg 0.1435) IoU:0.753 (Avg 0.7269) Dice:0.8498 (Avg 0.8258) LR 1.18e-04   (AvgTime 0.6)   
   [Train] Epoch: [46][180/357]  Loss:0.179 (Avg 0.1439) IoU:0.659 (Avg 0.7258) Dice:0.7661 (Avg 0.8251) LR 1.18e-04   (AvgTime 0.6)   
   [Train] Epoch: [46][200/357]  Loss:0.132 (Avg 0.1437) IoU:0.764 (Avg 0.7261) Dice:0.8589 (Avg 0.8254) LR 1.18e-04   (AvgTime 0.6)   
   [Train] Epoch: [46][220/357]  Loss:0.120 (Avg 0.1437) IoU:0.757 (Avg 0.7262) Dice:0.8525 (Avg 0.8253) LR 1.18e-04   (AvgTime 0.6)   
   [Train] Epoch: [46][240/357]  Loss:0.119 (Avg 0.1437) IoU:0.765 (Avg 0.7264) Dice:0.8528 (Avg 0.8253) LR 1.18e-04   (AvgTime 0.6)   
   [Train] Epoch: [46][260/357]  Loss:0.094 (Avg 0.1443) IoU:0.820 (Avg 0.7249) Dice:0.8967 (Avg 0.8240) LR 1.18e-04   (AvgTime 0.6)   
   [Train] Epoch: [46][280/357]  Loss:0.132 (Avg 0.1439) IoU:0.760 (Avg 0.7260) Dice:0.8326 (Avg 0.8247) LR 1.18e-04   (AvgTime 0.6)   
   [Train] Epoch: [46][300/357]  Loss:0.131 (Avg 0.1440) IoU:0.745 (Avg 0.7256) Dice:0.8472 (Avg 0.8245) LR 1.18e-04   (AvgTime 0.6)   
   [Train] Epoch: [46][320/357]  Loss:0.141 (Avg 0.1440) IoU:0.709 (Avg 0.7256) Dice:0.8218 (Avg 0.8247) LR 1.18e-04   (AvgTime 0.6)   
   [Train] Epoch: [46][340/357]  Loss:0.152 (Avg 0.1438) IoU:0.717 (Avg 0.7257) Dice:0.8181 (Avg 0.8248) LR 1.18e-04   (AvgTime 0.6)   
   [Train] Epoch: [46][357/357]  Loss:0.090 (Avg 0.1437) IoU:0.820 (Avg 0.7259) Dice:0.8964 (Avg 0.8250) LR 1.18e-04   (AvgTime 0.6)   
   [Train] Loss components: main_dice=0.146072, main_focal=0.048613, main=0.097342, region_raw=0.361200, region_weighted=0.046346, empty_window_fraction=0.000000, total=0.143689
Validation
   [Val] Epoch: [46][20/90]  Loss:0.196 (Avg 0.1603) IoU:0.673 (Avg 0.7232) Dice:0.7888 (Avg 0.8251) (AvgTime 0.3)   
   [Val] Epoch: [46][40/90]  Loss:0.140 (Avg 0.1661) IoU:0.743 (Avg 0.7078) Dice:0.8429 (Avg 0.8108) (AvgTime 0.2)   
   [Val] Epoch: [46][60/90]  Loss:0.203 (Avg 0.1560) IoU:0.642 (Avg 0.7190) Dice:0.7539 (Avg 0.8184) (AvgTime 0.2)   
   [Val] Epoch: [46][80/90]  Loss:0.142 (Avg 0.1548) IoU:0.733 (Avg 0.7179) Dice:0.8296 (Avg 0.8177) (AvgTime 0.2)   
   [Val] Epoch: [46][90/90]  Loss:0.190 (Avg 0.1547) IoU:0.632 (Avg 0.7182) Dice:0.7555 (Avg 0.8179) (AvgTime 0.2)   
   [Val] Loss components: main_dice=0.151763, main_focal=0.064393, main=0.108078, region_raw=0.363488, region_weighted=0.046640, empty_window_fraction=0.000000, total=0.154718
	 No iou improvement; selected epoch 44
	 early_stopping_count: 2/80
--- Epoch History (1..46) ---
Epoch |  TrainLoss |  TrainDice |  TrainIoU |    ValLoss |    ValDice |    ValIoU |         LR | Best
    1 |     0.3300 |     0.6064 |    0.4771 |     0.2665 |     0.6917 |    0.5661 |   3.00e-04 |     
    2 |     0.2491 |     0.6986 |    0.5752 |     0.2503 |     0.7064 |    0.5831 |   3.00e-04 |     
    3 |     0.2238 |     0.7274 |    0.6082 |     0.2261 |     0.7490 |    0.6315 |   3.00e-04 |     
    4 |     0.2124 |     0.7413 |    0.6243 |     0.1852 |     0.7780 |    0.6672 |   2.99e-04 |     
    5 |     0.2062 |     0.7480 |    0.6318 |     0.1901 |     0.7618 |    0.6483 |   2.98e-04 |     
    6 |     0.2002 |     0.7563 |    0.6416 |     0.1824 |     0.7892 |    0.6820 |   2.97e-04 |     
    7 |     0.1965 |     0.7605 |    0.6471 |     0.1870 |     0.7776 |    0.6673 |   2.96e-04 |     
    8 |     0.1919 |     0.7663 |    0.6535 |     0.1781 |     0.7828 |    0.6722 |   2.94e-04 |     
    9 |     0.1907 |     0.7670 |    0.6549 |     0.1861 |     0.7859 |    0.6771 |   2.92e-04 |     
   10 |     0.1887 |     0.7700 |    0.6581 |     0.1904 |     0.7618 |    0.6500 |   2.91e-04 |     
   11 |     0.1847 |     0.7742 |    0.6630 |     0.1856 |     0.7791 |    0.6667 |   2.88e-04 |     
   12 |     0.1858 |     0.7730 |    0.6619 |     0.1814 |     0.7792 |    0.6699 |   2.86e-04 |     
   13 |     0.1827 |     0.7778 |    0.6673 |     0.1897 |     0.7836 |    0.6741 |   2.83e-04 |     
   14 |     0.1817 |     0.7785 |    0.6690 |     0.1761 |     0.7925 |    0.6846 |   2.80e-04 |     
   15 |     0.1790 |     0.7817 |    0.6727 |     0.1662 |     0.7947 |    0.6887 |   2.77e-04 |     
   16 |     0.1777 |     0.7832 |    0.6748 |     0.1662 |     0.7984 |    0.6933 |   2.74e-04 |     
   17 |     0.1747 |     0.7868 |    0.6787 |     0.1849 |     0.7656 |    0.6528 |   2.71e-04 |     
   18 |     0.1751 |     0.7880 |    0.6794 |     0.1706 |     0.7853 |    0.6776 |   2.67e-04 |     
   19 |     0.1727 |     0.7889 |    0.6813 |     0.1837 |     0.7750 |    0.6655 |   2.63e-04 |     
   20 |     0.1748 |     0.7871 |    0.6790 |     0.1670 |     0.7913 |    0.6862 |   2.59e-04 |     
   21 |     0.1711 |     0.7912 |    0.6837 |     0.1725 |     0.8030 |    0.6988 |   2.55e-04 |     
   22 |     0.1732 |     0.7894 |    0.6818 |     0.1654 |     0.7979 |    0.6947 |   2.51e-04 |     
   23 |     0.1690 |     0.7939 |    0.6878 |     0.1653 |     0.8044 |    0.7012 |   2.46e-04 |     
   24 |     0.1692 |     0.7944 |    0.6884 |     0.1686 |     0.7933 |    0.6847 |   2.42e-04 |     
   25 |     0.1648 |     0.7995 |    0.6940 |     0.1722 |     0.8021 |    0.6982 |   2.37e-04 |     
   26 |     0.1673 |     0.7963 |    0.6902 |     0.1664 |     0.8008 |    0.6962 |   2.32e-04 |     
   27 |     0.1629 |     0.8018 |    0.6970 |     0.1634 |     0.8048 |    0.7008 |   2.27e-04 |     
   28 |     0.1638 |     0.8013 |    0.6962 |     0.1968 |     0.7849 |    0.6766 |   2.22e-04 |     
   29 |     0.1665 |     0.7976 |    0.6924 |     0.1610 |     0.8024 |    0.6985 |   2.17e-04 |     
   30 |     0.1612 |     0.8048 |    0.7005 |     0.1603 |     0.7992 |    0.6949 |   2.11e-04 |     
   31 |     0.1582 |     0.8077 |    0.7041 |     0.1578 |     0.8066 |    0.7026 |   2.06e-04 |     
   32 |     0.1589 |     0.8063 |    0.7028 |     0.1762 |     0.7959 |    0.6925 |   2.00e-04 |     
   33 |     0.1578 |     0.8089 |    0.7056 |     0.1652 |     0.8056 |    0.7026 |   1.94e-04 |     
   34 |     0.1562 |     0.8101 |    0.7078 |     0.1586 |     0.8105 |    0.7098 |   1.89e-04 |     
   35 |     0.1559 |     0.8105 |    0.7081 |     0.1568 |     0.8093 |    0.7075 |   1.83e-04 |     
   36 |     0.1542 |     0.8127 |    0.7110 |     0.1550 |     0.8109 |    0.7091 |   1.77e-04 |     
   37 |     0.1534 |     0.8141 |    0.7124 |     0.1591 |     0.8011 |    0.6973 |   1.71e-04 |     
   38 |     0.1522 |     0.8143 |    0.7129 |     0.1619 |     0.8121 |    0.7118 |   1.65e-04 |     
   39 |     0.1510 |     0.8165 |    0.7157 |     0.1714 |     0.8063 |    0.7036 |   1.59e-04 |     
   40 |     0.1508 |     0.8159 |    0.7151 |     0.1523 |     0.8161 |    0.7173 |   1.53e-04 |     
   41 |     0.1486 |     0.8196 |    0.7188 |     0.2507 |     0.7752 |    0.6614 |   1.48e-04 |     
   42 |     0.1499 |     0.8174 |    0.7165 |     0.1519 |     0.8120 |    0.7104 |   1.42e-04 |     
   43 |     0.1456 |     0.8228 |    0.7232 |     0.1570 |     0.8040 |    0.6995 |   1.36e-04 |     
   44 |     0.1442 |     0.8248 |    0.7254 |     0.1531 |     0.8194 |    0.7199 |   1.30e-04 |    *
   45 |     0.1446 |     0.8239 |    0.7247 |     0.1548 |     0.8151 |    0.7141 |   1.24e-04 |     
   46 |     0.1437 |     0.8250 |    0.7259 |     0.1547 |     0.8179 |    0.7182 |   1.18e-04 |     
--- R2 plus final-map regional overlap: global validation statistics ---
up4: ca=0.8402+/-0.1237, sa=1.0032+/-0.0043, amp=0.0000, suppress=0.0000, guide_abs=0.3143
up4 residuals: local_mean=1.973e-02, global_mean=0.0159, local_strength=0.0751, global_strength=0.1091, gain=[0.9789,1.0158], saturation=0.0000, text_film=0.0048
up4 haar: reconstruction_error=9.537e-07, skip_low/high=0.8077/0.1923, plam_low/high=1.0000/0.0000
up4 strengths: plam=0.9528, region=0.0751, detail=0.1091; residual_std region/detail/refine=0.0221/0.6090/0.5756
up4 guide_mix: entropy=0.9790, raw_low=0.3429, plam_low=0.2343, decoder_low=0.2495, detail=0.1733; agreement plam/decoder=0.5216/0.3140, support=0.4331+/-0.0000
up4 adaptive_frequency: ALPF strength=0.2604, weights=0.1452/0.7148/0.1400, sum=1.0000, entropy=0.7228, delta_std=0.0863; AHPF strength=0.0708, weights=0.3879/0.4470/0.1651, sum=1.0000, entropy=0.9306, residual_std=0.1063, scaled_std=0.0075
up3: ca=0.9843+/-0.1782, sa=1.0078+/-0.0056, amp=0.0000, suppress=0.0000, guide_abs=0.2393
up3 residuals: local_mean=2.299e-02, global_mean=0.0425, local_strength=0.1115, global_strength=0.1231, gain=[0.9814,1.0431], saturation=0.0645, text_film=0.0228
up3 haar: reconstruction_error=9.537e-07, skip_low/high=0.7552/0.2448, plam_low/high=1.0000/0.0000
up3 strengths: plam=0.9090, region=0.1115, detail=0.1231; residual_std region/detail/refine=0.3891/0.5879/0.4911
up3 guide_mix: entropy=0.9815, raw_low=0.3213, plam_low=0.2088, decoder_low=0.2872, detail=0.1826; agreement plam/decoder=0.7235/0.2714, support=0.7785+/-0.1050
up3 adaptive_frequency: ALPF strength=0.3074, weights=0.0924/0.2725/0.6351, sum=1.0000, entropy=0.6951, delta_std=0.0797; AHPF strength=0.1230, weights=0.7168/0.1439/0.1394, sum=1.0000, entropy=0.6466, residual_std=0.0741, scaled_std=0.0091
up2: ca=0.8395+/-0.1600, sa=1.0019+/-0.0034, amp=0.0000, suppress=0.0000, guide_abs=0.3015
up2 residuals: local_mean=-1.415e-02, global_mean=0.0323, local_strength=0.1191, global_strength=0.1124, gain=[0.9679,1.0402], saturation=0.0000, text_film=0.0227
up2 haar: reconstruction_error=9.537e-07, skip_low/high=0.8008/0.1992, plam_low/high=1.0000/0.0000
up2 strengths: plam=0.8246, region=0.1191, detail=0.1124; residual_std region/detail/refine=0.2867/0.3151/0.1705
up2 guide_mix: entropy=0.9630, raw_low=0.3383, plam_low=0.1849, decoder_low=0.3184, detail=0.1583; agreement plam/decoder=0.2962/-0.1440, support=0.5979+/-0.0643
up1: ca=0.8170+/-0.1294, sa=1.0070+/-0.0127, amp=0.0000, suppress=0.0000, guide_abs=0.2469
up1 residuals: local_mean=-5.905e-03, global_mean=0.0795, local_strength=0.1289, global_strength=0.0997, gain=[0.9046,1.0957], saturation=0.0086, text_film=0.0376
up1 haar: reconstruction_error=1.907e-06, skip_low/high=0.7209/0.2791, plam_low/high=1.0000/0.0000
up1 strengths: plam=0.9093, region=0.1289, detail=0.0997; residual_std region/detail/refine=0.3456/0.3842/0.1926
up1 guide_mix: entropy=0.9412, raw_low=0.2837, plam_low=0.2112, decoder_low=0.3876, detail=0.1175; agreement plam/decoder=0.3895/-0.0597, support=0.6261+/-0.0878

========= Epoch [47/80] =========
RS1_Test_session_09.12_17h44
Training with batch size : 16
   [Train] Epoch: [47][20/357]  Loss:0.138 (Avg 0.1335) IoU:0.717 (Avg 0.7405) Dice:0.8259 (Avg 0.8377) LR 1.12e-04   (AvgTime 0.6)   
   [Train] Epoch: [47][40/357]  Loss:0.114 (Avg 0.1429) IoU:0.763 (Avg 0.7239) Dice:0.8559 (Avg 0.8238) LR 1.12e-04   (AvgTime 0.5)   
   [Train] Epoch: [47][60/357]  Loss:0.115 (Avg 0.1423) IoU:0.782 (Avg 0.7263) Dice:0.8644 (Avg 0.8253) LR 1.12e-04   (AvgTime 0.5)   
   [Train] Epoch: [47][80/357]  Loss:0.177 (Avg 0.1410) IoU:0.652 (Avg 0.7291) Dice:0.7749 (Avg 0.8273) LR 1.12e-04   (AvgTime 0.5)   
   [Train] Epoch: [47][100/357]  Loss:0.145 (Avg 0.1422) IoU:0.738 (Avg 0.7285) Dice:0.8329 (Avg 0.8268) LR 1.12e-04   (AvgTime 0.5)   
   [Train] Epoch: [47][120/357]  Loss:0.184 (Avg 0.1424) IoU:0.653 (Avg 0.7281) Dice:0.7630 (Avg 0.8266) LR 1.12e-04   (AvgTime 0.5)   
   [Train] Epoch: [47][140/357]  Loss:0.186 (Avg 0.1424) IoU:0.625 (Avg 0.7280) Dice:0.7393 (Avg 0.8263) LR 1.12e-04   (AvgTime 0.5)   
   [Train] Epoch: [47][160/357]  Loss:0.143 (Avg 0.1418) IoU:0.709 (Avg 0.7292) Dice:0.8170 (Avg 0.8275) LR 1.12e-04   (AvgTime 0.5)   
   [Train] Epoch: [47][180/357]  Loss:0.137 (Avg 0.1420) IoU:0.733 (Avg 0.7284) Dice:0.8240 (Avg 0.8271) LR 1.12e-04   (AvgTime 0.5)   
   [Train] Epoch: [47][200/357]  Loss:0.123 (Avg 0.1437) IoU:0.766 (Avg 0.7257) Dice:0.8600 (Avg 0.8247) LR 1.12e-04   (AvgTime 0.5)   
   [Train] Epoch: [47][220/357]  Loss:0.137 (Avg 0.1443) IoU:0.759 (Avg 0.7247) Dice:0.8478 (Avg 0.8238) LR 1.12e-04   (AvgTime 0.5)   
   [Train] Epoch: [47][240/357]  Loss:0.114 (Avg 0.1434) IoU:0.774 (Avg 0.7257) Dice:0.8653 (Avg 0.8247) LR 1.12e-04   (AvgTime 0.5)   
   [Train] Epoch: [47][260/357]  Loss:0.113 (Avg 0.1434) IoU:0.805 (Avg 0.7260) Dice:0.8846 (Avg 0.8249) LR 1.12e-04   (AvgTime 0.6)   
   [Train] Epoch: [47][280/357]  Loss:0.161 (Avg 0.1432) IoU:0.686 (Avg 0.7262) Dice:0.8013 (Avg 0.8250) LR 1.12e-04   (AvgTime 0.6)   
   [Train] Epoch: [47][300/357]  Loss:0.125 (Avg 0.1421) IoU:0.755 (Avg 0.7279) Dice:0.8502 (Avg 0.8264) LR 1.12e-04   (AvgTime 0.6)   
   [Train] Epoch: [47][320/357]  Loss:0.104 (Avg 0.1418) IoU:0.804 (Avg 0.7288) Dice:0.8812 (Avg 0.8271) LR 1.12e-04   (AvgTime 0.6)   
   [Train] Epoch: [47][340/357]  Loss:0.105 (Avg 0.1419) IoU:0.796 (Avg 0.7287) Dice:0.8826 (Avg 0.8268) LR 1.12e-04   (AvgTime 0.6)   
   [Train] Epoch: [47][357/357]  Loss:0.156 (Avg 0.1418) IoU:0.709 (Avg 0.7291) Dice:0.8149 (Avg 0.8271) LR 1.12e-04   (AvgTime 0.6)   
   [Train] Loss components: main_dice=0.144338, main_focal=0.047712, main=0.096025, region_raw=0.356394, region_weighted=0.045730, empty_window_fraction=0.000000, total=0.141755
Validation
   [Val] Epoch: [47][20/90]  Loss:0.212 (Avg 0.1620) IoU:0.644 (Avg 0.7194) Dice:0.7654 (Avg 0.8217) (AvgTime 0.3)   
   [Val] Epoch: [47][40/90]  Loss:0.142 (Avg 0.1667) IoU:0.729 (Avg 0.7068) Dice:0.8329 (Avg 0.8099) (AvgTime 0.2)   
   [Val] Epoch: [47][60/90]  Loss:0.188 (Avg 0.1578) IoU:0.669 (Avg 0.7170) Dice:0.7723 (Avg 0.8169) (AvgTime 0.2)   
   [Val] Epoch: [47][80/90]  Loss:0.148 (Avg 0.1557) IoU:0.714 (Avg 0.7162) Dice:0.8189 (Avg 0.8165) (AvgTime 0.2)   
   [Val] Epoch: [47][90/90]  Loss:0.193 (Avg 0.1561) IoU:0.618 (Avg 0.7159) Dice:0.7436 (Avg 0.8163) (AvgTime 0.2)   
   [Val] Loss components: main_dice=0.152834, main_focal=0.068343, main=0.110588, region_raw=0.354347, region_weighted=0.045467, empty_window_fraction=0.000000, total=0.156055
	 No iou improvement; selected epoch 44
	 early_stopping_count: 3/80
--- Epoch History (1..47) ---
Epoch |  TrainLoss |  TrainDice |  TrainIoU |    ValLoss |    ValDice |    ValIoU |         LR | Best
    1 |     0.3300 |     0.6064 |    0.4771 |     0.2665 |     0.6917 |    0.5661 |   3.00e-04 |     
    2 |     0.2491 |     0.6986 |    0.5752 |     0.2503 |     0.7064 |    0.5831 |   3.00e-04 |     
    3 |     0.2238 |     0.7274 |    0.6082 |     0.2261 |     0.7490 |    0.6315 |   3.00e-04 |     
    4 |     0.2124 |     0.7413 |    0.6243 |     0.1852 |     0.7780 |    0.6672 |   2.99e-04 |     
    5 |     0.2062 |     0.7480 |    0.6318 |     0.1901 |     0.7618 |    0.6483 |   2.98e-04 |     
    6 |     0.2002 |     0.7563 |    0.6416 |     0.1824 |     0.7892 |    0.6820 |   2.97e-04 |     
    7 |     0.1965 |     0.7605 |    0.6471 |     0.1870 |     0.7776 |    0.6673 |   2.96e-04 |     
    8 |     0.1919 |     0.7663 |    0.6535 |     0.1781 |     0.7828 |    0.6722 |   2.94e-04 |     
    9 |     0.1907 |     0.7670 |    0.6549 |     0.1861 |     0.7859 |    0.6771 |   2.92e-04 |     
   10 |     0.1887 |     0.7700 |    0.6581 |     0.1904 |     0.7618 |    0.6500 |   2.91e-04 |     
   11 |     0.1847 |     0.7742 |    0.6630 |     0.1856 |     0.7791 |    0.6667 |   2.88e-04 |     
   12 |     0.1858 |     0.7730 |    0.6619 |     0.1814 |     0.7792 |    0.6699 |   2.86e-04 |     
   13 |     0.1827 |     0.7778 |    0.6673 |     0.1897 |     0.7836 |    0.6741 |   2.83e-04 |     
   14 |     0.1817 |     0.7785 |    0.6690 |     0.1761 |     0.7925 |    0.6846 |   2.80e-04 |     
   15 |     0.1790 |     0.7817 |    0.6727 |     0.1662 |     0.7947 |    0.6887 |   2.77e-04 |     
   16 |     0.1777 |     0.7832 |    0.6748 |     0.1662 |     0.7984 |    0.6933 |   2.74e-04 |     
   17 |     0.1747 |     0.7868 |    0.6787 |     0.1849 |     0.7656 |    0.6528 |   2.71e-04 |     
   18 |     0.1751 |     0.7880 |    0.6794 |     0.1706 |     0.7853 |    0.6776 |   2.67e-04 |     
   19 |     0.1727 |     0.7889 |    0.6813 |     0.1837 |     0.7750 |    0.6655 |   2.63e-04 |     
   20 |     0.1748 |     0.7871 |    0.6790 |     0.1670 |     0.7913 |    0.6862 |   2.59e-04 |     
   21 |     0.1711 |     0.7912 |    0.6837 |     0.1725 |     0.8030 |    0.6988 |   2.55e-04 |     
   22 |     0.1732 |     0.7894 |    0.6818 |     0.1654 |     0.7979 |    0.6947 |   2.51e-04 |     
   23 |     0.1690 |     0.7939 |    0.6878 |     0.1653 |     0.8044 |    0.7012 |   2.46e-04 |     
   24 |     0.1692 |     0.7944 |    0.6884 |     0.1686 |     0.7933 |    0.6847 |   2.42e-04 |     
   25 |     0.1648 |     0.7995 |    0.6940 |     0.1722 |     0.8021 |    0.6982 |   2.37e-04 |     
   26 |     0.1673 |     0.7963 |    0.6902 |     0.1664 |     0.8008 |    0.6962 |   2.32e-04 |     
   27 |     0.1629 |     0.8018 |    0.6970 |     0.1634 |     0.8048 |    0.7008 |   2.27e-04 |     
   28 |     0.1638 |     0.8013 |    0.6962 |     0.1968 |     0.7849 |    0.6766 |   2.22e-04 |     
   29 |     0.1665 |     0.7976 |    0.6924 |     0.1610 |     0.8024 |    0.6985 |   2.17e-04 |     
   30 |     0.1612 |     0.8048 |    0.7005 |     0.1603 |     0.7992 |    0.6949 |   2.11e-04 |     
   31 |     0.1582 |     0.8077 |    0.7041 |     0.1578 |     0.8066 |    0.7026 |   2.06e-04 |     
   32 |     0.1589 |     0.8063 |    0.7028 |     0.1762 |     0.7959 |    0.6925 |   2.00e-04 |     
   33 |     0.1578 |     0.8089 |    0.7056 |     0.1652 |     0.8056 |    0.7026 |   1.94e-04 |     
   34 |     0.1562 |     0.8101 |    0.7078 |     0.1586 |     0.8105 |    0.7098 |   1.89e-04 |     
   35 |     0.1559 |     0.8105 |    0.7081 |     0.1568 |     0.8093 |    0.7075 |   1.83e-04 |     
   36 |     0.1542 |     0.8127 |    0.7110 |     0.1550 |     0.8109 |    0.7091 |   1.77e-04 |     
   37 |     0.1534 |     0.8141 |    0.7124 |     0.1591 |     0.8011 |    0.6973 |   1.71e-04 |     
   38 |     0.1522 |     0.8143 |    0.7129 |     0.1619 |     0.8121 |    0.7118 |   1.65e-04 |     
   39 |     0.1510 |     0.8165 |    0.7157 |     0.1714 |     0.8063 |    0.7036 |   1.59e-04 |     
   40 |     0.1508 |     0.8159 |    0.7151 |     0.1523 |     0.8161 |    0.7173 |   1.53e-04 |     
   41 |     0.1486 |     0.8196 |    0.7188 |     0.2507 |     0.7752 |    0.6614 |   1.48e-04 |     
   42 |     0.1499 |     0.8174 |    0.7165 |     0.1519 |     0.8120 |    0.7104 |   1.42e-04 |     
   43 |     0.1456 |     0.8228 |    0.7232 |     0.1570 |     0.8040 |    0.6995 |   1.36e-04 |     
   44 |     0.1442 |     0.8248 |    0.7254 |     0.1531 |     0.8194 |    0.7199 |   1.30e-04 |    *
   45 |     0.1446 |     0.8239 |    0.7247 |     0.1548 |     0.8151 |    0.7141 |   1.24e-04 |     
   46 |     0.1437 |     0.8250 |    0.7259 |     0.1547 |     0.8179 |    0.7182 |   1.18e-04 |     
   47 |     0.1418 |     0.8271 |    0.7291 |     0.1561 |     0.8163 |    0.7159 |   1.12e-04 |     
--- R2 plus final-map regional overlap: global validation statistics ---
up4: ca=0.8464+/-0.1188, sa=1.0037+/-0.0041, amp=0.0000, suppress=0.0000, guide_abs=0.2104
up4 residuals: local_mean=1.976e-02, global_mean=0.0195, local_strength=0.0749, global_strength=0.1092, gain=[0.9801,1.0162], saturation=0.0000, text_film=0.0048
up4 haar: reconstruction_error=9.537e-07, skip_low/high=0.8011/0.1989, plam_low/high=1.0000/0.0000
up4 strengths: plam=0.9526, region=0.0749, detail=0.1092; residual_std region/detail/refine=0.0222/0.6046/0.5718
up4 guide_mix: entropy=0.9783, raw_low=0.3476, plam_low=0.2222, decoder_low=0.2519, detail=0.1782; agreement plam/decoder=0.1454/0.2192, support=0.4337+/-0.0000
up4 adaptive_frequency: ALPF strength=0.2607, weights=0.1437/0.7169/0.1394, sum=1.0000, entropy=0.7195, delta_std=0.0874; AHPF strength=0.0708, weights=0.3929/0.4429/0.1642, sum=1.0000, entropy=0.9297, residual_std=0.1049, scaled_std=0.0074
up3: ca=0.9850+/-0.1734, sa=1.0079+/-0.0057, amp=0.0000, suppress=0.0000, guide_abs=0.2429
up3 residuals: local_mean=2.446e-02, global_mean=0.0422, local_strength=0.1115, global_strength=0.1232, gain=[0.9841,1.0421], saturation=0.0439, text_film=0.0212
up3 haar: reconstruction_error=9.537e-07, skip_low/high=0.7570/0.2430, plam_low/high=1.0000/0.0000
up3 strengths: plam=0.9090, region=0.1115, detail=0.1232; residual_std region/detail/refine=0.3934/0.5915/0.4942
up3 guide_mix: entropy=0.9797, raw_low=0.3287, plam_low=0.1987, decoder_low=0.2858, detail=0.1868; agreement plam/decoder=0.7022/0.1971, support=0.7852+/-0.0962
up3 adaptive_frequency: ALPF strength=0.3082, weights=0.1217/0.3206/0.5577, sum=1.0000, entropy=0.7255, delta_std=0.0767; AHPF strength=0.1233, weights=0.6657/0.1554/0.1789, sum=1.0000, entropy=0.6790, residual_std=0.0910, scaled_std=0.0112
up2: ca=0.8499+/-0.1679, sa=1.0020+/-0.0035, amp=0.0000, suppress=0.0000, guide_abs=0.2960
up2 residuals: local_mean=-1.405e-02, global_mean=0.0329, local_strength=0.1192, global_strength=0.1124, gain=[0.9647,1.0420], saturation=0.0000, text_film=0.0436
up2 haar: reconstruction_error=9.537e-07, skip_low/high=0.8003/0.1997, plam_low/high=1.0000/0.0000
up2 strengths: plam=0.8234, region=0.1192, detail=0.1124; residual_std region/detail/refine=0.2843/0.3147/0.1660
up2 guide_mix: entropy=0.9576, raw_low=0.3417, plam_low=0.1713, decoder_low=0.3276, detail=0.1594; agreement plam/decoder=0.3063/-0.1542, support=0.5956+/-0.0643
up1: ca=0.8337+/-0.1263, sa=1.0070+/-0.0129, amp=0.0000, suppress=0.0000, guide_abs=0.2316
up1 residuals: local_mean=-6.766e-03, global_mean=0.0807, local_strength=0.1289, global_strength=0.0997, gain=[0.9041,1.0960], saturation=0.0063, text_film=0.0396
up1 haar: reconstruction_error=1.907e-06, skip_low/high=0.7170/0.2830, plam_low/high=1.0000/0.0000
up1 strengths: plam=0.9089, region=0.1289, detail=0.0997; residual_std region/detail/refine=0.3458/0.3896/0.1939
up1 guide_mix: entropy=0.9395, raw_low=0.2800, plam_low=0.2071, decoder_low=0.3942, detail=0.1187; agreement plam/decoder=0.3250/-0.0743, support=0.6197+/-0.0857

========= Epoch [48/80] =========
RS1_Test_session_09.12_17h44
Training with batch size : 16
   [Train] Epoch: [48][20/357]  Loss:0.115 (Avg 0.1438) IoU:0.772 (Avg 0.7297) Dice:0.8641 (Avg 0.8256) LR 1.07e-04   (AvgTime 0.6)   
   [Train] Epoch: [48][40/357]  Loss:0.108 (Avg 0.1409) IoU:0.787 (Avg 0.7329) Dice:0.8744 (Avg 0.8294) LR 1.07e-04   (AvgTime 0.6)   
   [Train] Epoch: [48][60/357]  Loss:0.124 (Avg 0.1405) IoU:0.760 (Avg 0.7347) Dice:0.8499 (Avg 0.8311) LR 1.07e-04   (AvgTime 0.6)   
   [Train] Epoch: [48][80/357]  Loss:0.116 (Avg 0.1384) IoU:0.772 (Avg 0.7369) Dice:0.8674 (Avg 0.8332) LR 1.07e-04   (AvgTime 0.6)   
   [Train] Epoch: [48][100/357]  Loss:0.129 (Avg 0.1380) IoU:0.779 (Avg 0.7368) Dice:0.8631 (Avg 0.8335) LR 1.07e-04   (AvgTime 0.6)   
   [Train] Epoch: [48][120/357]  Loss:0.153 (Avg 0.1385) IoU:0.720 (Avg 0.7360) Dice:0.8250 (Avg 0.8326) LR 1.07e-04   (AvgTime 0.6)   
   [Train] Epoch: [48][140/357]  Loss:0.151 (Avg 0.1382) IoU:0.701 (Avg 0.7359) Dice:0.8106 (Avg 0.8325) LR 1.07e-04   (AvgTime 0.6)   
   [Train] Epoch: [48][160/357]  Loss:0.133 (Avg 0.1391) IoU:0.725 (Avg 0.7342) Dice:0.8252 (Avg 0.8310) LR 1.07e-04   (AvgTime 0.6)   
   [Train] Epoch: [48][180/357]  Loss:0.166 (Avg 0.1388) IoU:0.707 (Avg 0.7348) Dice:0.7913 (Avg 0.8314) LR 1.07e-04   (AvgTime 0.6)   
   [Train] Epoch: [48][200/357]  Loss:0.102 (Avg 0.1383) IoU:0.796 (Avg 0.7353) Dice:0.8743 (Avg 0.8319) LR 1.07e-04   (AvgTime 0.6)   
   [Train] Epoch: [48][220/357]  Loss:0.165 (Avg 0.1392) IoU:0.673 (Avg 0.7342) Dice:0.7834 (Avg 0.8313) LR 1.07e-04   (AvgTime 0.6)   
   [Train] Epoch: [48][240/357]  Loss:0.125 (Avg 0.1393) IoU:0.756 (Avg 0.7341) Dice:0.8557 (Avg 0.8312) LR 1.07e-04   (AvgTime 0.6)   
   [Train] Epoch: [48][260/357]  Loss:0.114 (Avg 0.1395) IoU:0.766 (Avg 0.7335) Dice:0.8564 (Avg 0.8306) LR 1.07e-04   (AvgTime 0.6)   
   [Train] Epoch: [48][280/357]  Loss:0.129 (Avg 0.1400) IoU:0.750 (Avg 0.7329) Dice:0.8432 (Avg 0.8300) LR 1.07e-04   (AvgTime 0.6)   
   [Train] Epoch: [48][300/357]  Loss:0.131 (Avg 0.1398) IoU:0.759 (Avg 0.7330) Dice:0.8538 (Avg 0.8301) LR 1.07e-04   (AvgTime 0.6)   
   [Train] Epoch: [48][320/357]  Loss:0.170 (Avg 0.1402) IoU:0.692 (Avg 0.7320) Dice:0.7832 (Avg 0.8293) LR 1.07e-04   (AvgTime 0.6)   
   [Train] Epoch: [48][340/357]  Loss:0.124 (Avg 0.1405) IoU:0.748 (Avg 0.7313) Dice:0.8436 (Avg 0.8290) LR 1.07e-04   (AvgTime 0.6)   
   [Train] Epoch: [48][357/357]  Loss:0.132 (Avg 0.1408) IoU:0.735 (Avg 0.7309) Dice:0.8328 (Avg 0.8287) LR 1.07e-04   (AvgTime 0.6)   
   [Train] Loss components: main_dice=0.142888, main_focal=0.047746, main=0.095317, region_raw=0.354630, region_weighted=0.045503, empty_window_fraction=0.000000, total=0.140820
Validation
   [Val] Epoch: [48][20/90]  Loss:0.179 (Avg 0.1571) IoU:0.697 (Avg 0.7223) Dice:0.8074 (Avg 0.8239) (AvgTime 0.3)   
   [Val] Epoch: [48][40/90]  Loss:0.137 (Avg 0.1637) IoU:0.721 (Avg 0.7062) Dice:0.8245 (Avg 0.8092) (AvgTime 0.3)   
   [Val] Epoch: [48][60/90]  Loss:0.181 (Avg 0.1529) IoU:0.672 (Avg 0.7189) Dice:0.7717 (Avg 0.8174) (AvgTime 0.3)   
   [Val] Epoch: [48][80/90]  Loss:0.148 (Avg 0.1507) IoU:0.705 (Avg 0.7188) Dice:0.8109 (Avg 0.8178) (AvgTime 0.2)   
   [Val] Epoch: [48][90/90]  Loss:0.177 (Avg 0.1505) IoU:0.651 (Avg 0.7195) Dice:0.7729 (Avg 0.8182) (AvgTime 0.2)   
   [Val] Loss components: main_dice=0.152540, main_focal=0.057908, main=0.105224, region_raw=0.353151, region_weighted=0.045314, empty_window_fraction=0.000000, total=0.150538
	 No iou improvement; selected epoch 44
	 early_stopping_count: 4/80
--- Epoch History (1..48) ---
Epoch |  TrainLoss |  TrainDice |  TrainIoU |    ValLoss |    ValDice |    ValIoU |         LR | Best
    1 |     0.3300 |     0.6064 |    0.4771 |     0.2665 |     0.6917 |    0.5661 |   3.00e-04 |     
    2 |     0.2491 |     0.6986 |    0.5752 |     0.2503 |     0.7064 |    0.5831 |   3.00e-04 |     
    3 |     0.2238 |     0.7274 |    0.6082 |     0.2261 |     0.7490 |    0.6315 |   3.00e-04 |     
    4 |     0.2124 |     0.7413 |    0.6243 |     0.1852 |     0.7780 |    0.6672 |   2.99e-04 |     
    5 |     0.2062 |     0.7480 |    0.6318 |     0.1901 |     0.7618 |    0.6483 |   2.98e-04 |     
    6 |     0.2002 |     0.7563 |    0.6416 |     0.1824 |     0.7892 |    0.6820 |   2.97e-04 |     
    7 |     0.1965 |     0.7605 |    0.6471 |     0.1870 |     0.7776 |    0.6673 |   2.96e-04 |     
    8 |     0.1919 |     0.7663 |    0.6535 |     0.1781 |     0.7828 |    0.6722 |   2.94e-04 |     
    9 |     0.1907 |     0.7670 |    0.6549 |     0.1861 |     0.7859 |    0.6771 |   2.92e-04 |     
   10 |     0.1887 |     0.7700 |    0.6581 |     0.1904 |     0.7618 |    0.6500 |   2.91e-04 |     
   11 |     0.1847 |     0.7742 |    0.6630 |     0.1856 |     0.7791 |    0.6667 |   2.88e-04 |     
   12 |     0.1858 |     0.7730 |    0.6619 |     0.1814 |     0.7792 |    0.6699 |   2.86e-04 |     
   13 |     0.1827 |     0.7778 |    0.6673 |     0.1897 |     0.7836 |    0.6741 |   2.83e-04 |     
   14 |     0.1817 |     0.7785 |    0.6690 |     0.1761 |     0.7925 |    0.6846 |   2.80e-04 |     
   15 |     0.1790 |     0.7817 |    0.6727 |     0.1662 |     0.7947 |    0.6887 |   2.77e-04 |     
   16 |     0.1777 |     0.7832 |    0.6748 |     0.1662 |     0.7984 |    0.6933 |   2.74e-04 |     
   17 |     0.1747 |     0.7868 |    0.6787 |     0.1849 |     0.7656 |    0.6528 |   2.71e-04 |     
   18 |     0.1751 |     0.7880 |    0.6794 |     0.1706 |     0.7853 |    0.6776 |   2.67e-04 |     
   19 |     0.1727 |     0.7889 |    0.6813 |     0.1837 |     0.7750 |    0.6655 |   2.63e-04 |     
   20 |     0.1748 |     0.7871 |    0.6790 |     0.1670 |     0.7913 |    0.6862 |   2.59e-04 |     
   21 |     0.1711 |     0.7912 |    0.6837 |     0.1725 |     0.8030 |    0.6988 |   2.55e-04 |     
   22 |     0.1732 |     0.7894 |    0.6818 |     0.1654 |     0.7979 |    0.6947 |   2.51e-04 |     
   23 |     0.1690 |     0.7939 |    0.6878 |     0.1653 |     0.8044 |    0.7012 |   2.46e-04 |     
   24 |     0.1692 |     0.7944 |    0.6884 |     0.1686 |     0.7933 |    0.6847 |   2.42e-04 |     
   25 |     0.1648 |     0.7995 |    0.6940 |     0.1722 |     0.8021 |    0.6982 |   2.37e-04 |     
   26 |     0.1673 |     0.7963 |    0.6902 |     0.1664 |     0.8008 |    0.6962 |   2.32e-04 |     
   27 |     0.1629 |     0.8018 |    0.6970 |     0.1634 |     0.8048 |    0.7008 |   2.27e-04 |     
   28 |     0.1638 |     0.8013 |    0.6962 |     0.1968 |     0.7849 |    0.6766 |   2.22e-04 |     
   29 |     0.1665 |     0.7976 |    0.6924 |     0.1610 |     0.8024 |    0.6985 |   2.17e-04 |     
   30 |     0.1612 |     0.8048 |    0.7005 |     0.1603 |     0.7992 |    0.6949 |   2.11e-04 |     
   31 |     0.1582 |     0.8077 |    0.7041 |     0.1578 |     0.8066 |    0.7026 |   2.06e-04 |     
   32 |     0.1589 |     0.8063 |    0.7028 |     0.1762 |     0.7959 |    0.6925 |   2.00e-04 |     
   33 |     0.1578 |     0.8089 |    0.7056 |     0.1652 |     0.8056 |    0.7026 |   1.94e-04 |     
   34 |     0.1562 |     0.8101 |    0.7078 |     0.1586 |     0.8105 |    0.7098 |   1.89e-04 |     
   35 |     0.1559 |     0.8105 |    0.7081 |     0.1568 |     0.8093 |    0.7075 |   1.83e-04 |     
   36 |     0.1542 |     0.8127 |    0.7110 |     0.1550 |     0.8109 |    0.7091 |   1.77e-04 |     
   37 |     0.1534 |     0.8141 |    0.7124 |     0.1591 |     0.8011 |    0.6973 |   1.71e-04 |     
   38 |     0.1522 |     0.8143 |    0.7129 |     0.1619 |     0.8121 |    0.7118 |   1.65e-04 |     
   39 |     0.1510 |     0.8165 |    0.7157 |     0.1714 |     0.8063 |    0.7036 |   1.59e-04 |     
   40 |     0.1508 |     0.8159 |    0.7151 |     0.1523 |     0.8161 |    0.7173 |   1.53e-04 |     
   41 |     0.1486 |     0.8196 |    0.7188 |     0.2507 |     0.7752 |    0.6614 |   1.48e-04 |     
   42 |     0.1499 |     0.8174 |    0.7165 |     0.1519 |     0.8120 |    0.7104 |   1.42e-04 |     
   43 |     0.1456 |     0.8228 |    0.7232 |     0.1570 |     0.8040 |    0.6995 |   1.36e-04 |     
   44 |     0.1442 |     0.8248 |    0.7254 |     0.1531 |     0.8194 |    0.7199 |   1.30e-04 |    *
   45 |     0.1446 |     0.8239 |    0.7247 |     0.1548 |     0.8151 |    0.7141 |   1.24e-04 |     
   46 |     0.1437 |     0.8250 |    0.7259 |     0.1547 |     0.8179 |    0.7182 |   1.18e-04 |     
   47 |     0.1418 |     0.8271 |    0.7291 |     0.1561 |     0.8163 |    0.7159 |   1.12e-04 |     
   48 |     0.1408 |     0.8287 |    0.7309 |     0.1505 |     0.8182 |    0.7195 |   1.07e-04 |     
--- R2 plus final-map regional overlap: global validation statistics ---
up4: ca=0.8514+/-0.1216, sa=1.0034+/-0.0042, amp=0.0000, suppress=0.0000, guide_abs=0.3529
up4 residuals: local_mean=1.989e-02, global_mean=0.0171, local_strength=0.0745, global_strength=0.1094, gain=[0.9779,1.0157], saturation=0.0000, text_film=0.0048
up4 haar: reconstruction_error=9.537e-07, skip_low/high=0.8026/0.1974, plam_low/high=1.0000/0.0000
up4 strengths: plam=0.9525, region=0.0745, detail=0.1094; residual_std region/detail/refine=0.0223/0.6302/0.5970
up4 guide_mix: entropy=0.9776, raw_low=0.3535, plam_low=0.2248, decoder_low=0.2410, detail=0.1807; agreement plam/decoder=0.9510/0.9070, support=0.4312+/-0.0001
up4 adaptive_frequency: ALPF strength=0.2610, weights=0.1465/0.7116/0.1419, sum=1.0000, entropy=0.7270, delta_std=0.0809; AHPF strength=0.0708, weights=0.3876/0.4468/0.1656, sum=1.0000, entropy=0.9308, residual_std=0.1088, scaled_std=0.0077
up3: ca=0.9858+/-0.1666, sa=1.0080+/-0.0055, amp=0.0000, suppress=0.0000, guide_abs=0.2371
up3 residuals: local_mean=2.431e-02, global_mean=0.0432, local_strength=0.1115, global_strength=0.1233, gain=[0.9838,1.0421], saturation=0.0281, text_film=0.0206
up3 haar: reconstruction_error=9.537e-07, skip_low/high=0.7533/0.2467, plam_low/high=1.0000/0.0000
up3 strengths: plam=0.9085, region=0.1115, detail=0.1233; residual_std region/detail/refine=0.3834/0.5842/0.4870
up3 guide_mix: entropy=0.9817, raw_low=0.3223, plam_low=0.2059, decoder_low=0.2861, detail=0.1857; agreement plam/decoder=0.6302/0.1762, support=0.7735+/-0.0981
up3 adaptive_frequency: ALPF strength=0.3089, weights=0.1148/0.3203/0.5649, sum=1.0000, entropy=0.7141, delta_std=0.0734; AHPF strength=0.1237, weights=0.6521/0.1448/0.2032, sum=1.0000, entropy=0.6660, residual_std=0.0967, scaled_std=0.0120
up2: ca=0.8429+/-0.1682, sa=1.0021+/-0.0034, amp=0.0000, suppress=0.0000, guide_abs=0.3077
up2 residuals: local_mean=-1.408e-02, global_mean=0.0333, local_strength=0.1192, global_strength=0.1124, gain=[0.9661,1.0411], saturation=0.0000, text_film=0.0283
up2 haar: reconstruction_error=9.537e-07, skip_low/high=0.8025/0.1975, plam_low/high=1.0000/0.0000
up2 strengths: plam=0.8224, region=0.1192, detail=0.1124; residual_std region/detail/refine=0.2777/0.3039/0.1553
up2 guide_mix: entropy=0.9564, raw_low=0.3357, plam_low=0.1751, decoder_low=0.3354, detail=0.1538; agreement plam/decoder=0.2810/-0.1573, support=0.5995+/-0.0639
up1: ca=0.8226+/-0.1368, sa=1.0072+/-0.0126, amp=0.0000, suppress=0.0000, guide_abs=0.2540
up1 residuals: local_mean=-6.210e-03, global_mean=0.0815, local_strength=0.1290, global_strength=0.0996, gain=[0.9045,1.0956], saturation=0.0051, text_film=0.0388
up1 haar: reconstruction_error=1.431e-06, skip_low/high=0.7280/0.2720, plam_low/high=1.0000/0.0000
up1 strengths: plam=0.9087, region=0.1290, detail=0.0996; residual_std region/detail/refine=0.3241/0.3840/0.1950
up1 guide_mix: entropy=0.9350, raw_low=0.2981, plam_low=0.1898, decoder_low=0.3934, detail=0.1187; agreement plam/decoder=0.3372/-0.0085, support=0.6302+/-0.0880

========= Epoch [49/80] =========
RS1_Test_session_09.12_17h44
Training with batch size : 16
   [Train] Epoch: [49][20/357]  Loss:0.153 (Avg 0.1484) IoU:0.689 (Avg 0.7229) Dice:0.7959 (Avg 0.8203) LR 1.01e-04   (AvgTime 0.6)   
   [Train] Epoch: [49][40/357]  Loss:0.121 (Avg 0.1470) IoU:0.776 (Avg 0.7239) Dice:0.8651 (Avg 0.8230) LR 1.01e-04   (AvgTime 0.6)   
   [Train] Epoch: [49][60/357]  Loss:0.134 (Avg 0.1437) IoU:0.725 (Avg 0.7273) Dice:0.8320 (Avg 0.8270) LR 1.01e-04   (AvgTime 0.6)   
   [Train] Epoch: [49][80/357]  Loss:0.108 (Avg 0.1411) IoU:0.786 (Avg 0.7312) Dice:0.8759 (Avg 0.8296) LR 1.01e-04   (AvgTime 0.6)   
   [Train] Epoch: [49][100/357]  Loss:0.115 (Avg 0.1399) IoU:0.780 (Avg 0.7332) Dice:0.8707 (Avg 0.8309) LR 1.01e-04   (AvgTime 0.6)   
   [Train] Epoch: [49][120/357]  Loss:0.195 (Avg 0.1398) IoU:0.624 (Avg 0.7323) Dice:0.7419 (Avg 0.8303) LR 1.01e-04   (AvgTime 0.6)   
   [Train] Epoch: [49][140/357]  Loss:0.107 (Avg 0.1397) IoU:0.798 (Avg 0.7320) Dice:0.8838 (Avg 0.8304) LR 1.01e-04   (AvgTime 0.6)   
   [Train] Epoch: [49][160/357]  Loss:0.169 (Avg 0.1387) IoU:0.662 (Avg 0.7341) Dice:0.7725 (Avg 0.8322) LR 1.01e-04   (AvgTime 0.6)   
   [Train] Epoch: [49][180/357]  Loss:0.142 (Avg 0.1385) IoU:0.704 (Avg 0.7347) Dice:0.8139 (Avg 0.8324) LR 1.01e-04   (AvgTime 0.6)   
   [Train] Epoch: [49][200/357]  Loss:0.130 (Avg 0.1388) IoU:0.753 (Avg 0.7346) Dice:0.8470 (Avg 0.8324) LR 1.01e-04   (AvgTime 0.6)   
   [Train] Epoch: [49][220/357]  Loss:0.205 (Avg 0.1392) IoU:0.608 (Avg 0.7340) Dice:0.7223 (Avg 0.8319) LR 1.01e-04   (AvgTime 0.6)   
   [Train] Epoch: [49][240/357]  Loss:0.150 (Avg 0.1395) IoU:0.700 (Avg 0.7334) Dice:0.8090 (Avg 0.8315) LR 1.01e-04   (AvgTime 0.6)   
   [Train] Epoch: [49][260/357]  Loss:0.177 (Avg 0.1402) IoU:0.659 (Avg 0.7324) Dice:0.7679 (Avg 0.8307) LR 1.01e-04   (AvgTime 0.6)   
   [Train] Epoch: [49][280/357]  Loss:0.183 (Avg 0.1406) IoU:0.627 (Avg 0.7316) Dice:0.7486 (Avg 0.8300) LR 1.01e-04   (AvgTime 0.6)   
   [Train] Epoch: [49][300/357]  Loss:0.155 (Avg 0.1407) IoU:0.715 (Avg 0.7313) Dice:0.8171 (Avg 0.8298) LR 1.01e-04   (AvgTime 0.6)   
   [Train] Epoch: [49][320/357]  Loss:0.164 (Avg 0.1405) IoU:0.685 (Avg 0.7314) Dice:0.7929 (Avg 0.8298) LR 1.01e-04   (AvgTime 0.6)   
   [Train] Epoch: [49][340/357]  Loss:0.128 (Avg 0.1398) IoU:0.758 (Avg 0.7326) Dice:0.8464 (Avg 0.8306) LR 1.01e-04   (AvgTime 0.6)   
   [Train] Epoch: [49][357/357]  Loss:0.098 (Avg 0.1393) IoU:0.805 (Avg 0.7338) Dice:0.8868 (Avg 0.8313) LR 1.01e-04   (AvgTime 0.6)   
   [Train] Loss components: main_dice=0.140620, main_focal=0.047645, main=0.094133, region_raw=0.351853, region_weighted=0.045147, empty_window_fraction=0.000000, total=0.139279
Validation
   [Val] Epoch: [49][20/90]  Loss:0.202 (Avg 0.1584) IoU:0.659 (Avg 0.7233) Dice:0.7771 (Avg 0.8248) (AvgTime 0.3)   
   [Val] Epoch: [49][40/90]  Loss:0.152 (Avg 0.1646) IoU:0.701 (Avg 0.7078) Dice:0.8083 (Avg 0.8099) (AvgTime 0.2)   
   [Val] Epoch: [49][60/90]  Loss:0.188 (Avg 0.1535) IoU:0.658 (Avg 0.7194) Dice:0.7626 (Avg 0.8176) (AvgTime 0.2)   
   [Val] Epoch: [49][80/90]  Loss:0.146 (Avg 0.1520) IoU:0.710 (Avg 0.7183) Dice:0.8170 (Avg 0.8172) (AvgTime 0.2)   
   [Val] Epoch: [49][90/90]  Loss:0.189 (Avg 0.1512) IoU:0.631 (Avg 0.7193) Dice:0.7541 (Avg 0.8180) (AvgTime 0.2)   
   [Val] Loss components: main_dice=0.153138, main_focal=0.058041, main=0.105590, region_raw=0.355131, region_weighted=0.045568, empty_window_fraction=0.000000, total=0.151157
	 No iou improvement; selected epoch 44
	 early_stopping_count: 5/80
--- Epoch History (1..49) ---
Epoch |  TrainLoss |  TrainDice |  TrainIoU |    ValLoss |    ValDice |    ValIoU |         LR | Best
    1 |     0.3300 |     0.6064 |    0.4771 |     0.2665 |     0.6917 |    0.5661 |   3.00e-04 |     
    2 |     0.2491 |     0.6986 |    0.5752 |     0.2503 |     0.7064 |    0.5831 |   3.00e-04 |     
    3 |     0.2238 |     0.7274 |    0.6082 |     0.2261 |     0.7490 |    0.6315 |   3.00e-04 |     
    4 |     0.2124 |     0.7413 |    0.6243 |     0.1852 |     0.7780 |    0.6672 |   2.99e-04 |     
    5 |     0.2062 |     0.7480 |    0.6318 |     0.1901 |     0.7618 |    0.6483 |   2.98e-04 |     
    6 |     0.2002 |     0.7563 |    0.6416 |     0.1824 |     0.7892 |    0.6820 |   2.97e-04 |     
    7 |     0.1965 |     0.7605 |    0.6471 |     0.1870 |     0.7776 |    0.6673 |   2.96e-04 |     
    8 |     0.1919 |     0.7663 |    0.6535 |     0.1781 |     0.7828 |    0.6722 |   2.94e-04 |     
    9 |     0.1907 |     0.7670 |    0.6549 |     0.1861 |     0.7859 |    0.6771 |   2.92e-04 |     
   10 |     0.1887 |     0.7700 |    0.6581 |     0.1904 |     0.7618 |    0.6500 |   2.91e-04 |     
   11 |     0.1847 |     0.7742 |    0.6630 |     0.1856 |     0.7791 |    0.6667 |   2.88e-04 |     
   12 |     0.1858 |     0.7730 |    0.6619 |     0.1814 |     0.7792 |    0.6699 |   2.86e-04 |     
   13 |     0.1827 |     0.7778 |    0.6673 |     0.1897 |     0.7836 |    0.6741 |   2.83e-04 |     
   14 |     0.1817 |     0.7785 |    0.6690 |     0.1761 |     0.7925 |    0.6846 |   2.80e-04 |     
   15 |     0.1790 |     0.7817 |    0.6727 |     0.1662 |     0.7947 |    0.6887 |   2.77e-04 |     
   16 |     0.1777 |     0.7832 |    0.6748 |     0.1662 |     0.7984 |    0.6933 |   2.74e-04 |     
   17 |     0.1747 |     0.7868 |    0.6787 |     0.1849 |     0.7656 |    0.6528 |   2.71e-04 |     
   18 |     0.1751 |     0.7880 |    0.6794 |     0.1706 |     0.7853 |    0.6776 |   2.67e-04 |     
   19 |     0.1727 |     0.7889 |    0.6813 |     0.1837 |     0.7750 |    0.6655 |   2.63e-04 |     
   20 |     0.1748 |     0.7871 |    0.6790 |     0.1670 |     0.7913 |    0.6862 |   2.59e-04 |     
   21 |     0.1711 |     0.7912 |    0.6837 |     0.1725 |     0.8030 |    0.6988 |   2.55e-04 |     
   22 |     0.1732 |     0.7894 |    0.6818 |     0.1654 |     0.7979 |    0.6947 |   2.51e-04 |     
   23 |     0.1690 |     0.7939 |    0.6878 |     0.1653 |     0.8044 |    0.7012 |   2.46e-04 |     
   24 |     0.1692 |     0.7944 |    0.6884 |     0.1686 |     0.7933 |    0.6847 |   2.42e-04 |     
   25 |     0.1648 |     0.7995 |    0.6940 |     0.1722 |     0.8021 |    0.6982 |   2.37e-04 |     
   26 |     0.1673 |     0.7963 |    0.6902 |     0.1664 |     0.8008 |    0.6962 |   2.32e-04 |     
   27 |     0.1629 |     0.8018 |    0.6970 |     0.1634 |     0.8048 |    0.7008 |   2.27e-04 |     
   28 |     0.1638 |     0.8013 |    0.6962 |     0.1968 |     0.7849 |    0.6766 |   2.22e-04 |     
   29 |     0.1665 |     0.7976 |    0.6924 |     0.1610 |     0.8024 |    0.6985 |   2.17e-04 |     
   30 |     0.1612 |     0.8048 |    0.7005 |     0.1603 |     0.7992 |    0.6949 |   2.11e-04 |     
   31 |     0.1582 |     0.8077 |    0.7041 |     0.1578 |     0.8066 |    0.7026 |   2.06e-04 |     
   32 |     0.1589 |     0.8063 |    0.7028 |     0.1762 |     0.7959 |    0.6925 |   2.00e-04 |     
   33 |     0.1578 |     0.8089 |    0.7056 |     0.1652 |     0.8056 |    0.7026 |   1.94e-04 |     
   34 |     0.1562 |     0.8101 |    0.7078 |     0.1586 |     0.8105 |    0.7098 |   1.89e-04 |     
   35 |     0.1559 |     0.8105 |    0.7081 |     0.1568 |     0.8093 |    0.7075 |   1.83e-04 |     
   36 |     0.1542 |     0.8127 |    0.7110 |     0.1550 |     0.8109 |    0.7091 |   1.77e-04 |     
   37 |     0.1534 |     0.8141 |    0.7124 |     0.1591 |     0.8011 |    0.6973 |   1.71e-04 |     
   38 |     0.1522 |     0.8143 |    0.7129 |     0.1619 |     0.8121 |    0.7118 |   1.65e-04 |     
   39 |     0.1510 |     0.8165 |    0.7157 |     0.1714 |     0.8063 |    0.7036 |   1.59e-04 |     
   40 |     0.1508 |     0.8159 |    0.7151 |     0.1523 |     0.8161 |    0.7173 |   1.53e-04 |     
   41 |     0.1486 |     0.8196 |    0.7188 |     0.2507 |     0.7752 |    0.6614 |   1.48e-04 |     
   42 |     0.1499 |     0.8174 |    0.7165 |     0.1519 |     0.8120 |    0.7104 |   1.42e-04 |     
   43 |     0.1456 |     0.8228 |    0.7232 |     0.1570 |     0.8040 |    0.6995 |   1.36e-04 |     
   44 |     0.1442 |     0.8248 |    0.7254 |     0.1531 |     0.8194 |    0.7199 |   1.30e-04 |    *
   45 |     0.1446 |     0.8239 |    0.7247 |     0.1548 |     0.8151 |    0.7141 |   1.24e-04 |     
   46 |     0.1437 |     0.8250 |    0.7259 |     0.1547 |     0.8179 |    0.7182 |   1.18e-04 |     
   47 |     0.1418 |     0.8271 |    0.7291 |     0.1561 |     0.8163 |    0.7159 |   1.12e-04 |     
   48 |     0.1408 |     0.8287 |    0.7309 |     0.1505 |     0.8182 |    0.7195 |   1.07e-04 |     
   49 |     0.1393 |     0.8313 |    0.7338 |     0.1512 |     0.8180 |    0.7193 |   1.01e-04 |     
--- R2 plus final-map regional overlap: global validation statistics ---
up4: ca=0.8523+/-0.1226, sa=1.0030+/-0.0042, amp=0.0000, suppress=0.0000, guide_abs=0.3178
up4 residuals: local_mean=1.842e-02, global_mean=0.0143, local_strength=0.0744, global_strength=0.1094, gain=[0.9779,1.0143], saturation=0.0000, text_film=0.0048
up4 haar: reconstruction_error=9.537e-07, skip_low/high=0.8002/0.1998, plam_low/high=1.0000/0.0000
up4 strengths: plam=0.9524, region=0.0744, detail=0.1094; residual_std region/detail/refine=0.0226/0.6255/0.5940
up4 guide_mix: entropy=0.9803, raw_low=0.3404, plam_low=0.2334, decoder_low=0.2499, detail=0.1763; agreement plam/decoder=0.9725/0.9264, support=0.4325+/-0.0000
up4 adaptive_frequency: ALPF strength=0.2614, weights=0.1487/0.7134/0.1379, sum=1.0000, entropy=0.7244, delta_std=0.0852; AHPF strength=0.0707, weights=0.3976/0.4405/0.1620, sum=1.0000, entropy=0.9280, residual_std=0.1044, scaled_std=0.0074
up3: ca=0.9883+/-0.1652, sa=1.0079+/-0.0055, amp=0.0000, suppress=0.0000, guide_abs=0.2509
up3 residuals: local_mean=2.301e-02, global_mean=0.0433, local_strength=0.1115, global_strength=0.1234, gain=[0.9833,1.0380], saturation=0.0551, text_film=0.0255
up3 haar: reconstruction_error=9.537e-07, skip_low/high=0.7545/0.2455, plam_low/high=1.0000/0.0000
up3 strengths: plam=0.9081, region=0.1115, detail=0.1234; residual_std region/detail/refine=0.3801/0.5886/0.4877
up3 guide_mix: entropy=0.9820, raw_low=0.3233, plam_low=0.2095, decoder_low=0.2830, detail=0.1842; agreement plam/decoder=0.6968/0.1916, support=0.7926+/-0.0993
up3 adaptive_frequency: ALPF strength=0.3095, weights=0.1209/0.3424/0.5367, sum=1.0000, entropy=0.7419, delta_std=0.0765; AHPF strength=0.1239, weights=0.6836/0.1545/0.1619, sum=1.0000, entropy=0.6594, residual_std=0.0872, scaled_std=0.0108
up2: ca=0.8468+/-0.1392, sa=1.0020+/-0.0038, amp=0.0000, suppress=0.0000, guide_abs=0.3071
up2 residuals: local_mean=-1.449e-02, global_mean=0.0331, local_strength=0.1192, global_strength=0.1125, gain=[0.9662,1.0423], saturation=0.0000, text_film=0.0270
up2 haar: reconstruction_error=1.192e-06, skip_low/high=0.7971/0.2029, plam_low/high=1.0000/0.0000
up2 strengths: plam=0.8211, region=0.1192, detail=0.1125; residual_std region/detail/refine=0.2827/0.3225/0.1594
up2 guide_mix: entropy=0.9616, raw_low=0.3412, plam_low=0.1773, decoder_low=0.3194, detail=0.1621; agreement plam/decoder=0.3076/-0.1920, support=0.5993+/-0.0636
up1: ca=0.8364+/-0.1259, sa=1.0071+/-0.0130, amp=0.0000, suppress=0.0000, guide_abs=0.2584
up1 residuals: local_mean=-7.151e-03, global_mean=0.0825, local_strength=0.1292, global_strength=0.0995, gain=[0.9041,1.0959], saturation=0.0022, text_film=0.0410
up1 haar: reconstruction_error=1.907e-06, skip_low/high=0.7136/0.2864, plam_low/high=1.0000/0.0000
up1 strengths: plam=0.9082, region=0.1292, detail=0.0995; residual_std region/detail/refine=0.3228/0.3934/0.1956
up1 guide_mix: entropy=0.9346, raw_low=0.2599, plam_low=0.2207, decoder_low=0.4067, detail=0.1127; agreement plam/decoder=0.2940/-0.0172, support=0.6325+/-0.0862

========= Epoch [50/80] =========
RS1_Test_session_09.12_17h44
Training with batch size : 16
   [Train] Epoch: [50][20/357]  Loss:0.120 (Avg 0.1344) IoU:0.752 (Avg 0.7426) Dice:0.8549 (Avg 0.8375) LR 9.54e-05   (AvgTime 0.6)   
   [Train] Epoch: [50][40/357]  Loss:0.159 (Avg 0.1393) IoU:0.692 (Avg 0.7316) Dice:0.7935 (Avg 0.8297) LR 9.54e-05   (AvgTime 0.6)   
   [Train] Epoch: [50][60/357]  Loss:0.132 (Avg 0.1391) IoU:0.738 (Avg 0.7315) Dice:0.8376 (Avg 0.8302) LR 9.54e-05   (AvgTime 0.6)   
   [Train] Epoch: [50][80/357]  Loss:0.160 (Avg 0.1390) IoU:0.730 (Avg 0.7326) Dice:0.8320 (Avg 0.8308) LR 9.54e-05   (AvgTime 0.6)   
   [Train] Epoch: [50][100/357]  Loss:0.129 (Avg 0.1400) IoU:0.746 (Avg 0.7321) Dice:0.8504 (Avg 0.8301) LR 9.54e-05   (AvgTime 0.6)   
   [Train] Epoch: [50][120/357]  Loss:0.119 (Avg 0.1397) IoU:0.769 (Avg 0.7323) Dice:0.8531 (Avg 0.8302) LR 9.54e-05   (AvgTime 0.6)   
   [Train] Epoch: [50][140/357]  Loss:0.110 (Avg 0.1381) IoU:0.783 (Avg 0.7346) Dice:0.8685 (Avg 0.8317) LR 9.54e-05   (AvgTime 0.6)   
   [Train] Epoch: [50][160/357]  Loss:0.141 (Avg 0.1378) IoU:0.737 (Avg 0.7354) Dice:0.8294 (Avg 0.8322) LR 9.54e-05   (AvgTime 0.6)   
   [Train] Epoch: [50][180/357]  Loss:0.164 (Avg 0.1378) IoU:0.685 (Avg 0.7359) Dice:0.8017 (Avg 0.8327) LR 9.54e-05   (AvgTime 0.6)   
   [Train] Epoch: [50][200/357]  Loss:0.127 (Avg 0.1373) IoU:0.732 (Avg 0.7372) Dice:0.8335 (Avg 0.8337) LR 9.54e-05   (AvgTime 0.6)   
   [Train] Epoch: [50][220/357]  Loss:0.122 (Avg 0.1376) IoU:0.746 (Avg 0.7364) Dice:0.8456 (Avg 0.8332) LR 9.54e-05   (AvgTime 0.6)   
   [Train] Epoch: [50][240/357]  Loss:0.190 (Avg 0.1380) IoU:0.663 (Avg 0.7356) Dice:0.7684 (Avg 0.8327) LR 9.54e-05   (AvgTime 0.6)   
   [Train] Epoch: [50][260/357]  Loss:0.135 (Avg 0.1384) IoU:0.747 (Avg 0.7351) Dice:0.8266 (Avg 0.8321) LR 9.54e-05   (AvgTime 0.6)   
   [Train] Epoch: [50][280/357]  Loss:0.089 (Avg 0.1378) IoU:0.807 (Avg 0.7361) Dice:0.8893 (Avg 0.8329) LR 9.54e-05   (AvgTime 0.6)   
   [Train] Epoch: [50][300/357]  Loss:0.143 (Avg 0.1377) IoU:0.715 (Avg 0.7362) Dice:0.8135 (Avg 0.8329) LR 9.54e-05   (AvgTime 0.6)   
   [Train] Epoch: [50][320/357]  Loss:0.118 (Avg 0.1379) IoU:0.771 (Avg 0.7356) Dice:0.8563 (Avg 0.8325) LR 9.54e-05   (AvgTime 0.5)   
   [Train] Epoch: [50][340/357]  Loss:0.125 (Avg 0.1382) IoU:0.763 (Avg 0.7350) Dice:0.8512 (Avg 0.8321) LR 9.54e-05   (AvgTime 0.5)   
   [Train] Epoch: [50][357/357]  Loss:0.132 (Avg 0.1385) IoU:0.779 (Avg 0.7343) Dice:0.8684 (Avg 0.8316) LR 9.54e-05   (AvgTime 0.5)   
   [Train] Loss components: main_dice=0.140260, main_focal=0.046906, main=0.093583, region_raw=0.350116, region_weighted=0.044924, empty_window_fraction=0.000000, total=0.138507
Validation
   [Val] Epoch: [50][20/90]  Loss:0.188 (Avg 0.1570) IoU:0.667 (Avg 0.7256) Dice:0.7853 (Avg 0.8269) (AvgTime 0.2)   
   [Val] Epoch: [50][40/90]  Loss:0.149 (Avg 0.1617) IoU:0.717 (Avg 0.7122) Dice:0.8230 (Avg 0.8144) (AvgTime 0.2)   
   [Val] Epoch: [50][60/90]  Loss:0.190 (Avg 0.1510) IoU:0.642 (Avg 0.7249) Dice:0.7525 (Avg 0.8231) (AvgTime 0.2)   
   [Val] Epoch: [50][80/90]  Loss:0.145 (Avg 0.1494) IoU:0.712 (Avg 0.7242) Dice:0.8130 (Avg 0.8229) (AvgTime 0.2)   
   [Val] Epoch: [50][90/90]  Loss:0.177 (Avg 0.1496) IoU:0.636 (Avg 0.7242) Dice:0.7630 (Avg 0.8227) (AvgTime 0.2)   
   [Val] Loss components: main_dice=0.147499, main_focal=0.061302, main=0.104401, region_raw=0.352367, region_weighted=0.045213, empty_window_fraction=0.000000, total=0.149613
	 Saving best model by iou: 0.724196
	 Saving to Covid19/BetterLViT/rs1_global_iou/RS1_Test_session_09.12_17h44/models//best_model-BetterLViT.pth.tar
	 early_stopping_count: 0/80
--- Epoch History (1..50) ---
Epoch |  TrainLoss |  TrainDice |  TrainIoU |    ValLoss |    ValDice |    ValIoU |         LR | Best
    1 |     0.3300 |     0.6064 |    0.4771 |     0.2665 |     0.6917 |    0.5661 |   3.00e-04 |     
    2 |     0.2491 |     0.6986 |    0.5752 |     0.2503 |     0.7064 |    0.5831 |   3.00e-04 |     
    3 |     0.2238 |     0.7274 |    0.6082 |     0.2261 |     0.7490 |    0.6315 |   3.00e-04 |     
    4 |     0.2124 |     0.7413 |    0.6243 |     0.1852 |     0.7780 |    0.6672 |   2.99e-04 |     
    5 |     0.2062 |     0.7480 |    0.6318 |     0.1901 |     0.7618 |    0.6483 |   2.98e-04 |     
    6 |     0.2002 |     0.7563 |    0.6416 |     0.1824 |     0.7892 |    0.6820 |   2.97e-04 |     
    7 |     0.1965 |     0.7605 |    0.6471 |     0.1870 |     0.7776 |    0.6673 |   2.96e-04 |     
    8 |     0.1919 |     0.7663 |    0.6535 |     0.1781 |     0.7828 |    0.6722 |   2.94e-04 |     
    9 |     0.1907 |     0.7670 |    0.6549 |     0.1861 |     0.7859 |    0.6771 |   2.92e-04 |     
   10 |     0.1887 |     0.7700 |    0.6581 |     0.1904 |     0.7618 |    0.6500 |   2.91e-04 |     
   11 |     0.1847 |     0.7742 |    0.6630 |     0.1856 |     0.7791 |    0.6667 |   2.88e-04 |     
   12 |     0.1858 |     0.7730 |    0.6619 |     0.1814 |     0.7792 |    0.6699 |   2.86e-04 |     
   13 |     0.1827 |     0.7778 |    0.6673 |     0.1897 |     0.7836 |    0.6741 |   2.83e-04 |     
   14 |     0.1817 |     0.7785 |    0.6690 |     0.1761 |     0.7925 |    0.6846 |   2.80e-04 |     
   15 |     0.1790 |     0.7817 |    0.6727 |     0.1662 |     0.7947 |    0.6887 |   2.77e-04 |     
   16 |     0.1777 |     0.7832 |    0.6748 |     0.1662 |     0.7984 |    0.6933 |   2.74e-04 |     
   17 |     0.1747 |     0.7868 |    0.6787 |     0.1849 |     0.7656 |    0.6528 |   2.71e-04 |     
   18 |     0.1751 |     0.7880 |    0.6794 |     0.1706 |     0.7853 |    0.6776 |   2.67e-04 |     
   19 |     0.1727 |     0.7889 |    0.6813 |     0.1837 |     0.7750 |    0.6655 |   2.63e-04 |     
   20 |     0.1748 |     0.7871 |    0.6790 |     0.1670 |     0.7913 |    0.6862 |   2.59e-04 |     
   21 |     0.1711 |     0.7912 |    0.6837 |     0.1725 |     0.8030 |    0.6988 |   2.55e-04 |     
   22 |     0.1732 |     0.7894 |    0.6818 |     0.1654 |     0.7979 |    0.6947 |   2.51e-04 |     
   23 |     0.1690 |     0.7939 |    0.6878 |     0.1653 |     0.8044 |    0.7012 |   2.46e-04 |     
   24 |     0.1692 |     0.7944 |    0.6884 |     0.1686 |     0.7933 |    0.6847 |   2.42e-04 |     
   25 |     0.1648 |     0.7995 |    0.6940 |     0.1722 |     0.8021 |    0.6982 |   2.37e-04 |     
   26 |     0.1673 |     0.7963 |    0.6902 |     0.1664 |     0.8008 |    0.6962 |   2.32e-04 |     
   27 |     0.1629 |     0.8018 |    0.6970 |     0.1634 |     0.8048 |    0.7008 |   2.27e-04 |     
   28 |     0.1638 |     0.8013 |    0.6962 |     0.1968 |     0.7849 |    0.6766 |   2.22e-04 |     
   29 |     0.1665 |     0.7976 |    0.6924 |     0.1610 |     0.8024 |    0.6985 |   2.17e-04 |     
   30 |     0.1612 |     0.8048 |    0.7005 |     0.1603 |     0.7992 |    0.6949 |   2.11e-04 |     
   31 |     0.1582 |     0.8077 |    0.7041 |     0.1578 |     0.8066 |    0.7026 |   2.06e-04 |     
   32 |     0.1589 |     0.8063 |    0.7028 |     0.1762 |     0.7959 |    0.6925 |   2.00e-04 |     
   33 |     0.1578 |     0.8089 |    0.7056 |     0.1652 |     0.8056 |    0.7026 |   1.94e-04 |     
   34 |     0.1562 |     0.8101 |    0.7078 |     0.1586 |     0.8105 |    0.7098 |   1.89e-04 |     
   35 |     0.1559 |     0.8105 |    0.7081 |     0.1568 |     0.8093 |    0.7075 |   1.83e-04 |     
   36 |     0.1542 |     0.8127 |    0.7110 |     0.1550 |     0.8109 |    0.7091 |   1.77e-04 |     
   37 |     0.1534 |     0.8141 |    0.7124 |     0.1591 |     0.8011 |    0.6973 |   1.71e-04 |     
   38 |     0.1522 |     0.8143 |    0.7129 |     0.1619 |     0.8121 |    0.7118 |   1.65e-04 |     
   39 |     0.1510 |     0.8165 |    0.7157 |     0.1714 |     0.8063 |    0.7036 |   1.59e-04 |     
   40 |     0.1508 |     0.8159 |    0.7151 |     0.1523 |     0.8161 |    0.7173 |   1.53e-04 |     
   41 |     0.1486 |     0.8196 |    0.7188 |     0.2507 |     0.7752 |    0.6614 |   1.48e-04 |     
   42 |     0.1499 |     0.8174 |    0.7165 |     0.1519 |     0.8120 |    0.7104 |   1.42e-04 |     
   43 |     0.1456 |     0.8228 |    0.7232 |     0.1570 |     0.8040 |    0.6995 |   1.36e-04 |     
   44 |     0.1442 |     0.8248 |    0.7254 |     0.1531 |     0.8194 |    0.7199 |   1.30e-04 |     
   45 |     0.1446 |     0.8239 |    0.7247 |     0.1548 |     0.8151 |    0.7141 |   1.24e-04 |     
   46 |     0.1437 |     0.8250 |    0.7259 |     0.1547 |     0.8179 |    0.7182 |   1.18e-04 |     
   47 |     0.1418 |     0.8271 |    0.7291 |     0.1561 |     0.8163 |    0.7159 |   1.12e-04 |     
   48 |     0.1408 |     0.8287 |    0.7309 |     0.1505 |     0.8182 |    0.7195 |   1.07e-04 |     
   49 |     0.1393 |     0.8313 |    0.7338 |     0.1512 |     0.8180 |    0.7193 |   1.01e-04 |     
   50 |     0.1385 |     0.8316 |    0.7343 |     0.1496 |     0.8227 |    0.7242 |   9.54e-05 |    *
--- R2 plus final-map regional overlap: global validation statistics ---
up4: ca=0.8505+/-0.1220, sa=1.0029+/-0.0043, amp=0.0000, suppress=0.0000, guide_abs=0.2778
up4 residuals: local_mean=1.926e-02, global_mean=0.0130, local_strength=0.0742, global_strength=0.1095, gain=[0.9779,1.0146], saturation=0.0000, text_film=0.0048
up4 haar: reconstruction_error=9.537e-07, skip_low/high=0.8012/0.1988, plam_low/high=1.0000/0.0000
up4 strengths: plam=0.9523, region=0.0742, detail=0.1095; residual_std region/detail/refine=0.0224/0.6240/0.5892
up4 guide_mix: entropy=0.9775, raw_low=0.3546, plam_low=0.2175, decoder_low=0.2440, detail=0.1839; agreement plam/decoder=0.7481/0.9574, support=0.4339+/-0.0000
up4 adaptive_frequency: ALPF strength=0.2617, weights=0.1469/0.7148/0.1383, sum=1.0000, entropy=0.7226, delta_std=0.0871; AHPF strength=0.0707, weights=0.3856/0.4485/0.1660, sum=1.0000, entropy=0.9309, residual_std=0.1102, scaled_std=0.0078
up3: ca=0.9873+/-0.1682, sa=1.0080+/-0.0055, amp=0.0000, suppress=0.0000, guide_abs=0.2495
up3 residuals: local_mean=2.441e-02, global_mean=0.0424, local_strength=0.1115, global_strength=0.1235, gain=[0.9842,1.0392], saturation=0.0531, text_film=0.0215
up3 haar: reconstruction_error=9.537e-07, skip_low/high=0.7524/0.2476, plam_low/high=1.0000/0.0000
up3 strengths: plam=0.9080, region=0.1115, detail=0.1235; residual_std region/detail/refine=0.3840/0.5766/0.4834
up3 guide_mix: entropy=0.9799, raw_low=0.3219, plam_low=0.2002, decoder_low=0.2934, detail=0.1845; agreement plam/decoder=0.6320/0.2276, support=0.7688+/-0.1070
up3 adaptive_frequency: ALPF strength=0.3102, weights=0.1135/0.3245/0.5620, sum=1.0000, entropy=0.7205, delta_std=0.0792; AHPF strength=0.1242, weights=0.6446/0.1451/0.2104, sum=1.0000, entropy=0.6943, residual_std=0.0974, scaled_std=0.0121
up2: ca=0.8535+/-0.1506, sa=1.0021+/-0.0032, amp=0.0000, suppress=0.0000, guide_abs=0.3033
up2 residuals: local_mean=-1.474e-02, global_mean=0.0347, local_strength=0.1193, global_strength=0.1125, gain=[0.9698,1.0390], saturation=0.0000, text_film=0.0259
up2 haar: reconstruction_error=9.537e-07, skip_low/high=0.8017/0.1983, plam_low/high=1.0000/0.0000
up2 strengths: plam=0.8203, region=0.1193, detail=0.1125; residual_std region/detail/refine=0.2697/0.2969/0.1584
up2 guide_mix: entropy=0.9554, raw_low=0.3388, plam_low=0.1725, decoder_low=0.3345, detail=0.1542; agreement plam/decoder=0.3382/-0.2253, support=0.6055+/-0.0636
up1: ca=0.8355+/-0.1313, sa=1.0071+/-0.0127, amp=0.0000, suppress=0.0000, guide_abs=0.2446
up1 residuals: local_mean=-7.783e-03, global_mean=0.0835, local_strength=0.1292, global_strength=0.0994, gain=[0.9046,1.0955], saturation=0.0044, text_film=0.0394
up1 haar: reconstruction_error=1.431e-06, skip_low/high=0.7310/0.2690, plam_low/high=1.0000/0.0000
up1 strengths: plam=0.9080, region=0.1292, detail=0.0994; residual_std region/detail/refine=0.3367/0.3888/0.1968
up1 guide_mix: entropy=0.9332, raw_low=0.3153, plam_low=0.1733, decoder_low=0.3876, detail=0.1239; agreement plam/decoder=0.3676/0.0760, support=0.6215+/-0.0831

========= Epoch [51/80] =========
RS1_Test_session_09.12_17h44
Training with batch size : 16
   [Train] Epoch: [51][20/357]  Loss:0.128 (Avg 0.1370) IoU:0.744 (Avg 0.7321) Dice:0.8434 (Avg 0.8318) LR 8.99e-05   (AvgTime 0.6)   
   [Train] Epoch: [51][40/357]  Loss:0.160 (Avg 0.1375) IoU:0.692 (Avg 0.7366) Dice:0.7989 (Avg 0.8328) LR 8.99e-05   (AvgTime 0.6)   
   [Train] Epoch: [51][60/357]  Loss:0.174 (Avg 0.1354) IoU:0.685 (Avg 0.7409) Dice:0.7846 (Avg 0.8369) LR 8.99e-05   (AvgTime 0.6)   
   [Train] Epoch: [51][80/357]  Loss:0.150 (Avg 0.1383) IoU:0.709 (Avg 0.7364) Dice:0.8186 (Avg 0.8327) LR 8.99e-05   (AvgTime 0.6)   
   [Train] Epoch: [51][100/357]  Loss:0.133 (Avg 0.1377) IoU:0.740 (Avg 0.7370) Dice:0.8370 (Avg 0.8332) LR 8.99e-05   (AvgTime 0.6)   
   [Train] Epoch: [51][120/357]  Loss:0.158 (Avg 0.1372) IoU:0.704 (Avg 0.7377) Dice:0.8187 (Avg 0.8337) LR 8.99e-05   (AvgTime 0.6)   
   [Train] Epoch: [51][140/357]  Loss:0.157 (Avg 0.1375) IoU:0.704 (Avg 0.7369) Dice:0.8067 (Avg 0.8331) LR 8.99e-05   (AvgTime 0.6)   
   [Train] Epoch: [51][160/357]  Loss:0.105 (Avg 0.1371) IoU:0.801 (Avg 0.7374) Dice:0.8866 (Avg 0.8336) LR 8.99e-05   (AvgTime 0.6)   
   [Train] Epoch: [51][180/357]  Loss:0.150 (Avg 0.1376) IoU:0.704 (Avg 0.7364) Dice:0.8086 (Avg 0.8329) LR 8.99e-05   (AvgTime 0.6)   
   [Train] Epoch: [51][200/357]  Loss:0.123 (Avg 0.1378) IoU:0.769 (Avg 0.7361) Dice:0.8585 (Avg 0.8327) LR 8.99e-05   (AvgTime 0.6)   
   [Train] Epoch: [51][220/357]  Loss:0.113 (Avg 0.1371) IoU:0.760 (Avg 0.7369) Dice:0.8605 (Avg 0.8335) LR 8.99e-05   (AvgTime 0.6)   
   [Train] Epoch: [51][240/357]  Loss:0.132 (Avg 0.1377) IoU:0.730 (Avg 0.7363) Dice:0.8314 (Avg 0.8329) LR 8.99e-05   (AvgTime 0.6)   
   [Train] Epoch: [51][260/357]  Loss:0.160 (Avg 0.1378) IoU:0.700 (Avg 0.7360) Dice:0.8051 (Avg 0.8326) LR 8.99e-05   (AvgTime 0.6)   
   [Train] Epoch: [51][280/357]  Loss:0.101 (Avg 0.1380) IoU:0.789 (Avg 0.7359) Dice:0.8763 (Avg 0.8324) LR 8.99e-05   (AvgTime 0.6)   
   [Train] Epoch: [51][300/357]  Loss:0.147 (Avg 0.1380) IoU:0.724 (Avg 0.7360) Dice:0.8321 (Avg 0.8327) LR 8.99e-05   (AvgTime 0.6)   
   [Train] Epoch: [51][320/357]  Loss:0.118 (Avg 0.1377) IoU:0.774 (Avg 0.7366) Dice:0.8661 (Avg 0.8332) LR 8.99e-05   (AvgTime 0.6)   
   [Train] Epoch: [51][340/357]  Loss:0.122 (Avg 0.1377) IoU:0.773 (Avg 0.7362) Dice:0.8651 (Avg 0.8330) LR 8.99e-05   (AvgTime 0.6)   
   [Train] Epoch: [51][357/357]  Loss:0.135 (Avg 0.1369) IoU:0.738 (Avg 0.7374) Dice:0.8341 (Avg 0.8340) LR 8.99e-05   (AvgTime 0.6)   
   [Train] Loss components: main_dice=0.138227, main_focal=0.046408, main=0.092317, region_raw=0.347340, region_weighted=0.044568, empty_window_fraction=0.000000, total=0.136885
Validation
   [Val] Epoch: [51][20/90]  Loss:0.181 (Avg 0.1579) IoU:0.678 (Avg 0.7199) Dice:0.7934 (Avg 0.8216) (AvgTime 0.3)   
   [Val] Epoch: [51][40/90]  Loss:0.129 (Avg 0.1638) IoU:0.735 (Avg 0.7080) Dice:0.8381 (Avg 0.8102) (AvgTime 0.2)   
   [Val] Epoch: [51][60/90]  Loss:0.193 (Avg 0.1527) IoU:0.643 (Avg 0.7202) Dice:0.7530 (Avg 0.8186) (AvgTime 0.2)   
   [Val] Epoch: [51][80/90]  Loss:0.146 (Avg 0.1512) IoU:0.711 (Avg 0.7199) Dice:0.8115 (Avg 0.8186) (AvgTime 0.2)   
   [Val] Epoch: [51][90/90]  Loss:0.166 (Avg 0.1510) IoU:0.647 (Avg 0.7206) Dice:0.7712 (Avg 0.8192) (AvgTime 0.2)   
   [Val] Loss components: main_dice=0.150066, main_focal=0.064600, main=0.107333, region_raw=0.340245, region_weighted=0.043657, empty_window_fraction=0.000000, total=0.150991
	 No iou improvement; selected epoch 50
	 early_stopping_count: 1/80
--- Epoch History (1..51) ---
Epoch |  TrainLoss |  TrainDice |  TrainIoU |    ValLoss |    ValDice |    ValIoU |         LR | Best
    1 |     0.3300 |     0.6064 |    0.4771 |     0.2665 |     0.6917 |    0.5661 |   3.00e-04 |     
    2 |     0.2491 |     0.6986 |    0.5752 |     0.2503 |     0.7064 |    0.5831 |   3.00e-04 |     
    3 |     0.2238 |     0.7274 |    0.6082 |     0.2261 |     0.7490 |    0.6315 |   3.00e-04 |     
    4 |     0.2124 |     0.7413 |    0.6243 |     0.1852 |     0.7780 |    0.6672 |   2.99e-04 |     
    5 |     0.2062 |     0.7480 |    0.6318 |     0.1901 |     0.7618 |    0.6483 |   2.98e-04 |     
    6 |     0.2002 |     0.7563 |    0.6416 |     0.1824 |     0.7892 |    0.6820 |   2.97e-04 |     
    7 |     0.1965 |     0.7605 |    0.6471 |     0.1870 |     0.7776 |    0.6673 |   2.96e-04 |     
    8 |     0.1919 |     0.7663 |    0.6535 |     0.1781 |     0.7828 |    0.6722 |   2.94e-04 |     
    9 |     0.1907 |     0.7670 |    0.6549 |     0.1861 |     0.7859 |    0.6771 |   2.92e-04 |     
   10 |     0.1887 |     0.7700 |    0.6581 |     0.1904 |     0.7618 |    0.6500 |   2.91e-04 |     
   11 |     0.1847 |     0.7742 |    0.6630 |     0.1856 |     0.7791 |    0.6667 |   2.88e-04 |     
   12 |     0.1858 |     0.7730 |    0.6619 |     0.1814 |     0.7792 |    0.6699 |   2.86e-04 |     
   13 |     0.1827 |     0.7778 |    0.6673 |     0.1897 |     0.7836 |    0.6741 |   2.83e-04 |     
   14 |     0.1817 |     0.7785 |    0.6690 |     0.1761 |     0.7925 |    0.6846 |   2.80e-04 |     
   15 |     0.1790 |     0.7817 |    0.6727 |     0.1662 |     0.7947 |    0.6887 |   2.77e-04 |     
   16 |     0.1777 |     0.7832 |    0.6748 |     0.1662 |     0.7984 |    0.6933 |   2.74e-04 |     
   17 |     0.1747 |     0.7868 |    0.6787 |     0.1849 |     0.7656 |    0.6528 |   2.71e-04 |     
   18 |     0.1751 |     0.7880 |    0.6794 |     0.1706 |     0.7853 |    0.6776 |   2.67e-04 |     
   19 |     0.1727 |     0.7889 |    0.6813 |     0.1837 |     0.7750 |    0.6655 |   2.63e-04 |     
   20 |     0.1748 |     0.7871 |    0.6790 |     0.1670 |     0.7913 |    0.6862 |   2.59e-04 |     
   21 |     0.1711 |     0.7912 |    0.6837 |     0.1725 |     0.8030 |    0.6988 |   2.55e-04 |     
   22 |     0.1732 |     0.7894 |    0.6818 |     0.1654 |     0.7979 |    0.6947 |   2.51e-04 |     
   23 |     0.1690 |     0.7939 |    0.6878 |     0.1653 |     0.8044 |    0.7012 |   2.46e-04 |     
   24 |     0.1692 |     0.7944 |    0.6884 |     0.1686 |     0.7933 |    0.6847 |   2.42e-04 |     
   25 |     0.1648 |     0.7995 |    0.6940 |     0.1722 |     0.8021 |    0.6982 |   2.37e-04 |     
   26 |     0.1673 |     0.7963 |    0.6902 |     0.1664 |     0.8008 |    0.6962 |   2.32e-04 |     
   27 |     0.1629 |     0.8018 |    0.6970 |     0.1634 |     0.8048 |    0.7008 |   2.27e-04 |     
   28 |     0.1638 |     0.8013 |    0.6962 |     0.1968 |     0.7849 |    0.6766 |   2.22e-04 |     
   29 |     0.1665 |     0.7976 |    0.6924 |     0.1610 |     0.8024 |    0.6985 |   2.17e-04 |     
   30 |     0.1612 |     0.8048 |    0.7005 |     0.1603 |     0.7992 |    0.6949 |   2.11e-04 |     
   31 |     0.1582 |     0.8077 |    0.7041 |     0.1578 |     0.8066 |    0.7026 |   2.06e-04 |     
   32 |     0.1589 |     0.8063 |    0.7028 |     0.1762 |     0.7959 |    0.6925 |   2.00e-04 |     
   33 |     0.1578 |     0.8089 |    0.7056 |     0.1652 |     0.8056 |    0.7026 |   1.94e-04 |     
   34 |     0.1562 |     0.8101 |    0.7078 |     0.1586 |     0.8105 |    0.7098 |   1.89e-04 |     
   35 |     0.1559 |     0.8105 |    0.7081 |     0.1568 |     0.8093 |    0.7075 |   1.83e-04 |     
   36 |     0.1542 |     0.8127 |    0.7110 |     0.1550 |     0.8109 |    0.7091 |   1.77e-04 |     
   37 |     0.1534 |     0.8141 |    0.7124 |     0.1591 |     0.8011 |    0.6973 |   1.71e-04 |     
   38 |     0.1522 |     0.8143 |    0.7129 |     0.1619 |     0.8121 |    0.7118 |   1.65e-04 |     
   39 |     0.1510 |     0.8165 |    0.7157 |     0.1714 |     0.8063 |    0.7036 |   1.59e-04 |     
   40 |     0.1508 |     0.8159 |    0.7151 |     0.1523 |     0.8161 |    0.7173 |   1.53e-04 |     
   41 |     0.1486 |     0.8196 |    0.7188 |     0.2507 |     0.7752 |    0.6614 |   1.48e-04 |     
   42 |     0.1499 |     0.8174 |    0.7165 |     0.1519 |     0.8120 |    0.7104 |   1.42e-04 |     
   43 |     0.1456 |     0.8228 |    0.7232 |     0.1570 |     0.8040 |    0.6995 |   1.36e-04 |     
   44 |     0.1442 |     0.8248 |    0.7254 |     0.1531 |     0.8194 |    0.7199 |   1.30e-04 |     
   45 |     0.1446 |     0.8239 |    0.7247 |     0.1548 |     0.8151 |    0.7141 |   1.24e-04 |     
   46 |     0.1437 |     0.8250 |    0.7259 |     0.1547 |     0.8179 |    0.7182 |   1.18e-04 |     
   47 |     0.1418 |     0.8271 |    0.7291 |     0.1561 |     0.8163 |    0.7159 |   1.12e-04 |     
   48 |     0.1408 |     0.8287 |    0.7309 |     0.1505 |     0.8182 |    0.7195 |   1.07e-04 |     
   49 |     0.1393 |     0.8313 |    0.7338 |     0.1512 |     0.8180 |    0.7193 |   1.01e-04 |     
   50 |     0.1385 |     0.8316 |    0.7343 |     0.1496 |     0.8227 |    0.7242 |   9.54e-05 |    *
   51 |     0.1369 |     0.8340 |    0.7374 |     0.1510 |     0.8192 |    0.7206 |   8.99e-05 |     
--- R2 plus final-map regional overlap: global validation statistics ---
up4: ca=0.8542+/-0.1198, sa=1.0029+/-0.0042, amp=0.0000, suppress=0.0000, guide_abs=0.2806
up4 residuals: local_mean=1.944e-02, global_mean=0.0131, local_strength=0.0742, global_strength=0.1096, gain=[0.9831,1.0144], saturation=0.0000, text_film=0.0048
up4 haar: reconstruction_error=4.768e-07, skip_low/high=0.7987/0.2013, plam_low/high=1.0000/0.0000
up4 strengths: plam=0.9520, region=0.0742, detail=0.1096; residual_std region/detail/refine=0.0225/0.6187/0.5859
up4 guide_mix: entropy=0.9804, raw_low=0.3409, plam_low=0.2374, decoder_low=0.2450, detail=0.1767; agreement plam/decoder=0.9950/0.9789, support=0.4349+/-0.0000
up4 adaptive_frequency: ALPF strength=0.2619, weights=0.1449/0.7166/0.1386, sum=1.0000, entropy=0.7200, delta_std=0.0849; AHPF strength=0.0707, weights=0.3891/0.4457/0.1652, sum=1.0000, entropy=0.9308, residual_std=0.1067, scaled_std=0.0075
up3: ca=0.9887+/-0.1662, sa=1.0083+/-0.0058, amp=0.0000, suppress=0.0000, guide_abs=0.2585
up3 residuals: local_mean=2.554e-02, global_mean=0.0442, local_strength=0.1116, global_strength=0.1235, gain=[0.9851,1.0395], saturation=0.0704, text_film=0.0247
up3 haar: reconstruction_error=9.537e-07, skip_low/high=0.7537/0.2463, plam_low/high=1.0000/0.0000
up3 strengths: plam=0.9075, region=0.1116, detail=0.1235; residual_std region/detail/refine=0.3905/0.5944/0.4963
up3 guide_mix: entropy=0.9825, raw_low=0.3210, plam_low=0.2115, decoder_low=0.2838, detail=0.1837; agreement plam/decoder=0.6884/0.2311, support=0.7918+/-0.0988
up3 adaptive_frequency: ALPF strength=0.3107, weights=0.1146/0.3250/0.5604, sum=1.0000, entropy=0.7260, delta_std=0.0763; AHPF strength=0.1244, weights=0.6702/0.1650/0.1648, sum=1.0000, entropy=0.6953, residual_std=0.0850, scaled_std=0.0106
up2: ca=0.8506+/-0.1462, sa=1.0022+/-0.0034, amp=0.0000, suppress=0.0000, guide_abs=0.3084
up2 residuals: local_mean=-1.478e-02, global_mean=0.0352, local_strength=0.1193, global_strength=0.1125, gain=[0.9693,1.0404], saturation=0.0000, text_film=0.0225
up2 haar: reconstruction_error=9.537e-07, skip_low/high=0.7975/0.2025, plam_low/high=1.0000/0.0000
up2 strengths: plam=0.8190, region=0.1193, detail=0.1125; residual_std region/detail/refine=0.2669/0.3106/0.1564
up2 guide_mix: entropy=0.9613, raw_low=0.3390, plam_low=0.1815, decoder_low=0.3216, detail=0.1579; agreement plam/decoder=0.3298/-0.2306, support=0.6027+/-0.0604
up1: ca=0.8321+/-0.1257, sa=1.0072+/-0.0127, amp=0.0000, suppress=0.0000, guide_abs=0.2374
up1 residuals: local_mean=-7.747e-03, global_mean=0.0840, local_strength=0.1293, global_strength=0.0993, gain=[0.9047,1.0955], saturation=0.0036, text_film=0.0394
up1 haar: reconstruction_error=1.431e-06, skip_low/high=0.7194/0.2806, plam_low/high=1.0000/0.0000
up1 strengths: plam=0.9078, region=0.1293, detail=0.0993; residual_std region/detail/refine=0.3260/0.3876/0.1974
up1 guide_mix: entropy=0.9375, raw_low=0.2713, plam_low=0.2155, decoder_low=0.3985, detail=0.1147; agreement plam/decoder=0.3201/0.0401, support=0.6286+/-0.0840

========= Epoch [52/80] =========
RS1_Test_session_09.12_17h44
Training with batch size : 16
   [Train] Epoch: [52][20/357]  Loss:0.117 (Avg 0.1424) IoU:0.755 (Avg 0.7238) Dice:0.8534 (Avg 0.8239) LR 8.45e-05   (AvgTime 0.6)   
   [Train] Epoch: [52][40/357]  Loss:0.116 (Avg 0.1369) IoU:0.764 (Avg 0.7392) Dice:0.8597 (Avg 0.8352) LR 8.45e-05   (AvgTime 0.6)   
   [Train] Epoch: [52][60/357]  Loss:0.095 (Avg 0.1334) IoU:0.809 (Avg 0.7446) Dice:0.8910 (Avg 0.8396) LR 8.45e-05   (AvgTime 0.6)   
   [Train] Epoch: [52][80/357]  Loss:0.196 (Avg 0.1364) IoU:0.691 (Avg 0.7395) Dice:0.8000 (Avg 0.8355) LR 8.45e-05   (AvgTime 0.6)   
   [Train] Epoch: [52][100/357]  Loss:0.101 (Avg 0.1347) IoU:0.808 (Avg 0.7425) Dice:0.8846 (Avg 0.8379) LR 8.45e-05   (AvgTime 0.6)   
   [Train] Epoch: [52][120/357]  Loss:0.114 (Avg 0.1342) IoU:0.772 (Avg 0.7420) Dice:0.8641 (Avg 0.8379) LR 8.45e-05   (AvgTime 0.6)   
   [Train] Epoch: [52][140/357]  Loss:0.123 (Avg 0.1337) IoU:0.770 (Avg 0.7433) Dice:0.8586 (Avg 0.8387) LR 8.45e-05   (AvgTime 0.6)   
   [Train] Epoch: [52][160/357]  Loss:0.127 (Avg 0.1338) IoU:0.771 (Avg 0.7429) Dice:0.8608 (Avg 0.8383) LR 8.45e-05   (AvgTime 0.6)   
   [Train] Epoch: [52][180/357]  Loss:0.134 (Avg 0.1337) IoU:0.753 (Avg 0.7427) Dice:0.8455 (Avg 0.8385) LR 8.45e-05   (AvgTime 0.6)   
   [Train] Epoch: [52][200/357]  Loss:0.121 (Avg 0.1340) IoU:0.754 (Avg 0.7418) Dice:0.8529 (Avg 0.8378) LR 8.45e-05   (AvgTime 0.6)   
   [Train] Epoch: [52][220/357]  Loss:0.126 (Avg 0.1349) IoU:0.764 (Avg 0.7406) Dice:0.8540 (Avg 0.8368) LR 8.45e-05   (AvgTime 0.6)   
   [Train] Epoch: [52][240/357]  Loss:0.155 (Avg 0.1348) IoU:0.711 (Avg 0.7409) Dice:0.8178 (Avg 0.8369) LR 8.45e-05   (AvgTime 0.5)   
   [Train] Epoch: [52][260/357]  Loss:0.143 (Avg 0.1352) IoU:0.720 (Avg 0.7402) Dice:0.8150 (Avg 0.8364) LR 8.45e-05   (AvgTime 0.6)   
   [Train] Epoch: [52][280/357]  Loss:0.175 (Avg 0.1349) IoU:0.672 (Avg 0.7410) Dice:0.7851 (Avg 0.8370) LR 8.45e-05   (AvgTime 0.5)   
   [Train] Epoch: [52][300/357]  Loss:0.124 (Avg 0.1348) IoU:0.756 (Avg 0.7411) Dice:0.8563 (Avg 0.8370) LR 8.45e-05   (AvgTime 0.5)   
   [Train] Epoch: [52][320/357]  Loss:0.130 (Avg 0.1355) IoU:0.772 (Avg 0.7402) Dice:0.8624 (Avg 0.8361) LR 8.45e-05   (AvgTime 0.5)   
   [Train] Epoch: [52][340/357]  Loss:0.101 (Avg 0.1354) IoU:0.804 (Avg 0.7402) Dice:0.8869 (Avg 0.8361) LR 8.45e-05   (AvgTime 0.5)   
   [Train] Epoch: [52][357/357]  Loss:0.140 (Avg 0.1354) IoU:0.761 (Avg 0.7400) Dice:0.8522 (Avg 0.8360) LR 8.45e-05   (AvgTime 0.5)   
   [Train] Loss components: main_dice=0.136470, main_focal=0.046271, main=0.091370, region_raw=0.343457, region_weighted=0.044070, empty_window_fraction=0.000000, total=0.135440
Validation
   [Val] Epoch: [52][20/90]  Loss:0.187 (Avg 0.1532) IoU:0.672 (Avg 0.7260) Dice:0.7899 (Avg 0.8274) (AvgTime 0.3)   
   [Val] Epoch: [52][40/90]  Loss:0.135 (Avg 0.1598) IoU:0.728 (Avg 0.7112) Dice:0.8330 (Avg 0.8136) (AvgTime 0.2)   
   [Val] Epoch: [52][60/90]  Loss:0.192 (Avg 0.1498) IoU:0.647 (Avg 0.7231) Dice:0.7575 (Avg 0.8217) (AvgTime 0.2)   
   [Val] Epoch: [52][80/90]  Loss:0.139 (Avg 0.1481) IoU:0.728 (Avg 0.7227) Dice:0.8254 (Avg 0.8216) (AvgTime 0.2)   
   [Val] Epoch: [52][90/90]  Loss:0.191 (Avg 0.1484) IoU:0.633 (Avg 0.7227) Dice:0.7579 (Avg 0.8216) (AvgTime 0.2)   
   [Val] Loss components: main_dice=0.148099, main_focal=0.059166, main=0.103632, region_raw=0.348797, region_weighted=0.044755, empty_window_fraction=0.000000, total=0.148387
	 No iou improvement; selected epoch 50
	 early_stopping_count: 2/80
--- Epoch History (1..52) ---
Epoch |  TrainLoss |  TrainDice |  TrainIoU |    ValLoss |    ValDice |    ValIoU |         LR | Best
    1 |     0.3300 |     0.6064 |    0.4771 |     0.2665 |     0.6917 |    0.5661 |   3.00e-04 |     
    2 |     0.2491 |     0.6986 |    0.5752 |     0.2503 |     0.7064 |    0.5831 |   3.00e-04 |     
    3 |     0.2238 |     0.7274 |    0.6082 |     0.2261 |     0.7490 |    0.6315 |   3.00e-04 |     
    4 |     0.2124 |     0.7413 |    0.6243 |     0.1852 |     0.7780 |    0.6672 |   2.99e-04 |     
    5 |     0.2062 |     0.7480 |    0.6318 |     0.1901 |     0.7618 |    0.6483 |   2.98e-04 |     
    6 |     0.2002 |     0.7563 |    0.6416 |     0.1824 |     0.7892 |    0.6820 |   2.97e-04 |     
    7 |     0.1965 |     0.7605 |    0.6471 |     0.1870 |     0.7776 |    0.6673 |   2.96e-04 |     
    8 |     0.1919 |     0.7663 |    0.6535 |     0.1781 |     0.7828 |    0.6722 |   2.94e-04 |     
    9 |     0.1907 |     0.7670 |    0.6549 |     0.1861 |     0.7859 |    0.6771 |   2.92e-04 |     
   10 |     0.1887 |     0.7700 |    0.6581 |     0.1904 |     0.7618 |    0.6500 |   2.91e-04 |     
   11 |     0.1847 |     0.7742 |    0.6630 |     0.1856 |     0.7791 |    0.6667 |   2.88e-04 |     
   12 |     0.1858 |     0.7730 |    0.6619 |     0.1814 |     0.7792 |    0.6699 |   2.86e-04 |     
   13 |     0.1827 |     0.7778 |    0.6673 |     0.1897 |     0.7836 |    0.6741 |   2.83e-04 |     
   14 |     0.1817 |     0.7785 |    0.6690 |     0.1761 |     0.7925 |    0.6846 |   2.80e-04 |     
   15 |     0.1790 |     0.7817 |    0.6727 |     0.1662 |     0.7947 |    0.6887 |   2.77e-04 |     
   16 |     0.1777 |     0.7832 |    0.6748 |     0.1662 |     0.7984 |    0.6933 |   2.74e-04 |     
   17 |     0.1747 |     0.7868 |    0.6787 |     0.1849 |     0.7656 |    0.6528 |   2.71e-04 |     
   18 |     0.1751 |     0.7880 |    0.6794 |     0.1706 |     0.7853 |    0.6776 |   2.67e-04 |     
   19 |     0.1727 |     0.7889 |    0.6813 |     0.1837 |     0.7750 |    0.6655 |   2.63e-04 |     
   20 |     0.1748 |     0.7871 |    0.6790 |     0.1670 |     0.7913 |    0.6862 |   2.59e-04 |     
   21 |     0.1711 |     0.7912 |    0.6837 |     0.1725 |     0.8030 |    0.6988 |   2.55e-04 |     
   22 |     0.1732 |     0.7894 |    0.6818 |     0.1654 |     0.7979 |    0.6947 |   2.51e-04 |     
   23 |     0.1690 |     0.7939 |    0.6878 |     0.1653 |     0.8044 |    0.7012 |   2.46e-04 |     
   24 |     0.1692 |     0.7944 |    0.6884 |     0.1686 |     0.7933 |    0.6847 |   2.42e-04 |     
   25 |     0.1648 |     0.7995 |    0.6940 |     0.1722 |     0.8021 |    0.6982 |   2.37e-04 |     
   26 |     0.1673 |     0.7963 |    0.6902 |     0.1664 |     0.8008 |    0.6962 |   2.32e-04 |     
   27 |     0.1629 |     0.8018 |    0.6970 |     0.1634 |     0.8048 |    0.7008 |   2.27e-04 |     
   28 |     0.1638 |     0.8013 |    0.6962 |     0.1968 |     0.7849 |    0.6766 |   2.22e-04 |     
   29 |     0.1665 |     0.7976 |    0.6924 |     0.1610 |     0.8024 |    0.6985 |   2.17e-04 |     
   30 |     0.1612 |     0.8048 |    0.7005 |     0.1603 |     0.7992 |    0.6949 |   2.11e-04 |     
   31 |     0.1582 |     0.8077 |    0.7041 |     0.1578 |     0.8066 |    0.7026 |   2.06e-04 |     
   32 |     0.1589 |     0.8063 |    0.7028 |     0.1762 |     0.7959 |    0.6925 |   2.00e-04 |     
   33 |     0.1578 |     0.8089 |    0.7056 |     0.1652 |     0.8056 |    0.7026 |   1.94e-04 |     
   34 |     0.1562 |     0.8101 |    0.7078 |     0.1586 |     0.8105 |    0.7098 |   1.89e-04 |     
   35 |     0.1559 |     0.8105 |    0.7081 |     0.1568 |     0.8093 |    0.7075 |   1.83e-04 |     
   36 |     0.1542 |     0.8127 |    0.7110 |     0.1550 |     0.8109 |    0.7091 |   1.77e-04 |     
   37 |     0.1534 |     0.8141 |    0.7124 |     0.1591 |     0.8011 |    0.6973 |   1.71e-04 |     
   38 |     0.1522 |     0.8143 |    0.7129 |     0.1619 |     0.8121 |    0.7118 |   1.65e-04 |     
   39 |     0.1510 |     0.8165 |    0.7157 |     0.1714 |     0.8063 |    0.7036 |   1.59e-04 |     
   40 |     0.1508 |     0.8159 |    0.7151 |     0.1523 |     0.8161 |    0.7173 |   1.53e-04 |     
   41 |     0.1486 |     0.8196 |    0.7188 |     0.2507 |     0.7752 |    0.6614 |   1.48e-04 |     
   42 |     0.1499 |     0.8174 |    0.7165 |     0.1519 |     0.8120 |    0.7104 |   1.42e-04 |     
   43 |     0.1456 |     0.8228 |    0.7232 |     0.1570 |     0.8040 |    0.6995 |   1.36e-04 |     
   44 |     0.1442 |     0.8248 |    0.7254 |     0.1531 |     0.8194 |    0.7199 |   1.30e-04 |     
   45 |     0.1446 |     0.8239 |    0.7247 |     0.1548 |     0.8151 |    0.7141 |   1.24e-04 |     
   46 |     0.1437 |     0.8250 |    0.7259 |     0.1547 |     0.8179 |    0.7182 |   1.18e-04 |     
   47 |     0.1418 |     0.8271 |    0.7291 |     0.1561 |     0.8163 |    0.7159 |   1.12e-04 |     
   48 |     0.1408 |     0.8287 |    0.7309 |     0.1505 |     0.8182 |    0.7195 |   1.07e-04 |     
   49 |     0.1393 |     0.8313 |    0.7338 |     0.1512 |     0.8180 |    0.7193 |   1.01e-04 |     
   50 |     0.1385 |     0.8316 |    0.7343 |     0.1496 |     0.8227 |    0.7242 |   9.54e-05 |    *
   51 |     0.1369 |     0.8340 |    0.7374 |     0.1510 |     0.8192 |    0.7206 |   8.99e-05 |     
   52 |     0.1354 |     0.8360 |    0.7400 |     0.1484 |     0.8216 |    0.7227 |   8.45e-05 |     
--- R2 plus final-map regional overlap: global validation statistics ---
up4: ca=0.8546+/-0.1173, sa=1.0029+/-0.0041, amp=0.0000, suppress=0.0000, guide_abs=0.3208
up4 residuals: local_mean=1.910e-02, global_mean=0.0134, local_strength=0.0741, global_strength=0.1097, gain=[0.9800,1.0139], saturation=0.0000, text_film=0.0048
up4 haar: reconstruction_error=9.537e-07, skip_low/high=0.7978/0.2022, plam_low/high=1.0000/0.0000
up4 strengths: plam=0.9519, region=0.0741, detail=0.1097; residual_std region/detail/refine=0.0226/0.6276/0.5947
up4 guide_mix: entropy=0.9796, raw_low=0.3469, plam_low=0.2334, decoder_low=0.2391, detail=0.1806; agreement plam/decoder=0.9318/0.9249, support=0.4348+/-0.0000
up4 adaptive_frequency: ALPF strength=0.2620, weights=0.1445/0.7170/0.1385, sum=1.0000, entropy=0.7195, delta_std=0.0846; AHPF strength=0.0707, weights=0.3877/0.4476/0.1647, sum=1.0000, entropy=0.9296, residual_std=0.1079, scaled_std=0.0076
up3: ca=0.9966+/-0.1632, sa=1.0084+/-0.0060, amp=0.0000, suppress=0.0000, guide_abs=0.2565
up3 residuals: local_mean=2.560e-02, global_mean=0.0448, local_strength=0.1116, global_strength=0.1236, gain=[0.9868,1.0425], saturation=0.0643, text_film=0.0222
up3 haar: reconstruction_error=9.537e-07, skip_low/high=0.7500/0.2500, plam_low/high=1.0000/0.0000
up3 strengths: plam=0.9073, region=0.1116, detail=0.1236; residual_std region/detail/refine=0.3902/0.5968/0.4987
up3 guide_mix: entropy=0.9825, raw_low=0.3259, plam_low=0.2078, decoder_low=0.2783, detail=0.1880; agreement plam/decoder=0.7066/0.2476, support=0.7787+/-0.1039
up3 adaptive_frequency: ALPF strength=0.3112, weights=0.1235/0.3318/0.5446, sum=1.0000, entropy=0.7324, delta_std=0.0763; AHPF strength=0.1246, weights=0.6516/0.1591/0.1894, sum=1.0000, entropy=0.6896, residual_std=0.0966, scaled_std=0.0120
up2: ca=0.8570+/-0.1558, sa=1.0022+/-0.0032, amp=0.0000, suppress=0.0000, guide_abs=0.3074
up2 residuals: local_mean=-1.465e-02, global_mean=0.0349, local_strength=0.1193, global_strength=0.1125, gain=[0.9688,1.0419], saturation=0.0000, text_film=0.0294
up2 haar: reconstruction_error=9.537e-07, skip_low/high=0.7938/0.2062, plam_low/high=1.0000/0.0000
up2 strengths: plam=0.8181, region=0.1193, detail=0.1125; residual_std region/detail/refine=0.2687/0.3069/0.1546
up2 guide_mix: entropy=0.9610, raw_low=0.3331, plam_low=0.1775, decoder_low=0.3293, detail=0.1602; agreement plam/decoder=0.3371/-0.1747, support=0.5976+/-0.0663
up1: ca=0.8343+/-0.1238, sa=1.0071+/-0.0129, amp=0.0000, suppress=0.0000, guide_abs=0.2604
up1 residuals: local_mean=-8.517e-03, global_mean=0.0846, local_strength=0.1294, global_strength=0.0992, gain=[0.9045,1.0956], saturation=0.0085, text_film=0.0389
up1 haar: reconstruction_error=1.431e-06, skip_low/high=0.7206/0.2794, plam_low/high=1.0000/0.0000
up1 strengths: plam=0.9075, region=0.1294, detail=0.0992; residual_std region/detail/refine=0.3303/0.3962/0.1984
up1 guide_mix: entropy=0.9373, raw_low=0.2917, plam_low=0.1926, decoder_low=0.3945, detail=0.1212; agreement plam/decoder=0.2216/-0.0288, support=0.6404+/-0.0899

========= Epoch [53/80] =========
RS1_Test_session_09.12_17h44
Training with batch size : 16
   [Train] Epoch: [53][20/357]  Loss:0.185 (Avg 0.1310) IoU:0.679 (Avg 0.7521) Dice:0.7901 (Avg 0.8455) LR 7.92e-05   (AvgTime 0.6)   
   [Train] Epoch: [53][40/357]  Loss:0.123 (Avg 0.1336) IoU:0.755 (Avg 0.7466) Dice:0.8550 (Avg 0.8419) LR 7.92e-05   (AvgTime 0.6)   
   [Train] Epoch: [53][60/357]  Loss:0.149 (Avg 0.1338) IoU:0.710 (Avg 0.7464) Dice:0.8143 (Avg 0.8415) LR 7.92e-05   (AvgTime 0.6)   
   [Train] Epoch: [53][80/357]  Loss:0.139 (Avg 0.1319) IoU:0.737 (Avg 0.7482) Dice:0.8320 (Avg 0.8425) LR 7.92e-05   (AvgTime 0.6)   
   [Train] Epoch: [53][100/357]  Loss:0.139 (Avg 0.1316) IoU:0.723 (Avg 0.7480) Dice:0.8190 (Avg 0.8421) LR 7.92e-05   (AvgTime 0.6)   
   [Train] Epoch: [53][120/357]  Loss:0.156 (Avg 0.1324) IoU:0.691 (Avg 0.7460) Dice:0.7925 (Avg 0.8405) LR 7.92e-05   (AvgTime 0.6)   
   [Train] Epoch: [53][140/357]  Loss:0.171 (Avg 0.1333) IoU:0.654 (Avg 0.7440) Dice:0.7626 (Avg 0.8389) LR 7.92e-05   (AvgTime 0.6)   
   [Train] Epoch: [53][160/357]  Loss:0.129 (Avg 0.1331) IoU:0.740 (Avg 0.7444) Dice:0.8362 (Avg 0.8395) LR 7.92e-05   (AvgTime 0.6)   
   [Train] Epoch: [53][180/357]  Loss:0.146 (Avg 0.1332) IoU:0.715 (Avg 0.7439) Dice:0.8116 (Avg 0.8392) LR 7.92e-05   (AvgTime 0.6)   
   [Train] Epoch: [53][200/357]  Loss:0.120 (Avg 0.1337) IoU:0.773 (Avg 0.7427) Dice:0.8646 (Avg 0.8383) LR 7.92e-05   (AvgTime 0.6)   
   [Train] Epoch: [53][220/357]  Loss:0.122 (Avg 0.1332) IoU:0.757 (Avg 0.7429) Dice:0.8508 (Avg 0.8386) LR 7.92e-05   (AvgTime 0.6)   
   [Train] Epoch: [53][240/357]  Loss:0.124 (Avg 0.1324) IoU:0.761 (Avg 0.7442) Dice:0.8481 (Avg 0.8396) LR 7.92e-05   (AvgTime 0.6)   
   [Train] Epoch: [53][260/357]  Loss:0.119 (Avg 0.1320) IoU:0.763 (Avg 0.7451) Dice:0.8563 (Avg 0.8403) LR 7.92e-05   (AvgTime 0.6)   
   [Train] Epoch: [53][280/357]  Loss:0.108 (Avg 0.1321) IoU:0.775 (Avg 0.7449) Dice:0.8640 (Avg 0.8401) LR 7.92e-05   (AvgTime 0.6)   
   [Train] Epoch: [53][300/357]  Loss:0.130 (Avg 0.1328) IoU:0.735 (Avg 0.7437) Dice:0.8318 (Avg 0.8392) LR 7.92e-05   (AvgTime 0.6)   
   [Train] Epoch: [53][320/357]  Loss:0.148 (Avg 0.1333) IoU:0.718 (Avg 0.7426) Dice:0.8190 (Avg 0.8384) LR 7.92e-05   (AvgTime 0.6)   
   [Train] Epoch: [53][340/357]  Loss:0.153 (Avg 0.1339) IoU:0.698 (Avg 0.7416) Dice:0.7928 (Avg 0.8375) LR 7.92e-05   (AvgTime 0.6)   
   [Train] Epoch: [53][357/357]  Loss:0.110 (Avg 0.1340) IoU:0.812 (Avg 0.7421) Dice:0.8919 (Avg 0.8378) LR 7.92e-05   (AvgTime 0.6)   
   [Train] Loss components: main_dice=0.134653, main_focal=0.045858, main=0.090255, region_raw=0.340670, region_weighted=0.043712, empty_window_fraction=0.000000, total=0.133967
Validation
   [Val] Epoch: [53][20/90]  Loss:0.187 (Avg 0.1556) IoU:0.668 (Avg 0.7215) Dice:0.7848 (Avg 0.8231) (AvgTime 0.3)   
   [Val] Epoch: [53][40/90]  Loss:0.132 (Avg 0.1618) IoU:0.739 (Avg 0.7084) Dice:0.8398 (Avg 0.8105) (AvgTime 0.2)   
   [Val] Epoch: [53][60/90]  Loss:0.191 (Avg 0.1509) IoU:0.660 (Avg 0.7225) Dice:0.7659 (Avg 0.8203) (AvgTime 0.2)   
   [Val] Epoch: [53][80/90]  Loss:0.137 (Avg 0.1490) IoU:0.725 (Avg 0.7227) Dice:0.8272 (Avg 0.8209) (AvgTime 0.2)   
   [Val] Epoch: [53][90/90]  Loss:0.215 (Avg 0.1490) IoU:0.589 (Avg 0.7235) Dice:0.7119 (Avg 0.8214) (AvgTime 0.2)   
   [Val] Loss components: main_dice=0.148933, main_focal=0.058442, main=0.103688, region_raw=0.352843, region_weighted=0.045274, empty_window_fraction=0.000000, total=0.148962
	 No iou improvement; selected epoch 50
	 early_stopping_count: 3/80
--- Epoch History (1..53) ---
Epoch |  TrainLoss |  TrainDice |  TrainIoU |    ValLoss |    ValDice |    ValIoU |         LR | Best
    1 |     0.3300 |     0.6064 |    0.4771 |     0.2665 |     0.6917 |    0.5661 |   3.00e-04 |     
    2 |     0.2491 |     0.6986 |    0.5752 |     0.2503 |     0.7064 |    0.5831 |   3.00e-04 |     
    3 |     0.2238 |     0.7274 |    0.6082 |     0.2261 |     0.7490 |    0.6315 |   3.00e-04 |     
    4 |     0.2124 |     0.7413 |    0.6243 |     0.1852 |     0.7780 |    0.6672 |   2.99e-04 |     
    5 |     0.2062 |     0.7480 |    0.6318 |     0.1901 |     0.7618 |    0.6483 |   2.98e-04 |     
    6 |     0.2002 |     0.7563 |    0.6416 |     0.1824 |     0.7892 |    0.6820 |   2.97e-04 |     
    7 |     0.1965 |     0.7605 |    0.6471 |     0.1870 |     0.7776 |    0.6673 |   2.96e-04 |     
    8 |     0.1919 |     0.7663 |    0.6535 |     0.1781 |     0.7828 |    0.6722 |   2.94e-04 |     
    9 |     0.1907 |     0.7670 |    0.6549 |     0.1861 |     0.7859 |    0.6771 |   2.92e-04 |     
   10 |     0.1887 |     0.7700 |    0.6581 |     0.1904 |     0.7618 |    0.6500 |   2.91e-04 |     
   11 |     0.1847 |     0.7742 |    0.6630 |     0.1856 |     0.7791 |    0.6667 |   2.88e-04 |     
   12 |     0.1858 |     0.7730 |    0.6619 |     0.1814 |     0.7792 |    0.6699 |   2.86e-04 |     
   13 |     0.1827 |     0.7778 |    0.6673 |     0.1897 |     0.7836 |    0.6741 |   2.83e-04 |     
   14 |     0.1817 |     0.7785 |    0.6690 |     0.1761 |     0.7925 |    0.6846 |   2.80e-04 |     
   15 |     0.1790 |     0.7817 |    0.6727 |     0.1662 |     0.7947 |    0.6887 |   2.77e-04 |     
   16 |     0.1777 |     0.7832 |    0.6748 |     0.1662 |     0.7984 |    0.6933 |   2.74e-04 |     
   17 |     0.1747 |     0.7868 |    0.6787 |     0.1849 |     0.7656 |    0.6528 |   2.71e-04 |     
   18 |     0.1751 |     0.7880 |    0.6794 |     0.1706 |     0.7853 |    0.6776 |   2.67e-04 |     
   19 |     0.1727 |     0.7889 |    0.6813 |     0.1837 |     0.7750 |    0.6655 |   2.63e-04 |     
   20 |     0.1748 |     0.7871 |    0.6790 |     0.1670 |     0.7913 |    0.6862 |   2.59e-04 |     
   21 |     0.1711 |     0.7912 |    0.6837 |     0.1725 |     0.8030 |    0.6988 |   2.55e-04 |     
   22 |     0.1732 |     0.7894 |    0.6818 |     0.1654 |     0.7979 |    0.6947 |   2.51e-04 |     
   23 |     0.1690 |     0.7939 |    0.6878 |     0.1653 |     0.8044 |    0.7012 |   2.46e-04 |     
   24 |     0.1692 |     0.7944 |    0.6884 |     0.1686 |     0.7933 |    0.6847 |   2.42e-04 |     
   25 |     0.1648 |     0.7995 |    0.6940 |     0.1722 |     0.8021 |    0.6982 |   2.37e-04 |     
   26 |     0.1673 |     0.7963 |    0.6902 |     0.1664 |     0.8008 |    0.6962 |   2.32e-04 |     
   27 |     0.1629 |     0.8018 |    0.6970 |     0.1634 |     0.8048 |    0.7008 |   2.27e-04 |     
   28 |     0.1638 |     0.8013 |    0.6962 |     0.1968 |     0.7849 |    0.6766 |   2.22e-04 |     
   29 |     0.1665 |     0.7976 |    0.6924 |     0.1610 |     0.8024 |    0.6985 |   2.17e-04 |     
   30 |     0.1612 |     0.8048 |    0.7005 |     0.1603 |     0.7992 |    0.6949 |   2.11e-04 |     
   31 |     0.1582 |     0.8077 |    0.7041 |     0.1578 |     0.8066 |    0.7026 |   2.06e-04 |     
   32 |     0.1589 |     0.8063 |    0.7028 |     0.1762 |     0.7959 |    0.6925 |   2.00e-04 |     
   33 |     0.1578 |     0.8089 |    0.7056 |     0.1652 |     0.8056 |    0.7026 |   1.94e-04 |     
   34 |     0.1562 |     0.8101 |    0.7078 |     0.1586 |     0.8105 |    0.7098 |   1.89e-04 |     
   35 |     0.1559 |     0.8105 |    0.7081 |     0.1568 |     0.8093 |    0.7075 |   1.83e-04 |     
   36 |     0.1542 |     0.8127 |    0.7110 |     0.1550 |     0.8109 |    0.7091 |   1.77e-04 |     
   37 |     0.1534 |     0.8141 |    0.7124 |     0.1591 |     0.8011 |    0.6973 |   1.71e-04 |     
   38 |     0.1522 |     0.8143 |    0.7129 |     0.1619 |     0.8121 |    0.7118 |   1.65e-04 |     
   39 |     0.1510 |     0.8165 |    0.7157 |     0.1714 |     0.8063 |    0.7036 |   1.59e-04 |     
   40 |     0.1508 |     0.8159 |    0.7151 |     0.1523 |     0.8161 |    0.7173 |   1.53e-04 |     
   41 |     0.1486 |     0.8196 |    0.7188 |     0.2507 |     0.7752 |    0.6614 |   1.48e-04 |     
   42 |     0.1499 |     0.8174 |    0.7165 |     0.1519 |     0.8120 |    0.7104 |   1.42e-04 |     
   43 |     0.1456 |     0.8228 |    0.7232 |     0.1570 |     0.8040 |    0.6995 |   1.36e-04 |     
   44 |     0.1442 |     0.8248 |    0.7254 |     0.1531 |     0.8194 |    0.7199 |   1.30e-04 |     
   45 |     0.1446 |     0.8239 |    0.7247 |     0.1548 |     0.8151 |    0.7141 |   1.24e-04 |     
   46 |     0.1437 |     0.8250 |    0.7259 |     0.1547 |     0.8179 |    0.7182 |   1.18e-04 |     
   47 |     0.1418 |     0.8271 |    0.7291 |     0.1561 |     0.8163 |    0.7159 |   1.12e-04 |     
   48 |     0.1408 |     0.8287 |    0.7309 |     0.1505 |     0.8182 |    0.7195 |   1.07e-04 |     
   49 |     0.1393 |     0.8313 |    0.7338 |     0.1512 |     0.8180 |    0.7193 |   1.01e-04 |     
   50 |     0.1385 |     0.8316 |    0.7343 |     0.1496 |     0.8227 |    0.7242 |   9.54e-05 |    *
   51 |     0.1369 |     0.8340 |    0.7374 |     0.1510 |     0.8192 |    0.7206 |   8.99e-05 |     
   52 |     0.1354 |     0.8360 |    0.7400 |     0.1484 |     0.8216 |    0.7227 |   8.45e-05 |     
   53 |     0.1340 |     0.8378 |    0.7421 |     0.1490 |     0.8214 |    0.7235 |   7.92e-05 |     
--- R2 plus final-map regional overlap: global validation statistics ---
up4: ca=0.8536+/-0.1150, sa=1.0032+/-0.0040, amp=0.0000, suppress=0.0000, guide_abs=0.3420
up4 residuals: local_mean=1.958e-02, global_mean=0.0160, local_strength=0.0740, global_strength=0.1098, gain=[0.9843,1.0138], saturation=0.0000, text_film=0.0049
up4 haar: reconstruction_error=9.537e-07, skip_low/high=0.7989/0.2011, plam_low/high=1.0000/0.0000
up4 strengths: plam=0.9520, region=0.0740, detail=0.1098; residual_std region/detail/refine=0.0223/0.6329/0.6003
up4 guide_mix: entropy=0.9804, raw_low=0.3412, plam_low=0.2308, decoder_low=0.2497, detail=0.1783; agreement plam/decoder=0.8977/0.8882, support=0.4340+/-0.0000
up4 adaptive_frequency: ALPF strength=0.2624, weights=0.1437/0.7169/0.1394, sum=1.0000, entropy=0.7195, delta_std=0.0883; AHPF strength=0.0707, weights=0.3843/0.4506/0.1651, sum=1.0000, entropy=0.9296, residual_std=0.1088, scaled_std=0.0077
up3: ca=0.9945+/-0.1653, sa=1.0081+/-0.0057, amp=0.0000, suppress=0.0000, guide_abs=0.2466
up3 residuals: local_mean=2.398e-02, global_mean=0.0437, local_strength=0.1116, global_strength=0.1236, gain=[0.9864,1.0421], saturation=0.0689, text_film=0.0229
up3 haar: reconstruction_error=9.537e-07, skip_low/high=0.7478/0.2522, plam_low/high=1.0000/0.0000
up3 strengths: plam=0.9070, region=0.1116, detail=0.1236; residual_std region/detail/refine=0.3801/0.5930/0.4969
up3 guide_mix: entropy=0.9822, raw_low=0.3193, plam_low=0.2069, decoder_low=0.2882, detail=0.1856; agreement plam/decoder=0.7097/0.2687, support=0.7809+/-0.1087
up3 adaptive_frequency: ALPF strength=0.3118, weights=0.1330/0.3570/0.5100, sum=1.0000, entropy=0.7421, delta_std=0.0778; AHPF strength=0.1249, weights=0.6182/0.1679/0.2139, sum=1.0000, entropy=0.7165, residual_std=0.1027, scaled_std=0.0128
up2: ca=0.8681+/-0.1462, sa=1.0022+/-0.0032, amp=0.0000, suppress=0.0000, guide_abs=0.3118
up2 residuals: local_mean=-1.490e-02, global_mean=0.0354, local_strength=0.1194, global_strength=0.1125, gain=[0.9692,1.0407], saturation=0.0000, text_film=0.0249
up2 haar: reconstruction_error=1.356e-06, skip_low/high=0.7961/0.2039, plam_low/high=1.0000/0.0000
up2 strengths: plam=0.8173, region=0.1194, detail=0.1125; residual_std region/detail/refine=0.2652/0.3006/0.1541
up2 guide_mix: entropy=0.9608, raw_low=0.3324, plam_low=0.1822, decoder_low=0.3294, detail=0.1559; agreement plam/decoder=0.3323/-0.1574, support=0.5977+/-0.0663
up1: ca=0.8386+/-0.1231, sa=1.0072+/-0.0128, amp=0.0000, suppress=0.0000, guide_abs=0.2524
up1 residuals: local_mean=-8.442e-03, global_mean=0.0854, local_strength=0.1294, global_strength=0.0992, gain=[0.9051,1.0952], saturation=0.0083, text_film=0.0406
up1 haar: reconstruction_error=1.431e-06, skip_low/high=0.7224/0.2776, plam_low/high=1.0000/0.0000
up1 strengths: plam=0.9073, region=0.1294, detail=0.0992; residual_std region/detail/refine=0.3439/0.3931/0.1990
up1 guide_mix: entropy=0.9387, raw_low=0.2850, plam_low=0.2039, decoder_low=0.3930, detail=0.1181; agreement plam/decoder=0.3054/0.0821, support=0.6316+/-0.0879

========= Epoch [54/80] =========
RS1_Test_session_09.12_17h44
Training with batch size : 16
   [Train] Epoch: [54][20/357]  Loss:0.188 (Avg 0.1381) IoU:0.656 (Avg 0.7373) Dice:0.7702 (Avg 0.8328) LR 7.40e-05   (AvgTime 0.6)   
   [Train] Epoch: [54][40/357]  Loss:0.151 (Avg 0.1396) IoU:0.709 (Avg 0.7341) Dice:0.8112 (Avg 0.8305) LR 7.40e-05   (AvgTime 0.6)   
   [Train] Epoch: [54][60/357]  Loss:0.161 (Avg 0.1396) IoU:0.684 (Avg 0.7338) Dice:0.7915 (Avg 0.8297) LR 7.40e-05   (AvgTime 0.6)   
   [Train] Epoch: [54][80/357]  Loss:0.155 (Avg 0.1373) IoU:0.686 (Avg 0.7372) Dice:0.8021 (Avg 0.8330) LR 7.40e-05   (AvgTime 0.6)   
   [Train] Epoch: [54][100/357]  Loss:0.175 (Avg 0.1382) IoU:0.693 (Avg 0.7356) Dice:0.8023 (Avg 0.8316) LR 7.40e-05   (AvgTime 0.6)   
   [Train] Epoch: [54][120/357]  Loss:0.105 (Avg 0.1369) IoU:0.810 (Avg 0.7378) Dice:0.8914 (Avg 0.8335) LR 7.40e-05   (AvgTime 0.6)   
   [Train] Epoch: [54][140/357]  Loss:0.117 (Avg 0.1360) IoU:0.742 (Avg 0.7393) Dice:0.8399 (Avg 0.8347) LR 7.40e-05   (AvgTime 0.6)   
   [Train] Epoch: [54][160/357]  Loss:0.186 (Avg 0.1344) IoU:0.683 (Avg 0.7419) Dice:0.7937 (Avg 0.8369) LR 7.40e-05   (AvgTime 0.6)   
   [Train] Epoch: [54][180/357]  Loss:0.184 (Avg 0.1343) IoU:0.632 (Avg 0.7423) Dice:0.7477 (Avg 0.8371) LR 7.40e-05   (AvgTime 0.6)   
   [Train] Epoch: [54][200/357]  Loss:0.115 (Avg 0.1338) IoU:0.770 (Avg 0.7431) Dice:0.8587 (Avg 0.8379) LR 7.40e-05   (AvgTime 0.6)   
   [Train] Epoch: [54][220/357]  Loss:0.102 (Avg 0.1336) IoU:0.811 (Avg 0.7433) Dice:0.8850 (Avg 0.8380) LR 7.40e-05   (AvgTime 0.6)   
   [Train] Epoch: [54][240/357]  Loss:0.183 (Avg 0.1334) IoU:0.656 (Avg 0.7438) Dice:0.7715 (Avg 0.8384) LR 7.40e-05   (AvgTime 0.6)   
   [Train] Epoch: [54][260/357]  Loss:0.142 (Avg 0.1328) IoU:0.724 (Avg 0.7446) Dice:0.8201 (Avg 0.8391) LR 7.40e-05   (AvgTime 0.6)   
   [Train] Epoch: [54][280/357]  Loss:0.105 (Avg 0.1342) IoU:0.809 (Avg 0.7426) Dice:0.8898 (Avg 0.8375) LR 7.40e-05   (AvgTime 0.6)   
   [Train] Epoch: [54][300/357]  Loss:0.126 (Avg 0.1345) IoU:0.769 (Avg 0.7418) Dice:0.8436 (Avg 0.8368) LR 7.40e-05   (AvgTime 0.6)   
   [Train] Epoch: [54][320/357]  Loss:0.135 (Avg 0.1345) IoU:0.741 (Avg 0.7415) Dice:0.8420 (Avg 0.8367) LR 7.40e-05   (AvgTime 0.6)   
   [Train] Epoch: [54][340/357]  Loss:0.123 (Avg 0.1348) IoU:0.743 (Avg 0.7410) Dice:0.8412 (Avg 0.8362) LR 7.40e-05   (AvgTime 0.6)   
   [Train] Epoch: [54][357/357]  Loss:0.151 (Avg 0.1341) IoU:0.698 (Avg 0.7420) Dice:0.8131 (Avg 0.8371) LR 7.40e-05   (AvgTime 0.6)   
   [Train] Loss components: main_dice=0.135351, main_focal=0.045255, main=0.090303, region_raw=0.341555, region_weighted=0.043826, empty_window_fraction=0.000000, total=0.134128
Validation
   [Val] Epoch: [54][20/90]  Loss:0.202 (Avg 0.1612) IoU:0.668 (Avg 0.7216) Dice:0.7833 (Avg 0.8227) (AvgTime 0.3)   
   [Val] Epoch: [54][40/90]  Loss:0.131 (Avg 0.1660) IoU:0.735 (Avg 0.7095) Dice:0.8376 (Avg 0.8113) (AvgTime 0.2)   
   [Val] Epoch: [54][60/90]  Loss:0.195 (Avg 0.1558) IoU:0.655 (Avg 0.7211) Dice:0.7634 (Avg 0.8194) (AvgTime 0.2)   
   [Val] Epoch: [54][80/90]  Loss:0.147 (Avg 0.1543) IoU:0.718 (Avg 0.7215) Dice:0.8171 (Avg 0.8201) (AvgTime 0.2)   
   [Val] Epoch: [54][90/90]  Loss:0.178 (Avg 0.1546) IoU:0.635 (Avg 0.7215) Dice:0.7607 (Avg 0.8198) (AvgTime 0.2)   
   [Val] Loss components: main_dice=0.149348, main_focal=0.071910, main=0.110629, region_raw=0.342612, region_weighted=0.043961, empty_window_fraction=0.000000, total=0.154590
	 No iou improvement; selected epoch 50
	 early_stopping_count: 4/80
--- Epoch History (1..54) ---
Epoch |  TrainLoss |  TrainDice |  TrainIoU |    ValLoss |    ValDice |    ValIoU |         LR | Best
    1 |     0.3300 |     0.6064 |    0.4771 |     0.2665 |     0.6917 |    0.5661 |   3.00e-04 |     
    2 |     0.2491 |     0.6986 |    0.5752 |     0.2503 |     0.7064 |    0.5831 |   3.00e-04 |     
    3 |     0.2238 |     0.7274 |    0.6082 |     0.2261 |     0.7490 |    0.6315 |   3.00e-04 |     
    4 |     0.2124 |     0.7413 |    0.6243 |     0.1852 |     0.7780 |    0.6672 |   2.99e-04 |     
    5 |     0.2062 |     0.7480 |    0.6318 |     0.1901 |     0.7618 |    0.6483 |   2.98e-04 |     
    6 |     0.2002 |     0.7563 |    0.6416 |     0.1824 |     0.7892 |    0.6820 |   2.97e-04 |     
    7 |     0.1965 |     0.7605 |    0.6471 |     0.1870 |     0.7776 |    0.6673 |   2.96e-04 |     
    8 |     0.1919 |     0.7663 |    0.6535 |     0.1781 |     0.7828 |    0.6722 |   2.94e-04 |     
    9 |     0.1907 |     0.7670 |    0.6549 |     0.1861 |     0.7859 |    0.6771 |   2.92e-04 |     
   10 |     0.1887 |     0.7700 |    0.6581 |     0.1904 |     0.7618 |    0.6500 |   2.91e-04 |     
   11 |     0.1847 |     0.7742 |    0.6630 |     0.1856 |     0.7791 |    0.6667 |   2.88e-04 |     
   12 |     0.1858 |     0.7730 |    0.6619 |     0.1814 |     0.7792 |    0.6699 |   2.86e-04 |     
   13 |     0.1827 |     0.7778 |    0.6673 |     0.1897 |     0.7836 |    0.6741 |   2.83e-04 |     
   14 |     0.1817 |     0.7785 |    0.6690 |     0.1761 |     0.7925 |    0.6846 |   2.80e-04 |     
   15 |     0.1790 |     0.7817 |    0.6727 |     0.1662 |     0.7947 |    0.6887 |   2.77e-04 |     
   16 |     0.1777 |     0.7832 |    0.6748 |     0.1662 |     0.7984 |    0.6933 |   2.74e-04 |     
   17 |     0.1747 |     0.7868 |    0.6787 |     0.1849 |     0.7656 |    0.6528 |   2.71e-04 |     
   18 |     0.1751 |     0.7880 |    0.6794 |     0.1706 |     0.7853 |    0.6776 |   2.67e-04 |     
   19 |     0.1727 |     0.7889 |    0.6813 |     0.1837 |     0.7750 |    0.6655 |   2.63e-04 |     
   20 |     0.1748 |     0.7871 |    0.6790 |     0.1670 |     0.7913 |    0.6862 |   2.59e-04 |     
   21 |     0.1711 |     0.7912 |    0.6837 |     0.1725 |     0.8030 |    0.6988 |   2.55e-04 |     
   22 |     0.1732 |     0.7894 |    0.6818 |     0.1654 |     0.7979 |    0.6947 |   2.51e-04 |     
   23 |     0.1690 |     0.7939 |    0.6878 |     0.1653 |     0.8044 |    0.7012 |   2.46e-04 |     
   24 |     0.1692 |     0.7944 |    0.6884 |     0.1686 |     0.7933 |    0.6847 |   2.42e-04 |     
   25 |     0.1648 |     0.7995 |    0.6940 |     0.1722 |     0.8021 |    0.6982 |   2.37e-04 |     
   26 |     0.1673 |     0.7963 |    0.6902 |     0.1664 |     0.8008 |    0.6962 |   2.32e-04 |     
   27 |     0.1629 |     0.8018 |    0.6970 |     0.1634 |     0.8048 |    0.7008 |   2.27e-04 |     
   28 |     0.1638 |     0.8013 |    0.6962 |     0.1968 |     0.7849 |    0.6766 |   2.22e-04 |     
   29 |     0.1665 |     0.7976 |    0.6924 |     0.1610 |     0.8024 |    0.6985 |   2.17e-04 |     
   30 |     0.1612 |     0.8048 |    0.7005 |     0.1603 |     0.7992 |    0.6949 |   2.11e-04 |     
   31 |     0.1582 |     0.8077 |    0.7041 |     0.1578 |     0.8066 |    0.7026 |   2.06e-04 |     
   32 |     0.1589 |     0.8063 |    0.7028 |     0.1762 |     0.7959 |    0.6925 |   2.00e-04 |     
   33 |     0.1578 |     0.8089 |    0.7056 |     0.1652 |     0.8056 |    0.7026 |   1.94e-04 |     
   34 |     0.1562 |     0.8101 |    0.7078 |     0.1586 |     0.8105 |    0.7098 |   1.89e-04 |     
   35 |     0.1559 |     0.8105 |    0.7081 |     0.1568 |     0.8093 |    0.7075 |   1.83e-04 |     
   36 |     0.1542 |     0.8127 |    0.7110 |     0.1550 |     0.8109 |    0.7091 |   1.77e-04 |     
   37 |     0.1534 |     0.8141 |    0.7124 |     0.1591 |     0.8011 |    0.6973 |   1.71e-04 |     
   38 |     0.1522 |     0.8143 |    0.7129 |     0.1619 |     0.8121 |    0.7118 |   1.65e-04 |     
   39 |     0.1510 |     0.8165 |    0.7157 |     0.1714 |     0.8063 |    0.7036 |   1.59e-04 |     
   40 |     0.1508 |     0.8159 |    0.7151 |     0.1523 |     0.8161 |    0.7173 |   1.53e-04 |     
   41 |     0.1486 |     0.8196 |    0.7188 |     0.2507 |     0.7752 |    0.6614 |   1.48e-04 |     
   42 |     0.1499 |     0.8174 |    0.7165 |     0.1519 |     0.8120 |    0.7104 |   1.42e-04 |     
   43 |     0.1456 |     0.8228 |    0.7232 |     0.1570 |     0.8040 |    0.6995 |   1.36e-04 |     
   44 |     0.1442 |     0.8248 |    0.7254 |     0.1531 |     0.8194 |    0.7199 |   1.30e-04 |     
   45 |     0.1446 |     0.8239 |    0.7247 |     0.1548 |     0.8151 |    0.7141 |   1.24e-04 |     
   46 |     0.1437 |     0.8250 |    0.7259 |     0.1547 |     0.8179 |    0.7182 |   1.18e-04 |     
   47 |     0.1418 |     0.8271 |    0.7291 |     0.1561 |     0.8163 |    0.7159 |   1.12e-04 |     
   48 |     0.1408 |     0.8287 |    0.7309 |     0.1505 |     0.8182 |    0.7195 |   1.07e-04 |     
   49 |     0.1393 |     0.8313 |    0.7338 |     0.1512 |     0.8180 |    0.7193 |   1.01e-04 |     
   50 |     0.1385 |     0.8316 |    0.7343 |     0.1496 |     0.8227 |    0.7242 |   9.54e-05 |    *
   51 |     0.1369 |     0.8340 |    0.7374 |     0.1510 |     0.8192 |    0.7206 |   8.99e-05 |     
   52 |     0.1354 |     0.8360 |    0.7400 |     0.1484 |     0.8216 |    0.7227 |   8.45e-05 |     
   53 |     0.1340 |     0.8378 |    0.7421 |     0.1490 |     0.8214 |    0.7235 |   7.92e-05 |     
   54 |     0.1341 |     0.8371 |    0.7420 |     0.1546 |     0.8198 |    0.7215 |   7.40e-05 |     
--- R2 plus final-map regional overlap: global validation statistics ---
up4: ca=0.8576+/-0.1150, sa=1.0032+/-0.0040, amp=0.0000, suppress=0.0000, guide_abs=0.3033
up4 residuals: local_mean=1.972e-02, global_mean=0.0153, local_strength=0.0741, global_strength=0.1098, gain=[0.9818,1.0142], saturation=0.0000, text_film=0.0049
up4 haar: reconstruction_error=9.537e-07, skip_low/high=0.7945/0.2055, plam_low/high=1.0000/0.0000
up4 strengths: plam=0.9520, region=0.0741, detail=0.1098; residual_std region/detail/refine=0.0223/0.6295/0.5966
up4 guide_mix: entropy=0.9808, raw_low=0.3425, plam_low=0.2386, decoder_low=0.2385, detail=0.1804; agreement plam/decoder=0.8400/0.9349, support=0.4336+/-0.0000
up4 adaptive_frequency: ALPF strength=0.2626, weights=0.1390/0.7148/0.1462, sum=1.0000, entropy=0.7215, delta_std=0.0833; AHPF strength=0.0706, weights=0.3738/0.4595/0.1667, sum=1.0000, entropy=0.9286, residual_std=0.1119, scaled_std=0.0079
up3: ca=0.9928+/-0.1625, sa=1.0082+/-0.0059, amp=0.0000, suppress=0.0000, guide_abs=0.2505
up3 residuals: local_mean=2.469e-02, global_mean=0.0442, local_strength=0.1116, global_strength=0.1237, gain=[0.9822,1.0426], saturation=0.0523, text_film=0.0219
up3 haar: reconstruction_error=9.537e-07, skip_low/high=0.7468/0.2532, plam_low/high=1.0000/0.0000
up3 strengths: plam=0.9068, region=0.1116, detail=0.1237; residual_std region/detail/refine=0.3827/0.5991/0.5023
up3 guide_mix: entropy=0.9845, raw_low=0.3219, plam_low=0.2156, decoder_low=0.2745, detail=0.1880; agreement plam/decoder=0.7105/0.2844, support=0.7754+/-0.1092
up3 adaptive_frequency: ALPF strength=0.3124, weights=0.1361/0.3655/0.4983, sum=1.0000, entropy=0.7479, delta_std=0.0745; AHPF strength=0.1251, weights=0.5861/0.1758/0.2381, sum=1.0000, entropy=0.7546, residual_std=0.1102, scaled_std=0.0138
up2: ca=0.8717+/-0.1413, sa=1.0021+/-0.0032, amp=0.0000, suppress=0.0000, guide_abs=0.3123
up2 residuals: local_mean=-1.512e-02, global_mean=0.0350, local_strength=0.1194, global_strength=0.1125, gain=[0.9675,1.0438], saturation=0.0000, text_film=0.0306
up2 haar: reconstruction_error=1.051e-06, skip_low/high=0.7989/0.2011, plam_low/high=1.0000/0.0000
up2 strengths: plam=0.8165, region=0.1194, detail=0.1125; residual_std region/detail/refine=0.2614/0.3021/0.1500
up2 guide_mix: entropy=0.9602, raw_low=0.3379, plam_low=0.1816, decoder_low=0.3250, detail=0.1555; agreement plam/decoder=0.3183/-0.1572, support=0.6049+/-0.0644
up1: ca=0.8482+/-0.1173, sa=1.0073+/-0.0128, amp=0.0000, suppress=0.0000, guide_abs=0.2540
up1 residuals: local_mean=-8.034e-03, global_mean=0.0860, local_strength=0.1295, global_strength=0.0991, gain=[0.9049,1.0953], saturation=0.0080, text_film=0.0393
up1 haar: reconstruction_error=1.907e-06, skip_low/high=0.7235/0.2765, plam_low/high=1.0000/0.0000
up1 strengths: plam=0.9072, region=0.1295, detail=0.0991; residual_std region/detail/refine=0.3233/0.3940/0.1995
up1 guide_mix: entropy=0.9392, raw_low=0.2855, plam_low=0.2085, decoder_low=0.3899, detail=0.1161; agreement plam/decoder=0.2676/0.0187, support=0.6378+/-0.0876

========= Epoch [55/80] =========
RS1_Test_session_09.12_17h44
Training with batch size : 16
   [Train] Epoch: [55][20/357]  Loss:0.126 (Avg 0.1260) IoU:0.737 (Avg 0.7549) Dice:0.8366 (Avg 0.8481) LR 6.90e-05   (AvgTime 0.5)   
   [Train] Epoch: [55][40/357]  Loss:0.158 (Avg 0.1326) IoU:0.692 (Avg 0.7427) Dice:0.8041 (Avg 0.8391) LR 6.90e-05   (AvgTime 0.5)   
   [Train] Epoch: [55][60/357]  Loss:0.128 (Avg 0.1332) IoU:0.768 (Avg 0.7442) Dice:0.8430 (Avg 0.8393) LR 6.90e-05   (AvgTime 0.5)   
   [Train] Epoch: [55][80/357]  Loss:0.139 (Avg 0.1329) IoU:0.717 (Avg 0.7448) Dice:0.8130 (Avg 0.8393) LR 6.90e-05   (AvgTime 0.5)   
   [Train] Epoch: [55][100/357]  Loss:0.092 (Avg 0.1337) IoU:0.822 (Avg 0.7432) Dice:0.8990 (Avg 0.8383) LR 6.90e-05   (AvgTime 0.5)   
   [Train] Epoch: [55][120/357]  Loss:0.178 (Avg 0.1350) IoU:0.664 (Avg 0.7421) Dice:0.7717 (Avg 0.8376) LR 6.90e-05   (AvgTime 0.5)   
   [Train] Epoch: [55][140/357]  Loss:0.174 (Avg 0.1350) IoU:0.670 (Avg 0.7418) Dice:0.7695 (Avg 0.8375) LR 6.90e-05   (AvgTime 0.5)   
   [Train] Epoch: [55][160/357]  Loss:0.144 (Avg 0.1347) IoU:0.712 (Avg 0.7420) Dice:0.8162 (Avg 0.8373) LR 6.90e-05   (AvgTime 0.5)   
   [Train] Epoch: [55][180/357]  Loss:0.139 (Avg 0.1341) IoU:0.744 (Avg 0.7431) Dice:0.8451 (Avg 0.8381) LR 6.90e-05   (AvgTime 0.5)   
   [Train] Epoch: [55][200/357]  Loss:0.087 (Avg 0.1335) IoU:0.830 (Avg 0.7438) Dice:0.9044 (Avg 0.8387) LR 6.90e-05   (AvgTime 0.5)   
   [Train] Epoch: [55][220/357]  Loss:0.144 (Avg 0.1335) IoU:0.724 (Avg 0.7436) Dice:0.8310 (Avg 0.8387) LR 6.90e-05   (AvgTime 0.5)   
   [Train] Epoch: [55][240/357]  Loss:0.131 (Avg 0.1328) IoU:0.749 (Avg 0.7443) Dice:0.8376 (Avg 0.8391) LR 6.90e-05   (AvgTime 0.5)   
   [Train] Epoch: [55][260/357]  Loss:0.093 (Avg 0.1323) IoU:0.813 (Avg 0.7450) Dice:0.8924 (Avg 0.8397) LR 6.90e-05   (AvgTime 0.5)   
   [Train] Epoch: [55][280/357]  Loss:0.171 (Avg 0.1329) IoU:0.678 (Avg 0.7438) Dice:0.7899 (Avg 0.8388) LR 6.90e-05   (AvgTime 0.5)   
   [Train] Epoch: [55][300/357]  Loss:0.176 (Avg 0.1330) IoU:0.677 (Avg 0.7436) Dice:0.7916 (Avg 0.8387) LR 6.90e-05   (AvgTime 0.5)   
   [Train] Epoch: [55][320/357]  Loss:0.161 (Avg 0.1325) IoU:0.674 (Avg 0.7444) Dice:0.7773 (Avg 0.8393) LR 6.90e-05   (AvgTime 0.5)   
   [Train] Epoch: [55][340/357]  Loss:0.198 (Avg 0.1325) IoU:0.633 (Avg 0.7440) Dice:0.7473 (Avg 0.8392) LR 6.90e-05   (AvgTime 0.5)   
   [Train] Epoch: [55][357/357]  Loss:0.124 (Avg 0.1330) IoU:0.759 (Avg 0.7432) Dice:0.8551 (Avg 0.8384) LR 6.90e-05   (AvgTime 0.5)   
   [Train] Loss components: main_dice=0.134043, main_focal=0.045162, main=0.089603, region_raw=0.338514, region_weighted=0.043435, empty_window_fraction=0.000000, total=0.133038
Validation
   [Val] Epoch: [55][20/90]  Loss:0.211 (Avg 0.1626) IoU:0.652 (Avg 0.7238) Dice:0.7748 (Avg 0.8248) (AvgTime 0.3)   
   [Val] Epoch: [55][40/90]  Loss:0.136 (Avg 0.1666) IoU:0.725 (Avg 0.7134) Dice:0.8318 (Avg 0.8152) (AvgTime 0.2)   
   [Val] Epoch: [55][60/90]  Loss:0.193 (Avg 0.1561) IoU:0.656 (Avg 0.7244) Dice:0.7635 (Avg 0.8222) (AvgTime 0.2)   
   [Val] Epoch: [55][80/90]  Loss:0.139 (Avg 0.1545) IoU:0.732 (Avg 0.7244) Dice:0.8302 (Avg 0.8225) (AvgTime 0.2)   
   [Val] Epoch: [55][90/90]  Loss:0.180 (Avg 0.1543) IoU:0.668 (Avg 0.7254) Dice:0.7873 (Avg 0.8231) (AvgTime 0.2)   
   [Val] Loss components: main_dice=0.147003, main_focal=0.072716, main=0.109860, region_raw=0.346504, region_weighted=0.044461, empty_window_fraction=0.000000, total=0.154320
	 Saving best model by iou: 0.725412
	 Saving to Covid19/BetterLViT/rs1_global_iou/RS1_Test_session_09.12_17h44/models//best_model-BetterLViT.pth.tar
	 early_stopping_count: 0/80
--- Epoch History (1..55) ---
Epoch |  TrainLoss |  TrainDice |  TrainIoU |    ValLoss |    ValDice |    ValIoU |         LR | Best
    1 |     0.3300 |     0.6064 |    0.4771 |     0.2665 |     0.6917 |    0.5661 |   3.00e-04 |     
    2 |     0.2491 |     0.6986 |    0.5752 |     0.2503 |     0.7064 |    0.5831 |   3.00e-04 |     
    3 |     0.2238 |     0.7274 |    0.6082 |     0.2261 |     0.7490 |    0.6315 |   3.00e-04 |     
    4 |     0.2124 |     0.7413 |    0.6243 |     0.1852 |     0.7780 |    0.6672 |   2.99e-04 |     
    5 |     0.2062 |     0.7480 |    0.6318 |     0.1901 |     0.7618 |    0.6483 |   2.98e-04 |     
    6 |     0.2002 |     0.7563 |    0.6416 |     0.1824 |     0.7892 |    0.6820 |   2.97e-04 |     
    7 |     0.1965 |     0.7605 |    0.6471 |     0.1870 |     0.7776 |    0.6673 |   2.96e-04 |     
    8 |     0.1919 |     0.7663 |    0.6535 |     0.1781 |     0.7828 |    0.6722 |   2.94e-04 |     
    9 |     0.1907 |     0.7670 |    0.6549 |     0.1861 |     0.7859 |    0.6771 |   2.92e-04 |     
   10 |     0.1887 |     0.7700 |    0.6581 |     0.1904 |     0.7618 |    0.6500 |   2.91e-04 |     
   11 |     0.1847 |     0.7742 |    0.6630 |     0.1856 |     0.7791 |    0.6667 |   2.88e-04 |     
   12 |     0.1858 |     0.7730 |    0.6619 |     0.1814 |     0.7792 |    0.6699 |   2.86e-04 |     
   13 |     0.1827 |     0.7778 |    0.6673 |     0.1897 |     0.7836 |    0.6741 |   2.83e-04 |     
   14 |     0.1817 |     0.7785 |    0.6690 |     0.1761 |     0.7925 |    0.6846 |   2.80e-04 |     
   15 |     0.1790 |     0.7817 |    0.6727 |     0.1662 |     0.7947 |    0.6887 |   2.77e-04 |     
   16 |     0.1777 |     0.7832 |    0.6748 |     0.1662 |     0.7984 |    0.6933 |   2.74e-04 |     
   17 |     0.1747 |     0.7868 |    0.6787 |     0.1849 |     0.7656 |    0.6528 |   2.71e-04 |     
   18 |     0.1751 |     0.7880 |    0.6794 |     0.1706 |     0.7853 |    0.6776 |   2.67e-04 |     
   19 |     0.1727 |     0.7889 |    0.6813 |     0.1837 |     0.7750 |    0.6655 |   2.63e-04 |     
   20 |     0.1748 |     0.7871 |    0.6790 |     0.1670 |     0.7913 |    0.6862 |   2.59e-04 |     
   21 |     0.1711 |     0.7912 |    0.6837 |     0.1725 |     0.8030 |    0.6988 |   2.55e-04 |     
   22 |     0.1732 |     0.7894 |    0.6818 |     0.1654 |     0.7979 |    0.6947 |   2.51e-04 |     
   23 |     0.1690 |     0.7939 |    0.6878 |     0.1653 |     0.8044 |    0.7012 |   2.46e-04 |     
   24 |     0.1692 |     0.7944 |    0.6884 |     0.1686 |     0.7933 |    0.6847 |   2.42e-04 |     
   25 |     0.1648 |     0.7995 |    0.6940 |     0.1722 |     0.8021 |    0.6982 |   2.37e-04 |     
   26 |     0.1673 |     0.7963 |    0.6902 |     0.1664 |     0.8008 |    0.6962 |   2.32e-04 |     
   27 |     0.1629 |     0.8018 |    0.6970 |     0.1634 |     0.8048 |    0.7008 |   2.27e-04 |     
   28 |     0.1638 |     0.8013 |    0.6962 |     0.1968 |     0.7849 |    0.6766 |   2.22e-04 |     
   29 |     0.1665 |     0.7976 |    0.6924 |     0.1610 |     0.8024 |    0.6985 |   2.17e-04 |     
   30 |     0.1612 |     0.8048 |    0.7005 |     0.1603 |     0.7992 |    0.6949 |   2.11e-04 |     
   31 |     0.1582 |     0.8077 |    0.7041 |     0.1578 |     0.8066 |    0.7026 |   2.06e-04 |     
   32 |     0.1589 |     0.8063 |    0.7028 |     0.1762 |     0.7959 |    0.6925 |   2.00e-04 |     
   33 |     0.1578 |     0.8089 |    0.7056 |     0.1652 |     0.8056 |    0.7026 |   1.94e-04 |     
   34 |     0.1562 |     0.8101 |    0.7078 |     0.1586 |     0.8105 |    0.7098 |   1.89e-04 |     
   35 |     0.1559 |     0.8105 |    0.7081 |     0.1568 |     0.8093 |    0.7075 |   1.83e-04 |     
   36 |     0.1542 |     0.8127 |    0.7110 |     0.1550 |     0.8109 |    0.7091 |   1.77e-04 |     
   37 |     0.1534 |     0.8141 |    0.7124 |     0.1591 |     0.8011 |    0.6973 |   1.71e-04 |     
   38 |     0.1522 |     0.8143 |    0.7129 |     0.1619 |     0.8121 |    0.7118 |   1.65e-04 |     
   39 |     0.1510 |     0.8165 |    0.7157 |     0.1714 |     0.8063 |    0.7036 |   1.59e-04 |     
   40 |     0.1508 |     0.8159 |    0.7151 |     0.1523 |     0.8161 |    0.7173 |   1.53e-04 |     
   41 |     0.1486 |     0.8196 |    0.7188 |     0.2507 |     0.7752 |    0.6614 |   1.48e-04 |     
   42 |     0.1499 |     0.8174 |    0.7165 |     0.1519 |     0.8120 |    0.7104 |   1.42e-04 |     
   43 |     0.1456 |     0.8228 |    0.7232 |     0.1570 |     0.8040 |    0.6995 |   1.36e-04 |     
   44 |     0.1442 |     0.8248 |    0.7254 |     0.1531 |     0.8194 |    0.7199 |   1.30e-04 |     
   45 |     0.1446 |     0.8239 |    0.7247 |     0.1548 |     0.8151 |    0.7141 |   1.24e-04 |     
   46 |     0.1437 |     0.8250 |    0.7259 |     0.1547 |     0.8179 |    0.7182 |   1.18e-04 |     
   47 |     0.1418 |     0.8271 |    0.7291 |     0.1561 |     0.8163 |    0.7159 |   1.12e-04 |     
   48 |     0.1408 |     0.8287 |    0.7309 |     0.1505 |     0.8182 |    0.7195 |   1.07e-04 |     
   49 |     0.1393 |     0.8313 |    0.7338 |     0.1512 |     0.8180 |    0.7193 |   1.01e-04 |     
   50 |     0.1385 |     0.8316 |    0.7343 |     0.1496 |     0.8227 |    0.7242 |   9.54e-05 |     
   51 |     0.1369 |     0.8340 |    0.7374 |     0.1510 |     0.8192 |    0.7206 |   8.99e-05 |     
   52 |     0.1354 |     0.8360 |    0.7400 |     0.1484 |     0.8216 |    0.7227 |   8.45e-05 |     
   53 |     0.1340 |     0.8378 |    0.7421 |     0.1490 |     0.8214 |    0.7235 |   7.92e-05 |     
   54 |     0.1341 |     0.8371 |    0.7420 |     0.1546 |     0.8198 |    0.7215 |   7.40e-05 |     
   55 |     0.1330 |     0.8384 |    0.7432 |     0.1543 |     0.8231 |    0.7254 |   6.90e-05 |    *
--- R2 plus final-map regional overlap: global validation statistics ---
up4: ca=0.8587+/-0.1150, sa=1.0032+/-0.0038, amp=0.0000, suppress=0.0000, guide_abs=0.3376
up4 residuals: local_mean=1.950e-02, global_mean=0.0160, local_strength=0.0739, global_strength=0.1099, gain=[0.9820,1.0140], saturation=0.0000, text_film=0.0049
up4 haar: reconstruction_error=9.537e-07, skip_low/high=0.7968/0.2032, plam_low/high=1.0000/0.0000
up4 strengths: plam=0.9518, region=0.0739, detail=0.1099; residual_std region/detail/refine=0.0243/0.6250/0.5920
up4 guide_mix: entropy=0.9804, raw_low=0.3406, plam_low=0.2265, decoder_low=0.2542, detail=0.1786; agreement plam/decoder=0.4305/0.1057, support=0.4341+/-0.0000
up4 adaptive_frequency: ALPF strength=0.2628, weights=0.1470/0.7157/0.1373, sum=1.0000, entropy=0.7210, delta_std=0.0867; AHPF strength=0.0706, weights=0.3863/0.4484/0.1654, sum=1.0000, entropy=0.9304, residual_std=0.1081, scaled_std=0.0076
up3: ca=0.9987+/-0.1559, sa=1.0083+/-0.0061, amp=0.0000, suppress=0.0000, guide_abs=0.2612
up3 residuals: local_mean=2.543e-02, global_mean=0.0436, local_strength=0.1116, global_strength=0.1237, gain=[0.9852,1.0439], saturation=0.0781, text_film=0.0214
up3 haar: reconstruction_error=9.537e-07, skip_low/high=0.7464/0.2536, plam_low/high=1.0000/0.0000
up3 strengths: plam=0.9065, region=0.1116, detail=0.1237; residual_std region/detail/refine=0.3867/0.6020/0.5033
up3 guide_mix: entropy=0.9827, raw_low=0.3246, plam_low=0.2062, decoder_low=0.2799, detail=0.1893; agreement plam/decoder=0.7143/0.3208, support=0.7996+/-0.1002
up3 adaptive_frequency: ALPF strength=0.3127, weights=0.1942/0.5331/0.2728, sum=1.0000, entropy=0.8387, delta_std=0.0685; AHPF strength=0.1253, weights=0.4232/0.2418/0.3350, sum=1.0000, entropy=0.8968, residual_std=0.1434, scaled_std=0.0180
up2: ca=0.8667+/-0.1513, sa=1.0021+/-0.0030, amp=0.0000, suppress=0.0000, guide_abs=0.3183
up2 residuals: local_mean=-1.493e-02, global_mean=0.0347, local_strength=0.1194, global_strength=0.1125, gain=[0.9722,1.0374], saturation=0.0000, text_film=0.0210
up2 haar: reconstruction_error=9.537e-07, skip_low/high=0.7920/0.2080, plam_low/high=1.0000/0.0000
up2 strengths: plam=0.8159, region=0.1194, detail=0.1125; residual_std region/detail/refine=0.2813/0.2981/0.1472
up2 guide_mix: entropy=0.9607, raw_low=0.3353, plam_low=0.1782, decoder_low=0.3274, detail=0.1592; agreement plam/decoder=0.3161/-0.1487, support=0.5979+/-0.0634
up1: ca=0.8377+/-0.1246, sa=1.0074+/-0.0127, amp=0.0000, suppress=0.0000, guide_abs=0.2554
up1 residuals: local_mean=-7.637e-03, global_mean=0.0864, local_strength=0.1295, global_strength=0.0991, gain=[0.9052,1.0952], saturation=0.0071, text_film=0.0401
up1 haar: reconstruction_error=1.907e-06, skip_low/high=0.7230/0.2770, plam_low/high=1.0000/0.0000
up1 strengths: plam=0.9069, region=0.1295, detail=0.0991; residual_std region/detail/refine=0.3326/0.3885/0.2003
up1 guide_mix: entropy=0.9367, raw_low=0.2878, plam_low=0.1971, decoder_low=0.3963, detail=0.1189; agreement plam/decoder=0.3412/0.0657, support=0.6357+/-0.0889

========= Epoch [56/80] =========
RS1_Test_session_09.12_17h44
Training with batch size : 16
   [Train] Epoch: [56][20/357]  Loss:0.108 (Avg 0.1287) IoU:0.793 (Avg 0.7522) Dice:0.8810 (Avg 0.8459) LR 6.41e-05   (AvgTime 0.6)   
   [Train] Epoch: [56][40/357]  Loss:0.148 (Avg 0.1286) IoU:0.754 (Avg 0.7522) Dice:0.8530 (Avg 0.8462) LR 6.41e-05   (AvgTime 0.5)   
   [Train] Epoch: [56][60/357]  Loss:0.142 (Avg 0.1287) IoU:0.729 (Avg 0.7527) Dice:0.8304 (Avg 0.8459) LR 6.41e-05   (AvgTime 0.5)   
   [Train] Epoch: [56][80/357]  Loss:0.116 (Avg 0.1299) IoU:0.822 (Avg 0.7509) Dice:0.8983 (Avg 0.8447) LR 6.41e-05   (AvgTime 0.5)   
   [Train] Epoch: [56][100/357]  Loss:0.141 (Avg 0.1305) IoU:0.739 (Avg 0.7494) Dice:0.8375 (Avg 0.8435) LR 6.41e-05   (AvgTime 0.5)   
   [Train] Epoch: [56][120/357]  Loss:0.116 (Avg 0.1297) IoU:0.765 (Avg 0.7506) Dice:0.8546 (Avg 0.8444) LR 6.41e-05   (AvgTime 0.5)   
   [Train] Epoch: [56][140/357]  Loss:0.113 (Avg 0.1306) IoU:0.779 (Avg 0.7490) Dice:0.8640 (Avg 0.8432) LR 6.41e-05   (AvgTime 0.5)   
   [Train] Epoch: [56][160/357]  Loss:0.111 (Avg 0.1303) IoU:0.791 (Avg 0.7492) Dice:0.8746 (Avg 0.8432) LR 6.41e-05   (AvgTime 0.5)   
   [Train] Epoch: [56][180/357]  Loss:0.150 (Avg 0.1297) IoU:0.706 (Avg 0.7500) Dice:0.8149 (Avg 0.8439) LR 6.41e-05   (AvgTime 0.5)   
   [Train] Epoch: [56][200/357]  Loss:0.134 (Avg 0.1318) IoU:0.738 (Avg 0.7462) Dice:0.8438 (Avg 0.8409) LR 6.41e-05   (AvgTime 0.5)   
   [Train] Epoch: [56][220/357]  Loss:0.144 (Avg 0.1320) IoU:0.728 (Avg 0.7462) Dice:0.8295 (Avg 0.8409) LR 6.41e-05   (AvgTime 0.5)   
   [Train] Epoch: [56][240/357]  Loss:0.115 (Avg 0.1324) IoU:0.772 (Avg 0.7455) Dice:0.8614 (Avg 0.8402) LR 6.41e-05   (AvgTime 0.5)   
   [Train] Epoch: [56][260/357]  Loss:0.105 (Avg 0.1317) IoU:0.784 (Avg 0.7467) Dice:0.8745 (Avg 0.8411) LR 6.41e-05   (AvgTime 0.5)   
   [Train] Epoch: [56][280/357]  Loss:0.110 (Avg 0.1310) IoU:0.781 (Avg 0.7477) Dice:0.8638 (Avg 0.8418) LR 6.41e-05   (AvgTime 0.5)   
   [Train] Epoch: [56][300/357]  Loss:0.129 (Avg 0.1312) IoU:0.760 (Avg 0.7473) Dice:0.8494 (Avg 0.8416) LR 6.41e-05   (AvgTime 0.5)   
   [Train] Epoch: [56][320/357]  Loss:0.174 (Avg 0.1313) IoU:0.640 (Avg 0.7470) Dice:0.7589 (Avg 0.8413) LR 6.41e-05   (AvgTime 0.5)   
   [Train] Epoch: [56][340/357]  Loss:0.101 (Avg 0.1313) IoU:0.803 (Avg 0.7469) Dice:0.8862 (Avg 0.8412) LR 6.41e-05   (AvgTime 0.5)   
   [Train] Epoch: [56][357/357]  Loss:0.116 (Avg 0.1311) IoU:0.773 (Avg 0.7470) Dice:0.8642 (Avg 0.8414) LR 6.41e-05   (AvgTime 0.5)   
   [Train] Loss components: main_dice=0.131621, main_focal=0.044571, main=0.088096, region_raw=0.335273, region_weighted=0.043020, empty_window_fraction=0.000000, total=0.131116
Validation
   [Val] Epoch: [56][20/90]  Loss:0.184 (Avg 0.1587) IoU:0.689 (Avg 0.7202) Dice:0.8017 (Avg 0.8221) (AvgTime 0.3)   
   [Val] Epoch: [56][40/90]  Loss:0.134 (Avg 0.1655) IoU:0.733 (Avg 0.7075) Dice:0.8340 (Avg 0.8096) (AvgTime 0.2)   
   [Val] Epoch: [56][60/90]  Loss:0.178 (Avg 0.1531) IoU:0.677 (Avg 0.7206) Dice:0.7772 (Avg 0.8187) (AvgTime 0.2)   
   [Val] Epoch: [56][80/90]  Loss:0.147 (Avg 0.1511) IoU:0.708 (Avg 0.7195) Dice:0.8130 (Avg 0.8184) (AvgTime 0.2)   
   [Val] Epoch: [56][90/90]  Loss:0.170 (Avg 0.1507) IoU:0.656 (Avg 0.7204) Dice:0.7784 (Avg 0.8190) (AvgTime 0.2)   
   [Val] Loss components: main_dice=0.151325, main_focal=0.063377, main=0.107351, region_raw=0.337837, region_weighted=0.043349, empty_window_fraction=0.000000, total=0.150699
	 No iou improvement; selected epoch 55
	 early_stopping_count: 1/80
--- Epoch History (1..56) ---
Epoch |  TrainLoss |  TrainDice |  TrainIoU |    ValLoss |    ValDice |    ValIoU |         LR | Best
    1 |     0.3300 |     0.6064 |    0.4771 |     0.2665 |     0.6917 |    0.5661 |   3.00e-04 |     
    2 |     0.2491 |     0.6986 |    0.5752 |     0.2503 |     0.7064 |    0.5831 |   3.00e-04 |     
    3 |     0.2238 |     0.7274 |    0.6082 |     0.2261 |     0.7490 |    0.6315 |   3.00e-04 |     
    4 |     0.2124 |     0.7413 |    0.6243 |     0.1852 |     0.7780 |    0.6672 |   2.99e-04 |     
    5 |     0.2062 |     0.7480 |    0.6318 |     0.1901 |     0.7618 |    0.6483 |   2.98e-04 |     
    6 |     0.2002 |     0.7563 |    0.6416 |     0.1824 |     0.7892 |    0.6820 |   2.97e-04 |     
    7 |     0.1965 |     0.7605 |    0.6471 |     0.1870 |     0.7776 |    0.6673 |   2.96e-04 |     
    8 |     0.1919 |     0.7663 |    0.6535 |     0.1781 |     0.7828 |    0.6722 |   2.94e-04 |     
    9 |     0.1907 |     0.7670 |    0.6549 |     0.1861 |     0.7859 |    0.6771 |   2.92e-04 |     
   10 |     0.1887 |     0.7700 |    0.6581 |     0.1904 |     0.7618 |    0.6500 |   2.91e-04 |     
   11 |     0.1847 |     0.7742 |    0.6630 |     0.1856 |     0.7791 |    0.6667 |   2.88e-04 |     
   12 |     0.1858 |     0.7730 |    0.6619 |     0.1814 |     0.7792 |    0.6699 |   2.86e-04 |     
   13 |     0.1827 |     0.7778 |    0.6673 |     0.1897 |     0.7836 |    0.6741 |   2.83e-04 |     
   14 |     0.1817 |     0.7785 |    0.6690 |     0.1761 |     0.7925 |    0.6846 |   2.80e-04 |     
   15 |     0.1790 |     0.7817 |    0.6727 |     0.1662 |     0.7947 |    0.6887 |   2.77e-04 |     
   16 |     0.1777 |     0.7832 |    0.6748 |     0.1662 |     0.7984 |    0.6933 |   2.74e-04 |     
   17 |     0.1747 |     0.7868 |    0.6787 |     0.1849 |     0.7656 |    0.6528 |   2.71e-04 |     
   18 |     0.1751 |     0.7880 |    0.6794 |     0.1706 |     0.7853 |    0.6776 |   2.67e-04 |     
   19 |     0.1727 |     0.7889 |    0.6813 |     0.1837 |     0.7750 |    0.6655 |   2.63e-04 |     
   20 |     0.1748 |     0.7871 |    0.6790 |     0.1670 |     0.7913 |    0.6862 |   2.59e-04 |     
   21 |     0.1711 |     0.7912 |    0.6837 |     0.1725 |     0.8030 |    0.6988 |   2.55e-04 |     
   22 |     0.1732 |     0.7894 |    0.6818 |     0.1654 |     0.7979 |    0.6947 |   2.51e-04 |     
   23 |     0.1690 |     0.7939 |    0.6878 |     0.1653 |     0.8044 |    0.7012 |   2.46e-04 |     
   24 |     0.1692 |     0.7944 |    0.6884 |     0.1686 |     0.7933 |    0.6847 |   2.42e-04 |     
   25 |     0.1648 |     0.7995 |    0.6940 |     0.1722 |     0.8021 |    0.6982 |   2.37e-04 |     
   26 |     0.1673 |     0.7963 |    0.6902 |     0.1664 |     0.8008 |    0.6962 |   2.32e-04 |     
   27 |     0.1629 |     0.8018 |    0.6970 |     0.1634 |     0.8048 |    0.7008 |   2.27e-04 |     
   28 |     0.1638 |     0.8013 |    0.6962 |     0.1968 |     0.7849 |    0.6766 |   2.22e-04 |     
   29 |     0.1665 |     0.7976 |    0.6924 |     0.1610 |     0.8024 |    0.6985 |   2.17e-04 |     
   30 |     0.1612 |     0.8048 |    0.7005 |     0.1603 |     0.7992 |    0.6949 |   2.11e-04 |     
   31 |     0.1582 |     0.8077 |    0.7041 |     0.1578 |     0.8066 |    0.7026 |   2.06e-04 |     
   32 |     0.1589 |     0.8063 |    0.7028 |     0.1762 |     0.7959 |    0.6925 |   2.00e-04 |     
   33 |     0.1578 |     0.8089 |    0.7056 |     0.1652 |     0.8056 |    0.7026 |   1.94e-04 |     
   34 |     0.1562 |     0.8101 |    0.7078 |     0.1586 |     0.8105 |    0.7098 |   1.89e-04 |     
   35 |     0.1559 |     0.8105 |    0.7081 |     0.1568 |     0.8093 |    0.7075 |   1.83e-04 |     
   36 |     0.1542 |     0.8127 |    0.7110 |     0.1550 |     0.8109 |    0.7091 |   1.77e-04 |     
   37 |     0.1534 |     0.8141 |    0.7124 |     0.1591 |     0.8011 |    0.6973 |   1.71e-04 |     
   38 |     0.1522 |     0.8143 |    0.7129 |     0.1619 |     0.8121 |    0.7118 |   1.65e-04 |     
   39 |     0.1510 |     0.8165 |    0.7157 |     0.1714 |     0.8063 |    0.7036 |   1.59e-04 |     
   40 |     0.1508 |     0.8159 |    0.7151 |     0.1523 |     0.8161 |    0.7173 |   1.53e-04 |     
   41 |     0.1486 |     0.8196 |    0.7188 |     0.2507 |     0.7752 |    0.6614 |   1.48e-04 |     
   42 |     0.1499 |     0.8174 |    0.7165 |     0.1519 |     0.8120 |    0.7104 |   1.42e-04 |     
   43 |     0.1456 |     0.8228 |    0.7232 |     0.1570 |     0.8040 |    0.6995 |   1.36e-04 |     
   44 |     0.1442 |     0.8248 |    0.7254 |     0.1531 |     0.8194 |    0.7199 |   1.30e-04 |     
   45 |     0.1446 |     0.8239 |    0.7247 |     0.1548 |     0.8151 |    0.7141 |   1.24e-04 |     
   46 |     0.1437 |     0.8250 |    0.7259 |     0.1547 |     0.8179 |    0.7182 |   1.18e-04 |     
   47 |     0.1418 |     0.8271 |    0.7291 |     0.1561 |     0.8163 |    0.7159 |   1.12e-04 |     
   48 |     0.1408 |     0.8287 |    0.7309 |     0.1505 |     0.8182 |    0.7195 |   1.07e-04 |     
   49 |     0.1393 |     0.8313 |    0.7338 |     0.1512 |     0.8180 |    0.7193 |   1.01e-04 |     
   50 |     0.1385 |     0.8316 |    0.7343 |     0.1496 |     0.8227 |    0.7242 |   9.54e-05 |     
   51 |     0.1369 |     0.8340 |    0.7374 |     0.1510 |     0.8192 |    0.7206 |   8.99e-05 |     
   52 |     0.1354 |     0.8360 |    0.7400 |     0.1484 |     0.8216 |    0.7227 |   8.45e-05 |     
   53 |     0.1340 |     0.8378 |    0.7421 |     0.1490 |     0.8214 |    0.7235 |   7.92e-05 |     
   54 |     0.1341 |     0.8371 |    0.7420 |     0.1546 |     0.8198 |    0.7215 |   7.40e-05 |     
   55 |     0.1330 |     0.8384 |    0.7432 |     0.1543 |     0.8231 |    0.7254 |   6.90e-05 |    *
   56 |     0.1311 |     0.8414 |    0.7470 |     0.1507 |     0.8190 |    0.7204 |   6.41e-05 |     
--- R2 plus final-map regional overlap: global validation statistics ---
up4: ca=0.8637+/-0.1137, sa=1.0029+/-0.0042, amp=0.0000, suppress=0.0000, guide_abs=0.2596
up4 residuals: local_mean=1.948e-02, global_mean=0.0132, local_strength=0.0737, global_strength=0.1100, gain=[0.9796,1.0150], saturation=0.0000, text_film=0.0048
up4 haar: reconstruction_error=4.768e-07, skip_low/high=0.7965/0.2035, plam_low/high=1.0000/0.0000
up4 strengths: plam=0.9517, region=0.0737, detail=0.1100; residual_std region/detail/refine=0.0236/0.6446/0.6111
up4 guide_mix: entropy=0.9810, raw_low=0.3403, plam_low=0.2338, decoder_low=0.2466, detail=0.1793; agreement plam/decoder=0.9809/0.8191, support=0.4345+/-0.0000
up4 adaptive_frequency: ALPF strength=0.2630, weights=0.1439/0.7176/0.1385, sum=1.0000, entropy=0.7184, delta_std=0.0885; AHPF strength=0.0706, weights=0.3850/0.4498/0.1652, sum=1.0000, entropy=0.9299, residual_std=0.1106, scaled_std=0.0078
up3: ca=0.9967+/-0.1558, sa=1.0083+/-0.0058, amp=0.0000, suppress=0.0000, guide_abs=0.2656
up3 residuals: local_mean=2.700e-02, global_mean=0.0422, local_strength=0.1116, global_strength=0.1238, gain=[0.9860,1.0400], saturation=0.0673, text_film=0.0224
up3 haar: reconstruction_error=9.537e-07, skip_low/high=0.7477/0.2523, plam_low/high=1.0000/0.0000
up3 strengths: plam=0.9063, region=0.1116, detail=0.1238; residual_std region/detail/refine=0.3846/0.6004/0.5009
up3 guide_mix: entropy=0.9831, raw_low=0.3198, plam_low=0.2109, decoder_low=0.2834, detail=0.1859; agreement plam/decoder=0.7206/0.2795, support=0.7976+/-0.0989
up3 adaptive_frequency: ALPF strength=0.3131, weights=0.1174/0.3452/0.5374, sum=1.0000, entropy=0.7420, delta_std=0.0806; AHPF strength=0.1254, weights=0.6595/0.1570/0.1834, sum=1.0000, entropy=0.6895, residual_std=0.0923, scaled_std=0.0116
up2: ca=0.8716+/-0.1516, sa=1.0021+/-0.0031, amp=0.0000, suppress=0.0000, guide_abs=0.3100
up2 residuals: local_mean=-1.483e-02, global_mean=0.0344, local_strength=0.1194, global_strength=0.1125, gain=[0.9688,1.0413], saturation=0.0000, text_film=0.0241
up2 haar: reconstruction_error=9.537e-07, skip_low/high=0.7984/0.2016, plam_low/high=1.0000/0.0000
up2 strengths: plam=0.8154, region=0.1194, detail=0.1125; residual_std region/detail/refine=0.2486/0.3000/0.1439
up2 guide_mix: entropy=0.9613, raw_low=0.3314, plam_low=0.1840, decoder_low=0.3291, detail=0.1555; agreement plam/decoder=0.3395/-0.1931, support=0.6030+/-0.0592
up1: ca=0.8485+/-0.1169, sa=1.0074+/-0.0128, amp=0.0000, suppress=0.0000, guide_abs=0.2383
up1 residuals: local_mean=-8.141e-03, global_mean=0.0868, local_strength=0.1296, global_strength=0.0991, gain=[0.9051,1.0953], saturation=0.0059, text_film=0.0397
up1 haar: reconstruction_error=1.431e-06, skip_low/high=0.7233/0.2767, plam_low/high=1.0000/0.0000
up1 strengths: plam=0.9067, region=0.1296, detail=0.0991; residual_std region/detail/refine=0.3348/0.3917/0.2006
up1 guide_mix: entropy=0.9408, raw_low=0.2852, plam_low=0.2121, decoder_low=0.3865, detail=0.1162; agreement plam/decoder=0.2871/0.0071, support=0.6358+/-0.0914

========= Epoch [57/80] =========
RS1_Test_session_09.12_17h44
Training with batch size : 16
   [Train] Epoch: [57][20/357]  Loss:0.088 (Avg 0.1314) IoU:0.827 (Avg 0.7413) Dice:0.9002 (Avg 0.8376) LR 5.93e-05   (AvgTime 0.6)   
   [Train] Epoch: [57][40/357]  Loss:0.174 (Avg 0.1317) IoU:0.679 (Avg 0.7446) Dice:0.7880 (Avg 0.8393) LR 5.93e-05   (AvgTime 0.5)   
   [Train] Epoch: [57][60/357]  Loss:0.160 (Avg 0.1342) IoU:0.690 (Avg 0.7400) Dice:0.7986 (Avg 0.8354) LR 5.93e-05   (AvgTime 0.5)   
   [Train] Epoch: [57][80/357]  Loss:0.149 (Avg 0.1301) IoU:0.712 (Avg 0.7476) Dice:0.8221 (Avg 0.8420) LR 5.93e-05   (AvgTime 0.5)   
   [Train] Epoch: [57][100/357]  Loss:0.110 (Avg 0.1288) IoU:0.769 (Avg 0.7493) Dice:0.8643 (Avg 0.8434) LR 5.93e-05   (AvgTime 0.5)   
   [Train] Epoch: [57][120/357]  Loss:0.130 (Avg 0.1303) IoU:0.770 (Avg 0.7474) Dice:0.8581 (Avg 0.8416) LR 5.93e-05   (AvgTime 0.5)   
   [Train] Epoch: [57][140/357]  Loss:0.133 (Avg 0.1297) IoU:0.719 (Avg 0.7479) Dice:0.8264 (Avg 0.8420) LR 5.93e-05   (AvgTime 0.5)   
   [Train] Epoch: [57][160/357]  Loss:0.110 (Avg 0.1308) IoU:0.779 (Avg 0.7465) Dice:0.8679 (Avg 0.8408) LR 5.93e-05   (AvgTime 0.5)   
   [Train] Epoch: [57][180/357]  Loss:0.095 (Avg 0.1308) IoU:0.815 (Avg 0.7462) Dice:0.8912 (Avg 0.8407) LR 5.93e-05   (AvgTime 0.5)   
   [Train] Epoch: [57][200/357]  Loss:0.096 (Avg 0.1306) IoU:0.793 (Avg 0.7469) Dice:0.8794 (Avg 0.8411) LR 5.93e-05   (AvgTime 0.5)   
   [Train] Epoch: [57][220/357]  Loss:0.176 (Avg 0.1303) IoU:0.659 (Avg 0.7475) Dice:0.7653 (Avg 0.8416) LR 5.93e-05   (AvgTime 0.5)   
   [Train] Epoch: [57][240/357]  Loss:0.133 (Avg 0.1301) IoU:0.767 (Avg 0.7476) Dice:0.8598 (Avg 0.8418) LR 5.93e-05   (AvgTime 0.5)   
   [Train] Epoch: [57][260/357]  Loss:0.106 (Avg 0.1298) IoU:0.783 (Avg 0.7482) Dice:0.8675 (Avg 0.8423) LR 5.93e-05   (AvgTime 0.5)   
   [Train] Epoch: [57][280/357]  Loss:0.156 (Avg 0.1301) IoU:0.725 (Avg 0.7479) Dice:0.8303 (Avg 0.8422) LR 5.93e-05   (AvgTime 0.5)   
   [Train] Epoch: [57][300/357]  Loss:0.112 (Avg 0.1295) IoU:0.771 (Avg 0.7491) Dice:0.8580 (Avg 0.8431) LR 5.93e-05   (AvgTime 0.5)   
   [Train] Epoch: [57][320/357]  Loss:0.117 (Avg 0.1289) IoU:0.759 (Avg 0.7499) Dice:0.8490 (Avg 0.8437) LR 5.93e-05   (AvgTime 0.5)   
   [Train] Epoch: [57][340/357]  Loss:0.101 (Avg 0.1291) IoU:0.795 (Avg 0.7497) Dice:0.8797 (Avg 0.8436) LR 5.93e-05   (AvgTime 0.5)   
   [Train] Epoch: [57][357/357]  Loss:0.126 (Avg 0.1291) IoU:0.744 (Avg 0.7496) Dice:0.8444 (Avg 0.8435) LR 5.93e-05   (AvgTime 0.5)   
   [Train] Loss components: main_dice=0.129453, main_focal=0.043812, main=0.086633, region_raw=0.330830, region_weighted=0.042450, empty_window_fraction=0.000000, total=0.129082
Validation
   [Val] Epoch: [57][20/90]  Loss:0.182 (Avg 0.1588) IoU:0.692 (Avg 0.7242) Dice:0.8078 (Avg 0.8250) (AvgTime 0.3)   
   [Val] Epoch: [57][40/90]  Loss:0.136 (Avg 0.1627) IoU:0.732 (Avg 0.7133) Dice:0.8376 (Avg 0.8146) (AvgTime 0.2)   
   [Val] Epoch: [57][60/90]  Loss:0.195 (Avg 0.1535) IoU:0.648 (Avg 0.7240) Dice:0.7571 (Avg 0.8216) (AvgTime 0.2)   
   [Val] Epoch: [57][80/90]  Loss:0.147 (Avg 0.1532) IoU:0.720 (Avg 0.7219) Dice:0.8192 (Avg 0.8199) (AvgTime 0.2)   
   [Val] Epoch: [57][90/90]  Loss:0.174 (Avg 0.1528) IoU:0.655 (Avg 0.7228) Dice:0.7770 (Avg 0.8207) (AvgTime 0.2)   
   [Val] Loss components: main_dice=0.148001, main_focal=0.069973, main=0.108987, region_raw=0.341724, region_weighted=0.043847, empty_window_fraction=0.000000, total=0.152834
	 No iou improvement; selected epoch 55
	 early_stopping_count: 2/80
--- Epoch History (1..57) ---
Epoch |  TrainLoss |  TrainDice |  TrainIoU |    ValLoss |    ValDice |    ValIoU |         LR | Best
    1 |     0.3300 |     0.6064 |    0.4771 |     0.2665 |     0.6917 |    0.5661 |   3.00e-04 |     
    2 |     0.2491 |     0.6986 |    0.5752 |     0.2503 |     0.7064 |    0.5831 |   3.00e-04 |     
    3 |     0.2238 |     0.7274 |    0.6082 |     0.2261 |     0.7490 |    0.6315 |   3.00e-04 |     
    4 |     0.2124 |     0.7413 |    0.6243 |     0.1852 |     0.7780 |    0.6672 |   2.99e-04 |     
    5 |     0.2062 |     0.7480 |    0.6318 |     0.1901 |     0.7618 |    0.6483 |   2.98e-04 |     
    6 |     0.2002 |     0.7563 |    0.6416 |     0.1824 |     0.7892 |    0.6820 |   2.97e-04 |     
    7 |     0.1965 |     0.7605 |    0.6471 |     0.1870 |     0.7776 |    0.6673 |   2.96e-04 |     
    8 |     0.1919 |     0.7663 |    0.6535 |     0.1781 |     0.7828 |    0.6722 |   2.94e-04 |     
    9 |     0.1907 |     0.7670 |    0.6549 |     0.1861 |     0.7859 |    0.6771 |   2.92e-04 |     
   10 |     0.1887 |     0.7700 |    0.6581 |     0.1904 |     0.7618 |    0.6500 |   2.91e-04 |     
   11 |     0.1847 |     0.7742 |    0.6630 |     0.1856 |     0.7791 |    0.6667 |   2.88e-04 |     
   12 |     0.1858 |     0.7730 |    0.6619 |     0.1814 |     0.7792 |    0.6699 |   2.86e-04 |     
   13 |     0.1827 |     0.7778 |    0.6673 |     0.1897 |     0.7836 |    0.6741 |   2.83e-04 |     
   14 |     0.1817 |     0.7785 |    0.6690 |     0.1761 |     0.7925 |    0.6846 |   2.80e-04 |     
   15 |     0.1790 |     0.7817 |    0.6727 |     0.1662 |     0.7947 |    0.6887 |   2.77e-04 |     
   16 |     0.1777 |     0.7832 |    0.6748 |     0.1662 |     0.7984 |    0.6933 |   2.74e-04 |     
   17 |     0.1747 |     0.7868 |    0.6787 |     0.1849 |     0.7656 |    0.6528 |   2.71e-04 |     
   18 |     0.1751 |     0.7880 |    0.6794 |     0.1706 |     0.7853 |    0.6776 |   2.67e-04 |     
   19 |     0.1727 |     0.7889 |    0.6813 |     0.1837 |     0.7750 |    0.6655 |   2.63e-04 |     
   20 |     0.1748 |     0.7871 |    0.6790 |     0.1670 |     0.7913 |    0.6862 |   2.59e-04 |     
   21 |     0.1711 |     0.7912 |    0.6837 |     0.1725 |     0.8030 |    0.6988 |   2.55e-04 |     
   22 |     0.1732 |     0.7894 |    0.6818 |     0.1654 |     0.7979 |    0.6947 |   2.51e-04 |     
   23 |     0.1690 |     0.7939 |    0.6878 |     0.1653 |     0.8044 |    0.7012 |   2.46e-04 |     
   24 |     0.1692 |     0.7944 |    0.6884 |     0.1686 |     0.7933 |    0.6847 |   2.42e-04 |     
   25 |     0.1648 |     0.7995 |    0.6940 |     0.1722 |     0.8021 |    0.6982 |   2.37e-04 |     
   26 |     0.1673 |     0.7963 |    0.6902 |     0.1664 |     0.8008 |    0.6962 |   2.32e-04 |     
   27 |     0.1629 |     0.8018 |    0.6970 |     0.1634 |     0.8048 |    0.7008 |   2.27e-04 |     
   28 |     0.1638 |     0.8013 |    0.6962 |     0.1968 |     0.7849 |    0.6766 |   2.22e-04 |     
   29 |     0.1665 |     0.7976 |    0.6924 |     0.1610 |     0.8024 |    0.6985 |   2.17e-04 |     
   30 |     0.1612 |     0.8048 |    0.7005 |     0.1603 |     0.7992 |    0.6949 |   2.11e-04 |     
   31 |     0.1582 |     0.8077 |    0.7041 |     0.1578 |     0.8066 |    0.7026 |   2.06e-04 |     
   32 |     0.1589 |     0.8063 |    0.7028 |     0.1762 |     0.7959 |    0.6925 |   2.00e-04 |     
   33 |     0.1578 |     0.8089 |    0.7056 |     0.1652 |     0.8056 |    0.7026 |   1.94e-04 |     
   34 |     0.1562 |     0.8101 |    0.7078 |     0.1586 |     0.8105 |    0.7098 |   1.89e-04 |     
   35 |     0.1559 |     0.8105 |    0.7081 |     0.1568 |     0.8093 |    0.7075 |   1.83e-04 |     
   36 |     0.1542 |     0.8127 |    0.7110 |     0.1550 |     0.8109 |    0.7091 |   1.77e-04 |     
   37 |     0.1534 |     0.8141 |    0.7124 |     0.1591 |     0.8011 |    0.6973 |   1.71e-04 |     
   38 |     0.1522 |     0.8143 |    0.7129 |     0.1619 |     0.8121 |    0.7118 |   1.65e-04 |     
   39 |     0.1510 |     0.8165 |    0.7157 |     0.1714 |     0.8063 |    0.7036 |   1.59e-04 |     
   40 |     0.1508 |     0.8159 |    0.7151 |     0.1523 |     0.8161 |    0.7173 |   1.53e-04 |     
   41 |     0.1486 |     0.8196 |    0.7188 |     0.2507 |     0.7752 |    0.6614 |   1.48e-04 |     
   42 |     0.1499 |     0.8174 |    0.7165 |     0.1519 |     0.8120 |    0.7104 |   1.42e-04 |     
   43 |     0.1456 |     0.8228 |    0.7232 |     0.1570 |     0.8040 |    0.6995 |   1.36e-04 |     
   44 |     0.1442 |     0.8248 |    0.7254 |     0.1531 |     0.8194 |    0.7199 |   1.30e-04 |     
   45 |     0.1446 |     0.8239 |    0.7247 |     0.1548 |     0.8151 |    0.7141 |   1.24e-04 |     
   46 |     0.1437 |     0.8250 |    0.7259 |     0.1547 |     0.8179 |    0.7182 |   1.18e-04 |     
   47 |     0.1418 |     0.8271 |    0.7291 |     0.1561 |     0.8163 |    0.7159 |   1.12e-04 |     
   48 |     0.1408 |     0.8287 |    0.7309 |     0.1505 |     0.8182 |    0.7195 |   1.07e-04 |     
   49 |     0.1393 |     0.8313 |    0.7338 |     0.1512 |     0.8180 |    0.7193 |   1.01e-04 |     
   50 |     0.1385 |     0.8316 |    0.7343 |     0.1496 |     0.8227 |    0.7242 |   9.54e-05 |     
   51 |     0.1369 |     0.8340 |    0.7374 |     0.1510 |     0.8192 |    0.7206 |   8.99e-05 |     
   52 |     0.1354 |     0.8360 |    0.7400 |     0.1484 |     0.8216 |    0.7227 |   8.45e-05 |     
   53 |     0.1340 |     0.8378 |    0.7421 |     0.1490 |     0.8214 |    0.7235 |   7.92e-05 |     
   54 |     0.1341 |     0.8371 |    0.7420 |     0.1546 |     0.8198 |    0.7215 |   7.40e-05 |     
   55 |     0.1330 |     0.8384 |    0.7432 |     0.1543 |     0.8231 |    0.7254 |   6.90e-05 |    *
   56 |     0.1311 |     0.8414 |    0.7470 |     0.1507 |     0.8190 |    0.7204 |   6.41e-05 |     
   57 |     0.1291 |     0.8435 |    0.7496 |     0.1528 |     0.8207 |    0.7228 |   5.93e-05 |     
--- R2 plus final-map regional overlap: global validation statistics ---
up4: ca=0.8646+/-0.1118, sa=1.0033+/-0.0038, amp=0.0000, suppress=0.0000, guide_abs=0.2654
up4 residuals: local_mean=1.987e-02, global_mean=0.0162, local_strength=0.0737, global_strength=0.1100, gain=[0.9825,1.0140], saturation=0.0000, text_film=0.0048
up4 haar: reconstruction_error=9.537e-07, skip_low/high=0.7945/0.2055, plam_low/high=1.0000/0.0000
up4 strengths: plam=0.9517, region=0.0737, detail=0.1100; residual_std region/detail/refine=0.0231/0.6327/0.6003
up4 guide_mix: entropy=0.9814, raw_low=0.3407, plam_low=0.2316, decoder_low=0.2457, detail=0.1819; agreement plam/decoder=0.9743/0.9546, support=0.4354+/-0.0000
up4 adaptive_frequency: ALPF strength=0.2631, weights=0.1455/0.7167/0.1378, sum=1.0000, entropy=0.7196, delta_std=0.0846; AHPF strength=0.0706, weights=0.3860/0.4486/0.1653, sum=1.0000, entropy=0.9302, residual_std=0.1084, scaled_std=0.0077
up3: ca=0.9975+/-0.1576, sa=1.0083+/-0.0058, amp=0.0000, suppress=0.0000, guide_abs=0.2554
up3 residuals: local_mean=2.548e-02, global_mean=0.0436, local_strength=0.1116, global_strength=0.1238, gain=[0.9881,1.0406], saturation=0.0518, text_film=0.0220
up3 haar: reconstruction_error=9.537e-07, skip_low/high=0.7492/0.2508, plam_low/high=1.0000/0.0000
up3 strengths: plam=0.9062, region=0.1116, detail=0.1238; residual_std region/detail/refine=0.3793/0.5987/0.5026
up3 guide_mix: entropy=0.9816, raw_low=0.3266, plam_low=0.2020, decoder_low=0.2819, detail=0.1896; agreement plam/decoder=0.7003/0.2983, support=0.7827+/-0.1006
up3 adaptive_frequency: ALPF strength=0.3135, weights=0.1263/0.3486/0.5251, sum=1.0000, entropy=0.7438, delta_std=0.0776; AHPF strength=0.1255, weights=0.6218/0.1674/0.2108, sum=1.0000, entropy=0.7252, residual_std=0.0991, scaled_std=0.0124
up2: ca=0.8776+/-0.1283, sa=1.0021+/-0.0032, amp=0.0000, suppress=0.0000, guide_abs=0.3097
up2 residuals: local_mean=-1.497e-02, global_mean=0.0344, local_strength=0.1195, global_strength=0.1125, gain=[0.9697,1.0403], saturation=0.0000, text_film=0.0250
up2 haar: reconstruction_error=9.537e-07, skip_low/high=0.7914/0.2086, plam_low/high=1.0000/0.0000
up2 strengths: plam=0.8149, region=0.1195, detail=0.1125; residual_std region/detail/refine=0.2593/0.3023/0.1425
up2 guide_mix: entropy=0.9586, raw_low=0.3386, plam_low=0.1714, decoder_low=0.3289, detail=0.1611; agreement plam/decoder=0.3126/-0.1733, support=0.5997+/-0.0647
up1: ca=0.8501+/-0.1144, sa=1.0075+/-0.0128, amp=0.0000, suppress=0.0000, guide_abs=0.2519
up1 residuals: local_mean=-7.257e-03, global_mean=0.0871, local_strength=0.1296, global_strength=0.0991, gain=[0.9049,1.0955], saturation=0.0071, text_film=0.0391
up1 haar: reconstruction_error=1.431e-06, skip_low/high=0.7187/0.2813, plam_low/high=1.0000/0.0000
up1 strengths: plam=0.9065, region=0.1296, detail=0.0991; residual_std region/detail/refine=0.3164/0.3909/0.2009
up1 guide_mix: entropy=0.9353, raw_low=0.2814, plam_low=0.1985, decoder_low=0.4018, detail=0.1183; agreement plam/decoder=0.3568/0.0384, support=0.6375+/-0.0881

========= Epoch [58/80] =========
RS1_Test_session_09.12_17h44
Training with batch size : 16
   [Train] Epoch: [58][20/357]  Loss:0.182 (Avg 0.1397) IoU:0.651 (Avg 0.7325) Dice:0.7594 (Avg 0.8290) LR 5.47e-05   (AvgTime 0.6)   
   [Train] Epoch: [58][40/357]  Loss:0.126 (Avg 0.1319) IoU:0.780 (Avg 0.7464) Dice:0.8715 (Avg 0.8402) LR 5.47e-05   (AvgTime 0.5)   
   [Train] Epoch: [58][60/357]  Loss:0.167 (Avg 0.1324) IoU:0.733 (Avg 0.7461) Dice:0.8253 (Avg 0.8401) LR 5.47e-05   (AvgTime 0.5)   
   [Train] Epoch: [58][80/357]  Loss:0.141 (Avg 0.1291) IoU:0.717 (Avg 0.7509) Dice:0.8275 (Avg 0.8444) LR 5.47e-05   (AvgTime 0.5)   
   [Train] Epoch: [58][100/357]  Loss:0.117 (Avg 0.1280) IoU:0.788 (Avg 0.7531) Dice:0.8690 (Avg 0.8458) LR 5.47e-05   (AvgTime 0.5)   
   [Train] Epoch: [58][120/357]  Loss:0.121 (Avg 0.1271) IoU:0.778 (Avg 0.7538) Dice:0.8555 (Avg 0.8464) LR 5.47e-05   (AvgTime 0.5)   
   [Train] Epoch: [58][140/357]  Loss:0.092 (Avg 0.1272) IoU:0.810 (Avg 0.7541) Dice:0.8925 (Avg 0.8465) LR 5.47e-05   (AvgTime 0.5)   
   [Train] Epoch: [58][160/357]  Loss:0.133 (Avg 0.1272) IoU:0.743 (Avg 0.7537) Dice:0.8409 (Avg 0.8464) LR 5.47e-05   (AvgTime 0.5)   
   [Train] Epoch: [58][180/357]  Loss:0.129 (Avg 0.1277) IoU:0.758 (Avg 0.7522) Dice:0.8501 (Avg 0.8453) LR 5.47e-05   (AvgTime 0.5)   
   [Train] Epoch: [58][200/357]  Loss:0.104 (Avg 0.1274) IoU:0.800 (Avg 0.7523) Dice:0.8823 (Avg 0.8453) LR 5.47e-05   (AvgTime 0.5)   
   [Train] Epoch: [58][220/357]  Loss:0.118 (Avg 0.1273) IoU:0.772 (Avg 0.7525) Dice:0.8606 (Avg 0.8454) LR 5.47e-05   (AvgTime 0.5)   
   [Train] Epoch: [58][240/357]  Loss:0.115 (Avg 0.1282) IoU:0.778 (Avg 0.7507) Dice:0.8588 (Avg 0.8441) LR 5.47e-05   (AvgTime 0.5)   
   [Train] Epoch: [58][260/357]  Loss:0.114 (Avg 0.1280) IoU:0.777 (Avg 0.7511) Dice:0.8693 (Avg 0.8445) LR 5.47e-05   (AvgTime 0.5)   
   [Train] Epoch: [58][280/357]  Loss:0.135 (Avg 0.1285) IoU:0.752 (Avg 0.7501) Dice:0.8445 (Avg 0.8438) LR 5.47e-05   (AvgTime 0.5)   
   [Train] Epoch: [58][300/357]  Loss:0.123 (Avg 0.1278) IoU:0.748 (Avg 0.7515) Dice:0.8352 (Avg 0.8449) LR 5.47e-05   (AvgTime 0.5)   
   [Train] Epoch: [58][320/357]  Loss:0.134 (Avg 0.1276) IoU:0.735 (Avg 0.7519) Dice:0.8275 (Avg 0.8453) LR 5.47e-05   (AvgTime 0.5)   
   [Train] Epoch: [58][340/357]  Loss:0.112 (Avg 0.1275) IoU:0.773 (Avg 0.7522) Dice:0.8660 (Avg 0.8455) LR 5.47e-05   (AvgTime 0.5)   
   [Train] Epoch: [58][357/357]  Loss:0.095 (Avg 0.1273) IoU:0.804 (Avg 0.7526) Dice:0.8871 (Avg 0.8458) LR 5.47e-05   (AvgTime 0.5)   
   [Train] Loss components: main_dice=0.127488, main_focal=0.043210, main=0.085349, region_raw=0.327167, region_weighted=0.041979, empty_window_fraction=0.000000, total=0.127329
Validation
   [Val] Epoch: [58][20/90]  Loss:0.186 (Avg 0.1599) IoU:0.681 (Avg 0.7212) Dice:0.7952 (Avg 0.8216) (AvgTime 0.3)   
   [Val] Epoch: [58][40/90]  Loss:0.136 (Avg 0.1651) IoU:0.729 (Avg 0.7091) Dice:0.8334 (Avg 0.8102) (AvgTime 0.2)   
   [Val] Epoch: [58][60/90]  Loss:0.199 (Avg 0.1543) IoU:0.648 (Avg 0.7210) Dice:0.7573 (Avg 0.8185) (AvgTime 0.2)   
   [Val] Epoch: [58][80/90]  Loss:0.165 (Avg 0.1523) IoU:0.688 (Avg 0.7214) Dice:0.7885 (Avg 0.8193) (AvgTime 0.2)   
   [Val] Epoch: [58][90/90]  Loss:0.184 (Avg 0.1523) IoU:0.646 (Avg 0.7218) Dice:0.7667 (Avg 0.8196) (AvgTime 0.2)   
   [Val] Loss components: main_dice=0.150020, main_focal=0.068073, main=0.109047, region_raw=0.337175, region_weighted=0.043264, empty_window_fraction=0.000000, total=0.152310
	 No iou improvement; selected epoch 55
	 early_stopping_count: 3/80
--- Epoch History (1..58) ---
Epoch |  TrainLoss |  TrainDice |  TrainIoU |    ValLoss |    ValDice |    ValIoU |         LR | Best
    1 |     0.3300 |     0.6064 |    0.4771 |     0.2665 |     0.6917 |    0.5661 |   3.00e-04 |     
    2 |     0.2491 |     0.6986 |    0.5752 |     0.2503 |     0.7064 |    0.5831 |   3.00e-04 |     
    3 |     0.2238 |     0.7274 |    0.6082 |     0.2261 |     0.7490 |    0.6315 |   3.00e-04 |     
    4 |     0.2124 |     0.7413 |    0.6243 |     0.1852 |     0.7780 |    0.6672 |   2.99e-04 |     
    5 |     0.2062 |     0.7480 |    0.6318 |     0.1901 |     0.7618 |    0.6483 |   2.98e-04 |     
    6 |     0.2002 |     0.7563 |    0.6416 |     0.1824 |     0.7892 |    0.6820 |   2.97e-04 |     
    7 |     0.1965 |     0.7605 |    0.6471 |     0.1870 |     0.7776 |    0.6673 |   2.96e-04 |     
    8 |     0.1919 |     0.7663 |    0.6535 |     0.1781 |     0.7828 |    0.6722 |   2.94e-04 |     
    9 |     0.1907 |     0.7670 |    0.6549 |     0.1861 |     0.7859 |    0.6771 |   2.92e-04 |     
   10 |     0.1887 |     0.7700 |    0.6581 |     0.1904 |     0.7618 |    0.6500 |   2.91e-04 |     
   11 |     0.1847 |     0.7742 |    0.6630 |     0.1856 |     0.7791 |    0.6667 |   2.88e-04 |     
   12 |     0.1858 |     0.7730 |    0.6619 |     0.1814 |     0.7792 |    0.6699 |   2.86e-04 |     
   13 |     0.1827 |     0.7778 |    0.6673 |     0.1897 |     0.7836 |    0.6741 |   2.83e-04 |     
   14 |     0.1817 |     0.7785 |    0.6690 |     0.1761 |     0.7925 |    0.6846 |   2.80e-04 |     
   15 |     0.1790 |     0.7817 |    0.6727 |     0.1662 |     0.7947 |    0.6887 |   2.77e-04 |     
   16 |     0.1777 |     0.7832 |    0.6748 |     0.1662 |     0.7984 |    0.6933 |   2.74e-04 |     
   17 |     0.1747 |     0.7868 |    0.6787 |     0.1849 |     0.7656 |    0.6528 |   2.71e-04 |     
   18 |     0.1751 |     0.7880 |    0.6794 |     0.1706 |     0.7853 |    0.6776 |   2.67e-04 |     
   19 |     0.1727 |     0.7889 |    0.6813 |     0.1837 |     0.7750 |    0.6655 |   2.63e-04 |     
   20 |     0.1748 |     0.7871 |    0.6790 |     0.1670 |     0.7913 |    0.6862 |   2.59e-04 |     
   21 |     0.1711 |     0.7912 |    0.6837 |     0.1725 |     0.8030 |    0.6988 |   2.55e-04 |     
   22 |     0.1732 |     0.7894 |    0.6818 |     0.1654 |     0.7979 |    0.6947 |   2.51e-04 |     
   23 |     0.1690 |     0.7939 |    0.6878 |     0.1653 |     0.8044 |    0.7012 |   2.46e-04 |     
   24 |     0.1692 |     0.7944 |    0.6884 |     0.1686 |     0.7933 |    0.6847 |   2.42e-04 |     
   25 |     0.1648 |     0.7995 |    0.6940 |     0.1722 |     0.8021 |    0.6982 |   2.37e-04 |     
   26 |     0.1673 |     0.7963 |    0.6902 |     0.1664 |     0.8008 |    0.6962 |   2.32e-04 |     
   27 |     0.1629 |     0.8018 |    0.6970 |     0.1634 |     0.8048 |    0.7008 |   2.27e-04 |     
   28 |     0.1638 |     0.8013 |    0.6962 |     0.1968 |     0.7849 |    0.6766 |   2.22e-04 |     
   29 |     0.1665 |     0.7976 |    0.6924 |     0.1610 |     0.8024 |    0.6985 |   2.17e-04 |     
   30 |     0.1612 |     0.8048 |    0.7005 |     0.1603 |     0.7992 |    0.6949 |   2.11e-04 |     
   31 |     0.1582 |     0.8077 |    0.7041 |     0.1578 |     0.8066 |    0.7026 |   2.06e-04 |     
   32 |     0.1589 |     0.8063 |    0.7028 |     0.1762 |     0.7959 |    0.6925 |   2.00e-04 |     
   33 |     0.1578 |     0.8089 |    0.7056 |     0.1652 |     0.8056 |    0.7026 |   1.94e-04 |     
   34 |     0.1562 |     0.8101 |    0.7078 |     0.1586 |     0.8105 |    0.7098 |   1.89e-04 |     
   35 |     0.1559 |     0.8105 |    0.7081 |     0.1568 |     0.8093 |    0.7075 |   1.83e-04 |     
   36 |     0.1542 |     0.8127 |    0.7110 |     0.1550 |     0.8109 |    0.7091 |   1.77e-04 |     
   37 |     0.1534 |     0.8141 |    0.7124 |     0.1591 |     0.8011 |    0.6973 |   1.71e-04 |     
   38 |     0.1522 |     0.8143 |    0.7129 |     0.1619 |     0.8121 |    0.7118 |   1.65e-04 |     
   39 |     0.1510 |     0.8165 |    0.7157 |     0.1714 |     0.8063 |    0.7036 |   1.59e-04 |     
   40 |     0.1508 |     0.8159 |    0.7151 |     0.1523 |     0.8161 |    0.7173 |   1.53e-04 |     
   41 |     0.1486 |     0.8196 |    0.7188 |     0.2507 |     0.7752 |    0.6614 |   1.48e-04 |     
   42 |     0.1499 |     0.8174 |    0.7165 |     0.1519 |     0.8120 |    0.7104 |   1.42e-04 |     
   43 |     0.1456 |     0.8228 |    0.7232 |     0.1570 |     0.8040 |    0.6995 |   1.36e-04 |     
   44 |     0.1442 |     0.8248 |    0.7254 |     0.1531 |     0.8194 |    0.7199 |   1.30e-04 |     
   45 |     0.1446 |     0.8239 |    0.7247 |     0.1548 |     0.8151 |    0.7141 |   1.24e-04 |     
   46 |     0.1437 |     0.8250 |    0.7259 |     0.1547 |     0.8179 |    0.7182 |   1.18e-04 |     
   47 |     0.1418 |     0.8271 |    0.7291 |     0.1561 |     0.8163 |    0.7159 |   1.12e-04 |     
   48 |     0.1408 |     0.8287 |    0.7309 |     0.1505 |     0.8182 |    0.7195 |   1.07e-04 |     
   49 |     0.1393 |     0.8313 |    0.7338 |     0.1512 |     0.8180 |    0.7193 |   1.01e-04 |     
   50 |     0.1385 |     0.8316 |    0.7343 |     0.1496 |     0.8227 |    0.7242 |   9.54e-05 |     
   51 |     0.1369 |     0.8340 |    0.7374 |     0.1510 |     0.8192 |    0.7206 |   8.99e-05 |     
   52 |     0.1354 |     0.8360 |    0.7400 |     0.1484 |     0.8216 |    0.7227 |   8.45e-05 |     
   53 |     0.1340 |     0.8378 |    0.7421 |     0.1490 |     0.8214 |    0.7235 |   7.92e-05 |     
   54 |     0.1341 |     0.8371 |    0.7420 |     0.1546 |     0.8198 |    0.7215 |   7.40e-05 |     
   55 |     0.1330 |     0.8384 |    0.7432 |     0.1543 |     0.8231 |    0.7254 |   6.90e-05 |    *
   56 |     0.1311 |     0.8414 |    0.7470 |     0.1507 |     0.8190 |    0.7204 |   6.41e-05 |     
   57 |     0.1291 |     0.8435 |    0.7496 |     0.1528 |     0.8207 |    0.7228 |   5.93e-05 |     
   58 |     0.1273 |     0.8458 |    0.7526 |     0.1523 |     0.8196 |    0.7218 |   5.47e-05 |     
--- R2 plus final-map regional overlap: global validation statistics ---
up4: ca=0.8660+/-0.1082, sa=1.0027+/-0.0042, amp=0.0000, suppress=0.0000, guide_abs=0.2755
up4 residuals: local_mean=1.948e-02, global_mean=0.0111, local_strength=0.0737, global_strength=0.1101, gain=[0.9808,1.0147], saturation=0.0000, text_film=0.0048
up4 haar: reconstruction_error=9.537e-07, skip_low/high=0.7914/0.2086, plam_low/high=1.0000/0.0000
up4 strengths: plam=0.9514, region=0.0737, detail=0.1101; residual_std region/detail/refine=0.0228/0.6447/0.6113
up4 guide_mix: entropy=0.9815, raw_low=0.3430, plam_low=0.2342, decoder_low=0.2383, detail=0.1846; agreement plam/decoder=0.9744/0.9727, support=0.4355+/-0.0000
up4 adaptive_frequency: ALPF strength=0.2632, weights=0.1475/0.7150/0.1375, sum=1.0000, entropy=0.7220, delta_std=0.0840; AHPF strength=0.0706, weights=0.3861/0.4485/0.1654, sum=1.0000, entropy=0.9300, residual_std=0.1113, scaled_std=0.0079
up3: ca=1.0058+/-0.1516, sa=1.0082+/-0.0058, amp=0.0000, suppress=0.0000, guide_abs=0.2615
up3 residuals: local_mean=2.551e-02, global_mean=0.0428, local_strength=0.1116, global_strength=0.1239, gain=[0.9860,1.0415], saturation=0.0640, text_film=0.0220
up3 haar: reconstruction_error=9.537e-07, skip_low/high=0.7445/0.2555, plam_low/high=1.0000/0.0000
up3 strengths: plam=0.9061, region=0.1116, detail=0.1239; residual_std region/detail/refine=0.3741/0.6041/0.5052
up3 guide_mix: entropy=0.9839, raw_low=0.3250, plam_low=0.2098, decoder_low=0.2740, detail=0.1912; agreement plam/decoder=0.7002/0.2998, support=0.7931+/-0.0996
up3 adaptive_frequency: ALPF strength=0.3138, weights=0.1222/0.3350/0.5427, sum=1.0000, entropy=0.7472, delta_std=0.0759; AHPF strength=0.1256, weights=0.6348/0.1586/0.2067, sum=1.0000, entropy=0.7180, residual_std=0.0979, scaled_std=0.0123
up2: ca=0.8792+/-0.1306, sa=1.0021+/-0.0033, amp=0.0000, suppress=0.0000, guide_abs=0.3109
up2 residuals: local_mean=-1.477e-02, global_mean=0.0341, local_strength=0.1195, global_strength=0.1125, gain=[0.9710,1.0384], saturation=0.0000, text_film=0.0262
up2 haar: reconstruction_error=9.537e-07, skip_low/high=0.7872/0.2128, plam_low/high=1.0000/0.0000
up2 strengths: plam=0.8144, region=0.1195, detail=0.1125; residual_std region/detail/refine=0.2625/0.3066/0.1409
up2 guide_mix: entropy=0.9629, raw_low=0.3320, plam_low=0.1798, decoder_low=0.3263, detail=0.1620; agreement plam/decoder=0.3464/-0.1635, support=0.5955+/-0.0669
up1: ca=0.8594+/-0.1125, sa=1.0075+/-0.0130, amp=0.0000, suppress=0.0000, guide_abs=0.2359
up1 residuals: local_mean=-7.503e-03, global_mean=0.0876, local_strength=0.1296, global_strength=0.0991, gain=[0.9045,1.0957], saturation=0.0085, text_film=0.0395
up1 haar: reconstruction_error=1.431e-06, skip_low/high=0.7189/0.2811, plam_low/high=1.0000/0.0000
up1 strengths: plam=0.9064, region=0.1296, detail=0.0991; residual_std region/detail/refine=0.3312/0.3987/0.2012
up1 guide_mix: entropy=0.9421, raw_low=0.2820, plam_low=0.2111, decoder_low=0.3879, detail=0.1190; agreement plam/decoder=0.3310/0.0562, support=0.6364+/-0.0884

========= Epoch [59/80] =========
RS1_Test_session_09.12_17h44
Training with batch size : 16
   [Train] Epoch: [59][20/357]  Loss:0.129 (Avg 0.1186) IoU:0.772 (Avg 0.7661) Dice:0.8656 (Avg 0.8572) LR 5.02e-05   (AvgTime 0.5)   
   [Train] Epoch: [59][40/357]  Loss:0.145 (Avg 0.1198) IoU:0.709 (Avg 0.7662) Dice:0.8188 (Avg 0.8572) LR 5.02e-05   (AvgTime 0.5)   
   [Train] Epoch: [59][60/357]  Loss:0.098 (Avg 0.1203) IoU:0.813 (Avg 0.7654) Dice:0.8914 (Avg 0.8564) LR 5.02e-05   (AvgTime 0.5)   
   [Train] Epoch: [59][80/357]  Loss:0.098 (Avg 0.1208) IoU:0.811 (Avg 0.7642) Dice:0.8880 (Avg 0.8553) LR 5.02e-05   (AvgTime 0.5)   
   [Train] Epoch: [59][100/357]  Loss:0.122 (Avg 0.1228) IoU:0.758 (Avg 0.7607) Dice:0.8557 (Avg 0.8524) LR 5.02e-05   (AvgTime 0.5)   
   [Train] Epoch: [59][120/357]  Loss:0.113 (Avg 0.1248) IoU:0.766 (Avg 0.7580) Dice:0.8564 (Avg 0.8500) LR 5.02e-05   (AvgTime 0.5)   
   [Train] Epoch: [59][140/357]  Loss:0.121 (Avg 0.1254) IoU:0.755 (Avg 0.7571) Dice:0.8496 (Avg 0.8491) LR 5.02e-05   (AvgTime 0.5)   
   [Train] Epoch: [59][160/357]  Loss:0.140 (Avg 0.1245) IoU:0.715 (Avg 0.7587) Dice:0.8120 (Avg 0.8503) LR 5.02e-05   (AvgTime 0.5)   
   [Train] Epoch: [59][180/357]  Loss:0.125 (Avg 0.1249) IoU:0.751 (Avg 0.7576) Dice:0.8529 (Avg 0.8496) LR 5.02e-05   (AvgTime 0.5)   
   [Train] Epoch: [59][200/357]  Loss:0.168 (Avg 0.1244) IoU:0.697 (Avg 0.7583) Dice:0.8094 (Avg 0.8503) LR 5.02e-05   (AvgTime 0.5)   
   [Train] Epoch: [59][220/357]  Loss:0.095 (Avg 0.1255) IoU:0.805 (Avg 0.7562) Dice:0.8862 (Avg 0.8486) LR 5.02e-05   (AvgTime 0.5)   
   [Train] Epoch: [59][240/357]  Loss:0.131 (Avg 0.1252) IoU:0.754 (Avg 0.7566) Dice:0.8522 (Avg 0.8489) LR 5.02e-05   (AvgTime 0.5)   
   [Train] Epoch: [59][260/357]  Loss:0.127 (Avg 0.1253) IoU:0.734 (Avg 0.7563) Dice:0.8346 (Avg 0.8487) LR 5.02e-05   (AvgTime 0.5)   
   [Train] Epoch: [59][280/357]  Loss:0.106 (Avg 0.1259) IoU:0.800 (Avg 0.7555) Dice:0.8733 (Avg 0.8480) LR 5.02e-05   (AvgTime 0.5)   
   [Train] Epoch: [59][300/357]  Loss:0.152 (Avg 0.1261) IoU:0.699 (Avg 0.7548) Dice:0.7957 (Avg 0.8474) LR 5.02e-05   (AvgTime 0.5)   
   [Train] Epoch: [59][320/357]  Loss:0.141 (Avg 0.1264) IoU:0.730 (Avg 0.7543) Dice:0.8345 (Avg 0.8471) LR 5.02e-05   (AvgTime 0.5)   
   [Train] Epoch: [59][340/357]  Loss:0.117 (Avg 0.1263) IoU:0.780 (Avg 0.7547) Dice:0.8700 (Avg 0.8473) LR 5.02e-05   (AvgTime 0.5)   
   [Train] Epoch: [59][357/357]  Loss:0.151 (Avg 0.1264) IoU:0.699 (Avg 0.7545) Dice:0.8023 (Avg 0.8473) LR 5.02e-05   (AvgTime 0.5)   
   [Train] Loss components: main_dice=0.126273, main_focal=0.043269, main=0.084771, region_raw=0.324770, region_weighted=0.041672, empty_window_fraction=0.000000, total=0.126443
Validation
   [Val] Epoch: [59][20/90]  Loss:0.188 (Avg 0.1564) IoU:0.671 (Avg 0.7258) Dice:0.7922 (Avg 0.8268) (AvgTime 0.3)   
   [Val] Epoch: [59][40/90]  Loss:0.128 (Avg 0.1605) IoU:0.746 (Avg 0.7146) Dice:0.8462 (Avg 0.8162) (AvgTime 0.2)   
   [Val] Epoch: [59][60/90]  Loss:0.203 (Avg 0.1512) IoU:0.647 (Avg 0.7256) Dice:0.7565 (Avg 0.8235) (AvgTime 0.2)   
   [Val] Epoch: [59][80/90]  Loss:0.130 (Avg 0.1507) IoU:0.735 (Avg 0.7241) Dice:0.8345 (Avg 0.8225) (AvgTime 0.2)   
   [Val] Epoch: [59][90/90]  Loss:0.190 (Avg 0.1506) IoU:0.639 (Avg 0.7250) Dice:0.7608 (Avg 0.8232) (AvgTime 0.2)   
   [Val] Loss components: main_dice=0.147003, main_focal=0.067278, main=0.107141, region_raw=0.338588, region_weighted=0.043445, empty_window_fraction=0.000000, total=0.150585
	 No iou improvement; selected epoch 55
	 early_stopping_count: 4/80
--- Epoch History (1..59) ---
Epoch |  TrainLoss |  TrainDice |  TrainIoU |    ValLoss |    ValDice |    ValIoU |         LR | Best
    1 |     0.3300 |     0.6064 |    0.4771 |     0.2665 |     0.6917 |    0.5661 |   3.00e-04 |     
    2 |     0.2491 |     0.6986 |    0.5752 |     0.2503 |     0.7064 |    0.5831 |   3.00e-04 |     
    3 |     0.2238 |     0.7274 |    0.6082 |     0.2261 |     0.7490 |    0.6315 |   3.00e-04 |     
    4 |     0.2124 |     0.7413 |    0.6243 |     0.1852 |     0.7780 |    0.6672 |   2.99e-04 |     
    5 |     0.2062 |     0.7480 |    0.6318 |     0.1901 |     0.7618 |    0.6483 |   2.98e-04 |     
    6 |     0.2002 |     0.7563 |    0.6416 |     0.1824 |     0.7892 |    0.6820 |   2.97e-04 |     
    7 |     0.1965 |     0.7605 |    0.6471 |     0.1870 |     0.7776 |    0.6673 |   2.96e-04 |     
    8 |     0.1919 |     0.7663 |    0.6535 |     0.1781 |     0.7828 |    0.6722 |   2.94e-04 |     
    9 |     0.1907 |     0.7670 |    0.6549 |     0.1861 |     0.7859 |    0.6771 |   2.92e-04 |     
   10 |     0.1887 |     0.7700 |    0.6581 |     0.1904 |     0.7618 |    0.6500 |   2.91e-04 |     
   11 |     0.1847 |     0.7742 |    0.6630 |     0.1856 |     0.7791 |    0.6667 |   2.88e-04 |     
   12 |     0.1858 |     0.7730 |    0.6619 |     0.1814 |     0.7792 |    0.6699 |   2.86e-04 |     
   13 |     0.1827 |     0.7778 |    0.6673 |     0.1897 |     0.7836 |    0.6741 |   2.83e-04 |     
   14 |     0.1817 |     0.7785 |    0.6690 |     0.1761 |     0.7925 |    0.6846 |   2.80e-04 |     
   15 |     0.1790 |     0.7817 |    0.6727 |     0.1662 |     0.7947 |    0.6887 |   2.77e-04 |     
   16 |     0.1777 |     0.7832 |    0.6748 |     0.1662 |     0.7984 |    0.6933 |   2.74e-04 |     
   17 |     0.1747 |     0.7868 |    0.6787 |     0.1849 |     0.7656 |    0.6528 |   2.71e-04 |     
   18 |     0.1751 |     0.7880 |    0.6794 |     0.1706 |     0.7853 |    0.6776 |   2.67e-04 |     
   19 |     0.1727 |     0.7889 |    0.6813 |     0.1837 |     0.7750 |    0.6655 |   2.63e-04 |     
   20 |     0.1748 |     0.7871 |    0.6790 |     0.1670 |     0.7913 |    0.6862 |   2.59e-04 |     
   21 |     0.1711 |     0.7912 |    0.6837 |     0.1725 |     0.8030 |    0.6988 |   2.55e-04 |     
   22 |     0.1732 |     0.7894 |    0.6818 |     0.1654 |     0.7979 |    0.6947 |   2.51e-04 |     
   23 |     0.1690 |     0.7939 |    0.6878 |     0.1653 |     0.8044 |    0.7012 |   2.46e-04 |     
   24 |     0.1692 |     0.7944 |    0.6884 |     0.1686 |     0.7933 |    0.6847 |   2.42e-04 |     
   25 |     0.1648 |     0.7995 |    0.6940 |     0.1722 |     0.8021 |    0.6982 |   2.37e-04 |     
   26 |     0.1673 |     0.7963 |    0.6902 |     0.1664 |     0.8008 |    0.6962 |   2.32e-04 |     
   27 |     0.1629 |     0.8018 |    0.6970 |     0.1634 |     0.8048 |    0.7008 |   2.27e-04 |     
   28 |     0.1638 |     0.8013 |    0.6962 |     0.1968 |     0.7849 |    0.6766 |   2.22e-04 |     
   29 |     0.1665 |     0.7976 |    0.6924 |     0.1610 |     0.8024 |    0.6985 |   2.17e-04 |     
   30 |     0.1612 |     0.8048 |    0.7005 |     0.1603 |     0.7992 |    0.6949 |   2.11e-04 |     
   31 |     0.1582 |     0.8077 |    0.7041 |     0.1578 |     0.8066 |    0.7026 |   2.06e-04 |     
   32 |     0.1589 |     0.8063 |    0.7028 |     0.1762 |     0.7959 |    0.6925 |   2.00e-04 |     
   33 |     0.1578 |     0.8089 |    0.7056 |     0.1652 |     0.8056 |    0.7026 |   1.94e-04 |     
   34 |     0.1562 |     0.8101 |    0.7078 |     0.1586 |     0.8105 |    0.7098 |   1.89e-04 |     
   35 |     0.1559 |     0.8105 |    0.7081 |     0.1568 |     0.8093 |    0.7075 |   1.83e-04 |     
   36 |     0.1542 |     0.8127 |    0.7110 |     0.1550 |     0.8109 |    0.7091 |   1.77e-04 |     
   37 |     0.1534 |     0.8141 |    0.7124 |     0.1591 |     0.8011 |    0.6973 |   1.71e-04 |     
   38 |     0.1522 |     0.8143 |    0.7129 |     0.1619 |     0.8121 |    0.7118 |   1.65e-04 |     
   39 |     0.1510 |     0.8165 |    0.7157 |     0.1714 |     0.8063 |    0.7036 |   1.59e-04 |     
   40 |     0.1508 |     0.8159 |    0.7151 |     0.1523 |     0.8161 |    0.7173 |   1.53e-04 |     
   41 |     0.1486 |     0.8196 |    0.7188 |     0.2507 |     0.7752 |    0.6614 |   1.48e-04 |     
   42 |     0.1499 |     0.8174 |    0.7165 |     0.1519 |     0.8120 |    0.7104 |   1.42e-04 |     
   43 |     0.1456 |     0.8228 |    0.7232 |     0.1570 |     0.8040 |    0.6995 |   1.36e-04 |     
   44 |     0.1442 |     0.8248 |    0.7254 |     0.1531 |     0.8194 |    0.7199 |   1.30e-04 |     
   45 |     0.1446 |     0.8239 |    0.7247 |     0.1548 |     0.8151 |    0.7141 |   1.24e-04 |     
   46 |     0.1437 |     0.8250 |    0.7259 |     0.1547 |     0.8179 |    0.7182 |   1.18e-04 |     
   47 |     0.1418 |     0.8271 |    0.7291 |     0.1561 |     0.8163 |    0.7159 |   1.12e-04 |     
   48 |     0.1408 |     0.8287 |    0.7309 |     0.1505 |     0.8182 |    0.7195 |   1.07e-04 |     
   49 |     0.1393 |     0.8313 |    0.7338 |     0.1512 |     0.8180 |    0.7193 |   1.01e-04 |     
   50 |     0.1385 |     0.8316 |    0.7343 |     0.1496 |     0.8227 |    0.7242 |   9.54e-05 |     
   51 |     0.1369 |     0.8340 |    0.7374 |     0.1510 |     0.8192 |    0.7206 |   8.99e-05 |     
   52 |     0.1354 |     0.8360 |    0.7400 |     0.1484 |     0.8216 |    0.7227 |   8.45e-05 |     
   53 |     0.1340 |     0.8378 |    0.7421 |     0.1490 |     0.8214 |    0.7235 |   7.92e-05 |     
   54 |     0.1341 |     0.8371 |    0.7420 |     0.1546 |     0.8198 |    0.7215 |   7.40e-05 |     
   55 |     0.1330 |     0.8384 |    0.7432 |     0.1543 |     0.8231 |    0.7254 |   6.90e-05 |    *
   56 |     0.1311 |     0.8414 |    0.7470 |     0.1507 |     0.8190 |    0.7204 |   6.41e-05 |     
   57 |     0.1291 |     0.8435 |    0.7496 |     0.1528 |     0.8207 |    0.7228 |   5.93e-05 |     
   58 |     0.1273 |     0.8458 |    0.7526 |     0.1523 |     0.8196 |    0.7218 |   5.47e-05 |     
   59 |     0.1264 |     0.8473 |    0.7545 |     0.1506 |     0.8232 |    0.7250 |   5.02e-05 |     
--- R2 plus final-map regional overlap: global validation statistics ---
up4: ca=0.8662+/-0.1080, sa=1.0028+/-0.0040, amp=0.0000, suppress=0.0000, guide_abs=0.2684
up4 residuals: local_mean=1.949e-02, global_mean=0.0122, local_strength=0.0736, global_strength=0.1101, gain=[0.9798,1.0137], saturation=0.0000, text_film=0.0048
up4 haar: reconstruction_error=9.537e-07, skip_low/high=0.7940/0.2060, plam_low/high=1.0000/0.0000
up4 strengths: plam=0.9514, region=0.0736, detail=0.1101; residual_std region/detail/refine=0.0227/0.6372/0.6047
up4 guide_mix: entropy=0.9813, raw_low=0.3413, plam_low=0.2361, decoder_low=0.2410, detail=0.1816; agreement plam/decoder=0.9775/0.9533, support=0.4368+/-0.0000
up4 adaptive_frequency: ALPF strength=0.2634, weights=0.1385/0.7207/0.1408, sum=1.0000, entropy=0.7138, delta_std=0.0827; AHPF strength=0.0706, weights=0.3683/0.4641/0.1676, sum=1.0000, entropy=0.9279, residual_std=0.1113, scaled_std=0.0079
up3: ca=1.0106+/-0.1472, sa=1.0081+/-0.0056, amp=0.0000, suppress=0.0000, guide_abs=0.2630
up3 residuals: local_mean=2.556e-02, global_mean=0.0421, local_strength=0.1116, global_strength=0.1239, gain=[0.9834,1.0380], saturation=0.0533, text_film=0.0221
up3 haar: reconstruction_error=9.537e-07, skip_low/high=0.7418/0.2582, plam_low/high=1.0000/0.0000
up3 strengths: plam=0.9061, region=0.1116, detail=0.1239; residual_std region/detail/refine=0.3774/0.6004/0.5006
up3 guide_mix: entropy=0.9843, raw_low=0.3229, plam_low=0.2110, decoder_low=0.2750, detail=0.1911; agreement plam/decoder=0.6790/0.2699, support=0.7948+/-0.0956
up3 adaptive_frequency: ALPF strength=0.3140, weights=0.1084/0.3000/0.5916, sum=1.0000, entropy=0.7293, delta_std=0.0775; AHPF strength=0.1257, weights=0.6359/0.1557/0.2084, sum=1.0000, entropy=0.7225, residual_std=0.0990, scaled_std=0.0124
up2: ca=0.8825+/-0.1170, sa=1.0020+/-0.0034, amp=0.0000, suppress=0.0000, guide_abs=0.3136
up2 residuals: local_mean=-1.484e-02, global_mean=0.0338, local_strength=0.1195, global_strength=0.1124, gain=[0.9693,1.0403], saturation=0.0000, text_film=0.0194
up2 haar: reconstruction_error=9.537e-07, skip_low/high=0.7881/0.2119, plam_low/high=1.0000/0.0000
up2 strengths: plam=0.8141, region=0.1195, detail=0.1124; residual_std region/detail/refine=0.2593/0.3037/0.1393
up2 guide_mix: entropy=0.9626, raw_low=0.3376, plam_low=0.1766, decoder_low=0.3213, detail=0.1644; agreement plam/decoder=0.3281/-0.1712, support=0.5943+/-0.0614
up1: ca=0.8591+/-0.1044, sa=1.0075+/-0.0127, amp=0.0000, suppress=0.0000, guide_abs=0.2243
up1 residuals: local_mean=-7.922e-03, global_mean=0.0880, local_strength=0.1297, global_strength=0.0990, gain=[0.9050,1.0954], saturation=0.0057, text_film=0.0401
up1 haar: reconstruction_error=1.431e-06, skip_low/high=0.7207/0.2793, plam_low/high=1.0000/0.0000
up1 strengths: plam=0.9062, region=0.1297, detail=0.0990; residual_std region/detail/refine=0.3329/0.3908/0.2016
up1 guide_mix: entropy=0.9440, raw_low=0.2797, plam_low=0.2209, decoder_low=0.3823, detail=0.1171; agreement plam/decoder=0.3657/0.0978, support=0.6316+/-0.0870

========= Epoch [60/80] =========
RS1_Test_session_09.12_17h44
Training with batch size : 16
   [Train] Epoch: [60][20/357]  Loss:0.112 (Avg 0.1179) IoU:0.771 (Avg 0.7658) Dice:0.8627 (Avg 0.8577) LR 4.58e-05   (AvgTime 0.6)   
   [Train] Epoch: [60][40/357]  Loss:0.112 (Avg 0.1206) IoU:0.775 (Avg 0.7606) Dice:0.8615 (Avg 0.8529) LR 4.58e-05   (AvgTime 0.6)   
   [Train] Epoch: [60][60/357]  Loss:0.129 (Avg 0.1219) IoU:0.749 (Avg 0.7598) Dice:0.8529 (Avg 0.8520) LR 4.58e-05   (AvgTime 0.5)   
   [Train] Epoch: [60][80/357]  Loss:0.105 (Avg 0.1235) IoU:0.792 (Avg 0.7580) Dice:0.8766 (Avg 0.8505) LR 4.58e-05   (AvgTime 0.6)   
   [Train] Epoch: [60][100/357]  Loss:0.086 (Avg 0.1243) IoU:0.832 (Avg 0.7574) Dice:0.9043 (Avg 0.8499) LR 4.58e-05   (AvgTime 0.6)   
   [Train] Epoch: [60][120/357]  Loss:0.105 (Avg 0.1263) IoU:0.787 (Avg 0.7543) Dice:0.8759 (Avg 0.8477) LR 4.58e-05   (AvgTime 0.5)   
   [Train] Epoch: [60][140/357]  Loss:0.115 (Avg 0.1260) IoU:0.780 (Avg 0.7551) Dice:0.8699 (Avg 0.8482) LR 4.58e-05   (AvgTime 0.5)   
   [Train] Epoch: [60][160/357]  Loss:0.127 (Avg 0.1261) IoU:0.754 (Avg 0.7549) Dice:0.8472 (Avg 0.8480) LR 4.58e-05   (AvgTime 0.5)   
   [Train] Epoch: [60][180/357]  Loss:0.101 (Avg 0.1250) IoU:0.803 (Avg 0.7569) Dice:0.8814 (Avg 0.8495) LR 4.58e-05   (AvgTime 0.5)   
   [Train] Epoch: [60][200/357]  Loss:0.097 (Avg 0.1249) IoU:0.822 (Avg 0.7569) Dice:0.8985 (Avg 0.8497) LR 4.58e-05   (AvgTime 0.5)   
   [Train] Epoch: [60][220/357]  Loss:0.123 (Avg 0.1255) IoU:0.744 (Avg 0.7555) Dice:0.8438 (Avg 0.8486) LR 4.58e-05   (AvgTime 0.5)   
   [Train] Epoch: [60][240/357]  Loss:0.159 (Avg 0.1254) IoU:0.686 (Avg 0.7556) Dice:0.8017 (Avg 0.8487) LR 4.58e-05   (AvgTime 0.5)   
   [Train] Epoch: [60][260/357]  Loss:0.174 (Avg 0.1250) IoU:0.655 (Avg 0.7563) Dice:0.7672 (Avg 0.8491) LR 4.58e-05   (AvgTime 0.5)   
   [Train] Epoch: [60][280/357]  Loss:0.129 (Avg 0.1252) IoU:0.733 (Avg 0.7558) Dice:0.8381 (Avg 0.8487) LR 4.58e-05   (AvgTime 0.5)   
   [Train] Epoch: [60][300/357]  Loss:0.101 (Avg 0.1248) IoU:0.791 (Avg 0.7565) Dice:0.8794 (Avg 0.8492) LR 4.58e-05   (AvgTime 0.5)   
   [Train] Epoch: [60][320/357]  Loss:0.144 (Avg 0.1251) IoU:0.723 (Avg 0.7560) Dice:0.8311 (Avg 0.8488) LR 4.58e-05   (AvgTime 0.5)   
   [Train] Epoch: [60][340/357]  Loss:0.131 (Avg 0.1249) IoU:0.748 (Avg 0.7565) Dice:0.8376 (Avg 0.8492) LR 4.58e-05   (AvgTime 0.5)   
   [Train] Epoch: [60][357/357]  Loss:0.131 (Avg 0.1250) IoU:0.747 (Avg 0.7564) Dice:0.8393 (Avg 0.8490) LR 4.58e-05   (AvgTime 0.5)   
   [Train] Loss components: main_dice=0.124457, main_focal=0.042856, main=0.083657, region_raw=0.322040, region_weighted=0.041322, empty_window_fraction=0.000000, total=0.124978
Validation
   [Val] Epoch: [60][20/90]  Loss:0.180 (Avg 0.1527) IoU:0.680 (Avg 0.7273) Dice:0.7961 (Avg 0.8276) (AvgTime 0.3)   
   [Val] Epoch: [60][40/90]  Loss:0.136 (Avg 0.1585) IoU:0.732 (Avg 0.7146) Dice:0.8346 (Avg 0.8154) (AvgTime 0.2)   
   [Val] Epoch: [60][60/90]  Loss:0.193 (Avg 0.1494) IoU:0.656 (Avg 0.7254) Dice:0.7633 (Avg 0.8225) (AvgTime 0.2)   
   [Val] Epoch: [60][80/90]  Loss:0.145 (Avg 0.1488) IoU:0.726 (Avg 0.7241) Dice:0.8243 (Avg 0.8217) (AvgTime 0.2)   
   [Val] Epoch: [60][90/90]  Loss:0.184 (Avg 0.1483) IoU:0.643 (Avg 0.7255) Dice:0.7648 (Avg 0.8229) (AvgTime 0.2)   
   [Val] Loss components: main_dice=0.146859, main_focal=0.061473, main=0.104166, region_raw=0.343641, region_weighted=0.044093, empty_window_fraction=0.000000, total=0.148259
	 Saving best model by iou: 0.725515
	 Saving to Covid19/BetterLViT/rs1_global_iou/RS1_Test_session_09.12_17h44/models//best_model-BetterLViT.pth.tar
	 early_stopping_count: 0/80
--- Epoch History (1..60) ---
Epoch |  TrainLoss |  TrainDice |  TrainIoU |    ValLoss |    ValDice |    ValIoU |         LR | Best
    1 |     0.3300 |     0.6064 |    0.4771 |     0.2665 |     0.6917 |    0.5661 |   3.00e-04 |     
    2 |     0.2491 |     0.6986 |    0.5752 |     0.2503 |     0.7064 |    0.5831 |   3.00e-04 |     
    3 |     0.2238 |     0.7274 |    0.6082 |     0.2261 |     0.7490 |    0.6315 |   3.00e-04 |     
    4 |     0.2124 |     0.7413 |    0.6243 |     0.1852 |     0.7780 |    0.6672 |   2.99e-04 |     
    5 |     0.2062 |     0.7480 |    0.6318 |     0.1901 |     0.7618 |    0.6483 |   2.98e-04 |     
    6 |     0.2002 |     0.7563 |    0.6416 |     0.1824 |     0.7892 |    0.6820 |   2.97e-04 |     
    7 |     0.1965 |     0.7605 |    0.6471 |     0.1870 |     0.7776 |    0.6673 |   2.96e-04 |     
    8 |     0.1919 |     0.7663 |    0.6535 |     0.1781 |     0.7828 |    0.6722 |   2.94e-04 |     
    9 |     0.1907 |     0.7670 |    0.6549 |     0.1861 |     0.7859 |    0.6771 |   2.92e-04 |     
   10 |     0.1887 |     0.7700 |    0.6581 |     0.1904 |     0.7618 |    0.6500 |   2.91e-04 |     
   11 |     0.1847 |     0.7742 |    0.6630 |     0.1856 |     0.7791 |    0.6667 |   2.88e-04 |     
   12 |     0.1858 |     0.7730 |    0.6619 |     0.1814 |     0.7792 |    0.6699 |   2.86e-04 |     
   13 |     0.1827 |     0.7778 |    0.6673 |     0.1897 |     0.7836 |    0.6741 |   2.83e-04 |     
   14 |     0.1817 |     0.7785 |    0.6690 |     0.1761 |     0.7925 |    0.6846 |   2.80e-04 |     
   15 |     0.1790 |     0.7817 |    0.6727 |     0.1662 |     0.7947 |    0.6887 |   2.77e-04 |     
   16 |     0.1777 |     0.7832 |    0.6748 |     0.1662 |     0.7984 |    0.6933 |   2.74e-04 |     
   17 |     0.1747 |     0.7868 |    0.6787 |     0.1849 |     0.7656 |    0.6528 |   2.71e-04 |     
   18 |     0.1751 |     0.7880 |    0.6794 |     0.1706 |     0.7853 |    0.6776 |   2.67e-04 |     
   19 |     0.1727 |     0.7889 |    0.6813 |     0.1837 |     0.7750 |    0.6655 |   2.63e-04 |     
   20 |     0.1748 |     0.7871 |    0.6790 |     0.1670 |     0.7913 |    0.6862 |   2.59e-04 |     
   21 |     0.1711 |     0.7912 |    0.6837 |     0.1725 |     0.8030 |    0.6988 |   2.55e-04 |     
   22 |     0.1732 |     0.7894 |    0.6818 |     0.1654 |     0.7979 |    0.6947 |   2.51e-04 |     
   23 |     0.1690 |     0.7939 |    0.6878 |     0.1653 |     0.8044 |    0.7012 |   2.46e-04 |     
   24 |     0.1692 |     0.7944 |    0.6884 |     0.1686 |     0.7933 |    0.6847 |   2.42e-04 |     
   25 |     0.1648 |     0.7995 |    0.6940 |     0.1722 |     0.8021 |    0.6982 |   2.37e-04 |     
   26 |     0.1673 |     0.7963 |    0.6902 |     0.1664 |     0.8008 |    0.6962 |   2.32e-04 |     
   27 |     0.1629 |     0.8018 |    0.6970 |     0.1634 |     0.8048 |    0.7008 |   2.27e-04 |     
   28 |     0.1638 |     0.8013 |    0.6962 |     0.1968 |     0.7849 |    0.6766 |   2.22e-04 |     
   29 |     0.1665 |     0.7976 |    0.6924 |     0.1610 |     0.8024 |    0.6985 |   2.17e-04 |     
   30 |     0.1612 |     0.8048 |    0.7005 |     0.1603 |     0.7992 |    0.6949 |   2.11e-04 |     
   31 |     0.1582 |     0.8077 |    0.7041 |     0.1578 |     0.8066 |    0.7026 |   2.06e-04 |     
   32 |     0.1589 |     0.8063 |    0.7028 |     0.1762 |     0.7959 |    0.6925 |   2.00e-04 |     
   33 |     0.1578 |     0.8089 |    0.7056 |     0.1652 |     0.8056 |    0.7026 |   1.94e-04 |     
   34 |     0.1562 |     0.8101 |    0.7078 |     0.1586 |     0.8105 |    0.7098 |   1.89e-04 |     
   35 |     0.1559 |     0.8105 |    0.7081 |     0.1568 |     0.8093 |    0.7075 |   1.83e-04 |     
   36 |     0.1542 |     0.8127 |    0.7110 |     0.1550 |     0.8109 |    0.7091 |   1.77e-04 |     
   37 |     0.1534 |     0.8141 |    0.7124 |     0.1591 |     0.8011 |    0.6973 |   1.71e-04 |     
   38 |     0.1522 |     0.8143 |    0.7129 |     0.1619 |     0.8121 |    0.7118 |   1.65e-04 |     
   39 |     0.1510 |     0.8165 |    0.7157 |     0.1714 |     0.8063 |    0.7036 |   1.59e-04 |     
   40 |     0.1508 |     0.8159 |    0.7151 |     0.1523 |     0.8161 |    0.7173 |   1.53e-04 |     
   41 |     0.1486 |     0.8196 |    0.7188 |     0.2507 |     0.7752 |    0.6614 |   1.48e-04 |     
   42 |     0.1499 |     0.8174 |    0.7165 |     0.1519 |     0.8120 |    0.7104 |   1.42e-04 |     
   43 |     0.1456 |     0.8228 |    0.7232 |     0.1570 |     0.8040 |    0.6995 |   1.36e-04 |     
   44 |     0.1442 |     0.8248 |    0.7254 |     0.1531 |     0.8194 |    0.7199 |   1.30e-04 |     
   45 |     0.1446 |     0.8239 |    0.7247 |     0.1548 |     0.8151 |    0.7141 |   1.24e-04 |     
   46 |     0.1437 |     0.8250 |    0.7259 |     0.1547 |     0.8179 |    0.7182 |   1.18e-04 |     
   47 |     0.1418 |     0.8271 |    0.7291 |     0.1561 |     0.8163 |    0.7159 |   1.12e-04 |     
   48 |     0.1408 |     0.8287 |    0.7309 |     0.1505 |     0.8182 |    0.7195 |   1.07e-04 |     
   49 |     0.1393 |     0.8313 |    0.7338 |     0.1512 |     0.8180 |    0.7193 |   1.01e-04 |     
   50 |     0.1385 |     0.8316 |    0.7343 |     0.1496 |     0.8227 |    0.7242 |   9.54e-05 |     
   51 |     0.1369 |     0.8340 |    0.7374 |     0.1510 |     0.8192 |    0.7206 |   8.99e-05 |     
   52 |     0.1354 |     0.8360 |    0.7400 |     0.1484 |     0.8216 |    0.7227 |   8.45e-05 |     
   53 |     0.1340 |     0.8378 |    0.7421 |     0.1490 |     0.8214 |    0.7235 |   7.92e-05 |     
   54 |     0.1341 |     0.8371 |    0.7420 |     0.1546 |     0.8198 |    0.7215 |   7.40e-05 |     
   55 |     0.1330 |     0.8384 |    0.7432 |     0.1543 |     0.8231 |    0.7254 |   6.90e-05 |     
   56 |     0.1311 |     0.8414 |    0.7470 |     0.1507 |     0.8190 |    0.7204 |   6.41e-05 |     
   57 |     0.1291 |     0.8435 |    0.7496 |     0.1528 |     0.8207 |    0.7228 |   5.93e-05 |     
   58 |     0.1273 |     0.8458 |    0.7526 |     0.1523 |     0.8196 |    0.7218 |   5.47e-05 |     
   59 |     0.1264 |     0.8473 |    0.7545 |     0.1506 |     0.8232 |    0.7250 |   5.02e-05 |     
   60 |     0.1250 |     0.8490 |    0.7564 |     0.1483 |     0.8229 |    0.7255 |   4.58e-05 |    *
--- R2 plus final-map regional overlap: global validation statistics ---
up4: ca=0.8684+/-0.1052, sa=1.0028+/-0.0038, amp=0.0000, suppress=0.0000, guide_abs=0.2766
up4 residuals: local_mean=1.980e-02, global_mean=0.0125, local_strength=0.0736, global_strength=0.1101, gain=[0.9828,1.0154], saturation=0.0000, text_film=0.0048
up4 haar: reconstruction_error=9.537e-07, skip_low/high=0.8014/0.1986, plam_low/high=1.0000/0.0000
up4 strengths: plam=0.9515, region=0.0736, detail=0.1101; residual_std region/detail/refine=0.0228/0.6319/0.6016
up4 guide_mix: entropy=0.9818, raw_low=0.3245, plam_low=0.2634, decoder_low=0.2425, detail=0.1696; agreement plam/decoder=0.9831/0.9896, support=0.4362+/-0.0000
up4 adaptive_frequency: ALPF strength=0.2634, weights=0.1410/0.7210/0.1381, sum=1.0000, entropy=0.7128, delta_std=0.0832; AHPF strength=0.0706, weights=0.3863/0.4491/0.1645, sum=1.0000, entropy=0.9288, residual_std=0.1038, scaled_std=0.0073
up3: ca=1.0093+/-0.1459, sa=1.0079+/-0.0082, amp=0.0000, suppress=0.0000, guide_abs=0.2439
up3 residuals: local_mean=2.446e-02, global_mean=0.0415, local_strength=0.1116, global_strength=0.1239, gain=[0.9354,1.0595], saturation=0.0440, text_film=0.0226
up3 haar: reconstruction_error=1.311e-06, skip_low/high=0.7526/0.2474, plam_low/high=1.0000/0.0000
up3 strengths: plam=0.9059, region=0.1116, detail=0.1239; residual_std region/detail/refine=0.3646/0.6195/0.4942
up3 guide_mix: entropy=0.9864, raw_low=0.3078, plam_low=0.2288, decoder_low=0.2804, detail=0.1829; agreement plam/decoder=0.6941/0.1583, support=0.7760+/-0.1082
up3 adaptive_frequency: ALPF strength=0.3145, weights=0.1342/0.3713/0.4945, sum=1.0000, entropy=0.7493, delta_std=0.0857; AHPF strength=0.1258, weights=0.5735/0.1896/0.2369, sum=1.0000, entropy=0.7723, residual_std=0.1303, scaled_std=0.0164
up2: ca=0.8861+/-0.1180, sa=1.0019+/-0.0067, amp=0.0000, suppress=0.0000, guide_abs=0.3146
up2 residuals: local_mean=-1.480e-02, global_mean=0.0329, local_strength=0.1195, global_strength=0.1125, gain=[0.9310,1.0909], saturation=0.0000, text_film=0.0248
up2 haar: reconstruction_error=1.907e-06, skip_low/high=0.7561/0.2439, plam_low/high=1.0000/0.0000
up2 strengths: plam=0.8138, region=0.1195, detail=0.1125; residual_std region/detail/refine=0.2488/0.4034/0.1354
up2 guide_mix: entropy=0.9632, raw_low=0.3306, plam_low=0.1706, decoder_low=0.3276, detail=0.1712; agreement plam/decoder=0.3128/-0.2259, support=0.5923+/-0.0665
up1: ca=0.8587+/-0.1013, sa=1.0074+/-0.0138, amp=0.0000, suppress=0.0000, guide_abs=0.2442
up1 residuals: local_mean=-9.029e-03, global_mean=0.0884, local_strength=0.1297, global_strength=0.0990, gain=[0.9003,1.0961], saturation=0.0028, text_film=0.0388
up1 haar: reconstruction_error=1.907e-06, skip_low/high=0.7110/0.2890, plam_low/high=1.0000/0.0000
up1 strengths: plam=0.9060, region=0.1297, detail=0.0990; residual_std region/detail/refine=0.3432/0.4422/0.2018
up1 guide_mix: entropy=0.9356, raw_low=0.2577, plam_low=0.2086, decoder_low=0.4128, detail=0.1209; agreement plam/decoder=0.3076/0.1712, support=0.6277+/-0.0870

========= Epoch [61/80] =========
RS1_Test_session_09.12_17h44
Training with batch size : 16
   [Train] Epoch: [61][20/357]  Loss:0.104 (Avg 0.1224) IoU:0.783 (Avg 0.7566) Dice:0.8741 (Avg 0.8492) LR 4.17e-05   (AvgTime 0.6)   
   [Train] Epoch: [61][40/357]  Loss:0.134 (Avg 0.1187) IoU:0.756 (Avg 0.7639) Dice:0.8485 (Avg 0.8554) LR 4.17e-05   (AvgTime 0.6)   
   [Train] Epoch: [61][60/357]  Loss:0.134 (Avg 0.1189) IoU:0.737 (Avg 0.7648) Dice:0.8307 (Avg 0.8561) LR 4.17e-05   (AvgTime 0.6)   
   [Train] Epoch: [61][80/357]  Loss:0.150 (Avg 0.1178) IoU:0.737 (Avg 0.7674) Dice:0.8396 (Avg 0.8581) LR 4.17e-05   (AvgTime 0.6)   
   [Train] Epoch: [61][100/357]  Loss:0.115 (Avg 0.1182) IoU:0.775 (Avg 0.7672) Dice:0.8565 (Avg 0.8575) LR 4.17e-05   (AvgTime 0.6)   
   [Train] Epoch: [61][120/357]  Loss:0.189 (Avg 0.1213) IoU:0.669 (Avg 0.7627) Dice:0.7710 (Avg 0.8542) LR 4.17e-05   (AvgTime 0.6)   
   [Train] Epoch: [61][140/357]  Loss:0.150 (Avg 0.1216) IoU:0.698 (Avg 0.7623) Dice:0.8070 (Avg 0.8538) LR 4.17e-05   (AvgTime 0.6)   
   [Train] Epoch: [61][160/357]  Loss:0.137 (Avg 0.1229) IoU:0.734 (Avg 0.7601) Dice:0.8321 (Avg 0.8519) LR 4.17e-05   (AvgTime 0.6)   
   [Train] Epoch: [61][180/357]  Loss:0.157 (Avg 0.1223) IoU:0.699 (Avg 0.7616) Dice:0.8032 (Avg 0.8527) LR 4.17e-05   (AvgTime 0.6)   
   [Train] Epoch: [61][200/357]  Loss:0.127 (Avg 0.1239) IoU:0.770 (Avg 0.7586) Dice:0.8596 (Avg 0.8503) LR 4.17e-05   (AvgTime 0.6)   
   [Train] Epoch: [61][220/357]  Loss:0.114 (Avg 0.1232) IoU:0.776 (Avg 0.7596) Dice:0.8647 (Avg 0.8512) LR 4.17e-05   (AvgTime 0.6)   
   [Train] Epoch: [61][240/357]  Loss:0.136 (Avg 0.1235) IoU:0.730 (Avg 0.7589) Dice:0.8325 (Avg 0.8507) LR 4.17e-05   (AvgTime 0.6)   
   [Train] Epoch: [61][260/357]  Loss:0.104 (Avg 0.1236) IoU:0.784 (Avg 0.7590) Dice:0.8731 (Avg 0.8509) LR 4.17e-05   (AvgTime 0.6)   
   [Train] Epoch: [61][280/357]  Loss:0.113 (Avg 0.1237) IoU:0.774 (Avg 0.7588) Dice:0.8680 (Avg 0.8508) LR 4.17e-05   (AvgTime 0.6)   
   [Train] Epoch: [61][300/357]  Loss:0.196 (Avg 0.1241) IoU:0.685 (Avg 0.7582) Dice:0.7909 (Avg 0.8503) LR 4.17e-05   (AvgTime 0.6)   
   [Train] Epoch: [61][320/357]  Loss:0.141 (Avg 0.1248) IoU:0.735 (Avg 0.7572) Dice:0.8259 (Avg 0.8493) LR 4.17e-05   (AvgTime 0.6)   
   [Train] Epoch: [61][340/357]  Loss:0.101 (Avg 0.1246) IoU:0.806 (Avg 0.7576) Dice:0.8867 (Avg 0.8497) LR 4.17e-05   (AvgTime 0.6)   
   [Train] Epoch: [61][357/357]  Loss:0.113 (Avg 0.1247) IoU:0.786 (Avg 0.7574) Dice:0.8659 (Avg 0.8496) LR 4.17e-05   (AvgTime 0.6)   
   [Train] Loss components: main_dice=0.124190, main_focal=0.042566, main=0.083378, region_raw=0.321799, region_weighted=0.041291, empty_window_fraction=0.000000, total=0.124669
Validation
   [Val] Epoch: [61][20/90]  Loss:0.191 (Avg 0.1582) IoU:0.667 (Avg 0.7249) Dice:0.7875 (Avg 0.8249) (AvgTime 0.3)   
   [Val] Epoch: [61][40/90]  Loss:0.139 (Avg 0.1622) IoU:0.726 (Avg 0.7146) Dice:0.8329 (Avg 0.8154) (AvgTime 0.2)   
   [Val] Epoch: [61][60/90]  Loss:0.203 (Avg 0.1529) IoU:0.650 (Avg 0.7254) Dice:0.7586 (Avg 0.8226) (AvgTime 0.2)   
   [Val] Epoch: [61][80/90]  Loss:0.143 (Avg 0.1511) IoU:0.715 (Avg 0.7256) Dice:0.8155 (Avg 0.8229) (AvgTime 0.2)   
   [Val] Epoch: [61][90/90]  Loss:0.206 (Avg 0.1514) IoU:0.615 (Avg 0.7260) Dice:0.7440 (Avg 0.8231) (AvgTime 0.2)   
   [Val] Loss components: main_dice=0.146119, main_focal=0.070034, main=0.108077, region_raw=0.337811, region_weighted=0.043345, empty_window_fraction=0.000000, total=0.151422
	 Saving best model by iou: 0.726000
	 Saving to Covid19/BetterLViT/rs1_global_iou/RS1_Test_session_09.12_17h44/models//best_model-BetterLViT.pth.tar
	 early_stopping_count: 0/80
--- Epoch History (1..61) ---
Epoch |  TrainLoss |  TrainDice |  TrainIoU |    ValLoss |    ValDice |    ValIoU |         LR | Best
    1 |     0.3300 |     0.6064 |    0.4771 |     0.2665 |     0.6917 |    0.5661 |   3.00e-04 |     
    2 |     0.2491 |     0.6986 |    0.5752 |     0.2503 |     0.7064 |    0.5831 |   3.00e-04 |     
    3 |     0.2238 |     0.7274 |    0.6082 |     0.2261 |     0.7490 |    0.6315 |   3.00e-04 |     
    4 |     0.2124 |     0.7413 |    0.6243 |     0.1852 |     0.7780 |    0.6672 |   2.99e-04 |     
    5 |     0.2062 |     0.7480 |    0.6318 |     0.1901 |     0.7618 |    0.6483 |   2.98e-04 |     
    6 |     0.2002 |     0.7563 |    0.6416 |     0.1824 |     0.7892 |    0.6820 |   2.97e-04 |     
    7 |     0.1965 |     0.7605 |    0.6471 |     0.1870 |     0.7776 |    0.6673 |   2.96e-04 |     
    8 |     0.1919 |     0.7663 |    0.6535 |     0.1781 |     0.7828 |    0.6722 |   2.94e-04 |     
    9 |     0.1907 |     0.7670 |    0.6549 |     0.1861 |     0.7859 |    0.6771 |   2.92e-04 |     
   10 |     0.1887 |     0.7700 |    0.6581 |     0.1904 |     0.7618 |    0.6500 |   2.91e-04 |     
   11 |     0.1847 |     0.7742 |    0.6630 |     0.1856 |     0.7791 |    0.6667 |   2.88e-04 |     
   12 |     0.1858 |     0.7730 |    0.6619 |     0.1814 |     0.7792 |    0.6699 |   2.86e-04 |     
   13 |     0.1827 |     0.7778 |    0.6673 |     0.1897 |     0.7836 |    0.6741 |   2.83e-04 |     
   14 |     0.1817 |     0.7785 |    0.6690 |     0.1761 |     0.7925 |    0.6846 |   2.80e-04 |     
   15 |     0.1790 |     0.7817 |    0.6727 |     0.1662 |     0.7947 |    0.6887 |   2.77e-04 |     
   16 |     0.1777 |     0.7832 |    0.6748 |     0.1662 |     0.7984 |    0.6933 |   2.74e-04 |     
   17 |     0.1747 |     0.7868 |    0.6787 |     0.1849 |     0.7656 |    0.6528 |   2.71e-04 |     
   18 |     0.1751 |     0.7880 |    0.6794 |     0.1706 |     0.7853 |    0.6776 |   2.67e-04 |     
   19 |     0.1727 |     0.7889 |    0.6813 |     0.1837 |     0.7750 |    0.6655 |   2.63e-04 |     
   20 |     0.1748 |     0.7871 |    0.6790 |     0.1670 |     0.7913 |    0.6862 |   2.59e-04 |     
   21 |     0.1711 |     0.7912 |    0.6837 |     0.1725 |     0.8030 |    0.6988 |   2.55e-04 |     
   22 |     0.1732 |     0.7894 |    0.6818 |     0.1654 |     0.7979 |    0.6947 |   2.51e-04 |     
   23 |     0.1690 |     0.7939 |    0.6878 |     0.1653 |     0.8044 |    0.7012 |   2.46e-04 |     
   24 |     0.1692 |     0.7944 |    0.6884 |     0.1686 |     0.7933 |    0.6847 |   2.42e-04 |     
   25 |     0.1648 |     0.7995 |    0.6940 |     0.1722 |     0.8021 |    0.6982 |   2.37e-04 |     
   26 |     0.1673 |     0.7963 |    0.6902 |     0.1664 |     0.8008 |    0.6962 |   2.32e-04 |     
   27 |     0.1629 |     0.8018 |    0.6970 |     0.1634 |     0.8048 |    0.7008 |   2.27e-04 |     
   28 |     0.1638 |     0.8013 |    0.6962 |     0.1968 |     0.7849 |    0.6766 |   2.22e-04 |     
   29 |     0.1665 |     0.7976 |    0.6924 |     0.1610 |     0.8024 |    0.6985 |   2.17e-04 |     
   30 |     0.1612 |     0.8048 |    0.7005 |     0.1603 |     0.7992 |    0.6949 |   2.11e-04 |     
   31 |     0.1582 |     0.8077 |    0.7041 |     0.1578 |     0.8066 |    0.7026 |   2.06e-04 |     
   32 |     0.1589 |     0.8063 |    0.7028 |     0.1762 |     0.7959 |    0.6925 |   2.00e-04 |     
   33 |     0.1578 |     0.8089 |    0.7056 |     0.1652 |     0.8056 |    0.7026 |   1.94e-04 |     
   34 |     0.1562 |     0.8101 |    0.7078 |     0.1586 |     0.8105 |    0.7098 |   1.89e-04 |     
   35 |     0.1559 |     0.8105 |    0.7081 |     0.1568 |     0.8093 |    0.7075 |   1.83e-04 |     
   36 |     0.1542 |     0.8127 |    0.7110 |     0.1550 |     0.8109 |    0.7091 |   1.77e-04 |     
   37 |     0.1534 |     0.8141 |    0.7124 |     0.1591 |     0.8011 |    0.6973 |   1.71e-04 |     
   38 |     0.1522 |     0.8143 |    0.7129 |     0.1619 |     0.8121 |    0.7118 |   1.65e-04 |     
   39 |     0.1510 |     0.8165 |    0.7157 |     0.1714 |     0.8063 |    0.7036 |   1.59e-04 |     
   40 |     0.1508 |     0.8159 |    0.7151 |     0.1523 |     0.8161 |    0.7173 |   1.53e-04 |     
   41 |     0.1486 |     0.8196 |    0.7188 |     0.2507 |     0.7752 |    0.6614 |   1.48e-04 |     
   42 |     0.1499 |     0.8174 |    0.7165 |     0.1519 |     0.8120 |    0.7104 |   1.42e-04 |     
   43 |     0.1456 |     0.8228 |    0.7232 |     0.1570 |     0.8040 |    0.6995 |   1.36e-04 |     
   44 |     0.1442 |     0.8248 |    0.7254 |     0.1531 |     0.8194 |    0.7199 |   1.30e-04 |     
   45 |     0.1446 |     0.8239 |    0.7247 |     0.1548 |     0.8151 |    0.7141 |   1.24e-04 |     
   46 |     0.1437 |     0.8250 |    0.7259 |     0.1547 |     0.8179 |    0.7182 |   1.18e-04 |     
   47 |     0.1418 |     0.8271 |    0.7291 |     0.1561 |     0.8163 |    0.7159 |   1.12e-04 |     
   48 |     0.1408 |     0.8287 |    0.7309 |     0.1505 |     0.8182 |    0.7195 |   1.07e-04 |     
   49 |     0.1393 |     0.8313 |    0.7338 |     0.1512 |     0.8180 |    0.7193 |   1.01e-04 |     
   50 |     0.1385 |     0.8316 |    0.7343 |     0.1496 |     0.8227 |    0.7242 |   9.54e-05 |     
   51 |     0.1369 |     0.8340 |    0.7374 |     0.1510 |     0.8192 |    0.7206 |   8.99e-05 |     
   52 |     0.1354 |     0.8360 |    0.7400 |     0.1484 |     0.8216 |    0.7227 |   8.45e-05 |     
   53 |     0.1340 |     0.8378 |    0.7421 |     0.1490 |     0.8214 |    0.7235 |   7.92e-05 |     
   54 |     0.1341 |     0.8371 |    0.7420 |     0.1546 |     0.8198 |    0.7215 |   7.40e-05 |     
   55 |     0.1330 |     0.8384 |    0.7432 |     0.1543 |     0.8231 |    0.7254 |   6.90e-05 |     
   56 |     0.1311 |     0.8414 |    0.7470 |     0.1507 |     0.8190 |    0.7204 |   6.41e-05 |     
   57 |     0.1291 |     0.8435 |    0.7496 |     0.1528 |     0.8207 |    0.7228 |   5.93e-05 |     
   58 |     0.1273 |     0.8458 |    0.7526 |     0.1523 |     0.8196 |    0.7218 |   5.47e-05 |     
   59 |     0.1264 |     0.8473 |    0.7545 |     0.1506 |     0.8232 |    0.7250 |   5.02e-05 |     
   60 |     0.1250 |     0.8490 |    0.7564 |     0.1483 |     0.8229 |    0.7255 |   4.58e-05 |     
   61 |     0.1247 |     0.8496 |    0.7574 |     0.1514 |     0.8231 |    0.7260 |   4.17e-05 |    *
--- R2 plus final-map regional overlap: global validation statistics ---
up4: ca=0.8682+/-0.1050, sa=1.0030+/-0.0038, amp=0.0000, suppress=0.0000, guide_abs=0.2708
up4 residuals: local_mean=1.979e-02, global_mean=0.0144, local_strength=0.0736, global_strength=0.1102, gain=[0.9816,1.0145], saturation=0.0000, text_film=0.0048
up4 haar: reconstruction_error=9.537e-07, skip_low/high=0.7889/0.2111, plam_low/high=1.0000/0.0000
up4 strengths: plam=0.9514, region=0.0736, detail=0.1102; residual_std region/detail/refine=0.0227/0.6454/0.6125
up4 guide_mix: entropy=0.9817, raw_low=0.3419, plam_low=0.2316, decoder_low=0.2418, detail=0.1848; agreement plam/decoder=0.9897/0.9902, support=0.4370+/-0.0000
up4 adaptive_frequency: ALPF strength=0.2634, weights=0.1444/0.7178/0.1378, sum=1.0000, entropy=0.7183, delta_std=0.0845; AHPF strength=0.0706, weights=0.3838/0.4512/0.1650, sum=1.0000, entropy=0.9295, residual_std=0.1108, scaled_std=0.0078
up3: ca=1.0096+/-0.1457, sa=1.0082+/-0.0056, amp=0.0000, suppress=0.0000, guide_abs=0.2569
up3 residuals: local_mean=2.585e-02, global_mean=0.0424, local_strength=0.1116, global_strength=0.1239, gain=[0.9877,1.0369], saturation=0.0699, text_film=0.0221
up3 haar: reconstruction_error=9.537e-07, skip_low/high=0.7401/0.2599, plam_low/high=1.0000/0.0000
up3 strengths: plam=0.9059, region=0.1116, detail=0.1239; residual_std region/detail/refine=0.3840/0.5983/0.4971
up3 guide_mix: entropy=0.9835, raw_low=0.3211, plam_low=0.2057, decoder_low=0.2818, detail=0.1914; agreement plam/decoder=0.6810/0.2348, support=0.7968+/-0.0964
up3 adaptive_frequency: ALPF strength=0.3147, weights=0.1023/0.2913/0.6064, sum=1.0000, entropy=0.7091, delta_std=0.0815; AHPF strength=0.1258, weights=0.6696/0.1543/0.1762, sum=1.0000, entropy=0.6952, residual_std=0.0907, scaled_std=0.0114
up2: ca=0.8903+/-0.1324, sa=1.0020+/-0.0031, amp=0.0000, suppress=0.0000, guide_abs=0.3014
up2 residuals: local_mean=-1.475e-02, global_mean=0.0333, local_strength=0.1195, global_strength=0.1124, gain=[0.9713,1.0380], saturation=0.0000, text_film=0.0280
up2 haar: reconstruction_error=9.537e-07, skip_low/high=0.7875/0.2125, plam_low/high=1.0000/0.0000
up2 strengths: plam=0.8135, region=0.1195, detail=0.1124; residual_std region/detail/refine=0.2565/0.2945/0.1372
up2 guide_mix: entropy=0.9611, raw_low=0.3345, plam_low=0.1758, decoder_low=0.3278, detail=0.1619; agreement plam/decoder=0.2949/-0.1593, support=0.5929+/-0.0543
up1: ca=0.8653+/-0.1090, sa=1.0076+/-0.0127, amp=0.0000, suppress=0.0000, guide_abs=0.2434
up1 residuals: local_mean=-7.656e-03, global_mean=0.0886, local_strength=0.1297, global_strength=0.0990, gain=[0.9050,1.0954], saturation=0.0075, text_film=0.0387
up1 haar: reconstruction_error=1.907e-06, skip_low/high=0.7201/0.2799, plam_low/high=1.0000/0.0000
up1 strengths: plam=0.9059, region=0.1297, detail=0.0990; residual_std region/detail/refine=0.3259/0.3908/0.2021
up1 guide_mix: entropy=0.9426, raw_low=0.2892, plam_low=0.2057, decoder_low=0.3844, detail=0.1207; agreement plam/decoder=0.3261/0.0128, support=0.6386+/-0.0882

========= Epoch [62/80] =========
RS1_Test_session_09.12_17h44
Training with batch size : 16
   [Train] Epoch: [62][20/357]  Loss:0.134 (Avg 0.1151) IoU:0.732 (Avg 0.7740) Dice:0.8309 (Avg 0.8628) LR 3.77e-05   (AvgTime 0.6)   
   [Train] Epoch: [62][40/357]  Loss:0.159 (Avg 0.1191) IoU:0.714 (Avg 0.7680) Dice:0.8059 (Avg 0.8576) LR 3.77e-05   (AvgTime 0.6)   
   [Train] Epoch: [62][60/357]  Loss:0.121 (Avg 0.1201) IoU:0.762 (Avg 0.7655) Dice:0.8562 (Avg 0.8558) LR 3.77e-05   (AvgTime 0.5)   
   [Train] Epoch: [62][80/357]  Loss:0.122 (Avg 0.1209) IoU:0.797 (Avg 0.7643) Dice:0.8817 (Avg 0.8548) LR 3.77e-05   (AvgTime 0.5)   
   [Train] Epoch: [62][100/357]  Loss:0.089 (Avg 0.1212) IoU:0.814 (Avg 0.7629) Dice:0.8922 (Avg 0.8540) LR 3.77e-05   (AvgTime 0.5)   
   [Train] Epoch: [62][120/357]  Loss:0.081 (Avg 0.1208) IoU:0.839 (Avg 0.7635) Dice:0.9084 (Avg 0.8546) LR 3.77e-05   (AvgTime 0.5)   
   [Train] Epoch: [62][140/357]  Loss:0.125 (Avg 0.1197) IoU:0.763 (Avg 0.7655) Dice:0.8467 (Avg 0.8560) LR 3.77e-05   (AvgTime 0.5)   
   [Train] Epoch: [62][160/357]  Loss:0.113 (Avg 0.1198) IoU:0.788 (Avg 0.7654) Dice:0.8760 (Avg 0.8559) LR 3.77e-05   (AvgTime 0.5)   
   [Train] Epoch: [62][180/357]  Loss:0.071 (Avg 0.1200) IoU:0.856 (Avg 0.7649) Dice:0.9195 (Avg 0.8555) LR 3.77e-05   (AvgTime 0.5)   
   [Train] Epoch: [62][200/357]  Loss:0.101 (Avg 0.1197) IoU:0.792 (Avg 0.7655) Dice:0.8778 (Avg 0.8557) LR 3.77e-05   (AvgTime 0.5)   
   [Train] Epoch: [62][220/357]  Loss:0.171 (Avg 0.1205) IoU:0.690 (Avg 0.7639) Dice:0.7922 (Avg 0.8545) LR 3.77e-05   (AvgTime 0.5)   
   [Train] Epoch: [62][240/357]  Loss:0.118 (Avg 0.1210) IoU:0.766 (Avg 0.7629) Dice:0.8551 (Avg 0.8535) LR 3.77e-05   (AvgTime 0.5)   
   [Train] Epoch: [62][260/357]  Loss:0.138 (Avg 0.1211) IoU:0.725 (Avg 0.7628) Dice:0.8190 (Avg 0.8535) LR 3.77e-05   (AvgTime 0.5)   
   [Train] Epoch: [62][280/357]  Loss:0.155 (Avg 0.1217) IoU:0.727 (Avg 0.7618) Dice:0.8162 (Avg 0.8527) LR 3.77e-05   (AvgTime 0.5)   
   [Train] Epoch: [62][300/357]  Loss:0.164 (Avg 0.1223) IoU:0.681 (Avg 0.7608) Dice:0.7912 (Avg 0.8519) LR 3.77e-05   (AvgTime 0.5)   
   [Train] Epoch: [62][320/357]  Loss:0.088 (Avg 0.1229) IoU:0.816 (Avg 0.7598) Dice:0.8906 (Avg 0.8511) LR 3.77e-05   (AvgTime 0.5)   
   [Train] Epoch: [62][340/357]  Loss:0.106 (Avg 0.1227) IoU:0.789 (Avg 0.7604) Dice:0.8778 (Avg 0.8516) LR 3.77e-05   (AvgTime 0.5)   
   [Train] Epoch: [62][357/357]  Loss:0.113 (Avg 0.1231) IoU:0.755 (Avg 0.7596) Dice:0.8506 (Avg 0.8511) LR 3.77e-05   (AvgTime 0.5)   
   [Train] Loss components: main_dice=0.122910, main_focal=0.041724, main=0.082317, region_raw=0.317863, region_weighted=0.040786, empty_window_fraction=0.000000, total=0.123103
Validation
   [Val] Epoch: [62][20/90]  Loss:0.175 (Avg 0.1527) IoU:0.680 (Avg 0.7267) Dice:0.7971 (Avg 0.8282) (AvgTime 0.3)   
   [Val] Epoch: [62][40/90]  Loss:0.125 (Avg 0.1568) IoU:0.747 (Avg 0.7155) Dice:0.8462 (Avg 0.8172) (AvgTime 0.2)   
   [Val] Epoch: [62][60/90]  Loss:0.184 (Avg 0.1474) IoU:0.658 (Avg 0.7264) Dice:0.7655 (Avg 0.8242) (AvgTime 0.2)   
   [Val] Epoch: [62][80/90]  Loss:0.149 (Avg 0.1476) IoU:0.708 (Avg 0.7250) Dice:0.8087 (Avg 0.8231) (AvgTime 0.2)   
   [Val] Epoch: [62][90/90]  Loss:0.189 (Avg 0.1478) IoU:0.644 (Avg 0.7258) Dice:0.7675 (Avg 0.8235) (AvgTime 0.2)   
   [Val] Loss components: main_dice=0.146831, main_focal=0.061222, main=0.104026, region_raw=0.341081, region_weighted=0.043765, empty_window_fraction=0.000000, total=0.147791
	 No iou improvement; selected epoch 61
	 early_stopping_count: 1/80
--- Epoch History (1..62) ---
Epoch |  TrainLoss |  TrainDice |  TrainIoU |    ValLoss |    ValDice |    ValIoU |         LR | Best
    1 |     0.3300 |     0.6064 |    0.4771 |     0.2665 |     0.6917 |    0.5661 |   3.00e-04 |     
    2 |     0.2491 |     0.6986 |    0.5752 |     0.2503 |     0.7064 |    0.5831 |   3.00e-04 |     
    3 |     0.2238 |     0.7274 |    0.6082 |     0.2261 |     0.7490 |    0.6315 |   3.00e-04 |     
    4 |     0.2124 |     0.7413 |    0.6243 |     0.1852 |     0.7780 |    0.6672 |   2.99e-04 |     
    5 |     0.2062 |     0.7480 |    0.6318 |     0.1901 |     0.7618 |    0.6483 |   2.98e-04 |     
    6 |     0.2002 |     0.7563 |    0.6416 |     0.1824 |     0.7892 |    0.6820 |   2.97e-04 |     
    7 |     0.1965 |     0.7605 |    0.6471 |     0.1870 |     0.7776 |    0.6673 |   2.96e-04 |     
    8 |     0.1919 |     0.7663 |    0.6535 |     0.1781 |     0.7828 |    0.6722 |   2.94e-04 |     
    9 |     0.1907 |     0.7670 |    0.6549 |     0.1861 |     0.7859 |    0.6771 |   2.92e-04 |     
   10 |     0.1887 |     0.7700 |    0.6581 |     0.1904 |     0.7618 |    0.6500 |   2.91e-04 |     
   11 |     0.1847 |     0.7742 |    0.6630 |     0.1856 |     0.7791 |    0.6667 |   2.88e-04 |     
   12 |     0.1858 |     0.7730 |    0.6619 |     0.1814 |     0.7792 |    0.6699 |   2.86e-04 |     
   13 |     0.1827 |     0.7778 |    0.6673 |     0.1897 |     0.7836 |    0.6741 |   2.83e-04 |     
   14 |     0.1817 |     0.7785 |    0.6690 |     0.1761 |     0.7925 |    0.6846 |   2.80e-04 |     
   15 |     0.1790 |     0.7817 |    0.6727 |     0.1662 |     0.7947 |    0.6887 |   2.77e-04 |     
   16 |     0.1777 |     0.7832 |    0.6748 |     0.1662 |     0.7984 |    0.6933 |   2.74e-04 |     
   17 |     0.1747 |     0.7868 |    0.6787 |     0.1849 |     0.7656 |    0.6528 |   2.71e-04 |     
   18 |     0.1751 |     0.7880 |    0.6794 |     0.1706 |     0.7853 |    0.6776 |   2.67e-04 |     
   19 |     0.1727 |     0.7889 |    0.6813 |     0.1837 |     0.7750 |    0.6655 |   2.63e-04 |     
   20 |     0.1748 |     0.7871 |    0.6790 |     0.1670 |     0.7913 |    0.6862 |   2.59e-04 |     
   21 |     0.1711 |     0.7912 |    0.6837 |     0.1725 |     0.8030 |    0.6988 |   2.55e-04 |     
   22 |     0.1732 |     0.7894 |    0.6818 |     0.1654 |     0.7979 |    0.6947 |   2.51e-04 |     
   23 |     0.1690 |     0.7939 |    0.6878 |     0.1653 |     0.8044 |    0.7012 |   2.46e-04 |     
   24 |     0.1692 |     0.7944 |    0.6884 |     0.1686 |     0.7933 |    0.6847 |   2.42e-04 |     
   25 |     0.1648 |     0.7995 |    0.6940 |     0.1722 |     0.8021 |    0.6982 |   2.37e-04 |     
   26 |     0.1673 |     0.7963 |    0.6902 |     0.1664 |     0.8008 |    0.6962 |   2.32e-04 |     
   27 |     0.1629 |     0.8018 |    0.6970 |     0.1634 |     0.8048 |    0.7008 |   2.27e-04 |     
   28 |     0.1638 |     0.8013 |    0.6962 |     0.1968 |     0.7849 |    0.6766 |   2.22e-04 |     
   29 |     0.1665 |     0.7976 |    0.6924 |     0.1610 |     0.8024 |    0.6985 |   2.17e-04 |     
   30 |     0.1612 |     0.8048 |    0.7005 |     0.1603 |     0.7992 |    0.6949 |   2.11e-04 |     
   31 |     0.1582 |     0.8077 |    0.7041 |     0.1578 |     0.8066 |    0.7026 |   2.06e-04 |     
   32 |     0.1589 |     0.8063 |    0.7028 |     0.1762 |     0.7959 |    0.6925 |   2.00e-04 |     
   33 |     0.1578 |     0.8089 |    0.7056 |     0.1652 |     0.8056 |    0.7026 |   1.94e-04 |     
   34 |     0.1562 |     0.8101 |    0.7078 |     0.1586 |     0.8105 |    0.7098 |   1.89e-04 |     
   35 |     0.1559 |     0.8105 |    0.7081 |     0.1568 |     0.8093 |    0.7075 |   1.83e-04 |     
   36 |     0.1542 |     0.8127 |    0.7110 |     0.1550 |     0.8109 |    0.7091 |   1.77e-04 |     
   37 |     0.1534 |     0.8141 |    0.7124 |     0.1591 |     0.8011 |    0.6973 |   1.71e-04 |     
   38 |     0.1522 |     0.8143 |    0.7129 |     0.1619 |     0.8121 |    0.7118 |   1.65e-04 |     
   39 |     0.1510 |     0.8165 |    0.7157 |     0.1714 |     0.8063 |    0.7036 |   1.59e-04 |     
   40 |     0.1508 |     0.8159 |    0.7151 |     0.1523 |     0.8161 |    0.7173 |   1.53e-04 |     
   41 |     0.1486 |     0.8196 |    0.7188 |     0.2507 |     0.7752 |    0.6614 |   1.48e-04 |     
   42 |     0.1499 |     0.8174 |    0.7165 |     0.1519 |     0.8120 |    0.7104 |   1.42e-04 |     
   43 |     0.1456 |     0.8228 |    0.7232 |     0.1570 |     0.8040 |    0.6995 |   1.36e-04 |     
   44 |     0.1442 |     0.8248 |    0.7254 |     0.1531 |     0.8194 |    0.7199 |   1.30e-04 |     
   45 |     0.1446 |     0.8239 |    0.7247 |     0.1548 |     0.8151 |    0.7141 |   1.24e-04 |     
   46 |     0.1437 |     0.8250 |    0.7259 |     0.1547 |     0.8179 |    0.7182 |   1.18e-04 |     
   47 |     0.1418 |     0.8271 |    0.7291 |     0.1561 |     0.8163 |    0.7159 |   1.12e-04 |     
   48 |     0.1408 |     0.8287 |    0.7309 |     0.1505 |     0.8182 |    0.7195 |   1.07e-04 |     
   49 |     0.1393 |     0.8313 |    0.7338 |     0.1512 |     0.8180 |    0.7193 |   1.01e-04 |     
   50 |     0.1385 |     0.8316 |    0.7343 |     0.1496 |     0.8227 |    0.7242 |   9.54e-05 |     
   51 |     0.1369 |     0.8340 |    0.7374 |     0.1510 |     0.8192 |    0.7206 |   8.99e-05 |     
   52 |     0.1354 |     0.8360 |    0.7400 |     0.1484 |     0.8216 |    0.7227 |   8.45e-05 |     
   53 |     0.1340 |     0.8378 |    0.7421 |     0.1490 |     0.8214 |    0.7235 |   7.92e-05 |     
   54 |     0.1341 |     0.8371 |    0.7420 |     0.1546 |     0.8198 |    0.7215 |   7.40e-05 |     
   55 |     0.1330 |     0.8384 |    0.7432 |     0.1543 |     0.8231 |    0.7254 |   6.90e-05 |     
   56 |     0.1311 |     0.8414 |    0.7470 |     0.1507 |     0.8190 |    0.7204 |   6.41e-05 |     
   57 |     0.1291 |     0.8435 |    0.7496 |     0.1528 |     0.8207 |    0.7228 |   5.93e-05 |     
   58 |     0.1273 |     0.8458 |    0.7526 |     0.1523 |     0.8196 |    0.7218 |   5.47e-05 |     
   59 |     0.1264 |     0.8473 |    0.7545 |     0.1506 |     0.8232 |    0.7250 |   5.02e-05 |     
   60 |     0.1250 |     0.8490 |    0.7564 |     0.1483 |     0.8229 |    0.7255 |   4.58e-05 |     
   61 |     0.1247 |     0.8496 |    0.7574 |     0.1514 |     0.8231 |    0.7260 |   4.17e-05 |    *
   62 |     0.1231 |     0.8511 |    0.7596 |     0.1478 |     0.8235 |    0.7258 |   3.77e-05 |     
--- R2 plus final-map regional overlap: global validation statistics ---
up4: ca=0.8707+/-0.1028, sa=1.0030+/-0.0039, amp=0.0000, suppress=0.0000, guide_abs=0.2859
up4 residuals: local_mean=1.978e-02, global_mean=0.0142, local_strength=0.0736, global_strength=0.1102, gain=[0.9799,1.0139], saturation=0.0000, text_film=0.0048
up4 haar: reconstruction_error=9.537e-07, skip_low/high=0.7884/0.2116, plam_low/high=1.0000/0.0000
up4 strengths: plam=0.9514, region=0.0736, detail=0.1102; residual_std region/detail/refine=0.0226/0.6427/0.6098
up4 guide_mix: entropy=0.9822, raw_low=0.3381, plam_low=0.2383, decoder_low=0.2418, detail=0.1818; agreement plam/decoder=0.9149/0.9124, support=0.4371+/-0.0000
up4 adaptive_frequency: ALPF strength=0.2636, weights=0.1430/0.7192/0.1377, sum=1.0000, entropy=0.7162, delta_std=0.0849; AHPF strength=0.0706, weights=0.3851/0.4500/0.1649, sum=1.0000, entropy=0.9296, residual_std=0.1104, scaled_std=0.0078
up3: ca=1.0138+/-0.1445, sa=1.0080+/-0.0057, amp=0.0000, suppress=0.0000, guide_abs=0.2538
up3 residuals: local_mean=2.530e-02, global_mean=0.0421, local_strength=0.1116, global_strength=0.1239, gain=[0.9831,1.0385], saturation=0.0635, text_film=0.0208
up3 haar: reconstruction_error=9.537e-07, skip_low/high=0.7380/0.2620, plam_low/high=1.0000/0.0000
up3 strengths: plam=0.9058, region=0.1116, detail=0.1239; residual_std region/detail/refine=0.3791/0.6007/0.4979
up3 guide_mix: entropy=0.9849, raw_low=0.3230, plam_low=0.2101, decoder_low=0.2729, detail=0.1940; agreement plam/decoder=0.6820/0.2510, support=0.7909+/-0.0985
up3 adaptive_frequency: ALPF strength=0.3149, weights=0.1203/0.3264/0.5533, sum=1.0000, entropy=0.7380, delta_std=0.0776; AHPF strength=0.1259, weights=0.6110/0.1702/0.2188, sum=1.0000, entropy=0.7545, residual_std=0.1062, scaled_std=0.0134
up2: ca=0.8970+/-0.1154, sa=1.0019+/-0.0033, amp=0.0000, suppress=0.0000, guide_abs=0.3074
up2 residuals: local_mean=-1.481e-02, global_mean=0.0329, local_strength=0.1195, global_strength=0.1125, gain=[0.9684,1.0402], saturation=0.0000, text_film=0.0261
up2 haar: reconstruction_error=9.537e-07, skip_low/high=0.7852/0.2148, plam_low/high=1.0000/0.0000
up2 strengths: plam=0.8133, region=0.1195, detail=0.1125; residual_std region/detail/refine=0.2626/0.3053/0.1366
up2 guide_mix: entropy=0.9634, raw_low=0.3383, plam_low=0.1769, decoder_low=0.3190, detail=0.1658; agreement plam/decoder=0.3162/-0.1225, support=0.5921+/-0.0569
up1: ca=0.8721+/-0.1043, sa=1.0076+/-0.0130, amp=0.0000, suppress=0.0000, guide_abs=0.2417
up1 residuals: local_mean=-8.143e-03, global_mean=0.0890, local_strength=0.1297, global_strength=0.0990, gain=[0.9045,1.0958], saturation=0.0076, text_film=0.0392
up1 haar: reconstruction_error=1.431e-06, skip_low/high=0.7172/0.2828, plam_low/high=1.0000/0.0000
up1 strengths: plam=0.9057, region=0.1297, detail=0.0990; residual_std region/detail/refine=0.3340/0.4005/0.2024
up1 guide_mix: entropy=0.9467, raw_low=0.2835, plam_low=0.2196, decoder_low=0.3770, detail=0.1199; agreement plam/decoder=0.3142/0.0154, support=0.6394+/-0.0893

========= Epoch [63/80] =========
RS1_Test_session_09.12_17h44
Training with batch size : 16
   [Train] Epoch: [63][20/357]  Loss:0.092 (Avg 0.1232) IoU:0.834 (Avg 0.7627) Dice:0.9040 (Avg 0.8536) LR 3.39e-05   (AvgTime 0.6)   
   [Train] Epoch: [63][40/357]  Loss:0.179 (Avg 0.1214) IoU:0.674 (Avg 0.7644) Dice:0.7851 (Avg 0.8547) LR 3.39e-05   (AvgTime 0.6)   
   [Train] Epoch: [63][60/357]  Loss:0.114 (Avg 0.1188) IoU:0.766 (Avg 0.7675) Dice:0.8620 (Avg 0.8578) LR 3.39e-05   (AvgTime 0.6)   
   [Train] Epoch: [63][80/357]  Loss:0.105 (Avg 0.1203) IoU:0.789 (Avg 0.7654) Dice:0.8740 (Avg 0.8558) LR 3.39e-05   (AvgTime 0.6)   
   [Train] Epoch: [63][100/357]  Loss:0.126 (Avg 0.1210) IoU:0.749 (Avg 0.7648) Dice:0.8443 (Avg 0.8552) LR 3.39e-05   (AvgTime 0.6)   
   [Train] Epoch: [63][120/357]  Loss:0.096 (Avg 0.1195) IoU:0.805 (Avg 0.7674) Dice:0.8873 (Avg 0.8574) LR 3.39e-05   (AvgTime 0.6)   
   [Train] Epoch: [63][140/357]  Loss:0.092 (Avg 0.1188) IoU:0.822 (Avg 0.7688) Dice:0.8977 (Avg 0.8584) LR 3.39e-05   (AvgTime 0.6)   
   [Train] Epoch: [63][160/357]  Loss:0.126 (Avg 0.1187) IoU:0.750 (Avg 0.7691) Dice:0.8393 (Avg 0.8584) LR 3.39e-05   (AvgTime 0.6)   
   [Train] Epoch: [63][180/357]  Loss:0.122 (Avg 0.1193) IoU:0.760 (Avg 0.7674) Dice:0.8566 (Avg 0.8573) LR 3.39e-05   (AvgTime 0.6)   
   [Train] Epoch: [63][200/357]  Loss:0.099 (Avg 0.1191) IoU:0.788 (Avg 0.7677) Dice:0.8766 (Avg 0.8577) LR 3.39e-05   (AvgTime 0.6)   
   [Train] Epoch: [63][220/357]  Loss:0.119 (Avg 0.1198) IoU:0.739 (Avg 0.7662) Dice:0.8447 (Avg 0.8564) LR 3.39e-05   (AvgTime 0.6)   
   [Train] Epoch: [63][240/357]  Loss:0.132 (Avg 0.1196) IoU:0.726 (Avg 0.7667) Dice:0.8337 (Avg 0.8568) LR 3.39e-05   (AvgTime 0.6)   
   [Train] Epoch: [63][260/357]  Loss:0.128 (Avg 0.1203) IoU:0.734 (Avg 0.7654) Dice:0.8389 (Avg 0.8559) LR 3.39e-05   (AvgTime 0.6)   
   [Train] Epoch: [63][280/357]  Loss:0.124 (Avg 0.1200) IoU:0.751 (Avg 0.7656) Dice:0.8516 (Avg 0.8560) LR 3.39e-05   (AvgTime 0.6)   
   [Train] Epoch: [63][300/357]  Loss:0.127 (Avg 0.1204) IoU:0.742 (Avg 0.7650) Dice:0.8410 (Avg 0.8556) LR 3.39e-05   (AvgTime 0.6)   
   [Train] Epoch: [63][320/357]  Loss:0.107 (Avg 0.1210) IoU:0.786 (Avg 0.7639) Dice:0.8738 (Avg 0.8548) LR 3.39e-05   (AvgTime 0.6)   
   [Train] Epoch: [63][340/357]  Loss:0.145 (Avg 0.1213) IoU:0.746 (Avg 0.7633) Dice:0.8271 (Avg 0.8543) LR 3.39e-05   (AvgTime 0.6)   
   [Train] Epoch: [63][357/357]  Loss:0.155 (Avg 0.1217) IoU:0.683 (Avg 0.7625) Dice:0.8010 (Avg 0.8535) LR 3.39e-05   (AvgTime 0.6)   
   [Train] Loss components: main_dice=0.120925, main_focal=0.041569, main=0.081247, region_raw=0.315201, region_weighted=0.040444, empty_window_fraction=0.000000, total=0.121691
Validation
   [Val] Epoch: [63][20/90]  Loss:0.204 (Avg 0.1610) IoU:0.661 (Avg 0.7257) Dice:0.7817 (Avg 0.8261) (AvgTime 0.3)   
   [Val] Epoch: [63][40/90]  Loss:0.137 (Avg 0.1638) IoU:0.730 (Avg 0.7149) Dice:0.8361 (Avg 0.8157) (AvgTime 0.3)   
   [Val] Epoch: [63][60/90]  Loss:0.207 (Avg 0.1536) IoU:0.647 (Avg 0.7269) Dice:0.7553 (Avg 0.8241) (AvgTime 0.2)   
   [Val] Epoch: [63][80/90]  Loss:0.146 (Avg 0.1519) IoU:0.706 (Avg 0.7268) Dice:0.8109 (Avg 0.8241) (AvgTime 0.2)   
   [Val] Epoch: [63][90/90]  Loss:0.215 (Avg 0.1520) IoU:0.615 (Avg 0.7274) Dice:0.7415 (Avg 0.8245) (AvgTime 0.2)   
   [Val] Loss components: main_dice=0.145302, main_focal=0.073660, main=0.109481, region_raw=0.331271, region_weighted=0.042506, empty_window_fraction=0.000000, total=0.151987
	 Saving best model by iou: 0.727409
	 Saving to Covid19/BetterLViT/rs1_global_iou/RS1_Test_session_09.12_17h44/models//best_model-BetterLViT.pth.tar
	 early_stopping_count: 0/80
--- Epoch History (1..63) ---
Epoch |  TrainLoss |  TrainDice |  TrainIoU |    ValLoss |    ValDice |    ValIoU |         LR | Best
    1 |     0.3300 |     0.6064 |    0.4771 |     0.2665 |     0.6917 |    0.5661 |   3.00e-04 |     
    2 |     0.2491 |     0.6986 |    0.5752 |     0.2503 |     0.7064 |    0.5831 |   3.00e-04 |     
    3 |     0.2238 |     0.7274 |    0.6082 |     0.2261 |     0.7490 |    0.6315 |   3.00e-04 |     
    4 |     0.2124 |     0.7413 |    0.6243 |     0.1852 |     0.7780 |    0.6672 |   2.99e-04 |     
    5 |     0.2062 |     0.7480 |    0.6318 |     0.1901 |     0.7618 |    0.6483 |   2.98e-04 |     
    6 |     0.2002 |     0.7563 |    0.6416 |     0.1824 |     0.7892 |    0.6820 |   2.97e-04 |     
    7 |     0.1965 |     0.7605 |    0.6471 |     0.1870 |     0.7776 |    0.6673 |   2.96e-04 |     
    8 |     0.1919 |     0.7663 |    0.6535 |     0.1781 |     0.7828 |    0.6722 |   2.94e-04 |     
    9 |     0.1907 |     0.7670 |    0.6549 |     0.1861 |     0.7859 |    0.6771 |   2.92e-04 |     
   10 |     0.1887 |     0.7700 |    0.6581 |     0.1904 |     0.7618 |    0.6500 |   2.91e-04 |     
   11 |     0.1847 |     0.7742 |    0.6630 |     0.1856 |     0.7791 |    0.6667 |   2.88e-04 |     
   12 |     0.1858 |     0.7730 |    0.6619 |     0.1814 |     0.7792 |    0.6699 |   2.86e-04 |     
   13 |     0.1827 |     0.7778 |    0.6673 |     0.1897 |     0.7836 |    0.6741 |   2.83e-04 |     
   14 |     0.1817 |     0.7785 |    0.6690 |     0.1761 |     0.7925 |    0.6846 |   2.80e-04 |     
   15 |     0.1790 |     0.7817 |    0.6727 |     0.1662 |     0.7947 |    0.6887 |   2.77e-04 |     
   16 |     0.1777 |     0.7832 |    0.6748 |     0.1662 |     0.7984 |    0.6933 |   2.74e-04 |     
   17 |     0.1747 |     0.7868 |    0.6787 |     0.1849 |     0.7656 |    0.6528 |   2.71e-04 |     
   18 |     0.1751 |     0.7880 |    0.6794 |     0.1706 |     0.7853 |    0.6776 |   2.67e-04 |     
   19 |     0.1727 |     0.7889 |    0.6813 |     0.1837 |     0.7750 |    0.6655 |   2.63e-04 |     
   20 |     0.1748 |     0.7871 |    0.6790 |     0.1670 |     0.7913 |    0.6862 |   2.59e-04 |     
   21 |     0.1711 |     0.7912 |    0.6837 |     0.1725 |     0.8030 |    0.6988 |   2.55e-04 |     
   22 |     0.1732 |     0.7894 |    0.6818 |     0.1654 |     0.7979 |    0.6947 |   2.51e-04 |     
   23 |     0.1690 |     0.7939 |    0.6878 |     0.1653 |     0.8044 |    0.7012 |   2.46e-04 |     
   24 |     0.1692 |     0.7944 |    0.6884 |     0.1686 |     0.7933 |    0.6847 |   2.42e-04 |     
   25 |     0.1648 |     0.7995 |    0.6940 |     0.1722 |     0.8021 |    0.6982 |   2.37e-04 |     
   26 |     0.1673 |     0.7963 |    0.6902 |     0.1664 |     0.8008 |    0.6962 |   2.32e-04 |     
   27 |     0.1629 |     0.8018 |    0.6970 |     0.1634 |     0.8048 |    0.7008 |   2.27e-04 |     
   28 |     0.1638 |     0.8013 |    0.6962 |     0.1968 |     0.7849 |    0.6766 |   2.22e-04 |     
   29 |     0.1665 |     0.7976 |    0.6924 |     0.1610 |     0.8024 |    0.6985 |   2.17e-04 |     
   30 |     0.1612 |     0.8048 |    0.7005 |     0.1603 |     0.7992 |    0.6949 |   2.11e-04 |     
   31 |     0.1582 |     0.8077 |    0.7041 |     0.1578 |     0.8066 |    0.7026 |   2.06e-04 |     
   32 |     0.1589 |     0.8063 |    0.7028 |     0.1762 |     0.7959 |    0.6925 |   2.00e-04 |     
   33 |     0.1578 |     0.8089 |    0.7056 |     0.1652 |     0.8056 |    0.7026 |   1.94e-04 |     
   34 |     0.1562 |     0.8101 |    0.7078 |     0.1586 |     0.8105 |    0.7098 |   1.89e-04 |     
   35 |     0.1559 |     0.8105 |    0.7081 |     0.1568 |     0.8093 |    0.7075 |   1.83e-04 |     
   36 |     0.1542 |     0.8127 |    0.7110 |     0.1550 |     0.8109 |    0.7091 |   1.77e-04 |     
   37 |     0.1534 |     0.8141 |    0.7124 |     0.1591 |     0.8011 |    0.6973 |   1.71e-04 |     
   38 |     0.1522 |     0.8143 |    0.7129 |     0.1619 |     0.8121 |    0.7118 |   1.65e-04 |     
   39 |     0.1510 |     0.8165 |    0.7157 |     0.1714 |     0.8063 |    0.7036 |   1.59e-04 |     
   40 |     0.1508 |     0.8159 |    0.7151 |     0.1523 |     0.8161 |    0.7173 |   1.53e-04 |     
   41 |     0.1486 |     0.8196 |    0.7188 |     0.2507 |     0.7752 |    0.6614 |   1.48e-04 |     
   42 |     0.1499 |     0.8174 |    0.7165 |     0.1519 |     0.8120 |    0.7104 |   1.42e-04 |     
   43 |     0.1456 |     0.8228 |    0.7232 |     0.1570 |     0.8040 |    0.6995 |   1.36e-04 |     
   44 |     0.1442 |     0.8248 |    0.7254 |     0.1531 |     0.8194 |    0.7199 |   1.30e-04 |     
   45 |     0.1446 |     0.8239 |    0.7247 |     0.1548 |     0.8151 |    0.7141 |   1.24e-04 |     
   46 |     0.1437 |     0.8250 |    0.7259 |     0.1547 |     0.8179 |    0.7182 |   1.18e-04 |     
   47 |     0.1418 |     0.8271 |    0.7291 |     0.1561 |     0.8163 |    0.7159 |   1.12e-04 |     
   48 |     0.1408 |     0.8287 |    0.7309 |     0.1505 |     0.8182 |    0.7195 |   1.07e-04 |     
   49 |     0.1393 |     0.8313 |    0.7338 |     0.1512 |     0.8180 |    0.7193 |   1.01e-04 |     
   50 |     0.1385 |     0.8316 |    0.7343 |     0.1496 |     0.8227 |    0.7242 |   9.54e-05 |     
   51 |     0.1369 |     0.8340 |    0.7374 |     0.1510 |     0.8192 |    0.7206 |   8.99e-05 |     
   52 |     0.1354 |     0.8360 |    0.7400 |     0.1484 |     0.8216 |    0.7227 |   8.45e-05 |     
   53 |     0.1340 |     0.8378 |    0.7421 |     0.1490 |     0.8214 |    0.7235 |   7.92e-05 |     
   54 |     0.1341 |     0.8371 |    0.7420 |     0.1546 |     0.8198 |    0.7215 |   7.40e-05 |     
   55 |     0.1330 |     0.8384 |    0.7432 |     0.1543 |     0.8231 |    0.7254 |   6.90e-05 |     
   56 |     0.1311 |     0.8414 |    0.7470 |     0.1507 |     0.8190 |    0.7204 |   6.41e-05 |     
   57 |     0.1291 |     0.8435 |    0.7496 |     0.1528 |     0.8207 |    0.7228 |   5.93e-05 |     
   58 |     0.1273 |     0.8458 |    0.7526 |     0.1523 |     0.8196 |    0.7218 |   5.47e-05 |     
   59 |     0.1264 |     0.8473 |    0.7545 |     0.1506 |     0.8232 |    0.7250 |   5.02e-05 |     
   60 |     0.1250 |     0.8490 |    0.7564 |     0.1483 |     0.8229 |    0.7255 |   4.58e-05 |     
   61 |     0.1247 |     0.8496 |    0.7574 |     0.1514 |     0.8231 |    0.7260 |   4.17e-05 |     
   62 |     0.1231 |     0.8511 |    0.7596 |     0.1478 |     0.8235 |    0.7258 |   3.77e-05 |     
   63 |     0.1217 |     0.8535 |    0.7625 |     0.1520 |     0.8245 |    0.7274 |   3.39e-05 |    *
--- R2 plus final-map regional overlap: global validation statistics ---
up4: ca=0.8684+/-0.1008, sa=1.0030+/-0.0039, amp=0.0000, suppress=0.0000, guide_abs=0.2716
up4 residuals: local_mean=1.970e-02, global_mean=0.0138, local_strength=0.0735, global_strength=0.1103, gain=[0.9802,1.0147], saturation=0.0000, text_film=0.0048
up4 haar: reconstruction_error=6.855e-07, skip_low/high=0.7867/0.2133, plam_low/high=1.0000/0.0000
up4 strengths: plam=0.9513, region=0.0735, detail=0.1103; residual_std region/detail/refine=0.0224/0.6476/0.6150
up4 guide_mix: entropy=0.9817, raw_low=0.3426, plam_low=0.2361, decoder_low=0.2359, detail=0.1854; agreement plam/decoder=0.9921/0.9961, support=0.4367+/-0.0000
up4 adaptive_frequency: ALPF strength=0.2635, weights=0.1473/0.7172/0.1354, sum=1.0000, entropy=0.7184, delta_std=0.0817; AHPF strength=0.0706, weights=0.3856/0.4495/0.1649, sum=1.0000, entropy=0.9298, residual_std=0.1102, scaled_std=0.0078
up3: ca=1.0138+/-0.1420, sa=1.0080+/-0.0055, amp=0.0000, suppress=0.0000, guide_abs=0.2558
up3 residuals: local_mean=2.522e-02, global_mean=0.0417, local_strength=0.1116, global_strength=0.1239, gain=[0.9863,1.0385], saturation=0.0594, text_film=0.0219
up3 haar: reconstruction_error=9.537e-07, skip_low/high=0.7405/0.2595, plam_low/high=1.0000/0.0000
up3 strengths: plam=0.9057, region=0.1116, detail=0.1239; residual_std region/detail/refine=0.3794/0.5979/0.4965
up3 guide_mix: entropy=0.9844, raw_low=0.3260, plam_low=0.2090, decoder_low=0.2708, detail=0.1943; agreement plam/decoder=0.6844/0.2296, support=0.7933+/-0.0980
up3 adaptive_frequency: ALPF strength=0.3151, weights=0.1131/0.3176/0.5694, sum=1.0000, entropy=0.7388, delta_std=0.0765; AHPF strength=0.1259, weights=0.6470/0.1572/0.1959, sum=1.0000, entropy=0.7155, residual_std=0.0965, scaled_std=0.0122
up2: ca=0.8989+/-0.1284, sa=1.0020+/-0.0032, amp=0.0000, suppress=0.0000, guide_abs=0.3057
up2 residuals: local_mean=-1.478e-02, global_mean=0.0332, local_strength=0.1195, global_strength=0.1124, gain=[0.9708,1.0373], saturation=0.0000, text_film=0.0285
up2 haar: reconstruction_error=9.537e-07, skip_low/high=0.7868/0.2132, plam_low/high=1.0000/0.0000
up2 strengths: plam=0.8131, region=0.1195, detail=0.1124; residual_std region/detail/refine=0.2666/0.2960/0.1347
up2 guide_mix: entropy=0.9627, raw_low=0.3394, plam_low=0.1775, decoder_low=0.3190, detail=0.1640; agreement plam/decoder=0.3057/-0.1373, support=0.5915+/-0.0586
up1: ca=0.8765+/-0.1003, sa=1.0076+/-0.0129, amp=0.0000, suppress=0.0000, guide_abs=0.2442
up1 residuals: local_mean=-8.013e-03, global_mean=0.0891, local_strength=0.1298, global_strength=0.0990, gain=[0.9049,1.0955], saturation=0.0086, text_film=0.0388
up1 haar: reconstruction_error=1.907e-06, skip_low/high=0.7188/0.2812, plam_low/high=1.0000/0.0000
up1 strengths: plam=0.9057, region=0.1298, detail=0.0990; residual_std region/detail/refine=0.3371/0.3961/0.2025
up1 guide_mix: entropy=0.9452, raw_low=0.2792, plam_low=0.2223, decoder_low=0.3805, detail=0.1179; agreement plam/decoder=0.2519/-0.0309, support=0.6390+/-0.0884

========= Epoch [64/80] =========
RS1_Test_session_09.12_17h44
Training with batch size : 16
   [Train] Epoch: [64][20/357]  Loss:0.081 (Avg 0.1266) IoU:0.841 (Avg 0.7531) Dice:0.9116 (Avg 0.8480) LR 3.03e-05   (AvgTime 0.6)   
   [Train] Epoch: [64][40/357]  Loss:0.096 (Avg 0.1186) IoU:0.800 (Avg 0.7670) Dice:0.8822 (Avg 0.8582) LR 3.03e-05   (AvgTime 0.6)   
   [Train] Epoch: [64][60/357]  Loss:0.100 (Avg 0.1167) IoU:0.791 (Avg 0.7708) Dice:0.8776 (Avg 0.8607) LR 3.03e-05   (AvgTime 0.6)   
   [Train] Epoch: [64][80/357]  Loss:0.150 (Avg 0.1180) IoU:0.706 (Avg 0.7684) Dice:0.8131 (Avg 0.8589) LR 3.03e-05   (AvgTime 0.6)   
   [Train] Epoch: [64][100/357]  Loss:0.102 (Avg 0.1162) IoU:0.787 (Avg 0.7708) Dice:0.8745 (Avg 0.8606) LR 3.03e-05   (AvgTime 0.6)   
   [Train] Epoch: [64][120/357]  Loss:0.120 (Avg 0.1171) IoU:0.759 (Avg 0.7695) Dice:0.8452 (Avg 0.8594) LR 3.03e-05   (AvgTime 0.6)   
   [Train] Epoch: [64][140/357]  Loss:0.120 (Avg 0.1181) IoU:0.771 (Avg 0.7671) Dice:0.8603 (Avg 0.8576) LR 3.03e-05   (AvgTime 0.6)   
   [Train] Epoch: [64][160/357]  Loss:0.130 (Avg 0.1201) IoU:0.733 (Avg 0.7636) Dice:0.8309 (Avg 0.8546) LR 3.03e-05   (AvgTime 0.6)   
   [Train] Epoch: [64][180/357]  Loss:0.084 (Avg 0.1191) IoU:0.835 (Avg 0.7658) Dice:0.9080 (Avg 0.8563) LR 3.03e-05   (AvgTime 0.6)   
   [Train] Epoch: [64][200/357]  Loss:0.104 (Avg 0.1193) IoU:0.801 (Avg 0.7654) Dice:0.8820 (Avg 0.8559) LR 3.03e-05   (AvgTime 0.6)   
   [Train] Epoch: [64][220/357]  Loss:0.095 (Avg 0.1198) IoU:0.801 (Avg 0.7648) Dice:0.8810 (Avg 0.8555) LR 3.03e-05   (AvgTime 0.6)   
   [Train] Epoch: [64][240/357]  Loss:0.067 (Avg 0.1193) IoU:0.868 (Avg 0.7661) Dice:0.9280 (Avg 0.8564) LR 3.03e-05   (AvgTime 0.6)   
   [Train] Epoch: [64][260/357]  Loss:0.086 (Avg 0.1195) IoU:0.835 (Avg 0.7657) Dice:0.9063 (Avg 0.8561) LR 3.03e-05   (AvgTime 0.6)   
   [Train] Epoch: [64][280/357]  Loss:0.107 (Avg 0.1200) IoU:0.777 (Avg 0.7649) Dice:0.8637 (Avg 0.8553) LR 3.03e-05   (AvgTime 0.6)   
   [Train] Epoch: [64][300/357]  Loss:0.102 (Avg 0.1206) IoU:0.796 (Avg 0.7640) Dice:0.8707 (Avg 0.8544) LR 3.03e-05   (AvgTime 0.6)   
   [Train] Epoch: [64][320/357]  Loss:0.092 (Avg 0.1208) IoU:0.810 (Avg 0.7635) Dice:0.8919 (Avg 0.8541) LR 3.03e-05   (AvgTime 0.6)   
   [Train] Epoch: [64][340/357]  Loss:0.101 (Avg 0.1202) IoU:0.796 (Avg 0.7646) Dice:0.8799 (Avg 0.8550) LR 3.03e-05   (AvgTime 0.6)   
   [Train] Epoch: [64][357/357]  Loss:0.090 (Avg 0.1200) IoU:0.817 (Avg 0.7648) Dice:0.8929 (Avg 0.8552) LR 3.03e-05   (AvgTime 0.6)   
   [Train] Loss components: main_dice=0.119189, main_focal=0.040816, main=0.080002, region_raw=0.311824, region_weighted=0.040011, empty_window_fraction=0.000000, total=0.120013
Validation
   [Val] Epoch: [64][20/90]  Loss:0.187 (Avg 0.1579) IoU:0.668 (Avg 0.7253) Dice:0.7890 (Avg 0.8262) (AvgTime 0.3)   
   [Val] Epoch: [64][40/90]  Loss:0.130 (Avg 0.1613) IoU:0.738 (Avg 0.7157) Dice:0.8422 (Avg 0.8168) (AvgTime 0.2)   
   [Val] Epoch: [64][60/90]  Loss:0.196 (Avg 0.1525) IoU:0.657 (Avg 0.7268) Dice:0.7634 (Avg 0.8243) (AvgTime 0.2)   
   [Val] Epoch: [64][80/90]  Loss:0.153 (Avg 0.1536) IoU:0.708 (Avg 0.7249) Dice:0.8103 (Avg 0.8227) (AvgTime 0.2)   
   [Val] Epoch: [64][90/90]  Loss:0.209 (Avg 0.1545) IoU:0.621 (Avg 0.7250) Dice:0.7483 (Avg 0.8226) (AvgTime 0.2)   
   [Val] Loss components: main_dice=0.147086, main_focal=0.075557, main=0.111321, region_raw=0.336170, region_weighted=0.043135, empty_window_fraction=0.000000, total=0.154456
	 No iou improvement; selected epoch 63
	 early_stopping_count: 1/80
--- Epoch History (1..64) ---
Epoch |  TrainLoss |  TrainDice |  TrainIoU |    ValLoss |    ValDice |    ValIoU |         LR | Best
    1 |     0.3300 |     0.6064 |    0.4771 |     0.2665 |     0.6917 |    0.5661 |   3.00e-04 |     
    2 |     0.2491 |     0.6986 |    0.5752 |     0.2503 |     0.7064 |    0.5831 |   3.00e-04 |     
    3 |     0.2238 |     0.7274 |    0.6082 |     0.2261 |     0.7490 |    0.6315 |   3.00e-04 |     
    4 |     0.2124 |     0.7413 |    0.6243 |     0.1852 |     0.7780 |    0.6672 |   2.99e-04 |     
    5 |     0.2062 |     0.7480 |    0.6318 |     0.1901 |     0.7618 |    0.6483 |   2.98e-04 |     
    6 |     0.2002 |     0.7563 |    0.6416 |     0.1824 |     0.7892 |    0.6820 |   2.97e-04 |     
    7 |     0.1965 |     0.7605 |    0.6471 |     0.1870 |     0.7776 |    0.6673 |   2.96e-04 |     
    8 |     0.1919 |     0.7663 |    0.6535 |     0.1781 |     0.7828 |    0.6722 |   2.94e-04 |     
    9 |     0.1907 |     0.7670 |    0.6549 |     0.1861 |     0.7859 |    0.6771 |   2.92e-04 |     
   10 |     0.1887 |     0.7700 |    0.6581 |     0.1904 |     0.7618 |    0.6500 |   2.91e-04 |     
   11 |     0.1847 |     0.7742 |    0.6630 |     0.1856 |     0.7791 |    0.6667 |   2.88e-04 |     
   12 |     0.1858 |     0.7730 |    0.6619 |     0.1814 |     0.7792 |    0.6699 |   2.86e-04 |     
   13 |     0.1827 |     0.7778 |    0.6673 |     0.1897 |     0.7836 |    0.6741 |   2.83e-04 |     
   14 |     0.1817 |     0.7785 |    0.6690 |     0.1761 |     0.7925 |    0.6846 |   2.80e-04 |     
   15 |     0.1790 |     0.7817 |    0.6727 |     0.1662 |     0.7947 |    0.6887 |   2.77e-04 |     
   16 |     0.1777 |     0.7832 |    0.6748 |     0.1662 |     0.7984 |    0.6933 |   2.74e-04 |     
   17 |     0.1747 |     0.7868 |    0.6787 |     0.1849 |     0.7656 |    0.6528 |   2.71e-04 |     
   18 |     0.1751 |     0.7880 |    0.6794 |     0.1706 |     0.7853 |    0.6776 |   2.67e-04 |     
   19 |     0.1727 |     0.7889 |    0.6813 |     0.1837 |     0.7750 |    0.6655 |   2.63e-04 |     
   20 |     0.1748 |     0.7871 |    0.6790 |     0.1670 |     0.7913 |    0.6862 |   2.59e-04 |     
   21 |     0.1711 |     0.7912 |    0.6837 |     0.1725 |     0.8030 |    0.6988 |   2.55e-04 |     
   22 |     0.1732 |     0.7894 |    0.6818 |     0.1654 |     0.7979 |    0.6947 |   2.51e-04 |     
   23 |     0.1690 |     0.7939 |    0.6878 |     0.1653 |     0.8044 |    0.7012 |   2.46e-04 |     
   24 |     0.1692 |     0.7944 |    0.6884 |     0.1686 |     0.7933 |    0.6847 |   2.42e-04 |     
   25 |     0.1648 |     0.7995 |    0.6940 |     0.1722 |     0.8021 |    0.6982 |   2.37e-04 |     
   26 |     0.1673 |     0.7963 |    0.6902 |     0.1664 |     0.8008 |    0.6962 |   2.32e-04 |     
   27 |     0.1629 |     0.8018 |    0.6970 |     0.1634 |     0.8048 |    0.7008 |   2.27e-04 |     
   28 |     0.1638 |     0.8013 |    0.6962 |     0.1968 |     0.7849 |    0.6766 |   2.22e-04 |     
   29 |     0.1665 |     0.7976 |    0.6924 |     0.1610 |     0.8024 |    0.6985 |   2.17e-04 |     
   30 |     0.1612 |     0.8048 |    0.7005 |     0.1603 |     0.7992 |    0.6949 |   2.11e-04 |     
   31 |     0.1582 |     0.8077 |    0.7041 |     0.1578 |     0.8066 |    0.7026 |   2.06e-04 |     
   32 |     0.1589 |     0.8063 |    0.7028 |     0.1762 |     0.7959 |    0.6925 |   2.00e-04 |     
   33 |     0.1578 |     0.8089 |    0.7056 |     0.1652 |     0.8056 |    0.7026 |   1.94e-04 |     
   34 |     0.1562 |     0.8101 |    0.7078 |     0.1586 |     0.8105 |    0.7098 |   1.89e-04 |     
   35 |     0.1559 |     0.8105 |    0.7081 |     0.1568 |     0.8093 |    0.7075 |   1.83e-04 |     
   36 |     0.1542 |     0.8127 |    0.7110 |     0.1550 |     0.8109 |    0.7091 |   1.77e-04 |     
   37 |     0.1534 |     0.8141 |    0.7124 |     0.1591 |     0.8011 |    0.6973 |   1.71e-04 |     
   38 |     0.1522 |     0.8143 |    0.7129 |     0.1619 |     0.8121 |    0.7118 |   1.65e-04 |     
   39 |     0.1510 |     0.8165 |    0.7157 |     0.1714 |     0.8063 |    0.7036 |   1.59e-04 |     
   40 |     0.1508 |     0.8159 |    0.7151 |     0.1523 |     0.8161 |    0.7173 |   1.53e-04 |     
   41 |     0.1486 |     0.8196 |    0.7188 |     0.2507 |     0.7752 |    0.6614 |   1.48e-04 |     
   42 |     0.1499 |     0.8174 |    0.7165 |     0.1519 |     0.8120 |    0.7104 |   1.42e-04 |     
   43 |     0.1456 |     0.8228 |    0.7232 |     0.1570 |     0.8040 |    0.6995 |   1.36e-04 |     
   44 |     0.1442 |     0.8248 |    0.7254 |     0.1531 |     0.8194 |    0.7199 |   1.30e-04 |     
   45 |     0.1446 |     0.8239 |    0.7247 |     0.1548 |     0.8151 |    0.7141 |   1.24e-04 |     
   46 |     0.1437 |     0.8250 |    0.7259 |     0.1547 |     0.8179 |    0.7182 |   1.18e-04 |     
   47 |     0.1418 |     0.8271 |    0.7291 |     0.1561 |     0.8163 |    0.7159 |   1.12e-04 |     
   48 |     0.1408 |     0.8287 |    0.7309 |     0.1505 |     0.8182 |    0.7195 |   1.07e-04 |     
   49 |     0.1393 |     0.8313 |    0.7338 |     0.1512 |     0.8180 |    0.7193 |   1.01e-04 |     
   50 |     0.1385 |     0.8316 |    0.7343 |     0.1496 |     0.8227 |    0.7242 |   9.54e-05 |     
   51 |     0.1369 |     0.8340 |    0.7374 |     0.1510 |     0.8192 |    0.7206 |   8.99e-05 |     
   52 |     0.1354 |     0.8360 |    0.7400 |     0.1484 |     0.8216 |    0.7227 |   8.45e-05 |     
   53 |     0.1340 |     0.8378 |    0.7421 |     0.1490 |     0.8214 |    0.7235 |   7.92e-05 |     
   54 |     0.1341 |     0.8371 |    0.7420 |     0.1546 |     0.8198 |    0.7215 |   7.40e-05 |     
   55 |     0.1330 |     0.8384 |    0.7432 |     0.1543 |     0.8231 |    0.7254 |   6.90e-05 |     
   56 |     0.1311 |     0.8414 |    0.7470 |     0.1507 |     0.8190 |    0.7204 |   6.41e-05 |     
   57 |     0.1291 |     0.8435 |    0.7496 |     0.1528 |     0.8207 |    0.7228 |   5.93e-05 |     
   58 |     0.1273 |     0.8458 |    0.7526 |     0.1523 |     0.8196 |    0.7218 |   5.47e-05 |     
   59 |     0.1264 |     0.8473 |    0.7545 |     0.1506 |     0.8232 |    0.7250 |   5.02e-05 |     
   60 |     0.1250 |     0.8490 |    0.7564 |     0.1483 |     0.8229 |    0.7255 |   4.58e-05 |     
   61 |     0.1247 |     0.8496 |    0.7574 |     0.1514 |     0.8231 |    0.7260 |   4.17e-05 |     
   62 |     0.1231 |     0.8511 |    0.7596 |     0.1478 |     0.8235 |    0.7258 |   3.77e-05 |     
   63 |     0.1217 |     0.8535 |    0.7625 |     0.1520 |     0.8245 |    0.7274 |   3.39e-05 |    *
   64 |     0.1200 |     0.8552 |    0.7648 |     0.1545 |     0.8226 |    0.7250 |   3.03e-05 |     
--- R2 plus final-map regional overlap: global validation statistics ---
up4: ca=0.8710+/-0.0998, sa=1.0030+/-0.0039, amp=0.0000, suppress=0.0000, guide_abs=0.2659
up4 residuals: local_mean=1.977e-02, global_mean=0.0143, local_strength=0.0735, global_strength=0.1103, gain=[0.9801,1.0143], saturation=0.0000, text_film=0.0048
up4 haar: reconstruction_error=4.768e-07, skip_low/high=0.7833/0.2167, plam_low/high=1.0000/0.0000
up4 strengths: plam=0.9513, region=0.0735, detail=0.1103; residual_std region/detail/refine=0.0223/0.6483/0.6144
up4 guide_mix: entropy=0.9824, raw_low=0.3408, plam_low=0.2356, decoder_low=0.2369, detail=0.1867; agreement plam/decoder=0.9761/0.9867, support=0.4357+/-0.0000
up4 adaptive_frequency: ALPF strength=0.2636, weights=0.1420/0.7204/0.1375, sum=1.0000, entropy=0.7142, delta_std=0.0849; AHPF strength=0.0706, weights=0.3920/0.4441/0.1639, sum=1.0000, entropy=0.9295, residual_std=0.1115, scaled_std=0.0079
up3: ca=1.0131+/-0.1398, sa=1.0079+/-0.0054, amp=0.0000, suppress=0.0000, guide_abs=0.2560
up3 residuals: local_mean=2.484e-02, global_mean=0.0416, local_strength=0.1116, global_strength=0.1240, gain=[0.9859,1.0355], saturation=0.0566, text_film=0.0219
up3 haar: reconstruction_error=9.537e-07, skip_low/high=0.7379/0.2621, plam_low/high=1.0000/0.0000
up3 strengths: plam=0.9057, region=0.1116, detail=0.1240; residual_std region/detail/refine=0.3720/0.5979/0.4943
up3 guide_mix: entropy=0.9852, raw_low=0.3233, plam_low=0.2111, decoder_low=0.2708, detail=0.1948; agreement plam/decoder=0.6863/0.2424, support=0.7930+/-0.0973
up3 adaptive_frequency: ALPF strength=0.3153, weights=0.0993/0.2922/0.6085, sum=1.0000, entropy=0.7262, delta_std=0.0791; AHPF strength=0.1259, weights=0.6787/0.1495/0.1717, sum=1.0000, entropy=0.6932, residual_std=0.0878, scaled_std=0.0111
up2: ca=0.8964+/-0.1221, sa=1.0020+/-0.0033, amp=0.0000, suppress=0.0000, guide_abs=0.3124
up2 residuals: local_mean=-1.473e-02, global_mean=0.0333, local_strength=0.1195, global_strength=0.1124, gain=[0.9686,1.0391], saturation=0.0000, text_film=0.0205
up2 haar: reconstruction_error=1.073e-06, skip_low/high=0.7851/0.2149, plam_low/high=1.0000/0.0000
up2 strengths: plam=0.8130, region=0.1195, detail=0.1124; residual_std region/detail/refine=0.2535/0.2989/0.1338
up2 guide_mix: entropy=0.9641, raw_low=0.3346, plam_low=0.1794, decoder_low=0.3212, detail=0.1648; agreement plam/decoder=0.3118/-0.1529, support=0.5918+/-0.0543
up1: ca=0.8792+/-0.0985, sa=1.0076+/-0.0129, amp=0.0000, suppress=0.0000, guide_abs=0.2417
up1 residuals: local_mean=-8.254e-03, global_mean=0.0892, local_strength=0.1298, global_strength=0.0990, gain=[0.9046,1.0957], saturation=0.0071, text_film=0.0382
up1 haar: reconstruction_error=1.907e-06, skip_low/high=0.7205/0.2795, plam_low/high=1.0000/0.0000
up1 strengths: plam=0.9057, region=0.1298, detail=0.0990; residual_std region/detail/refine=0.3375/0.3996/0.2026
up1 guide_mix: entropy=0.9462, raw_low=0.2890, plam_low=0.2142, decoder_low=0.3761, detail=0.1206; agreement plam/decoder=0.2656/-0.0189, support=0.6390+/-0.0881

========= Epoch [65/80] =========
RS1_Test_session_09.12_17h44
Training with batch size : 16
   [Train] Epoch: [65][20/357]  Loss:0.093 (Avg 0.1209) IoU:0.825 (Avg 0.7688) Dice:0.8999 (Avg 0.8577) LR 2.68e-05   (AvgTime 0.6)   
   [Train] Epoch: [65][40/357]  Loss:0.132 (Avg 0.1229) IoU:0.742 (Avg 0.7634) Dice:0.8451 (Avg 0.8545) LR 2.68e-05   (AvgTime 0.6)   
   [Train] Epoch: [65][60/357]  Loss:0.135 (Avg 0.1232) IoU:0.727 (Avg 0.7618) Dice:0.8247 (Avg 0.8527) LR 2.68e-05   (AvgTime 0.6)   
   [Train] Epoch: [65][80/357]  Loss:0.129 (Avg 0.1246) IoU:0.757 (Avg 0.7584) Dice:0.8464 (Avg 0.8502) LR 2.68e-05   (AvgTime 0.6)   
   [Train] Epoch: [65][100/357]  Loss:0.114 (Avg 0.1236) IoU:0.763 (Avg 0.7595) Dice:0.8544 (Avg 0.8513) LR 2.68e-05   (AvgTime 0.6)   
   [Train] Epoch: [65][120/357]  Loss:0.138 (Avg 0.1226) IoU:0.731 (Avg 0.7616) Dice:0.8338 (Avg 0.8529) LR 2.68e-05   (AvgTime 0.6)   
   [Train] Epoch: [65][140/357]  Loss:0.072 (Avg 0.1220) IoU:0.869 (Avg 0.7620) Dice:0.9289 (Avg 0.8530) LR 2.68e-05   (AvgTime 0.6)   
   [Train] Epoch: [65][160/357]  Loss:0.089 (Avg 0.1215) IoU:0.830 (Avg 0.7629) Dice:0.9054 (Avg 0.8537) LR 2.68e-05   (AvgTime 0.6)   
   [Train] Epoch: [65][180/357]  Loss:0.111 (Avg 0.1202) IoU:0.781 (Avg 0.7650) Dice:0.8694 (Avg 0.8553) LR 2.68e-05   (AvgTime 0.6)   
   [Train] Epoch: [65][200/357]  Loss:0.131 (Avg 0.1196) IoU:0.731 (Avg 0.7659) Dice:0.8322 (Avg 0.8559) LR 2.68e-05   (AvgTime 0.6)   
   [Train] Epoch: [65][220/357]  Loss:0.088 (Avg 0.1191) IoU:0.837 (Avg 0.7668) Dice:0.9088 (Avg 0.8566) LR 2.68e-05   (AvgTime 0.6)   
   [Train] Epoch: [65][240/357]  Loss:0.136 (Avg 0.1190) IoU:0.726 (Avg 0.7668) Dice:0.8269 (Avg 0.8566) LR 2.68e-05   (AvgTime 0.6)   
   [Train] Epoch: [65][260/357]  Loss:0.092 (Avg 0.1187) IoU:0.797 (Avg 0.7670) Dice:0.8841 (Avg 0.8569) LR 2.68e-05   (AvgTime 0.6)   
   [Train] Epoch: [65][280/357]  Loss:0.114 (Avg 0.1186) IoU:0.785 (Avg 0.7670) Dice:0.8729 (Avg 0.8569) LR 2.68e-05   (AvgTime 0.6)   
   [Train] Epoch: [65][300/357]  Loss:0.113 (Avg 0.1185) IoU:0.755 (Avg 0.7673) Dice:0.8483 (Avg 0.8572) LR 2.68e-05   (AvgTime 0.6)   
   [Train] Epoch: [65][320/357]  Loss:0.109 (Avg 0.1188) IoU:0.785 (Avg 0.7670) Dice:0.8742 (Avg 0.8569) LR 2.68e-05   (AvgTime 0.6)   
   [Train] Epoch: [65][340/357]  Loss:0.092 (Avg 0.1185) IoU:0.814 (Avg 0.7675) Dice:0.8930 (Avg 0.8573) LR 2.68e-05   (AvgTime 0.6)   
   [Train] Epoch: [65][357/357]  Loss:0.112 (Avg 0.1188) IoU:0.797 (Avg 0.7669) Dice:0.8813 (Avg 0.8568) LR 2.68e-05   (AvgTime 0.6)   
   [Train] Loss components: main_dice=0.117584, main_focal=0.040800, main=0.079192, region_raw=0.308951, region_weighted=0.039642, empty_window_fraction=0.000000, total=0.118834
Validation
   [Val] Epoch: [65][20/90]  Loss:0.188 (Avg 0.1600) IoU:0.689 (Avg 0.7268) Dice:0.8056 (Avg 0.8269) (AvgTime 0.3)   
   [Val] Epoch: [65][40/90]  Loss:0.142 (Avg 0.1620) IoU:0.726 (Avg 0.7184) Dice:0.8330 (Avg 0.8188) (AvgTime 0.2)   
   [Val] Epoch: [65][60/90]  Loss:0.218 (Avg 0.1530) IoU:0.640 (Avg 0.7289) Dice:0.7485 (Avg 0.8253) (AvgTime 0.2)   
   [Val] Epoch: [65][80/90]  Loss:0.148 (Avg 0.1521) IoU:0.711 (Avg 0.7280) Dice:0.8137 (Avg 0.8247) (AvgTime 0.2)   
   [Val] Epoch: [65][90/90]  Loss:0.199 (Avg 0.1523) IoU:0.626 (Avg 0.7285) Dice:0.7530 (Avg 0.8250) (AvgTime 0.2)   
   [Val] Loss components: main_dice=0.144938, main_focal=0.075240, main=0.110089, region_raw=0.329345, region_weighted=0.042259, empty_window_fraction=0.000000, total=0.152348
	 Saving best model by iou: 0.728523
	 Saving to Covid19/BetterLViT/rs1_global_iou/RS1_Test_session_09.12_17h44/models//best_model-BetterLViT.pth.tar
	 early_stopping_count: 0/80
--- Epoch History (1..65) ---
Epoch |  TrainLoss |  TrainDice |  TrainIoU |    ValLoss |    ValDice |    ValIoU |         LR | Best
    1 |     0.3300 |     0.6064 |    0.4771 |     0.2665 |     0.6917 |    0.5661 |   3.00e-04 |     
    2 |     0.2491 |     0.6986 |    0.5752 |     0.2503 |     0.7064 |    0.5831 |   3.00e-04 |     
    3 |     0.2238 |     0.7274 |    0.6082 |     0.2261 |     0.7490 |    0.6315 |   3.00e-04 |     
    4 |     0.2124 |     0.7413 |    0.6243 |     0.1852 |     0.7780 |    0.6672 |   2.99e-04 |     
    5 |     0.2062 |     0.7480 |    0.6318 |     0.1901 |     0.7618 |    0.6483 |   2.98e-04 |     
    6 |     0.2002 |     0.7563 |    0.6416 |     0.1824 |     0.7892 |    0.6820 |   2.97e-04 |     
    7 |     0.1965 |     0.7605 |    0.6471 |     0.1870 |     0.7776 |    0.6673 |   2.96e-04 |     
    8 |     0.1919 |     0.7663 |    0.6535 |     0.1781 |     0.7828 |    0.6722 |   2.94e-04 |     
    9 |     0.1907 |     0.7670 |    0.6549 |     0.1861 |     0.7859 |    0.6771 |   2.92e-04 |     
   10 |     0.1887 |     0.7700 |    0.6581 |     0.1904 |     0.7618 |    0.6500 |   2.91e-04 |     
   11 |     0.1847 |     0.7742 |    0.6630 |     0.1856 |     0.7791 |    0.6667 |   2.88e-04 |     
   12 |     0.1858 |     0.7730 |    0.6619 |     0.1814 |     0.7792 |    0.6699 |   2.86e-04 |     
   13 |     0.1827 |     0.7778 |    0.6673 |     0.1897 |     0.7836 |    0.6741 |   2.83e-04 |     
   14 |     0.1817 |     0.7785 |    0.6690 |     0.1761 |     0.7925 |    0.6846 |   2.80e-04 |     
   15 |     0.1790 |     0.7817 |    0.6727 |     0.1662 |     0.7947 |    0.6887 |   2.77e-04 |     
   16 |     0.1777 |     0.7832 |    0.6748 |     0.1662 |     0.7984 |    0.6933 |   2.74e-04 |     
   17 |     0.1747 |     0.7868 |    0.6787 |     0.1849 |     0.7656 |    0.6528 |   2.71e-04 |     
   18 |     0.1751 |     0.7880 |    0.6794 |     0.1706 |     0.7853 |    0.6776 |   2.67e-04 |     
   19 |     0.1727 |     0.7889 |    0.6813 |     0.1837 |     0.7750 |    0.6655 |   2.63e-04 |     
   20 |     0.1748 |     0.7871 |    0.6790 |     0.1670 |     0.7913 |    0.6862 |   2.59e-04 |     
   21 |     0.1711 |     0.7912 |    0.6837 |     0.1725 |     0.8030 |    0.6988 |   2.55e-04 |     
   22 |     0.1732 |     0.7894 |    0.6818 |     0.1654 |     0.7979 |    0.6947 |   2.51e-04 |     
   23 |     0.1690 |     0.7939 |    0.6878 |     0.1653 |     0.8044 |    0.7012 |   2.46e-04 |     
   24 |     0.1692 |     0.7944 |    0.6884 |     0.1686 |     0.7933 |    0.6847 |   2.42e-04 |     
   25 |     0.1648 |     0.7995 |    0.6940 |     0.1722 |     0.8021 |    0.6982 |   2.37e-04 |     
   26 |     0.1673 |     0.7963 |    0.6902 |     0.1664 |     0.8008 |    0.6962 |   2.32e-04 |     
   27 |     0.1629 |     0.8018 |    0.6970 |     0.1634 |     0.8048 |    0.7008 |   2.27e-04 |     
   28 |     0.1638 |     0.8013 |    0.6962 |     0.1968 |     0.7849 |    0.6766 |   2.22e-04 |     
   29 |     0.1665 |     0.7976 |    0.6924 |     0.1610 |     0.8024 |    0.6985 |   2.17e-04 |     
   30 |     0.1612 |     0.8048 |    0.7005 |     0.1603 |     0.7992 |    0.6949 |   2.11e-04 |     
   31 |     0.1582 |     0.8077 |    0.7041 |     0.1578 |     0.8066 |    0.7026 |   2.06e-04 |     
   32 |     0.1589 |     0.8063 |    0.7028 |     0.1762 |     0.7959 |    0.6925 |   2.00e-04 |     
   33 |     0.1578 |     0.8089 |    0.7056 |     0.1652 |     0.8056 |    0.7026 |   1.94e-04 |     
   34 |     0.1562 |     0.8101 |    0.7078 |     0.1586 |     0.8105 |    0.7098 |   1.89e-04 |     
   35 |     0.1559 |     0.8105 |    0.7081 |     0.1568 |     0.8093 |    0.7075 |   1.83e-04 |     
   36 |     0.1542 |     0.8127 |    0.7110 |     0.1550 |     0.8109 |    0.7091 |   1.77e-04 |     
   37 |     0.1534 |     0.8141 |    0.7124 |     0.1591 |     0.8011 |    0.6973 |   1.71e-04 |     
   38 |     0.1522 |     0.8143 |    0.7129 |     0.1619 |     0.8121 |    0.7118 |   1.65e-04 |     
   39 |     0.1510 |     0.8165 |    0.7157 |     0.1714 |     0.8063 |    0.7036 |   1.59e-04 |     
   40 |     0.1508 |     0.8159 |    0.7151 |     0.1523 |     0.8161 |    0.7173 |   1.53e-04 |     
   41 |     0.1486 |     0.8196 |    0.7188 |     0.2507 |     0.7752 |    0.6614 |   1.48e-04 |     
   42 |     0.1499 |     0.8174 |    0.7165 |     0.1519 |     0.8120 |    0.7104 |   1.42e-04 |     
   43 |     0.1456 |     0.8228 |    0.7232 |     0.1570 |     0.8040 |    0.6995 |   1.36e-04 |     
   44 |     0.1442 |     0.8248 |    0.7254 |     0.1531 |     0.8194 |    0.7199 |   1.30e-04 |     
   45 |     0.1446 |     0.8239 |    0.7247 |     0.1548 |     0.8151 |    0.7141 |   1.24e-04 |     
   46 |     0.1437 |     0.8250 |    0.7259 |     0.1547 |     0.8179 |    0.7182 |   1.18e-04 |     
   47 |     0.1418 |     0.8271 |    0.7291 |     0.1561 |     0.8163 |    0.7159 |   1.12e-04 |     
   48 |     0.1408 |     0.8287 |    0.7309 |     0.1505 |     0.8182 |    0.7195 |   1.07e-04 |     
   49 |     0.1393 |     0.8313 |    0.7338 |     0.1512 |     0.8180 |    0.7193 |   1.01e-04 |     
   50 |     0.1385 |     0.8316 |    0.7343 |     0.1496 |     0.8227 |    0.7242 |   9.54e-05 |     
   51 |     0.1369 |     0.8340 |    0.7374 |     0.1510 |     0.8192 |    0.7206 |   8.99e-05 |     
   52 |     0.1354 |     0.8360 |    0.7400 |     0.1484 |     0.8216 |    0.7227 |   8.45e-05 |     
   53 |     0.1340 |     0.8378 |    0.7421 |     0.1490 |     0.8214 |    0.7235 |   7.92e-05 |     
   54 |     0.1341 |     0.8371 |    0.7420 |     0.1546 |     0.8198 |    0.7215 |   7.40e-05 |     
   55 |     0.1330 |     0.8384 |    0.7432 |     0.1543 |     0.8231 |    0.7254 |   6.90e-05 |     
   56 |     0.1311 |     0.8414 |    0.7470 |     0.1507 |     0.8190 |    0.7204 |   6.41e-05 |     
   57 |     0.1291 |     0.8435 |    0.7496 |     0.1528 |     0.8207 |    0.7228 |   5.93e-05 |     
   58 |     0.1273 |     0.8458 |    0.7526 |     0.1523 |     0.8196 |    0.7218 |   5.47e-05 |     
   59 |     0.1264 |     0.8473 |    0.7545 |     0.1506 |     0.8232 |    0.7250 |   5.02e-05 |     
   60 |     0.1250 |     0.8490 |    0.7564 |     0.1483 |     0.8229 |    0.7255 |   4.58e-05 |     
   61 |     0.1247 |     0.8496 |    0.7574 |     0.1514 |     0.8231 |    0.7260 |   4.17e-05 |     
   62 |     0.1231 |     0.8511 |    0.7596 |     0.1478 |     0.8235 |    0.7258 |   3.77e-05 |     
   63 |     0.1217 |     0.8535 |    0.7625 |     0.1520 |     0.8245 |    0.7274 |   3.39e-05 |     
   64 |     0.1200 |     0.8552 |    0.7648 |     0.1545 |     0.8226 |    0.7250 |   3.03e-05 |     
   65 |     0.1188 |     0.8568 |    0.7669 |     0.1523 |     0.8250 |    0.7285 |   2.68e-05 |    *
--- R2 plus final-map regional overlap: global validation statistics ---
up4: ca=0.8736+/-0.0990, sa=1.0030+/-0.0039, amp=0.0000, suppress=0.0000, guide_abs=0.3047
up4 residuals: local_mean=1.979e-02, global_mean=0.0139, local_strength=0.0735, global_strength=0.1103, gain=[0.9801,1.0134], saturation=0.0000, text_film=0.0048
up4 haar: reconstruction_error=7.004e-07, skip_low/high=0.7836/0.2164, plam_low/high=1.0000/0.0000
up4 strengths: plam=0.9513, region=0.0735, detail=0.1103; residual_std region/detail/refine=0.0224/0.6476/0.6136
up4 guide_mix: entropy=0.9829, raw_low=0.3380, plam_low=0.2383, decoder_low=0.2384, detail=0.1852; agreement plam/decoder=0.9805/0.9718, support=0.4363+/-0.0000
up4 adaptive_frequency: ALPF strength=0.2636, weights=0.1430/0.7196/0.1374, sum=1.0000, entropy=0.7155, delta_std=0.0852; AHPF strength=0.0706, weights=0.3878/0.4476/0.1647, sum=1.0000, entropy=0.9297, residual_std=0.1124, scaled_std=0.0079
up3: ca=1.0159+/-0.1357, sa=1.0080+/-0.0055, amp=0.0000, suppress=0.0000, guide_abs=0.2591
up3 residuals: local_mean=2.505e-02, global_mean=0.0416, local_strength=0.1116, global_strength=0.1240, gain=[0.9854,1.0363], saturation=0.0569, text_film=0.0213
up3 haar: reconstruction_error=9.537e-07, skip_low/high=0.7378/0.2622, plam_low/high=1.0000/0.0000
up3 strengths: plam=0.9056, region=0.1116, detail=0.1240; residual_std region/detail/refine=0.3764/0.6021/0.4964
up3 guide_mix: entropy=0.9839, raw_low=0.3250, plam_low=0.2046, decoder_low=0.2748, detail=0.1956; agreement plam/decoder=0.6801/0.2411, support=0.7973+/-0.0950
up3 adaptive_frequency: ALPF strength=0.3155, weights=0.1139/0.3243/0.5618, sum=1.0000, entropy=0.7373, delta_std=0.0797; AHPF strength=0.1260, weights=0.6716/0.1611/0.1672, sum=1.0000, entropy=0.6966, residual_std=0.0898, scaled_std=0.0113
up2: ca=0.9018+/-0.1248, sa=1.0020+/-0.0034, amp=0.0000, suppress=0.0000, guide_abs=0.3105
up2 residuals: local_mean=-1.472e-02, global_mean=0.0335, local_strength=0.1195, global_strength=0.1124, gain=[0.9669,1.0414], saturation=0.0000, text_film=0.0228
up2 haar: reconstruction_error=9.537e-07, skip_low/high=0.7824/0.2176, plam_low/high=1.0000/0.0000
up2 strengths: plam=0.8128, region=0.1195, detail=0.1124; residual_std region/detail/refine=0.2618/0.3054/0.1329
up2 guide_mix: entropy=0.9633, raw_low=0.3372, plam_low=0.1759, decoder_low=0.3204, detail=0.1666; agreement plam/decoder=0.3109/-0.1457, support=0.5920+/-0.0560
up1: ca=0.8783+/-0.0955, sa=1.0077+/-0.0129, amp=0.0000, suppress=0.0000, guide_abs=0.2376
up1 residuals: local_mean=-7.900e-03, global_mean=0.0894, local_strength=0.1298, global_strength=0.0990, gain=[0.9045,1.0959], saturation=0.0076, text_film=0.0385
up1 haar: reconstruction_error=1.907e-06, skip_low/high=0.7166/0.2834, plam_low/high=1.0000/0.0000
up1 strengths: plam=0.9056, region=0.1298, detail=0.0990; residual_std region/detail/refine=0.3287/0.3993/0.2029
up1 guide_mix: entropy=0.9440, raw_low=0.2789, plam_low=0.2179, decoder_low=0.3845, detail=0.1187; agreement plam/decoder=0.3062/0.0102, support=0.6366+/-0.0868

========= Epoch [66/80] =========
RS1_Test_session_09.12_17h44
Training with batch size : 16
   [Train] Epoch: [66][20/357]  Loss:0.175 (Avg 0.1084) IoU:0.663 (Avg 0.7892) Dice:0.7633 (Avg 0.8730) LR 2.36e-05   (AvgTime 0.6)   
   [Train] Epoch: [66][40/357]  Loss:0.111 (Avg 0.1145) IoU:0.779 (Avg 0.7743) Dice:0.8648 (Avg 0.8628) LR 2.36e-05   (AvgTime 0.6)   
   [Train] Epoch: [66][60/357]  Loss:0.114 (Avg 0.1142) IoU:0.779 (Avg 0.7761) Dice:0.8629 (Avg 0.8632) LR 2.36e-05   (AvgTime 0.6)   
   [Train] Epoch: [66][80/357]  Loss:0.148 (Avg 0.1156) IoU:0.738 (Avg 0.7736) Dice:0.8335 (Avg 0.8616) LR 2.36e-05   (AvgTime 0.6)   
   [Train] Epoch: [66][100/357]  Loss:0.111 (Avg 0.1156) IoU:0.774 (Avg 0.7739) Dice:0.8636 (Avg 0.8619) LR 2.36e-05   (AvgTime 0.6)   
   [Train] Epoch: [66][120/357]  Loss:0.117 (Avg 0.1150) IoU:0.780 (Avg 0.7751) Dice:0.8702 (Avg 0.8630) LR 2.36e-05   (AvgTime 0.6)   
   [Train] Epoch: [66][140/357]  Loss:0.112 (Avg 0.1159) IoU:0.782 (Avg 0.7734) Dice:0.8665 (Avg 0.8616) LR 2.36e-05   (AvgTime 0.6)   
   [Train] Epoch: [66][160/357]  Loss:0.137 (Avg 0.1157) IoU:0.720 (Avg 0.7731) Dice:0.8297 (Avg 0.8616) LR 2.36e-05   (AvgTime 0.6)   
   [Train] Epoch: [66][180/357]  Loss:0.124 (Avg 0.1170) IoU:0.753 (Avg 0.7705) Dice:0.8461 (Avg 0.8594) LR 2.36e-05   (AvgTime 0.6)   
   [Train] Epoch: [66][200/357]  Loss:0.125 (Avg 0.1174) IoU:0.737 (Avg 0.7702) Dice:0.8420 (Avg 0.8592) LR 2.36e-05   (AvgTime 0.6)   
   [Train] Epoch: [66][220/357]  Loss:0.114 (Avg 0.1174) IoU:0.785 (Avg 0.7701) Dice:0.8748 (Avg 0.8592) LR 2.36e-05   (AvgTime 0.6)   
   [Train] Epoch: [66][240/357]  Loss:0.112 (Avg 0.1176) IoU:0.773 (Avg 0.7697) Dice:0.8650 (Avg 0.8589) LR 2.36e-05   (AvgTime 0.6)   
   [Train] Epoch: [66][260/357]  Loss:0.103 (Avg 0.1180) IoU:0.799 (Avg 0.7690) Dice:0.8832 (Avg 0.8584) LR 2.36e-05   (AvgTime 0.6)   
   [Train] Epoch: [66][280/357]  Loss:0.179 (Avg 0.1178) IoU:0.682 (Avg 0.7692) Dice:0.7865 (Avg 0.8585) LR 2.36e-05   (AvgTime 0.6)   
   [Train] Epoch: [66][300/357]  Loss:0.148 (Avg 0.1180) IoU:0.694 (Avg 0.7688) Dice:0.8047 (Avg 0.8583) LR 2.36e-05   (AvgTime 0.6)   
   [Train] Epoch: [66][320/357]  Loss:0.078 (Avg 0.1177) IoU:0.839 (Avg 0.7694) Dice:0.9104 (Avg 0.8588) LR 2.36e-05   (AvgTime 0.6)   
   [Train] Epoch: [66][340/357]  Loss:0.104 (Avg 0.1182) IoU:0.786 (Avg 0.7686) Dice:0.8767 (Avg 0.8581) LR 2.36e-05   (AvgTime 0.6)   
   [Train] Epoch: [66][357/357]  Loss:0.142 (Avg 0.1182) IoU:0.718 (Avg 0.7684) Dice:0.8125 (Avg 0.8580) LR 2.36e-05   (AvgTime 0.6)   
   [Train] Loss components: main_dice=0.116795, main_focal=0.040517, main=0.078656, region_raw=0.307976, region_weighted=0.039517, empty_window_fraction=0.000000, total=0.118173
Validation
   [Val] Epoch: [66][20/90]  Loss:0.182 (Avg 0.1573) IoU:0.683 (Avg 0.7254) Dice:0.7980 (Avg 0.8261) (AvgTime 0.3)   
   [Val] Epoch: [66][40/90]  Loss:0.125 (Avg 0.1605) IoU:0.746 (Avg 0.7153) Dice:0.8458 (Avg 0.8162) (AvgTime 0.2)   
   [Val] Epoch: [66][60/90]  Loss:0.204 (Avg 0.1509) IoU:0.646 (Avg 0.7271) Dice:0.7546 (Avg 0.8240) (AvgTime 0.2)   
   [Val] Epoch: [66][80/90]  Loss:0.152 (Avg 0.1498) IoU:0.703 (Avg 0.7253) Dice:0.8066 (Avg 0.8229) (AvgTime 0.2)   
   [Val] Epoch: [66][90/90]  Loss:0.187 (Avg 0.1499) IoU:0.638 (Avg 0.7259) Dice:0.7641 (Avg 0.8232) (AvgTime 0.2)   
   [Val] Loss components: main_dice=0.146576, main_focal=0.068381, main=0.107479, region_raw=0.330376, region_weighted=0.042391, empty_window_fraction=0.000000, total=0.149870
	 No iou improvement; selected epoch 65
	 early_stopping_count: 1/80
--- Epoch History (1..66) ---
Epoch |  TrainLoss |  TrainDice |  TrainIoU |    ValLoss |    ValDice |    ValIoU |         LR | Best
    1 |     0.3300 |     0.6064 |    0.4771 |     0.2665 |     0.6917 |    0.5661 |   3.00e-04 |     
    2 |     0.2491 |     0.6986 |    0.5752 |     0.2503 |     0.7064 |    0.5831 |   3.00e-04 |     
    3 |     0.2238 |     0.7274 |    0.6082 |     0.2261 |     0.7490 |    0.6315 |   3.00e-04 |     
    4 |     0.2124 |     0.7413 |    0.6243 |     0.1852 |     0.7780 |    0.6672 |   2.99e-04 |     
    5 |     0.2062 |     0.7480 |    0.6318 |     0.1901 |     0.7618 |    0.6483 |   2.98e-04 |     
    6 |     0.2002 |     0.7563 |    0.6416 |     0.1824 |     0.7892 |    0.6820 |   2.97e-04 |     
    7 |     0.1965 |     0.7605 |    0.6471 |     0.1870 |     0.7776 |    0.6673 |   2.96e-04 |     
    8 |     0.1919 |     0.7663 |    0.6535 |     0.1781 |     0.7828 |    0.6722 |   2.94e-04 |     
    9 |     0.1907 |     0.7670 |    0.6549 |     0.1861 |     0.7859 |    0.6771 |   2.92e-04 |     
   10 |     0.1887 |     0.7700 |    0.6581 |     0.1904 |     0.7618 |    0.6500 |   2.91e-04 |     
   11 |     0.1847 |     0.7742 |    0.6630 |     0.1856 |     0.7791 |    0.6667 |   2.88e-04 |     
   12 |     0.1858 |     0.7730 |    0.6619 |     0.1814 |     0.7792 |    0.6699 |   2.86e-04 |     
   13 |     0.1827 |     0.7778 |    0.6673 |     0.1897 |     0.7836 |    0.6741 |   2.83e-04 |     
   14 |     0.1817 |     0.7785 |    0.6690 |     0.1761 |     0.7925 |    0.6846 |   2.80e-04 |     
   15 |     0.1790 |     0.7817 |    0.6727 |     0.1662 |     0.7947 |    0.6887 |   2.77e-04 |     
   16 |     0.1777 |     0.7832 |    0.6748 |     0.1662 |     0.7984 |    0.6933 |   2.74e-04 |     
   17 |     0.1747 |     0.7868 |    0.6787 |     0.1849 |     0.7656 |    0.6528 |   2.71e-04 |     
   18 |     0.1751 |     0.7880 |    0.6794 |     0.1706 |     0.7853 |    0.6776 |   2.67e-04 |     
   19 |     0.1727 |     0.7889 |    0.6813 |     0.1837 |     0.7750 |    0.6655 |   2.63e-04 |     
   20 |     0.1748 |     0.7871 |    0.6790 |     0.1670 |     0.7913 |    0.6862 |   2.59e-04 |     
   21 |     0.1711 |     0.7912 |    0.6837 |     0.1725 |     0.8030 |    0.6988 |   2.55e-04 |     
   22 |     0.1732 |     0.7894 |    0.6818 |     0.1654 |     0.7979 |    0.6947 |   2.51e-04 |     
   23 |     0.1690 |     0.7939 |    0.6878 |     0.1653 |     0.8044 |    0.7012 |   2.46e-04 |     
   24 |     0.1692 |     0.7944 |    0.6884 |     0.1686 |     0.7933 |    0.6847 |   2.42e-04 |     
   25 |     0.1648 |     0.7995 |    0.6940 |     0.1722 |     0.8021 |    0.6982 |   2.37e-04 |     
   26 |     0.1673 |     0.7963 |    0.6902 |     0.1664 |     0.8008 |    0.6962 |   2.32e-04 |     
   27 |     0.1629 |     0.8018 |    0.6970 |     0.1634 |     0.8048 |    0.7008 |   2.27e-04 |     
   28 |     0.1638 |     0.8013 |    0.6962 |     0.1968 |     0.7849 |    0.6766 |   2.22e-04 |     
   29 |     0.1665 |     0.7976 |    0.6924 |     0.1610 |     0.8024 |    0.6985 |   2.17e-04 |     
   30 |     0.1612 |     0.8048 |    0.7005 |     0.1603 |     0.7992 |    0.6949 |   2.11e-04 |     
   31 |     0.1582 |     0.8077 |    0.7041 |     0.1578 |     0.8066 |    0.7026 |   2.06e-04 |     
   32 |     0.1589 |     0.8063 |    0.7028 |     0.1762 |     0.7959 |    0.6925 |   2.00e-04 |     
   33 |     0.1578 |     0.8089 |    0.7056 |     0.1652 |     0.8056 |    0.7026 |   1.94e-04 |     
   34 |     0.1562 |     0.8101 |    0.7078 |     0.1586 |     0.8105 |    0.7098 |   1.89e-04 |     
   35 |     0.1559 |     0.8105 |    0.7081 |     0.1568 |     0.8093 |    0.7075 |   1.83e-04 |     
   36 |     0.1542 |     0.8127 |    0.7110 |     0.1550 |     0.8109 |    0.7091 |   1.77e-04 |     
   37 |     0.1534 |     0.8141 |    0.7124 |     0.1591 |     0.8011 |    0.6973 |   1.71e-04 |     
   38 |     0.1522 |     0.8143 |    0.7129 |     0.1619 |     0.8121 |    0.7118 |   1.65e-04 |     
   39 |     0.1510 |     0.8165 |    0.7157 |     0.1714 |     0.8063 |    0.7036 |   1.59e-04 |     
   40 |     0.1508 |     0.8159 |    0.7151 |     0.1523 |     0.8161 |    0.7173 |   1.53e-04 |     
   41 |     0.1486 |     0.8196 |    0.7188 |     0.2507 |     0.7752 |    0.6614 |   1.48e-04 |     
   42 |     0.1499 |     0.8174 |    0.7165 |     0.1519 |     0.8120 |    0.7104 |   1.42e-04 |     
   43 |     0.1456 |     0.8228 |    0.7232 |     0.1570 |     0.8040 |    0.6995 |   1.36e-04 |     
   44 |     0.1442 |     0.8248 |    0.7254 |     0.1531 |     0.8194 |    0.7199 |   1.30e-04 |     
   45 |     0.1446 |     0.8239 |    0.7247 |     0.1548 |     0.8151 |    0.7141 |   1.24e-04 |     
   46 |     0.1437 |     0.8250 |    0.7259 |     0.1547 |     0.8179 |    0.7182 |   1.18e-04 |     
   47 |     0.1418 |     0.8271 |    0.7291 |     0.1561 |     0.8163 |    0.7159 |   1.12e-04 |     
   48 |     0.1408 |     0.8287 |    0.7309 |     0.1505 |     0.8182 |    0.7195 |   1.07e-04 |     
   49 |     0.1393 |     0.8313 |    0.7338 |     0.1512 |     0.8180 |    0.7193 |   1.01e-04 |     
   50 |     0.1385 |     0.8316 |    0.7343 |     0.1496 |     0.8227 |    0.7242 |   9.54e-05 |     
   51 |     0.1369 |     0.8340 |    0.7374 |     0.1510 |     0.8192 |    0.7206 |   8.99e-05 |     
   52 |     0.1354 |     0.8360 |    0.7400 |     0.1484 |     0.8216 |    0.7227 |   8.45e-05 |     
   53 |     0.1340 |     0.8378 |    0.7421 |     0.1490 |     0.8214 |    0.7235 |   7.92e-05 |     
   54 |     0.1341 |     0.8371 |    0.7420 |     0.1546 |     0.8198 |    0.7215 |   7.40e-05 |     
   55 |     0.1330 |     0.8384 |    0.7432 |     0.1543 |     0.8231 |    0.7254 |   6.90e-05 |     
   56 |     0.1311 |     0.8414 |    0.7470 |     0.1507 |     0.8190 |    0.7204 |   6.41e-05 |     
   57 |     0.1291 |     0.8435 |    0.7496 |     0.1528 |     0.8207 |    0.7228 |   5.93e-05 |     
   58 |     0.1273 |     0.8458 |    0.7526 |     0.1523 |     0.8196 |    0.7218 |   5.47e-05 |     
   59 |     0.1264 |     0.8473 |    0.7545 |     0.1506 |     0.8232 |    0.7250 |   5.02e-05 |     
   60 |     0.1250 |     0.8490 |    0.7564 |     0.1483 |     0.8229 |    0.7255 |   4.58e-05 |     
   61 |     0.1247 |     0.8496 |    0.7574 |     0.1514 |     0.8231 |    0.7260 |   4.17e-05 |     
   62 |     0.1231 |     0.8511 |    0.7596 |     0.1478 |     0.8235 |    0.7258 |   3.77e-05 |     
   63 |     0.1217 |     0.8535 |    0.7625 |     0.1520 |     0.8245 |    0.7274 |   3.39e-05 |     
   64 |     0.1200 |     0.8552 |    0.7648 |     0.1545 |     0.8226 |    0.7250 |   3.03e-05 |     
   65 |     0.1188 |     0.8568 |    0.7669 |     0.1523 |     0.8250 |    0.7285 |   2.68e-05 |    *
   66 |     0.1182 |     0.8580 |    0.7684 |     0.1499 |     0.8232 |    0.7259 |   2.36e-05 |     
--- R2 plus final-map regional overlap: global validation statistics ---
up4: ca=0.8755+/-0.0992, sa=1.0031+/-0.0038, amp=0.0000, suppress=0.0000, guide_abs=0.2891
up4 residuals: local_mean=1.989e-02, global_mean=0.0148, local_strength=0.0735, global_strength=0.1103, gain=[0.9804,1.0133], saturation=0.0000, text_film=0.0048
up4 haar: reconstruction_error=9.537e-07, skip_low/high=0.7828/0.2172, plam_low/high=1.0000/0.0000
up4 strengths: plam=0.9512, region=0.0735, detail=0.1103; residual_std region/detail/refine=0.0224/0.6465/0.6130
up4 guide_mix: entropy=0.9823, raw_low=0.3423, plam_low=0.2377, decoder_low=0.2317, detail=0.1883; agreement plam/decoder=0.9917/0.9717, support=0.4361+/-0.0000
up4 adaptive_frequency: ALPF strength=0.2636, weights=0.1442/0.7184/0.1374, sum=1.0000, entropy=0.7172, delta_std=0.0834; AHPF strength=0.0706, weights=0.3874/0.4477/0.1648, sum=1.0000, entropy=0.9299, residual_std=0.1118, scaled_std=0.0079
up3: ca=1.0163+/-0.1335, sa=1.0081+/-0.0056, amp=0.0000, suppress=0.0000, guide_abs=0.2592
up3 residuals: local_mean=2.557e-02, global_mean=0.0420, local_strength=0.1116, global_strength=0.1240, gain=[0.9855,1.0351], saturation=0.0559, text_film=0.0214
up3 haar: reconstruction_error=9.537e-07, skip_low/high=0.7342/0.2658, plam_low/high=1.0000/0.0000
up3 strengths: plam=0.9056, region=0.1116, detail=0.1240; residual_std region/detail/refine=0.3767/0.6025/0.4979
up3 guide_mix: entropy=0.9848, raw_low=0.3234, plam_low=0.2068, decoder_low=0.2733, detail=0.1965; agreement plam/decoder=0.6823/0.2564, support=0.7950+/-0.0966
up3 adaptive_frequency: ALPF strength=0.3157, weights=0.1015/0.2970/0.6015, sum=1.0000, entropy=0.7136, delta_std=0.0794; AHPF strength=0.1260, weights=0.6857/0.1521/0.1621, sum=1.0000, entropy=0.6833, residual_std=0.0856, scaled_std=0.0108
up2: ca=0.9045+/-0.1246, sa=1.0020+/-0.0034, amp=0.0000, suppress=0.0000, guide_abs=0.3083
up2 residuals: local_mean=-1.474e-02, global_mean=0.0332, local_strength=0.1195, global_strength=0.1124, gain=[0.9686,1.0384], saturation=0.0000, text_film=0.0220
up2 haar: reconstruction_error=9.537e-07, skip_low/high=0.7818/0.2182, plam_low/high=1.0000/0.0000
up2 strengths: plam=0.8127, region=0.1195, detail=0.1124; residual_std region/detail/refine=0.2591/0.3042/0.1324
up2 guide_mix: entropy=0.9646, raw_low=0.3362, plam_low=0.1781, decoder_low=0.3185, detail=0.1672; agreement plam/decoder=0.3152/-0.1256, support=0.5922+/-0.0562
up1: ca=0.8793+/-0.0967, sa=1.0076+/-0.0128, amp=0.0000, suppress=0.0000, guide_abs=0.2308
up1 residuals: local_mean=-8.459e-03, global_mean=0.0894, local_strength=0.1299, global_strength=0.0990, gain=[0.9048,1.0956], saturation=0.0066, text_film=0.0383
up1 haar: reconstruction_error=1.431e-06, skip_low/high=0.7176/0.2824, plam_low/high=1.0000/0.0000
up1 strengths: plam=0.9055, region=0.1299, detail=0.0990; residual_std region/detail/refine=0.3332/0.3928/0.2030
up1 guide_mix: entropy=0.9433, raw_low=0.2760, plam_low=0.2216, decoder_low=0.3855, detail=0.1169; agreement plam/decoder=0.3288/0.0044, support=0.6348+/-0.0885

========= Epoch [67/80] =========
RS1_Test_session_09.12_17h44
Training with batch size : 16
   [Train] Epoch: [67][20/357]  Loss:0.135 (Avg 0.1183) IoU:0.766 (Avg 0.7645) Dice:0.8365 (Avg 0.8548) LR 2.05e-05   (AvgTime 0.5)   
   [Train] Epoch: [67][40/357]  Loss:0.079 (Avg 0.1162) IoU:0.840 (Avg 0.7691) Dice:0.9100 (Avg 0.8585) LR 2.05e-05   (AvgTime 0.6)   
   [Train] Epoch: [67][60/357]  Loss:0.101 (Avg 0.1134) IoU:0.813 (Avg 0.7746) Dice:0.8921 (Avg 0.8628) LR 2.05e-05   (AvgTime 0.6)   
   [Train] Epoch: [67][80/357]  Loss:0.102 (Avg 0.1174) IoU:0.794 (Avg 0.7681) Dice:0.8806 (Avg 0.8576) LR 2.05e-05   (AvgTime 0.6)   
   [Train] Epoch: [67][100/357]  Loss:0.137 (Avg 0.1167) IoU:0.734 (Avg 0.7692) Dice:0.8323 (Avg 0.8580) LR 2.05e-05   (AvgTime 0.6)   
   [Train] Epoch: [67][120/357]  Loss:0.099 (Avg 0.1162) IoU:0.804 (Avg 0.7702) Dice:0.8799 (Avg 0.8590) LR 2.05e-05   (AvgTime 0.6)   
   [Train] Epoch: [67][140/357]  Loss:0.146 (Avg 0.1162) IoU:0.731 (Avg 0.7702) Dice:0.8255 (Avg 0.8591) LR 2.05e-05   (AvgTime 0.6)   
   [Train] Epoch: [67][160/357]  Loss:0.127 (Avg 0.1162) IoU:0.758 (Avg 0.7700) Dice:0.8557 (Avg 0.8592) LR 2.05e-05   (AvgTime 0.6)   
   [Train] Epoch: [67][180/357]  Loss:0.109 (Avg 0.1155) IoU:0.781 (Avg 0.7715) Dice:0.8662 (Avg 0.8602) LR 2.05e-05   (AvgTime 0.6)   
   [Train] Epoch: [67][200/357]  Loss:0.140 (Avg 0.1165) IoU:0.733 (Avg 0.7697) Dice:0.8334 (Avg 0.8589) LR 2.05e-05   (AvgTime 0.6)   
   [Train] Epoch: [67][220/357]  Loss:0.158 (Avg 0.1170) IoU:0.706 (Avg 0.7692) Dice:0.7933 (Avg 0.8584) LR 2.05e-05   (AvgTime 0.6)   
   [Train] Epoch: [67][240/357]  Loss:0.109 (Avg 0.1166) IoU:0.775 (Avg 0.7698) Dice:0.8628 (Avg 0.8591) LR 2.05e-05   (AvgTime 0.6)   
   [Train] Epoch: [67][260/357]  Loss:0.108 (Avg 0.1173) IoU:0.790 (Avg 0.7691) Dice:0.8732 (Avg 0.8584) LR 2.05e-05   (AvgTime 0.6)   
   [Train] Epoch: [67][280/357]  Loss:0.090 (Avg 0.1172) IoU:0.815 (Avg 0.7694) Dice:0.8932 (Avg 0.8585) LR 2.05e-05   (AvgTime 0.6)   
   [Train] Epoch: [67][300/357]  Loss:0.098 (Avg 0.1174) IoU:0.799 (Avg 0.7690) Dice:0.8843 (Avg 0.8584) LR 2.05e-05   (AvgTime 0.6)   
   [Train] Epoch: [67][320/357]  Loss:0.093 (Avg 0.1176) IoU:0.824 (Avg 0.7687) Dice:0.8873 (Avg 0.8581) LR 2.05e-05   (AvgTime 0.6)   
   [Train] Epoch: [67][340/357]  Loss:0.091 (Avg 0.1171) IoU:0.823 (Avg 0.7694) Dice:0.8934 (Avg 0.8587) LR 2.05e-05   (AvgTime 0.6)   
   [Train] Epoch: [67][357/357]  Loss:0.142 (Avg 0.1171) IoU:0.724 (Avg 0.7695) Dice:0.8146 (Avg 0.8587) LR 2.05e-05   (AvgTime 0.6)   
   [Train] Loss components: main_dice=0.116015, main_focal=0.039707, main=0.077861, region_raw=0.305929, region_weighted=0.039254, empty_window_fraction=0.000000, total=0.117115
Validation
   [Val] Epoch: [67][20/90]  Loss:0.174 (Avg 0.1611) IoU:0.701 (Avg 0.7269) Dice:0.8140 (Avg 0.8269) (AvgTime 0.3)   
   [Val] Epoch: [67][40/90]  Loss:0.134 (Avg 0.1644) IoU:0.737 (Avg 0.7168) Dice:0.8408 (Avg 0.8172) (AvgTime 0.2)   
   [Val] Epoch: [67][60/90]  Loss:0.222 (Avg 0.1554) IoU:0.644 (Avg 0.7274) Dice:0.7520 (Avg 0.8241) (AvgTime 0.2)   
   [Val] Epoch: [67][80/90]  Loss:0.153 (Avg 0.1552) IoU:0.709 (Avg 0.7256) Dice:0.8113 (Avg 0.8227) (AvgTime 0.2)   
   [Val] Epoch: [67][90/90]  Loss:0.204 (Avg 0.1557) IoU:0.636 (Avg 0.7262) Dice:0.7611 (Avg 0.8231) (AvgTime 0.2)   
   [Val] Loss components: main_dice=0.146914, main_focal=0.079635, main=0.113275, region_raw=0.330897, region_weighted=0.042458, empty_window_fraction=0.000000, total=0.155733
	 No iou improvement; selected epoch 65
	 early_stopping_count: 2/80
--- Epoch History (1..67) ---
Epoch |  TrainLoss |  TrainDice |  TrainIoU |    ValLoss |    ValDice |    ValIoU |         LR | Best
    1 |     0.3300 |     0.6064 |    0.4771 |     0.2665 |     0.6917 |    0.5661 |   3.00e-04 |     
    2 |     0.2491 |     0.6986 |    0.5752 |     0.2503 |     0.7064 |    0.5831 |   3.00e-04 |     
    3 |     0.2238 |     0.7274 |    0.6082 |     0.2261 |     0.7490 |    0.6315 |   3.00e-04 |     
    4 |     0.2124 |     0.7413 |    0.6243 |     0.1852 |     0.7780 |    0.6672 |   2.99e-04 |     
    5 |     0.2062 |     0.7480 |    0.6318 |     0.1901 |     0.7618 |    0.6483 |   2.98e-04 |     
    6 |     0.2002 |     0.7563 |    0.6416 |     0.1824 |     0.7892 |    0.6820 |   2.97e-04 |     
    7 |     0.1965 |     0.7605 |    0.6471 |     0.1870 |     0.7776 |    0.6673 |   2.96e-04 |     
    8 |     0.1919 |     0.7663 |    0.6535 |     0.1781 |     0.7828 |    0.6722 |   2.94e-04 |     
    9 |     0.1907 |     0.7670 |    0.6549 |     0.1861 |     0.7859 |    0.6771 |   2.92e-04 |     
   10 |     0.1887 |     0.7700 |    0.6581 |     0.1904 |     0.7618 |    0.6500 |   2.91e-04 |     
   11 |     0.1847 |     0.7742 |    0.6630 |     0.1856 |     0.7791 |    0.6667 |   2.88e-04 |     
   12 |     0.1858 |     0.7730 |    0.6619 |     0.1814 |     0.7792 |    0.6699 |   2.86e-04 |     
   13 |     0.1827 |     0.7778 |    0.6673 |     0.1897 |     0.7836 |    0.6741 |   2.83e-04 |     
   14 |     0.1817 |     0.7785 |    0.6690 |     0.1761 |     0.7925 |    0.6846 |   2.80e-04 |     
   15 |     0.1790 |     0.7817 |    0.6727 |     0.1662 |     0.7947 |    0.6887 |   2.77e-04 |     
   16 |     0.1777 |     0.7832 |    0.6748 |     0.1662 |     0.7984 |    0.6933 |   2.74e-04 |     
   17 |     0.1747 |     0.7868 |    0.6787 |     0.1849 |     0.7656 |    0.6528 |   2.71e-04 |     
   18 |     0.1751 |     0.7880 |    0.6794 |     0.1706 |     0.7853 |    0.6776 |   2.67e-04 |     
   19 |     0.1727 |     0.7889 |    0.6813 |     0.1837 |     0.7750 |    0.6655 |   2.63e-04 |     
   20 |     0.1748 |     0.7871 |    0.6790 |     0.1670 |     0.7913 |    0.6862 |   2.59e-04 |     
   21 |     0.1711 |     0.7912 |    0.6837 |     0.1725 |     0.8030 |    0.6988 |   2.55e-04 |     
   22 |     0.1732 |     0.7894 |    0.6818 |     0.1654 |     0.7979 |    0.6947 |   2.51e-04 |     
   23 |     0.1690 |     0.7939 |    0.6878 |     0.1653 |     0.8044 |    0.7012 |   2.46e-04 |     
   24 |     0.1692 |     0.7944 |    0.6884 |     0.1686 |     0.7933 |    0.6847 |   2.42e-04 |     
   25 |     0.1648 |     0.7995 |    0.6940 |     0.1722 |     0.8021 |    0.6982 |   2.37e-04 |     
   26 |     0.1673 |     0.7963 |    0.6902 |     0.1664 |     0.8008 |    0.6962 |   2.32e-04 |     
   27 |     0.1629 |     0.8018 |    0.6970 |     0.1634 |     0.8048 |    0.7008 |   2.27e-04 |     
   28 |     0.1638 |     0.8013 |    0.6962 |     0.1968 |     0.7849 |    0.6766 |   2.22e-04 |     
   29 |     0.1665 |     0.7976 |    0.6924 |     0.1610 |     0.8024 |    0.6985 |   2.17e-04 |     
   30 |     0.1612 |     0.8048 |    0.7005 |     0.1603 |     0.7992 |    0.6949 |   2.11e-04 |     
   31 |     0.1582 |     0.8077 |    0.7041 |     0.1578 |     0.8066 |    0.7026 |   2.06e-04 |     
   32 |     0.1589 |     0.8063 |    0.7028 |     0.1762 |     0.7959 |    0.6925 |   2.00e-04 |     
   33 |     0.1578 |     0.8089 |    0.7056 |     0.1652 |     0.8056 |    0.7026 |   1.94e-04 |     
   34 |     0.1562 |     0.8101 |    0.7078 |     0.1586 |     0.8105 |    0.7098 |   1.89e-04 |     
   35 |     0.1559 |     0.8105 |    0.7081 |     0.1568 |     0.8093 |    0.7075 |   1.83e-04 |     
   36 |     0.1542 |     0.8127 |    0.7110 |     0.1550 |     0.8109 |    0.7091 |   1.77e-04 |     
   37 |     0.1534 |     0.8141 |    0.7124 |     0.1591 |     0.8011 |    0.6973 |   1.71e-04 |     
   38 |     0.1522 |     0.8143 |    0.7129 |     0.1619 |     0.8121 |    0.7118 |   1.65e-04 |     
   39 |     0.1510 |     0.8165 |    0.7157 |     0.1714 |     0.8063 |    0.7036 |   1.59e-04 |     
   40 |     0.1508 |     0.8159 |    0.7151 |     0.1523 |     0.8161 |    0.7173 |   1.53e-04 |     
   41 |     0.1486 |     0.8196 |    0.7188 |     0.2507 |     0.7752 |    0.6614 |   1.48e-04 |     
   42 |     0.1499 |     0.8174 |    0.7165 |     0.1519 |     0.8120 |    0.7104 |   1.42e-04 |     
   43 |     0.1456 |     0.8228 |    0.7232 |     0.1570 |     0.8040 |    0.6995 |   1.36e-04 |     
   44 |     0.1442 |     0.8248 |    0.7254 |     0.1531 |     0.8194 |    0.7199 |   1.30e-04 |     
   45 |     0.1446 |     0.8239 |    0.7247 |     0.1548 |     0.8151 |    0.7141 |   1.24e-04 |     
   46 |     0.1437 |     0.8250 |    0.7259 |     0.1547 |     0.8179 |    0.7182 |   1.18e-04 |     
   47 |     0.1418 |     0.8271 |    0.7291 |     0.1561 |     0.8163 |    0.7159 |   1.12e-04 |     
   48 |     0.1408 |     0.8287 |    0.7309 |     0.1505 |     0.8182 |    0.7195 |   1.07e-04 |     
   49 |     0.1393 |     0.8313 |    0.7338 |     0.1512 |     0.8180 |    0.7193 |   1.01e-04 |     
   50 |     0.1385 |     0.8316 |    0.7343 |     0.1496 |     0.8227 |    0.7242 |   9.54e-05 |     
   51 |     0.1369 |     0.8340 |    0.7374 |     0.1510 |     0.8192 |    0.7206 |   8.99e-05 |     
   52 |     0.1354 |     0.8360 |    0.7400 |     0.1484 |     0.8216 |    0.7227 |   8.45e-05 |     
   53 |     0.1340 |     0.8378 |    0.7421 |     0.1490 |     0.8214 |    0.7235 |   7.92e-05 |     
   54 |     0.1341 |     0.8371 |    0.7420 |     0.1546 |     0.8198 |    0.7215 |   7.40e-05 |     
   55 |     0.1330 |     0.8384 |    0.7432 |     0.1543 |     0.8231 |    0.7254 |   6.90e-05 |     
   56 |     0.1311 |     0.8414 |    0.7470 |     0.1507 |     0.8190 |    0.7204 |   6.41e-05 |     
   57 |     0.1291 |     0.8435 |    0.7496 |     0.1528 |     0.8207 |    0.7228 |   5.93e-05 |     
   58 |     0.1273 |     0.8458 |    0.7526 |     0.1523 |     0.8196 |    0.7218 |   5.47e-05 |     
   59 |     0.1264 |     0.8473 |    0.7545 |     0.1506 |     0.8232 |    0.7250 |   5.02e-05 |     
   60 |     0.1250 |     0.8490 |    0.7564 |     0.1483 |     0.8229 |    0.7255 |   4.58e-05 |     
   61 |     0.1247 |     0.8496 |    0.7574 |     0.1514 |     0.8231 |    0.7260 |   4.17e-05 |     
   62 |     0.1231 |     0.8511 |    0.7596 |     0.1478 |     0.8235 |    0.7258 |   3.77e-05 |     
   63 |     0.1217 |     0.8535 |    0.7625 |     0.1520 |     0.8245 |    0.7274 |   3.39e-05 |     
   64 |     0.1200 |     0.8552 |    0.7648 |     0.1545 |     0.8226 |    0.7250 |   3.03e-05 |     
   65 |     0.1188 |     0.8568 |    0.7669 |     0.1523 |     0.8250 |    0.7285 |   2.68e-05 |    *
   66 |     0.1182 |     0.8580 |    0.7684 |     0.1499 |     0.8232 |    0.7259 |   2.36e-05 |     
   67 |     0.1171 |     0.8587 |    0.7695 |     0.1557 |     0.8231 |    0.7262 |   2.05e-05 |     
--- R2 plus final-map regional overlap: global validation statistics ---
up4: ca=0.8781+/-0.0978, sa=1.0030+/-0.0039, amp=0.0000, suppress=0.0000, guide_abs=0.2634
up4 residuals: local_mean=1.963e-02, global_mean=0.0141, local_strength=0.0735, global_strength=0.1103, gain=[0.9806,1.0135], saturation=0.0000, text_film=0.0048
up4 haar: reconstruction_error=5.141e-07, skip_low/high=0.7796/0.2204, plam_low/high=1.0000/0.0000
up4 strengths: plam=0.9512, region=0.0735, detail=0.1103; residual_std region/detail/refine=0.0221/0.6497/0.6159
up4 guide_mix: entropy=0.9833, raw_low=0.3374, plam_low=0.2412, decoder_low=0.2342, detail=0.1872; agreement plam/decoder=0.9661/0.9450, support=0.4359+/-0.0000
up4 adaptive_frequency: ALPF strength=0.2636, weights=0.1423/0.7205/0.1372, sum=1.0000, entropy=0.7142, delta_std=0.0832; AHPF strength=0.0706, weights=0.3909/0.4455/0.1636, sum=1.0000, entropy=0.9288, residual_std=0.1122, scaled_std=0.0079
up3: ca=1.0180+/-0.1323, sa=1.0080+/-0.0057, amp=0.0000, suppress=0.0000, guide_abs=0.2622
up3 residuals: local_mean=2.508e-02, global_mean=0.0415, local_strength=0.1116, global_strength=0.1240, gain=[0.9829,1.0367], saturation=0.0584, text_film=0.0210
up3 haar: reconstruction_error=9.537e-07, skip_low/high=0.7340/0.2660, plam_low/high=1.0000/0.0000
up3 strengths: plam=0.9056, region=0.1116, detail=0.1240; residual_std region/detail/refine=0.3727/0.6064/0.4995
up3 guide_mix: entropy=0.9851, raw_low=0.3253, plam_low=0.2078, decoder_low=0.2691, detail=0.1978; agreement plam/decoder=0.6950/0.2508, support=0.7995+/-0.0945
up3 adaptive_frequency: ALPF strength=0.3158, weights=0.1286/0.3631/0.5083, sum=1.0000, entropy=0.7498, delta_std=0.0746; AHPF strength=0.1260, weights=0.5976/0.1765/0.2258, sum=1.0000, entropy=0.7559, residual_std=0.1108, scaled_std=0.0140
up2: ca=0.9066+/-0.1148, sa=1.0020+/-0.0033, amp=0.0000, suppress=0.0000, guide_abs=0.3067
up2 residuals: local_mean=-1.470e-02, global_mean=0.0332, local_strength=0.1195, global_strength=0.1124, gain=[0.9700,1.0378], saturation=0.0000, text_film=0.0233
up2 haar: reconstruction_error=9.537e-07, skip_low/high=0.7817/0.2183, plam_low/high=1.0000/0.0000
up2 strengths: plam=0.8126, region=0.1195, detail=0.1124; residual_std region/detail/refine=0.2656/0.3010/0.1318
up2 guide_mix: entropy=0.9653, raw_low=0.3349, plam_low=0.1815, decoder_low=0.3180, detail=0.1657; agreement plam/decoder=0.2851/-0.1584, support=0.5908+/-0.0574
up1: ca=0.8800+/-0.0940, sa=1.0076+/-0.0128, amp=0.0000, suppress=0.0000, guide_abs=0.2327
up1 residuals: local_mean=-8.274e-03, global_mean=0.0896, local_strength=0.1299, global_strength=0.0990, gain=[0.9048,1.0956], saturation=0.0070, text_film=0.0386
up1 haar: reconstruction_error=1.907e-06, skip_low/high=0.7172/0.2828, plam_low/high=1.0000/0.0000
up1 strengths: plam=0.9055, region=0.1299, detail=0.0990; residual_std region/detail/refine=0.3303/0.3948/0.2031
up1 guide_mix: entropy=0.9456, raw_low=0.2805, plam_low=0.2205, decoder_low=0.3801, detail=0.1190; agreement plam/decoder=0.3410/0.0130, support=0.6375+/-0.0879

========= Epoch [68/80] =========
RS1_Test_session_09.12_17h44
Training with batch size : 16
   [Train] Epoch: [68][20/357]  Loss:0.099 (Avg 0.1199) IoU:0.800 (Avg 0.7611) Dice:0.8843 (Avg 0.8529) LR 1.77e-05   (AvgTime 0.6)   
   [Train] Epoch: [68][40/357]  Loss:0.130 (Avg 0.1202) IoU:0.741 (Avg 0.7630) Dice:0.8360 (Avg 0.8536) LR 1.77e-05   (AvgTime 0.6)   
   [Train] Epoch: [68][60/357]  Loss:0.113 (Avg 0.1158) IoU:0.767 (Avg 0.7708) Dice:0.8540 (Avg 0.8600) LR 1.77e-05   (AvgTime 0.6)   
   [Train] Epoch: [68][80/357]  Loss:0.100 (Avg 0.1136) IoU:0.796 (Avg 0.7756) Dice:0.8821 (Avg 0.8634) LR 1.77e-05   (AvgTime 0.6)   
   [Train] Epoch: [68][100/357]  Loss:0.101 (Avg 0.1133) IoU:0.784 (Avg 0.7754) Dice:0.8733 (Avg 0.8633) LR 1.77e-05   (AvgTime 0.6)   
   [Train] Epoch: [68][120/357]  Loss:0.077 (Avg 0.1127) IoU:0.840 (Avg 0.7763) Dice:0.9079 (Avg 0.8642) LR 1.77e-05   (AvgTime 0.6)   
   [Train] Epoch: [68][140/357]  Loss:0.108 (Avg 0.1132) IoU:0.781 (Avg 0.7753) Dice:0.8674 (Avg 0.8630) LR 1.77e-05   (AvgTime 0.6)   
   [Train] Epoch: [68][160/357]  Loss:0.106 (Avg 0.1131) IoU:0.795 (Avg 0.7759) Dice:0.8772 (Avg 0.8636) LR 1.77e-05   (AvgTime 0.6)   
   [Train] Epoch: [68][180/357]  Loss:0.127 (Avg 0.1125) IoU:0.732 (Avg 0.7766) Dice:0.8352 (Avg 0.8643) LR 1.77e-05   (AvgTime 0.6)   
   [Train] Epoch: [68][200/357]  Loss:0.122 (Avg 0.1131) IoU:0.776 (Avg 0.7757) Dice:0.8678 (Avg 0.8636) LR 1.77e-05   (AvgTime 0.6)   
   [Train] Epoch: [68][220/357]  Loss:0.120 (Avg 0.1131) IoU:0.753 (Avg 0.7759) Dice:0.8470 (Avg 0.8637) LR 1.77e-05   (AvgTime 0.6)   
   [Train] Epoch: [68][240/357]  Loss:0.112 (Avg 0.1130) IoU:0.774 (Avg 0.7762) Dice:0.8633 (Avg 0.8639) LR 1.77e-05   (AvgTime 0.6)   
   [Train] Epoch: [68][260/357]  Loss:0.136 (Avg 0.1128) IoU:0.758 (Avg 0.7766) Dice:0.8439 (Avg 0.8642) LR 1.77e-05   (AvgTime 0.6)   
   [Train] Epoch: [68][280/357]  Loss:0.089 (Avg 0.1132) IoU:0.818 (Avg 0.7759) Dice:0.8950 (Avg 0.8637) LR 1.77e-05   (AvgTime 0.6)   
   [Train] Epoch: [68][300/357]  Loss:0.113 (Avg 0.1140) IoU:0.779 (Avg 0.7744) Dice:0.8576 (Avg 0.8624) LR 1.77e-05   (AvgTime 0.6)   
   [Train] Epoch: [68][320/357]  Loss:0.158 (Avg 0.1151) IoU:0.695 (Avg 0.7725) Dice:0.7965 (Avg 0.8610) LR 1.77e-05   (AvgTime 0.6)   
   [Train] Epoch: [68][340/357]  Loss:0.091 (Avg 0.1151) IoU:0.811 (Avg 0.7726) Dice:0.8932 (Avg 0.8611) LR 1.77e-05   (AvgTime 0.6)   
   [Train] Epoch: [68][357/357]  Loss:0.103 (Avg 0.1150) IoU:0.802 (Avg 0.7726) Dice:0.8821 (Avg 0.8612) LR 1.77e-05   (AvgTime 0.6)   
   [Train] Loss components: main_dice=0.113628, main_focal=0.039082, main=0.076355, region_raw=0.301164, region_weighted=0.038643, empty_window_fraction=0.000000, total=0.114998
Validation
   [Val] Epoch: [68][20/90]  Loss:0.188 (Avg 0.1619) IoU:0.689 (Avg 0.7263) Dice:0.8056 (Avg 0.8268) (AvgTime 0.3)   
   [Val] Epoch: [68][40/90]  Loss:0.132 (Avg 0.1636) IoU:0.741 (Avg 0.7171) Dice:0.8445 (Avg 0.8177) (AvgTime 0.2)   
   [Val] Epoch: [68][60/90]  Loss:0.214 (Avg 0.1549) IoU:0.648 (Avg 0.7273) Dice:0.7562 (Avg 0.8239) (AvgTime 0.2)   
   [Val] Epoch: [68][80/90]  Loss:0.149 (Avg 0.1537) IoU:0.718 (Avg 0.7260) Dice:0.8172 (Avg 0.8230) (AvgTime 0.2)   
   [Val] Epoch: [68][90/90]  Loss:0.194 (Avg 0.1541) IoU:0.637 (Avg 0.7266) Dice:0.7626 (Avg 0.8233) (AvgTime 0.2)   
   [Val] Loss components: main_dice=0.146091, main_focal=0.077481, main=0.111786, region_raw=0.329606, region_weighted=0.042292, empty_window_fraction=0.000000, total=0.154078
	 No iou improvement; selected epoch 65
	 early_stopping_count: 3/80
--- Epoch History (1..68) ---
Epoch |  TrainLoss |  TrainDice |  TrainIoU |    ValLoss |    ValDice |    ValIoU |         LR | Best
    1 |     0.3300 |     0.6064 |    0.4771 |     0.2665 |     0.6917 |    0.5661 |   3.00e-04 |     
    2 |     0.2491 |     0.6986 |    0.5752 |     0.2503 |     0.7064 |    0.5831 |   3.00e-04 |     
    3 |     0.2238 |     0.7274 |    0.6082 |     0.2261 |     0.7490 |    0.6315 |   3.00e-04 |     
    4 |     0.2124 |     0.7413 |    0.6243 |     0.1852 |     0.7780 |    0.6672 |   2.99e-04 |     
    5 |     0.2062 |     0.7480 |    0.6318 |     0.1901 |     0.7618 |    0.6483 |   2.98e-04 |     
    6 |     0.2002 |     0.7563 |    0.6416 |     0.1824 |     0.7892 |    0.6820 |   2.97e-04 |     
    7 |     0.1965 |     0.7605 |    0.6471 |     0.1870 |     0.7776 |    0.6673 |   2.96e-04 |     
    8 |     0.1919 |     0.7663 |    0.6535 |     0.1781 |     0.7828 |    0.6722 |   2.94e-04 |     
    9 |     0.1907 |     0.7670 |    0.6549 |     0.1861 |     0.7859 |    0.6771 |   2.92e-04 |     
   10 |     0.1887 |     0.7700 |    0.6581 |     0.1904 |     0.7618 |    0.6500 |   2.91e-04 |     
   11 |     0.1847 |     0.7742 |    0.6630 |     0.1856 |     0.7791 |    0.6667 |   2.88e-04 |     
   12 |     0.1858 |     0.7730 |    0.6619 |     0.1814 |     0.7792 |    0.6699 |   2.86e-04 |     
   13 |     0.1827 |     0.7778 |    0.6673 |     0.1897 |     0.7836 |    0.6741 |   2.83e-04 |     
   14 |     0.1817 |     0.7785 |    0.6690 |     0.1761 |     0.7925 |    0.6846 |   2.80e-04 |     
   15 |     0.1790 |     0.7817 |    0.6727 |     0.1662 |     0.7947 |    0.6887 |   2.77e-04 |     
   16 |     0.1777 |     0.7832 |    0.6748 |     0.1662 |     0.7984 |    0.6933 |   2.74e-04 |     
   17 |     0.1747 |     0.7868 |    0.6787 |     0.1849 |     0.7656 |    0.6528 |   2.71e-04 |     
   18 |     0.1751 |     0.7880 |    0.6794 |     0.1706 |     0.7853 |    0.6776 |   2.67e-04 |     
   19 |     0.1727 |     0.7889 |    0.6813 |     0.1837 |     0.7750 |    0.6655 |   2.63e-04 |     
   20 |     0.1748 |     0.7871 |    0.6790 |     0.1670 |     0.7913 |    0.6862 |   2.59e-04 |     
   21 |     0.1711 |     0.7912 |    0.6837 |     0.1725 |     0.8030 |    0.6988 |   2.55e-04 |     
   22 |     0.1732 |     0.7894 |    0.6818 |     0.1654 |     0.7979 |    0.6947 |   2.51e-04 |     
   23 |     0.1690 |     0.7939 |    0.6878 |     0.1653 |     0.8044 |    0.7012 |   2.46e-04 |     
   24 |     0.1692 |     0.7944 |    0.6884 |     0.1686 |     0.7933 |    0.6847 |   2.42e-04 |     
   25 |     0.1648 |     0.7995 |    0.6940 |     0.1722 |     0.8021 |    0.6982 |   2.37e-04 |     
   26 |     0.1673 |     0.7963 |    0.6902 |     0.1664 |     0.8008 |    0.6962 |   2.32e-04 |     
   27 |     0.1629 |     0.8018 |    0.6970 |     0.1634 |     0.8048 |    0.7008 |   2.27e-04 |     
   28 |     0.1638 |     0.8013 |    0.6962 |     0.1968 |     0.7849 |    0.6766 |   2.22e-04 |     
   29 |     0.1665 |     0.7976 |    0.6924 |     0.1610 |     0.8024 |    0.6985 |   2.17e-04 |     
   30 |     0.1612 |     0.8048 |    0.7005 |     0.1603 |     0.7992 |    0.6949 |   2.11e-04 |     
   31 |     0.1582 |     0.8077 |    0.7041 |     0.1578 |     0.8066 |    0.7026 |   2.06e-04 |     
   32 |     0.1589 |     0.8063 |    0.7028 |     0.1762 |     0.7959 |    0.6925 |   2.00e-04 |     
   33 |     0.1578 |     0.8089 |    0.7056 |     0.1652 |     0.8056 |    0.7026 |   1.94e-04 |     
   34 |     0.1562 |     0.8101 |    0.7078 |     0.1586 |     0.8105 |    0.7098 |   1.89e-04 |     
   35 |     0.1559 |     0.8105 |    0.7081 |     0.1568 |     0.8093 |    0.7075 |   1.83e-04 |     
   36 |     0.1542 |     0.8127 |    0.7110 |     0.1550 |     0.8109 |    0.7091 |   1.77e-04 |     
   37 |     0.1534 |     0.8141 |    0.7124 |     0.1591 |     0.8011 |    0.6973 |   1.71e-04 |     
   38 |     0.1522 |     0.8143 |    0.7129 |     0.1619 |     0.8121 |    0.7118 |   1.65e-04 |     
   39 |     0.1510 |     0.8165 |    0.7157 |     0.1714 |     0.8063 |    0.7036 |   1.59e-04 |     
   40 |     0.1508 |     0.8159 |    0.7151 |     0.1523 |     0.8161 |    0.7173 |   1.53e-04 |     
   41 |     0.1486 |     0.8196 |    0.7188 |     0.2507 |     0.7752 |    0.6614 |   1.48e-04 |     
   42 |     0.1499 |     0.8174 |    0.7165 |     0.1519 |     0.8120 |    0.7104 |   1.42e-04 |     
   43 |     0.1456 |     0.8228 |    0.7232 |     0.1570 |     0.8040 |    0.6995 |   1.36e-04 |     
   44 |     0.1442 |     0.8248 |    0.7254 |     0.1531 |     0.8194 |    0.7199 |   1.30e-04 |     
   45 |     0.1446 |     0.8239 |    0.7247 |     0.1548 |     0.8151 |    0.7141 |   1.24e-04 |     
   46 |     0.1437 |     0.8250 |    0.7259 |     0.1547 |     0.8179 |    0.7182 |   1.18e-04 |     
   47 |     0.1418 |     0.8271 |    0.7291 |     0.1561 |     0.8163 |    0.7159 |   1.12e-04 |     
   48 |     0.1408 |     0.8287 |    0.7309 |     0.1505 |     0.8182 |    0.7195 |   1.07e-04 |     
   49 |     0.1393 |     0.8313 |    0.7338 |     0.1512 |     0.8180 |    0.7193 |   1.01e-04 |     
   50 |     0.1385 |     0.8316 |    0.7343 |     0.1496 |     0.8227 |    0.7242 |   9.54e-05 |     
   51 |     0.1369 |     0.8340 |    0.7374 |     0.1510 |     0.8192 |    0.7206 |   8.99e-05 |     
   52 |     0.1354 |     0.8360 |    0.7400 |     0.1484 |     0.8216 |    0.7227 |   8.45e-05 |     
   53 |     0.1340 |     0.8378 |    0.7421 |     0.1490 |     0.8214 |    0.7235 |   7.92e-05 |     
   54 |     0.1341 |     0.8371 |    0.7420 |     0.1546 |     0.8198 |    0.7215 |   7.40e-05 |     
   55 |     0.1330 |     0.8384 |    0.7432 |     0.1543 |     0.8231 |    0.7254 |   6.90e-05 |     
   56 |     0.1311 |     0.8414 |    0.7470 |     0.1507 |     0.8190 |    0.7204 |   6.41e-05 |     
   57 |     0.1291 |     0.8435 |    0.7496 |     0.1528 |     0.8207 |    0.7228 |   5.93e-05 |     
   58 |     0.1273 |     0.8458 |    0.7526 |     0.1523 |     0.8196 |    0.7218 |   5.47e-05 |     
   59 |     0.1264 |     0.8473 |    0.7545 |     0.1506 |     0.8232 |    0.7250 |   5.02e-05 |     
   60 |     0.1250 |     0.8490 |    0.7564 |     0.1483 |     0.8229 |    0.7255 |   4.58e-05 |     
   61 |     0.1247 |     0.8496 |    0.7574 |     0.1514 |     0.8231 |    0.7260 |   4.17e-05 |     
   62 |     0.1231 |     0.8511 |    0.7596 |     0.1478 |     0.8235 |    0.7258 |   3.77e-05 |     
   63 |     0.1217 |     0.8535 |    0.7625 |     0.1520 |     0.8245 |    0.7274 |   3.39e-05 |     
   64 |     0.1200 |     0.8552 |    0.7648 |     0.1545 |     0.8226 |    0.7250 |   3.03e-05 |     
   65 |     0.1188 |     0.8568 |    0.7669 |     0.1523 |     0.8250 |    0.7285 |   2.68e-05 |    *
   66 |     0.1182 |     0.8580 |    0.7684 |     0.1499 |     0.8232 |    0.7259 |   2.36e-05 |     
   67 |     0.1171 |     0.8587 |    0.7695 |     0.1557 |     0.8231 |    0.7262 |   2.05e-05 |     
   68 |     0.1150 |     0.8612 |    0.7726 |     0.1541 |     0.8233 |    0.7266 |   1.77e-05 |     
--- R2 plus final-map regional overlap: global validation statistics ---
up4: ca=0.8824+/-0.0980, sa=1.0029+/-0.0038, amp=0.0000, suppress=0.0000, guide_abs=0.2594
up4 residuals: local_mean=1.974e-02, global_mean=0.0132, local_strength=0.0735, global_strength=0.1103, gain=[0.9813,1.0132], saturation=0.0000, text_film=0.0048
up4 haar: reconstruction_error=5.960e-07, skip_low/high=0.7773/0.2227, plam_low/high=1.0000/0.0000
up4 strengths: plam=0.9511, region=0.0735, detail=0.1103; residual_std region/detail/refine=0.0222/0.6435/0.6097
up4 guide_mix: entropy=0.9836, raw_low=0.3372, plam_low=0.2390, decoder_low=0.2355, detail=0.1883; agreement plam/decoder=0.9759/0.9742, support=0.4361+/-0.0000
up4 adaptive_frequency: ALPF strength=0.2636, weights=0.1436/0.7187/0.1377, sum=1.0000, entropy=0.7169, delta_std=0.0838; AHPF strength=0.0706, weights=0.3877/0.4476/0.1647, sum=1.0000, entropy=0.9298, residual_std=0.1123, scaled_std=0.0079
up3: ca=1.0186+/-0.1318, sa=1.0080+/-0.0057, amp=0.0000, suppress=0.0000, guide_abs=0.2569
up3 residuals: local_mean=2.559e-02, global_mean=0.0414, local_strength=0.1116, global_strength=0.1240, gain=[0.9844,1.0352], saturation=0.0592, text_film=0.0215
up3 haar: reconstruction_error=9.537e-07, skip_low/high=0.7331/0.2669, plam_low/high=1.0000/0.0000
up3 strengths: plam=0.9055, region=0.1116, detail=0.1240; residual_std region/detail/refine=0.3758/0.6061/0.5003
up3 guide_mix: entropy=0.9844, raw_low=0.3251, plam_low=0.2039, decoder_low=0.2727, detail=0.1983; agreement plam/decoder=0.6844/0.2342, support=0.7961+/-0.0958
up3 adaptive_frequency: ALPF strength=0.3159, weights=0.1182/0.3341/0.5477, sum=1.0000, entropy=0.7359, delta_std=0.0779; AHPF strength=0.1261, weights=0.6417/0.1619/0.1964, sum=1.0000, entropy=0.7167, residual_std=0.1008, scaled_std=0.0127
up2: ca=0.9106+/-0.1102, sa=1.0020+/-0.0033, amp=0.0000, suppress=0.0000, guide_abs=0.3146
up2 residuals: local_mean=-1.475e-02, global_mean=0.0333, local_strength=0.1195, global_strength=0.1124, gain=[0.9679,1.0397], saturation=0.0000, text_film=0.0196
up2 haar: reconstruction_error=1.311e-06, skip_low/high=0.7804/0.2196, plam_low/high=1.0000/0.0000
up2 strengths: plam=0.8125, region=0.1195, detail=0.1124; residual_std region/detail/refine=0.2616/0.3040/0.1320
up2 guide_mix: entropy=0.9652, raw_low=0.3381, plam_low=0.1790, decoder_low=0.3150, detail=0.1679; agreement plam/decoder=0.2741/-0.1440, support=0.5929+/-0.0558
up1: ca=0.8830+/-0.0927, sa=1.0076+/-0.0128, amp=0.0000, suppress=0.0000, guide_abs=0.2267
up1 residuals: local_mean=-8.669e-03, global_mean=0.0896, local_strength=0.1299, global_strength=0.0990, gain=[0.9049,1.0955], saturation=0.0066, text_film=0.0387
up1 haar: reconstruction_error=1.431e-06, skip_low/high=0.7192/0.2808, plam_low/high=1.0000/0.0000
up1 strengths: plam=0.9054, region=0.1299, detail=0.0990; residual_std region/detail/refine=0.3373/0.3929/0.2032
up1 guide_mix: entropy=0.9459, raw_low=0.2786, plam_low=0.2261, decoder_low=0.3780, detail=0.1172; agreement plam/decoder=0.3674/0.0572, support=0.6349+/-0.0886

========= Epoch [69/80] =========
RS1_Test_session_09.12_17h44
Training with batch size : 16
   [Train] Epoch: [69][20/357]  Loss:0.117 (Avg 0.1113) IoU:0.774 (Avg 0.7777) Dice:0.8617 (Avg 0.8659) LR 1.51e-05   (AvgTime 0.5)   
   [Train] Epoch: [69][40/357]  Loss:0.137 (Avg 0.1141) IoU:0.729 (Avg 0.7722) Dice:0.8367 (Avg 0.8616) LR 1.51e-05   (AvgTime 0.5)   
   [Train] Epoch: [69][60/357]  Loss:0.094 (Avg 0.1159) IoU:0.820 (Avg 0.7725) Dice:0.8877 (Avg 0.8612) LR 1.51e-05   (AvgTime 0.5)   
   [Train] Epoch: [69][80/357]  Loss:0.090 (Avg 0.1161) IoU:0.819 (Avg 0.7721) Dice:0.8957 (Avg 0.8609) LR 1.51e-05   (AvgTime 0.5)   
   [Train] Epoch: [69][100/357]  Loss:0.108 (Avg 0.1160) IoU:0.777 (Avg 0.7725) Dice:0.8690 (Avg 0.8613) LR 1.51e-05   (AvgTime 0.5)   
   [Train] Epoch: [69][120/357]  Loss:0.080 (Avg 0.1150) IoU:0.832 (Avg 0.7735) Dice:0.9055 (Avg 0.8622) LR 1.51e-05   (AvgTime 0.5)   
   [Train] Epoch: [69][140/357]  Loss:0.102 (Avg 0.1150) IoU:0.800 (Avg 0.7733) Dice:0.8738 (Avg 0.8620) LR 1.51e-05   (AvgTime 0.5)   
   [Train] Epoch: [69][160/357]  Loss:0.138 (Avg 0.1148) IoU:0.723 (Avg 0.7734) Dice:0.8312 (Avg 0.8622) LR 1.51e-05   (AvgTime 0.5)   
   [Train] Epoch: [69][180/357]  Loss:0.071 (Avg 0.1152) IoU:0.858 (Avg 0.7729) Dice:0.9206 (Avg 0.8617) LR 1.51e-05   (AvgTime 0.5)   
   [Train] Epoch: [69][200/357]  Loss:0.118 (Avg 0.1155) IoU:0.763 (Avg 0.7725) Dice:0.8583 (Avg 0.8611) LR 1.51e-05   (AvgTime 0.5)   
   [Train] Epoch: [69][220/357]  Loss:0.115 (Avg 0.1156) IoU:0.763 (Avg 0.7721) Dice:0.8535 (Avg 0.8609) LR 1.51e-05   (AvgTime 0.5)   
   [Train] Epoch: [69][240/357]  Loss:0.092 (Avg 0.1152) IoU:0.815 (Avg 0.7728) Dice:0.8937 (Avg 0.8614) LR 1.51e-05   (AvgTime 0.5)   
   [Train] Epoch: [69][260/357]  Loss:0.149 (Avg 0.1147) IoU:0.709 (Avg 0.7737) Dice:0.8089 (Avg 0.8620) LR 1.51e-05   (AvgTime 0.5)   
   [Train] Epoch: [69][280/357]  Loss:0.093 (Avg 0.1145) IoU:0.804 (Avg 0.7742) Dice:0.8817 (Avg 0.8624) LR 1.51e-05   (AvgTime 0.5)   
   [Train] Epoch: [69][300/357]  Loss:0.143 (Avg 0.1145) IoU:0.705 (Avg 0.7742) Dice:0.8163 (Avg 0.8625) LR 1.51e-05   (AvgTime 0.5)   
   [Train] Epoch: [69][320/357]  Loss:0.130 (Avg 0.1145) IoU:0.788 (Avg 0.7746) Dice:0.8723 (Avg 0.8627) LR 1.51e-05   (AvgTime 0.5)   
   [Train] Epoch: [69][340/357]  Loss:0.118 (Avg 0.1151) IoU:0.757 (Avg 0.7733) Dice:0.8550 (Avg 0.8617) LR 1.51e-05   (AvgTime 0.5)   
   [Train] Epoch: [69][357/357]  Loss:0.140 (Avg 0.1151) IoU:0.722 (Avg 0.7734) Dice:0.8258 (Avg 0.8618) LR 1.51e-05   (AvgTime 0.5)   
   [Train] Loss components: main_dice=0.113421, main_focal=0.039434, main=0.076428, region_raw=0.301395, region_weighted=0.038673, empty_window_fraction=0.000000, total=0.115100
Validation
   [Val] Epoch: [69][20/90]  Loss:0.180 (Avg 0.1587) IoU:0.692 (Avg 0.7267) Dice:0.8065 (Avg 0.8271) (AvgTime 0.3)   
   [Val] Epoch: [69][40/90]  Loss:0.135 (Avg 0.1623) IoU:0.733 (Avg 0.7165) Dice:0.8383 (Avg 0.8172) (AvgTime 0.2)   
   [Val] Epoch: [69][60/90]  Loss:0.214 (Avg 0.1537) IoU:0.648 (Avg 0.7267) Dice:0.7565 (Avg 0.8237) (AvgTime 0.2)   
   [Val] Epoch: [69][80/90]  Loss:0.144 (Avg 0.1533) IoU:0.726 (Avg 0.7256) Dice:0.8230 (Avg 0.8229) (AvgTime 0.2)   
   [Val] Epoch: [69][90/90]  Loss:0.205 (Avg 0.1537) IoU:0.635 (Avg 0.7262) Dice:0.7605 (Avg 0.8233) (AvgTime 0.2)   
   [Val] Loss components: main_dice=0.147278, main_focal=0.075180, main=0.111229, region_raw=0.331072, region_weighted=0.042481, empty_window_fraction=0.000000, total=0.153709
	 No iou improvement; selected epoch 65
	 early_stopping_count: 4/80
--- Epoch History (1..69) ---
Epoch |  TrainLoss |  TrainDice |  TrainIoU |    ValLoss |    ValDice |    ValIoU |         LR | Best
    1 |     0.3300 |     0.6064 |    0.4771 |     0.2665 |     0.6917 |    0.5661 |   3.00e-04 |     
    2 |     0.2491 |     0.6986 |    0.5752 |     0.2503 |     0.7064 |    0.5831 |   3.00e-04 |     
    3 |     0.2238 |     0.7274 |    0.6082 |     0.2261 |     0.7490 |    0.6315 |   3.00e-04 |     
    4 |     0.2124 |     0.7413 |    0.6243 |     0.1852 |     0.7780 |    0.6672 |   2.99e-04 |     
    5 |     0.2062 |     0.7480 |    0.6318 |     0.1901 |     0.7618 |    0.6483 |   2.98e-04 |     
    6 |     0.2002 |     0.7563 |    0.6416 |     0.1824 |     0.7892 |    0.6820 |   2.97e-04 |     
    7 |     0.1965 |     0.7605 |    0.6471 |     0.1870 |     0.7776 |    0.6673 |   2.96e-04 |     
    8 |     0.1919 |     0.7663 |    0.6535 |     0.1781 |     0.7828 |    0.6722 |   2.94e-04 |     
    9 |     0.1907 |     0.7670 |    0.6549 |     0.1861 |     0.7859 |    0.6771 |   2.92e-04 |     
   10 |     0.1887 |     0.7700 |    0.6581 |     0.1904 |     0.7618 |    0.6500 |   2.91e-04 |     
   11 |     0.1847 |     0.7742 |    0.6630 |     0.1856 |     0.7791 |    0.6667 |   2.88e-04 |     
   12 |     0.1858 |     0.7730 |    0.6619 |     0.1814 |     0.7792 |    0.6699 |   2.86e-04 |     
   13 |     0.1827 |     0.7778 |    0.6673 |     0.1897 |     0.7836 |    0.6741 |   2.83e-04 |     
   14 |     0.1817 |     0.7785 |    0.6690 |     0.1761 |     0.7925 |    0.6846 |   2.80e-04 |     
   15 |     0.1790 |     0.7817 |    0.6727 |     0.1662 |     0.7947 |    0.6887 |   2.77e-04 |     
   16 |     0.1777 |     0.7832 |    0.6748 |     0.1662 |     0.7984 |    0.6933 |   2.74e-04 |     
   17 |     0.1747 |     0.7868 |    0.6787 |     0.1849 |     0.7656 |    0.6528 |   2.71e-04 |     
   18 |     0.1751 |     0.7880 |    0.6794 |     0.1706 |     0.7853 |    0.6776 |   2.67e-04 |     
   19 |     0.1727 |     0.7889 |    0.6813 |     0.1837 |     0.7750 |    0.6655 |   2.63e-04 |     
   20 |     0.1748 |     0.7871 |    0.6790 |     0.1670 |     0.7913 |    0.6862 |   2.59e-04 |     
   21 |     0.1711 |     0.7912 |    0.6837 |     0.1725 |     0.8030 |    0.6988 |   2.55e-04 |     
   22 |     0.1732 |     0.7894 |    0.6818 |     0.1654 |     0.7979 |    0.6947 |   2.51e-04 |     
   23 |     0.1690 |     0.7939 |    0.6878 |     0.1653 |     0.8044 |    0.7012 |   2.46e-04 |     
   24 |     0.1692 |     0.7944 |    0.6884 |     0.1686 |     0.7933 |    0.6847 |   2.42e-04 |     
   25 |     0.1648 |     0.7995 |    0.6940 |     0.1722 |     0.8021 |    0.6982 |   2.37e-04 |     
   26 |     0.1673 |     0.7963 |    0.6902 |     0.1664 |     0.8008 |    0.6962 |   2.32e-04 |     
   27 |     0.1629 |     0.8018 |    0.6970 |     0.1634 |     0.8048 |    0.7008 |   2.27e-04 |     
   28 |     0.1638 |     0.8013 |    0.6962 |     0.1968 |     0.7849 |    0.6766 |   2.22e-04 |     
   29 |     0.1665 |     0.7976 |    0.6924 |     0.1610 |     0.8024 |    0.6985 |   2.17e-04 |     
   30 |     0.1612 |     0.8048 |    0.7005 |     0.1603 |     0.7992 |    0.6949 |   2.11e-04 |     
   31 |     0.1582 |     0.8077 |    0.7041 |     0.1578 |     0.8066 |    0.7026 |   2.06e-04 |     
   32 |     0.1589 |     0.8063 |    0.7028 |     0.1762 |     0.7959 |    0.6925 |   2.00e-04 |     
   33 |     0.1578 |     0.8089 |    0.7056 |     0.1652 |     0.8056 |    0.7026 |   1.94e-04 |     
   34 |     0.1562 |     0.8101 |    0.7078 |     0.1586 |     0.8105 |    0.7098 |   1.89e-04 |     
   35 |     0.1559 |     0.8105 |    0.7081 |     0.1568 |     0.8093 |    0.7075 |   1.83e-04 |     
   36 |     0.1542 |     0.8127 |    0.7110 |     0.1550 |     0.8109 |    0.7091 |   1.77e-04 |     
   37 |     0.1534 |     0.8141 |    0.7124 |     0.1591 |     0.8011 |    0.6973 |   1.71e-04 |     
   38 |     0.1522 |     0.8143 |    0.7129 |     0.1619 |     0.8121 |    0.7118 |   1.65e-04 |     
   39 |     0.1510 |     0.8165 |    0.7157 |     0.1714 |     0.8063 |    0.7036 |   1.59e-04 |     
   40 |     0.1508 |     0.8159 |    0.7151 |     0.1523 |     0.8161 |    0.7173 |   1.53e-04 |     
   41 |     0.1486 |     0.8196 |    0.7188 |     0.2507 |     0.7752 |    0.6614 |   1.48e-04 |     
   42 |     0.1499 |     0.8174 |    0.7165 |     0.1519 |     0.8120 |    0.7104 |   1.42e-04 |     
   43 |     0.1456 |     0.8228 |    0.7232 |     0.1570 |     0.8040 |    0.6995 |   1.36e-04 |     
   44 |     0.1442 |     0.8248 |    0.7254 |     0.1531 |     0.8194 |    0.7199 |   1.30e-04 |     
   45 |     0.1446 |     0.8239 |    0.7247 |     0.1548 |     0.8151 |    0.7141 |   1.24e-04 |     
   46 |     0.1437 |     0.8250 |    0.7259 |     0.1547 |     0.8179 |    0.7182 |   1.18e-04 |     
   47 |     0.1418 |     0.8271 |    0.7291 |     0.1561 |     0.8163 |    0.7159 |   1.12e-04 |     
   48 |     0.1408 |     0.8287 |    0.7309 |     0.1505 |     0.8182 |    0.7195 |   1.07e-04 |     
   49 |     0.1393 |     0.8313 |    0.7338 |     0.1512 |     0.8180 |    0.7193 |   1.01e-04 |     
   50 |     0.1385 |     0.8316 |    0.7343 |     0.1496 |     0.8227 |    0.7242 |   9.54e-05 |     
   51 |     0.1369 |     0.8340 |    0.7374 |     0.1510 |     0.8192 |    0.7206 |   8.99e-05 |     
   52 |     0.1354 |     0.8360 |    0.7400 |     0.1484 |     0.8216 |    0.7227 |   8.45e-05 |     
   53 |     0.1340 |     0.8378 |    0.7421 |     0.1490 |     0.8214 |    0.7235 |   7.92e-05 |     
   54 |     0.1341 |     0.8371 |    0.7420 |     0.1546 |     0.8198 |    0.7215 |   7.40e-05 |     
   55 |     0.1330 |     0.8384 |    0.7432 |     0.1543 |     0.8231 |    0.7254 |   6.90e-05 |     
   56 |     0.1311 |     0.8414 |    0.7470 |     0.1507 |     0.8190 |    0.7204 |   6.41e-05 |     
   57 |     0.1291 |     0.8435 |    0.7496 |     0.1528 |     0.8207 |    0.7228 |   5.93e-05 |     
   58 |     0.1273 |     0.8458 |    0.7526 |     0.1523 |     0.8196 |    0.7218 |   5.47e-05 |     
   59 |     0.1264 |     0.8473 |    0.7545 |     0.1506 |     0.8232 |    0.7250 |   5.02e-05 |     
   60 |     0.1250 |     0.8490 |    0.7564 |     0.1483 |     0.8229 |    0.7255 |   4.58e-05 |     
   61 |     0.1247 |     0.8496 |    0.7574 |     0.1514 |     0.8231 |    0.7260 |   4.17e-05 |     
   62 |     0.1231 |     0.8511 |    0.7596 |     0.1478 |     0.8235 |    0.7258 |   3.77e-05 |     
   63 |     0.1217 |     0.8535 |    0.7625 |     0.1520 |     0.8245 |    0.7274 |   3.39e-05 |     
   64 |     0.1200 |     0.8552 |    0.7648 |     0.1545 |     0.8226 |    0.7250 |   3.03e-05 |     
   65 |     0.1188 |     0.8568 |    0.7669 |     0.1523 |     0.8250 |    0.7285 |   2.68e-05 |    *
   66 |     0.1182 |     0.8580 |    0.7684 |     0.1499 |     0.8232 |    0.7259 |   2.36e-05 |     
   67 |     0.1171 |     0.8587 |    0.7695 |     0.1557 |     0.8231 |    0.7262 |   2.05e-05 |     
   68 |     0.1150 |     0.8612 |    0.7726 |     0.1541 |     0.8233 |    0.7266 |   1.77e-05 |     
   69 |     0.1151 |     0.8618 |    0.7734 |     0.1537 |     0.8233 |    0.7262 |   1.51e-05 |     
--- R2 plus final-map regional overlap: global validation statistics ---
up4: ca=0.8811+/-0.0977, sa=1.0029+/-0.0039, amp=0.0000, suppress=0.0000, guide_abs=0.2625
up4 residuals: local_mean=1.956e-02, global_mean=0.0132, local_strength=0.0735, global_strength=0.1103, gain=[0.9807,1.0127], saturation=0.0000, text_film=0.0048
up4 haar: reconstruction_error=4.768e-07, skip_low/high=0.7794/0.2206, plam_low/high=1.0000/0.0000
up4 strengths: plam=0.9511, region=0.0735, detail=0.1103; residual_std region/detail/refine=0.0222/0.6470/0.6131
up4 guide_mix: entropy=0.9833, raw_low=0.3383, plam_low=0.2371, decoder_low=0.2366, detail=0.1880; agreement plam/decoder=0.9968/0.9961, support=0.4363+/-0.0000
up4 adaptive_frequency: ALPF strength=0.2637, weights=0.1442/0.7184/0.1374, sum=1.0000, entropy=0.7173, delta_std=0.0844; AHPF strength=0.0706, weights=0.3868/0.4482/0.1650, sum=1.0000, entropy=0.9299, residual_std=0.1131, scaled_std=0.0080
up3: ca=1.0199+/-0.1313, sa=1.0079+/-0.0056, amp=0.0000, suppress=0.0000, guide_abs=0.2548
up3 residuals: local_mean=2.492e-02, global_mean=0.0409, local_strength=0.1116, global_strength=0.1240, gain=[0.9856,1.0350], saturation=0.0523, text_film=0.0212
up3 haar: reconstruction_error=9.537e-07, skip_low/high=0.7339/0.2661, plam_low/high=1.0000/0.0000
up3 strengths: plam=0.9055, region=0.1116, detail=0.1240; residual_std region/detail/refine=0.3708/0.6050/0.4975
up3 guide_mix: entropy=0.9848, raw_low=0.3254, plam_low=0.2060, decoder_low=0.2704, detail=0.1983; agreement plam/decoder=0.6960/0.2331, support=0.7919+/-0.0953
up3 adaptive_frequency: ALPF strength=0.3161, weights=0.1154/0.3276/0.5570, sum=1.0000, entropy=0.7337, delta_std=0.0786; AHPF strength=0.1261, weights=0.6483/0.1600/0.1917, sum=1.0000, entropy=0.7134, residual_std=0.0993, scaled_std=0.0125
up2: ca=0.9121+/-0.1011, sa=1.0020+/-0.0033, amp=0.0000, suppress=0.0000, guide_abs=0.3092
up2 residuals: local_mean=-1.470e-02, global_mean=0.0333, local_strength=0.1195, global_strength=0.1124, gain=[0.9688,1.0390], saturation=0.0000, text_film=0.0195
up2 haar: reconstruction_error=9.537e-07, skip_low/high=0.7810/0.2190, plam_low/high=1.0000/0.0000
up2 strengths: plam=0.8124, region=0.1195, detail=0.1124; residual_std region/detail/refine=0.2570/0.3038/0.1310
up2 guide_mix: entropy=0.9637, raw_low=0.3347, plam_low=0.1773, decoder_low=0.3220, detail=0.1659; agreement plam/decoder=0.3046/-0.1471, support=0.5914+/-0.0534
up1: ca=0.8858+/-0.0912, sa=1.0076+/-0.0129, amp=0.0000, suppress=0.0000, guide_abs=0.2300
up1 residuals: local_mean=-8.264e-03, global_mean=0.0897, local_strength=0.1299, global_strength=0.0990, gain=[0.9046,1.0957], saturation=0.0072, text_film=0.0385
up1 haar: reconstruction_error=1.431e-06, skip_low/high=0.7172/0.2828, plam_low/high=1.0000/0.0000
up1 strengths: plam=0.9053, region=0.1299, detail=0.0990; residual_std region/detail/refine=0.3235/0.3986/0.2032
up1 guide_mix: entropy=0.9447, raw_low=0.2778, plam_low=0.2220, decoder_low=0.3823, detail=0.1179; agreement plam/decoder=0.3282/0.0293, support=0.6366+/-0.0872

========= Epoch [70/80] =========
RS1_Test_session_09.12_17h44
Training with batch size : 16
   [Train] Epoch: [70][20/357]  Loss:0.101 (Avg 0.1124) IoU:0.800 (Avg 0.7785) Dice:0.8809 (Avg 0.8646) LR 1.27e-05   (AvgTime 0.5)   
   [Train] Epoch: [70][40/357]  Loss:0.154 (Avg 0.1167) IoU:0.691 (Avg 0.7711) Dice:0.8010 (Avg 0.8589) LR 1.27e-05   (AvgTime 0.5)   
   [Train] Epoch: [70][60/357]  Loss:0.083 (Avg 0.1149) IoU:0.835 (Avg 0.7765) Dice:0.9075 (Avg 0.8625) LR 1.27e-05   (AvgTime 0.5)   
   [Train] Epoch: [70][80/357]  Loss:0.105 (Avg 0.1141) IoU:0.798 (Avg 0.7766) Dice:0.8823 (Avg 0.8632) LR 1.27e-05   (AvgTime 0.5)   
   [Train] Epoch: [70][100/357]  Loss:0.148 (Avg 0.1161) IoU:0.696 (Avg 0.7730) Dice:0.7916 (Avg 0.8603) LR 1.27e-05   (AvgTime 0.5)   
   [Train] Epoch: [70][120/357]  Loss:0.087 (Avg 0.1157) IoU:0.823 (Avg 0.7735) Dice:0.9003 (Avg 0.8608) LR 1.27e-05   (AvgTime 0.5)   
   [Train] Epoch: [70][140/357]  Loss:0.139 (Avg 0.1150) IoU:0.755 (Avg 0.7746) Dice:0.8428 (Avg 0.8618) LR 1.27e-05   (AvgTime 0.5)   
   [Train] Epoch: [70][160/357]  Loss:0.107 (Avg 0.1158) IoU:0.794 (Avg 0.7732) Dice:0.8757 (Avg 0.8609) LR 1.27e-05   (AvgTime 0.5)   
   [Train] Epoch: [70][180/357]  Loss:0.100 (Avg 0.1147) IoU:0.797 (Avg 0.7748) Dice:0.8727 (Avg 0.8622) LR 1.27e-05   (AvgTime 0.5)   
   [Train] Epoch: [70][200/357]  Loss:0.095 (Avg 0.1144) IoU:0.824 (Avg 0.7752) Dice:0.8993 (Avg 0.8627) LR 1.27e-05   (AvgTime 0.5)   
   [Train] Epoch: [70][220/357]  Loss:0.121 (Avg 0.1137) IoU:0.754 (Avg 0.7764) Dice:0.8503 (Avg 0.8636) LR 1.27e-05   (AvgTime 0.5)   
   [Train] Epoch: [70][240/357]  Loss:0.123 (Avg 0.1140) IoU:0.745 (Avg 0.7756) Dice:0.8387 (Avg 0.8631) LR 1.27e-05   (AvgTime 0.5)   
   [Train] Epoch: [70][260/357]  Loss:0.127 (Avg 0.1140) IoU:0.746 (Avg 0.7756) Dice:0.8400 (Avg 0.8631) LR 1.27e-05   (AvgTime 0.5)   
   [Train] Epoch: [70][280/357]  Loss:0.079 (Avg 0.1141) IoU:0.839 (Avg 0.7753) Dice:0.9105 (Avg 0.8630) LR 1.27e-05   (AvgTime 0.5)   
   [Train] Epoch: [70][300/357]  Loss:0.125 (Avg 0.1138) IoU:0.754 (Avg 0.7759) Dice:0.8480 (Avg 0.8634) LR 1.27e-05   (AvgTime 0.5)   
   [Train] Epoch: [70][320/357]  Loss:0.106 (Avg 0.1140) IoU:0.783 (Avg 0.7751) Dice:0.8713 (Avg 0.8629) LR 1.27e-05   (AvgTime 0.5)   
   [Train] Epoch: [70][340/357]  Loss:0.082 (Avg 0.1143) IoU:0.838 (Avg 0.7746) Dice:0.9060 (Avg 0.8626) LR 1.27e-05   (AvgTime 0.5)   
   [Train] Epoch: [70][357/357]  Loss:0.125 (Avg 0.1138) IoU:0.757 (Avg 0.7754) Dice:0.8381 (Avg 0.8632) LR 1.27e-05   (AvgTime 0.5)   
   [Train] Loss components: main_dice=0.112043, main_focal=0.038886, main=0.075465, region_raw=0.298950, region_weighted=0.038359, empty_window_fraction=0.000000, total=0.113824
Validation
   [Val] Epoch: [70][20/90]  Loss:0.187 (Avg 0.1617) IoU:0.686 (Avg 0.7279) Dice:0.8026 (Avg 0.8276) (AvgTime 0.3)   
   [Val] Epoch: [70][40/90]  Loss:0.128 (Avg 0.1648) IoU:0.743 (Avg 0.7179) Dice:0.8457 (Avg 0.8178) (AvgTime 0.2)   
   [Val] Epoch: [70][60/90]  Loss:0.210 (Avg 0.1553) IoU:0.655 (Avg 0.7292) Dice:0.7619 (Avg 0.8254) (AvgTime 0.2)   
   [Val] Epoch: [70][80/90]  Loss:0.151 (Avg 0.1544) IoU:0.715 (Avg 0.7282) Dice:0.8122 (Avg 0.8247) (AvgTime 0.2)   
   [Val] Epoch: [70][90/90]  Loss:0.218 (Avg 0.1548) IoU:0.619 (Avg 0.7288) Dice:0.7490 (Avg 0.8251) (AvgTime 0.2)   
   [Val] Loss components: main_dice=0.145767, main_focal=0.080566, main=0.113167, region_raw=0.324685, region_weighted=0.041661, empty_window_fraction=0.000000, total=0.154828
	 Saving best model by iou: 0.728810
	 Saving to Covid19/BetterLViT/rs1_global_iou/RS1_Test_session_09.12_17h44/models//best_model-BetterLViT.pth.tar
	 early_stopping_count: 0/80
--- Epoch History (1..70) ---
Epoch |  TrainLoss |  TrainDice |  TrainIoU |    ValLoss |    ValDice |    ValIoU |         LR | Best
    1 |     0.3300 |     0.6064 |    0.4771 |     0.2665 |     0.6917 |    0.5661 |   3.00e-04 |     
    2 |     0.2491 |     0.6986 |    0.5752 |     0.2503 |     0.7064 |    0.5831 |   3.00e-04 |     
    3 |     0.2238 |     0.7274 |    0.6082 |     0.2261 |     0.7490 |    0.6315 |   3.00e-04 |     
    4 |     0.2124 |     0.7413 |    0.6243 |     0.1852 |     0.7780 |    0.6672 |   2.99e-04 |     
    5 |     0.2062 |     0.7480 |    0.6318 |     0.1901 |     0.7618 |    0.6483 |   2.98e-04 |     
    6 |     0.2002 |     0.7563 |    0.6416 |     0.1824 |     0.7892 |    0.6820 |   2.97e-04 |     
    7 |     0.1965 |     0.7605 |    0.6471 |     0.1870 |     0.7776 |    0.6673 |   2.96e-04 |     
    8 |     0.1919 |     0.7663 |    0.6535 |     0.1781 |     0.7828 |    0.6722 |   2.94e-04 |     
    9 |     0.1907 |     0.7670 |    0.6549 |     0.1861 |     0.7859 |    0.6771 |   2.92e-04 |     
   10 |     0.1887 |     0.7700 |    0.6581 |     0.1904 |     0.7618 |    0.6500 |   2.91e-04 |     
   11 |     0.1847 |     0.7742 |    0.6630 |     0.1856 |     0.7791 |    0.6667 |   2.88e-04 |     
   12 |     0.1858 |     0.7730 |    0.6619 |     0.1814 |     0.7792 |    0.6699 |   2.86e-04 |     
   13 |     0.1827 |     0.7778 |    0.6673 |     0.1897 |     0.7836 |    0.6741 |   2.83e-04 |     
   14 |     0.1817 |     0.7785 |    0.6690 |     0.1761 |     0.7925 |    0.6846 |   2.80e-04 |     
   15 |     0.1790 |     0.7817 |    0.6727 |     0.1662 |     0.7947 |    0.6887 |   2.77e-04 |     
   16 |     0.1777 |     0.7832 |    0.6748 |     0.1662 |     0.7984 |    0.6933 |   2.74e-04 |     
   17 |     0.1747 |     0.7868 |    0.6787 |     0.1849 |     0.7656 |    0.6528 |   2.71e-04 |     
   18 |     0.1751 |     0.7880 |    0.6794 |     0.1706 |     0.7853 |    0.6776 |   2.67e-04 |     
   19 |     0.1727 |     0.7889 |    0.6813 |     0.1837 |     0.7750 |    0.6655 |   2.63e-04 |     
   20 |     0.1748 |     0.7871 |    0.6790 |     0.1670 |     0.7913 |    0.6862 |   2.59e-04 |     
   21 |     0.1711 |     0.7912 |    0.6837 |     0.1725 |     0.8030 |    0.6988 |   2.55e-04 |     
   22 |     0.1732 |     0.7894 |    0.6818 |     0.1654 |     0.7979 |    0.6947 |   2.51e-04 |     
   23 |     0.1690 |     0.7939 |    0.6878 |     0.1653 |     0.8044 |    0.7012 |   2.46e-04 |     
   24 |     0.1692 |     0.7944 |    0.6884 |     0.1686 |     0.7933 |    0.6847 |   2.42e-04 |     
   25 |     0.1648 |     0.7995 |    0.6940 |     0.1722 |     0.8021 |    0.6982 |   2.37e-04 |     
   26 |     0.1673 |     0.7963 |    0.6902 |     0.1664 |     0.8008 |    0.6962 |   2.32e-04 |     
   27 |     0.1629 |     0.8018 |    0.6970 |     0.1634 |     0.8048 |    0.7008 |   2.27e-04 |     
   28 |     0.1638 |     0.8013 |    0.6962 |     0.1968 |     0.7849 |    0.6766 |   2.22e-04 |     
   29 |     0.1665 |     0.7976 |    0.6924 |     0.1610 |     0.8024 |    0.6985 |   2.17e-04 |     
   30 |     0.1612 |     0.8048 |    0.7005 |     0.1603 |     0.7992 |    0.6949 |   2.11e-04 |     
   31 |     0.1582 |     0.8077 |    0.7041 |     0.1578 |     0.8066 |    0.7026 |   2.06e-04 |     
   32 |     0.1589 |     0.8063 |    0.7028 |     0.1762 |     0.7959 |    0.6925 |   2.00e-04 |     
   33 |     0.1578 |     0.8089 |    0.7056 |     0.1652 |     0.8056 |    0.7026 |   1.94e-04 |     
   34 |     0.1562 |     0.8101 |    0.7078 |     0.1586 |     0.8105 |    0.7098 |   1.89e-04 |     
   35 |     0.1559 |     0.8105 |    0.7081 |     0.1568 |     0.8093 |    0.7075 |   1.83e-04 |     
   36 |     0.1542 |     0.8127 |    0.7110 |     0.1550 |     0.8109 |    0.7091 |   1.77e-04 |     
   37 |     0.1534 |     0.8141 |    0.7124 |     0.1591 |     0.8011 |    0.6973 |   1.71e-04 |     
   38 |     0.1522 |     0.8143 |    0.7129 |     0.1619 |     0.8121 |    0.7118 |   1.65e-04 |     
   39 |     0.1510 |     0.8165 |    0.7157 |     0.1714 |     0.8063 |    0.7036 |   1.59e-04 |     
   40 |     0.1508 |     0.8159 |    0.7151 |     0.1523 |     0.8161 |    0.7173 |   1.53e-04 |     
   41 |     0.1486 |     0.8196 |    0.7188 |     0.2507 |     0.7752 |    0.6614 |   1.48e-04 |     
   42 |     0.1499 |     0.8174 |    0.7165 |     0.1519 |     0.8120 |    0.7104 |   1.42e-04 |     
   43 |     0.1456 |     0.8228 |    0.7232 |     0.1570 |     0.8040 |    0.6995 |   1.36e-04 |     
   44 |     0.1442 |     0.8248 |    0.7254 |     0.1531 |     0.8194 |    0.7199 |   1.30e-04 |     
   45 |     0.1446 |     0.8239 |    0.7247 |     0.1548 |     0.8151 |    0.7141 |   1.24e-04 |     
   46 |     0.1437 |     0.8250 |    0.7259 |     0.1547 |     0.8179 |    0.7182 |   1.18e-04 |     
   47 |     0.1418 |     0.8271 |    0.7291 |     0.1561 |     0.8163 |    0.7159 |   1.12e-04 |     
   48 |     0.1408 |     0.8287 |    0.7309 |     0.1505 |     0.8182 |    0.7195 |   1.07e-04 |     
   49 |     0.1393 |     0.8313 |    0.7338 |     0.1512 |     0.8180 |    0.7193 |   1.01e-04 |     
   50 |     0.1385 |     0.8316 |    0.7343 |     0.1496 |     0.8227 |    0.7242 |   9.54e-05 |     
   51 |     0.1369 |     0.8340 |    0.7374 |     0.1510 |     0.8192 |    0.7206 |   8.99e-05 |     
   52 |     0.1354 |     0.8360 |    0.7400 |     0.1484 |     0.8216 |    0.7227 |   8.45e-05 |     
   53 |     0.1340 |     0.8378 |    0.7421 |     0.1490 |     0.8214 |    0.7235 |   7.92e-05 |     
   54 |     0.1341 |     0.8371 |    0.7420 |     0.1546 |     0.8198 |    0.7215 |   7.40e-05 |     
   55 |     0.1330 |     0.8384 |    0.7432 |     0.1543 |     0.8231 |    0.7254 |   6.90e-05 |     
   56 |     0.1311 |     0.8414 |    0.7470 |     0.1507 |     0.8190 |    0.7204 |   6.41e-05 |     
   57 |     0.1291 |     0.8435 |    0.7496 |     0.1528 |     0.8207 |    0.7228 |   5.93e-05 |     
   58 |     0.1273 |     0.8458 |    0.7526 |     0.1523 |     0.8196 |    0.7218 |   5.47e-05 |     
   59 |     0.1264 |     0.8473 |    0.7545 |     0.1506 |     0.8232 |    0.7250 |   5.02e-05 |     
   60 |     0.1250 |     0.8490 |    0.7564 |     0.1483 |     0.8229 |    0.7255 |   4.58e-05 |     
   61 |     0.1247 |     0.8496 |    0.7574 |     0.1514 |     0.8231 |    0.7260 |   4.17e-05 |     
   62 |     0.1231 |     0.8511 |    0.7596 |     0.1478 |     0.8235 |    0.7258 |   3.77e-05 |     
   63 |     0.1217 |     0.8535 |    0.7625 |     0.1520 |     0.8245 |    0.7274 |   3.39e-05 |     
   64 |     0.1200 |     0.8552 |    0.7648 |     0.1545 |     0.8226 |    0.7250 |   3.03e-05 |     
   65 |     0.1188 |     0.8568 |    0.7669 |     0.1523 |     0.8250 |    0.7285 |   2.68e-05 |     
   66 |     0.1182 |     0.8580 |    0.7684 |     0.1499 |     0.8232 |    0.7259 |   2.36e-05 |     
   67 |     0.1171 |     0.8587 |    0.7695 |     0.1557 |     0.8231 |    0.7262 |   2.05e-05 |     
   68 |     0.1150 |     0.8612 |    0.7726 |     0.1541 |     0.8233 |    0.7266 |   1.77e-05 |     
   69 |     0.1151 |     0.8618 |    0.7734 |     0.1537 |     0.8233 |    0.7262 |   1.51e-05 |     
   70 |     0.1138 |     0.8632 |    0.7754 |     0.1548 |     0.8251 |    0.7288 |   1.27e-05 |    *
--- R2 plus final-map regional overlap: global validation statistics ---
up4: ca=0.8810+/-0.0979, sa=1.0030+/-0.0039, amp=0.0000, suppress=0.0000, guide_abs=0.2606
up4 residuals: local_mean=1.993e-02, global_mean=0.0135, local_strength=0.0735, global_strength=0.1104, gain=[0.9807,1.0136], saturation=0.0000, text_film=0.0048
up4 haar: reconstruction_error=9.537e-07, skip_low/high=0.7788/0.2212, plam_low/high=1.0000/0.0000
up4 strengths: plam=0.9511, region=0.0735, detail=0.1104; residual_std region/detail/refine=0.0225/0.6470/0.6133
up4 guide_mix: entropy=0.9837, raw_low=0.3362, plam_low=0.2410, decoder_low=0.2350, detail=0.1877; agreement plam/decoder=0.9656/0.9889, support=0.4360+/-0.0000
up4 adaptive_frequency: ALPF strength=0.2637, weights=0.1441/0.7186/0.1374, sum=1.0000, entropy=0.7170, delta_std=0.0852; AHPF strength=0.0706, weights=0.3861/0.4490/0.1650, sum=1.0000, entropy=0.9299, residual_std=0.1132, scaled_std=0.0080
up3: ca=1.0203+/-0.1299, sa=1.0079+/-0.0056, amp=0.0000, suppress=0.0000, guide_abs=0.2570
up3 residuals: local_mean=2.511e-02, global_mean=0.0408, local_strength=0.1116, global_strength=0.1240, gain=[0.9850,1.0364], saturation=0.0490, text_film=0.0211
up3 haar: reconstruction_error=9.537e-07, skip_low/high=0.7348/0.2652, plam_low/high=1.0000/0.0000
up3 strengths: plam=0.9054, region=0.1116, detail=0.1240; residual_std region/detail/refine=0.3713/0.6050/0.4964
up3 guide_mix: entropy=0.9843, raw_low=0.3290, plam_low=0.2042, decoder_low=0.2669, detail=0.1999; agreement plam/decoder=0.6958/0.2410, support=0.7935+/-0.0946
up3 adaptive_frequency: ALPF strength=0.3161, weights=0.1115/0.3223/0.5663, sum=1.0000, entropy=0.7334, delta_std=0.0792; AHPF strength=0.1261, weights=0.6580/0.1579/0.1841, sum=1.0000, entropy=0.7084, residual_std=0.0963, scaled_std=0.0121
up2: ca=0.9154+/-0.1094, sa=1.0020+/-0.0032, amp=0.0000, suppress=0.0000, guide_abs=0.3163
up2 residuals: local_mean=-1.471e-02, global_mean=0.0333, local_strength=0.1195, global_strength=0.1124, gain=[0.9711,1.0364], saturation=0.0000, text_film=0.0180
up2 haar: reconstruction_error=9.537e-07, skip_low/high=0.7802/0.2198, plam_low/high=1.0000/0.0000
up2 strengths: plam=0.8124, region=0.1195, detail=0.1124; residual_std region/detail/refine=0.2561/0.3003/0.1313
up2 guide_mix: entropy=0.9647, raw_low=0.3341, plam_low=0.1803, decoder_low=0.3202, detail=0.1654; agreement plam/decoder=0.2988/-0.1358, support=0.5912+/-0.0552
up1: ca=0.8869+/-0.0893, sa=1.0076+/-0.0128, amp=0.0000, suppress=0.0000, guide_abs=0.2260
up1 residuals: local_mean=-8.460e-03, global_mean=0.0897, local_strength=0.1299, global_strength=0.0990, gain=[0.9049,1.0956], saturation=0.0067, text_film=0.0386
up1 haar: reconstruction_error=1.431e-06, skip_low/high=0.7156/0.2844, plam_low/high=1.0000/0.0000
up1 strengths: plam=0.9053, region=0.1299, detail=0.0990; residual_std region/detail/refine=0.3325/0.3922/0.2032
up1 guide_mix: entropy=0.9439, raw_low=0.2670, plam_low=0.2337, decoder_low=0.3844, detail=0.1149; agreement plam/decoder=0.3335/0.0069, support=0.6331+/-0.0869

========= Epoch [71/80] =========
RS1_Test_session_09.12_17h44
Training with batch size : 16
   [Train] Epoch: [71][20/357]  Loss:0.144 (Avg 0.1111) IoU:0.714 (Avg 0.7750) Dice:0.8161 (Avg 0.8627) LR 1.05e-05   (AvgTime 0.6)   
   [Train] Epoch: [71][40/357]  Loss:0.134 (Avg 0.1129) IoU:0.717 (Avg 0.7754) Dice:0.8239 (Avg 0.8624) LR 1.05e-05   (AvgTime 0.6)   
   [Train] Epoch: [71][60/357]  Loss:0.091 (Avg 0.1113) IoU:0.860 (Avg 0.7799) Dice:0.9239 (Avg 0.8659) LR 1.05e-05   (AvgTime 0.6)   
   [Train] Epoch: [71][80/357]  Loss:0.093 (Avg 0.1130) IoU:0.798 (Avg 0.7760) Dice:0.8831 (Avg 0.8631) LR 1.05e-05   (AvgTime 0.6)   
   [Train] Epoch: [71][100/357]  Loss:0.124 (Avg 0.1138) IoU:0.752 (Avg 0.7741) Dice:0.8429 (Avg 0.8618) LR 1.05e-05   (AvgTime 0.6)   
   [Train] Epoch: [71][120/357]  Loss:0.174 (Avg 0.1145) IoU:0.652 (Avg 0.7732) Dice:0.7743 (Avg 0.8614) LR 1.05e-05   (AvgTime 0.6)   
   [Train] Epoch: [71][140/357]  Loss:0.112 (Avg 0.1146) IoU:0.772 (Avg 0.7742) Dice:0.8659 (Avg 0.8618) LR 1.05e-05   (AvgTime 0.6)   
   [Train] Epoch: [71][160/357]  Loss:0.088 (Avg 0.1137) IoU:0.821 (Avg 0.7758) Dice:0.8968 (Avg 0.8632) LR 1.05e-05   (AvgTime 0.6)   
   [Train] Epoch: [71][180/357]  Loss:0.100 (Avg 0.1130) IoU:0.804 (Avg 0.7771) Dice:0.8858 (Avg 0.8643) LR 1.05e-05   (AvgTime 0.6)   
   [Train] Epoch: [71][200/357]  Loss:0.128 (Avg 0.1132) IoU:0.758 (Avg 0.7770) Dice:0.8451 (Avg 0.8640) LR 1.05e-05   (AvgTime 0.6)   
   [Train] Epoch: [71][220/357]  Loss:0.119 (Avg 0.1129) IoU:0.756 (Avg 0.7775) Dice:0.8500 (Avg 0.8644) LR 1.05e-05   (AvgTime 0.6)   
   [Train] Epoch: [71][240/357]  Loss:0.101 (Avg 0.1124) IoU:0.793 (Avg 0.7782) Dice:0.8804 (Avg 0.8650) LR 1.05e-05   (AvgTime 0.6)   
   [Train] Epoch: [71][260/357]  Loss:0.099 (Avg 0.1125) IoU:0.800 (Avg 0.7780) Dice:0.8813 (Avg 0.8650) LR 1.05e-05   (AvgTime 0.6)   
   [Train] Epoch: [71][280/357]  Loss:0.093 (Avg 0.1127) IoU:0.804 (Avg 0.7777) Dice:0.8867 (Avg 0.8649) LR 1.05e-05   (AvgTime 0.6)   
   [Train] Epoch: [71][300/357]  Loss:0.109 (Avg 0.1134) IoU:0.795 (Avg 0.7763) Dice:0.8814 (Avg 0.8638) LR 1.05e-05   (AvgTime 0.6)   
   [Train] Epoch: [71][320/357]  Loss:0.132 (Avg 0.1130) IoU:0.722 (Avg 0.7768) Dice:0.8308 (Avg 0.8643) LR 1.05e-05   (AvgTime 0.6)   
   [Train] Epoch: [71][340/357]  Loss:0.104 (Avg 0.1128) IoU:0.787 (Avg 0.7772) Dice:0.8759 (Avg 0.8645) LR 1.05e-05   (AvgTime 0.6)   
   [Train] Epoch: [71][357/357]  Loss:0.141 (Avg 0.1127) IoU:0.717 (Avg 0.7772) Dice:0.8203 (Avg 0.8645) LR 1.05e-05   (AvgTime 0.6)   
   [Train] Loss components: main_dice=0.110927, main_focal=0.038484, main=0.074705, region_raw=0.296124, region_weighted=0.037996, empty_window_fraction=0.000000, total=0.112702
Validation
   [Val] Epoch: [71][20/90]  Loss:0.182 (Avg 0.1617) IoU:0.685 (Avg 0.7256) Dice:0.8024 (Avg 0.8261) (AvgTime 0.3)   
   [Val] Epoch: [71][40/90]  Loss:0.126 (Avg 0.1641) IoU:0.744 (Avg 0.7170) Dice:0.8466 (Avg 0.8177) (AvgTime 0.2)   
   [Val] Epoch: [71][60/90]  Loss:0.212 (Avg 0.1550) IoU:0.650 (Avg 0.7280) Dice:0.7580 (Avg 0.8246) (AvgTime 0.2)   
   [Val] Epoch: [71][80/90]  Loss:0.150 (Avg 0.1549) IoU:0.714 (Avg 0.7267) Dice:0.8132 (Avg 0.8235) (AvgTime 0.2)   
   [Val] Epoch: [71][90/90]  Loss:0.208 (Avg 0.1558) IoU:0.637 (Avg 0.7270) Dice:0.7635 (Avg 0.8237) (AvgTime 0.2)   
   [Val] Loss components: main_dice=0.146768, main_focal=0.081882, main=0.114325, region_raw=0.323628, region_weighted=0.041525, empty_window_fraction=0.000000, total=0.155850
	 No iou improvement; selected epoch 70
	 early_stopping_count: 1/80
--- Epoch History (1..71) ---
Epoch |  TrainLoss |  TrainDice |  TrainIoU |    ValLoss |    ValDice |    ValIoU |         LR | Best
    1 |     0.3300 |     0.6064 |    0.4771 |     0.2665 |     0.6917 |    0.5661 |   3.00e-04 |     
    2 |     0.2491 |     0.6986 |    0.5752 |     0.2503 |     0.7064 |    0.5831 |   3.00e-04 |     
    3 |     0.2238 |     0.7274 |    0.6082 |     0.2261 |     0.7490 |    0.6315 |   3.00e-04 |     
    4 |     0.2124 |     0.7413 |    0.6243 |     0.1852 |     0.7780 |    0.6672 |   2.99e-04 |     
    5 |     0.2062 |     0.7480 |    0.6318 |     0.1901 |     0.7618 |    0.6483 |   2.98e-04 |     
    6 |     0.2002 |     0.7563 |    0.6416 |     0.1824 |     0.7892 |    0.6820 |   2.97e-04 |     
    7 |     0.1965 |     0.7605 |    0.6471 |     0.1870 |     0.7776 |    0.6673 |   2.96e-04 |     
    8 |     0.1919 |     0.7663 |    0.6535 |     0.1781 |     0.7828 |    0.6722 |   2.94e-04 |     
    9 |     0.1907 |     0.7670 |    0.6549 |     0.1861 |     0.7859 |    0.6771 |   2.92e-04 |     
   10 |     0.1887 |     0.7700 |    0.6581 |     0.1904 |     0.7618 |    0.6500 |   2.91e-04 |     
   11 |     0.1847 |     0.7742 |    0.6630 |     0.1856 |     0.7791 |    0.6667 |   2.88e-04 |     
   12 |     0.1858 |     0.7730 |    0.6619 |     0.1814 |     0.7792 |    0.6699 |   2.86e-04 |     
   13 |     0.1827 |     0.7778 |    0.6673 |     0.1897 |     0.7836 |    0.6741 |   2.83e-04 |     
   14 |     0.1817 |     0.7785 |    0.6690 |     0.1761 |     0.7925 |    0.6846 |   2.80e-04 |     
   15 |     0.1790 |     0.7817 |    0.6727 |     0.1662 |     0.7947 |    0.6887 |   2.77e-04 |     
   16 |     0.1777 |     0.7832 |    0.6748 |     0.1662 |     0.7984 |    0.6933 |   2.74e-04 |     
   17 |     0.1747 |     0.7868 |    0.6787 |     0.1849 |     0.7656 |    0.6528 |   2.71e-04 |     
   18 |     0.1751 |     0.7880 |    0.6794 |     0.1706 |     0.7853 |    0.6776 |   2.67e-04 |     
   19 |     0.1727 |     0.7889 |    0.6813 |     0.1837 |     0.7750 |    0.6655 |   2.63e-04 |     
   20 |     0.1748 |     0.7871 |    0.6790 |     0.1670 |     0.7913 |    0.6862 |   2.59e-04 |     
   21 |     0.1711 |     0.7912 |    0.6837 |     0.1725 |     0.8030 |    0.6988 |   2.55e-04 |     
   22 |     0.1732 |     0.7894 |    0.6818 |     0.1654 |     0.7979 |    0.6947 |   2.51e-04 |     
   23 |     0.1690 |     0.7939 |    0.6878 |     0.1653 |     0.8044 |    0.7012 |   2.46e-04 |     
   24 |     0.1692 |     0.7944 |    0.6884 |     0.1686 |     0.7933 |    0.6847 |   2.42e-04 |     
   25 |     0.1648 |     0.7995 |    0.6940 |     0.1722 |     0.8021 |    0.6982 |   2.37e-04 |     
   26 |     0.1673 |     0.7963 |    0.6902 |     0.1664 |     0.8008 |    0.6962 |   2.32e-04 |     
   27 |     0.1629 |     0.8018 |    0.6970 |     0.1634 |     0.8048 |    0.7008 |   2.27e-04 |     
   28 |     0.1638 |     0.8013 |    0.6962 |     0.1968 |     0.7849 |    0.6766 |   2.22e-04 |     
   29 |     0.1665 |     0.7976 |    0.6924 |     0.1610 |     0.8024 |    0.6985 |   2.17e-04 |     
   30 |     0.1612 |     0.8048 |    0.7005 |     0.1603 |     0.7992 |    0.6949 |   2.11e-04 |     
   31 |     0.1582 |     0.8077 |    0.7041 |     0.1578 |     0.8066 |    0.7026 |   2.06e-04 |     
   32 |     0.1589 |     0.8063 |    0.7028 |     0.1762 |     0.7959 |    0.6925 |   2.00e-04 |     
   33 |     0.1578 |     0.8089 |    0.7056 |     0.1652 |     0.8056 |    0.7026 |   1.94e-04 |     
   34 |     0.1562 |     0.8101 |    0.7078 |     0.1586 |     0.8105 |    0.7098 |   1.89e-04 |     
   35 |     0.1559 |     0.8105 |    0.7081 |     0.1568 |     0.8093 |    0.7075 |   1.83e-04 |     
   36 |     0.1542 |     0.8127 |    0.7110 |     0.1550 |     0.8109 |    0.7091 |   1.77e-04 |     
   37 |     0.1534 |     0.8141 |    0.7124 |     0.1591 |     0.8011 |    0.6973 |   1.71e-04 |     
   38 |     0.1522 |     0.8143 |    0.7129 |     0.1619 |     0.8121 |    0.7118 |   1.65e-04 |     
   39 |     0.1510 |     0.8165 |    0.7157 |     0.1714 |     0.8063 |    0.7036 |   1.59e-04 |     
   40 |     0.1508 |     0.8159 |    0.7151 |     0.1523 |     0.8161 |    0.7173 |   1.53e-04 |     
   41 |     0.1486 |     0.8196 |    0.7188 |     0.2507 |     0.7752 |    0.6614 |   1.48e-04 |     
   42 |     0.1499 |     0.8174 |    0.7165 |     0.1519 |     0.8120 |    0.7104 |   1.42e-04 |     
   43 |     0.1456 |     0.8228 |    0.7232 |     0.1570 |     0.8040 |    0.6995 |   1.36e-04 |     
   44 |     0.1442 |     0.8248 |    0.7254 |     0.1531 |     0.8194 |    0.7199 |   1.30e-04 |     
   45 |     0.1446 |     0.8239 |    0.7247 |     0.1548 |     0.8151 |    0.7141 |   1.24e-04 |     
   46 |     0.1437 |     0.8250 |    0.7259 |     0.1547 |     0.8179 |    0.7182 |   1.18e-04 |     
   47 |     0.1418 |     0.8271 |    0.7291 |     0.1561 |     0.8163 |    0.7159 |   1.12e-04 |     
   48 |     0.1408 |     0.8287 |    0.7309 |     0.1505 |     0.8182 |    0.7195 |   1.07e-04 |     
   49 |     0.1393 |     0.8313 |    0.7338 |     0.1512 |     0.8180 |    0.7193 |   1.01e-04 |     
   50 |     0.1385 |     0.8316 |    0.7343 |     0.1496 |     0.8227 |    0.7242 |   9.54e-05 |     
   51 |     0.1369 |     0.8340 |    0.7374 |     0.1510 |     0.8192 |    0.7206 |   8.99e-05 |     
   52 |     0.1354 |     0.8360 |    0.7400 |     0.1484 |     0.8216 |    0.7227 |   8.45e-05 |     
   53 |     0.1340 |     0.8378 |    0.7421 |     0.1490 |     0.8214 |    0.7235 |   7.92e-05 |     
   54 |     0.1341 |     0.8371 |    0.7420 |     0.1546 |     0.8198 |    0.7215 |   7.40e-05 |     
   55 |     0.1330 |     0.8384 |    0.7432 |     0.1543 |     0.8231 |    0.7254 |   6.90e-05 |     
   56 |     0.1311 |     0.8414 |    0.7470 |     0.1507 |     0.8190 |    0.7204 |   6.41e-05 |     
   57 |     0.1291 |     0.8435 |    0.7496 |     0.1528 |     0.8207 |    0.7228 |   5.93e-05 |     
   58 |     0.1273 |     0.8458 |    0.7526 |     0.1523 |     0.8196 |    0.7218 |   5.47e-05 |     
   59 |     0.1264 |     0.8473 |    0.7545 |     0.1506 |     0.8232 |    0.7250 |   5.02e-05 |     
   60 |     0.1250 |     0.8490 |    0.7564 |     0.1483 |     0.8229 |    0.7255 |   4.58e-05 |     
   61 |     0.1247 |     0.8496 |    0.7574 |     0.1514 |     0.8231 |    0.7260 |   4.17e-05 |     
   62 |     0.1231 |     0.8511 |    0.7596 |     0.1478 |     0.8235 |    0.7258 |   3.77e-05 |     
   63 |     0.1217 |     0.8535 |    0.7625 |     0.1520 |     0.8245 |    0.7274 |   3.39e-05 |     
   64 |     0.1200 |     0.8552 |    0.7648 |     0.1545 |     0.8226 |    0.7250 |   3.03e-05 |     
   65 |     0.1188 |     0.8568 |    0.7669 |     0.1523 |     0.8250 |    0.7285 |   2.68e-05 |     
   66 |     0.1182 |     0.8580 |    0.7684 |     0.1499 |     0.8232 |    0.7259 |   2.36e-05 |     
   67 |     0.1171 |     0.8587 |    0.7695 |     0.1557 |     0.8231 |    0.7262 |   2.05e-05 |     
   68 |     0.1150 |     0.8612 |    0.7726 |     0.1541 |     0.8233 |    0.7266 |   1.77e-05 |     
   69 |     0.1151 |     0.8618 |    0.7734 |     0.1537 |     0.8233 |    0.7262 |   1.51e-05 |     
   70 |     0.1138 |     0.8632 |    0.7754 |     0.1548 |     0.8251 |    0.7288 |   1.27e-05 |    *
   71 |     0.1127 |     0.8645 |    0.7772 |     0.1558 |     0.8237 |    0.7270 |   1.05e-05 |     
--- R2 plus final-map regional overlap: global validation statistics ---
up4: ca=0.8825+/-0.0971, sa=1.0029+/-0.0039, amp=0.0000, suppress=0.0000, guide_abs=0.2575
up4 residuals: local_mean=1.984e-02, global_mean=0.0131, local_strength=0.0735, global_strength=0.1104, gain=[0.9805,1.0138], saturation=0.0000, text_film=0.0048
up4 haar: reconstruction_error=5.364e-07, skip_low/high=0.7771/0.2229, plam_low/high=1.0000/0.0000
up4 strengths: plam=0.9511, region=0.0735, detail=0.1104; residual_std region/detail/refine=0.0226/0.6450/0.6106
up4 guide_mix: entropy=0.9839, raw_low=0.3361, plam_low=0.2387, decoder_low=0.2367, detail=0.1885; agreement plam/decoder=0.9443/0.9468, support=0.4361+/-0.0000
up4 adaptive_frequency: ALPF strength=0.2637, weights=0.1442/0.7181/0.1377, sum=1.0000, entropy=0.7177, delta_std=0.0860; AHPF strength=0.0706, weights=0.3855/0.4493/0.1652, sum=1.0000, entropy=0.9301, residual_std=0.1141, scaled_std=0.0080
up3: ca=1.0212+/-0.1287, sa=1.0079+/-0.0056, amp=0.0000, suppress=0.0000, guide_abs=0.2597
up3 residuals: local_mean=2.522e-02, global_mean=0.0405, local_strength=0.1116, global_strength=0.1240, gain=[0.9846,1.0361], saturation=0.0556, text_film=0.0213
up3 haar: reconstruction_error=9.537e-07, skip_low/high=0.7318/0.2682, plam_low/high=1.0000/0.0000
up3 strengths: plam=0.9055, region=0.1116, detail=0.1240; residual_std region/detail/refine=0.3697/0.6076/0.4984
up3 guide_mix: entropy=0.9847, raw_low=0.3256, plam_low=0.2040, decoder_low=0.2706, detail=0.1998; agreement plam/decoder=0.6851/0.2634, support=0.7964+/-0.0957
up3 adaptive_frequency: ALPF strength=0.3162, weights=0.1090/0.3166/0.5744, sum=1.0000, entropy=0.7304, delta_std=0.0804; AHPF strength=0.1261, weights=0.6654/0.1541/0.1804, sum=1.0000, entropy=0.6990, residual_std=0.0947, scaled_std=0.0119
up2: ca=0.9173+/-0.1088, sa=1.0020+/-0.0033, amp=0.0000, suppress=0.0000, guide_abs=0.3124
up2 residuals: local_mean=-1.463e-02, global_mean=0.0333, local_strength=0.1195, global_strength=0.1124, gain=[0.9694,1.0382], saturation=0.0000, text_film=0.0192
up2 haar: reconstruction_error=1.073e-06, skip_low/high=0.7786/0.2214, plam_low/high=1.0000/0.0000
up2 strengths: plam=0.8124, region=0.1195, detail=0.1124; residual_std region/detail/refine=0.2567/0.3047/0.1308
up2 guide_mix: entropy=0.9652, raw_low=0.3347, plam_low=0.1790, decoder_low=0.3187, detail=0.1675; agreement plam/decoder=0.2861/-0.1413, support=0.5887+/-0.0544
up1: ca=0.8872+/-0.0888, sa=1.0076+/-0.0130, amp=0.0000, suppress=0.0000, guide_abs=0.2295
up1 residuals: local_mean=-8.450e-03, global_mean=0.0898, local_strength=0.1299, global_strength=0.0990, gain=[0.9046,1.0958], saturation=0.0072, text_film=0.0383
up1 haar: reconstruction_error=1.431e-06, skip_low/high=0.7174/0.2826, plam_low/high=1.0000/0.0000
up1 strengths: plam=0.9053, region=0.1299, detail=0.0990; residual_std region/detail/refine=0.3354/0.3999/0.2033
up1 guide_mix: entropy=0.9455, raw_low=0.2785, plam_low=0.2230, decoder_low=0.3802, detail=0.1182; agreement plam/decoder=0.3349/0.0019, support=0.6339+/-0.0867

========= Epoch [72/80] =========
RS1_Test_session_09.12_17h44
Training with batch size : 16
   [Train] Epoch: [72][20/357]  Loss:0.139 (Avg 0.1129) IoU:0.735 (Avg 0.7735) Dice:0.8270 (Avg 0.8623) LR 8.50e-06   (AvgTime 0.6)   
   [Train] Epoch: [72][40/357]  Loss:0.088 (Avg 0.1129) IoU:0.829 (Avg 0.7753) Dice:0.9022 (Avg 0.8635) LR 8.50e-06   (AvgTime 0.6)   
   [Train] Epoch: [72][60/357]  Loss:0.094 (Avg 0.1134) IoU:0.800 (Avg 0.7751) Dice:0.8823 (Avg 0.8632) LR 8.50e-06   (AvgTime 0.6)   
   [Train] Epoch: [72][80/357]  Loss:0.108 (Avg 0.1122) IoU:0.787 (Avg 0.7783) Dice:0.8713 (Avg 0.8656) LR 8.50e-06   (AvgTime 0.6)   
   [Train] Epoch: [72][100/357]  Loss:0.133 (Avg 0.1128) IoU:0.730 (Avg 0.7776) Dice:0.8411 (Avg 0.8653) LR 8.50e-06   (AvgTime 0.6)   
   [Train] Epoch: [72][120/357]  Loss:0.127 (Avg 0.1120) IoU:0.760 (Avg 0.7785) Dice:0.8546 (Avg 0.8659) LR 8.50e-06   (AvgTime 0.6)   
   [Train] Epoch: [72][140/357]  Loss:0.114 (Avg 0.1123) IoU:0.772 (Avg 0.7779) Dice:0.8683 (Avg 0.8653) LR 8.50e-06   (AvgTime 0.6)   
   [Train] Epoch: [72][160/357]  Loss:0.113 (Avg 0.1125) IoU:0.765 (Avg 0.7776) Dice:0.8587 (Avg 0.8653) LR 8.50e-06   (AvgTime 0.6)   
   [Train] Epoch: [72][180/357]  Loss:0.143 (Avg 0.1128) IoU:0.711 (Avg 0.7768) Dice:0.8202 (Avg 0.8646) LR 8.50e-06   (AvgTime 0.6)   
   [Train] Epoch: [72][200/357]  Loss:0.094 (Avg 0.1128) IoU:0.804 (Avg 0.7768) Dice:0.8796 (Avg 0.8645) LR 8.50e-06   (AvgTime 0.6)   
   [Train] Epoch: [72][220/357]  Loss:0.125 (Avg 0.1127) IoU:0.749 (Avg 0.7769) Dice:0.8417 (Avg 0.8647) LR 8.50e-06   (AvgTime 0.6)   
   [Train] Epoch: [72][240/357]  Loss:0.122 (Avg 0.1125) IoU:0.781 (Avg 0.7773) Dice:0.8724 (Avg 0.8650) LR 8.50e-06   (AvgTime 0.6)   
   [Train] Epoch: [72][260/357]  Loss:0.109 (Avg 0.1126) IoU:0.780 (Avg 0.7773) Dice:0.8704 (Avg 0.8650) LR 8.50e-06   (AvgTime 0.6)   
   [Train] Epoch: [72][280/357]  Loss:0.131 (Avg 0.1128) IoU:0.736 (Avg 0.7769) Dice:0.8287 (Avg 0.8646) LR 8.50e-06   (AvgTime 0.6)   
   [Train] Epoch: [72][300/357]  Loss:0.097 (Avg 0.1122) IoU:0.795 (Avg 0.7782) Dice:0.8781 (Avg 0.8654) LR 8.50e-06   (AvgTime 0.6)   
   [Train] Epoch: [72][320/357]  Loss:0.146 (Avg 0.1125) IoU:0.699 (Avg 0.7774) Dice:0.8108 (Avg 0.8648) LR 8.50e-06   (AvgTime 0.6)   
   [Train] Epoch: [72][340/357]  Loss:0.087 (Avg 0.1126) IoU:0.836 (Avg 0.7776) Dice:0.9023 (Avg 0.8650) LR 8.50e-06   (AvgTime 0.6)   
   [Train] Epoch: [72][357/357]  Loss:0.113 (Avg 0.1128) IoU:0.777 (Avg 0.7771) Dice:0.8657 (Avg 0.8646) LR 8.50e-06   (AvgTime 0.6)   
   [Train] Loss components: main_dice=0.110595, main_focal=0.038966, main=0.074781, region_raw=0.295955, region_weighted=0.037975, empty_window_fraction=0.000000, total=0.112755
Validation
   [Val] Epoch: [72][20/90]  Loss:0.183 (Avg 0.1577) IoU:0.689 (Avg 0.7266) Dice:0.8052 (Avg 0.8273) (AvgTime 0.3)   
   [Val] Epoch: [72][40/90]  Loss:0.131 (Avg 0.1615) IoU:0.736 (Avg 0.7170) Dice:0.8398 (Avg 0.8176) (AvgTime 0.2)   
   [Val] Epoch: [72][60/90]  Loss:0.206 (Avg 0.1523) IoU:0.655 (Avg 0.7282) Dice:0.7620 (Avg 0.8248) (AvgTime 0.2)   
   [Val] Epoch: [72][80/90]  Loss:0.147 (Avg 0.1516) IoU:0.715 (Avg 0.7271) Dice:0.8155 (Avg 0.8241) (AvgTime 0.2)   
   [Val] Epoch: [72][90/90]  Loss:0.209 (Avg 0.1522) IoU:0.632 (Avg 0.7279) Dice:0.7579 (Avg 0.8245) (AvgTime 0.2)   
   [Val] Loss components: main_dice=0.145881, main_focal=0.074749, main=0.110315, region_raw=0.326301, region_weighted=0.041868, empty_window_fraction=0.000000, total=0.152183
	 No iou improvement; selected epoch 70
	 early_stopping_count: 2/80
--- Epoch History (1..72) ---
Epoch |  TrainLoss |  TrainDice |  TrainIoU |    ValLoss |    ValDice |    ValIoU |         LR | Best
    1 |     0.3300 |     0.6064 |    0.4771 |     0.2665 |     0.6917 |    0.5661 |   3.00e-04 |     
    2 |     0.2491 |     0.6986 |    0.5752 |     0.2503 |     0.7064 |    0.5831 |   3.00e-04 |     
    3 |     0.2238 |     0.7274 |    0.6082 |     0.2261 |     0.7490 |    0.6315 |   3.00e-04 |     
    4 |     0.2124 |     0.7413 |    0.6243 |     0.1852 |     0.7780 |    0.6672 |   2.99e-04 |     
    5 |     0.2062 |     0.7480 |    0.6318 |     0.1901 |     0.7618 |    0.6483 |   2.98e-04 |     
    6 |     0.2002 |     0.7563 |    0.6416 |     0.1824 |     0.7892 |    0.6820 |   2.97e-04 |     
    7 |     0.1965 |     0.7605 |    0.6471 |     0.1870 |     0.7776 |    0.6673 |   2.96e-04 |     
    8 |     0.1919 |     0.7663 |    0.6535 |     0.1781 |     0.7828 |    0.6722 |   2.94e-04 |     
    9 |     0.1907 |     0.7670 |    0.6549 |     0.1861 |     0.7859 |    0.6771 |   2.92e-04 |     
   10 |     0.1887 |     0.7700 |    0.6581 |     0.1904 |     0.7618 |    0.6500 |   2.91e-04 |     
   11 |     0.1847 |     0.7742 |    0.6630 |     0.1856 |     0.7791 |    0.6667 |   2.88e-04 |     
   12 |     0.1858 |     0.7730 |    0.6619 |     0.1814 |     0.7792 |    0.6699 |   2.86e-04 |     
   13 |     0.1827 |     0.7778 |    0.6673 |     0.1897 |     0.7836 |    0.6741 |   2.83e-04 |     
   14 |     0.1817 |     0.7785 |    0.6690 |     0.1761 |     0.7925 |    0.6846 |   2.80e-04 |     
   15 |     0.1790 |     0.7817 |    0.6727 |     0.1662 |     0.7947 |    0.6887 |   2.77e-04 |     
   16 |     0.1777 |     0.7832 |    0.6748 |     0.1662 |     0.7984 |    0.6933 |   2.74e-04 |     
   17 |     0.1747 |     0.7868 |    0.6787 |     0.1849 |     0.7656 |    0.6528 |   2.71e-04 |     
   18 |     0.1751 |     0.7880 |    0.6794 |     0.1706 |     0.7853 |    0.6776 |   2.67e-04 |     
   19 |     0.1727 |     0.7889 |    0.6813 |     0.1837 |     0.7750 |    0.6655 |   2.63e-04 |     
   20 |     0.1748 |     0.7871 |    0.6790 |     0.1670 |     0.7913 |    0.6862 |   2.59e-04 |     
   21 |     0.1711 |     0.7912 |    0.6837 |     0.1725 |     0.8030 |    0.6988 |   2.55e-04 |     
   22 |     0.1732 |     0.7894 |    0.6818 |     0.1654 |     0.7979 |    0.6947 |   2.51e-04 |     
   23 |     0.1690 |     0.7939 |    0.6878 |     0.1653 |     0.8044 |    0.7012 |   2.46e-04 |     
   24 |     0.1692 |     0.7944 |    0.6884 |     0.1686 |     0.7933 |    0.6847 |   2.42e-04 |     
   25 |     0.1648 |     0.7995 |    0.6940 |     0.1722 |     0.8021 |    0.6982 |   2.37e-04 |     
   26 |     0.1673 |     0.7963 |    0.6902 |     0.1664 |     0.8008 |    0.6962 |   2.32e-04 |     
   27 |     0.1629 |     0.8018 |    0.6970 |     0.1634 |     0.8048 |    0.7008 |   2.27e-04 |     
   28 |     0.1638 |     0.8013 |    0.6962 |     0.1968 |     0.7849 |    0.6766 |   2.22e-04 |     
   29 |     0.1665 |     0.7976 |    0.6924 |     0.1610 |     0.8024 |    0.6985 |   2.17e-04 |     
   30 |     0.1612 |     0.8048 |    0.7005 |     0.1603 |     0.7992 |    0.6949 |   2.11e-04 |     
   31 |     0.1582 |     0.8077 |    0.7041 |     0.1578 |     0.8066 |    0.7026 |   2.06e-04 |     
   32 |     0.1589 |     0.8063 |    0.7028 |     0.1762 |     0.7959 |    0.6925 |   2.00e-04 |     
   33 |     0.1578 |     0.8089 |    0.7056 |     0.1652 |     0.8056 |    0.7026 |   1.94e-04 |     
   34 |     0.1562 |     0.8101 |    0.7078 |     0.1586 |     0.8105 |    0.7098 |   1.89e-04 |     
   35 |     0.1559 |     0.8105 |    0.7081 |     0.1568 |     0.8093 |    0.7075 |   1.83e-04 |     
   36 |     0.1542 |     0.8127 |    0.7110 |     0.1550 |     0.8109 |    0.7091 |   1.77e-04 |     
   37 |     0.1534 |     0.8141 |    0.7124 |     0.1591 |     0.8011 |    0.6973 |   1.71e-04 |     
   38 |     0.1522 |     0.8143 |    0.7129 |     0.1619 |     0.8121 |    0.7118 |   1.65e-04 |     
   39 |     0.1510 |     0.8165 |    0.7157 |     0.1714 |     0.8063 |    0.7036 |   1.59e-04 |     
   40 |     0.1508 |     0.8159 |    0.7151 |     0.1523 |     0.8161 |    0.7173 |   1.53e-04 |     
   41 |     0.1486 |     0.8196 |    0.7188 |     0.2507 |     0.7752 |    0.6614 |   1.48e-04 |     
   42 |     0.1499 |     0.8174 |    0.7165 |     0.1519 |     0.8120 |    0.7104 |   1.42e-04 |     
   43 |     0.1456 |     0.8228 |    0.7232 |     0.1570 |     0.8040 |    0.6995 |   1.36e-04 |     
   44 |     0.1442 |     0.8248 |    0.7254 |     0.1531 |     0.8194 |    0.7199 |   1.30e-04 |     
   45 |     0.1446 |     0.8239 |    0.7247 |     0.1548 |     0.8151 |    0.7141 |   1.24e-04 |     
   46 |     0.1437 |     0.8250 |    0.7259 |     0.1547 |     0.8179 |    0.7182 |   1.18e-04 |     
   47 |     0.1418 |     0.8271 |    0.7291 |     0.1561 |     0.8163 |    0.7159 |   1.12e-04 |     
   48 |     0.1408 |     0.8287 |    0.7309 |     0.1505 |     0.8182 |    0.7195 |   1.07e-04 |     
   49 |     0.1393 |     0.8313 |    0.7338 |     0.1512 |     0.8180 |    0.7193 |   1.01e-04 |     
   50 |     0.1385 |     0.8316 |    0.7343 |     0.1496 |     0.8227 |    0.7242 |   9.54e-05 |     
   51 |     0.1369 |     0.8340 |    0.7374 |     0.1510 |     0.8192 |    0.7206 |   8.99e-05 |     
   52 |     0.1354 |     0.8360 |    0.7400 |     0.1484 |     0.8216 |    0.7227 |   8.45e-05 |     
   53 |     0.1340 |     0.8378 |    0.7421 |     0.1490 |     0.8214 |    0.7235 |   7.92e-05 |     
   54 |     0.1341 |     0.8371 |    0.7420 |     0.1546 |     0.8198 |    0.7215 |   7.40e-05 |     
   55 |     0.1330 |     0.8384 |    0.7432 |     0.1543 |     0.8231 |    0.7254 |   6.90e-05 |     
   56 |     0.1311 |     0.8414 |    0.7470 |     0.1507 |     0.8190 |    0.7204 |   6.41e-05 |     
   57 |     0.1291 |     0.8435 |    0.7496 |     0.1528 |     0.8207 |    0.7228 |   5.93e-05 |     
   58 |     0.1273 |     0.8458 |    0.7526 |     0.1523 |     0.8196 |    0.7218 |   5.47e-05 |     
   59 |     0.1264 |     0.8473 |    0.7545 |     0.1506 |     0.8232 |    0.7250 |   5.02e-05 |     
   60 |     0.1250 |     0.8490 |    0.7564 |     0.1483 |     0.8229 |    0.7255 |   4.58e-05 |     
   61 |     0.1247 |     0.8496 |    0.7574 |     0.1514 |     0.8231 |    0.7260 |   4.17e-05 |     
   62 |     0.1231 |     0.8511 |    0.7596 |     0.1478 |     0.8235 |    0.7258 |   3.77e-05 |     
   63 |     0.1217 |     0.8535 |    0.7625 |     0.1520 |     0.8245 |    0.7274 |   3.39e-05 |     
   64 |     0.1200 |     0.8552 |    0.7648 |     0.1545 |     0.8226 |    0.7250 |   3.03e-05 |     
   65 |     0.1188 |     0.8568 |    0.7669 |     0.1523 |     0.8250 |    0.7285 |   2.68e-05 |     
   66 |     0.1182 |     0.8580 |    0.7684 |     0.1499 |     0.8232 |    0.7259 |   2.36e-05 |     
   67 |     0.1171 |     0.8587 |    0.7695 |     0.1557 |     0.8231 |    0.7262 |   2.05e-05 |     
   68 |     0.1150 |     0.8612 |    0.7726 |     0.1541 |     0.8233 |    0.7266 |   1.77e-05 |     
   69 |     0.1151 |     0.8618 |    0.7734 |     0.1537 |     0.8233 |    0.7262 |   1.51e-05 |     
   70 |     0.1138 |     0.8632 |    0.7754 |     0.1548 |     0.8251 |    0.7288 |   1.27e-05 |    *
   71 |     0.1127 |     0.8645 |    0.7772 |     0.1558 |     0.8237 |    0.7270 |   1.05e-05 |     
   72 |     0.1128 |     0.8646 |    0.7771 |     0.1522 |     0.8245 |    0.7279 |   8.50e-06 |     
--- R2 plus final-map regional overlap: global validation statistics ---
up4: ca=0.8835+/-0.0977, sa=1.0029+/-0.0039, amp=0.0000, suppress=0.0000, guide_abs=0.2356
up4 residuals: local_mean=1.980e-02, global_mean=0.0129, local_strength=0.0735, global_strength=0.1104, gain=[0.9801,1.0130], saturation=0.0000, text_film=0.0048
up4 haar: reconstruction_error=9.537e-07, skip_low/high=0.7773/0.2227, plam_low/high=1.0000/0.0000
up4 strengths: plam=0.9511, region=0.0735, detail=0.1104; residual_std region/detail/refine=0.0225/0.6470/0.6129
up4 guide_mix: entropy=0.9841, raw_low=0.3356, plam_low=0.2387, decoder_low=0.2370, detail=0.1887; agreement plam/decoder=0.9101/0.9143, support=0.4359+/-0.0000
up4 adaptive_frequency: ALPF strength=0.2637, weights=0.1440/0.7187/0.1373, sum=1.0000, entropy=0.7168, delta_std=0.0856; AHPF strength=0.0706, weights=0.3866/0.4485/0.1649, sum=1.0000, entropy=0.9300, residual_std=0.1137, scaled_std=0.0080
up3: ca=1.0208+/-0.1278, sa=1.0079+/-0.0056, amp=0.0000, suppress=0.0000, guide_abs=0.2584
up3 residuals: local_mean=2.513e-02, global_mean=0.0406, local_strength=0.1116, global_strength=0.1240, gain=[0.9848,1.0352], saturation=0.0528, text_film=0.0214
up3 haar: reconstruction_error=9.537e-07, skip_low/high=0.7322/0.2678, plam_low/high=1.0000/0.0000
up3 strengths: plam=0.9055, region=0.1116, detail=0.1240; residual_std region/detail/refine=0.3691/0.6071/0.4990
up3 guide_mix: entropy=0.9843, raw_low=0.3256, plam_low=0.2023, decoder_low=0.2726, detail=0.1995; agreement plam/decoder=0.6878/0.2576, support=0.7950+/-0.0959
up3 adaptive_frequency: ALPF strength=0.3163, weights=0.1092/0.3202/0.5706, sum=1.0000, entropy=0.7355, delta_std=0.0808; AHPF strength=0.1261, weights=0.6741/0.1550/0.1709, sum=1.0000, entropy=0.6917, residual_std=0.0916, scaled_std=0.0116
up2: ca=0.9175+/-0.1049, sa=1.0020+/-0.0033, amp=0.0000, suppress=0.0000, guide_abs=0.3127
up2 residuals: local_mean=-1.462e-02, global_mean=0.0333, local_strength=0.1195, global_strength=0.1124, gain=[0.9688,1.0390], saturation=0.0000, text_film=0.0197
up2 haar: reconstruction_error=9.537e-07, skip_low/high=0.7795/0.2205, plam_low/high=1.0000/0.0000
up2 strengths: plam=0.8123, region=0.1195, detail=0.1124; residual_std region/detail/refine=0.2543/0.3029/0.1300
up2 guide_mix: entropy=0.9639, raw_low=0.3347, plam_low=0.1770, decoder_low=0.3218, detail=0.1665; agreement plam/decoder=0.2933/-0.1460, support=0.5883+/-0.0544
up1: ca=0.8900+/-0.0869, sa=1.0076+/-0.0130, amp=0.0000, suppress=0.0000, guide_abs=0.2331
up1 residuals: local_mean=-8.372e-03, global_mean=0.0898, local_strength=0.1299, global_strength=0.0990, gain=[0.9046,1.0958], saturation=0.0070, text_film=0.0382
up1 haar: reconstruction_error=1.431e-06, skip_low/high=0.7174/0.2826, plam_low/high=1.0000/0.0000
up1 strengths: plam=0.9053, region=0.1299, detail=0.0990; residual_std region/detail/refine=0.3237/0.4000/0.2033
up1 guide_mix: entropy=0.9449, raw_low=0.2794, plam_low=0.2207, decoder_low=0.3816, detail=0.1183; agreement plam/decoder=0.3295/0.0139, support=0.6373+/-0.0874

========= Epoch [73/80] =========
RS1_Test_session_09.12_17h44
Training with batch size : 16
   [Train] Epoch: [73][20/357]  Loss:0.078 (Avg 0.1015) IoU:0.840 (Avg 0.7980) Dice:0.9113 (Avg 0.8798) LR 6.76e-06   (AvgTime 0.5)   
   [Train] Epoch: [73][40/357]  Loss:0.077 (Avg 0.1001) IoU:0.841 (Avg 0.8006) Dice:0.9101 (Avg 0.8815) LR 6.76e-06   (AvgTime 0.5)   
   [Train] Epoch: [73][60/357]  Loss:0.117 (Avg 0.1052) IoU:0.752 (Avg 0.7904) Dice:0.8523 (Avg 0.8745) LR 6.76e-06   (AvgTime 0.5)   
   [Train] Epoch: [73][80/357]  Loss:0.103 (Avg 0.1066) IoU:0.797 (Avg 0.7876) Dice:0.8798 (Avg 0.8726) LR 6.76e-06   (AvgTime 0.5)   
   [Train] Epoch: [73][100/357]  Loss:0.132 (Avg 0.1100) IoU:0.736 (Avg 0.7815) Dice:0.8425 (Avg 0.8680) LR 6.76e-06   (AvgTime 0.5)   
   [Train] Epoch: [73][120/357]  Loss:0.092 (Avg 0.1098) IoU:0.830 (Avg 0.7822) Dice:0.9052 (Avg 0.8682) LR 6.76e-06   (AvgTime 0.5)   
   [Train] Epoch: [73][140/357]  Loss:0.103 (Avg 0.1100) IoU:0.788 (Avg 0.7815) Dice:0.8702 (Avg 0.8678) LR 6.76e-06   (AvgTime 0.5)   
   [Train] Epoch: [73][160/357]  Loss:0.073 (Avg 0.1109) IoU:0.840 (Avg 0.7803) Dice:0.9102 (Avg 0.8665) LR 6.76e-06   (AvgTime 0.5)   
   [Train] Epoch: [73][180/357]  Loss:0.133 (Avg 0.1112) IoU:0.751 (Avg 0.7799) Dice:0.8481 (Avg 0.8664) LR 6.76e-06   (AvgTime 0.5)   
   [Train] Epoch: [73][200/357]  Loss:0.130 (Avg 0.1116) IoU:0.729 (Avg 0.7790) Dice:0.8296 (Avg 0.8656) LR 6.76e-06   (AvgTime 0.5)   
   [Train] Epoch: [73][220/357]  Loss:0.091 (Avg 0.1114) IoU:0.810 (Avg 0.7795) Dice:0.8918 (Avg 0.8661) LR 6.76e-06   (AvgTime 0.5)   
   [Train] Epoch: [73][240/357]  Loss:0.100 (Avg 0.1112) IoU:0.807 (Avg 0.7798) Dice:0.8918 (Avg 0.8664) LR 6.76e-06   (AvgTime 0.5)   
   [Train] Epoch: [73][260/357]  Loss:0.143 (Avg 0.1113) IoU:0.742 (Avg 0.7795) Dice:0.8324 (Avg 0.8662) LR 6.76e-06   (AvgTime 0.5)   
   [Train] Epoch: [73][280/357]  Loss:0.091 (Avg 0.1113) IoU:0.822 (Avg 0.7795) Dice:0.8909 (Avg 0.8662) LR 6.76e-06   (AvgTime 0.5)   
   [Train] Epoch: [73][300/357]  Loss:0.177 (Avg 0.1114) IoU:0.691 (Avg 0.7793) Dice:0.7812 (Avg 0.8661) LR 6.76e-06   (AvgTime 0.5)   
   [Train] Epoch: [73][320/357]  Loss:0.165 (Avg 0.1114) IoU:0.693 (Avg 0.7794) Dice:0.8109 (Avg 0.8662) LR 6.76e-06   (AvgTime 0.5)   
   [Train] Epoch: [73][340/357]  Loss:0.120 (Avg 0.1112) IoU:0.760 (Avg 0.7797) Dice:0.8479 (Avg 0.8665) LR 6.76e-06   (AvgTime 0.5)   
   [Train] Epoch: [73][357/357]  Loss:0.084 (Avg 0.1110) IoU:0.825 (Avg 0.7798) Dice:0.8983 (Avg 0.8666) LR 6.76e-06   (AvgTime 0.5)   
   [Train] Loss components: main_dice=0.109163, main_focal=0.037600, main=0.073382, region_raw=0.293528, region_weighted=0.037663, empty_window_fraction=0.000000, total=0.111045
Validation
   [Val] Epoch: [73][20/90]  Loss:0.190 (Avg 0.1614) IoU:0.674 (Avg 0.7273) Dice:0.7940 (Avg 0.8277) (AvgTime 0.3)   
   [Val] Epoch: [73][40/90]  Loss:0.133 (Avg 0.1642) IoU:0.738 (Avg 0.7181) Dice:0.8420 (Avg 0.8185) (AvgTime 0.2)   
   [Val] Epoch: [73][60/90]  Loss:0.210 (Avg 0.1553) IoU:0.653 (Avg 0.7291) Dice:0.7605 (Avg 0.8256) (AvgTime 0.2)   
   [Val] Epoch: [73][80/90]  Loss:0.153 (Avg 0.1555) IoU:0.715 (Avg 0.7278) Dice:0.8129 (Avg 0.8245) (AvgTime 0.2)   
   [Val] Epoch: [73][90/90]  Loss:0.212 (Avg 0.1565) IoU:0.626 (Avg 0.7281) Dice:0.7542 (Avg 0.8246) (AvgTime 0.2)   
   [Val] Loss components: main_dice=0.146211, main_focal=0.083424, main=0.114817, region_raw=0.324776, region_weighted=0.041673, empty_window_fraction=0.000000, total=0.156490
	 No iou improvement; selected epoch 70
	 early_stopping_count: 3/80
--- Epoch History (1..73) ---
Epoch |  TrainLoss |  TrainDice |  TrainIoU |    ValLoss |    ValDice |    ValIoU |         LR | Best
    1 |     0.3300 |     0.6064 |    0.4771 |     0.2665 |     0.6917 |    0.5661 |   3.00e-04 |     
    2 |     0.2491 |     0.6986 |    0.5752 |     0.2503 |     0.7064 |    0.5831 |   3.00e-04 |     
    3 |     0.2238 |     0.7274 |    0.6082 |     0.2261 |     0.7490 |    0.6315 |   3.00e-04 |     
    4 |     0.2124 |     0.7413 |    0.6243 |     0.1852 |     0.7780 |    0.6672 |   2.99e-04 |     
    5 |     0.2062 |     0.7480 |    0.6318 |     0.1901 |     0.7618 |    0.6483 |   2.98e-04 |     
    6 |     0.2002 |     0.7563 |    0.6416 |     0.1824 |     0.7892 |    0.6820 |   2.97e-04 |     
    7 |     0.1965 |     0.7605 |    0.6471 |     0.1870 |     0.7776 |    0.6673 |   2.96e-04 |     
    8 |     0.1919 |     0.7663 |    0.6535 |     0.1781 |     0.7828 |    0.6722 |   2.94e-04 |     
    9 |     0.1907 |     0.7670 |    0.6549 |     0.1861 |     0.7859 |    0.6771 |   2.92e-04 |     
   10 |     0.1887 |     0.7700 |    0.6581 |     0.1904 |     0.7618 |    0.6500 |   2.91e-04 |     
   11 |     0.1847 |     0.7742 |    0.6630 |     0.1856 |     0.7791 |    0.6667 |   2.88e-04 |     
   12 |     0.1858 |     0.7730 |    0.6619 |     0.1814 |     0.7792 |    0.6699 |   2.86e-04 |     
   13 |     0.1827 |     0.7778 |    0.6673 |     0.1897 |     0.7836 |    0.6741 |   2.83e-04 |     
   14 |     0.1817 |     0.7785 |    0.6690 |     0.1761 |     0.7925 |    0.6846 |   2.80e-04 |     
   15 |     0.1790 |     0.7817 |    0.6727 |     0.1662 |     0.7947 |    0.6887 |   2.77e-04 |     
   16 |     0.1777 |     0.7832 |    0.6748 |     0.1662 |     0.7984 |    0.6933 |   2.74e-04 |     
   17 |     0.1747 |     0.7868 |    0.6787 |     0.1849 |     0.7656 |    0.6528 |   2.71e-04 |     
   18 |     0.1751 |     0.7880 |    0.6794 |     0.1706 |     0.7853 |    0.6776 |   2.67e-04 |     
   19 |     0.1727 |     0.7889 |    0.6813 |     0.1837 |     0.7750 |    0.6655 |   2.63e-04 |     
   20 |     0.1748 |     0.7871 |    0.6790 |     0.1670 |     0.7913 |    0.6862 |   2.59e-04 |     
   21 |     0.1711 |     0.7912 |    0.6837 |     0.1725 |     0.8030 |    0.6988 |   2.55e-04 |     
   22 |     0.1732 |     0.7894 |    0.6818 |     0.1654 |     0.7979 |    0.6947 |   2.51e-04 |     
   23 |     0.1690 |     0.7939 |    0.6878 |     0.1653 |     0.8044 |    0.7012 |   2.46e-04 |     
   24 |     0.1692 |     0.7944 |    0.6884 |     0.1686 |     0.7933 |    0.6847 |   2.42e-04 |     
   25 |     0.1648 |     0.7995 |    0.6940 |     0.1722 |     0.8021 |    0.6982 |   2.37e-04 |     
   26 |     0.1673 |     0.7963 |    0.6902 |     0.1664 |     0.8008 |    0.6962 |   2.32e-04 |     
   27 |     0.1629 |     0.8018 |    0.6970 |     0.1634 |     0.8048 |    0.7008 |   2.27e-04 |     
   28 |     0.1638 |     0.8013 |    0.6962 |     0.1968 |     0.7849 |    0.6766 |   2.22e-04 |     
   29 |     0.1665 |     0.7976 |    0.6924 |     0.1610 |     0.8024 |    0.6985 |   2.17e-04 |     
   30 |     0.1612 |     0.8048 |    0.7005 |     0.1603 |     0.7992 |    0.6949 |   2.11e-04 |     
   31 |     0.1582 |     0.8077 |    0.7041 |     0.1578 |     0.8066 |    0.7026 |   2.06e-04 |     
   32 |     0.1589 |     0.8063 |    0.7028 |     0.1762 |     0.7959 |    0.6925 |   2.00e-04 |     
   33 |     0.1578 |     0.8089 |    0.7056 |     0.1652 |     0.8056 |    0.7026 |   1.94e-04 |     
   34 |     0.1562 |     0.8101 |    0.7078 |     0.1586 |     0.8105 |    0.7098 |   1.89e-04 |     
   35 |     0.1559 |     0.8105 |    0.7081 |     0.1568 |     0.8093 |    0.7075 |   1.83e-04 |     
   36 |     0.1542 |     0.8127 |    0.7110 |     0.1550 |     0.8109 |    0.7091 |   1.77e-04 |     
   37 |     0.1534 |     0.8141 |    0.7124 |     0.1591 |     0.8011 |    0.6973 |   1.71e-04 |     
   38 |     0.1522 |     0.8143 |    0.7129 |     0.1619 |     0.8121 |    0.7118 |   1.65e-04 |     
   39 |     0.1510 |     0.8165 |    0.7157 |     0.1714 |     0.8063 |    0.7036 |   1.59e-04 |     
   40 |     0.1508 |     0.8159 |    0.7151 |     0.1523 |     0.8161 |    0.7173 |   1.53e-04 |     
   41 |     0.1486 |     0.8196 |    0.7188 |     0.2507 |     0.7752 |    0.6614 |   1.48e-04 |     
   42 |     0.1499 |     0.8174 |    0.7165 |     0.1519 |     0.8120 |    0.7104 |   1.42e-04 |     
   43 |     0.1456 |     0.8228 |    0.7232 |     0.1570 |     0.8040 |    0.6995 |   1.36e-04 |     
   44 |     0.1442 |     0.8248 |    0.7254 |     0.1531 |     0.8194 |    0.7199 |   1.30e-04 |     
   45 |     0.1446 |     0.8239 |    0.7247 |     0.1548 |     0.8151 |    0.7141 |   1.24e-04 |     
   46 |     0.1437 |     0.8250 |    0.7259 |     0.1547 |     0.8179 |    0.7182 |   1.18e-04 |     
   47 |     0.1418 |     0.8271 |    0.7291 |     0.1561 |     0.8163 |    0.7159 |   1.12e-04 |     
   48 |     0.1408 |     0.8287 |    0.7309 |     0.1505 |     0.8182 |    0.7195 |   1.07e-04 |     
   49 |     0.1393 |     0.8313 |    0.7338 |     0.1512 |     0.8180 |    0.7193 |   1.01e-04 |     
   50 |     0.1385 |     0.8316 |    0.7343 |     0.1496 |     0.8227 |    0.7242 |   9.54e-05 |     
   51 |     0.1369 |     0.8340 |    0.7374 |     0.1510 |     0.8192 |    0.7206 |   8.99e-05 |     
   52 |     0.1354 |     0.8360 |    0.7400 |     0.1484 |     0.8216 |    0.7227 |   8.45e-05 |     
   53 |     0.1340 |     0.8378 |    0.7421 |     0.1490 |     0.8214 |    0.7235 |   7.92e-05 |     
   54 |     0.1341 |     0.8371 |    0.7420 |     0.1546 |     0.8198 |    0.7215 |   7.40e-05 |     
   55 |     0.1330 |     0.8384 |    0.7432 |     0.1543 |     0.8231 |    0.7254 |   6.90e-05 |     
   56 |     0.1311 |     0.8414 |    0.7470 |     0.1507 |     0.8190 |    0.7204 |   6.41e-05 |     
   57 |     0.1291 |     0.8435 |    0.7496 |     0.1528 |     0.8207 |    0.7228 |   5.93e-05 |     
   58 |     0.1273 |     0.8458 |    0.7526 |     0.1523 |     0.8196 |    0.7218 |   5.47e-05 |     
   59 |     0.1264 |     0.8473 |    0.7545 |     0.1506 |     0.8232 |    0.7250 |   5.02e-05 |     
   60 |     0.1250 |     0.8490 |    0.7564 |     0.1483 |     0.8229 |    0.7255 |   4.58e-05 |     
   61 |     0.1247 |     0.8496 |    0.7574 |     0.1514 |     0.8231 |    0.7260 |   4.17e-05 |     
   62 |     0.1231 |     0.8511 |    0.7596 |     0.1478 |     0.8235 |    0.7258 |   3.77e-05 |     
   63 |     0.1217 |     0.8535 |    0.7625 |     0.1520 |     0.8245 |    0.7274 |   3.39e-05 |     
   64 |     0.1200 |     0.8552 |    0.7648 |     0.1545 |     0.8226 |    0.7250 |   3.03e-05 |     
   65 |     0.1188 |     0.8568 |    0.7669 |     0.1523 |     0.8250 |    0.7285 |   2.68e-05 |     
   66 |     0.1182 |     0.8580 |    0.7684 |     0.1499 |     0.8232 |    0.7259 |   2.36e-05 |     
   67 |     0.1171 |     0.8587 |    0.7695 |     0.1557 |     0.8231 |    0.7262 |   2.05e-05 |     
   68 |     0.1150 |     0.8612 |    0.7726 |     0.1541 |     0.8233 |    0.7266 |   1.77e-05 |     
   69 |     0.1151 |     0.8618 |    0.7734 |     0.1537 |     0.8233 |    0.7262 |   1.51e-05 |     
   70 |     0.1138 |     0.8632 |    0.7754 |     0.1548 |     0.8251 |    0.7288 |   1.27e-05 |    *
   71 |     0.1127 |     0.8645 |    0.7772 |     0.1558 |     0.8237 |    0.7270 |   1.05e-05 |     
   72 |     0.1128 |     0.8646 |    0.7771 |     0.1522 |     0.8245 |    0.7279 |   8.50e-06 |     
   73 |     0.1110 |     0.8666 |    0.7798 |     0.1565 |     0.8246 |    0.7281 |   6.76e-06 |     
--- R2 plus final-map regional overlap: global validation statistics ---
up4: ca=0.8857+/-0.0972, sa=1.0029+/-0.0039, amp=0.0000, suppress=0.0000, guide_abs=0.2560
up4 residuals: local_mean=1.976e-02, global_mean=0.0127, local_strength=0.0735, global_strength=0.1104, gain=[0.9802,1.0132], saturation=0.0000, text_film=0.0048
up4 haar: reconstruction_error=4.768e-07, skip_low/high=0.7764/0.2236, plam_low/high=1.0000/0.0000
up4 strengths: plam=0.9511, region=0.0735, detail=0.1104; residual_std region/detail/refine=0.0225/0.6467/0.6124
up4 guide_mix: entropy=0.9841, raw_low=0.3361, plam_low=0.2358, decoder_low=0.2385, detail=0.1896; agreement plam/decoder=0.9936/0.9967, support=0.4361+/-0.0000
up4 adaptive_frequency: ALPF strength=0.2637, weights=0.1437/0.7192/0.1371, sum=1.0000, entropy=0.7161, delta_std=0.0863; AHPF strength=0.0706, weights=0.3870/0.4482/0.1648, sum=1.0000, entropy=0.9300, residual_std=0.1142, scaled_std=0.0081
up3: ca=1.0215+/-0.1264, sa=1.0079+/-0.0057, amp=0.0000, suppress=0.0000, guide_abs=0.2619
up3 residuals: local_mean=2.548e-02, global_mean=0.0405, local_strength=0.1116, global_strength=0.1240, gain=[0.9850,1.0356], saturation=0.0543, text_film=0.0212
up3 haar: reconstruction_error=9.537e-07, skip_low/high=0.7311/0.2689, plam_low/high=1.0000/0.0000
up3 strengths: plam=0.9055, region=0.1116, detail=0.1240; residual_std region/detail/refine=0.3705/0.6062/0.4976
up3 guide_mix: entropy=0.9844, raw_low=0.3257, plam_low=0.2023, decoder_low=0.2718, detail=0.2002; agreement plam/decoder=0.6789/0.2565, support=0.7983+/-0.0949
up3 adaptive_frequency: ALPF strength=0.3163, weights=0.1161/0.3401/0.5437, sum=1.0000, entropy=0.7468, delta_std=0.0794; AHPF strength=0.1261, weights=0.6477/0.1644/0.1880, sum=1.0000, entropy=0.7183, residual_std=0.0983, scaled_std=0.0124
up2: ca=0.9182+/-0.1025, sa=1.0020+/-0.0032, amp=0.0000, suppress=0.0000, guide_abs=0.3108
up2 residuals: local_mean=-1.461e-02, global_mean=0.0333, local_strength=0.1196, global_strength=0.1124, gain=[0.9693,1.0383], saturation=0.0000, text_film=0.0208
up2 haar: reconstruction_error=9.537e-07, skip_low/high=0.7797/0.2203, plam_low/high=1.0000/0.0000
up2 strengths: plam=0.8123, region=0.1196, detail=0.1124; residual_std region/detail/refine=0.2559/0.3005/0.1301
up2 guide_mix: entropy=0.9644, raw_low=0.3354, plam_low=0.1774, decoder_low=0.3200, detail=0.1672; agreement plam/decoder=0.2889/-0.1528, support=0.5878+/-0.0548
up1: ca=0.8917+/-0.0858, sa=1.0076+/-0.0130, amp=0.0000, suppress=0.0000, guide_abs=0.2350
up1 residuals: local_mean=-8.347e-03, global_mean=0.0898, local_strength=0.1299, global_strength=0.0990, gain=[0.9045,1.0959], saturation=0.0069, text_film=0.0382
up1 haar: reconstruction_error=1.431e-06, skip_low/high=0.7187/0.2813, plam_low/high=1.0000/0.0000
up1 strengths: plam=0.9052, region=0.1299, detail=0.0990; residual_std region/detail/refine=0.3246/0.4024/0.2033
up1 guide_mix: entropy=0.9474, raw_low=0.2856, plam_low=0.2201, decoder_low=0.3743, detail=0.1200; agreement plam/decoder=0.3253/0.0019, support=0.6381+/-0.0873

========= Epoch [74/80] =========
RS1_Test_session_09.12_17h44
Training with batch size : 16
   [Train] Epoch: [74][20/357]  Loss:0.094 (Avg 0.1051) IoU:0.809 (Avg 0.7927) Dice:0.8910 (Avg 0.8750) LR 5.24e-06   (AvgTime 0.5)   
   [Train] Epoch: [74][40/357]  Loss:0.129 (Avg 0.1061) IoU:0.734 (Avg 0.7909) Dice:0.8336 (Avg 0.8747) LR 5.24e-06   (AvgTime 0.6)   
   [Train] Epoch: [74][60/357]  Loss:0.102 (Avg 0.1100) IoU:0.778 (Avg 0.7827) Dice:0.8670 (Avg 0.8685) LR 5.24e-06   (AvgTime 0.6)   
   [Train] Epoch: [74][80/357]  Loss:0.112 (Avg 0.1104) IoU:0.785 (Avg 0.7822) Dice:0.8748 (Avg 0.8682) LR 5.24e-06   (AvgTime 0.6)   
   [Train] Epoch: [74][100/357]  Loss:0.111 (Avg 0.1113) IoU:0.773 (Avg 0.7806) Dice:0.8578 (Avg 0.8671) LR 5.24e-06   (AvgTime 0.6)   
   [Train] Epoch: [74][120/357]  Loss:0.102 (Avg 0.1112) IoU:0.787 (Avg 0.7807) Dice:0.8725 (Avg 0.8675) LR 5.24e-06   (AvgTime 0.5)   
   [Train] Epoch: [74][140/357]  Loss:0.090 (Avg 0.1114) IoU:0.806 (Avg 0.7797) Dice:0.8863 (Avg 0.8667) LR 5.24e-06   (AvgTime 0.5)   
   [Train] Epoch: [74][160/357]  Loss:0.160 (Avg 0.1110) IoU:0.696 (Avg 0.7805) Dice:0.8106 (Avg 0.8671) LR 5.24e-06   (AvgTime 0.5)   
   [Train] Epoch: [74][180/357]  Loss:0.105 (Avg 0.1110) IoU:0.791 (Avg 0.7809) Dice:0.8726 (Avg 0.8674) LR 5.24e-06   (AvgTime 0.5)   
   [Train] Epoch: [74][200/357]  Loss:0.094 (Avg 0.1110) IoU:0.826 (Avg 0.7804) Dice:0.9000 (Avg 0.8671) LR 5.24e-06   (AvgTime 0.5)   
   [Train] Epoch: [74][220/357]  Loss:0.119 (Avg 0.1112) IoU:0.775 (Avg 0.7803) Dice:0.8642 (Avg 0.8669) LR 5.24e-06   (AvgTime 0.5)   
   [Train] Epoch: [74][240/357]  Loss:0.099 (Avg 0.1108) IoU:0.788 (Avg 0.7809) Dice:0.8749 (Avg 0.8673) LR 5.24e-06   (AvgTime 0.5)   
   [Train] Epoch: [74][260/357]  Loss:0.104 (Avg 0.1108) IoU:0.802 (Avg 0.7808) Dice:0.8811 (Avg 0.8672) LR 5.24e-06   (AvgTime 0.5)   
   [Train] Epoch: [74][280/357]  Loss:0.121 (Avg 0.1106) IoU:0.755 (Avg 0.7812) Dice:0.8476 (Avg 0.8674) LR 5.24e-06   (AvgTime 0.5)   
   [Train] Epoch: [74][300/357]  Loss:0.090 (Avg 0.1106) IoU:0.817 (Avg 0.7810) Dice:0.8958 (Avg 0.8673) LR 5.24e-06   (AvgTime 0.5)   
   [Train] Epoch: [74][320/357]  Loss:0.091 (Avg 0.1108) IoU:0.821 (Avg 0.7805) Dice:0.8954 (Avg 0.8670) LR 5.24e-06   (AvgTime 0.5)   
   [Train] Epoch: [74][340/357]  Loss:0.105 (Avg 0.1108) IoU:0.798 (Avg 0.7803) Dice:0.8831 (Avg 0.8670) LR 5.24e-06   (AvgTime 0.5)   
   [Train] Epoch: [74][357/357]  Loss:0.089 (Avg 0.1103) IoU:0.816 (Avg 0.7814) Dice:0.8940 (Avg 0.8677) LR 5.24e-06   (AvgTime 0.5)   
   [Train] Loss components: main_dice=0.108014, main_focal=0.037870, main=0.072942, region_raw=0.290922, region_weighted=0.037329, empty_window_fraction=0.000000, total=0.110271
Validation
   [Val] Epoch: [74][20/90]  Loss:0.179 (Avg 0.1597) IoU:0.691 (Avg 0.7276) Dice:0.8064 (Avg 0.8277) (AvgTime 0.3)   
   [Val] Epoch: [74][40/90]  Loss:0.129 (Avg 0.1629) IoU:0.741 (Avg 0.7184) Dice:0.8437 (Avg 0.8186) (AvgTime 0.2)   
   [Val] Epoch: [74][60/90]  Loss:0.202 (Avg 0.1533) IoU:0.657 (Avg 0.7298) Dice:0.7638 (Avg 0.8259) (AvgTime 0.2)   
   [Val] Epoch: [74][80/90]  Loss:0.146 (Avg 0.1529) IoU:0.721 (Avg 0.7286) Dice:0.8196 (Avg 0.8250) (AvgTime 0.2)   
   [Val] Epoch: [74][90/90]  Loss:0.200 (Avg 0.1536) IoU:0.642 (Avg 0.7292) Dice:0.7667 (Avg 0.8254) (AvgTime 0.2)   
   [Val] Loss components: main_dice=0.145311, main_focal=0.078218, main=0.111764, region_raw=0.325765, region_weighted=0.041800, empty_window_fraction=0.000000, total=0.153564
	 Saving best model by iou: 0.729237
	 Saving to Covid19/BetterLViT/rs1_global_iou/RS1_Test_session_09.12_17h44/models//best_model-BetterLViT.pth.tar
	 early_stopping_count: 0/80
--- Epoch History (1..74) ---
Epoch |  TrainLoss |  TrainDice |  TrainIoU |    ValLoss |    ValDice |    ValIoU |         LR | Best
    1 |     0.3300 |     0.6064 |    0.4771 |     0.2665 |     0.6917 |    0.5661 |   3.00e-04 |     
    2 |     0.2491 |     0.6986 |    0.5752 |     0.2503 |     0.7064 |    0.5831 |   3.00e-04 |     
    3 |     0.2238 |     0.7274 |    0.6082 |     0.2261 |     0.7490 |    0.6315 |   3.00e-04 |     
    4 |     0.2124 |     0.7413 |    0.6243 |     0.1852 |     0.7780 |    0.6672 |   2.99e-04 |     
    5 |     0.2062 |     0.7480 |    0.6318 |     0.1901 |     0.7618 |    0.6483 |   2.98e-04 |     
    6 |     0.2002 |     0.7563 |    0.6416 |     0.1824 |     0.7892 |    0.6820 |   2.97e-04 |     
    7 |     0.1965 |     0.7605 |    0.6471 |     0.1870 |     0.7776 |    0.6673 |   2.96e-04 |     
    8 |     0.1919 |     0.7663 |    0.6535 |     0.1781 |     0.7828 |    0.6722 |   2.94e-04 |     
    9 |     0.1907 |     0.7670 |    0.6549 |     0.1861 |     0.7859 |    0.6771 |   2.92e-04 |     
   10 |     0.1887 |     0.7700 |    0.6581 |     0.1904 |     0.7618 |    0.6500 |   2.91e-04 |     
   11 |     0.1847 |     0.7742 |    0.6630 |     0.1856 |     0.7791 |    0.6667 |   2.88e-04 |     
   12 |     0.1858 |     0.7730 |    0.6619 |     0.1814 |     0.7792 |    0.6699 |   2.86e-04 |     
   13 |     0.1827 |     0.7778 |    0.6673 |     0.1897 |     0.7836 |    0.6741 |   2.83e-04 |     
   14 |     0.1817 |     0.7785 |    0.6690 |     0.1761 |     0.7925 |    0.6846 |   2.80e-04 |     
   15 |     0.1790 |     0.7817 |    0.6727 |     0.1662 |     0.7947 |    0.6887 |   2.77e-04 |     
   16 |     0.1777 |     0.7832 |    0.6748 |     0.1662 |     0.7984 |    0.6933 |   2.74e-04 |     
   17 |     0.1747 |     0.7868 |    0.6787 |     0.1849 |     0.7656 |    0.6528 |   2.71e-04 |     
   18 |     0.1751 |     0.7880 |    0.6794 |     0.1706 |     0.7853 |    0.6776 |   2.67e-04 |     
   19 |     0.1727 |     0.7889 |    0.6813 |     0.1837 |     0.7750 |    0.6655 |   2.63e-04 |     
   20 |     0.1748 |     0.7871 |    0.6790 |     0.1670 |     0.7913 |    0.6862 |   2.59e-04 |     
   21 |     0.1711 |     0.7912 |    0.6837 |     0.1725 |     0.8030 |    0.6988 |   2.55e-04 |     
   22 |     0.1732 |     0.7894 |    0.6818 |     0.1654 |     0.7979 |    0.6947 |   2.51e-04 |     
   23 |     0.1690 |     0.7939 |    0.6878 |     0.1653 |     0.8044 |    0.7012 |   2.46e-04 |     
   24 |     0.1692 |     0.7944 |    0.6884 |     0.1686 |     0.7933 |    0.6847 |   2.42e-04 |     
   25 |     0.1648 |     0.7995 |    0.6940 |     0.1722 |     0.8021 |    0.6982 |   2.37e-04 |     
   26 |     0.1673 |     0.7963 |    0.6902 |     0.1664 |     0.8008 |    0.6962 |   2.32e-04 |     
   27 |     0.1629 |     0.8018 |    0.6970 |     0.1634 |     0.8048 |    0.7008 |   2.27e-04 |     
   28 |     0.1638 |     0.8013 |    0.6962 |     0.1968 |     0.7849 |    0.6766 |   2.22e-04 |     
   29 |     0.1665 |     0.7976 |    0.6924 |     0.1610 |     0.8024 |    0.6985 |   2.17e-04 |     
   30 |     0.1612 |     0.8048 |    0.7005 |     0.1603 |     0.7992 |    0.6949 |   2.11e-04 |     
   31 |     0.1582 |     0.8077 |    0.7041 |     0.1578 |     0.8066 |    0.7026 |   2.06e-04 |     
   32 |     0.1589 |     0.8063 |    0.7028 |     0.1762 |     0.7959 |    0.6925 |   2.00e-04 |     
   33 |     0.1578 |     0.8089 |    0.7056 |     0.1652 |     0.8056 |    0.7026 |   1.94e-04 |     
   34 |     0.1562 |     0.8101 |    0.7078 |     0.1586 |     0.8105 |    0.7098 |   1.89e-04 |     
   35 |     0.1559 |     0.8105 |    0.7081 |     0.1568 |     0.8093 |    0.7075 |   1.83e-04 |     
   36 |     0.1542 |     0.8127 |    0.7110 |     0.1550 |     0.8109 |    0.7091 |   1.77e-04 |     
   37 |     0.1534 |     0.8141 |    0.7124 |     0.1591 |     0.8011 |    0.6973 |   1.71e-04 |     
   38 |     0.1522 |     0.8143 |    0.7129 |     0.1619 |     0.8121 |    0.7118 |   1.65e-04 |     
   39 |     0.1510 |     0.8165 |    0.7157 |     0.1714 |     0.8063 |    0.7036 |   1.59e-04 |     
   40 |     0.1508 |     0.8159 |    0.7151 |     0.1523 |     0.8161 |    0.7173 |   1.53e-04 |     
   41 |     0.1486 |     0.8196 |    0.7188 |     0.2507 |     0.7752 |    0.6614 |   1.48e-04 |     
   42 |     0.1499 |     0.8174 |    0.7165 |     0.1519 |     0.8120 |    0.7104 |   1.42e-04 |     
   43 |     0.1456 |     0.8228 |    0.7232 |     0.1570 |     0.8040 |    0.6995 |   1.36e-04 |     
   44 |     0.1442 |     0.8248 |    0.7254 |     0.1531 |     0.8194 |    0.7199 |   1.30e-04 |     
   45 |     0.1446 |     0.8239 |    0.7247 |     0.1548 |     0.8151 |    0.7141 |   1.24e-04 |     
   46 |     0.1437 |     0.8250 |    0.7259 |     0.1547 |     0.8179 |    0.7182 |   1.18e-04 |     
   47 |     0.1418 |     0.8271 |    0.7291 |     0.1561 |     0.8163 |    0.7159 |   1.12e-04 |     
   48 |     0.1408 |     0.8287 |    0.7309 |     0.1505 |     0.8182 |    0.7195 |   1.07e-04 |     
   49 |     0.1393 |     0.8313 |    0.7338 |     0.1512 |     0.8180 |    0.7193 |   1.01e-04 |     
   50 |     0.1385 |     0.8316 |    0.7343 |     0.1496 |     0.8227 |    0.7242 |   9.54e-05 |     
   51 |     0.1369 |     0.8340 |    0.7374 |     0.1510 |     0.8192 |    0.7206 |   8.99e-05 |     
   52 |     0.1354 |     0.8360 |    0.7400 |     0.1484 |     0.8216 |    0.7227 |   8.45e-05 |     
   53 |     0.1340 |     0.8378 |    0.7421 |     0.1490 |     0.8214 |    0.7235 |   7.92e-05 |     
   54 |     0.1341 |     0.8371 |    0.7420 |     0.1546 |     0.8198 |    0.7215 |   7.40e-05 |     
   55 |     0.1330 |     0.8384 |    0.7432 |     0.1543 |     0.8231 |    0.7254 |   6.90e-05 |     
   56 |     0.1311 |     0.8414 |    0.7470 |     0.1507 |     0.8190 |    0.7204 |   6.41e-05 |     
   57 |     0.1291 |     0.8435 |    0.7496 |     0.1528 |     0.8207 |    0.7228 |   5.93e-05 |     
   58 |     0.1273 |     0.8458 |    0.7526 |     0.1523 |     0.8196 |    0.7218 |   5.47e-05 |     
   59 |     0.1264 |     0.8473 |    0.7545 |     0.1506 |     0.8232 |    0.7250 |   5.02e-05 |     
   60 |     0.1250 |     0.8490 |    0.7564 |     0.1483 |     0.8229 |    0.7255 |   4.58e-05 |     
   61 |     0.1247 |     0.8496 |    0.7574 |     0.1514 |     0.8231 |    0.7260 |   4.17e-05 |     
   62 |     0.1231 |     0.8511 |    0.7596 |     0.1478 |     0.8235 |    0.7258 |   3.77e-05 |     
   63 |     0.1217 |     0.8535 |    0.7625 |     0.1520 |     0.8245 |    0.7274 |   3.39e-05 |     
   64 |     0.1200 |     0.8552 |    0.7648 |     0.1545 |     0.8226 |    0.7250 |   3.03e-05 |     
   65 |     0.1188 |     0.8568 |    0.7669 |     0.1523 |     0.8250 |    0.7285 |   2.68e-05 |     
   66 |     0.1182 |     0.8580 |    0.7684 |     0.1499 |     0.8232 |    0.7259 |   2.36e-05 |     
   67 |     0.1171 |     0.8587 |    0.7695 |     0.1557 |     0.8231 |    0.7262 |   2.05e-05 |     
   68 |     0.1150 |     0.8612 |    0.7726 |     0.1541 |     0.8233 |    0.7266 |   1.77e-05 |     
   69 |     0.1151 |     0.8618 |    0.7734 |     0.1537 |     0.8233 |    0.7262 |   1.51e-05 |     
   70 |     0.1138 |     0.8632 |    0.7754 |     0.1548 |     0.8251 |    0.7288 |   1.27e-05 |     
   71 |     0.1127 |     0.8645 |    0.7772 |     0.1558 |     0.8237 |    0.7270 |   1.05e-05 |     
   72 |     0.1128 |     0.8646 |    0.7771 |     0.1522 |     0.8245 |    0.7279 |   8.50e-06 |     
   73 |     0.1110 |     0.8666 |    0.7798 |     0.1565 |     0.8246 |    0.7281 |   6.76e-06 |     
   74 |     0.1103 |     0.8677 |    0.7814 |     0.1536 |     0.8254 |    0.7292 |   5.24e-06 |    *
--- R2 plus final-map regional overlap: global validation statistics ---
up4: ca=0.8869+/-0.0969, sa=1.0028+/-0.0039, amp=0.0000, suppress=0.0000, guide_abs=0.2544
up4 residuals: local_mean=1.973e-02, global_mean=0.0127, local_strength=0.0735, global_strength=0.1104, gain=[0.9799,1.0141], saturation=0.0000, text_film=0.0048
up4 haar: reconstruction_error=5.960e-07, skip_low/high=0.7766/0.2234, plam_low/high=1.0000/0.0000
up4 strengths: plam=0.9511, region=0.0735, detail=0.1104; residual_std region/detail/refine=0.0225/0.6483/0.6137
up4 guide_mix: entropy=0.9839, raw_low=0.3376, plam_low=0.2348, decoder_low=0.2369, detail=0.1907; agreement plam/decoder=0.9862/0.9908, support=0.4359+/-0.0000
up4 adaptive_frequency: ALPF strength=0.2637, weights=0.1440/0.7192/0.1368, sum=1.0000, entropy=0.7161, delta_std=0.0866; AHPF strength=0.0706, weights=0.3883/0.4472/0.1645, sum=1.0000, entropy=0.9298, residual_std=0.1146, scaled_std=0.0081
up3: ca=1.0225+/-0.1260, sa=1.0079+/-0.0057, amp=0.0000, suppress=0.0000, guide_abs=0.2634
up3 residuals: local_mean=2.556e-02, global_mean=0.0404, local_strength=0.1116, global_strength=0.1240, gain=[0.9850,1.0356], saturation=0.0546, text_film=0.0215
up3 haar: reconstruction_error=7.153e-07, skip_low/high=0.7320/0.2680, plam_low/high=1.0000/0.0000
up3 strengths: plam=0.9054, region=0.1116, detail=0.1240; residual_std region/detail/refine=0.3717/0.6068/0.4971
up3 guide_mix: entropy=0.9843, raw_low=0.3273, plam_low=0.2021, decoder_low=0.2696, detail=0.2010; agreement plam/decoder=0.6810/0.2708, support=0.7998+/-0.0943
up3 adaptive_frequency: ALPF strength=0.3163, weights=0.1114/0.3273/0.5613, sum=1.0000, entropy=0.7375, delta_std=0.0795; AHPF strength=0.1261, weights=0.6622/0.1595/0.1783, sum=1.0000, entropy=0.7054, residual_std=0.0947, scaled_std=0.0119
up2: ca=0.9193+/-0.0981, sa=1.0020+/-0.0033, amp=0.0000, suppress=0.0000, guide_abs=0.3093
up2 residuals: local_mean=-1.463e-02, global_mean=0.0332, local_strength=0.1196, global_strength=0.1124, gain=[0.9693,1.0385], saturation=0.0000, text_film=0.0212
up2 haar: reconstruction_error=9.537e-07, skip_low/high=0.7795/0.2205, plam_low/high=1.0000/0.0000
up2 strengths: plam=0.8123, region=0.1196, detail=0.1124; residual_std region/detail/refine=0.2582/0.2986/0.1302
up2 guide_mix: entropy=0.9653, raw_low=0.3332, plam_low=0.1807, decoder_low=0.3199, detail=0.1663; agreement plam/decoder=0.2810/-0.1498, support=0.5877+/-0.0553
up1: ca=0.8930+/-0.0854, sa=1.0076+/-0.0130, amp=0.0000, suppress=0.0000, guide_abs=0.2349
up1 residuals: local_mean=-8.424e-03, global_mean=0.0898, local_strength=0.1299, global_strength=0.0990, gain=[0.9046,1.0958], saturation=0.0070, text_film=0.0383
up1 haar: reconstruction_error=1.431e-06, skip_low/high=0.7185/0.2815, plam_low/high=1.0000/0.0000
up1 strengths: plam=0.9052, region=0.1299, detail=0.0990; residual_std region/detail/refine=0.3239/0.4018/0.2033
up1 guide_mix: entropy=0.9468, raw_low=0.2839, plam_low=0.2210, decoder_low=0.3757, detail=0.1194; agreement plam/decoder=0.3397/0.0081, support=0.6392+/-0.0883

========= Epoch [75/80] =========
RS1_Test_session_09.12_17h44
Training with batch size : 16
   [Train] Epoch: [75][20/357]  Loss:0.146 (Avg 0.1070) IoU:0.755 (Avg 0.7897) Dice:0.8485 (Avg 0.8725) LR 3.95e-06   (AvgTime 0.6)   
   [Train] Epoch: [75][40/357]  Loss:0.111 (Avg 0.1103) IoU:0.786 (Avg 0.7824) Dice:0.8546 (Avg 0.8680) LR 3.95e-06   (AvgTime 0.5)   
   [Train] Epoch: [75][60/357]  Loss:0.082 (Avg 0.1106) IoU:0.832 (Avg 0.7809) Dice:0.9063 (Avg 0.8669) LR 3.95e-06   (AvgTime 0.6)   
   [Train] Epoch: [75][80/357]  Loss:0.081 (Avg 0.1107) IoU:0.835 (Avg 0.7808) Dice:0.9069 (Avg 0.8669) LR 3.95e-06   (AvgTime 0.6)   
   [Train] Epoch: [75][100/357]  Loss:0.103 (Avg 0.1108) IoU:0.804 (Avg 0.7798) Dice:0.8752 (Avg 0.8665) LR 3.95e-06   (AvgTime 0.6)   
   [Train] Epoch: [75][120/357]  Loss:0.102 (Avg 0.1095) IoU:0.787 (Avg 0.7824) Dice:0.8773 (Avg 0.8684) LR 3.95e-06   (AvgTime 0.5)   
   [Train] Epoch: [75][140/357]  Loss:0.103 (Avg 0.1103) IoU:0.796 (Avg 0.7814) Dice:0.8828 (Avg 0.8676) LR 3.95e-06   (AvgTime 0.5)   
   [Train] Epoch: [75][160/357]  Loss:0.078 (Avg 0.1099) IoU:0.843 (Avg 0.7821) Dice:0.9131 (Avg 0.8681) LR 3.95e-06   (AvgTime 0.5)   
   [Train] Epoch: [75][180/357]  Loss:0.107 (Avg 0.1106) IoU:0.792 (Avg 0.7805) Dice:0.8775 (Avg 0.8670) LR 3.95e-06   (AvgTime 0.5)   
   [Train] Epoch: [75][200/357]  Loss:0.126 (Avg 0.1109) IoU:0.760 (Avg 0.7800) Dice:0.8385 (Avg 0.8666) LR 3.95e-06   (AvgTime 0.6)   
   [Train] Epoch: [75][220/357]  Loss:0.099 (Avg 0.1111) IoU:0.800 (Avg 0.7799) Dice:0.8817 (Avg 0.8665) LR 3.95e-06   (AvgTime 0.6)   
   [Train] Epoch: [75][240/357]  Loss:0.122 (Avg 0.1111) IoU:0.741 (Avg 0.7799) Dice:0.8411 (Avg 0.8666) LR 3.95e-06   (AvgTime 0.6)   
   [Train] Epoch: [75][260/357]  Loss:0.084 (Avg 0.1112) IoU:0.831 (Avg 0.7796) Dice:0.9055 (Avg 0.8664) LR 3.95e-06   (AvgTime 0.6)   
   [Train] Epoch: [75][280/357]  Loss:0.086 (Avg 0.1110) IoU:0.817 (Avg 0.7801) Dice:0.8945 (Avg 0.8668) LR 3.95e-06   (AvgTime 0.6)   
   [Train] Epoch: [75][300/357]  Loss:0.113 (Avg 0.1115) IoU:0.774 (Avg 0.7791) Dice:0.8685 (Avg 0.8662) LR 3.95e-06   (AvgTime 0.6)   
   [Train] Epoch: [75][320/357]  Loss:0.098 (Avg 0.1107) IoU:0.797 (Avg 0.7805) Dice:0.8836 (Avg 0.8672) LR 3.95e-06   (AvgTime 0.6)   
   [Train] Epoch: [75][340/357]  Loss:0.102 (Avg 0.1110) IoU:0.793 (Avg 0.7800) Dice:0.8733 (Avg 0.8668) LR 3.95e-06   (AvgTime 0.6)   
   [Train] Epoch: [75][357/357]  Loss:0.139 (Avg 0.1108) IoU:0.727 (Avg 0.7803) Dice:0.8326 (Avg 0.8670) LR 3.95e-06   (AvgTime 0.6)   
   [Train] Loss components: main_dice=0.108652, main_focal=0.037960, main=0.073306, region_raw=0.292195, region_weighted=0.037492, empty_window_fraction=0.000000, total=0.110798
Validation
   [Val] Epoch: [75][20/90]  Loss:0.190 (Avg 0.1642) IoU:0.679 (Avg 0.7266) Dice:0.7981 (Avg 0.8267) (AvgTime 0.3)   
   [Val] Epoch: [75][40/90]  Loss:0.131 (Avg 0.1660) IoU:0.746 (Avg 0.7185) Dice:0.8473 (Avg 0.8186) (AvgTime 0.2)   
   [Val] Epoch: [75][60/90]  Loss:0.212 (Avg 0.1570) IoU:0.655 (Avg 0.7292) Dice:0.7621 (Avg 0.8252) (AvgTime 0.2)   
   [Val] Epoch: [75][80/90]  Loss:0.155 (Avg 0.1572) IoU:0.714 (Avg 0.7277) Dice:0.8122 (Avg 0.8241) (AvgTime 0.2)   
   [Val] Epoch: [75][90/90]  Loss:0.211 (Avg 0.1581) IoU:0.635 (Avg 0.7281) Dice:0.7620 (Avg 0.8243) (AvgTime 0.2)   
   [Val] Loss components: main_dice=0.146541, main_focal=0.086818, main=0.116680, region_raw=0.322971, region_weighted=0.041441, empty_window_fraction=0.000000, total=0.158121
	 No iou improvement; selected epoch 74
	 early_stopping_count: 1/80
--- Epoch History (1..75) ---
Epoch |  TrainLoss |  TrainDice |  TrainIoU |    ValLoss |    ValDice |    ValIoU |         LR | Best
    1 |     0.3300 |     0.6064 |    0.4771 |     0.2665 |     0.6917 |    0.5661 |   3.00e-04 |     
    2 |     0.2491 |     0.6986 |    0.5752 |     0.2503 |     0.7064 |    0.5831 |   3.00e-04 |     
    3 |     0.2238 |     0.7274 |    0.6082 |     0.2261 |     0.7490 |    0.6315 |   3.00e-04 |     
    4 |     0.2124 |     0.7413 |    0.6243 |     0.1852 |     0.7780 |    0.6672 |   2.99e-04 |     
    5 |     0.2062 |     0.7480 |    0.6318 |     0.1901 |     0.7618 |    0.6483 |   2.98e-04 |     
    6 |     0.2002 |     0.7563 |    0.6416 |     0.1824 |     0.7892 |    0.6820 |   2.97e-04 |     
    7 |     0.1965 |     0.7605 |    0.6471 |     0.1870 |     0.7776 |    0.6673 |   2.96e-04 |     
    8 |     0.1919 |     0.7663 |    0.6535 |     0.1781 |     0.7828 |    0.6722 |   2.94e-04 |     
    9 |     0.1907 |     0.7670 |    0.6549 |     0.1861 |     0.7859 |    0.6771 |   2.92e-04 |     
   10 |     0.1887 |     0.7700 |    0.6581 |     0.1904 |     0.7618 |    0.6500 |   2.91e-04 |     
   11 |     0.1847 |     0.7742 |    0.6630 |     0.1856 |     0.7791 |    0.6667 |   2.88e-04 |     
   12 |     0.1858 |     0.7730 |    0.6619 |     0.1814 |     0.7792 |    0.6699 |   2.86e-04 |     
   13 |     0.1827 |     0.7778 |    0.6673 |     0.1897 |     0.7836 |    0.6741 |   2.83e-04 |     
   14 |     0.1817 |     0.7785 |    0.6690 |     0.1761 |     0.7925 |    0.6846 |   2.80e-04 |     
   15 |     0.1790 |     0.7817 |    0.6727 |     0.1662 |     0.7947 |    0.6887 |   2.77e-04 |     
   16 |     0.1777 |     0.7832 |    0.6748 |     0.1662 |     0.7984 |    0.6933 |   2.74e-04 |     
   17 |     0.1747 |     0.7868 |    0.6787 |     0.1849 |     0.7656 |    0.6528 |   2.71e-04 |     
   18 |     0.1751 |     0.7880 |    0.6794 |     0.1706 |     0.7853 |    0.6776 |   2.67e-04 |     
   19 |     0.1727 |     0.7889 |    0.6813 |     0.1837 |     0.7750 |    0.6655 |   2.63e-04 |     
   20 |     0.1748 |     0.7871 |    0.6790 |     0.1670 |     0.7913 |    0.6862 |   2.59e-04 |     
   21 |     0.1711 |     0.7912 |    0.6837 |     0.1725 |     0.8030 |    0.6988 |   2.55e-04 |     
   22 |     0.1732 |     0.7894 |    0.6818 |     0.1654 |     0.7979 |    0.6947 |   2.51e-04 |     
   23 |     0.1690 |     0.7939 |    0.6878 |     0.1653 |     0.8044 |    0.7012 |   2.46e-04 |     
   24 |     0.1692 |     0.7944 |    0.6884 |     0.1686 |     0.7933 |    0.6847 |   2.42e-04 |     
   25 |     0.1648 |     0.7995 |    0.6940 |     0.1722 |     0.8021 |    0.6982 |   2.37e-04 |     
   26 |     0.1673 |     0.7963 |    0.6902 |     0.1664 |     0.8008 |    0.6962 |   2.32e-04 |     
   27 |     0.1629 |     0.8018 |    0.6970 |     0.1634 |     0.8048 |    0.7008 |   2.27e-04 |     
   28 |     0.1638 |     0.8013 |    0.6962 |     0.1968 |     0.7849 |    0.6766 |   2.22e-04 |     
   29 |     0.1665 |     0.7976 |    0.6924 |     0.1610 |     0.8024 |    0.6985 |   2.17e-04 |     
   30 |     0.1612 |     0.8048 |    0.7005 |     0.1603 |     0.7992 |    0.6949 |   2.11e-04 |     
   31 |     0.1582 |     0.8077 |    0.7041 |     0.1578 |     0.8066 |    0.7026 |   2.06e-04 |     
   32 |     0.1589 |     0.8063 |    0.7028 |     0.1762 |     0.7959 |    0.6925 |   2.00e-04 |     
   33 |     0.1578 |     0.8089 |    0.7056 |     0.1652 |     0.8056 |    0.7026 |   1.94e-04 |     
   34 |     0.1562 |     0.8101 |    0.7078 |     0.1586 |     0.8105 |    0.7098 |   1.89e-04 |     
   35 |     0.1559 |     0.8105 |    0.7081 |     0.1568 |     0.8093 |    0.7075 |   1.83e-04 |     
   36 |     0.1542 |     0.8127 |    0.7110 |     0.1550 |     0.8109 |    0.7091 |   1.77e-04 |     
   37 |     0.1534 |     0.8141 |    0.7124 |     0.1591 |     0.8011 |    0.6973 |   1.71e-04 |     
   38 |     0.1522 |     0.8143 |    0.7129 |     0.1619 |     0.8121 |    0.7118 |   1.65e-04 |     
   39 |     0.1510 |     0.8165 |    0.7157 |     0.1714 |     0.8063 |    0.7036 |   1.59e-04 |     
   40 |     0.1508 |     0.8159 |    0.7151 |     0.1523 |     0.8161 |    0.7173 |   1.53e-04 |     
   41 |     0.1486 |     0.8196 |    0.7188 |     0.2507 |     0.7752 |    0.6614 |   1.48e-04 |     
   42 |     0.1499 |     0.8174 |    0.7165 |     0.1519 |     0.8120 |    0.7104 |   1.42e-04 |     
   43 |     0.1456 |     0.8228 |    0.7232 |     0.1570 |     0.8040 |    0.6995 |   1.36e-04 |     
   44 |     0.1442 |     0.8248 |    0.7254 |     0.1531 |     0.8194 |    0.7199 |   1.30e-04 |     
   45 |     0.1446 |     0.8239 |    0.7247 |     0.1548 |     0.8151 |    0.7141 |   1.24e-04 |     
   46 |     0.1437 |     0.8250 |    0.7259 |     0.1547 |     0.8179 |    0.7182 |   1.18e-04 |     
   47 |     0.1418 |     0.8271 |    0.7291 |     0.1561 |     0.8163 |    0.7159 |   1.12e-04 |     
   48 |     0.1408 |     0.8287 |    0.7309 |     0.1505 |     0.8182 |    0.7195 |   1.07e-04 |     
   49 |     0.1393 |     0.8313 |    0.7338 |     0.1512 |     0.8180 |    0.7193 |   1.01e-04 |     
   50 |     0.1385 |     0.8316 |    0.7343 |     0.1496 |     0.8227 |    0.7242 |   9.54e-05 |     
   51 |     0.1369 |     0.8340 |    0.7374 |     0.1510 |     0.8192 |    0.7206 |   8.99e-05 |     
   52 |     0.1354 |     0.8360 |    0.7400 |     0.1484 |     0.8216 |    0.7227 |   8.45e-05 |     
   53 |     0.1340 |     0.8378 |    0.7421 |     0.1490 |     0.8214 |    0.7235 |   7.92e-05 |     
   54 |     0.1341 |     0.8371 |    0.7420 |     0.1546 |     0.8198 |    0.7215 |   7.40e-05 |     
   55 |     0.1330 |     0.8384 |    0.7432 |     0.1543 |     0.8231 |    0.7254 |   6.90e-05 |     
   56 |     0.1311 |     0.8414 |    0.7470 |     0.1507 |     0.8190 |    0.7204 |   6.41e-05 |     
   57 |     0.1291 |     0.8435 |    0.7496 |     0.1528 |     0.8207 |    0.7228 |   5.93e-05 |     
   58 |     0.1273 |     0.8458 |    0.7526 |     0.1523 |     0.8196 |    0.7218 |   5.47e-05 |     
   59 |     0.1264 |     0.8473 |    0.7545 |     0.1506 |     0.8232 |    0.7250 |   5.02e-05 |     
   60 |     0.1250 |     0.8490 |    0.7564 |     0.1483 |     0.8229 |    0.7255 |   4.58e-05 |     
   61 |     0.1247 |     0.8496 |    0.7574 |     0.1514 |     0.8231 |    0.7260 |   4.17e-05 |     
   62 |     0.1231 |     0.8511 |    0.7596 |     0.1478 |     0.8235 |    0.7258 |   3.77e-05 |     
   63 |     0.1217 |     0.8535 |    0.7625 |     0.1520 |     0.8245 |    0.7274 |   3.39e-05 |     
   64 |     0.1200 |     0.8552 |    0.7648 |     0.1545 |     0.8226 |    0.7250 |   3.03e-05 |     
   65 |     0.1188 |     0.8568 |    0.7669 |     0.1523 |     0.8250 |    0.7285 |   2.68e-05 |     
   66 |     0.1182 |     0.8580 |    0.7684 |     0.1499 |     0.8232 |    0.7259 |   2.36e-05 |     
   67 |     0.1171 |     0.8587 |    0.7695 |     0.1557 |     0.8231 |    0.7262 |   2.05e-05 |     
   68 |     0.1150 |     0.8612 |    0.7726 |     0.1541 |     0.8233 |    0.7266 |   1.77e-05 |     
   69 |     0.1151 |     0.8618 |    0.7734 |     0.1537 |     0.8233 |    0.7262 |   1.51e-05 |     
   70 |     0.1138 |     0.8632 |    0.7754 |     0.1548 |     0.8251 |    0.7288 |   1.27e-05 |     
   71 |     0.1127 |     0.8645 |    0.7772 |     0.1558 |     0.8237 |    0.7270 |   1.05e-05 |     
   72 |     0.1128 |     0.8646 |    0.7771 |     0.1522 |     0.8245 |    0.7279 |   8.50e-06 |     
   73 |     0.1110 |     0.8666 |    0.7798 |     0.1565 |     0.8246 |    0.7281 |   6.76e-06 |     
   74 |     0.1103 |     0.8677 |    0.7814 |     0.1536 |     0.8254 |    0.7292 |   5.24e-06 |    *
   75 |     0.1108 |     0.8670 |    0.7803 |     0.1581 |     0.8243 |    0.7281 |   3.95e-06 |     
--- R2 plus final-map regional overlap: global validation statistics ---
up4: ca=0.8883+/-0.0969, sa=1.0029+/-0.0039, amp=0.0000, suppress=0.0000, guide_abs=0.2521
up4 residuals: local_mean=1.975e-02, global_mean=0.0128, local_strength=0.0735, global_strength=0.1104, gain=[0.9798,1.0144], saturation=0.0000, text_film=0.0048
up4 haar: reconstruction_error=4.768e-07, skip_low/high=0.7763/0.2237, plam_low/high=1.0000/0.0000
up4 strengths: plam=0.9510, region=0.0735, detail=0.1104; residual_std region/detail/refine=0.0225/0.6476/0.6125
up4 guide_mix: entropy=0.9840, raw_low=0.3375, plam_low=0.2322, decoder_low=0.2391, detail=0.1912; agreement plam/decoder=0.9829/0.9906, support=0.4359+/-0.0000
up4 adaptive_frequency: ALPF strength=0.2637, weights=0.1449/0.7185/0.1366, sum=1.0000, entropy=0.7171, delta_std=0.0878; AHPF strength=0.0706, weights=0.3890/0.4466/0.1644, sum=1.0000, entropy=0.9298, residual_std=0.1152, scaled_std=0.0081
up3: ca=1.0229+/-0.1256, sa=1.0079+/-0.0057, amp=0.0000, suppress=0.0000, guide_abs=0.2631
up3 residuals: local_mean=2.543e-02, global_mean=0.0403, local_strength=0.1116, global_strength=0.1240, gain=[0.9844,1.0362], saturation=0.0526, text_film=0.0215
up3 haar: reconstruction_error=6.557e-07, skip_low/high=0.7312/0.2688, plam_low/high=1.0000/0.0000
up3 strengths: plam=0.9054, region=0.1116, detail=0.1240; residual_std region/detail/refine=0.3704/0.6067/0.4955
up3 guide_mix: entropy=0.9839, raw_low=0.3275, plam_low=0.1993, decoder_low=0.2716, detail=0.2017; agreement plam/decoder=0.6753/0.2658, support=0.7995+/-0.0942
up3 adaptive_frequency: ALPF strength=0.3164, weights=0.1150/0.3354/0.5496, sum=1.0000, entropy=0.7419, delta_std=0.0803; AHPF strength=0.1261, weights=0.6472/0.1617/0.1911, sum=1.0000, entropy=0.7180, residual_std=0.0995, scaled_std=0.0125
up2: ca=0.9202+/-0.1053, sa=1.0020+/-0.0032, amp=0.0000, suppress=0.0000, guide_abs=0.3096
up2 residuals: local_mean=-1.455e-02, global_mean=0.0332, local_strength=0.1196, global_strength=0.1124, gain=[0.9688,1.0388], saturation=0.0000, text_film=0.0201
up2 haar: reconstruction_error=9.537e-07, skip_low/high=0.7789/0.2211, plam_low/high=1.0000/0.0000
up2 strengths: plam=0.8122, region=0.1196, detail=0.1124; residual_std region/detail/refine=0.2491/0.2992/0.1296
up2 guide_mix: entropy=0.9647, raw_low=0.3329, plam_low=0.1793, decoder_low=0.3216, detail=0.1662; agreement plam/decoder=0.2928/-0.1431, support=0.5869+/-0.0532
up1: ca=0.8940+/-0.0850, sa=1.0076+/-0.0130, amp=0.0000, suppress=0.0000, guide_abs=0.2317
up1 residuals: local_mean=-8.387e-03, global_mean=0.0898, local_strength=0.1299, global_strength=0.0990, gain=[0.9047,1.0957], saturation=0.0071, text_film=0.0382
up1 haar: reconstruction_error=1.431e-06, skip_low/high=0.7190/0.2810, plam_low/high=1.0000/0.0000
up1 strengths: plam=0.9052, region=0.1299, detail=0.0990; residual_std region/detail/refine=0.3237/0.3997/0.2033
up1 guide_mix: entropy=0.9454, raw_low=0.2823, plam_low=0.2201, decoder_low=0.3791, detail=0.1185; agreement plam/decoder=0.3446/0.0160, support=0.6385+/-0.0877

========= Epoch [76/80] =========
RS1_Test_session_09.12_17h44
Training with batch size : 16
   [Train] Epoch: [76][20/357]  Loss:0.128 (Avg 0.1113) IoU:0.768 (Avg 0.7830) Dice:0.8397 (Avg 0.8693) LR 2.89e-06   (AvgTime 0.6)   
   [Train] Epoch: [76][40/357]  Loss:0.125 (Avg 0.1106) IoU:0.742 (Avg 0.7830) Dice:0.8384 (Avg 0.8697) LR 2.89e-06   (AvgTime 0.6)   
   [Train] Epoch: [76][60/357]  Loss:0.117 (Avg 0.1105) IoU:0.772 (Avg 0.7815) Dice:0.8632 (Avg 0.8683) LR 2.89e-06   (AvgTime 0.6)   
   [Train] Epoch: [76][80/357]  Loss:0.103 (Avg 0.1103) IoU:0.794 (Avg 0.7827) Dice:0.8755 (Avg 0.8690) LR 2.89e-06   (AvgTime 0.6)   
   [Train] Epoch: [76][100/357]  Loss:0.113 (Avg 0.1100) IoU:0.785 (Avg 0.7832) Dice:0.8681 (Avg 0.8694) LR 2.89e-06   (AvgTime 0.6)   
   [Train] Epoch: [76][120/357]  Loss:0.129 (Avg 0.1091) IoU:0.747 (Avg 0.7842) Dice:0.8444 (Avg 0.8699) LR 2.89e-06   (AvgTime 0.6)   
   [Train] Epoch: [76][140/357]  Loss:0.097 (Avg 0.1094) IoU:0.796 (Avg 0.7834) Dice:0.8813 (Avg 0.8690) LR 2.89e-06   (AvgTime 0.6)   
   [Train] Epoch: [76][160/357]  Loss:0.102 (Avg 0.1094) IoU:0.796 (Avg 0.7832) Dice:0.8819 (Avg 0.8689) LR 2.89e-06   (AvgTime 0.6)   
   [Train] Epoch: [76][180/357]  Loss:0.127 (Avg 0.1088) IoU:0.751 (Avg 0.7843) Dice:0.8500 (Avg 0.8698) LR 2.89e-06   (AvgTime 0.6)   
   [Train] Epoch: [76][200/357]  Loss:0.107 (Avg 0.1089) IoU:0.787 (Avg 0.7839) Dice:0.8720 (Avg 0.8695) LR 2.89e-06   (AvgTime 0.6)   
   [Train] Epoch: [76][220/357]  Loss:0.083 (Avg 0.1088) IoU:0.833 (Avg 0.7840) Dice:0.9053 (Avg 0.8695) LR 2.89e-06   (AvgTime 0.6)   
   [Train] Epoch: [76][240/357]  Loss:0.151 (Avg 0.1091) IoU:0.718 (Avg 0.7835) Dice:0.8215 (Avg 0.8691) LR 2.89e-06   (AvgTime 0.6)   
   [Train] Epoch: [76][260/357]  Loss:0.103 (Avg 0.1090) IoU:0.795 (Avg 0.7835) Dice:0.8711 (Avg 0.8692) LR 2.89e-06   (AvgTime 0.6)   
   [Train] Epoch: [76][280/357]  Loss:0.146 (Avg 0.1093) IoU:0.711 (Avg 0.7830) Dice:0.8214 (Avg 0.8689) LR 2.89e-06   (AvgTime 0.6)   
   [Train] Epoch: [76][300/357]  Loss:0.078 (Avg 0.1092) IoU:0.845 (Avg 0.7831) Dice:0.9142 (Avg 0.8691) LR 2.89e-06   (AvgTime 0.6)   
   [Train] Epoch: [76][320/357]  Loss:0.102 (Avg 0.1090) IoU:0.797 (Avg 0.7834) Dice:0.8724 (Avg 0.8692) LR 2.89e-06   (AvgTime 0.6)   
   [Train] Epoch: [76][340/357]  Loss:0.084 (Avg 0.1091) IoU:0.824 (Avg 0.7829) Dice:0.9010 (Avg 0.8689) LR 2.89e-06   (AvgTime 0.6)   
   [Train] Epoch: [76][357/357]  Loss:0.113 (Avg 0.1092) IoU:0.763 (Avg 0.7828) Dice:0.8506 (Avg 0.8688) LR 2.89e-06   (AvgTime 0.6)   
   [Train] Loss components: main_dice=0.107158, main_focal=0.037025, main=0.072091, region_raw=0.289382, region_weighted=0.037131, empty_window_fraction=0.000000, total=0.109223
Validation
   [Val] Epoch: [76][20/90]  Loss:0.186 (Avg 0.1620) IoU:0.688 (Avg 0.7268) Dice:0.8051 (Avg 0.8270) (AvgTime 0.3)   
   [Val] Epoch: [76][40/90]  Loss:0.131 (Avg 0.1646) IoU:0.740 (Avg 0.7182) Dice:0.8427 (Avg 0.8184) (AvgTime 0.2)   
   [Val] Epoch: [76][60/90]  Loss:0.213 (Avg 0.1554) IoU:0.654 (Avg 0.7295) Dice:0.7611 (Avg 0.8257) (AvgTime 0.2)   
   [Val] Epoch: [76][80/90]  Loss:0.147 (Avg 0.1550) IoU:0.719 (Avg 0.7286) Dice:0.8168 (Avg 0.8251) (AvgTime 0.2)   
   [Val] Epoch: [76][90/90]  Loss:0.203 (Avg 0.1559) IoU:0.637 (Avg 0.7289) Dice:0.7636 (Avg 0.8252) (AvgTime 0.2)   
   [Val] Loss components: main_dice=0.145769, main_focal=0.083543, main=0.114656, region_raw=0.321748, region_weighted=0.041284, empty_window_fraction=0.000000, total=0.155940
	 No iou improvement; selected epoch 74
	 early_stopping_count: 2/80
--- Epoch History (1..76) ---
Epoch |  TrainLoss |  TrainDice |  TrainIoU |    ValLoss |    ValDice |    ValIoU |         LR | Best
    1 |     0.3300 |     0.6064 |    0.4771 |     0.2665 |     0.6917 |    0.5661 |   3.00e-04 |     
    2 |     0.2491 |     0.6986 |    0.5752 |     0.2503 |     0.7064 |    0.5831 |   3.00e-04 |     
    3 |     0.2238 |     0.7274 |    0.6082 |     0.2261 |     0.7490 |    0.6315 |   3.00e-04 |     
    4 |     0.2124 |     0.7413 |    0.6243 |     0.1852 |     0.7780 |    0.6672 |   2.99e-04 |     
    5 |     0.2062 |     0.7480 |    0.6318 |     0.1901 |     0.7618 |    0.6483 |   2.98e-04 |     
    6 |     0.2002 |     0.7563 |    0.6416 |     0.1824 |     0.7892 |    0.6820 |   2.97e-04 |     
    7 |     0.1965 |     0.7605 |    0.6471 |     0.1870 |     0.7776 |    0.6673 |   2.96e-04 |     
    8 |     0.1919 |     0.7663 |    0.6535 |     0.1781 |     0.7828 |    0.6722 |   2.94e-04 |     
    9 |     0.1907 |     0.7670 |    0.6549 |     0.1861 |     0.7859 |    0.6771 |   2.92e-04 |     
   10 |     0.1887 |     0.7700 |    0.6581 |     0.1904 |     0.7618 |    0.6500 |   2.91e-04 |     
   11 |     0.1847 |     0.7742 |    0.6630 |     0.1856 |     0.7791 |    0.6667 |   2.88e-04 |     
   12 |     0.1858 |     0.7730 |    0.6619 |     0.1814 |     0.7792 |    0.6699 |   2.86e-04 |     
   13 |     0.1827 |     0.7778 |    0.6673 |     0.1897 |     0.7836 |    0.6741 |   2.83e-04 |     
   14 |     0.1817 |     0.7785 |    0.6690 |     0.1761 |     0.7925 |    0.6846 |   2.80e-04 |     
   15 |     0.1790 |     0.7817 |    0.6727 |     0.1662 |     0.7947 |    0.6887 |   2.77e-04 |     
   16 |     0.1777 |     0.7832 |    0.6748 |     0.1662 |     0.7984 |    0.6933 |   2.74e-04 |     
   17 |     0.1747 |     0.7868 |    0.6787 |     0.1849 |     0.7656 |    0.6528 |   2.71e-04 |     
   18 |     0.1751 |     0.7880 |    0.6794 |     0.1706 |     0.7853 |    0.6776 |   2.67e-04 |     
   19 |     0.1727 |     0.7889 |    0.6813 |     0.1837 |     0.7750 |    0.6655 |   2.63e-04 |     
   20 |     0.1748 |     0.7871 |    0.6790 |     0.1670 |     0.7913 |    0.6862 |   2.59e-04 |     
   21 |     0.1711 |     0.7912 |    0.6837 |     0.1725 |     0.8030 |    0.6988 |   2.55e-04 |     
   22 |     0.1732 |     0.7894 |    0.6818 |     0.1654 |     0.7979 |    0.6947 |   2.51e-04 |     
   23 |     0.1690 |     0.7939 |    0.6878 |     0.1653 |     0.8044 |    0.7012 |   2.46e-04 |     
   24 |     0.1692 |     0.7944 |    0.6884 |     0.1686 |     0.7933 |    0.6847 |   2.42e-04 |     
   25 |     0.1648 |     0.7995 |    0.6940 |     0.1722 |     0.8021 |    0.6982 |   2.37e-04 |     
   26 |     0.1673 |     0.7963 |    0.6902 |     0.1664 |     0.8008 |    0.6962 |   2.32e-04 |     
   27 |     0.1629 |     0.8018 |    0.6970 |     0.1634 |     0.8048 |    0.7008 |   2.27e-04 |     
   28 |     0.1638 |     0.8013 |    0.6962 |     0.1968 |     0.7849 |    0.6766 |   2.22e-04 |     
   29 |     0.1665 |     0.7976 |    0.6924 |     0.1610 |     0.8024 |    0.6985 |   2.17e-04 |     
   30 |     0.1612 |     0.8048 |    0.7005 |     0.1603 |     0.7992 |    0.6949 |   2.11e-04 |     
   31 |     0.1582 |     0.8077 |    0.7041 |     0.1578 |     0.8066 |    0.7026 |   2.06e-04 |     
   32 |     0.1589 |     0.8063 |    0.7028 |     0.1762 |     0.7959 |    0.6925 |   2.00e-04 |     
   33 |     0.1578 |     0.8089 |    0.7056 |     0.1652 |     0.8056 |    0.7026 |   1.94e-04 |     
   34 |     0.1562 |     0.8101 |    0.7078 |     0.1586 |     0.8105 |    0.7098 |   1.89e-04 |     
   35 |     0.1559 |     0.8105 |    0.7081 |     0.1568 |     0.8093 |    0.7075 |   1.83e-04 |     
   36 |     0.1542 |     0.8127 |    0.7110 |     0.1550 |     0.8109 |    0.7091 |   1.77e-04 |     
   37 |     0.1534 |     0.8141 |    0.7124 |     0.1591 |     0.8011 |    0.6973 |   1.71e-04 |     
   38 |     0.1522 |     0.8143 |    0.7129 |     0.1619 |     0.8121 |    0.7118 |   1.65e-04 |     
   39 |     0.1510 |     0.8165 |    0.7157 |     0.1714 |     0.8063 |    0.7036 |   1.59e-04 |     
   40 |     0.1508 |     0.8159 |    0.7151 |     0.1523 |     0.8161 |    0.7173 |   1.53e-04 |     
   41 |     0.1486 |     0.8196 |    0.7188 |     0.2507 |     0.7752 |    0.6614 |   1.48e-04 |     
   42 |     0.1499 |     0.8174 |    0.7165 |     0.1519 |     0.8120 |    0.7104 |   1.42e-04 |     
   43 |     0.1456 |     0.8228 |    0.7232 |     0.1570 |     0.8040 |    0.6995 |   1.36e-04 |     
   44 |     0.1442 |     0.8248 |    0.7254 |     0.1531 |     0.8194 |    0.7199 |   1.30e-04 |     
   45 |     0.1446 |     0.8239 |    0.7247 |     0.1548 |     0.8151 |    0.7141 |   1.24e-04 |     
   46 |     0.1437 |     0.8250 |    0.7259 |     0.1547 |     0.8179 |    0.7182 |   1.18e-04 |     
   47 |     0.1418 |     0.8271 |    0.7291 |     0.1561 |     0.8163 |    0.7159 |   1.12e-04 |     
   48 |     0.1408 |     0.8287 |    0.7309 |     0.1505 |     0.8182 |    0.7195 |   1.07e-04 |     
   49 |     0.1393 |     0.8313 |    0.7338 |     0.1512 |     0.8180 |    0.7193 |   1.01e-04 |     
   50 |     0.1385 |     0.8316 |    0.7343 |     0.1496 |     0.8227 |    0.7242 |   9.54e-05 |     
   51 |     0.1369 |     0.8340 |    0.7374 |     0.1510 |     0.8192 |    0.7206 |   8.99e-05 |     
   52 |     0.1354 |     0.8360 |    0.7400 |     0.1484 |     0.8216 |    0.7227 |   8.45e-05 |     
   53 |     0.1340 |     0.8378 |    0.7421 |     0.1490 |     0.8214 |    0.7235 |   7.92e-05 |     
   54 |     0.1341 |     0.8371 |    0.7420 |     0.1546 |     0.8198 |    0.7215 |   7.40e-05 |     
   55 |     0.1330 |     0.8384 |    0.7432 |     0.1543 |     0.8231 |    0.7254 |   6.90e-05 |     
   56 |     0.1311 |     0.8414 |    0.7470 |     0.1507 |     0.8190 |    0.7204 |   6.41e-05 |     
   57 |     0.1291 |     0.8435 |    0.7496 |     0.1528 |     0.8207 |    0.7228 |   5.93e-05 |     
   58 |     0.1273 |     0.8458 |    0.7526 |     0.1523 |     0.8196 |    0.7218 |   5.47e-05 |     
   59 |     0.1264 |     0.8473 |    0.7545 |     0.1506 |     0.8232 |    0.7250 |   5.02e-05 |     
   60 |     0.1250 |     0.8490 |    0.7564 |     0.1483 |     0.8229 |    0.7255 |   4.58e-05 |     
   61 |     0.1247 |     0.8496 |    0.7574 |     0.1514 |     0.8231 |    0.7260 |   4.17e-05 |     
   62 |     0.1231 |     0.8511 |    0.7596 |     0.1478 |     0.8235 |    0.7258 |   3.77e-05 |     
   63 |     0.1217 |     0.8535 |    0.7625 |     0.1520 |     0.8245 |    0.7274 |   3.39e-05 |     
   64 |     0.1200 |     0.8552 |    0.7648 |     0.1545 |     0.8226 |    0.7250 |   3.03e-05 |     
   65 |     0.1188 |     0.8568 |    0.7669 |     0.1523 |     0.8250 |    0.7285 |   2.68e-05 |     
   66 |     0.1182 |     0.8580 |    0.7684 |     0.1499 |     0.8232 |    0.7259 |   2.36e-05 |     
   67 |     0.1171 |     0.8587 |    0.7695 |     0.1557 |     0.8231 |    0.7262 |   2.05e-05 |     
   68 |     0.1150 |     0.8612 |    0.7726 |     0.1541 |     0.8233 |    0.7266 |   1.77e-05 |     
   69 |     0.1151 |     0.8618 |    0.7734 |     0.1537 |     0.8233 |    0.7262 |   1.51e-05 |     
   70 |     0.1138 |     0.8632 |    0.7754 |     0.1548 |     0.8251 |    0.7288 |   1.27e-05 |     
   71 |     0.1127 |     0.8645 |    0.7772 |     0.1558 |     0.8237 |    0.7270 |   1.05e-05 |     
   72 |     0.1128 |     0.8646 |    0.7771 |     0.1522 |     0.8245 |    0.7279 |   8.50e-06 |     
   73 |     0.1110 |     0.8666 |    0.7798 |     0.1565 |     0.8246 |    0.7281 |   6.76e-06 |     
   74 |     0.1103 |     0.8677 |    0.7814 |     0.1536 |     0.8254 |    0.7292 |   5.24e-06 |    *
   75 |     0.1108 |     0.8670 |    0.7803 |     0.1581 |     0.8243 |    0.7281 |   3.95e-06 |     
   76 |     0.1092 |     0.8688 |    0.7828 |     0.1559 |     0.8252 |    0.7289 |   2.89e-06 |     
--- R2 plus final-map regional overlap: global validation statistics ---
up4: ca=0.8889+/-0.0968, sa=1.0029+/-0.0039, amp=0.0000, suppress=0.0000, guide_abs=0.2465
up4 residuals: local_mean=1.975e-02, global_mean=0.0128, local_strength=0.0735, global_strength=0.1104, gain=[0.9800,1.0143], saturation=0.0000, text_film=0.0048
up4 haar: reconstruction_error=9.537e-07, skip_low/high=0.7762/0.2238, plam_low/high=1.0000/0.0000
up4 strengths: plam=0.9510, region=0.0735, detail=0.1104; residual_std region/detail/refine=0.0225/0.6468/0.6115
up4 guide_mix: entropy=0.9841, raw_low=0.3368, plam_low=0.2321, decoder_low=0.2400, detail=0.1910; agreement plam/decoder=0.9447/0.9552, support=0.4359+/-0.0000
up4 adaptive_frequency: ALPF strength=0.2637, weights=0.1454/0.7182/0.1364, sum=1.0000, entropy=0.7175, delta_std=0.0885; AHPF strength=0.0706, weights=0.3892/0.4465/0.1642, sum=1.0000, entropy=0.9297, residual_std=0.1152, scaled_std=0.0081
up3: ca=1.0235+/-0.1250, sa=1.0079+/-0.0057, amp=0.0000, suppress=0.0000, guide_abs=0.2611
up3 residuals: local_mean=2.578e-02, global_mean=0.0404, local_strength=0.1116, global_strength=0.1240, gain=[0.9848,1.0357], saturation=0.0531, text_film=0.0213
up3 haar: reconstruction_error=9.537e-07, skip_low/high=0.7310/0.2690, plam_low/high=1.0000/0.0000
up3 strengths: plam=0.9054, region=0.1116, detail=0.1240; residual_std region/detail/refine=0.3717/0.6058/0.4951
up3 guide_mix: entropy=0.9837, raw_low=0.3261, plam_low=0.1988, decoder_low=0.2743, detail=0.2008; agreement plam/decoder=0.6776/0.2540, support=0.7981+/-0.0949
up3 adaptive_frequency: ALPF strength=0.3164, weights=0.1139/0.3320/0.5541, sum=1.0000, entropy=0.7393, delta_std=0.0817; AHPF strength=0.1261, weights=0.6510/0.1607/0.1883, sum=1.0000, entropy=0.7137, residual_std=0.0986, scaled_std=0.0124
up2: ca=0.9198+/-0.1047, sa=1.0020+/-0.0032, amp=0.0000, suppress=0.0000, guide_abs=0.3094
up2 residuals: local_mean=-1.458e-02, global_mean=0.0332, local_strength=0.1196, global_strength=0.1124, gain=[0.9706,1.0372], saturation=0.0000, text_film=0.0206
up2 haar: reconstruction_error=9.537e-07, skip_low/high=0.7785/0.2215, plam_low/high=1.0000/0.0000
up2 strengths: plam=0.8122, region=0.1196, detail=0.1124; residual_std region/detail/refine=0.2512/0.2953/0.1296
up2 guide_mix: entropy=0.9643, raw_low=0.3285, plam_low=0.1807, decoder_low=0.3269, detail=0.1640; agreement plam/decoder=0.2845/-0.1571, support=0.5874+/-0.0528
up1: ca=0.8941+/-0.0843, sa=1.0076+/-0.0129, amp=0.0000, suppress=0.0000, guide_abs=0.2294
up1 residuals: local_mean=-8.565e-03, global_mean=0.0898, local_strength=0.1299, global_strength=0.0990, gain=[0.9047,1.0957], saturation=0.0071, text_film=0.0381
up1 haar: reconstruction_error=1.431e-06, skip_low/high=0.7170/0.2830, plam_low/high=1.0000/0.0000
up1 strengths: plam=0.9052, region=0.1299, detail=0.0990; residual_std region/detail/refine=0.3279/0.3977/0.2033
up1 guide_mix: entropy=0.9449, raw_low=0.2780, plam_low=0.2227, decoder_low=0.3815, detail=0.1178; agreement plam/decoder=0.3443/0.0297, support=0.6370+/-0.0875

========= Epoch [77/80] =========
RS1_Test_session_09.12_17h44
Training with batch size : 16
   [Train] Epoch: [77][20/357]  Loss:0.119 (Avg 0.1054) IoU:0.768 (Avg 0.7925) Dice:0.8565 (Avg 0.8763) LR 2.06e-06   (AvgTime 0.6)   
   [Train] Epoch: [77][40/357]  Loss:0.104 (Avg 0.1090) IoU:0.797 (Avg 0.7835) Dice:0.8835 (Avg 0.8696) LR 2.06e-06   (AvgTime 0.6)   
   [Train] Epoch: [77][60/357]  Loss:0.096 (Avg 0.1098) IoU:0.819 (Avg 0.7836) Dice:0.8926 (Avg 0.8694) LR 2.06e-06   (AvgTime 0.6)   
   [Train] Epoch: [77][80/357]  Loss:0.122 (Avg 0.1092) IoU:0.755 (Avg 0.7841) Dice:0.8406 (Avg 0.8697) LR 2.06e-06   (AvgTime 0.6)   
   [Train] Epoch: [77][100/357]  Loss:0.077 (Avg 0.1092) IoU:0.846 (Avg 0.7837) Dice:0.9080 (Avg 0.8691) LR 2.06e-06   (AvgTime 0.6)   
   [Train] Epoch: [77][120/357]  Loss:0.119 (Avg 0.1093) IoU:0.755 (Avg 0.7835) Dice:0.8554 (Avg 0.8691) LR 2.06e-06   (AvgTime 0.6)   
   [Train] Epoch: [77][140/357]  Loss:0.100 (Avg 0.1105) IoU:0.792 (Avg 0.7812) Dice:0.8787 (Avg 0.8675) LR 2.06e-06   (AvgTime 0.6)   
   [Train] Epoch: [77][160/357]  Loss:0.103 (Avg 0.1101) IoU:0.796 (Avg 0.7820) Dice:0.8733 (Avg 0.8679) LR 2.06e-06   (AvgTime 0.6)   
   [Train] Epoch: [77][180/357]  Loss:0.079 (Avg 0.1090) IoU:0.849 (Avg 0.7842) Dice:0.9162 (Avg 0.8696) LR 2.06e-06   (AvgTime 0.6)   
   [Train] Epoch: [77][200/357]  Loss:0.089 (Avg 0.1090) IoU:0.824 (Avg 0.7841) Dice:0.9005 (Avg 0.8696) LR 2.06e-06   (AvgTime 0.6)   
   [Train] Epoch: [77][220/357]  Loss:0.141 (Avg 0.1091) IoU:0.728 (Avg 0.7836) Dice:0.8273 (Avg 0.8692) LR 2.06e-06   (AvgTime 0.6)   
   [Train] Epoch: [77][240/357]  Loss:0.118 (Avg 0.1088) IoU:0.769 (Avg 0.7843) Dice:0.8533 (Avg 0.8697) LR 2.06e-06   (AvgTime 0.6)   
   [Train] Epoch: [77][260/357]  Loss:0.095 (Avg 0.1091) IoU:0.805 (Avg 0.7838) Dice:0.8869 (Avg 0.8693) LR 2.06e-06   (AvgTime 0.6)   
   [Train] Epoch: [77][280/357]  Loss:0.084 (Avg 0.1092) IoU:0.827 (Avg 0.7831) Dice:0.8990 (Avg 0.8689) LR 2.06e-06   (AvgTime 0.6)   
   [Train] Epoch: [77][300/357]  Loss:0.121 (Avg 0.1090) IoU:0.758 (Avg 0.7834) Dice:0.8561 (Avg 0.8691) LR 2.06e-06   (AvgTime 0.6)   
   [Train] Epoch: [77][320/357]  Loss:0.136 (Avg 0.1091) IoU:0.752 (Avg 0.7832) Dice:0.8472 (Avg 0.8690) LR 2.06e-06   (AvgTime 0.6)   
   [Train] Epoch: [77][340/357]  Loss:0.094 (Avg 0.1093) IoU:0.805 (Avg 0.7826) Dice:0.8893 (Avg 0.8686) LR 2.06e-06   (AvgTime 0.6)   
   [Train] Epoch: [77][357/357]  Loss:0.106 (Avg 0.1092) IoU:0.782 (Avg 0.7828) Dice:0.8640 (Avg 0.8687) LR 2.06e-06   (AvgTime 0.6)   
   [Train] Loss components: main_dice=0.107193, main_focal=0.037015, main=0.072104, region_raw=0.288883, region_weighted=0.037067, empty_window_fraction=0.000000, total=0.109171
Validation
   [Val] Epoch: [77][20/90]  Loss:0.181 (Avg 0.1617) IoU:0.686 (Avg 0.7258) Dice:0.8044 (Avg 0.8262) (AvgTime 0.3)   
   [Val] Epoch: [77][40/90]  Loss:0.130 (Avg 0.1644) IoU:0.744 (Avg 0.7175) Dice:0.8456 (Avg 0.8178) (AvgTime 0.2)   
   [Val] Epoch: [77][60/90]  Loss:0.212 (Avg 0.1560) IoU:0.652 (Avg 0.7282) Dice:0.7597 (Avg 0.8245) (AvgTime 0.2)   
   [Val] Epoch: [77][80/90]  Loss:0.152 (Avg 0.1561) IoU:0.716 (Avg 0.7270) Dice:0.8143 (Avg 0.8236) (AvgTime 0.2)   
   [Val] Epoch: [77][90/90]  Loss:0.207 (Avg 0.1572) IoU:0.632 (Avg 0.7274) Dice:0.7591 (Avg 0.8237) (AvgTime 0.2)   
   [Val] Loss components: main_dice=0.146976, main_focal=0.083919, main=0.115448, region_raw=0.325190, region_weighted=0.041726, empty_window_fraction=0.000000, total=0.157173
	 No iou improvement; selected epoch 74
	 early_stopping_count: 3/80
--- Epoch History (1..77) ---
Epoch |  TrainLoss |  TrainDice |  TrainIoU |    ValLoss |    ValDice |    ValIoU |         LR | Best
    1 |     0.3300 |     0.6064 |    0.4771 |     0.2665 |     0.6917 |    0.5661 |   3.00e-04 |     
    2 |     0.2491 |     0.6986 |    0.5752 |     0.2503 |     0.7064 |    0.5831 |   3.00e-04 |     
    3 |     0.2238 |     0.7274 |    0.6082 |     0.2261 |     0.7490 |    0.6315 |   3.00e-04 |     
    4 |     0.2124 |     0.7413 |    0.6243 |     0.1852 |     0.7780 |    0.6672 |   2.99e-04 |     
    5 |     0.2062 |     0.7480 |    0.6318 |     0.1901 |     0.7618 |    0.6483 |   2.98e-04 |     
    6 |     0.2002 |     0.7563 |    0.6416 |     0.1824 |     0.7892 |    0.6820 |   2.97e-04 |     
    7 |     0.1965 |     0.7605 |    0.6471 |     0.1870 |     0.7776 |    0.6673 |   2.96e-04 |     
    8 |     0.1919 |     0.7663 |    0.6535 |     0.1781 |     0.7828 |    0.6722 |   2.94e-04 |     
    9 |     0.1907 |     0.7670 |    0.6549 |     0.1861 |     0.7859 |    0.6771 |   2.92e-04 |     
   10 |     0.1887 |     0.7700 |    0.6581 |     0.1904 |     0.7618 |    0.6500 |   2.91e-04 |     
   11 |     0.1847 |     0.7742 |    0.6630 |     0.1856 |     0.7791 |    0.6667 |   2.88e-04 |     
   12 |     0.1858 |     0.7730 |    0.6619 |     0.1814 |     0.7792 |    0.6699 |   2.86e-04 |     
   13 |     0.1827 |     0.7778 |    0.6673 |     0.1897 |     0.7836 |    0.6741 |   2.83e-04 |     
   14 |     0.1817 |     0.7785 |    0.6690 |     0.1761 |     0.7925 |    0.6846 |   2.80e-04 |     
   15 |     0.1790 |     0.7817 |    0.6727 |     0.1662 |     0.7947 |    0.6887 |   2.77e-04 |     
   16 |     0.1777 |     0.7832 |    0.6748 |     0.1662 |     0.7984 |    0.6933 |   2.74e-04 |     
   17 |     0.1747 |     0.7868 |    0.6787 |     0.1849 |     0.7656 |    0.6528 |   2.71e-04 |     
   18 |     0.1751 |     0.7880 |    0.6794 |     0.1706 |     0.7853 |    0.6776 |   2.67e-04 |     
   19 |     0.1727 |     0.7889 |    0.6813 |     0.1837 |     0.7750 |    0.6655 |   2.63e-04 |     
   20 |     0.1748 |     0.7871 |    0.6790 |     0.1670 |     0.7913 |    0.6862 |   2.59e-04 |     
   21 |     0.1711 |     0.7912 |    0.6837 |     0.1725 |     0.8030 |    0.6988 |   2.55e-04 |     
   22 |     0.1732 |     0.7894 |    0.6818 |     0.1654 |     0.7979 |    0.6947 |   2.51e-04 |     
   23 |     0.1690 |     0.7939 |    0.6878 |     0.1653 |     0.8044 |    0.7012 |   2.46e-04 |     
   24 |     0.1692 |     0.7944 |    0.6884 |     0.1686 |     0.7933 |    0.6847 |   2.42e-04 |     
   25 |     0.1648 |     0.7995 |    0.6940 |     0.1722 |     0.8021 |    0.6982 |   2.37e-04 |     
   26 |     0.1673 |     0.7963 |    0.6902 |     0.1664 |     0.8008 |    0.6962 |   2.32e-04 |     
   27 |     0.1629 |     0.8018 |    0.6970 |     0.1634 |     0.8048 |    0.7008 |   2.27e-04 |     
   28 |     0.1638 |     0.8013 |    0.6962 |     0.1968 |     0.7849 |    0.6766 |   2.22e-04 |     
   29 |     0.1665 |     0.7976 |    0.6924 |     0.1610 |     0.8024 |    0.6985 |   2.17e-04 |     
   30 |     0.1612 |     0.8048 |    0.7005 |     0.1603 |     0.7992 |    0.6949 |   2.11e-04 |     
   31 |     0.1582 |     0.8077 |    0.7041 |     0.1578 |     0.8066 |    0.7026 |   2.06e-04 |     
   32 |     0.1589 |     0.8063 |    0.7028 |     0.1762 |     0.7959 |    0.6925 |   2.00e-04 |     
   33 |     0.1578 |     0.8089 |    0.7056 |     0.1652 |     0.8056 |    0.7026 |   1.94e-04 |     
   34 |     0.1562 |     0.8101 |    0.7078 |     0.1586 |     0.8105 |    0.7098 |   1.89e-04 |     
   35 |     0.1559 |     0.8105 |    0.7081 |     0.1568 |     0.8093 |    0.7075 |   1.83e-04 |     
   36 |     0.1542 |     0.8127 |    0.7110 |     0.1550 |     0.8109 |    0.7091 |   1.77e-04 |     
   37 |     0.1534 |     0.8141 |    0.7124 |     0.1591 |     0.8011 |    0.6973 |   1.71e-04 |     
   38 |     0.1522 |     0.8143 |    0.7129 |     0.1619 |     0.8121 |    0.7118 |   1.65e-04 |     
   39 |     0.1510 |     0.8165 |    0.7157 |     0.1714 |     0.8063 |    0.7036 |   1.59e-04 |     
   40 |     0.1508 |     0.8159 |    0.7151 |     0.1523 |     0.8161 |    0.7173 |   1.53e-04 |     
   41 |     0.1486 |     0.8196 |    0.7188 |     0.2507 |     0.7752 |    0.6614 |   1.48e-04 |     
   42 |     0.1499 |     0.8174 |    0.7165 |     0.1519 |     0.8120 |    0.7104 |   1.42e-04 |     
   43 |     0.1456 |     0.8228 |    0.7232 |     0.1570 |     0.8040 |    0.6995 |   1.36e-04 |     
   44 |     0.1442 |     0.8248 |    0.7254 |     0.1531 |     0.8194 |    0.7199 |   1.30e-04 |     
   45 |     0.1446 |     0.8239 |    0.7247 |     0.1548 |     0.8151 |    0.7141 |   1.24e-04 |     
   46 |     0.1437 |     0.8250 |    0.7259 |     0.1547 |     0.8179 |    0.7182 |   1.18e-04 |     
   47 |     0.1418 |     0.8271 |    0.7291 |     0.1561 |     0.8163 |    0.7159 |   1.12e-04 |     
   48 |     0.1408 |     0.8287 |    0.7309 |     0.1505 |     0.8182 |    0.7195 |   1.07e-04 |     
   49 |     0.1393 |     0.8313 |    0.7338 |     0.1512 |     0.8180 |    0.7193 |   1.01e-04 |     
   50 |     0.1385 |     0.8316 |    0.7343 |     0.1496 |     0.8227 |    0.7242 |   9.54e-05 |     
   51 |     0.1369 |     0.8340 |    0.7374 |     0.1510 |     0.8192 |    0.7206 |   8.99e-05 |     
   52 |     0.1354 |     0.8360 |    0.7400 |     0.1484 |     0.8216 |    0.7227 |   8.45e-05 |     
   53 |     0.1340 |     0.8378 |    0.7421 |     0.1490 |     0.8214 |    0.7235 |   7.92e-05 |     
   54 |     0.1341 |     0.8371 |    0.7420 |     0.1546 |     0.8198 |    0.7215 |   7.40e-05 |     
   55 |     0.1330 |     0.8384 |    0.7432 |     0.1543 |     0.8231 |    0.7254 |   6.90e-05 |     
   56 |     0.1311 |     0.8414 |    0.7470 |     0.1507 |     0.8190 |    0.7204 |   6.41e-05 |     
   57 |     0.1291 |     0.8435 |    0.7496 |     0.1528 |     0.8207 |    0.7228 |   5.93e-05 |     
   58 |     0.1273 |     0.8458 |    0.7526 |     0.1523 |     0.8196 |    0.7218 |   5.47e-05 |     
   59 |     0.1264 |     0.8473 |    0.7545 |     0.1506 |     0.8232 |    0.7250 |   5.02e-05 |     
   60 |     0.1250 |     0.8490 |    0.7564 |     0.1483 |     0.8229 |    0.7255 |   4.58e-05 |     
   61 |     0.1247 |     0.8496 |    0.7574 |     0.1514 |     0.8231 |    0.7260 |   4.17e-05 |     
   62 |     0.1231 |     0.8511 |    0.7596 |     0.1478 |     0.8235 |    0.7258 |   3.77e-05 |     
   63 |     0.1217 |     0.8535 |    0.7625 |     0.1520 |     0.8245 |    0.7274 |   3.39e-05 |     
   64 |     0.1200 |     0.8552 |    0.7648 |     0.1545 |     0.8226 |    0.7250 |   3.03e-05 |     
   65 |     0.1188 |     0.8568 |    0.7669 |     0.1523 |     0.8250 |    0.7285 |   2.68e-05 |     
   66 |     0.1182 |     0.8580 |    0.7684 |     0.1499 |     0.8232 |    0.7259 |   2.36e-05 |     
   67 |     0.1171 |     0.8587 |    0.7695 |     0.1557 |     0.8231 |    0.7262 |   2.05e-05 |     
   68 |     0.1150 |     0.8612 |    0.7726 |     0.1541 |     0.8233 |    0.7266 |   1.77e-05 |     
   69 |     0.1151 |     0.8618 |    0.7734 |     0.1537 |     0.8233 |    0.7262 |   1.51e-05 |     
   70 |     0.1138 |     0.8632 |    0.7754 |     0.1548 |     0.8251 |    0.7288 |   1.27e-05 |     
   71 |     0.1127 |     0.8645 |    0.7772 |     0.1558 |     0.8237 |    0.7270 |   1.05e-05 |     
   72 |     0.1128 |     0.8646 |    0.7771 |     0.1522 |     0.8245 |    0.7279 |   8.50e-06 |     
   73 |     0.1110 |     0.8666 |    0.7798 |     0.1565 |     0.8246 |    0.7281 |   6.76e-06 |     
   74 |     0.1103 |     0.8677 |    0.7814 |     0.1536 |     0.8254 |    0.7292 |   5.24e-06 |    *
   75 |     0.1108 |     0.8670 |    0.7803 |     0.1581 |     0.8243 |    0.7281 |   3.95e-06 |     
   76 |     0.1092 |     0.8688 |    0.7828 |     0.1559 |     0.8252 |    0.7289 |   2.89e-06 |     
   77 |     0.1092 |     0.8687 |    0.7828 |     0.1572 |     0.8237 |    0.7274 |   2.06e-06 |     
--- R2 plus final-map regional overlap: global validation statistics ---
up4: ca=0.8891+/-0.0968, sa=1.0029+/-0.0039, amp=0.0000, suppress=0.0000, guide_abs=0.2484
up4 residuals: local_mean=1.976e-02, global_mean=0.0130, local_strength=0.0735, global_strength=0.1104, gain=[0.9797,1.0147], saturation=0.0000, text_film=0.0048
up4 haar: reconstruction_error=4.768e-07, skip_low/high=0.7750/0.2250, plam_low/high=1.0000/0.0000
up4 strengths: plam=0.9510, region=0.0735, detail=0.1104; residual_std region/detail/refine=0.0225/0.6469/0.6116
up4 guide_mix: entropy=0.9840, raw_low=0.3382, plam_low=0.2300, decoder_low=0.2393, detail=0.1925; agreement plam/decoder=0.9665/0.9837, support=0.4359+/-0.0000
up4 adaptive_frequency: ALPF strength=0.2637, weights=0.1453/0.7185/0.1362, sum=1.0000, entropy=0.7170, delta_std=0.0877; AHPF strength=0.0706, weights=0.3897/0.4462/0.1641, sum=1.0000, entropy=0.9296, residual_std=0.1151, scaled_std=0.0081
up3: ca=1.0241+/-0.1246, sa=1.0079+/-0.0057, amp=0.0000, suppress=0.0000, guide_abs=0.2620
up3 residuals: local_mean=2.565e-02, global_mean=0.0403, local_strength=0.1116, global_strength=0.1240, gain=[0.9844,1.0352], saturation=0.0513, text_film=0.0213
up3 haar: reconstruction_error=9.537e-07, skip_low/high=0.7310/0.2690, plam_low/high=1.0000/0.0000
up3 strengths: plam=0.9054, region=0.1116, detail=0.1240; residual_std region/detail/refine=0.3715/0.6080/0.4960
up3 guide_mix: entropy=0.9833, raw_low=0.3300, plam_low=0.1968, decoder_low=0.2697, detail=0.2035; agreement plam/decoder=0.6778/0.2500, support=0.7989+/-0.0941
up3 adaptive_frequency: ALPF strength=0.3164, weights=0.1091/0.3191/0.5717, sum=1.0000, entropy=0.7335, delta_std=0.0806; AHPF strength=0.1261, weights=0.6674/0.1555/0.1771, sum=1.0000, entropy=0.6998, residual_std=0.0950, scaled_std=0.0120
up2: ca=0.9199+/-0.0996, sa=1.0020+/-0.0033, amp=0.0000, suppress=0.0000, guide_abs=0.3103
up2 residuals: local_mean=-1.458e-02, global_mean=0.0332, local_strength=0.1196, global_strength=0.1124, gain=[0.9689,1.0388], saturation=0.0000, text_film=0.0203
up2 haar: reconstruction_error=9.537e-07, skip_low/high=0.7773/0.2227, plam_low/high=1.0000/0.0000
up2 strengths: plam=0.8122, region=0.1196, detail=0.1124; residual_std region/detail/refine=0.2514/0.3023/0.1296
up2 guide_mix: entropy=0.9644, raw_low=0.3368, plam_low=0.1762, decoder_low=0.3185, detail=0.1685; agreement plam/decoder=0.2950/-0.1572, support=0.5872+/-0.0533
up1: ca=0.8946+/-0.0841, sa=1.0076+/-0.0129, amp=0.0000, suppress=0.0000, guide_abs=0.2297
up1 residuals: local_mean=-8.614e-03, global_mean=0.0898, local_strength=0.1299, global_strength=0.0990, gain=[0.9048,1.0956], saturation=0.0071, text_film=0.0381
up1 haar: reconstruction_error=1.907e-06, skip_low/high=0.7181/0.2819, plam_low/high=1.0000/0.0000
up1 strengths: plam=0.9052, region=0.1299, detail=0.0990; residual_std region/detail/refine=0.3278/0.3981/0.2033
up1 guide_mix: entropy=0.9468, raw_low=0.2805, plam_low=0.2242, decoder_low=0.3766, detail=0.1187; agreement plam/decoder=0.3530/0.0326, support=0.6376+/-0.0875

========= Epoch [78/80] =========
RS1_Test_session_09.12_17h44
Training with batch size : 16
   [Train] Epoch: [78][20/357]  Loss:0.119 (Avg 0.1102) IoU:0.769 (Avg 0.7805) Dice:0.8566 (Avg 0.8677) LR 1.47e-06   (AvgTime 0.5)   
   [Train] Epoch: [78][40/357]  Loss:0.107 (Avg 0.1083) IoU:0.781 (Avg 0.7859) Dice:0.8694 (Avg 0.8718) LR 1.47e-06   (AvgTime 0.5)   
   [Train] Epoch: [78][60/357]  Loss:0.101 (Avg 0.1083) IoU:0.796 (Avg 0.7854) Dice:0.8815 (Avg 0.8720) LR 1.47e-06   (AvgTime 0.5)   
   [Train] Epoch: [78][80/357]  Loss:0.084 (Avg 0.1086) IoU:0.834 (Avg 0.7843) Dice:0.9064 (Avg 0.8707) LR 1.47e-06   (AvgTime 0.5)   
   [Train] Epoch: [78][100/357]  Loss:0.126 (Avg 0.1082) IoU:0.739 (Avg 0.7841) Dice:0.8340 (Avg 0.8704) LR 1.47e-06   (AvgTime 0.5)   
   [Train] Epoch: [78][120/357]  Loss:0.110 (Avg 0.1085) IoU:0.780 (Avg 0.7842) Dice:0.8714 (Avg 0.8706) LR 1.47e-06   (AvgTime 0.5)   
   [Train] Epoch: [78][140/357]  Loss:0.086 (Avg 0.1097) IoU:0.828 (Avg 0.7819) Dice:0.9029 (Avg 0.8689) LR 1.47e-06   (AvgTime 0.5)   
   [Train] Epoch: [78][160/357]  Loss:0.095 (Avg 0.1097) IoU:0.809 (Avg 0.7824) Dice:0.8891 (Avg 0.8690) LR 1.47e-06   (AvgTime 0.5)   
   [Train] Epoch: [78][180/357]  Loss:0.085 (Avg 0.1096) IoU:0.834 (Avg 0.7826) Dice:0.9079 (Avg 0.8691) LR 1.47e-06   (AvgTime 0.5)   
   [Train] Epoch: [78][200/357]  Loss:0.138 (Avg 0.1100) IoU:0.722 (Avg 0.7823) Dice:0.8246 (Avg 0.8686) LR 1.47e-06   (AvgTime 0.5)   
   [Train] Epoch: [78][220/357]  Loss:0.085 (Avg 0.1093) IoU:0.835 (Avg 0.7836) Dice:0.9075 (Avg 0.8694) LR 1.47e-06   (AvgTime 0.5)   
   [Train] Epoch: [78][240/357]  Loss:0.080 (Avg 0.1087) IoU:0.839 (Avg 0.7846) Dice:0.9055 (Avg 0.8702) LR 1.47e-06   (AvgTime 0.5)   
   [Train] Epoch: [78][260/357]  Loss:0.133 (Avg 0.1088) IoU:0.744 (Avg 0.7844) Dice:0.8379 (Avg 0.8700) LR 1.47e-06   (AvgTime 0.5)   
   [Train] Epoch: [78][280/357]  Loss:0.084 (Avg 0.1088) IoU:0.823 (Avg 0.7843) Dice:0.8944 (Avg 0.8698) LR 1.47e-06   (AvgTime 0.5)   
   [Train] Epoch: [78][300/357]  Loss:0.082 (Avg 0.1088) IoU:0.832 (Avg 0.7841) Dice:0.9039 (Avg 0.8697) LR 1.47e-06   (AvgTime 0.5)   
   [Train] Epoch: [78][320/357]  Loss:0.087 (Avg 0.1090) IoU:0.822 (Avg 0.7838) Dice:0.9005 (Avg 0.8695) LR 1.47e-06   (AvgTime 0.5)   
   [Train] Epoch: [78][340/357]  Loss:0.111 (Avg 0.1093) IoU:0.777 (Avg 0.7834) Dice:0.8654 (Avg 0.8693) LR 1.47e-06   (AvgTime 0.5)   
   [Train] Epoch: [78][357/357]  Loss:0.075 (Avg 0.1091) IoU:0.846 (Avg 0.7835) Dice:0.9147 (Avg 0.8694) LR 1.47e-06   (AvgTime 0.5)   
   [Train] Loss components: main_dice=0.106585, main_focal=0.037718, main=0.072152, region_raw=0.288055, region_weighted=0.036961, empty_window_fraction=0.000000, total=0.109113
Validation
   [Val] Epoch: [78][20/90]  Loss:0.188 (Avg 0.1626) IoU:0.681 (Avg 0.7258) Dice:0.8000 (Avg 0.8261) (AvgTime 0.3)   
   [Val] Epoch: [78][40/90]  Loss:0.133 (Avg 0.1651) IoU:0.739 (Avg 0.7174) Dice:0.8425 (Avg 0.8178) (AvgTime 0.2)   
   [Val] Epoch: [78][60/90]  Loss:0.216 (Avg 0.1566) IoU:0.652 (Avg 0.7281) Dice:0.7593 (Avg 0.8245) (AvgTime 0.2)   
   [Val] Epoch: [78][80/90]  Loss:0.153 (Avg 0.1571) IoU:0.716 (Avg 0.7267) Dice:0.8139 (Avg 0.8234) (AvgTime 0.2)   
   [Val] Epoch: [78][90/90]  Loss:0.211 (Avg 0.1581) IoU:0.635 (Avg 0.7272) Dice:0.7615 (Avg 0.8236) (AvgTime 0.2)   
   [Val] Loss components: main_dice=0.147180, main_focal=0.085534, main=0.116357, region_raw=0.325287, region_weighted=0.041738, empty_window_fraction=0.000000, total=0.158095
	 No iou improvement; selected epoch 74
	 early_stopping_count: 4/80
--- Epoch History (1..78) ---
Epoch |  TrainLoss |  TrainDice |  TrainIoU |    ValLoss |    ValDice |    ValIoU |         LR | Best
    1 |     0.3300 |     0.6064 |    0.4771 |     0.2665 |     0.6917 |    0.5661 |   3.00e-04 |     
    2 |     0.2491 |     0.6986 |    0.5752 |     0.2503 |     0.7064 |    0.5831 |   3.00e-04 |     
    3 |     0.2238 |     0.7274 |    0.6082 |     0.2261 |     0.7490 |    0.6315 |   3.00e-04 |     
    4 |     0.2124 |     0.7413 |    0.6243 |     0.1852 |     0.7780 |    0.6672 |   2.99e-04 |     
    5 |     0.2062 |     0.7480 |    0.6318 |     0.1901 |     0.7618 |    0.6483 |   2.98e-04 |     
    6 |     0.2002 |     0.7563 |    0.6416 |     0.1824 |     0.7892 |    0.6820 |   2.97e-04 |     
    7 |     0.1965 |     0.7605 |    0.6471 |     0.1870 |     0.7776 |    0.6673 |   2.96e-04 |     
    8 |     0.1919 |     0.7663 |    0.6535 |     0.1781 |     0.7828 |    0.6722 |   2.94e-04 |     
    9 |     0.1907 |     0.7670 |    0.6549 |     0.1861 |     0.7859 |    0.6771 |   2.92e-04 |     
   10 |     0.1887 |     0.7700 |    0.6581 |     0.1904 |     0.7618 |    0.6500 |   2.91e-04 |     
   11 |     0.1847 |     0.7742 |    0.6630 |     0.1856 |     0.7791 |    0.6667 |   2.88e-04 |     
   12 |     0.1858 |     0.7730 |    0.6619 |     0.1814 |     0.7792 |    0.6699 |   2.86e-04 |     
   13 |     0.1827 |     0.7778 |    0.6673 |     0.1897 |     0.7836 |    0.6741 |   2.83e-04 |     
   14 |     0.1817 |     0.7785 |    0.6690 |     0.1761 |     0.7925 |    0.6846 |   2.80e-04 |     
   15 |     0.1790 |     0.7817 |    0.6727 |     0.1662 |     0.7947 |    0.6887 |   2.77e-04 |     
   16 |     0.1777 |     0.7832 |    0.6748 |     0.1662 |     0.7984 |    0.6933 |   2.74e-04 |     
   17 |     0.1747 |     0.7868 |    0.6787 |     0.1849 |     0.7656 |    0.6528 |   2.71e-04 |     
   18 |     0.1751 |     0.7880 |    0.6794 |     0.1706 |     0.7853 |    0.6776 |   2.67e-04 |     
   19 |     0.1727 |     0.7889 |    0.6813 |     0.1837 |     0.7750 |    0.6655 |   2.63e-04 |     
   20 |     0.1748 |     0.7871 |    0.6790 |     0.1670 |     0.7913 |    0.6862 |   2.59e-04 |     
   21 |     0.1711 |     0.7912 |    0.6837 |     0.1725 |     0.8030 |    0.6988 |   2.55e-04 |     
   22 |     0.1732 |     0.7894 |    0.6818 |     0.1654 |     0.7979 |    0.6947 |   2.51e-04 |     
   23 |     0.1690 |     0.7939 |    0.6878 |     0.1653 |     0.8044 |    0.7012 |   2.46e-04 |     
   24 |     0.1692 |     0.7944 |    0.6884 |     0.1686 |     0.7933 |    0.6847 |   2.42e-04 |     
   25 |     0.1648 |     0.7995 |    0.6940 |     0.1722 |     0.8021 |    0.6982 |   2.37e-04 |     
   26 |     0.1673 |     0.7963 |    0.6902 |     0.1664 |     0.8008 |    0.6962 |   2.32e-04 |     
   27 |     0.1629 |     0.8018 |    0.6970 |     0.1634 |     0.8048 |    0.7008 |   2.27e-04 |     
   28 |     0.1638 |     0.8013 |    0.6962 |     0.1968 |     0.7849 |    0.6766 |   2.22e-04 |     
   29 |     0.1665 |     0.7976 |    0.6924 |     0.1610 |     0.8024 |    0.6985 |   2.17e-04 |     
   30 |     0.1612 |     0.8048 |    0.7005 |     0.1603 |     0.7992 |    0.6949 |   2.11e-04 |     
   31 |     0.1582 |     0.8077 |    0.7041 |     0.1578 |     0.8066 |    0.7026 |   2.06e-04 |     
   32 |     0.1589 |     0.8063 |    0.7028 |     0.1762 |     0.7959 |    0.6925 |   2.00e-04 |     
   33 |     0.1578 |     0.8089 |    0.7056 |     0.1652 |     0.8056 |    0.7026 |   1.94e-04 |     
   34 |     0.1562 |     0.8101 |    0.7078 |     0.1586 |     0.8105 |    0.7098 |   1.89e-04 |     
   35 |     0.1559 |     0.8105 |    0.7081 |     0.1568 |     0.8093 |    0.7075 |   1.83e-04 |     
   36 |     0.1542 |     0.8127 |    0.7110 |     0.1550 |     0.8109 |    0.7091 |   1.77e-04 |     
   37 |     0.1534 |     0.8141 |    0.7124 |     0.1591 |     0.8011 |    0.6973 |   1.71e-04 |     
   38 |     0.1522 |     0.8143 |    0.7129 |     0.1619 |     0.8121 |    0.7118 |   1.65e-04 |     
   39 |     0.1510 |     0.8165 |    0.7157 |     0.1714 |     0.8063 |    0.7036 |   1.59e-04 |     
   40 |     0.1508 |     0.8159 |    0.7151 |     0.1523 |     0.8161 |    0.7173 |   1.53e-04 |     
   41 |     0.1486 |     0.8196 |    0.7188 |     0.2507 |     0.7752 |    0.6614 |   1.48e-04 |     
   42 |     0.1499 |     0.8174 |    0.7165 |     0.1519 |     0.8120 |    0.7104 |   1.42e-04 |     
   43 |     0.1456 |     0.8228 |    0.7232 |     0.1570 |     0.8040 |    0.6995 |   1.36e-04 |     
   44 |     0.1442 |     0.8248 |    0.7254 |     0.1531 |     0.8194 |    0.7199 |   1.30e-04 |     
   45 |     0.1446 |     0.8239 |    0.7247 |     0.1548 |     0.8151 |    0.7141 |   1.24e-04 |     
   46 |     0.1437 |     0.8250 |    0.7259 |     0.1547 |     0.8179 |    0.7182 |   1.18e-04 |     
   47 |     0.1418 |     0.8271 |    0.7291 |     0.1561 |     0.8163 |    0.7159 |   1.12e-04 |     
   48 |     0.1408 |     0.8287 |    0.7309 |     0.1505 |     0.8182 |    0.7195 |   1.07e-04 |     
   49 |     0.1393 |     0.8313 |    0.7338 |     0.1512 |     0.8180 |    0.7193 |   1.01e-04 |     
   50 |     0.1385 |     0.8316 |    0.7343 |     0.1496 |     0.8227 |    0.7242 |   9.54e-05 |     
   51 |     0.1369 |     0.8340 |    0.7374 |     0.1510 |     0.8192 |    0.7206 |   8.99e-05 |     
   52 |     0.1354 |     0.8360 |    0.7400 |     0.1484 |     0.8216 |    0.7227 |   8.45e-05 |     
   53 |     0.1340 |     0.8378 |    0.7421 |     0.1490 |     0.8214 |    0.7235 |   7.92e-05 |     
   54 |     0.1341 |     0.8371 |    0.7420 |     0.1546 |     0.8198 |    0.7215 |   7.40e-05 |     
   55 |     0.1330 |     0.8384 |    0.7432 |     0.1543 |     0.8231 |    0.7254 |   6.90e-05 |     
   56 |     0.1311 |     0.8414 |    0.7470 |     0.1507 |     0.8190 |    0.7204 |   6.41e-05 |     
   57 |     0.1291 |     0.8435 |    0.7496 |     0.1528 |     0.8207 |    0.7228 |   5.93e-05 |     
   58 |     0.1273 |     0.8458 |    0.7526 |     0.1523 |     0.8196 |    0.7218 |   5.47e-05 |     
   59 |     0.1264 |     0.8473 |    0.7545 |     0.1506 |     0.8232 |    0.7250 |   5.02e-05 |     
   60 |     0.1250 |     0.8490 |    0.7564 |     0.1483 |     0.8229 |    0.7255 |   4.58e-05 |     
   61 |     0.1247 |     0.8496 |    0.7574 |     0.1514 |     0.8231 |    0.7260 |   4.17e-05 |     
   62 |     0.1231 |     0.8511 |    0.7596 |     0.1478 |     0.8235 |    0.7258 |   3.77e-05 |     
   63 |     0.1217 |     0.8535 |    0.7625 |     0.1520 |     0.8245 |    0.7274 |   3.39e-05 |     
   64 |     0.1200 |     0.8552 |    0.7648 |     0.1545 |     0.8226 |    0.7250 |   3.03e-05 |     
   65 |     0.1188 |     0.8568 |    0.7669 |     0.1523 |     0.8250 |    0.7285 |   2.68e-05 |     
   66 |     0.1182 |     0.8580 |    0.7684 |     0.1499 |     0.8232 |    0.7259 |   2.36e-05 |     
   67 |     0.1171 |     0.8587 |    0.7695 |     0.1557 |     0.8231 |    0.7262 |   2.05e-05 |     
   68 |     0.1150 |     0.8612 |    0.7726 |     0.1541 |     0.8233 |    0.7266 |   1.77e-05 |     
   69 |     0.1151 |     0.8618 |    0.7734 |     0.1537 |     0.8233 |    0.7262 |   1.51e-05 |     
   70 |     0.1138 |     0.8632 |    0.7754 |     0.1548 |     0.8251 |    0.7288 |   1.27e-05 |     
   71 |     0.1127 |     0.8645 |    0.7772 |     0.1558 |     0.8237 |    0.7270 |   1.05e-05 |     
   72 |     0.1128 |     0.8646 |    0.7771 |     0.1522 |     0.8245 |    0.7279 |   8.50e-06 |     
   73 |     0.1110 |     0.8666 |    0.7798 |     0.1565 |     0.8246 |    0.7281 |   6.76e-06 |     
   74 |     0.1103 |     0.8677 |    0.7814 |     0.1536 |     0.8254 |    0.7292 |   5.24e-06 |    *
   75 |     0.1108 |     0.8670 |    0.7803 |     0.1581 |     0.8243 |    0.7281 |   3.95e-06 |     
   76 |     0.1092 |     0.8688 |    0.7828 |     0.1559 |     0.8252 |    0.7289 |   2.89e-06 |     
   77 |     0.1092 |     0.8687 |    0.7828 |     0.1572 |     0.8237 |    0.7274 |   2.06e-06 |     
   78 |     0.1091 |     0.8694 |    0.7835 |     0.1581 |     0.8236 |    0.7272 |   1.47e-06 |     
--- R2 plus final-map regional overlap: global validation statistics ---
up4: ca=0.8895+/-0.0967, sa=1.0029+/-0.0039, amp=0.0000, suppress=0.0000, guide_abs=0.2490
up4 residuals: local_mean=1.977e-02, global_mean=0.0131, local_strength=0.0735, global_strength=0.1104, gain=[0.9796,1.0148], saturation=0.0000, text_film=0.0048
up4 haar: reconstruction_error=6.557e-07, skip_low/high=0.7736/0.2264, plam_low/high=1.0000/0.0000
up4 strengths: plam=0.9510, region=0.0735, detail=0.1104; residual_std region/detail/refine=0.0225/0.6476/0.6121
up4 guide_mix: entropy=0.9845, raw_low=0.3362, plam_low=0.2344, decoder_low=0.2372, detail=0.1922; agreement plam/decoder=0.9716/0.9856, support=0.4359+/-0.0000
up4 adaptive_frequency: ALPF strength=0.2637, weights=0.1451/0.7185/0.1364, sum=1.0000, entropy=0.7170, delta_std=0.0876; AHPF strength=0.0706, weights=0.3888/0.4468/0.1644, sum=1.0000, entropy=0.9297, residual_std=0.1160, scaled_std=0.0082
up3: ca=1.0244+/-0.1245, sa=1.0078+/-0.0057, amp=0.0000, suppress=0.0000, guide_abs=0.2615
up3 residuals: local_mean=2.538e-02, global_mean=0.0402, local_strength=0.1116, global_strength=0.1240, gain=[0.9843,1.0354], saturation=0.0505, text_film=0.0213
up3 haar: reconstruction_error=9.537e-07, skip_low/high=0.7311/0.2689, plam_low/high=1.0000/0.0000
up3 strengths: plam=0.9054, region=0.1116, detail=0.1240; residual_std region/detail/refine=0.3701/0.6075/0.4948
up3 guide_mix: entropy=0.9843, raw_low=0.3287, plam_low=0.2011, decoder_low=0.2677, detail=0.2026; agreement plam/decoder=0.6811/0.2559, support=0.7985+/-0.0942
up3 adaptive_frequency: ALPF strength=0.3164, weights=0.1103/0.3216/0.5680, sum=1.0000, entropy=0.7350, delta_std=0.0806; AHPF strength=0.1261, weights=0.6654/0.1564/0.1782, sum=1.0000, entropy=0.7015, residual_std=0.0956, scaled_std=0.0121
up2: ca=0.9204+/-0.1006, sa=1.0020+/-0.0032, amp=0.0000, suppress=0.0000, guide_abs=0.3108
up2 residuals: local_mean=-1.458e-02, global_mean=0.0332, local_strength=0.1196, global_strength=0.1124, gain=[0.9699,1.0378], saturation=0.0000, text_film=0.0200
up2 haar: reconstruction_error=9.537e-07, skip_low/high=0.7783/0.2217, plam_low/high=1.0000/0.0000
up2 strengths: plam=0.8122, region=0.1196, detail=0.1124; residual_std region/detail/refine=0.2516/0.3001/0.1296
up2 guide_mix: entropy=0.9660, raw_low=0.3325, plam_low=0.1825, decoder_low=0.3191, detail=0.1660; agreement plam/decoder=0.2927/-0.1549, support=0.5872+/-0.0535
up1: ca=0.8951+/-0.0841, sa=1.0076+/-0.0129, amp=0.0000, suppress=0.0000, guide_abs=0.2308
up1 residuals: local_mean=-8.534e-03, global_mean=0.0898, local_strength=0.1299, global_strength=0.0990, gain=[0.9048,1.0956], saturation=0.0072, text_film=0.0382
up1 haar: reconstruction_error=1.431e-06, skip_low/high=0.7186/0.2814, plam_low/high=1.0000/0.0000
up1 strengths: plam=0.9052, region=0.1299, detail=0.0990; residual_std region/detail/refine=0.3275/0.3963/0.2033
up1 guide_mix: entropy=0.9461, raw_low=0.2774, plam_low=0.2285, decoder_low=0.3772, detail=0.1168; agreement plam/decoder=0.3510/0.0284, support=0.6375+/-0.0874

========= Epoch [79/80] =========
RS1_Test_session_09.12_17h44
Training with batch size : 16
   [Train] Epoch: [79][20/357]  Loss:0.095 (Avg 0.1062) IoU:0.808 (Avg 0.7912) Dice:0.8877 (Avg 0.8766) LR 1.12e-06   (AvgTime 0.6)   
   [Train] Epoch: [79][40/357]  Loss:0.102 (Avg 0.1075) IoU:0.791 (Avg 0.7884) Dice:0.8755 (Avg 0.8741) LR 1.12e-06   (AvgTime 0.6)   
   [Train] Epoch: [79][60/357]  Loss:0.087 (Avg 0.1059) IoU:0.824 (Avg 0.7897) Dice:0.9000 (Avg 0.8744) LR 1.12e-06   (AvgTime 0.6)   
   [Train] Epoch: [79][80/357]  Loss:0.151 (Avg 0.1071) IoU:0.758 (Avg 0.7887) Dice:0.8520 (Avg 0.8735) LR 1.12e-06   (AvgTime 0.6)   
   [Train] Epoch: [79][100/357]  Loss:0.115 (Avg 0.1070) IoU:0.784 (Avg 0.7884) Dice:0.8666 (Avg 0.8731) LR 1.12e-06   (AvgTime 0.6)   
   [Train] Epoch: [79][120/357]  Loss:0.103 (Avg 0.1084) IoU:0.789 (Avg 0.7861) Dice:0.8754 (Avg 0.8713) LR 1.12e-06   (AvgTime 0.6)   
   [Train] Epoch: [79][140/357]  Loss:0.104 (Avg 0.1086) IoU:0.792 (Avg 0.7850) Dice:0.8783 (Avg 0.8707) LR 1.12e-06   (AvgTime 0.6)   
   [Train] Epoch: [79][160/357]  Loss:0.109 (Avg 0.1086) IoU:0.774 (Avg 0.7846) Dice:0.8689 (Avg 0.8704) LR 1.12e-06   (AvgTime 0.6)   
   [Train] Epoch: [79][180/357]  Loss:0.125 (Avg 0.1085) IoU:0.767 (Avg 0.7849) Dice:0.8567 (Avg 0.8705) LR 1.12e-06   (AvgTime 0.6)   
   [Train] Epoch: [79][200/357]  Loss:0.087 (Avg 0.1077) IoU:0.829 (Avg 0.7863) Dice:0.9018 (Avg 0.8715) LR 1.12e-06   (AvgTime 0.6)   
   [Train] Epoch: [79][220/357]  Loss:0.100 (Avg 0.1070) IoU:0.795 (Avg 0.7875) Dice:0.8788 (Avg 0.8725) LR 1.12e-06   (AvgTime 0.6)   
   [Train] Epoch: [79][240/357]  Loss:0.125 (Avg 0.1079) IoU:0.761 (Avg 0.7858) Dice:0.8499 (Avg 0.8711) LR 1.12e-06   (AvgTime 0.6)   
   [Train] Epoch: [79][260/357]  Loss:0.104 (Avg 0.1083) IoU:0.791 (Avg 0.7849) Dice:0.8762 (Avg 0.8703) LR 1.12e-06   (AvgTime 0.6)   
   [Train] Epoch: [79][280/357]  Loss:0.130 (Avg 0.1087) IoU:0.761 (Avg 0.7840) Dice:0.8431 (Avg 0.8696) LR 1.12e-06   (AvgTime 0.6)   
   [Train] Epoch: [79][300/357]  Loss:0.094 (Avg 0.1090) IoU:0.812 (Avg 0.7834) Dice:0.8930 (Avg 0.8693) LR 1.12e-06   (AvgTime 0.6)   
   [Train] Epoch: [79][320/357]  Loss:0.111 (Avg 0.1090) IoU:0.794 (Avg 0.7837) Dice:0.8810 (Avg 0.8695) LR 1.12e-06   (AvgTime 0.6)   
   [Train] Epoch: [79][340/357]  Loss:0.120 (Avg 0.1087) IoU:0.761 (Avg 0.7841) Dice:0.8545 (Avg 0.8698) LR 1.12e-06   (AvgTime 0.6)   
   [Train] Epoch: [79][357/357]  Loss:0.124 (Avg 0.1093) IoU:0.741 (Avg 0.7830) Dice:0.8410 (Avg 0.8690) LR 1.12e-06   (AvgTime 0.6)   
   [Train] Loss components: main_dice=0.107033, main_focal=0.037462, main=0.072248, region_raw=0.288429, region_weighted=0.037009, empty_window_fraction=0.000000, total=0.109257
Validation
   [Val] Epoch: [79][20/90]  Loss:0.176 (Avg 0.1593) IoU:0.693 (Avg 0.7262) Dice:0.8090 (Avg 0.8267) (AvgTime 0.3)   
   [Val] Epoch: [79][40/90]  Loss:0.130 (Avg 0.1627) IoU:0.740 (Avg 0.7174) Dice:0.8428 (Avg 0.8180) (AvgTime 0.2)   
   [Val] Epoch: [79][60/90]  Loss:0.211 (Avg 0.1541) IoU:0.652 (Avg 0.7281) Dice:0.7601 (Avg 0.8247) (AvgTime 0.2)   
   [Val] Epoch: [79][80/90]  Loss:0.151 (Avg 0.1537) IoU:0.714 (Avg 0.7272) Dice:0.8124 (Avg 0.8241) (AvgTime 0.2)   
   [Val] Epoch: [79][90/90]  Loss:0.205 (Avg 0.1546) IoU:0.629 (Avg 0.7276) Dice:0.7565 (Avg 0.8242) (AvgTime 0.2)   
   [Val] Loss components: main_dice=0.146536, main_focal=0.079303, main=0.112920, region_raw=0.325175, region_weighted=0.041724, empty_window_fraction=0.000000, total=0.154644
	 No iou improvement; selected epoch 74
	 early_stopping_count: 5/80
--- Epoch History (1..79) ---
Epoch |  TrainLoss |  TrainDice |  TrainIoU |    ValLoss |    ValDice |    ValIoU |         LR | Best
    1 |     0.3300 |     0.6064 |    0.4771 |     0.2665 |     0.6917 |    0.5661 |   3.00e-04 |     
    2 |     0.2491 |     0.6986 |    0.5752 |     0.2503 |     0.7064 |    0.5831 |   3.00e-04 |     
    3 |     0.2238 |     0.7274 |    0.6082 |     0.2261 |     0.7490 |    0.6315 |   3.00e-04 |     
    4 |     0.2124 |     0.7413 |    0.6243 |     0.1852 |     0.7780 |    0.6672 |   2.99e-04 |     
    5 |     0.2062 |     0.7480 |    0.6318 |     0.1901 |     0.7618 |    0.6483 |   2.98e-04 |     
    6 |     0.2002 |     0.7563 |    0.6416 |     0.1824 |     0.7892 |    0.6820 |   2.97e-04 |     
    7 |     0.1965 |     0.7605 |    0.6471 |     0.1870 |     0.7776 |    0.6673 |   2.96e-04 |     
    8 |     0.1919 |     0.7663 |    0.6535 |     0.1781 |     0.7828 |    0.6722 |   2.94e-04 |     
    9 |     0.1907 |     0.7670 |    0.6549 |     0.1861 |     0.7859 |    0.6771 |   2.92e-04 |     
   10 |     0.1887 |     0.7700 |    0.6581 |     0.1904 |     0.7618 |    0.6500 |   2.91e-04 |     
   11 |     0.1847 |     0.7742 |    0.6630 |     0.1856 |     0.7791 |    0.6667 |   2.88e-04 |     
   12 |     0.1858 |     0.7730 |    0.6619 |     0.1814 |     0.7792 |    0.6699 |   2.86e-04 |     
   13 |     0.1827 |     0.7778 |    0.6673 |     0.1897 |     0.7836 |    0.6741 |   2.83e-04 |     
   14 |     0.1817 |     0.7785 |    0.6690 |     0.1761 |     0.7925 |    0.6846 |   2.80e-04 |     
   15 |     0.1790 |     0.7817 |    0.6727 |     0.1662 |     0.7947 |    0.6887 |   2.77e-04 |     
   16 |     0.1777 |     0.7832 |    0.6748 |     0.1662 |     0.7984 |    0.6933 |   2.74e-04 |     
   17 |     0.1747 |     0.7868 |    0.6787 |     0.1849 |     0.7656 |    0.6528 |   2.71e-04 |     
   18 |     0.1751 |     0.7880 |    0.6794 |     0.1706 |     0.7853 |    0.6776 |   2.67e-04 |     
   19 |     0.1727 |     0.7889 |    0.6813 |     0.1837 |     0.7750 |    0.6655 |   2.63e-04 |     
   20 |     0.1748 |     0.7871 |    0.6790 |     0.1670 |     0.7913 |    0.6862 |   2.59e-04 |     
   21 |     0.1711 |     0.7912 |    0.6837 |     0.1725 |     0.8030 |    0.6988 |   2.55e-04 |     
   22 |     0.1732 |     0.7894 |    0.6818 |     0.1654 |     0.7979 |    0.6947 |   2.51e-04 |     
   23 |     0.1690 |     0.7939 |    0.6878 |     0.1653 |     0.8044 |    0.7012 |   2.46e-04 |     
   24 |     0.1692 |     0.7944 |    0.6884 |     0.1686 |     0.7933 |    0.6847 |   2.42e-04 |     
   25 |     0.1648 |     0.7995 |    0.6940 |     0.1722 |     0.8021 |    0.6982 |   2.37e-04 |     
   26 |     0.1673 |     0.7963 |    0.6902 |     0.1664 |     0.8008 |    0.6962 |   2.32e-04 |     
   27 |     0.1629 |     0.8018 |    0.6970 |     0.1634 |     0.8048 |    0.7008 |   2.27e-04 |     
   28 |     0.1638 |     0.8013 |    0.6962 |     0.1968 |     0.7849 |    0.6766 |   2.22e-04 |     
   29 |     0.1665 |     0.7976 |    0.6924 |     0.1610 |     0.8024 |    0.6985 |   2.17e-04 |     
   30 |     0.1612 |     0.8048 |    0.7005 |     0.1603 |     0.7992 |    0.6949 |   2.11e-04 |     
   31 |     0.1582 |     0.8077 |    0.7041 |     0.1578 |     0.8066 |    0.7026 |   2.06e-04 |     
   32 |     0.1589 |     0.8063 |    0.7028 |     0.1762 |     0.7959 |    0.6925 |   2.00e-04 |     
   33 |     0.1578 |     0.8089 |    0.7056 |     0.1652 |     0.8056 |    0.7026 |   1.94e-04 |     
   34 |     0.1562 |     0.8101 |    0.7078 |     0.1586 |     0.8105 |    0.7098 |   1.89e-04 |     
   35 |     0.1559 |     0.8105 |    0.7081 |     0.1568 |     0.8093 |    0.7075 |   1.83e-04 |     
   36 |     0.1542 |     0.8127 |    0.7110 |     0.1550 |     0.8109 |    0.7091 |   1.77e-04 |     
   37 |     0.1534 |     0.8141 |    0.7124 |     0.1591 |     0.8011 |    0.6973 |   1.71e-04 |     
   38 |     0.1522 |     0.8143 |    0.7129 |     0.1619 |     0.8121 |    0.7118 |   1.65e-04 |     
   39 |     0.1510 |     0.8165 |    0.7157 |     0.1714 |     0.8063 |    0.7036 |   1.59e-04 |     
   40 |     0.1508 |     0.8159 |    0.7151 |     0.1523 |     0.8161 |    0.7173 |   1.53e-04 |     
   41 |     0.1486 |     0.8196 |    0.7188 |     0.2507 |     0.7752 |    0.6614 |   1.48e-04 |     
   42 |     0.1499 |     0.8174 |    0.7165 |     0.1519 |     0.8120 |    0.7104 |   1.42e-04 |     
   43 |     0.1456 |     0.8228 |    0.7232 |     0.1570 |     0.8040 |    0.6995 |   1.36e-04 |     
   44 |     0.1442 |     0.8248 |    0.7254 |     0.1531 |     0.8194 |    0.7199 |   1.30e-04 |     
   45 |     0.1446 |     0.8239 |    0.7247 |     0.1548 |     0.8151 |    0.7141 |   1.24e-04 |     
   46 |     0.1437 |     0.8250 |    0.7259 |     0.1547 |     0.8179 |    0.7182 |   1.18e-04 |     
   47 |     0.1418 |     0.8271 |    0.7291 |     0.1561 |     0.8163 |    0.7159 |   1.12e-04 |     
   48 |     0.1408 |     0.8287 |    0.7309 |     0.1505 |     0.8182 |    0.7195 |   1.07e-04 |     
   49 |     0.1393 |     0.8313 |    0.7338 |     0.1512 |     0.8180 |    0.7193 |   1.01e-04 |     
   50 |     0.1385 |     0.8316 |    0.7343 |     0.1496 |     0.8227 |    0.7242 |   9.54e-05 |     
   51 |     0.1369 |     0.8340 |    0.7374 |     0.1510 |     0.8192 |    0.7206 |   8.99e-05 |     
   52 |     0.1354 |     0.8360 |    0.7400 |     0.1484 |     0.8216 |    0.7227 |   8.45e-05 |     
   53 |     0.1340 |     0.8378 |    0.7421 |     0.1490 |     0.8214 |    0.7235 |   7.92e-05 |     
   54 |     0.1341 |     0.8371 |    0.7420 |     0.1546 |     0.8198 |    0.7215 |   7.40e-05 |     
   55 |     0.1330 |     0.8384 |    0.7432 |     0.1543 |     0.8231 |    0.7254 |   6.90e-05 |     
   56 |     0.1311 |     0.8414 |    0.7470 |     0.1507 |     0.8190 |    0.7204 |   6.41e-05 |     
   57 |     0.1291 |     0.8435 |    0.7496 |     0.1528 |     0.8207 |    0.7228 |   5.93e-05 |     
   58 |     0.1273 |     0.8458 |    0.7526 |     0.1523 |     0.8196 |    0.7218 |   5.47e-05 |     
   59 |     0.1264 |     0.8473 |    0.7545 |     0.1506 |     0.8232 |    0.7250 |   5.02e-05 |     
   60 |     0.1250 |     0.8490 |    0.7564 |     0.1483 |     0.8229 |    0.7255 |   4.58e-05 |     
   61 |     0.1247 |     0.8496 |    0.7574 |     0.1514 |     0.8231 |    0.7260 |   4.17e-05 |     
   62 |     0.1231 |     0.8511 |    0.7596 |     0.1478 |     0.8235 |    0.7258 |   3.77e-05 |     
   63 |     0.1217 |     0.8535 |    0.7625 |     0.1520 |     0.8245 |    0.7274 |   3.39e-05 |     
   64 |     0.1200 |     0.8552 |    0.7648 |     0.1545 |     0.8226 |    0.7250 |   3.03e-05 |     
   65 |     0.1188 |     0.8568 |    0.7669 |     0.1523 |     0.8250 |    0.7285 |   2.68e-05 |     
   66 |     0.1182 |     0.8580 |    0.7684 |     0.1499 |     0.8232 |    0.7259 |   2.36e-05 |     
   67 |     0.1171 |     0.8587 |    0.7695 |     0.1557 |     0.8231 |    0.7262 |   2.05e-05 |     
   68 |     0.1150 |     0.8612 |    0.7726 |     0.1541 |     0.8233 |    0.7266 |   1.77e-05 |     
   69 |     0.1151 |     0.8618 |    0.7734 |     0.1537 |     0.8233 |    0.7262 |   1.51e-05 |     
   70 |     0.1138 |     0.8632 |    0.7754 |     0.1548 |     0.8251 |    0.7288 |   1.27e-05 |     
   71 |     0.1127 |     0.8645 |    0.7772 |     0.1558 |     0.8237 |    0.7270 |   1.05e-05 |     
   72 |     0.1128 |     0.8646 |    0.7771 |     0.1522 |     0.8245 |    0.7279 |   8.50e-06 |     
   73 |     0.1110 |     0.8666 |    0.7798 |     0.1565 |     0.8246 |    0.7281 |   6.76e-06 |     
   74 |     0.1103 |     0.8677 |    0.7814 |     0.1536 |     0.8254 |    0.7292 |   5.24e-06 |    *
   75 |     0.1108 |     0.8670 |    0.7803 |     0.1581 |     0.8243 |    0.7281 |   3.95e-06 |     
   76 |     0.1092 |     0.8688 |    0.7828 |     0.1559 |     0.8252 |    0.7289 |   2.89e-06 |     
   77 |     0.1092 |     0.8687 |    0.7828 |     0.1572 |     0.8237 |    0.7274 |   2.06e-06 |     
   78 |     0.1091 |     0.8694 |    0.7835 |     0.1581 |     0.8236 |    0.7272 |   1.47e-06 |     
   79 |     0.1093 |     0.8690 |    0.7830 |     0.1546 |     0.8242 |    0.7276 |   1.12e-06 |     
--- R2 plus final-map regional overlap: global validation statistics ---
up4: ca=0.8898+/-0.0967, sa=1.0029+/-0.0039, amp=0.0000, suppress=0.0000, guide_abs=0.2493
up4 residuals: local_mean=1.977e-02, global_mean=0.0129, local_strength=0.0735, global_strength=0.1104, gain=[0.9796,1.0152], saturation=0.0000, text_film=0.0048
up4 haar: reconstruction_error=7.153e-07, skip_low/high=0.7744/0.2256, plam_low/high=1.0000/0.0000
up4 strengths: plam=0.9510, region=0.0735, detail=0.1104; residual_std region/detail/refine=0.0225/0.6472/0.6117
up4 guide_mix: entropy=0.9844, raw_low=0.3366, plam_low=0.2331, decoder_low=0.2381, detail=0.1922; agreement plam/decoder=0.9746/0.9899, support=0.4359+/-0.0000
up4 adaptive_frequency: ALPF strength=0.2637, weights=0.1452/0.7186/0.1362, sum=1.0000, entropy=0.7169, delta_std=0.0881; AHPF strength=0.0706, weights=0.3892/0.4466/0.1643, sum=1.0000, entropy=0.9297, residual_std=0.1156, scaled_std=0.0082
up3: ca=1.0247+/-0.1244, sa=1.0079+/-0.0057, amp=0.0000, suppress=0.0000, guide_abs=0.2608
up3 residuals: local_mean=2.551e-02, global_mean=0.0402, local_strength=0.1116, global_strength=0.1240, gain=[0.9844,1.0354], saturation=0.0505, text_film=0.0212
up3 haar: reconstruction_error=9.537e-07, skip_low/high=0.7309/0.2691, plam_low/high=1.0000/0.0000
up3 strengths: plam=0.9054, region=0.1116, detail=0.1240; residual_std region/detail/refine=0.3718/0.6069/0.4947
up3 guide_mix: entropy=0.9840, raw_low=0.3274, plam_low=0.1993, decoder_low=0.2713, detail=0.2020; agreement plam/decoder=0.6797/0.2338, support=0.7977+/-0.0943
up3 adaptive_frequency: ALPF strength=0.3164, weights=0.1114/0.3239/0.5646, sum=1.0000, entropy=0.7363, delta_std=0.0818; AHPF strength=0.1261, weights=0.6628/0.1569/0.1803, sum=1.0000, entropy=0.7032, residual_std=0.0964, scaled_std=0.0122
up2: ca=0.9203+/-0.0962, sa=1.0020+/-0.0033, amp=0.0000, suppress=0.0000, guide_abs=0.3105
up2 residuals: local_mean=-1.454e-02, global_mean=0.0332, local_strength=0.1196, global_strength=0.1124, gain=[0.9691,1.0387], saturation=0.0000, text_film=0.0203
up2 haar: reconstruction_error=9.537e-07, skip_low/high=0.7774/0.2226, plam_low/high=1.0000/0.0000
up2 strengths: plam=0.8122, region=0.1196, detail=0.1124; residual_std region/detail/refine=0.2476/0.3030/0.1292
up2 guide_mix: entropy=0.9652, raw_low=0.3322, plam_low=0.1796, decoder_low=0.3212, detail=0.1669; agreement plam/decoder=0.2941/-0.1655, support=0.5866+/-0.0532
up1: ca=0.8953+/-0.0840, sa=1.0076+/-0.0130, amp=0.0000, suppress=0.0000, guide_abs=0.2317
up1 residuals: local_mean=-8.615e-03, global_mean=0.0898, local_strength=0.1299, global_strength=0.0990, gain=[0.9045,1.0958], saturation=0.0070, text_film=0.0381
up1 haar: reconstruction_error=1.431e-06, skip_low/high=0.7175/0.2825, plam_low/high=1.0000/0.0000
up1 strengths: plam=0.9052, region=0.1299, detail=0.0990; residual_std region/detail/refine=0.3243/0.4017/0.2033
up1 guide_mix: entropy=0.9465, raw_low=0.2806, plam_low=0.2239, decoder_low=0.3770, detail=0.1185; agreement plam/decoder=0.3421/0.0436, support=0.6386+/-0.0875

========= Epoch [80/80] =========
RS1_Test_session_09.12_17h44
Training with batch size : 16
   [Train] Epoch: [80][20/357]  Loss:0.150 (Avg 0.1044) IoU:0.695 (Avg 0.7889) Dice:0.8084 (Avg 0.8739) LR 1.00e-06   (AvgTime 0.6)   
   [Train] Epoch: [80][40/357]  Loss:0.117 (Avg 0.1082) IoU:0.757 (Avg 0.7846) Dice:0.8537 (Avg 0.8706) LR 1.00e-06   (AvgTime 0.6)   
   [Train] Epoch: [80][60/357]  Loss:0.124 (Avg 0.1058) IoU:0.752 (Avg 0.7895) Dice:0.8488 (Avg 0.8745) LR 1.00e-06   (AvgTime 0.6)   
   [Train] Epoch: [80][80/357]  Loss:0.099 (Avg 0.1063) IoU:0.806 (Avg 0.7887) Dice:0.8871 (Avg 0.8737) LR 1.00e-06   (AvgTime 0.6)   
   [Train] Epoch: [80][100/357]  Loss:0.095 (Avg 0.1071) IoU:0.810 (Avg 0.7871) Dice:0.8898 (Avg 0.8725) LR 1.00e-06   (AvgTime 0.6)   
   [Train] Epoch: [80][120/357]  Loss:0.132 (Avg 0.1070) IoU:0.733 (Avg 0.7872) Dice:0.8407 (Avg 0.8727) LR 1.00e-06   (AvgTime 0.6)   
   [Train] Epoch: [80][140/357]  Loss:0.072 (Avg 0.1077) IoU:0.852 (Avg 0.7856) Dice:0.9167 (Avg 0.8713) LR 1.00e-06   (AvgTime 0.6)   
   [Train] Epoch: [80][160/357]  Loss:0.101 (Avg 0.1077) IoU:0.796 (Avg 0.7857) Dice:0.8755 (Avg 0.8714) LR 1.00e-06   (AvgTime 0.6)   
   [Train] Epoch: [80][180/357]  Loss:0.119 (Avg 0.1083) IoU:0.758 (Avg 0.7847) Dice:0.8533 (Avg 0.8705) LR 1.00e-06   (AvgTime 0.6)   
   [Train] Epoch: [80][200/357]  Loss:0.101 (Avg 0.1076) IoU:0.782 (Avg 0.7861) Dice:0.8718 (Avg 0.8716) LR 1.00e-06   (AvgTime 0.6)   
   [Train] Epoch: [80][220/357]  Loss:0.101 (Avg 0.1072) IoU:0.790 (Avg 0.7866) Dice:0.8784 (Avg 0.8720) LR 1.00e-06   (AvgTime 0.6)   
   [Train] Epoch: [80][240/357]  Loss:0.118 (Avg 0.1077) IoU:0.773 (Avg 0.7859) Dice:0.8659 (Avg 0.8714) LR 1.00e-06   (AvgTime 0.6)   
   [Train] Epoch: [80][260/357]  Loss:0.107 (Avg 0.1081) IoU:0.782 (Avg 0.7856) Dice:0.8710 (Avg 0.8709) LR 1.00e-06   (AvgTime 0.6)   
   [Train] Epoch: [80][280/357]  Loss:0.113 (Avg 0.1081) IoU:0.775 (Avg 0.7855) Dice:0.8614 (Avg 0.8710) LR 1.00e-06   (AvgTime 0.6)   
   [Train] Epoch: [80][300/357]  Loss:0.135 (Avg 0.1081) IoU:0.735 (Avg 0.7853) Dice:0.8316 (Avg 0.8709) LR 1.00e-06   (AvgTime 0.6)   
   [Train] Epoch: [80][320/357]  Loss:0.099 (Avg 0.1084) IoU:0.805 (Avg 0.7849) Dice:0.8895 (Avg 0.8706) LR 1.00e-06   (AvgTime 0.6)   
   [Train] Epoch: [80][340/357]  Loss:0.088 (Avg 0.1084) IoU:0.823 (Avg 0.7852) Dice:0.8931 (Avg 0.8707) LR 1.00e-06   (AvgTime 0.6)   
   [Train] Epoch: [80][357/357]  Loss:0.120 (Avg 0.1083) IoU:0.759 (Avg 0.7851) Dice:0.8417 (Avg 0.8706) LR 1.00e-06   (AvgTime 0.6)   
   [Train] Loss components: main_dice=0.105803, main_focal=0.037237, main=0.071520, region_raw=0.286535, region_weighted=0.036766, empty_window_fraction=0.000000, total=0.108286
Validation
   [Val] Epoch: [80][20/90]  Loss:0.176 (Avg 0.1609) IoU:0.692 (Avg 0.7259) Dice:0.8085 (Avg 0.8263) (AvgTime 0.3)   
   [Val] Epoch: [80][40/90]  Loss:0.130 (Avg 0.1642) IoU:0.742 (Avg 0.7169) Dice:0.8440 (Avg 0.8174) (AvgTime 0.2)   
   [Val] Epoch: [80][60/90]  Loss:0.211 (Avg 0.1554) IoU:0.652 (Avg 0.7277) Dice:0.7596 (Avg 0.8242) (AvgTime 0.2)   
   [Val] Epoch: [80][80/90]  Loss:0.154 (Avg 0.1554) IoU:0.713 (Avg 0.7266) Dice:0.8120 (Avg 0.8234) (AvgTime 0.2)   
   [Val] Epoch: [80][90/90]  Loss:0.202 (Avg 0.1563) IoU:0.635 (Avg 0.7271) Dice:0.7617 (Avg 0.8237) (AvgTime 0.2)   
   [Val] Loss components: main_dice=0.147120, main_focal=0.082488, main=0.114804, region_raw=0.323747, region_weighted=0.041541, empty_window_fraction=0.000000, total=0.156345
	 No iou improvement; selected epoch 74
	 early_stopping_count: 6/80
--- Epoch History (1..80) ---
Epoch |  TrainLoss |  TrainDice |  TrainIoU |    ValLoss |    ValDice |    ValIoU |         LR | Best
    1 |     0.3300 |     0.6064 |    0.4771 |     0.2665 |     0.6917 |    0.5661 |   3.00e-04 |     
    2 |     0.2491 |     0.6986 |    0.5752 |     0.2503 |     0.7064 |    0.5831 |   3.00e-04 |     
    3 |     0.2238 |     0.7274 |    0.6082 |     0.2261 |     0.7490 |    0.6315 |   3.00e-04 |     
    4 |     0.2124 |     0.7413 |    0.6243 |     0.1852 |     0.7780 |    0.6672 |   2.99e-04 |     
    5 |     0.2062 |     0.7480 |    0.6318 |     0.1901 |     0.7618 |    0.6483 |   2.98e-04 |     
    6 |     0.2002 |     0.7563 |    0.6416 |     0.1824 |     0.7892 |    0.6820 |   2.97e-04 |     
    7 |     0.1965 |     0.7605 |    0.6471 |     0.1870 |     0.7776 |    0.6673 |   2.96e-04 |     
    8 |     0.1919 |     0.7663 |    0.6535 |     0.1781 |     0.7828 |    0.6722 |   2.94e-04 |     
    9 |     0.1907 |     0.7670 |    0.6549 |     0.1861 |     0.7859 |    0.6771 |   2.92e-04 |     
   10 |     0.1887 |     0.7700 |    0.6581 |     0.1904 |     0.7618 |    0.6500 |   2.91e-04 |     
   11 |     0.1847 |     0.7742 |    0.6630 |     0.1856 |     0.7791 |    0.6667 |   2.88e-04 |     
   12 |     0.1858 |     0.7730 |    0.6619 |     0.1814 |     0.7792 |    0.6699 |   2.86e-04 |     
   13 |     0.1827 |     0.7778 |    0.6673 |     0.1897 |     0.7836 |    0.6741 |   2.83e-04 |     
   14 |     0.1817 |     0.7785 |    0.6690 |     0.1761 |     0.7925 |    0.6846 |   2.80e-04 |     
   15 |     0.1790 |     0.7817 |    0.6727 |     0.1662 |     0.7947 |    0.6887 |   2.77e-04 |     
   16 |     0.1777 |     0.7832 |    0.6748 |     0.1662 |     0.7984 |    0.6933 |   2.74e-04 |     
   17 |     0.1747 |     0.7868 |    0.6787 |     0.1849 |     0.7656 |    0.6528 |   2.71e-04 |     
   18 |     0.1751 |     0.7880 |    0.6794 |     0.1706 |     0.7853 |    0.6776 |   2.67e-04 |     
   19 |     0.1727 |     0.7889 |    0.6813 |     0.1837 |     0.7750 |    0.6655 |   2.63e-04 |     
   20 |     0.1748 |     0.7871 |    0.6790 |     0.1670 |     0.7913 |    0.6862 |   2.59e-04 |     
   21 |     0.1711 |     0.7912 |    0.6837 |     0.1725 |     0.8030 |    0.6988 |   2.55e-04 |     
   22 |     0.1732 |     0.7894 |    0.6818 |     0.1654 |     0.7979 |    0.6947 |   2.51e-04 |     
   23 |     0.1690 |     0.7939 |    0.6878 |     0.1653 |     0.8044 |    0.7012 |   2.46e-04 |     
   24 |     0.1692 |     0.7944 |    0.6884 |     0.1686 |     0.7933 |    0.6847 |   2.42e-04 |     
   25 |     0.1648 |     0.7995 |    0.6940 |     0.1722 |     0.8021 |    0.6982 |   2.37e-04 |     
   26 |     0.1673 |     0.7963 |    0.6902 |     0.1664 |     0.8008 |    0.6962 |   2.32e-04 |     
   27 |     0.1629 |     0.8018 |    0.6970 |     0.1634 |     0.8048 |    0.7008 |   2.27e-04 |     
   28 |     0.1638 |     0.8013 |    0.6962 |     0.1968 |     0.7849 |    0.6766 |   2.22e-04 |     
   29 |     0.1665 |     0.7976 |    0.6924 |     0.1610 |     0.8024 |    0.6985 |   2.17e-04 |     
   30 |     0.1612 |     0.8048 |    0.7005 |     0.1603 |     0.7992 |    0.6949 |   2.11e-04 |     
   31 |     0.1582 |     0.8077 |    0.7041 |     0.1578 |     0.8066 |    0.7026 |   2.06e-04 |     
   32 |     0.1589 |     0.8063 |    0.7028 |     0.1762 |     0.7959 |    0.6925 |   2.00e-04 |     
   33 |     0.1578 |     0.8089 |    0.7056 |     0.1652 |     0.8056 |    0.7026 |   1.94e-04 |     
   34 |     0.1562 |     0.8101 |    0.7078 |     0.1586 |     0.8105 |    0.7098 |   1.89e-04 |     
   35 |     0.1559 |     0.8105 |    0.7081 |     0.1568 |     0.8093 |    0.7075 |   1.83e-04 |     
   36 |     0.1542 |     0.8127 |    0.7110 |     0.1550 |     0.8109 |    0.7091 |   1.77e-04 |     
   37 |     0.1534 |     0.8141 |    0.7124 |     0.1591 |     0.8011 |    0.6973 |   1.71e-04 |     
   38 |     0.1522 |     0.8143 |    0.7129 |     0.1619 |     0.8121 |    0.7118 |   1.65e-04 |     
   39 |     0.1510 |     0.8165 |    0.7157 |     0.1714 |     0.8063 |    0.7036 |   1.59e-04 |     
   40 |     0.1508 |     0.8159 |    0.7151 |     0.1523 |     0.8161 |    0.7173 |   1.53e-04 |     
   41 |     0.1486 |     0.8196 |    0.7188 |     0.2507 |     0.7752 |    0.6614 |   1.48e-04 |     
   42 |     0.1499 |     0.8174 |    0.7165 |     0.1519 |     0.8120 |    0.7104 |   1.42e-04 |     
   43 |     0.1456 |     0.8228 |    0.7232 |     0.1570 |     0.8040 |    0.6995 |   1.36e-04 |     
   44 |     0.1442 |     0.8248 |    0.7254 |     0.1531 |     0.8194 |    0.7199 |   1.30e-04 |     
   45 |     0.1446 |     0.8239 |    0.7247 |     0.1548 |     0.8151 |    0.7141 |   1.24e-04 |     
   46 |     0.1437 |     0.8250 |    0.7259 |     0.1547 |     0.8179 |    0.7182 |   1.18e-04 |     
   47 |     0.1418 |     0.8271 |    0.7291 |     0.1561 |     0.8163 |    0.7159 |   1.12e-04 |     
   48 |     0.1408 |     0.8287 |    0.7309 |     0.1505 |     0.8182 |    0.7195 |   1.07e-04 |     
   49 |     0.1393 |     0.8313 |    0.7338 |     0.1512 |     0.8180 |    0.7193 |   1.01e-04 |     
   50 |     0.1385 |     0.8316 |    0.7343 |     0.1496 |     0.8227 |    0.7242 |   9.54e-05 |     
   51 |     0.1369 |     0.8340 |    0.7374 |     0.1510 |     0.8192 |    0.7206 |   8.99e-05 |     
   52 |     0.1354 |     0.8360 |    0.7400 |     0.1484 |     0.8216 |    0.7227 |   8.45e-05 |     
   53 |     0.1340 |     0.8378 |    0.7421 |     0.1490 |     0.8214 |    0.7235 |   7.92e-05 |     
   54 |     0.1341 |     0.8371 |    0.7420 |     0.1546 |     0.8198 |    0.7215 |   7.40e-05 |     
   55 |     0.1330 |     0.8384 |    0.7432 |     0.1543 |     0.8231 |    0.7254 |   6.90e-05 |     
   56 |     0.1311 |     0.8414 |    0.7470 |     0.1507 |     0.8190 |    0.7204 |   6.41e-05 |     
   57 |     0.1291 |     0.8435 |    0.7496 |     0.1528 |     0.8207 |    0.7228 |   5.93e-05 |     
   58 |     0.1273 |     0.8458 |    0.7526 |     0.1523 |     0.8196 |    0.7218 |   5.47e-05 |     
   59 |     0.1264 |     0.8473 |    0.7545 |     0.1506 |     0.8232 |    0.7250 |   5.02e-05 |     
   60 |     0.1250 |     0.8490 |    0.7564 |     0.1483 |     0.8229 |    0.7255 |   4.58e-05 |     
   61 |     0.1247 |     0.8496 |    0.7574 |     0.1514 |     0.8231 |    0.7260 |   4.17e-05 |     
   62 |     0.1231 |     0.8511 |    0.7596 |     0.1478 |     0.8235 |    0.7258 |   3.77e-05 |     
   63 |     0.1217 |     0.8535 |    0.7625 |     0.1520 |     0.8245 |    0.7274 |   3.39e-05 |     
   64 |     0.1200 |     0.8552 |    0.7648 |     0.1545 |     0.8226 |    0.7250 |   3.03e-05 |     
   65 |     0.1188 |     0.8568 |    0.7669 |     0.1523 |     0.8250 |    0.7285 |   2.68e-05 |     
   66 |     0.1182 |     0.8580 |    0.7684 |     0.1499 |     0.8232 |    0.7259 |   2.36e-05 |     
   67 |     0.1171 |     0.8587 |    0.7695 |     0.1557 |     0.8231 |    0.7262 |   2.05e-05 |     
   68 |     0.1150 |     0.8612 |    0.7726 |     0.1541 |     0.8233 |    0.7266 |   1.77e-05 |     
   69 |     0.1151 |     0.8618 |    0.7734 |     0.1537 |     0.8233 |    0.7262 |   1.51e-05 |     
   70 |     0.1138 |     0.8632 |    0.7754 |     0.1548 |     0.8251 |    0.7288 |   1.27e-05 |     
   71 |     0.1127 |     0.8645 |    0.7772 |     0.1558 |     0.8237 |    0.7270 |   1.05e-05 |     
   72 |     0.1128 |     0.8646 |    0.7771 |     0.1522 |     0.8245 |    0.7279 |   8.50e-06 |     
   73 |     0.1110 |     0.8666 |    0.7798 |     0.1565 |     0.8246 |    0.7281 |   6.76e-06 |     
   74 |     0.1103 |     0.8677 |    0.7814 |     0.1536 |     0.8254 |    0.7292 |   5.24e-06 |    *
   75 |     0.1108 |     0.8670 |    0.7803 |     0.1581 |     0.8243 |    0.7281 |   3.95e-06 |     
   76 |     0.1092 |     0.8688 |    0.7828 |     0.1559 |     0.8252 |    0.7289 |   2.89e-06 |     
   77 |     0.1092 |     0.8687 |    0.7828 |     0.1572 |     0.8237 |    0.7274 |   2.06e-06 |     
   78 |     0.1091 |     0.8694 |    0.7835 |     0.1581 |     0.8236 |    0.7272 |   1.47e-06 |     
   79 |     0.1093 |     0.8690 |    0.7830 |     0.1546 |     0.8242 |    0.7276 |   1.12e-06 |     
   80 |     0.1083 |     0.8706 |    0.7851 |     0.1563 |     0.8237 |    0.7271 |   1.00e-06 |     
--- R2 plus final-map regional overlap: global validation statistics ---
up4: ca=0.8893+/-0.0973, sa=1.0029+/-0.0039, amp=0.0000, suppress=0.0000, guide_abs=0.2498
up4 residuals: local_mean=1.976e-02, global_mean=0.0132, local_strength=0.0735, global_strength=0.1104, gain=[0.9814,1.0169], saturation=0.0000, text_film=0.0048
up4 haar: reconstruction_error=9.537e-07, skip_low/high=0.7815/0.2185, plam_low/high=1.0000/0.0000
up4 strengths: plam=0.9510, region=0.0735, detail=0.1104; residual_std region/detail/refine=0.0225/0.6391/0.6054
up4 guide_mix: entropy=0.9852, raw_low=0.3259, plam_low=0.2537, decoder_low=0.2365, detail=0.1839; agreement plam/decoder=0.9618/0.9923, support=0.4359+/-0.0000
up4 adaptive_frequency: ALPF strength=0.2637, weights=0.1450/0.7188/0.1362, sum=1.0000, entropy=0.7165, delta_std=0.0878; AHPF strength=0.0706, weights=0.3893/0.4464/0.1642, sum=1.0000, entropy=0.9296, residual_std=0.1116, scaled_std=0.0079
up3: ca=1.0238+/-0.1247, sa=1.0077+/-0.0070, amp=0.0000, suppress=0.0000, guide_abs=0.2552
up3 residuals: local_mean=2.463e-02, global_mean=0.0396, local_strength=0.1116, global_strength=0.1240, gain=[0.9677,1.0464], saturation=0.0416, text_film=0.0219
up3 haar: reconstruction_error=1.311e-06, skip_low/high=0.7316/0.2684, plam_low/high=1.0000/0.0000
up3 strengths: plam=0.9054, region=0.1116, detail=0.1240; residual_std region/detail/refine=0.3501/0.6239/0.4893
up3 guide_mix: entropy=0.9873, raw_low=0.3135, plam_low=0.2144, decoder_low=0.2759, detail=0.1962; agreement plam/decoder=0.6694/0.1274, support=0.7834+/-0.1001
up3 adaptive_frequency: ALPF strength=0.3164, weights=0.1191/0.3432/0.5377, sum=1.0000, entropy=0.7369, delta_std=0.0892; AHPF strength=0.1261, weights=0.6350/0.1642/0.2008, sum=1.0000, entropy=0.7150, residual_std=0.1216, scaled_std=0.0153
up2: ca=0.9204+/-0.1012, sa=1.0020+/-0.0064, amp=0.0000, suppress=0.0000, guide_abs=0.3182
up2 residuals: local_mean=-1.456e-02, global_mean=0.0331, local_strength=0.1196, global_strength=0.1124, gain=[0.9300,1.0932], saturation=0.0000, text_film=0.0193
up2 haar: reconstruction_error=1.907e-06, skip_low/high=0.7487/0.2513, plam_low/high=1.0000/0.0000
up2 strengths: plam=0.8122, region=0.1196, detail=0.1124; residual_std region/detail/refine=0.2238/0.4059/0.1255
up2 guide_mix: entropy=0.9650, raw_low=0.3301, plam_low=0.1695, decoder_low=0.3242, detail=0.1762; agreement plam/decoder=0.2871/-0.2370, support=0.5882+/-0.0587
up1: ca=0.8905+/-0.0799, sa=1.0074+/-0.0141, amp=0.0000, suppress=0.0000, guide_abs=0.2219
up1 residuals: local_mean=-9.639e-03, global_mean=0.0898, local_strength=0.1299, global_strength=0.0990, gain=[0.8996,1.0964], saturation=0.0028, text_film=0.0383
up1 haar: reconstruction_error=1.907e-06, skip_low/high=0.7104/0.2896, plam_low/high=1.0000/0.0000
up1 strengths: plam=0.9052, region=0.1299, detail=0.0990; residual_std region/detail/refine=0.3385/0.4554/0.2033
up1 guide_mix: entropy=0.9404, raw_low=0.2662, plam_low=0.2067, decoder_low=0.4027, detail=0.1244; agreement plam/decoder=0.3050/0.1503, support=0.6324+/-0.0870
