[boot] entered __main__, sending Bark start notification...
[boot] Bark call returned, continuing setup...
BetterLViT
Paper experiment C4 / c4_race_pe_control: RACE-PE 80e validation screen: control
Controlled factors: decoder_fusion=fam_eppa_v4b, RACE=False, LoRA=False, loss=dice_focal, seed=3407
Local runtime: batch_size=16, train_drop_last=True, deterministic=True, MIOpen=True, MIOPEN_FIND_MODE=unset
transformer head num: 4
transformer layers num: 4
transformer expand ratio: 4
total params: 149254103 (149.25M)
trainable params: 39624605 (39.62M, 26.55%)
Objective: dice_focal (boundary_weight=0.0)
Optimizer groups: decay=172 tensors, no_decay=324 tensors; EPPA residual gates are protected from L2 decay
log dir: 

========= Epoch [1/80] =========
C4_Test_session_09.09_15h44
Training with batch size : 16
   [Train] Epoch: [1][20/357]  Loss:0.360 (Avg 0.3702) IoU:0.321 (Avg 0.2871) Dice:0.4521 (Avg 0.4098) LR 3.00e-04   (AvgTime 0.6)   
   [Train] Epoch: [1][40/357]  Loss:0.309 (Avg 0.3448) IoU:0.378 (Avg 0.3253) Dice:0.5142 (Avg 0.4504) LR 3.00e-04   (AvgTime 0.6)   
   [Train] Epoch: [1][60/357]  Loss:0.348 (Avg 0.3277) IoU:0.289 (Avg 0.3503) Dice:0.4109 (Avg 0.4773) LR 3.00e-04   (AvgTime 0.6)   
   [Train] Epoch: [1][80/357]  Loss:0.251 (Avg 0.3116) IoU:0.455 (Avg 0.3742) Dice:0.6068 (Avg 0.5030) LR 3.00e-04   (AvgTime 0.6)   
   [Train] Epoch: [1][100/357]  Loss:0.245 (Avg 0.3006) IoU:0.462 (Avg 0.3899) Dice:0.6067 (Avg 0.5193) LR 3.00e-04   (AvgTime 0.6)   
   [Train] Epoch: [1][120/357]  Loss:0.243 (Avg 0.2944) IoU:0.469 (Avg 0.3984) Dice:0.6086 (Avg 0.5285) LR 3.00e-04   (AvgTime 0.6)   
   [Train] Epoch: [1][140/357]  Loss:0.264 (Avg 0.2854) IoU:0.432 (Avg 0.4117) Dice:0.5624 (Avg 0.5418) LR 3.00e-04   (AvgTime 0.6)   
   [Train] Epoch: [1][160/357]  Loss:0.223 (Avg 0.2771) IoU:0.515 (Avg 0.4243) Dice:0.6413 (Avg 0.5547) LR 3.00e-04   (AvgTime 0.6)   
   [Train] Epoch: [1][180/357]  Loss:0.230 (Avg 0.2722) IoU:0.490 (Avg 0.4304) Dice:0.6220 (Avg 0.5609) LR 3.00e-04   (AvgTime 0.6)   
   [Train] Epoch: [1][200/357]  Loss:0.223 (Avg 0.2672) IoU:0.467 (Avg 0.4366) Dice:0.6168 (Avg 0.5674) LR 3.00e-04   (AvgTime 0.5)   
   [Train] Epoch: [1][220/357]  Loss:0.195 (Avg 0.2630) IoU:0.556 (Avg 0.4418) Dice:0.6943 (Avg 0.5725) LR 3.00e-04   (AvgTime 0.5)   
   [Train] Epoch: [1][240/357]  Loss:0.311 (Avg 0.2590) IoU:0.328 (Avg 0.4469) Dice:0.4642 (Avg 0.5778) LR 3.00e-04   (AvgTime 0.5)   
   [Train] Epoch: [1][260/357]  Loss:0.212 (Avg 0.2548) IoU:0.494 (Avg 0.4531) Dice:0.6353 (Avg 0.5838) LR 3.00e-04   (AvgTime 0.5)   
   [Train] Epoch: [1][280/357]  Loss:0.185 (Avg 0.2504) IoU:0.518 (Avg 0.4597) Dice:0.6551 (Avg 0.5900) LR 3.00e-04   (AvgTime 0.5)   
   [Train] Epoch: [1][300/357]  Loss:0.248 (Avg 0.2463) IoU:0.434 (Avg 0.4657) Dice:0.5619 (Avg 0.5958) LR 3.00e-04   (AvgTime 0.5)   
   [Train] Epoch: [1][320/357]  Loss:0.163 (Avg 0.2432) IoU:0.581 (Avg 0.4702) Dice:0.7133 (Avg 0.6001) LR 3.00e-04   (AvgTime 0.5)   
   [Train] Epoch: [1][340/357]  Loss:0.243 (Avg 0.2398) IoU:0.415 (Avg 0.4751) Dice:0.5601 (Avg 0.6048) LR 3.00e-04   (AvgTime 0.5)   
   [Train] Epoch: [1][357/357]  Loss:0.221 (Avg 0.2379) IoU:0.498 (Avg 0.4776) Dice:0.6262 (Avg 0.6073) LR 3.00e-04   (AvgTime 0.5)   
   [Train] Loss components: dice=0.392171, focal=0.083651, total=0.237911
Validation
[ WARN:0@208.370] global loadsave.cpp:848 imwrite_ Unsupported depth image for selected encoder is fallbacked to CV_8U.
   [Val] Epoch: [1][20/90]  Loss:0.212 (Avg 0.1877) IoU:0.508 (Avg 0.5791) Dice:0.6383 (Avg 0.7037) (AvgTime 0.3)   
   [Val] Epoch: [1][40/90]  Loss:0.232 (Avg 0.1952) IoU:0.471 (Avg 0.5614) Dice:0.6096 (Avg 0.6852) (AvgTime 0.3)   
   [Val] Epoch: [1][60/90]  Loss:0.252 (Avg 0.1902) IoU:0.480 (Avg 0.5707) Dice:0.6133 (Avg 0.6935) (AvgTime 0.3)   
   [Val] Epoch: [1][80/90]  Loss:0.182 (Avg 0.1922) IoU:0.564 (Avg 0.5660) Dice:0.6939 (Avg 0.6890) (AvgTime 0.3)   
   [Val] Epoch: [1][90/90]  Loss:0.243 (Avg 0.1928) IoU:0.457 (Avg 0.5656) Dice:0.5950 (Avg 0.6881) (AvgTime 0.3)   
   [Val] Loss components: dice=0.289212, focal=0.096396, total=0.192804
	 No iou improvement; selected epoch 1
	 early_stopping_count: 0/80
--- Epoch History (1..1) ---
Epoch |  TrainLoss |  TrainDice |  TrainIoU |    ValLoss |    ValDice |    ValIoU |         LR | Best
    1 |     0.2379 |     0.6073 |    0.4776 |     0.1928 |     0.6881 |    0.5656 |   3.00e-04 |    *
--- RACE-PE 80e validation screen: control validation statistics ---
up4: ca=0.9363+/-0.0986, sa=0.9996+/-0.0059, amp=0.0000, suppress=0.0000, guide_abs=0.4369
up4 residuals: local_mean=-4.853e-03, global_mean=0.0009, local_strength=0.1017, global_strength=0.1003, gain=[0.9774,1.0237], saturation=0.0000, text_film=0.0100
up4 haar: reconstruction_error=5.960e-07, skip_low/high=0.8168/0.1832, plam_low/high=1.0000/0.0000
up4 strengths: plam=0.9970, region=0.1017, detail=0.1003; residual_std region/detail/refine=0.0764/0.3267/0.0349
up4 guide_mix: entropy=0.9714, raw_low=0.2876, plam_low=0.2905, decoder_low=0.2861, detail=0.1358; agreement plam/decoder=0.2928/0.3962, support=0.5805+/-0.0235
up4 adaptive_frequency: ALPF strength=0.2053, weights=0.2552/0.5546/0.1902, sum=1.0000, entropy=0.8673, delta_std=0.1235; AHPF strength=0.0817, weights=0.2922/0.4683/0.2394, sum=1.0000, entropy=0.9266, residual_std=0.1741, scaled_std=0.0142
up3: ca=0.9427+/-0.1606, sa=0.9973+/-0.0125, amp=0.0000, suppress=0.0000, guide_abs=0.4139
up3 residuals: local_mean=-2.595e-02, global_mean=-0.0014, local_strength=0.1034, global_strength=0.1029, gain=[0.9112,1.0373], saturation=0.0122, text_film=0.0804
up3 haar: reconstruction_error=7.153e-07, skip_low/high=0.8371/0.1629, plam_low/high=1.0000/0.0000
up3 strengths: plam=0.9951, region=0.1034, detail=0.1029; residual_std region/detail/refine=0.3573/0.3434/0.0532
up3 guide_mix: entropy=0.9674, raw_low=0.3151, plam_low=0.2841, decoder_low=0.2699, detail=0.1310; agreement plam/decoder=0.7074/0.2393, support=0.6784+/-0.0808
up3 adaptive_frequency: ALPF strength=0.2044, weights=0.3024/0.5677/0.1299, sum=1.0000, entropy=0.8442, delta_std=0.0548; AHPF strength=0.0840, weights=0.2656/0.4331/0.3013, sum=1.0000, entropy=0.9131, residual_std=0.1680, scaled_std=0.0141
up2: ca=0.9325+/-0.1621, sa=0.9987+/-0.0047, amp=0.0000, suppress=0.0000, guide_abs=0.4203
up2 residuals: local_mean=-2.516e-03, global_mean=-0.0107, local_strength=0.1036, global_strength=0.1007, gain=[0.9655,1.0285], saturation=0.0000, text_film=0.0569
up2 haar: reconstruction_error=9.537e-07, skip_low/high=0.8817/0.1183, plam_low/high=1.0000/0.0000
up2 strengths: plam=0.9932, region=0.1036, detail=0.1007; residual_std region/detail/refine=0.0902/0.2446/0.0634
up2 guide_mix: entropy=0.9402, raw_low=0.3225, plam_low=0.3157, decoder_low=0.2684, detail=0.0934; agreement plam/decoder=0.7547/-0.2305, support=0.5394+/-0.0259
up1: ca=0.9253+/-0.1465, sa=0.9977+/-0.0103, amp=0.0000, suppress=0.0000, guide_abs=0.3737
up1 residuals: local_mean=-9.712e-03, global_mean=-0.0140, local_strength=0.1053, global_strength=0.0996, gain=[0.9104,1.0775], saturation=0.0000, text_film=0.0209
up1 haar: reconstruction_error=1.907e-06, skip_low/high=0.8535/0.1465, plam_low/high=1.0000/0.0000
up1 strengths: plam=0.9918, region=0.1053, detail=0.0996; residual_std region/detail/refine=0.0891/0.2654/0.0709
up1 guide_mix: entropy=0.9129, raw_low=0.3210, plam_low=0.3446, decoder_low=0.2675, detail=0.0669; agreement plam/decoder=-0.0096/0.0451, support=0.5155+/-0.0185

========= Epoch [2/80] =========
C4_Test_session_09.09_15h44
Training with batch size : 16
   [Train] Epoch: [2][20/357]  Loss:0.172 (Avg 0.1844) IoU:0.582 (Avg 0.5510) Dice:0.7112 (Avg 0.6798) LR 2.95e-04   (AvgTime 0.6)   
   [Train] Epoch: [2][40/357]  Loss:0.187 (Avg 0.1913) IoU:0.548 (Avg 0.5431) Dice:0.6785 (Avg 0.6722) LR 2.95e-04   (AvgTime 0.6)   
   [Train] Epoch: [2][60/357]  Loss:0.238 (Avg 0.1937) IoU:0.444 (Avg 0.5371) Dice:0.5664 (Avg 0.6660) LR 2.95e-04   (AvgTime 0.6)   
   [Train] Epoch: [2][80/357]  Loss:0.158 (Avg 0.1893) IoU:0.580 (Avg 0.5449) Dice:0.7090 (Avg 0.6732) LR 2.95e-04   (AvgTime 0.5)   
   [Train] Epoch: [2][100/357]  Loss:0.188 (Avg 0.1875) IoU:0.543 (Avg 0.5493) Dice:0.6721 (Avg 0.6763) LR 2.95e-04   (AvgTime 0.5)   
   [Train] Epoch: [2][120/357]  Loss:0.170 (Avg 0.1875) IoU:0.604 (Avg 0.5494) Dice:0.7227 (Avg 0.6761) LR 2.95e-04   (AvgTime 0.5)   
   [Train] Epoch: [2][140/357]  Loss:0.207 (Avg 0.1861) IoU:0.552 (Avg 0.5516) Dice:0.6697 (Avg 0.6782) LR 2.95e-04   (AvgTime 0.5)   
   [Train] Epoch: [2][160/357]  Loss:0.171 (Avg 0.1856) IoU:0.593 (Avg 0.5528) Dice:0.7137 (Avg 0.6795) LR 2.95e-04   (AvgTime 0.5)   
   [Train] Epoch: [2][180/357]  Loss:0.128 (Avg 0.1843) IoU:0.671 (Avg 0.5554) Dice:0.7862 (Avg 0.6820) LR 2.95e-04   (AvgTime 0.5)   
   [Train] Epoch: [2][200/357]  Loss:0.154 (Avg 0.1820) IoU:0.619 (Avg 0.5595) Dice:0.7293 (Avg 0.6858) LR 2.95e-04   (AvgTime 0.5)   
   [Train] Epoch: [2][220/357]  Loss:0.197 (Avg 0.1807) IoU:0.526 (Avg 0.5614) Dice:0.6746 (Avg 0.6874) LR 2.95e-04   (AvgTime 0.5)   
   [Train] Epoch: [2][240/357]  Loss:0.132 (Avg 0.1787) IoU:0.651 (Avg 0.5656) Dice:0.7677 (Avg 0.6913) LR 2.95e-04   (AvgTime 0.5)   
   [Train] Epoch: [2][260/357]  Loss:0.160 (Avg 0.1781) IoU:0.587 (Avg 0.5665) Dice:0.7076 (Avg 0.6919) LR 2.95e-04   (AvgTime 0.5)   
   [Train] Epoch: [2][280/357]  Loss:0.148 (Avg 0.1764) IoU:0.613 (Avg 0.5699) Dice:0.7466 (Avg 0.6947) LR 2.95e-04   (AvgTime 0.5)   
   [Train] Epoch: [2][300/357]  Loss:0.127 (Avg 0.1760) IoU:0.645 (Avg 0.5704) Dice:0.7757 (Avg 0.6951) LR 2.95e-04   (AvgTime 0.5)   
   [Train] Epoch: [2][320/357]  Loss:0.189 (Avg 0.1750) IoU:0.509 (Avg 0.5723) Dice:0.6390 (Avg 0.6967) LR 2.95e-04   (AvgTime 0.5)   
   [Train] Epoch: [2][340/357]  Loss:0.162 (Avg 0.1743) IoU:0.565 (Avg 0.5737) Dice:0.7044 (Avg 0.6977) LR 2.95e-04   (AvgTime 0.5)   
   [Train] Epoch: [2][357/357]  Loss:0.152 (Avg 0.1735) IoU:0.608 (Avg 0.5754) Dice:0.7239 (Avg 0.6993) LR 2.95e-04   (AvgTime 0.5)   
   [Train] Loss components: dice=0.276563, focal=0.070452, total=0.173507
Validation
   [Val] Epoch: [2][20/90]  Loss:0.193 (Avg 0.1747) IoU:0.516 (Avg 0.5875) Dice:0.6537 (Avg 0.7103) (AvgTime 0.2)   
   [Val] Epoch: [2][40/90]  Loss:0.201 (Avg 0.1837) IoU:0.480 (Avg 0.5697) Dice:0.6265 (Avg 0.6921) (AvgTime 0.2)   
   [Val] Epoch: [2][60/90]  Loss:0.192 (Avg 0.1753) IoU:0.548 (Avg 0.5776) Dice:0.6706 (Avg 0.6988) (AvgTime 0.2)   
   [Val] Epoch: [2][80/90]  Loss:0.189 (Avg 0.1775) IoU:0.534 (Avg 0.5684) Dice:0.6660 (Avg 0.6919) (AvgTime 0.2)   
   [Val] Epoch: [2][90/90]  Loss:0.220 (Avg 0.1794) IoU:0.502 (Avg 0.5646) Dice:0.6443 (Avg 0.6884) (AvgTime 0.2)   
   [Val] Loss components: dice=0.274693, focal=0.084107, total=0.179400
	 No iou improvement; selected epoch 1
	 early_stopping_count: 1/80
--- Epoch History (1..2) ---
Epoch |  TrainLoss |  TrainDice |  TrainIoU |    ValLoss |    ValDice |    ValIoU |         LR | Best
    1 |     0.2379 |     0.6073 |    0.4776 |     0.1928 |     0.6881 |    0.5656 |   3.00e-04 |    *
    2 |     0.1735 |     0.6993 |    0.5754 |     0.1794 |     0.6884 |    0.5646 |   2.95e-04 |     
--- RACE-PE 80e validation screen: control validation statistics ---
up4: ca=0.9309+/-0.1222, sa=0.9966+/-0.0079, amp=0.0000, suppress=0.0000, guide_abs=0.3986
up4 residuals: local_mean=-1.466e-02, global_mean=-0.0192, local_strength=0.1038, global_strength=0.0992, gain=[0.9614,1.0246], saturation=0.0000, text_film=0.0252
up4 haar: reconstruction_error=9.537e-07, skip_low/high=0.8283/0.1717, plam_low/high=1.0000/0.0000
up4 strengths: plam=0.9945, region=0.1038, detail=0.0992; residual_std region/detail/refine=0.2064/0.3686/0.0589
up4 guide_mix: entropy=0.9725, raw_low=0.3115, plam_low=0.2589, decoder_low=0.2883, detail=0.1412; agreement plam/decoder=-0.2296/0.3058, support=0.6230+/-0.0525
up4 adaptive_frequency: ALPF strength=0.2084, weights=0.2701/0.4944/0.2356, sum=1.0000, entropy=0.8903, delta_std=0.1385; AHPF strength=0.0828, weights=0.2830/0.4860/0.2311, sum=1.0000, entropy=0.9351, residual_std=0.1900, scaled_std=0.0157
up3: ca=0.9671+/-0.1846, sa=0.9949+/-0.0156, amp=0.0000, suppress=0.0000, guide_abs=0.3811
up3 residuals: local_mean=-3.552e-02, global_mean=-0.0155, local_strength=0.1055, global_strength=0.1045, gain=[0.9118,1.0537], saturation=0.0036, text_film=0.0514
up3 haar: reconstruction_error=9.537e-07, skip_low/high=0.8294/0.1706, plam_low/high=1.0000/0.0000
up3 strengths: plam=0.9902, region=0.1055, detail=0.1045; residual_std region/detail/refine=0.4251/0.3653/0.0934
up3 guide_mix: entropy=0.9669, raw_low=0.3062, plam_low=0.2601, decoder_low=0.3030, detail=0.1307; agreement plam/decoder=0.7173/0.2518, support=0.6288+/-0.0849
up3 adaptive_frequency: ALPF strength=0.2071, weights=0.2405/0.6315/0.1280, sum=1.0000, entropy=0.8104, delta_std=0.0847; AHPF strength=0.0864, weights=0.2330/0.4076/0.3594, sum=1.0000, entropy=0.9177, residual_std=0.2038, scaled_std=0.0176
up2: ca=0.9271+/-0.1538, sa=0.9984+/-0.0053, amp=0.0000, suppress=0.0000, guide_abs=0.3271
up2 residuals: local_mean=-8.168e-03, global_mean=-0.0074, local_strength=0.1069, global_strength=0.1020, gain=[0.9534,1.0372], saturation=0.0000, text_film=0.0250
up2 haar: reconstruction_error=9.537e-07, skip_low/high=0.8621/0.1379, plam_low/high=1.0000/0.0000
up2 strengths: plam=0.9891, region=0.1069, detail=0.1020; residual_std region/detail/refine=0.1609/0.2571/0.0575
up2 guide_mix: entropy=0.9450, raw_low=0.2987, plam_low=0.3075, decoder_low=0.2971, detail=0.0967; agreement plam/decoder=0.8095/-0.0766, support=0.5557+/-0.0325
up1: ca=0.9225+/-0.1491, sa=0.9962+/-0.0134, amp=0.0000, suppress=0.0000, guide_abs=0.3425
up1 residuals: local_mean=-2.504e-02, global_mean=-0.0122, local_strength=0.1101, global_strength=0.0998, gain=[0.9032,1.0843], saturation=0.0000, text_film=0.0380
up1 haar: reconstruction_error=1.431e-06, skip_low/high=0.7958/0.2042, plam_low/high=1.0000/0.0000
up1 strengths: plam=0.9855, region=0.1101, detail=0.0998; residual_std region/detail/refine=0.2292/0.3145/0.0645
up1 guide_mix: entropy=0.9163, raw_low=0.2618, plam_low=0.3585, decoder_low=0.3080, detail=0.0717; agreement plam/decoder=0.7625/-0.1430, support=0.5530+/-0.0629

========= Epoch [3/80] =========
C4_Test_session_09.09_15h44
Training with batch size : 16
   [Train] Epoch: [3][20/357]  Loss:0.198 (Avg 0.1674) IoU:0.527 (Avg 0.5822) Dice:0.6525 (Avg 0.7064) LR 2.81e-04   (AvgTime 0.6)   
   [Train] Epoch: [3][40/357]  Loss:0.132 (Avg 0.1615) IoU:0.642 (Avg 0.5960) Dice:0.7648 (Avg 0.7181) LR 2.81e-04   (AvgTime 0.5)   
   [Train] Epoch: [3][60/357]  Loss:0.199 (Avg 0.1619) IoU:0.515 (Avg 0.5930) Dice:0.6551 (Avg 0.7143) LR 2.81e-04   (AvgTime 0.5)   
   [Train] Epoch: [3][80/357]  Loss:0.136 (Avg 0.1589) IoU:0.630 (Avg 0.5993) Dice:0.7575 (Avg 0.7213) LR 2.81e-04   (AvgTime 0.5)   
   [Train] Epoch: [3][100/357]  Loss:0.182 (Avg 0.1615) IoU:0.509 (Avg 0.5935) Dice:0.6483 (Avg 0.7161) LR 2.81e-04   (AvgTime 0.5)   
   [Train] Epoch: [3][120/357]  Loss:0.109 (Avg 0.1625) IoU:0.677 (Avg 0.5919) Dice:0.7886 (Avg 0.7142) LR 2.81e-04   (AvgTime 0.5)   
   [Train] Epoch: [3][140/357]  Loss:0.161 (Avg 0.1603) IoU:0.582 (Avg 0.5969) Dice:0.7144 (Avg 0.7186) LR 2.81e-04   (AvgTime 0.5)   
   [Train] Epoch: [3][160/357]  Loss:0.155 (Avg 0.1590) IoU:0.565 (Avg 0.6001) Dice:0.7029 (Avg 0.7211) LR 2.81e-04   (AvgTime 0.5)   
   [Train] Epoch: [3][180/357]  Loss:0.138 (Avg 0.1582) IoU:0.617 (Avg 0.6020) Dice:0.7429 (Avg 0.7225) LR 2.81e-04   (AvgTime 0.5)   
   [Train] Epoch: [3][200/357]  Loss:0.184 (Avg 0.1593) IoU:0.511 (Avg 0.6009) Dice:0.6429 (Avg 0.7210) LR 2.81e-04   (AvgTime 0.5)   
   [Train] Epoch: [3][220/357]  Loss:0.217 (Avg 0.1591) IoU:0.513 (Avg 0.6017) Dice:0.6420 (Avg 0.7217) LR 2.81e-04   (AvgTime 0.5)   
   [Train] Epoch: [3][240/357]  Loss:0.183 (Avg 0.1594) IoU:0.600 (Avg 0.6008) Dice:0.7171 (Avg 0.7213) LR 2.81e-04   (AvgTime 0.5)   
   [Train] Epoch: [3][260/357]  Loss:0.161 (Avg 0.1599) IoU:0.597 (Avg 0.5991) Dice:0.7252 (Avg 0.7199) LR 2.81e-04   (AvgTime 0.5)   
   [Train] Epoch: [3][280/357]  Loss:0.120 (Avg 0.1583) IoU:0.692 (Avg 0.6027) Dice:0.8064 (Avg 0.7228) LR 2.81e-04   (AvgTime 0.5)   
   [Train] Epoch: [3][300/357]  Loss:0.147 (Avg 0.1567) IoU:0.616 (Avg 0.6056) Dice:0.7514 (Avg 0.7255) LR 2.81e-04   (AvgTime 0.5)   
   [Train] Epoch: [3][320/357]  Loss:0.174 (Avg 0.1558) IoU:0.545 (Avg 0.6074) Dice:0.6787 (Avg 0.7271) LR 2.81e-04   (AvgTime 0.5)   
   [Train] Epoch: [3][340/357]  Loss:0.160 (Avg 0.1558) IoU:0.605 (Avg 0.6069) Dice:0.7011 (Avg 0.7266) LR 2.81e-04   (AvgTime 0.5)   
   [Train] Epoch: [3][357/357]  Loss:0.162 (Avg 0.1551) IoU:0.561 (Avg 0.6080) Dice:0.6959 (Avg 0.7275) LR 2.81e-04   (AvgTime 0.5)   
   [Train] Loss components: dice=0.245975, focal=0.064314, total=0.155145
Validation
   [Val] Epoch: [3][20/90]  Loss:0.147 (Avg 0.1417) IoU:0.635 (Avg 0.6530) Dice:0.7587 (Avg 0.7698) (AvgTime 0.2)   
   [Val] Epoch: [3][40/90]  Loss:0.159 (Avg 0.1473) IoU:0.576 (Avg 0.6374) Dice:0.7055 (Avg 0.7534) (AvgTime 0.2)   
   [Val] Epoch: [3][60/90]  Loss:0.158 (Avg 0.1399) IoU:0.609 (Avg 0.6449) Dice:0.7264 (Avg 0.7589) (AvgTime 0.2)   
   [Val] Epoch: [3][80/90]  Loss:0.140 (Avg 0.1418) IoU:0.643 (Avg 0.6397) Dice:0.7604 (Avg 0.7551) (AvgTime 0.2)   
   [Val] Epoch: [3][90/90]  Loss:0.251 (Avg 0.1434) IoU:0.470 (Avg 0.6362) Dice:0.5935 (Avg 0.7519) (AvgTime 0.2)   
   [Val] Loss components: dice=0.216620, focal=0.070168, total=0.143394
	 No iou improvement; selected epoch 1
	 early_stopping_count: 2/80
--- Epoch History (1..3) ---
Epoch |  TrainLoss |  TrainDice |  TrainIoU |    ValLoss |    ValDice |    ValIoU |         LR | Best
    1 |     0.2379 |     0.6073 |    0.4776 |     0.1928 |     0.6881 |    0.5656 |   3.00e-04 |    *
    2 |     0.1735 |     0.6993 |    0.5754 |     0.1794 |     0.6884 |    0.5646 |   2.95e-04 |     
    3 |     0.1551 |     0.7275 |    0.6080 |     0.1434 |     0.7519 |    0.6362 |   2.81e-04 |     
--- RACE-PE 80e validation screen: control validation statistics ---
up4: ca=0.9222+/-0.1293, sa=0.9979+/-0.0093, amp=0.0000, suppress=0.0000, guide_abs=0.3717
up4 residuals: local_mean=-1.490e-02, global_mean=-0.0068, local_strength=0.1047, global_strength=0.0983, gain=[0.9404,1.0272], saturation=0.0000, text_film=0.0139
up4 haar: reconstruction_error=9.537e-07, skip_low/high=0.8014/0.1986, plam_low/high=1.0000/0.0000
up4 strengths: plam=0.9915, region=0.1047, detail=0.0983; residual_std region/detail/refine=0.2578/0.4340/0.0739
up4 guide_mix: entropy=0.9764, raw_low=0.3047, plam_low=0.2420, decoder_low=0.3008, detail=0.1524; agreement plam/decoder=0.5388/0.5406, support=0.7267+/-0.0676
up4 adaptive_frequency: ALPF strength=0.2101, weights=0.2152/0.6163/0.1684, sum=1.0000, entropy=0.8421, delta_std=0.1564; AHPF strength=0.0828, weights=0.2902/0.5043/0.2056, sum=1.0000, entropy=0.9262, residual_std=0.2004, scaled_std=0.0166
up3: ca=0.9756+/-0.1733, sa=0.9950+/-0.0162, amp=0.0000, suppress=0.0000, guide_abs=0.3653
up3 residuals: local_mean=-3.778e-02, global_mean=-0.0111, local_strength=0.1063, global_strength=0.1055, gain=[0.9056,1.0649], saturation=0.0145, text_film=0.0350
up3 haar: reconstruction_error=9.537e-07, skip_low/high=0.8067/0.1933, plam_low/high=1.0000/0.0000
up3 strengths: plam=0.9868, region=0.1063, detail=0.1055; residual_std region/detail/refine=0.4553/0.4134/0.1338
up3 guide_mix: entropy=0.9737, raw_low=0.3045, plam_low=0.2685, decoder_low=0.2852, detail=0.1418; agreement plam/decoder=0.6358/0.0692, support=0.6975+/-0.1021
up3 adaptive_frequency: ALPF strength=0.2090, weights=0.2236/0.6457/0.1307, sum=1.0000, entropy=0.7974, delta_std=0.0821; AHPF strength=0.0878, weights=0.3376/0.3866/0.2758, sum=1.0000, entropy=0.9322, residual_std=0.1845, scaled_std=0.0162
up2: ca=0.9340+/-0.1459, sa=0.9991+/-0.0059, amp=0.0000, suppress=0.0000, guide_abs=0.3211
up2 residuals: local_mean=-9.145e-03, global_mean=0.0006, local_strength=0.1077, global_strength=0.1029, gain=[0.9510,1.0410], saturation=0.0000, text_film=0.0173
up2 haar: reconstruction_error=9.537e-07, skip_low/high=0.8455/0.1545, plam_low/high=1.0000/0.0000
up2 strengths: plam=0.9855, region=0.1077, detail=0.1029; residual_std region/detail/refine=0.1828/0.2708/0.0675
up2 guide_mix: entropy=0.9520, raw_low=0.3021, plam_low=0.3200, decoder_low=0.2701, detail=0.1077; agreement plam/decoder=0.6451/-0.1078, support=0.5685+/-0.0457
up1: ca=0.9260+/-0.1401, sa=0.9963+/-0.0145, amp=0.0000, suppress=0.0000, guide_abs=0.2916
up1 residuals: local_mean=-2.574e-02, global_mean=-0.0105, local_strength=0.1114, global_strength=0.1000, gain=[0.9044,1.0880], saturation=0.0000, text_film=0.0244
up1 haar: reconstruction_error=1.431e-06, skip_low/high=0.8020/0.1980, plam_low/high=1.0000/0.0000
up1 strengths: plam=0.9810, region=0.1114, detail=0.1000; residual_std region/detail/refine=0.2837/0.3285/0.0573
up1 guide_mix: entropy=0.9294, raw_low=0.3020, plam_low=0.3450, decoder_low=0.2704, detail=0.0826; agreement plam/decoder=0.6702/-0.1400, support=0.5496+/-0.0626

========= Epoch [4/80] =========
C4_Test_session_09.09_15h44
Training with batch size : 16
   [Train] Epoch: [4][20/357]  Loss:0.159 (Avg 0.1566) IoU:0.579 (Avg 0.5991) Dice:0.7137 (Avg 0.7189) LR 2.59e-04   (AvgTime 0.6)   
   [Train] Epoch: [4][40/357]  Loss:0.127 (Avg 0.1553) IoU:0.682 (Avg 0.6051) Dice:0.7943 (Avg 0.7225) LR 2.59e-04   (AvgTime 0.6)   
   [Train] Epoch: [4][60/357]  Loss:0.153 (Avg 0.1524) IoU:0.616 (Avg 0.6083) Dice:0.7198 (Avg 0.7268) LR 2.59e-04   (AvgTime 0.5)   
   [Train] Epoch: [4][80/357]  Loss:0.141 (Avg 0.1494) IoU:0.621 (Avg 0.6150) Dice:0.7389 (Avg 0.7333) LR 2.59e-04   (AvgTime 0.5)   
   [Train] Epoch: [4][100/357]  Loss:0.155 (Avg 0.1487) IoU:0.606 (Avg 0.6183) Dice:0.7355 (Avg 0.7357) LR 2.59e-04   (AvgTime 0.5)   
   [Train] Epoch: [4][120/357]  Loss:0.159 (Avg 0.1468) IoU:0.624 (Avg 0.6220) Dice:0.7398 (Avg 0.7396) LR 2.59e-04   (AvgTime 0.5)   
   [Train] Epoch: [4][140/357]  Loss:0.194 (Avg 0.1466) IoU:0.547 (Avg 0.6224) Dice:0.6654 (Avg 0.7400) LR 2.59e-04   (AvgTime 0.5)   
   [Train] Epoch: [4][160/357]  Loss:0.123 (Avg 0.1465) IoU:0.699 (Avg 0.6230) Dice:0.8118 (Avg 0.7405) LR 2.59e-04   (AvgTime 0.5)   
   [Train] Epoch: [4][180/357]  Loss:0.168 (Avg 0.1463) IoU:0.588 (Avg 0.6236) Dice:0.6966 (Avg 0.7407) LR 2.59e-04   (AvgTime 0.5)   
   [Train] Epoch: [4][200/357]  Loss:0.120 (Avg 0.1454) IoU:0.665 (Avg 0.6247) Dice:0.7857 (Avg 0.7419) LR 2.59e-04   (AvgTime 0.5)   
   [Train] Epoch: [4][220/357]  Loss:0.163 (Avg 0.1453) IoU:0.574 (Avg 0.6251) Dice:0.7081 (Avg 0.7423) LR 2.59e-04   (AvgTime 0.5)   
   [Train] Epoch: [4][240/357]  Loss:0.138 (Avg 0.1439) IoU:0.606 (Avg 0.6274) Dice:0.7403 (Avg 0.7444) LR 2.59e-04   (AvgTime 0.5)   
   [Train] Epoch: [4][260/357]  Loss:0.120 (Avg 0.1433) IoU:0.661 (Avg 0.6287) Dice:0.7816 (Avg 0.7454) LR 2.59e-04   (AvgTime 0.5)   
   [Train] Epoch: [4][280/357]  Loss:0.140 (Avg 0.1436) IoU:0.613 (Avg 0.6279) Dice:0.7451 (Avg 0.7449) LR 2.59e-04   (AvgTime 0.5)   
   [Train] Epoch: [4][300/357]  Loss:0.146 (Avg 0.1441) IoU:0.620 (Avg 0.6269) Dice:0.7406 (Avg 0.7441) LR 2.59e-04   (AvgTime 0.5)   
   [Train] Epoch: [4][320/357]  Loss:0.182 (Avg 0.1439) IoU:0.592 (Avg 0.6272) Dice:0.7155 (Avg 0.7442) LR 2.59e-04   (AvgTime 0.5)   
   [Train] Epoch: [4][340/357]  Loss:0.139 (Avg 0.1437) IoU:0.663 (Avg 0.6278) Dice:0.7658 (Avg 0.7447) LR 2.59e-04   (AvgTime 0.5)   
   [Train] Epoch: [4][357/357]  Loss:0.122 (Avg 0.1433) IoU:0.652 (Avg 0.6288) Dice:0.7634 (Avg 0.7455) LR 2.59e-04   (AvgTime 0.5)   
   [Train] Loss components: dice=0.227149, focal=0.059407, total=0.143278
Validation
   [Val] Epoch: [4][20/90]  Loss:0.147 (Avg 0.1233) IoU:0.643 (Avg 0.6801) Dice:0.7647 (Avg 0.7912) (AvgTime 0.2)   
   [Val] Epoch: [4][40/90]  Loss:0.128 (Avg 0.1309) IoU:0.637 (Avg 0.6618) Dice:0.7582 (Avg 0.7735) (AvgTime 0.2)   
   [Val] Epoch: [4][60/90]  Loss:0.156 (Avg 0.1249) IoU:0.618 (Avg 0.6702) Dice:0.7346 (Avg 0.7798) (AvgTime 0.2)   
   [Val] Epoch: [4][80/90]  Loss:0.104 (Avg 0.1245) IoU:0.710 (Avg 0.6683) Dice:0.8170 (Avg 0.7786) (AvgTime 0.2)   
   [Val] Epoch: [4][90/90]  Loss:0.146 (Avg 0.1249) IoU:0.590 (Avg 0.6670) Dice:0.7267 (Avg 0.7776) (AvgTime 0.2)   
   [Val] Loss components: dice=0.198252, focal=0.051585, total=0.124919
	 No iou improvement; selected epoch 1
	 early_stopping_count: 3/80
--- Epoch History (1..4) ---
Epoch |  TrainLoss |  TrainDice |  TrainIoU |    ValLoss |    ValDice |    ValIoU |         LR | Best
    1 |     0.2379 |     0.6073 |    0.4776 |     0.1928 |     0.6881 |    0.5656 |   3.00e-04 |    *
    2 |     0.1735 |     0.6993 |    0.5754 |     0.1794 |     0.6884 |    0.5646 |   2.95e-04 |     
    3 |     0.1551 |     0.7275 |    0.6080 |     0.1434 |     0.7519 |    0.6362 |   2.81e-04 |     
    4 |     0.1433 |     0.7455 |    0.6288 |     0.1249 |     0.7776 |    0.6670 |   2.59e-04 |     
--- RACE-PE 80e validation screen: control validation statistics ---
up4: ca=0.9114+/-0.1101, sa=0.9999+/-0.0075, amp=0.0000, suppress=0.0000, guide_abs=0.3649
up4 residuals: local_mean=-7.989e-03, global_mean=0.0072, local_strength=0.1051, global_strength=0.0975, gain=[0.9523,1.0317], saturation=0.0000, text_film=0.0140
up4 haar: reconstruction_error=9.537e-07, skip_low/high=0.8006/0.1994, plam_low/high=1.0000/0.0000
up4 strengths: plam=0.9898, region=0.1051, detail=0.0975; residual_std region/detail/refine=0.2251/0.4194/0.0651
up4 guide_mix: entropy=0.9771, raw_low=0.2963, plam_low=0.2576, decoder_low=0.2963, detail=0.1498; agreement plam/decoder=0.5713/0.4050, support=0.6982+/-0.0533
up4 adaptive_frequency: ALPF strength=0.2113, weights=0.2085/0.6119/0.1797, sum=1.0000, entropy=0.8476, delta_std=0.1542; AHPF strength=0.0824, weights=0.3894/0.4452/0.1654, sum=1.0000, entropy=0.9210, residual_std=0.1716, scaled_std=0.0141
up3: ca=0.9697+/-0.1573, sa=0.9958+/-0.0134, amp=0.0000, suppress=0.0000, guide_abs=0.3435
up3 residuals: local_mean=-2.990e-02, global_mean=-0.0102, local_strength=0.1068, global_strength=0.1063, gain=[0.9084,1.0567], saturation=0.0148, text_film=0.0276
up3 haar: reconstruction_error=9.537e-07, skip_low/high=0.7971/0.2029, plam_low/high=1.0000/0.0000
up3 strengths: plam=0.9842, region=0.1068, detail=0.1063; residual_std region/detail/refine=0.4542/0.4080/0.1835
up3 guide_mix: entropy=0.9745, raw_low=0.2968, plam_low=0.2737, decoder_low=0.2871, detail=0.1424; agreement plam/decoder=0.7160/-0.1684, support=0.6692+/-0.1076
up3 adaptive_frequency: ALPF strength=0.2107, weights=0.2167/0.6393/0.1440, sum=1.0000, entropy=0.8093, delta_std=0.0823; AHPF strength=0.0883, weights=0.3845/0.3789/0.2367, sum=1.0000, entropy=0.9174, residual_std=0.1626, scaled_std=0.0144
up2: ca=0.9295+/-0.1256, sa=0.9995+/-0.0058, amp=0.0000, suppress=0.0000, guide_abs=0.3247
up2 residuals: local_mean=-6.432e-03, global_mean=0.0016, local_strength=0.1083, global_strength=0.1036, gain=[0.9559,1.0419], saturation=0.0000, text_film=0.0205
up2 haar: reconstruction_error=9.537e-07, skip_low/high=0.8322/0.1678, plam_low/high=1.0000/0.0000
up2 strengths: plam=0.9826, region=0.1083, detail=0.1036; residual_std region/detail/refine=0.1771/0.2818/0.0915
up2 guide_mix: entropy=0.9567, raw_low=0.2868, plam_low=0.3022, decoder_low=0.2988, detail=0.1122; agreement plam/decoder=0.7792/-0.0598, support=0.5909+/-0.0678
up1: ca=0.9177+/-0.1349, sa=0.9968+/-0.0141, amp=0.0000, suppress=0.0000, guide_abs=0.2831
up1 residuals: local_mean=-2.118e-02, global_mean=-0.0099, local_strength=0.1122, global_strength=0.1001, gain=[0.9033,1.0903], saturation=0.0009, text_film=0.0267
up1 haar: reconstruction_error=1.907e-06, skip_low/high=0.7764/0.2236, plam_low/high=1.0000/0.0000
up1 strengths: plam=0.9778, region=0.1122, detail=0.1001; residual_std region/detail/refine=0.2869/0.3416/0.0523
up1 guide_mix: entropy=0.9339, raw_low=0.2803, plam_low=0.3446, decoder_low=0.2882, detail=0.0870; agreement plam/decoder=0.7090/-0.2076, support=0.5545+/-0.0689

========= Epoch [5/80] =========
C4_Test_session_09.09_15h44
Training with batch size : 16
   [Train] Epoch: [5][20/357]  Loss:0.137 (Avg 0.1420) IoU:0.625 (Avg 0.6281) Dice:0.7471 (Avg 0.7472) LR 2.31e-04   (AvgTime 0.6)   
   [Train] Epoch: [5][40/357]  Loss:0.134 (Avg 0.1386) IoU:0.632 (Avg 0.6387) Dice:0.7601 (Avg 0.7545) LR 2.31e-04   (AvgTime 0.6)   
   [Train] Epoch: [5][60/357]  Loss:0.123 (Avg 0.1383) IoU:0.672 (Avg 0.6391) Dice:0.7844 (Avg 0.7540) LR 2.31e-04   (AvgTime 0.6)   
   [Train] Epoch: [5][80/357]  Loss:0.139 (Avg 0.1365) IoU:0.616 (Avg 0.6412) Dice:0.7432 (Avg 0.7563) LR 2.31e-04   (AvgTime 0.6)   
   [Train] Epoch: [5][100/357]  Loss:0.157 (Avg 0.1339) IoU:0.605 (Avg 0.6457) Dice:0.7168 (Avg 0.7601) LR 2.31e-04   (AvgTime 0.5)   
   [Train] Epoch: [5][120/357]  Loss:0.148 (Avg 0.1341) IoU:0.649 (Avg 0.6446) Dice:0.7681 (Avg 0.7597) LR 2.31e-04   (AvgTime 0.5)   
   [Train] Epoch: [5][140/357]  Loss:0.168 (Avg 0.1348) IoU:0.594 (Avg 0.6432) Dice:0.7123 (Avg 0.7586) LR 2.31e-04   (AvgTime 0.5)   
   [Train] Epoch: [5][160/357]  Loss:0.142 (Avg 0.1366) IoU:0.610 (Avg 0.6400) Dice:0.7341 (Avg 0.7561) LR 2.31e-04   (AvgTime 0.5)   
   [Train] Epoch: [5][180/357]  Loss:0.139 (Avg 0.1368) IoU:0.637 (Avg 0.6396) Dice:0.7491 (Avg 0.7556) LR 2.31e-04   (AvgTime 0.5)   
   [Train] Epoch: [5][200/357]  Loss:0.181 (Avg 0.1373) IoU:0.538 (Avg 0.6396) Dice:0.6710 (Avg 0.7557) LR 2.31e-04   (AvgTime 0.5)   
   [Train] Epoch: [5][220/357]  Loss:0.148 (Avg 0.1369) IoU:0.670 (Avg 0.6404) Dice:0.7735 (Avg 0.7563) LR 2.31e-04   (AvgTime 0.5)   
   [Train] Epoch: [5][240/357]  Loss:0.127 (Avg 0.1373) IoU:0.657 (Avg 0.6394) Dice:0.7589 (Avg 0.7553) LR 2.31e-04   (AvgTime 0.5)   
   [Train] Epoch: [5][260/357]  Loss:0.174 (Avg 0.1376) IoU:0.611 (Avg 0.6387) Dice:0.7293 (Avg 0.7548) LR 2.31e-04   (AvgTime 0.5)   
   [Train] Epoch: [5][280/357]  Loss:0.137 (Avg 0.1377) IoU:0.616 (Avg 0.6393) Dice:0.7507 (Avg 0.7552) LR 2.31e-04   (AvgTime 0.5)   
   [Train] Epoch: [5][300/357]  Loss:0.129 (Avg 0.1377) IoU:0.660 (Avg 0.6388) Dice:0.7664 (Avg 0.7547) LR 2.31e-04   (AvgTime 0.5)   
   [Train] Epoch: [5][320/357]  Loss:0.158 (Avg 0.1387) IoU:0.593 (Avg 0.6368) Dice:0.7034 (Avg 0.7529) LR 2.31e-04   (AvgTime 0.5)   
   [Train] Epoch: [5][340/357]  Loss:0.159 (Avg 0.1388) IoU:0.593 (Avg 0.6368) Dice:0.7112 (Avg 0.7527) LR 2.31e-04   (AvgTime 0.5)   
   [Train] Epoch: [5][357/357]  Loss:0.145 (Avg 0.1385) IoU:0.579 (Avg 0.6372) Dice:0.7155 (Avg 0.7532) LR 2.31e-04   (AvgTime 0.5)   
   [Train] Loss components: dice=0.219071, focal=0.058003, total=0.138537
Validation
   [Val] Epoch: [5][20/90]  Loss:0.151 (Avg 0.1250) IoU:0.614 (Avg 0.6634) Dice:0.7394 (Avg 0.7777) (AvgTime 0.2)   
   [Val] Epoch: [5][40/90]  Loss:0.137 (Avg 0.1338) IoU:0.602 (Avg 0.6449) Dice:0.7336 (Avg 0.7600) (AvgTime 0.2)   
   [Val] Epoch: [5][60/90]  Loss:0.157 (Avg 0.1281) IoU:0.607 (Avg 0.6539) Dice:0.7222 (Avg 0.7669) (AvgTime 0.2)   
   [Val] Epoch: [5][80/90]  Loss:0.118 (Avg 0.1284) IoU:0.659 (Avg 0.6504) Dice:0.7781 (Avg 0.7645) (AvgTime 0.2)   
   [Val] Epoch: [5][90/90]  Loss:0.141 (Avg 0.1294) IoU:0.602 (Avg 0.6477) Dice:0.7383 (Avg 0.7623) (AvgTime 0.2)   
   [Val] Loss components: dice=0.214023, focal=0.044710, total=0.129367
	 No iou improvement; selected epoch 1
	 early_stopping_count: 4/80
--- Epoch History (1..5) ---
Epoch |  TrainLoss |  TrainDice |  TrainIoU |    ValLoss |    ValDice |    ValIoU |         LR | Best
    1 |     0.2379 |     0.6073 |    0.4776 |     0.1928 |     0.6881 |    0.5656 |   3.00e-04 |    *
    2 |     0.1735 |     0.6993 |    0.5754 |     0.1794 |     0.6884 |    0.5646 |   2.95e-04 |     
    3 |     0.1551 |     0.7275 |    0.6080 |     0.1434 |     0.7519 |    0.6362 |   2.81e-04 |     
    4 |     0.1433 |     0.7455 |    0.6288 |     0.1249 |     0.7776 |    0.6670 |   2.59e-04 |     
    5 |     0.1385 |     0.7532 |    0.6372 |     0.1294 |     0.7623 |    0.6477 |   2.31e-04 |     
--- RACE-PE 80e validation screen: control validation statistics ---
up4: ca=0.9021+/-0.1134, sa=0.9986+/-0.0076, amp=0.0000, suppress=0.0000, guide_abs=0.2939
up4 residuals: local_mean=-8.419e-03, global_mean=-0.0067, local_strength=0.1055, global_strength=0.0971, gain=[0.9645,1.0243], saturation=0.0133, text_film=0.0137
up4 haar: reconstruction_error=5.364e-07, skip_low/high=0.7929/0.2071, plam_low/high=1.0000/0.0000
up4 strengths: plam=0.9882, region=0.1055, detail=0.0971; residual_std region/detail/refine=0.2825/0.4340/0.0994
up4 guide_mix: entropy=0.9798, raw_low=0.3058, plam_low=0.2582, decoder_low=0.2799, detail=0.1561; agreement plam/decoder=0.5933/0.4145, support=0.7507+/-0.0720
up4 adaptive_frequency: ALPF strength=0.2128, weights=0.1943/0.6460/0.1597, sum=1.0000, entropy=0.8098, delta_std=0.1434; AHPF strength=0.0821, weights=0.4714/0.3821/0.1466, sum=1.0000, entropy=0.8832, residual_std=0.1502, scaled_std=0.0123
up3: ca=0.9710+/-0.1594, sa=0.9958+/-0.0122, amp=0.0000, suppress=0.0000, guide_abs=0.3309
up3 residuals: local_mean=-2.951e-02, global_mean=-0.0104, local_strength=0.1073, global_strength=0.1071, gain=[0.9270,1.0398], saturation=0.0196, text_film=0.0270
up3 haar: reconstruction_error=9.537e-07, skip_low/high=0.7888/0.2112, plam_low/high=1.0000/0.0000
up3 strengths: plam=0.9821, region=0.1073, detail=0.1071; residual_std region/detail/refine=0.4739/0.4330/0.2297
up3 guide_mix: entropy=0.9775, raw_low=0.2979, plam_low=0.2744, decoder_low=0.2790, detail=0.1487; agreement plam/decoder=0.6870/-0.0221, support=0.6739+/-0.1126
up3 adaptive_frequency: ALPF strength=0.2123, weights=0.2013/0.6466/0.1521, sum=1.0000, entropy=0.8021, delta_std=0.0797; AHPF strength=0.0887, weights=0.3894/0.3668/0.2438, sum=1.0000, entropy=0.9259, residual_std=0.1694, scaled_std=0.0150
up2: ca=0.9240+/-0.1282, sa=0.9996+/-0.0055, amp=0.0000, suppress=0.0000, guide_abs=0.3260
up2 residuals: local_mean=-6.241e-03, global_mean=0.0029, local_strength=0.1087, global_strength=0.1043, gain=[0.9576,1.0399], saturation=0.0000, text_film=0.0244
up2 haar: reconstruction_error=9.537e-07, skip_low/high=0.8331/0.1669, plam_low/high=1.0000/0.0000
up2 strengths: plam=0.9794, region=0.1087, detail=0.1043; residual_std region/detail/refine=0.1742/0.3063/0.1276
up2 guide_mix: entropy=0.9607, raw_low=0.3027, plam_low=0.2907, decoder_low=0.2886, detail=0.1181; agreement plam/decoder=0.6801/-0.0356, support=0.6002+/-0.0790
up1: ca=0.9181+/-0.1334, sa=0.9972+/-0.0138, amp=0.0000, suppress=0.0000, guide_abs=0.2529
up1 residuals: local_mean=-1.765e-02, global_mean=-0.0095, local_strength=0.1127, global_strength=0.1001, gain=[0.9043,1.0913], saturation=0.0000, text_film=0.0263
up1 haar: reconstruction_error=1.907e-06, skip_low/high=0.7623/0.2377, plam_low/high=1.0000/0.0000
up1 strengths: plam=0.9748, region=0.1127, detail=0.1001; residual_std region/detail/refine=0.2557/0.3372/0.0544
up1 guide_mix: entropy=0.9352, raw_low=0.2672, plam_low=0.3436, decoder_low=0.3000, detail=0.0892; agreement plam/decoder=0.7593/-0.2004, support=0.5503+/-0.0639

========= Epoch [6/80] =========
C4_Test_session_09.09_15h44
Training with batch size : 16
   [Train] Epoch: [6][20/357]  Loss:0.127 (Avg 0.1325) IoU:0.653 (Avg 0.6487) Dice:0.7673 (Avg 0.7629) LR 2.00e-04   (AvgTime 0.6)   
   [Train] Epoch: [6][40/357]  Loss:0.159 (Avg 0.1342) IoU:0.597 (Avg 0.6506) Dice:0.7186 (Avg 0.7634) LR 2.00e-04   (AvgTime 0.6)   
   [Train] Epoch: [6][60/357]  Loss:0.155 (Avg 0.1331) IoU:0.611 (Avg 0.6522) Dice:0.7113 (Avg 0.7651) LR 2.00e-04   (AvgTime 0.6)   
   [Train] Epoch: [6][80/357]  Loss:0.121 (Avg 0.1350) IoU:0.663 (Avg 0.6461) Dice:0.7747 (Avg 0.7609) LR 2.00e-04   (AvgTime 0.6)   
   [Train] Epoch: [6][100/357]  Loss:0.160 (Avg 0.1343) IoU:0.596 (Avg 0.6458) Dice:0.7060 (Avg 0.7611) LR 2.00e-04   (AvgTime 0.6)   
   [Train] Epoch: [6][120/357]  Loss:0.101 (Avg 0.1342) IoU:0.733 (Avg 0.6457) Dice:0.8347 (Avg 0.7612) LR 2.00e-04   (AvgTime 0.6)   
   [Train] Epoch: [6][140/357]  Loss:0.138 (Avg 0.1336) IoU:0.604 (Avg 0.6460) Dice:0.7383 (Avg 0.7612) LR 2.00e-04   (AvgTime 0.5)   
   [Train] Epoch: [6][160/357]  Loss:0.172 (Avg 0.1330) IoU:0.554 (Avg 0.6468) Dice:0.6758 (Avg 0.7617) LR 2.00e-04   (AvgTime 0.5)   
   [Train] Epoch: [6][180/357]  Loss:0.111 (Avg 0.1334) IoU:0.693 (Avg 0.6471) Dice:0.8016 (Avg 0.7616) LR 2.00e-04   (AvgTime 0.5)   
   [Train] Epoch: [6][200/357]  Loss:0.121 (Avg 0.1331) IoU:0.668 (Avg 0.6474) Dice:0.7756 (Avg 0.7617) LR 2.00e-04   (AvgTime 0.5)   
   [Train] Epoch: [6][220/357]  Loss:0.124 (Avg 0.1327) IoU:0.647 (Avg 0.6483) Dice:0.7643 (Avg 0.7624) LR 2.00e-04   (AvgTime 0.5)   
   [Train] Epoch: [6][240/357]  Loss:0.123 (Avg 0.1327) IoU:0.655 (Avg 0.6492) Dice:0.7624 (Avg 0.7629) LR 2.00e-04   (AvgTime 0.5)   
   [Train] Epoch: [6][260/357]  Loss:0.138 (Avg 0.1329) IoU:0.628 (Avg 0.6484) Dice:0.7454 (Avg 0.7623) LR 2.00e-04   (AvgTime 0.5)   
   [Train] Epoch: [6][280/357]  Loss:0.103 (Avg 0.1333) IoU:0.719 (Avg 0.6478) Dice:0.8213 (Avg 0.7618) LR 2.00e-04   (AvgTime 0.5)   
   [Train] Epoch: [6][300/357]  Loss:0.155 (Avg 0.1328) IoU:0.560 (Avg 0.6492) Dice:0.7007 (Avg 0.7630) LR 2.00e-04   (AvgTime 0.5)   
   [Train] Epoch: [6][320/357]  Loss:0.116 (Avg 0.1324) IoU:0.690 (Avg 0.6496) Dice:0.7895 (Avg 0.7633) LR 2.00e-04   (AvgTime 0.5)   
   [Train] Epoch: [6][340/357]  Loss:0.153 (Avg 0.1324) IoU:0.629 (Avg 0.6493) Dice:0.7464 (Avg 0.7630) LR 2.00e-04   (AvgTime 0.5)   
   [Train] Epoch: [6][357/357]  Loss:0.139 (Avg 0.1322) IoU:0.629 (Avg 0.6498) Dice:0.7457 (Avg 0.7635) LR 2.00e-04   (AvgTime 0.5)   
   [Train] Loss components: dice=0.209271, focal=0.055179, total=0.132225
Validation
   [Val] Epoch: [6][20/90]  Loss:0.145 (Avg 0.1189) IoU:0.631 (Avg 0.6933) Dice:0.7561 (Avg 0.8019) (AvgTime 0.3)   
   [Val] Epoch: [6][40/90]  Loss:0.117 (Avg 0.1276) IoU:0.669 (Avg 0.6730) Dice:0.7875 (Avg 0.7832) (AvgTime 0.2)   
   [Val] Epoch: [6][60/90]  Loss:0.150 (Avg 0.1205) IoU:0.630 (Avg 0.6842) Dice:0.7413 (Avg 0.7913) (AvgTime 0.2)   
   [Val] Epoch: [6][80/90]  Loss:0.104 (Avg 0.1194) IoU:0.714 (Avg 0.6835) Dice:0.8205 (Avg 0.7909) (AvgTime 0.2)   
   [Val] Epoch: [6][90/90]  Loss:0.138 (Avg 0.1199) IoU:0.601 (Avg 0.6818) Dice:0.7365 (Avg 0.7896) (AvgTime 0.2)   
   [Val] Loss components: dice=0.188491, focal=0.051332, total=0.119912
	 Saving best model by iou: 0.681805
	 Saving to Covid19/BetterLViT/c4_race_pe_control/C4_Test_session_09.09_15h44/models//best_model-BetterLViT.pth.tar
	 early_stopping_count: 0/80
--- Epoch History (1..6) ---
Epoch |  TrainLoss |  TrainDice |  TrainIoU |    ValLoss |    ValDice |    ValIoU |         LR | Best
    1 |     0.2379 |     0.6073 |    0.4776 |     0.1928 |     0.6881 |    0.5656 |   3.00e-04 |     
    2 |     0.1735 |     0.6993 |    0.5754 |     0.1794 |     0.6884 |    0.5646 |   2.95e-04 |     
    3 |     0.1551 |     0.7275 |    0.6080 |     0.1434 |     0.7519 |    0.6362 |   2.81e-04 |     
    4 |     0.1433 |     0.7455 |    0.6288 |     0.1249 |     0.7776 |    0.6670 |   2.59e-04 |     
    5 |     0.1385 |     0.7532 |    0.6372 |     0.1294 |     0.7623 |    0.6477 |   2.31e-04 |     
    6 |     0.1322 |     0.7635 |    0.6498 |     0.1199 |     0.7896 |    0.6818 |   2.00e-04 |    *
--- RACE-PE 80e validation screen: control validation statistics ---
up4: ca=0.9069+/-0.1103, sa=0.9990+/-0.0072, amp=0.0000, suppress=0.0000, guide_abs=0.2795
up4 residuals: local_mean=-3.671e-03, global_mean=-0.0061, local_strength=0.1058, global_strength=0.0970, gain=[0.9607,1.0287], saturation=0.0061, text_film=0.0130
up4 haar: reconstruction_error=9.537e-07, skip_low/high=0.8041/0.1959, plam_low/high=1.0000/0.0000
up4 strengths: plam=0.9864, region=0.1058, detail=0.0970; residual_std region/detail/refine=0.2700/0.4412/0.1303
up4 guide_mix: entropy=0.9774, raw_low=0.2951, plam_low=0.2665, decoder_low=0.2895, detail=0.1489; agreement plam/decoder=0.6930/0.4946, support=0.7595+/-0.0703
up4 adaptive_frequency: ALPF strength=0.2142, weights=0.1870/0.6450/0.1680, sum=1.0000, entropy=0.8125, delta_std=0.1492; AHPF strength=0.0819, weights=0.4355/0.4101/0.1544, sum=1.0000, entropy=0.9038, residual_std=0.1533, scaled_std=0.0125
up3: ca=0.9747+/-0.1576, sa=0.9962+/-0.0119, amp=0.0000, suppress=0.0000, guide_abs=0.3057
up3 residuals: local_mean=-2.686e-02, global_mean=-0.0092, local_strength=0.1076, global_strength=0.1075, gain=[0.9312,1.0464], saturation=0.0145, text_film=0.0273
up3 haar: reconstruction_error=9.537e-07, skip_low/high=0.7994/0.2006, plam_low/high=1.0000/0.0000
up3 strengths: plam=0.9803, region=0.1076, detail=0.1075; residual_std region/detail/refine=0.5005/0.4599/0.2577
up3 guide_mix: entropy=0.9765, raw_low=0.3095, plam_low=0.2651, decoder_low=0.2769, detail=0.1485; agreement plam/decoder=0.7295/-0.0571, support=0.6697+/-0.1144
up3 adaptive_frequency: ALPF strength=0.2137, weights=0.1892/0.6350/0.1758, sum=1.0000, entropy=0.8095, delta_std=0.0835; AHPF strength=0.0890, weights=0.4073/0.3597/0.2331, sum=1.0000, entropy=0.9154, residual_std=0.1734, scaled_std=0.0154
up2: ca=0.9285+/-0.1222, sa=1.0000+/-0.0053, amp=0.0000, suppress=0.0000, guide_abs=0.3109
up2 residuals: local_mean=-5.814e-03, global_mean=0.0064, local_strength=0.1091, global_strength=0.1048, gain=[0.9590,1.0406], saturation=0.0000, text_film=0.0407
up2 haar: reconstruction_error=1.073e-06, skip_low/high=0.8400/0.1600, plam_low/high=1.0000/0.0000
up2 strengths: plam=0.9769, region=0.1091, detail=0.1048; residual_std region/detail/refine=0.2184/0.3162/0.1368
up2 guide_mix: entropy=0.9588, raw_low=0.3057, plam_low=0.2982, decoder_low=0.2805, detail=0.1156; agreement plam/decoder=0.6796/-0.0307, support=0.5928+/-0.0813
up1: ca=0.9234+/-0.1295, sa=0.9975+/-0.0141, amp=0.0000, suppress=0.0000, guide_abs=0.2622
up1 residuals: local_mean=-1.617e-02, global_mean=-0.0080, local_strength=0.1132, global_strength=0.1001, gain=[0.9043,1.0929], saturation=0.0001, text_film=0.0220
up1 haar: reconstruction_error=1.907e-06, skip_low/high=0.7554/0.2446, plam_low/high=1.0000/0.0000
up1 strengths: plam=0.9726, region=0.1132, detail=0.1001; residual_std region/detail/refine=0.2769/0.3470/0.0566
up1 guide_mix: entropy=0.9313, raw_low=0.2577, plam_low=0.3586, decoder_low=0.2959, detail=0.0878; agreement plam/decoder=0.7816/-0.0758, support=0.5463+/-0.0625

========= Epoch [7/80] =========
C4_Test_session_09.09_15h44
Training with batch size : 16
   [Train] Epoch: [7][20/357]  Loss:0.098 (Avg 0.1181) IoU:0.713 (Avg 0.6857) Dice:0.8204 (Avg 0.7925) LR 1.69e-04   (AvgTime 0.6)   
   [Train] Epoch: [7][40/357]  Loss:0.099 (Avg 0.1222) IoU:0.705 (Avg 0.6742) Dice:0.8181 (Avg 0.7838) LR 1.69e-04   (AvgTime 0.6)   
   [Train] Epoch: [7][60/357]  Loss:0.184 (Avg 0.1241) IoU:0.571 (Avg 0.6683) Dice:0.6771 (Avg 0.7794) LR 1.69e-04   (AvgTime 0.6)   
   [Train] Epoch: [7][80/357]  Loss:0.129 (Avg 0.1234) IoU:0.621 (Avg 0.6680) Dice:0.7490 (Avg 0.7795) LR 1.69e-04   (AvgTime 0.5)   
   [Train] Epoch: [7][100/357]  Loss:0.115 (Avg 0.1246) IoU:0.682 (Avg 0.6665) Dice:0.7953 (Avg 0.7779) LR 1.69e-04   (AvgTime 0.5)   
   [Train] Epoch: [7][120/357]  Loss:0.112 (Avg 0.1251) IoU:0.690 (Avg 0.6644) Dice:0.8009 (Avg 0.7761) LR 1.69e-04   (AvgTime 0.5)   
   [Train] Epoch: [7][140/357]  Loss:0.092 (Avg 0.1249) IoU:0.715 (Avg 0.6644) Dice:0.8220 (Avg 0.7758) LR 1.69e-04   (AvgTime 0.5)   
   [Train] Epoch: [7][160/357]  Loss:0.100 (Avg 0.1253) IoU:0.708 (Avg 0.6645) Dice:0.8130 (Avg 0.7755) LR 1.69e-04   (AvgTime 0.5)   
   [Train] Epoch: [7][180/357]  Loss:0.145 (Avg 0.1262) IoU:0.582 (Avg 0.6627) Dice:0.7076 (Avg 0.7739) LR 1.69e-04   (AvgTime 0.5)   
   [Train] Epoch: [7][200/357]  Loss:0.131 (Avg 0.1270) IoU:0.634 (Avg 0.6614) Dice:0.7557 (Avg 0.7730) LR 1.69e-04   (AvgTime 0.5)   
   [Train] Epoch: [7][220/357]  Loss:0.110 (Avg 0.1269) IoU:0.687 (Avg 0.6612) Dice:0.7924 (Avg 0.7729) LR 1.69e-04   (AvgTime 0.5)   
   [Train] Epoch: [7][240/357]  Loss:0.122 (Avg 0.1264) IoU:0.659 (Avg 0.6623) Dice:0.7670 (Avg 0.7737) LR 1.69e-04   (AvgTime 0.5)   
   [Train] Epoch: [7][260/357]  Loss:0.156 (Avg 0.1268) IoU:0.607 (Avg 0.6616) Dice:0.7250 (Avg 0.7731) LR 1.69e-04   (AvgTime 0.5)   
   [Train] Epoch: [7][280/357]  Loss:0.125 (Avg 0.1262) IoU:0.666 (Avg 0.6622) Dice:0.7890 (Avg 0.7737) LR 1.69e-04   (AvgTime 0.5)   
   [Train] Epoch: [7][300/357]  Loss:0.138 (Avg 0.1269) IoU:0.634 (Avg 0.6607) Dice:0.7440 (Avg 0.7725) LR 1.69e-04   (AvgTime 0.5)   
   [Train] Epoch: [7][320/357]  Loss:0.088 (Avg 0.1273) IoU:0.758 (Avg 0.6604) Dice:0.8515 (Avg 0.7722) LR 1.69e-04   (AvgTime 0.5)   
   [Train] Epoch: [7][340/357]  Loss:0.126 (Avg 0.1270) IoU:0.644 (Avg 0.6610) Dice:0.7724 (Avg 0.7726) LR 1.69e-04   (AvgTime 0.5)   
   [Train] Epoch: [7][357/357]  Loss:0.215 (Avg 0.1269) IoU:0.478 (Avg 0.6612) Dice:0.6204 (Avg 0.7728) LR 1.69e-04   (AvgTime 0.5)   
   [Train] Loss components: dice=0.200294, focal=0.053441, total=0.126867
Validation
   [Val] Epoch: [7][20/90]  Loss:0.149 (Avg 0.1236) IoU:0.625 (Avg 0.6882) Dice:0.7468 (Avg 0.7980) (AvgTime 0.2)   
   [Val] Epoch: [7][40/90]  Loss:0.123 (Avg 0.1307) IoU:0.675 (Avg 0.6674) Dice:0.7896 (Avg 0.7791) (AvgTime 0.2)   
   [Val] Epoch: [7][60/90]  Loss:0.163 (Avg 0.1234) IoU:0.611 (Avg 0.6778) Dice:0.7284 (Avg 0.7867) (AvgTime 0.2)   
   [Val] Epoch: [7][80/90]  Loss:0.108 (Avg 0.1227) IoU:0.684 (Avg 0.6755) Dice:0.7952 (Avg 0.7850) (AvgTime 0.2)   
   [Val] Epoch: [7][90/90]  Loss:0.128 (Avg 0.1228) IoU:0.630 (Avg 0.6751) Dice:0.7600 (Avg 0.7847) (AvgTime 0.2)   
   [Val] Loss components: dice=0.187672, focal=0.057870, total=0.122771
	 No iou improvement; selected epoch 6
	 early_stopping_count: 1/80
--- Epoch History (1..7) ---
Epoch |  TrainLoss |  TrainDice |  TrainIoU |    ValLoss |    ValDice |    ValIoU |         LR | Best
    1 |     0.2379 |     0.6073 |    0.4776 |     0.1928 |     0.6881 |    0.5656 |   3.00e-04 |     
    2 |     0.1735 |     0.6993 |    0.5754 |     0.1794 |     0.6884 |    0.5646 |   2.95e-04 |     
    3 |     0.1551 |     0.7275 |    0.6080 |     0.1434 |     0.7519 |    0.6362 |   2.81e-04 |     
    4 |     0.1433 |     0.7455 |    0.6288 |     0.1249 |     0.7776 |    0.6670 |   2.59e-04 |     
    5 |     0.1385 |     0.7532 |    0.6372 |     0.1294 |     0.7623 |    0.6477 |   2.31e-04 |     
    6 |     0.1322 |     0.7635 |    0.6498 |     0.1199 |     0.7896 |    0.6818 |   2.00e-04 |    *
    7 |     0.1269 |     0.7728 |    0.6612 |     0.1228 |     0.7847 |    0.6751 |   1.69e-04 |     
--- RACE-PE 80e validation screen: control validation statistics ---
up4: ca=0.9089+/-0.1142, sa=0.9984+/-0.0076, amp=0.0000, suppress=0.0000, guide_abs=0.2827
up4 residuals: local_mean=-2.623e-03, global_mean=-0.0146, local_strength=0.1060, global_strength=0.0971, gain=[0.9724,1.0251], saturation=0.0133, text_film=0.0139
up4 haar: reconstruction_error=6.407e-07, skip_low/high=0.8046/0.1954, plam_low/high=1.0000/0.0000
up4 strengths: plam=0.9852, region=0.1060, detail=0.0971; residual_std region/detail/refine=0.2906/0.4446/0.1530
up4 guide_mix: entropy=0.9767, raw_low=0.2974, plam_low=0.2636, decoder_low=0.2910, detail=0.1479; agreement plam/decoder=0.6525/0.4302, support=0.7710+/-0.0710
up4 adaptive_frequency: ALPF strength=0.2153, weights=0.1825/0.6592/0.1582, sum=1.0000, entropy=0.7954, delta_std=0.1479; AHPF strength=0.0816, weights=0.4180/0.4252/0.1568, sum=1.0000, entropy=0.9151, residual_std=0.1549, scaled_std=0.0126
up3: ca=0.9877+/-0.1549, sa=0.9964+/-0.0106, amp=0.0000, suppress=0.0000, guide_abs=0.3100
up3 residuals: local_mean=-2.600e-02, global_mean=-0.0080, local_strength=0.1077, global_strength=0.1078, gain=[0.9391,1.0445], saturation=0.0250, text_film=0.0254
up3 haar: reconstruction_error=9.537e-07, skip_low/high=0.7969/0.2031, plam_low/high=1.0000/0.0000
up3 strengths: plam=0.9789, region=0.1077, detail=0.1078; residual_std region/detail/refine=0.5137/0.4503/0.2681
up3 guide_mix: entropy=0.9739, raw_low=0.2959, plam_low=0.2637, decoder_low=0.2979, detail=0.1424; agreement plam/decoder=0.6288/-0.0721, support=0.6732+/-0.1148
up3 adaptive_frequency: ALPF strength=0.2149, weights=0.1870/0.6087/0.2043, sum=1.0000, entropy=0.8230, delta_std=0.0880; AHPF strength=0.0891, weights=0.4538/0.3594/0.1868, sum=1.0000, entropy=0.8915, residual_std=0.1489, scaled_std=0.0133
up2: ca=0.9395+/-0.1212, sa=1.0003+/-0.0051, amp=0.0000, suppress=0.0000, guide_abs=0.3351
up2 residuals: local_mean=-5.661e-03, global_mean=0.0092, local_strength=0.1093, global_strength=0.1051, gain=[0.9572,1.0475], saturation=0.0000, text_film=0.0307
up2 haar: reconstruction_error=1.311e-06, skip_low/high=0.8203/0.1797, plam_low/high=1.0000/0.0000
up2 strengths: plam=0.9751, region=0.1093, detail=0.1051; residual_std region/detail/refine=0.2049/0.3072/0.1417
up2 guide_mix: entropy=0.9592, raw_low=0.2795, plam_low=0.2989, decoder_low=0.3054, detail=0.1163; agreement plam/decoder=0.6377/-0.0167, support=0.5943+/-0.0838
up1: ca=0.9226+/-0.1208, sa=0.9976+/-0.0137, amp=0.0000, suppress=0.0000, guide_abs=0.2375
up1 residuals: local_mean=-1.456e-02, global_mean=-0.0079, local_strength=0.1137, global_strength=0.1002, gain=[0.9045,1.0924], saturation=0.0000, text_film=0.0254
up1 haar: reconstruction_error=1.907e-06, skip_low/high=0.7608/0.2392, plam_low/high=1.0000/0.0000
up1 strengths: plam=0.9710, region=0.1137, detail=0.1002; residual_std region/detail/refine=0.2636/0.3436/0.0592
up1 guide_mix: entropy=0.9425, raw_low=0.2806, plam_low=0.3225, decoder_low=0.3020, detail=0.0949; agreement plam/decoder=0.6185/-0.1674, support=0.5513+/-0.0675

========= Epoch [8/80] =========
C4_Test_session_09.09_15h44
Training with batch size : 16
   [Train] Epoch: [8][20/357]  Loss:0.118 (Avg 0.1288) IoU:0.666 (Avg 0.6519) Dice:0.7835 (Avg 0.7683) LR 1.41e-04   (AvgTime 0.5)   
   [Train] Epoch: [8][40/357]  Loss:0.108 (Avg 0.1222) IoU:0.716 (Avg 0.6648) Dice:0.8142 (Avg 0.7784) LR 1.41e-04   (AvgTime 0.5)   
   [Train] Epoch: [8][60/357]  Loss:0.091 (Avg 0.1207) IoU:0.757 (Avg 0.6685) Dice:0.8539 (Avg 0.7811) LR 1.41e-04   (AvgTime 0.5)   
   [Train] Epoch: [8][80/357]  Loss:0.112 (Avg 0.1228) IoU:0.687 (Avg 0.6646) Dice:0.7983 (Avg 0.7773) LR 1.41e-04   (AvgTime 0.5)   
   [Train] Epoch: [8][100/357]  Loss:0.124 (Avg 0.1220) IoU:0.635 (Avg 0.6656) Dice:0.7563 (Avg 0.7781) LR 1.41e-04   (AvgTime 0.6)   
   [Train] Epoch: [8][120/357]  Loss:0.116 (Avg 0.1226) IoU:0.640 (Avg 0.6646) Dice:0.7658 (Avg 0.7771) LR 1.41e-04   (AvgTime 0.6)   
   [Train] Epoch: [8][140/357]  Loss:0.103 (Avg 0.1235) IoU:0.693 (Avg 0.6627) Dice:0.8117 (Avg 0.7753) LR 1.41e-04   (AvgTime 0.6)   
   [Train] Epoch: [8][160/357]  Loss:0.116 (Avg 0.1222) IoU:0.707 (Avg 0.6663) Dice:0.7974 (Avg 0.7782) LR 1.41e-04   (AvgTime 0.6)   
   [Train] Epoch: [8][180/357]  Loss:0.065 (Avg 0.1207) IoU:0.806 (Avg 0.6699) Dice:0.8894 (Avg 0.7811) LR 1.41e-04   (AvgTime 0.5)   
   [Train] Epoch: [8][200/357]  Loss:0.118 (Avg 0.1206) IoU:0.711 (Avg 0.6705) Dice:0.8017 (Avg 0.7812) LR 1.41e-04   (AvgTime 0.5)   
   [Train] Epoch: [8][220/357]  Loss:0.154 (Avg 0.1214) IoU:0.590 (Avg 0.6692) Dice:0.7109 (Avg 0.7800) LR 1.41e-04   (AvgTime 0.5)   
   [Train] Epoch: [8][240/357]  Loss:0.100 (Avg 0.1220) IoU:0.742 (Avg 0.6681) Dice:0.8409 (Avg 0.7787) LR 1.41e-04   (AvgTime 0.6)   
   [Train] Epoch: [8][260/357]  Loss:0.224 (Avg 0.1218) IoU:0.456 (Avg 0.6687) Dice:0.5654 (Avg 0.7791) LR 1.41e-04   (AvgTime 0.5)   
   [Train] Epoch: [8][280/357]  Loss:0.111 (Avg 0.1215) IoU:0.685 (Avg 0.6698) Dice:0.7936 (Avg 0.7800) LR 1.41e-04   (AvgTime 0.6)   
   [Train] Epoch: [8][300/357]  Loss:0.099 (Avg 0.1219) IoU:0.718 (Avg 0.6687) Dice:0.8308 (Avg 0.7792) LR 1.41e-04   (AvgTime 0.6)   
   [Train] Epoch: [8][320/357]  Loss:0.120 (Avg 0.1219) IoU:0.653 (Avg 0.6685) Dice:0.7631 (Avg 0.7792) LR 1.41e-04   (AvgTime 0.6)   
   [Train] Epoch: [8][340/357]  Loss:0.135 (Avg 0.1217) IoU:0.618 (Avg 0.6689) Dice:0.7306 (Avg 0.7792) LR 1.41e-04   (AvgTime 0.6)   
   [Train] Epoch: [8][357/357]  Loss:0.139 (Avg 0.1217) IoU:0.660 (Avg 0.6692) Dice:0.7563 (Avg 0.7793) LR 1.41e-04   (AvgTime 0.6)   
   [Train] Loss components: dice=0.193043, focal=0.050292, total=0.121668
Validation
   [Val] Epoch: [8][20/90]  Loss:0.137 (Avg 0.1126) IoU:0.653 (Avg 0.7057) Dice:0.7723 (Avg 0.8122) (AvgTime 0.3)   
   [Val] Epoch: [8][40/90]  Loss:0.106 (Avg 0.1203) IoU:0.707 (Avg 0.6858) Dice:0.8165 (Avg 0.7934) (AvgTime 0.2)   
   [Val] Epoch: [8][60/90]  Loss:0.144 (Avg 0.1138) IoU:0.643 (Avg 0.6950) Dice:0.7503 (Avg 0.8001) (AvgTime 0.2)   
   [Val] Epoch: [8][80/90]  Loss:0.098 (Avg 0.1132) IoU:0.717 (Avg 0.6938) Dice:0.8201 (Avg 0.7991) (AvgTime 0.2)   
   [Val] Epoch: [8][90/90]  Loss:0.135 (Avg 0.1136) IoU:0.602 (Avg 0.6923) Dice:0.7325 (Avg 0.7979) (AvgTime 0.2)   
   [Val] Loss components: dice=0.177092, focal=0.050042, total=0.113567
	 Saving best model by iou: 0.692304
	 Saving to Covid19/BetterLViT/c4_race_pe_control/C4_Test_session_09.09_15h44/models//best_model-BetterLViT.pth.tar
	 early_stopping_count: 0/80
--- Epoch History (1..8) ---
Epoch |  TrainLoss |  TrainDice |  TrainIoU |    ValLoss |    ValDice |    ValIoU |         LR | Best
    1 |     0.2379 |     0.6073 |    0.4776 |     0.1928 |     0.6881 |    0.5656 |   3.00e-04 |     
    2 |     0.1735 |     0.6993 |    0.5754 |     0.1794 |     0.6884 |    0.5646 |   2.95e-04 |     
    3 |     0.1551 |     0.7275 |    0.6080 |     0.1434 |     0.7519 |    0.6362 |   2.81e-04 |     
    4 |     0.1433 |     0.7455 |    0.6288 |     0.1249 |     0.7776 |    0.6670 |   2.59e-04 |     
    5 |     0.1385 |     0.7532 |    0.6372 |     0.1294 |     0.7623 |    0.6477 |   2.31e-04 |     
    6 |     0.1322 |     0.7635 |    0.6498 |     0.1199 |     0.7896 |    0.6818 |   2.00e-04 |     
    7 |     0.1269 |     0.7728 |    0.6612 |     0.1228 |     0.7847 |    0.6751 |   1.69e-04 |     
    8 |     0.1217 |     0.7793 |    0.6692 |     0.1136 |     0.7979 |    0.6923 |   1.41e-04 |    *
--- RACE-PE 80e validation screen: control validation statistics ---
up4: ca=0.9054+/-0.0998, sa=0.9995+/-0.0065, amp=0.0000, suppress=0.0000, guide_abs=0.2480
up4 residuals: local_mean=-1.883e-04, global_mean=-0.0061, local_strength=0.1061, global_strength=0.0971, gain=[0.9760,1.0244], saturation=0.0041, text_film=0.0117
up4 haar: reconstruction_error=9.537e-07, skip_low/high=0.8041/0.1959, plam_low/high=1.0000/0.0000
up4 strengths: plam=0.9840, region=0.1061, detail=0.0971; residual_std region/detail/refine=0.2655/0.4303/0.1407
up4 guide_mix: entropy=0.9770, raw_low=0.2996, plam_low=0.2537, decoder_low=0.2964, detail=0.1503; agreement plam/decoder=0.6277/0.4967, support=0.7569+/-0.0706
up4 adaptive_frequency: ALPF strength=0.2164, weights=0.1567/0.6896/0.1537, sum=1.0000, entropy=0.7576, delta_std=0.1493; AHPF strength=0.0814, weights=0.4029/0.4402/0.1568, sum=1.0000, entropy=0.9177, residual_std=0.1563, scaled_std=0.0127
up3: ca=0.9861+/-0.1458, sa=0.9969+/-0.0103, amp=0.0000, suppress=0.0000, guide_abs=0.2901
up3 residuals: local_mean=-2.241e-02, global_mean=-0.0067, local_strength=0.1078, global_strength=0.1081, gain=[0.9435,1.0421], saturation=0.0097, text_film=0.0246
up3 haar: reconstruction_error=9.537e-07, skip_low/high=0.7946/0.2054, plam_low/high=1.0000/0.0000
up3 strengths: plam=0.9781, region=0.1078, detail=0.1081; residual_std region/detail/refine=0.4892/0.4616/0.2716
up3 guide_mix: entropy=0.9765, raw_low=0.3041, plam_low=0.2566, decoder_low=0.2904, detail=0.1489; agreement plam/decoder=0.6607/-0.0227, support=0.6632+/-0.1130
up3 adaptive_frequency: ALPF strength=0.2159, weights=0.2267/0.6134/0.1598, sum=1.0000, entropy=0.8328, delta_std=0.0792; AHPF strength=0.0892, weights=0.3608/0.4185/0.2207, sum=1.0000, entropy=0.9445, residual_std=0.1759, scaled_std=0.0157
up2: ca=0.9491+/-0.1075, sa=1.0004+/-0.0051, amp=0.0000, suppress=0.0000, guide_abs=0.2920
up2 residuals: local_mean=-4.646e-03, global_mean=0.0084, local_strength=0.1095, global_strength=0.1053, gain=[0.9558,1.0493], saturation=0.0000, text_film=0.0211
up2 haar: reconstruction_error=1.311e-06, skip_low/high=0.8238/0.1762, plam_low/high=1.0000/0.0000
up2 strengths: plam=0.9740, region=0.1095, detail=0.1053; residual_std region/detail/refine=0.2076/0.3154/0.1347
up2 guide_mix: entropy=0.9624, raw_low=0.2949, plam_low=0.2938, decoder_low=0.2907, detail=0.1205; agreement plam/decoder=0.6457/-0.0125, support=0.6032+/-0.0885
up1: ca=0.9359+/-0.1123, sa=0.9978+/-0.0139, amp=0.0000, suppress=0.0000, guide_abs=0.2321
up1 residuals: local_mean=-1.309e-02, global_mean=-0.0076, local_strength=0.1139, global_strength=0.1004, gain=[0.9039,1.0939], saturation=0.0000, text_film=0.0246
up1 haar: reconstruction_error=1.907e-06, skip_low/high=0.7490/0.2510, plam_low/high=1.0000/0.0000
up1 strengths: plam=0.9703, region=0.1139, detail=0.1004; residual_std region/detail/refine=0.2629/0.3562/0.0632
up1 guide_mix: entropy=0.9412, raw_low=0.2651, plam_low=0.3364, decoder_low=0.3028, detail=0.0957; agreement plam/decoder=0.4510/-0.1097, support=0.5482+/-0.0629

========= Epoch [9/80] =========
C4_Test_session_09.09_15h44
Training with batch size : 16
   [Train] Epoch: [9][20/357]  Loss:0.113 (Avg 0.1146) IoU:0.731 (Avg 0.6789) Dice:0.8319 (Avg 0.7901) LR 1.19e-04   (AvgTime 0.6)   
   [Train] Epoch: [9][40/357]  Loss:0.135 (Avg 0.1184) IoU:0.697 (Avg 0.6734) Dice:0.7860 (Avg 0.7836) LR 1.19e-04   (AvgTime 0.6)   
   [Train] Epoch: [9][60/357]  Loss:0.126 (Avg 0.1172) IoU:0.666 (Avg 0.6776) Dice:0.7844 (Avg 0.7865) LR 1.19e-04   (AvgTime 0.6)   
   [Train] Epoch: [9][80/357]  Loss:0.108 (Avg 0.1185) IoU:0.705 (Avg 0.6780) Dice:0.8074 (Avg 0.7862) LR 1.19e-04   (AvgTime 0.5)   
   [Train] Epoch: [9][100/357]  Loss:0.119 (Avg 0.1209) IoU:0.669 (Avg 0.6705) Dice:0.7759 (Avg 0.7802) LR 1.19e-04   (AvgTime 0.5)   
   [Train] Epoch: [9][120/357]  Loss:0.104 (Avg 0.1204) IoU:0.694 (Avg 0.6718) Dice:0.8040 (Avg 0.7810) LR 1.19e-04   (AvgTime 0.5)   
   [Train] Epoch: [9][140/357]  Loss:0.093 (Avg 0.1202) IoU:0.720 (Avg 0.6725) Dice:0.8278 (Avg 0.7820) LR 1.19e-04   (AvgTime 0.5)   
   [Train] Epoch: [9][160/357]  Loss:0.120 (Avg 0.1214) IoU:0.669 (Avg 0.6709) Dice:0.7850 (Avg 0.7805) LR 1.19e-04   (AvgTime 0.5)   
   [Train] Epoch: [9][180/357]  Loss:0.102 (Avg 0.1218) IoU:0.709 (Avg 0.6694) Dice:0.8175 (Avg 0.7793) LR 1.19e-04   (AvgTime 0.5)   
   [Train] Epoch: [9][200/357]  Loss:0.094 (Avg 0.1205) IoU:0.728 (Avg 0.6723) Dice:0.8287 (Avg 0.7817) LR 1.19e-04   (AvgTime 0.5)   
   [Train] Epoch: [9][220/357]  Loss:0.153 (Avg 0.1205) IoU:0.589 (Avg 0.6727) Dice:0.6965 (Avg 0.7820) LR 1.19e-04   (AvgTime 0.5)   
   [Train] Epoch: [9][240/357]  Loss:0.107 (Avg 0.1196) IoU:0.732 (Avg 0.6749) Dice:0.8212 (Avg 0.7838) LR 1.19e-04   (AvgTime 0.5)   
   [Train] Epoch: [9][260/357]  Loss:0.145 (Avg 0.1200) IoU:0.603 (Avg 0.6738) Dice:0.7280 (Avg 0.7827) LR 1.19e-04   (AvgTime 0.5)   
   [Train] Epoch: [9][280/357]  Loss:0.093 (Avg 0.1198) IoU:0.719 (Avg 0.6741) Dice:0.8230 (Avg 0.7831) LR 1.19e-04   (AvgTime 0.5)   
   [Train] Epoch: [9][300/357]  Loss:0.095 (Avg 0.1194) IoU:0.714 (Avg 0.6752) Dice:0.8182 (Avg 0.7842) LR 1.19e-04   (AvgTime 0.5)   
   [Train] Epoch: [9][320/357]  Loss:0.112 (Avg 0.1196) IoU:0.662 (Avg 0.6744) Dice:0.7826 (Avg 0.7834) LR 1.19e-04   (AvgTime 0.5)   
   [Train] Epoch: [9][340/357]  Loss:0.136 (Avg 0.1198) IoU:0.652 (Avg 0.6739) Dice:0.7713 (Avg 0.7830) LR 1.19e-04   (AvgTime 0.5)   
   [Train] Epoch: [9][357/357]  Loss:0.106 (Avg 0.1195) IoU:0.706 (Avg 0.6745) Dice:0.8070 (Avg 0.7835) LR 1.19e-04   (AvgTime 0.5)   
   [Train] Loss components: dice=0.189530, focal=0.049551, total=0.119541
Validation
   [Val] Epoch: [9][20/90]  Loss:0.150 (Avg 0.1217) IoU:0.623 (Avg 0.6923) Dice:0.7481 (Avg 0.8013) (AvgTime 0.3)   
   [Val] Epoch: [9][40/90]  Loss:0.121 (Avg 0.1278) IoU:0.686 (Avg 0.6745) Dice:0.8010 (Avg 0.7846) (AvgTime 0.2)   
   [Val] Epoch: [9][60/90]  Loss:0.161 (Avg 0.1203) IoU:0.626 (Avg 0.6854) Dice:0.7416 (Avg 0.7929) (AvgTime 0.2)   
   [Val] Epoch: [9][80/90]  Loss:0.099 (Avg 0.1191) IoU:0.712 (Avg 0.6846) Dice:0.8186 (Avg 0.7922) (AvgTime 0.2)   
   [Val] Epoch: [9][90/90]  Loss:0.138 (Avg 0.1192) IoU:0.590 (Avg 0.6831) Dice:0.7225 (Avg 0.7913) (AvgTime 0.2)   
   [Val] Loss components: dice=0.178556, focal=0.059943, total=0.119250
	 No iou improvement; selected epoch 8
	 early_stopping_count: 1/80
--- Epoch History (1..9) ---
Epoch |  TrainLoss |  TrainDice |  TrainIoU |    ValLoss |    ValDice |    ValIoU |         LR | Best
    1 |     0.2379 |     0.6073 |    0.4776 |     0.1928 |     0.6881 |    0.5656 |   3.00e-04 |     
    2 |     0.1735 |     0.6993 |    0.5754 |     0.1794 |     0.6884 |    0.5646 |   2.95e-04 |     
    3 |     0.1551 |     0.7275 |    0.6080 |     0.1434 |     0.7519 |    0.6362 |   2.81e-04 |     
    4 |     0.1433 |     0.7455 |    0.6288 |     0.1249 |     0.7776 |    0.6670 |   2.59e-04 |     
    5 |     0.1385 |     0.7532 |    0.6372 |     0.1294 |     0.7623 |    0.6477 |   2.31e-04 |     
    6 |     0.1322 |     0.7635 |    0.6498 |     0.1199 |     0.7896 |    0.6818 |   2.00e-04 |     
    7 |     0.1269 |     0.7728 |    0.6612 |     0.1228 |     0.7847 |    0.6751 |   1.69e-04 |     
    8 |     0.1217 |     0.7793 |    0.6692 |     0.1136 |     0.7979 |    0.6923 |   1.41e-04 |    *
    9 |     0.1195 |     0.7835 |    0.6745 |     0.1192 |     0.7913 |    0.6831 |   1.19e-04 |     
--- RACE-PE 80e validation screen: control validation statistics ---
up4: ca=0.9108+/-0.0952, sa=0.9990+/-0.0073, amp=0.0000, suppress=0.0000, guide_abs=0.2109
up4 residuals: local_mean=1.452e-03, global_mean=-0.0128, local_strength=0.1062, global_strength=0.0973, gain=[0.9748,1.0266], saturation=0.0041, text_film=0.0122
up4 haar: reconstruction_error=9.537e-07, skip_low/high=0.8003/0.1997, plam_low/high=1.0000/0.0000
up4 strengths: plam=0.9833, region=0.1062, detail=0.0973; residual_std region/detail/refine=0.2617/0.4515/0.1604
up4 guide_mix: entropy=0.9779, raw_low=0.3069, plam_low=0.2480, decoder_low=0.2912, detail=0.1540; agreement plam/decoder=0.6808/0.4485, support=0.7353+/-0.0803
up4 adaptive_frequency: ALPF strength=0.2170, weights=0.1542/0.6820/0.1639, sum=1.0000, entropy=0.7679, delta_std=0.1518; AHPF strength=0.0813, weights=0.4055/0.4371/0.1574, sum=1.0000, entropy=0.9206, residual_std=0.1630, scaled_std=0.0133
up3: ca=0.9875+/-0.1351, sa=0.9975+/-0.0091, amp=0.0000, suppress=0.0000, guide_abs=0.2957
up3 residuals: local_mean=-2.011e-02, global_mean=-0.0030, local_strength=0.1079, global_strength=0.1082, gain=[0.9542,1.0455], saturation=0.0148, text_film=0.0240
up3 haar: reconstruction_error=9.537e-07, skip_low/high=0.7965/0.2035, plam_low/high=1.0000/0.0000
up3 strengths: plam=0.9774, region=0.1079, detail=0.1082; residual_std region/detail/refine=0.4818/0.4518/0.2615
up3 guide_mix: entropy=0.9757, raw_low=0.3026, plam_low=0.2587, decoder_low=0.2919, detail=0.1468; agreement plam/decoder=0.5925/-0.0099, support=0.6631+/-0.1191
up3 adaptive_frequency: ALPF strength=0.2165, weights=0.1886/0.6071/0.2043, sum=1.0000, entropy=0.8374, delta_std=0.0838; AHPF strength=0.0892, weights=0.5306/0.3184/0.1509, sum=1.0000, entropy=0.8730, residual_std=0.1258, scaled_std=0.0112
up2: ca=0.9563+/-0.1025, sa=1.0007+/-0.0051, amp=0.0000, suppress=0.0000, guide_abs=0.3134
up2 residuals: local_mean=-4.043e-03, global_mean=0.0108, local_strength=0.1097, global_strength=0.1053, gain=[0.9548,1.0491], saturation=0.0003, text_film=0.0183
up2 haar: reconstruction_error=9.537e-07, skip_low/high=0.8197/0.1803, plam_low/high=1.0000/0.0000
up2 strengths: plam=0.9730, region=0.1097, detail=0.1053; residual_std region/detail/refine=0.1973/0.3084/0.1198
up2 guide_mix: entropy=0.9604, raw_low=0.2836, plam_low=0.2831, decoder_low=0.3147, detail=0.1187; agreement plam/decoder=0.6929/0.0758, support=0.6070+/-0.0898
up1: ca=0.9408+/-0.1137, sa=0.9981+/-0.0135, amp=0.0000, suppress=0.0000, guide_abs=0.2224
up1 residuals: local_mean=-1.167e-02, global_mean=-0.0067, local_strength=0.1141, global_strength=0.1005, gain=[0.9046,1.0936], saturation=0.0000, text_film=0.0238
up1 haar: reconstruction_error=1.431e-06, skip_low/high=0.7503/0.2497, plam_low/high=1.0000/0.0000
up1 strengths: plam=0.9695, region=0.1141, detail=0.1005; residual_std region/detail/refine=0.2505/0.3437/0.0613
up1 guide_mix: entropy=0.9385, raw_low=0.2572, plam_low=0.3140, decoder_low=0.3352, detail=0.0936; agreement plam/decoder=0.6231/-0.0881, support=0.5477+/-0.0636

========= Epoch [10/80] =========
C4_Test_session_09.09_15h44
Training with batch size : 16
   [Train] Epoch: [10][20/357]  Loss:0.085 (Avg 0.1127) IoU:0.756 (Avg 0.6856) Dice:0.8475 (Avg 0.7950) LR 1.05e-04   (AvgTime 0.6)   
   [Train] Epoch: [10][40/357]  Loss:0.087 (Avg 0.1129) IoU:0.737 (Avg 0.6888) Dice:0.8377 (Avg 0.7976) LR 1.05e-04   (AvgTime 0.6)   
   [Train] Epoch: [10][60/357]  Loss:0.125 (Avg 0.1132) IoU:0.671 (Avg 0.6867) Dice:0.7894 (Avg 0.7960) LR 1.05e-04   (AvgTime 0.5)   
   [Train] Epoch: [10][80/357]  Loss:0.109 (Avg 0.1158) IoU:0.675 (Avg 0.6811) Dice:0.7919 (Avg 0.7909) LR 1.05e-04   (AvgTime 0.5)   
   [Train] Epoch: [10][100/357]  Loss:0.122 (Avg 0.1158) IoU:0.664 (Avg 0.6823) Dice:0.7683 (Avg 0.7912) LR 1.05e-04   (AvgTime 0.5)   
   [Train] Epoch: [10][120/357]  Loss:0.113 (Avg 0.1159) IoU:0.660 (Avg 0.6815) Dice:0.7831 (Avg 0.7901) LR 1.05e-04   (AvgTime 0.5)   
   [Train] Epoch: [10][140/357]  Loss:0.187 (Avg 0.1167) IoU:0.558 (Avg 0.6794) Dice:0.6621 (Avg 0.7881) LR 1.05e-04   (AvgTime 0.5)   
   [Train] Epoch: [10][160/357]  Loss:0.142 (Avg 0.1172) IoU:0.599 (Avg 0.6790) Dice:0.7241 (Avg 0.7877) LR 1.05e-04   (AvgTime 0.5)   
   [Train] Epoch: [10][180/357]  Loss:0.118 (Avg 0.1167) IoU:0.683 (Avg 0.6799) Dice:0.7944 (Avg 0.7883) LR 1.05e-04   (AvgTime 0.5)   
   [Train] Epoch: [10][200/357]  Loss:0.114 (Avg 0.1172) IoU:0.659 (Avg 0.6785) Dice:0.7755 (Avg 0.7870) LR 1.05e-04   (AvgTime 0.5)   
   [Train] Epoch: [10][220/357]  Loss:0.109 (Avg 0.1166) IoU:0.701 (Avg 0.6796) Dice:0.8035 (Avg 0.7880) LR 1.05e-04   (AvgTime 0.5)   
   [Train] Epoch: [10][240/357]  Loss:0.172 (Avg 0.1171) IoU:0.567 (Avg 0.6785) Dice:0.7004 (Avg 0.7871) LR 1.05e-04   (AvgTime 0.5)   
   [Train] Epoch: [10][260/357]  Loss:0.056 (Avg 0.1165) IoU:0.827 (Avg 0.6804) Dice:0.9009 (Avg 0.7887) LR 1.05e-04   (AvgTime 0.5)   
   [Train] Epoch: [10][280/357]  Loss:0.085 (Avg 0.1162) IoU:0.757 (Avg 0.6814) Dice:0.8551 (Avg 0.7894) LR 1.05e-04   (AvgTime 0.5)   
   [Train] Epoch: [10][300/357]  Loss:0.105 (Avg 0.1161) IoU:0.695 (Avg 0.6815) Dice:0.7934 (Avg 0.7895) LR 1.05e-04   (AvgTime 0.5)   
   [Train] Epoch: [10][320/357]  Loss:0.108 (Avg 0.1159) IoU:0.719 (Avg 0.6821) Dice:0.8045 (Avg 0.7898) LR 1.05e-04   (AvgTime 0.5)   
   [Train] Epoch: [10][340/357]  Loss:0.091 (Avg 0.1162) IoU:0.746 (Avg 0.6811) Dice:0.8307 (Avg 0.7889) LR 1.05e-04   (AvgTime 0.5)   
   [Train] Epoch: [10][357/357]  Loss:0.159 (Avg 0.1163) IoU:0.625 (Avg 0.6813) Dice:0.7423 (Avg 0.7892) LR 1.05e-04   (AvgTime 0.5)   
   [Train] Loss components: dice=0.183965, focal=0.048670, total=0.116317
Validation
   [Val] Epoch: [10][20/90]  Loss:0.151 (Avg 0.1174) IoU:0.638 (Avg 0.6864) Dice:0.7530 (Avg 0.7960) (AvgTime 0.3)   
   [Val] Epoch: [10][40/90]  Loss:0.119 (Avg 0.1250) IoU:0.652 (Avg 0.6671) Dice:0.7730 (Avg 0.7772) (AvgTime 0.2)   
   [Val] Epoch: [10][60/90]  Loss:0.150 (Avg 0.1182) IoU:0.624 (Avg 0.6778) Dice:0.7298 (Avg 0.7849) (AvgTime 0.2)   
   [Val] Epoch: [10][80/90]  Loss:0.114 (Avg 0.1171) IoU:0.665 (Avg 0.6773) Dice:0.7797 (Avg 0.7848) (AvgTime 0.2)   
   [Val] Epoch: [10][90/90]  Loss:0.135 (Avg 0.1168) IoU:0.600 (Avg 0.6775) Dice:0.7354 (Avg 0.7850) (AvgTime 0.2)   
   [Val] Loss components: dice=0.188890, focal=0.044675, total=0.116783
	 No iou improvement; selected epoch 8
	 early_stopping_count: 2/80
--- Epoch History (1..10) ---
Epoch |  TrainLoss |  TrainDice |  TrainIoU |    ValLoss |    ValDice |    ValIoU |         LR | Best
    1 |     0.2379 |     0.6073 |    0.4776 |     0.1928 |     0.6881 |    0.5656 |   3.00e-04 |     
    2 |     0.1735 |     0.6993 |    0.5754 |     0.1794 |     0.6884 |    0.5646 |   2.95e-04 |     
    3 |     0.1551 |     0.7275 |    0.6080 |     0.1434 |     0.7519 |    0.6362 |   2.81e-04 |     
    4 |     0.1433 |     0.7455 |    0.6288 |     0.1249 |     0.7776 |    0.6670 |   2.59e-04 |     
    5 |     0.1385 |     0.7532 |    0.6372 |     0.1294 |     0.7623 |    0.6477 |   2.31e-04 |     
    6 |     0.1322 |     0.7635 |    0.6498 |     0.1199 |     0.7896 |    0.6818 |   2.00e-04 |     
    7 |     0.1269 |     0.7728 |    0.6612 |     0.1228 |     0.7847 |    0.6751 |   1.69e-04 |     
    8 |     0.1217 |     0.7793 |    0.6692 |     0.1136 |     0.7979 |    0.6923 |   1.41e-04 |    *
    9 |     0.1195 |     0.7835 |    0.6745 |     0.1192 |     0.7913 |    0.6831 |   1.19e-04 |     
   10 |     0.1163 |     0.7892 |    0.6813 |     0.1168 |     0.7850 |    0.6775 |   1.05e-04 |     
--- RACE-PE 80e validation screen: control validation statistics ---
up4: ca=0.9160+/-0.0948, sa=0.9997+/-0.0059, amp=0.0000, suppress=0.0000, guide_abs=0.2453
up4 residuals: local_mean=3.260e-03, global_mean=-0.0080, local_strength=0.1062, global_strength=0.0973, gain=[0.9792,1.0227], saturation=0.0051, text_film=0.0120
up4 haar: reconstruction_error=7.153e-07, skip_low/high=0.8021/0.1979, plam_low/high=1.0000/0.0000
up4 strengths: plam=0.9826, region=0.1062, detail=0.0973; residual_std region/detail/refine=0.2737/0.4270/0.1558
up4 guide_mix: entropy=0.9775, raw_low=0.3076, plam_low=0.2512, decoder_low=0.2888, detail=0.1524; agreement plam/decoder=0.6528/0.4538, support=0.7545+/-0.0710
up4 adaptive_frequency: ALPF strength=0.2178, weights=0.1562/0.6897/0.1541, sum=1.0000, entropy=0.7562, delta_std=0.1419; AHPF strength=0.0811, weights=0.4639/0.3909/0.1452, sum=1.0000, entropy=0.9008, residual_std=0.1385, scaled_std=0.0112
up3: ca=0.9883+/-0.1353, sa=0.9979+/-0.0090, amp=0.0000, suppress=0.0000, guide_abs=0.2983
up3 residuals: local_mean=-1.794e-02, global_mean=-0.0022, local_strength=0.1080, global_strength=0.1084, gain=[0.9533,1.0400], saturation=0.0120, text_film=0.0262
up3 haar: reconstruction_error=9.537e-07, skip_low/high=0.7915/0.2085, plam_low/high=1.0000/0.0000
up3 strengths: plam=0.9768, region=0.1080, detail=0.1084; residual_std region/detail/refine=0.4626/0.4443/0.2583
up3 guide_mix: entropy=0.9769, raw_low=0.3011, plam_low=0.2604, decoder_low=0.2895, detail=0.1489; agreement plam/decoder=0.6219/-0.1707, support=0.6568+/-0.1182
up3 adaptive_frequency: ALPF strength=0.2173, weights=0.1955/0.5954/0.2091, sum=1.0000, entropy=0.8152, delta_std=0.0801; AHPF strength=0.0893, weights=0.4606/0.3480/0.1914, sum=1.0000, entropy=0.8715, residual_std=0.1526, scaled_std=0.0136
up2: ca=0.9588+/-0.1095, sa=1.0007+/-0.0050, amp=0.0000, suppress=0.0000, guide_abs=0.3434
up2 residuals: local_mean=-4.278e-03, global_mean=0.0111, local_strength=0.1098, global_strength=0.1054, gain=[0.9533,1.0501], saturation=0.0000, text_film=0.0204
up2 haar: reconstruction_error=1.192e-06, skip_low/high=0.8138/0.1862, plam_low/high=1.0000/0.0000
up2 strengths: plam=0.9721, region=0.1098, detail=0.1054; residual_std region/detail/refine=0.1946/0.3133/0.1180
up2 guide_mix: entropy=0.9611, raw_low=0.2835, plam_low=0.2803, decoder_low=0.3162, detail=0.1201; agreement plam/decoder=0.7582/0.0726, support=0.6038+/-0.0888
up1: ca=0.9432+/-0.1086, sa=0.9982+/-0.0135, amp=0.0000, suppress=0.0000, guide_abs=0.2366
up1 residuals: local_mean=-1.102e-02, global_mean=-0.0063, local_strength=0.1142, global_strength=0.1006, gain=[0.9040,1.0944], saturation=0.0000, text_film=0.0263
up1 haar: reconstruction_error=1.431e-06, skip_low/high=0.7426/0.2574, plam_low/high=1.0000/0.0000
up1 strengths: plam=0.9687, region=0.1142, detail=0.1006; residual_std region/detail/refine=0.2271/0.3475/0.0635
up1 guide_mix: entropy=0.9378, raw_low=0.2490, plam_low=0.3271, decoder_low=0.3298, detail=0.0941; agreement plam/decoder=0.5548/-0.1110, support=0.5481+/-0.0613

========= Epoch [11/80] =========
C4_Test_session_09.09_15h44
Training with batch size : 16
   [Train] Epoch: [11][20/357]  Loss:0.113 (Avg 0.1242) IoU:0.683 (Avg 0.6646) Dice:0.7881 (Avg 0.7748) LR 3.00e-04   (AvgTime 0.6)   
   [Train] Epoch: [11][40/357]  Loss:0.173 (Avg 0.1335) IoU:0.611 (Avg 0.6454) Dice:0.7195 (Avg 0.7579) LR 3.00e-04   (AvgTime 0.5)   
   [Train] Epoch: [11][60/357]  Loss:0.130 (Avg 0.1353) IoU:0.642 (Avg 0.6442) Dice:0.7670 (Avg 0.7576) LR 3.00e-04   (AvgTime 0.5)   
   [Train] Epoch: [11][80/357]  Loss:0.143 (Avg 0.1441) IoU:0.653 (Avg 0.6304) Dice:0.7783 (Avg 0.7458) LR 3.00e-04   (AvgTime 0.5)   
   [Train] Epoch: [11][100/357]  Loss:0.091 (Avg 0.1439) IoU:0.752 (Avg 0.6298) Dice:0.8470 (Avg 0.7460) LR 3.00e-04   (AvgTime 0.5)   
   [Train] Epoch: [11][120/357]  Loss:0.157 (Avg 0.1435) IoU:0.628 (Avg 0.6297) Dice:0.7338 (Avg 0.7460) LR 3.00e-04   (AvgTime 0.5)   
   [Train] Epoch: [11][140/357]  Loss:0.120 (Avg 0.1450) IoU:0.659 (Avg 0.6259) Dice:0.7798 (Avg 0.7429) LR 3.00e-04   (AvgTime 0.5)   
   [Train] Epoch: [11][160/357]  Loss:0.167 (Avg 0.1442) IoU:0.595 (Avg 0.6278) Dice:0.7153 (Avg 0.7451) LR 3.00e-04   (AvgTime 0.5)   
   [Train] Epoch: [11][180/357]  Loss:0.163 (Avg 0.1445) IoU:0.593 (Avg 0.6275) Dice:0.7356 (Avg 0.7450) LR 3.00e-04   (AvgTime 0.5)   
   [Train] Epoch: [11][200/357]  Loss:0.130 (Avg 0.1444) IoU:0.630 (Avg 0.6269) Dice:0.7552 (Avg 0.7446) LR 3.00e-04   (AvgTime 0.5)   
   [Train] Epoch: [11][220/357]  Loss:0.151 (Avg 0.1438) IoU:0.635 (Avg 0.6284) Dice:0.7377 (Avg 0.7457) LR 3.00e-04   (AvgTime 0.5)   
   [Train] Epoch: [11][240/357]  Loss:0.165 (Avg 0.1442) IoU:0.546 (Avg 0.6269) Dice:0.6840 (Avg 0.7445) LR 3.00e-04   (AvgTime 0.5)   
   [Train] Epoch: [11][260/357]  Loss:0.109 (Avg 0.1422) IoU:0.698 (Avg 0.6305) Dice:0.8102 (Avg 0.7478) LR 3.00e-04   (AvgTime 0.5)   
   [Train] Epoch: [11][280/357]  Loss:0.103 (Avg 0.1411) IoU:0.708 (Avg 0.6330) Dice:0.8228 (Avg 0.7498) LR 3.00e-04   (AvgTime 0.5)   
   [Train] Epoch: [11][300/357]  Loss:0.123 (Avg 0.1405) IoU:0.669 (Avg 0.6341) Dice:0.7874 (Avg 0.7507) LR 3.00e-04   (AvgTime 0.5)   
   [Train] Epoch: [11][320/357]  Loss:0.122 (Avg 0.1401) IoU:0.707 (Avg 0.6352) Dice:0.8145 (Avg 0.7514) LR 3.00e-04   (AvgTime 0.5)   
   [Train] Epoch: [11][340/357]  Loss:0.126 (Avg 0.1404) IoU:0.648 (Avg 0.6349) Dice:0.7659 (Avg 0.7513) LR 3.00e-04   (AvgTime 0.5)   
   [Train] Epoch: [11][357/357]  Loss:0.124 (Avg 0.1403) IoU:0.639 (Avg 0.6355) Dice:0.7523 (Avg 0.7517) LR 3.00e-04   (AvgTime 0.5)   
   [Train] Loss components: dice=0.220504, focal=0.060027, total=0.140265
Validation
   [Val] Epoch: [11][20/90]  Loss:0.152 (Avg 0.1285) IoU:0.620 (Avg 0.6685) Dice:0.7523 (Avg 0.7838) (AvgTime 0.2)   
   [Val] Epoch: [11][40/90]  Loss:0.133 (Avg 0.1346) IoU:0.642 (Avg 0.6510) Dice:0.7688 (Avg 0.7675) (AvgTime 0.2)   
   [Val] Epoch: [11][60/90]  Loss:0.157 (Avg 0.1290) IoU:0.621 (Avg 0.6618) Dice:0.7341 (Avg 0.7753) (AvgTime 0.2)   
   [Val] Epoch: [11][80/90]  Loss:0.112 (Avg 0.1285) IoU:0.699 (Avg 0.6616) Dice:0.8092 (Avg 0.7755) (AvgTime 0.2)   
   [Val] Epoch: [11][90/90]  Loss:0.184 (Avg 0.1291) IoU:0.519 (Avg 0.6602) Dice:0.6516 (Avg 0.7743) (AvgTime 0.2)   
   [Val] Loss components: dice=0.209894, focal=0.048248, total=0.129071
	 No iou improvement; selected epoch 8
	 early_stopping_count: 3/80
--- Epoch History (1..11) ---
Epoch |  TrainLoss |  TrainDice |  TrainIoU |    ValLoss |    ValDice |    ValIoU |         LR | Best
    1 |     0.2379 |     0.6073 |    0.4776 |     0.1928 |     0.6881 |    0.5656 |   3.00e-04 |     
    2 |     0.1735 |     0.6993 |    0.5754 |     0.1794 |     0.6884 |    0.5646 |   2.95e-04 |     
    3 |     0.1551 |     0.7275 |    0.6080 |     0.1434 |     0.7519 |    0.6362 |   2.81e-04 |     
    4 |     0.1433 |     0.7455 |    0.6288 |     0.1249 |     0.7776 |    0.6670 |   2.59e-04 |     
    5 |     0.1385 |     0.7532 |    0.6372 |     0.1294 |     0.7623 |    0.6477 |   2.31e-04 |     
    6 |     0.1322 |     0.7635 |    0.6498 |     0.1199 |     0.7896 |    0.6818 |   2.00e-04 |     
    7 |     0.1269 |     0.7728 |    0.6612 |     0.1228 |     0.7847 |    0.6751 |   1.69e-04 |     
    8 |     0.1217 |     0.7793 |    0.6692 |     0.1136 |     0.7979 |    0.6923 |   1.41e-04 |    *
    9 |     0.1195 |     0.7835 |    0.6745 |     0.1192 |     0.7913 |    0.6831 |   1.19e-04 |     
   10 |     0.1163 |     0.7892 |    0.6813 |     0.1168 |     0.7850 |    0.6775 |   1.05e-04 |     
   11 |     0.1403 |     0.7517 |    0.6355 |     0.1291 |     0.7743 |    0.6602 |   3.00e-04 |     
--- RACE-PE 80e validation screen: control validation statistics ---
up4: ca=0.8514+/-0.1477, sa=1.0002+/-0.0068, amp=0.0000, suppress=0.0000, guide_abs=0.2852
up4 residuals: local_mean=6.330e-03, global_mean=-0.0060, local_strength=0.1068, global_strength=0.0976, gain=[0.9769,1.0220], saturation=0.0000, text_film=0.0125
up4 haar: reconstruction_error=9.537e-07, skip_low/high=0.7970/0.2030, plam_low/high=1.0000/0.0000
up4 strengths: plam=0.9777, region=0.1068, detail=0.0976; residual_std region/detail/refine=0.2278/0.4662/0.1962
up4 guide_mix: entropy=0.9789, raw_low=0.3140, plam_low=0.2403, decoder_low=0.2864, detail=0.1593; agreement plam/decoder=0.5500/0.2926, support=0.7447+/-0.0627
up4 adaptive_frequency: ALPF strength=0.2205, weights=0.1595/0.6892/0.1513, sum=1.0000, entropy=0.7574, delta_std=0.1454; AHPF strength=0.0805, weights=0.3621/0.4677/0.1702, sum=1.0000, entropy=0.9266, residual_std=0.1759, scaled_std=0.0142
up3: ca=0.9726+/-0.1949, sa=0.9980+/-0.0091, amp=0.0000, suppress=0.0000, guide_abs=0.2823
up3 residuals: local_mean=-1.453e-02, global_mean=-0.0046, local_strength=0.1083, global_strength=0.1095, gain=[0.9410,1.0425], saturation=0.0179, text_film=0.0248
up3 haar: reconstruction_error=9.537e-07, skip_low/high=0.8037/0.1963, plam_low/high=1.0000/0.0000
up3 strengths: plam=0.9720, region=0.1083, detail=0.1095; residual_std region/detail/refine=0.4586/0.5168/0.3662
up3 guide_mix: entropy=0.9735, raw_low=0.3137, plam_low=0.2502, decoder_low=0.2911, detail=0.1449; agreement plam/decoder=0.7012/-0.1500, support=0.6846+/-0.1119
up3 adaptive_frequency: ALPF strength=0.2196, weights=0.1963/0.6182/0.1855, sum=1.0000, entropy=0.8142, delta_std=0.0821; AHPF strength=0.0907, weights=0.4280/0.3282/0.2438, sum=1.0000, entropy=0.9109, residual_std=0.1646, scaled_std=0.0149
up2: ca=0.9134+/-0.1440, sa=1.0012+/-0.0049, amp=0.0000, suppress=0.0000, guide_abs=0.3171
up2 residuals: local_mean=-3.820e-03, global_mean=0.0151, local_strength=0.1104, global_strength=0.1063, gain=[0.9583,1.0496], saturation=0.0000, text_film=0.0392
up2 haar: reconstruction_error=1.192e-06, skip_low/high=0.8237/0.1763, plam_low/high=1.0000/0.0000
up2 strengths: plam=0.9647, region=0.1104, detail=0.1063; residual_std region/detail/refine=0.2181/0.3182/0.1556
up2 guide_mix: entropy=0.9592, raw_low=0.2835, plam_low=0.2919, decoder_low=0.3083, detail=0.1163; agreement plam/decoder=0.7458/0.0033, support=0.6127+/-0.0875
up1: ca=0.8850+/-0.1536, sa=0.9981+/-0.0135, amp=0.0000, suppress=0.0000, guide_abs=0.2406
up1 residuals: local_mean=-1.230e-02, global_mean=-0.0052, local_strength=0.1148, global_strength=0.1009, gain=[0.9043,1.0933], saturation=0.0003, text_film=0.0253
up1 haar: reconstruction_error=1.431e-06, skip_low/high=0.7697/0.2303, plam_low/high=1.0000/0.0000
up1 strengths: plam=0.9630, region=0.1148, detail=0.1009; residual_std region/detail/refine=0.2721/0.3461/0.0742
up1 guide_mix: entropy=0.9476, raw_low=0.3116, plam_low=0.2946, decoder_low=0.2937, detail=0.1001; agreement plam/decoder=0.5800/-0.0604, support=0.5504+/-0.0623

========= Epoch [12/80] =========
C4_Test_session_09.09_15h44
Training with batch size : 16
   [Train] Epoch: [12][20/357]  Loss:0.158 (Avg 0.1343) IoU:0.556 (Avg 0.6514) Dice:0.6908 (Avg 0.7603) LR 2.95e-04   (AvgTime 0.5)   
   [Train] Epoch: [12][40/357]  Loss:0.142 (Avg 0.1341) IoU:0.622 (Avg 0.6459) Dice:0.7341 (Avg 0.7591) LR 2.95e-04   (AvgTime 0.5)   
   [Train] Epoch: [12][60/357]  Loss:0.127 (Avg 0.1344) IoU:0.680 (Avg 0.6455) Dice:0.7580 (Avg 0.7586) LR 2.95e-04   (AvgTime 0.5)   
   [Train] Epoch: [12][80/357]  Loss:0.127 (Avg 0.1353) IoU:0.641 (Avg 0.6426) Dice:0.7628 (Avg 0.7568) LR 2.95e-04   (AvgTime 0.5)   
   [Train] Epoch: [12][100/357]  Loss:0.132 (Avg 0.1341) IoU:0.675 (Avg 0.6462) Dice:0.7748 (Avg 0.7593) LR 2.95e-04   (AvgTime 0.5)   
   [Train] Epoch: [12][120/357]  Loss:0.117 (Avg 0.1322) IoU:0.726 (Avg 0.6505) Dice:0.8288 (Avg 0.7635) LR 2.95e-04   (AvgTime 0.5)   
   [Train] Epoch: [12][140/357]  Loss:0.126 (Avg 0.1314) IoU:0.694 (Avg 0.6514) Dice:0.7844 (Avg 0.7644) LR 2.95e-04   (AvgTime 0.5)   
   [Train] Epoch: [12][160/357]  Loss:0.156 (Avg 0.1309) IoU:0.547 (Avg 0.6522) Dice:0.6897 (Avg 0.7654) LR 2.95e-04   (AvgTime 0.5)   
   [Train] Epoch: [12][180/357]  Loss:0.133 (Avg 0.1320) IoU:0.643 (Avg 0.6517) Dice:0.7625 (Avg 0.7651) LR 2.95e-04   (AvgTime 0.5)   
   [Train] Epoch: [12][200/357]  Loss:0.195 (Avg 0.1317) IoU:0.520 (Avg 0.6525) Dice:0.6248 (Avg 0.7657) LR 2.95e-04   (AvgTime 0.5)   
   [Train] Epoch: [12][220/357]  Loss:0.132 (Avg 0.1312) IoU:0.654 (Avg 0.6531) Dice:0.7581 (Avg 0.7663) LR 2.95e-04   (AvgTime 0.5)   
   [Train] Epoch: [12][240/357]  Loss:0.118 (Avg 0.1305) IoU:0.685 (Avg 0.6541) Dice:0.7812 (Avg 0.7670) LR 2.95e-04   (AvgTime 0.5)   
   [Train] Epoch: [12][260/357]  Loss:0.105 (Avg 0.1302) IoU:0.686 (Avg 0.6548) Dice:0.7860 (Avg 0.7676) LR 2.95e-04   (AvgTime 0.5)   
   [Train] Epoch: [12][280/357]  Loss:0.132 (Avg 0.1302) IoU:0.638 (Avg 0.6543) Dice:0.7531 (Avg 0.7672) LR 2.95e-04   (AvgTime 0.5)   
   [Train] Epoch: [12][300/357]  Loss:0.097 (Avg 0.1307) IoU:0.760 (Avg 0.6531) Dice:0.8469 (Avg 0.7661) LR 2.95e-04   (AvgTime 0.5)   
   [Train] Epoch: [12][320/357]  Loss:0.107 (Avg 0.1308) IoU:0.758 (Avg 0.6527) Dice:0.8373 (Avg 0.7657) LR 2.95e-04   (AvgTime 0.5)   
   [Train] Epoch: [12][340/357]  Loss:0.133 (Avg 0.1312) IoU:0.678 (Avg 0.6519) Dice:0.7823 (Avg 0.7649) LR 2.95e-04   (AvgTime 0.5)   
   [Train] Epoch: [12][357/357]  Loss:0.157 (Avg 0.1316) IoU:0.591 (Avg 0.6512) Dice:0.7096 (Avg 0.7641) LR 2.95e-04   (AvgTime 0.5)   
   [Train] Loss components: dice=0.208062, focal=0.055214, total=0.131638
Validation
   [Val] Epoch: [12][20/90]  Loss:0.157 (Avg 0.1311) IoU:0.615 (Avg 0.6691) Dice:0.7401 (Avg 0.7822) (AvgTime 0.3)   
   [Val] Epoch: [12][40/90]  Loss:0.133 (Avg 0.1366) IoU:0.613 (Avg 0.6506) Dice:0.7456 (Avg 0.7647) (AvgTime 0.2)   
   [Val] Epoch: [12][60/90]  Loss:0.153 (Avg 0.1310) IoU:0.618 (Avg 0.6570) Dice:0.7335 (Avg 0.7685) (AvgTime 0.2)   
   [Val] Epoch: [12][80/90]  Loss:0.140 (Avg 0.1320) IoU:0.624 (Avg 0.6530) Dice:0.7344 (Avg 0.7652) (AvgTime 0.2)   
   [Val] Epoch: [12][90/90]  Loss:0.178 (Avg 0.1328) IoU:0.533 (Avg 0.6512) Dice:0.6793 (Avg 0.7636) (AvgTime 0.2)   
   [Val] Loss components: dice=0.208342, focal=0.057216, total=0.132779
	 No iou improvement; selected epoch 8
	 early_stopping_count: 4/80
--- Epoch History (1..12) ---
Epoch |  TrainLoss |  TrainDice |  TrainIoU |    ValLoss |    ValDice |    ValIoU |         LR | Best
    1 |     0.2379 |     0.6073 |    0.4776 |     0.1928 |     0.6881 |    0.5656 |   3.00e-04 |     
    2 |     0.1735 |     0.6993 |    0.5754 |     0.1794 |     0.6884 |    0.5646 |   2.95e-04 |     
    3 |     0.1551 |     0.7275 |    0.6080 |     0.1434 |     0.7519 |    0.6362 |   2.81e-04 |     
    4 |     0.1433 |     0.7455 |    0.6288 |     0.1249 |     0.7776 |    0.6670 |   2.59e-04 |     
    5 |     0.1385 |     0.7532 |    0.6372 |     0.1294 |     0.7623 |    0.6477 |   2.31e-04 |     
    6 |     0.1322 |     0.7635 |    0.6498 |     0.1199 |     0.7896 |    0.6818 |   2.00e-04 |     
    7 |     0.1269 |     0.7728 |    0.6612 |     0.1228 |     0.7847 |    0.6751 |   1.69e-04 |     
    8 |     0.1217 |     0.7793 |    0.6692 |     0.1136 |     0.7979 |    0.6923 |   1.41e-04 |    *
    9 |     0.1195 |     0.7835 |    0.6745 |     0.1192 |     0.7913 |    0.6831 |   1.19e-04 |     
   10 |     0.1163 |     0.7892 |    0.6813 |     0.1168 |     0.7850 |    0.6775 |   1.05e-04 |     
   11 |     0.1403 |     0.7517 |    0.6355 |     0.1291 |     0.7743 |    0.6602 |   3.00e-04 |     
   12 |     0.1316 |     0.7641 |    0.6512 |     0.1328 |     0.7636 |    0.6512 |   2.95e-04 |     
--- RACE-PE 80e validation screen: control validation statistics ---
up4: ca=0.8770+/-0.1398, sa=0.9998+/-0.0078, amp=0.0000, suppress=0.0000, guide_abs=0.2557
up4 residuals: local_mean=1.266e-02, global_mean=-0.0183, local_strength=0.1072, global_strength=0.0980, gain=[0.9753,1.0260], saturation=0.0173, text_film=0.0142
up4 haar: reconstruction_error=9.537e-07, skip_low/high=0.7899/0.2101, plam_low/high=1.0000/0.0000
up4 strengths: plam=0.9745, region=0.1072, detail=0.0980; residual_std region/detail/refine=0.3229/0.4670/0.2162
up4 guide_mix: entropy=0.9817, raw_low=0.3175, plam_low=0.2492, decoder_low=0.2679, detail=0.1653; agreement plam/decoder=0.6384/0.4087, support=0.7656+/-0.0770
up4 adaptive_frequency: ALPF strength=0.2218, weights=0.2010/0.6516/0.1474, sum=1.0000, entropy=0.8034, delta_std=0.1139; AHPF strength=0.0801, weights=0.3546/0.4756/0.1698, sum=1.0000, entropy=0.9231, residual_std=0.1705, scaled_std=0.0137
up3: ca=0.9764+/-0.1900, sa=0.9994+/-0.0084, amp=0.0000, suppress=0.0000, guide_abs=0.2682
up3 residuals: local_mean=-1.214e-02, global_mean=0.0059, local_strength=0.1087, global_strength=0.1100, gain=[0.9615,1.0396], saturation=0.0186, text_film=0.0251
up3 haar: reconstruction_error=9.537e-07, skip_low/high=0.7860/0.2140, plam_low/high=1.0000/0.0000
up3 strengths: plam=0.9692, region=0.1087, detail=0.1100; residual_std region/detail/refine=0.4556/0.4944/0.3580
up3 guide_mix: entropy=0.9762, raw_low=0.2971, plam_low=0.2623, decoder_low=0.2936, detail=0.1470; agreement plam/decoder=0.7438/-0.2414, support=0.6697+/-0.1227
up3 adaptive_frequency: ALPF strength=0.2213, weights=0.2023/0.6195/0.1782, sum=1.0000, entropy=0.7931, delta_std=0.0726; AHPF strength=0.0913, weights=0.3901/0.3717/0.2382, sum=1.0000, entropy=0.8875, residual_std=0.1607, scaled_std=0.0147
up2: ca=0.9191+/-0.1505, sa=1.0014+/-0.0051, amp=0.0000, suppress=0.0000, guide_abs=0.3341
up2 residuals: local_mean=-3.208e-03, global_mean=0.0170, local_strength=0.1110, global_strength=0.1067, gain=[0.9565,1.0504], saturation=0.0000, text_film=0.0313
up2 haar: reconstruction_error=1.147e-06, skip_low/high=0.8102/0.1898, plam_low/high=1.0000/0.0000
up2 strengths: plam=0.9592, region=0.1110, detail=0.1067; residual_std region/detail/refine=0.2097/0.3291/0.1578
up2 guide_mix: entropy=0.9641, raw_low=0.2981, plam_low=0.2760, decoder_low=0.3019, detail=0.1239; agreement plam/decoder=0.7754/-0.0105, support=0.6043+/-0.0834
up1: ca=0.8917+/-0.1425, sa=0.9987+/-0.0132, amp=0.0000, suppress=0.0000, guide_abs=0.2222
up1 residuals: local_mean=-8.369e-03, global_mean=-0.0039, local_strength=0.1154, global_strength=0.1009, gain=[0.9040,1.0950], saturation=0.0000, text_film=0.0278
up1 haar: reconstruction_error=1.907e-06, skip_low/high=0.7423/0.2577, plam_low/high=1.0000/0.0000
up1 strengths: plam=0.9598, region=0.1154, detail=0.1009; residual_std region/detail/refine=0.2547/0.3438/0.0746
up1 guide_mix: entropy=0.9303, raw_low=0.2422, plam_low=0.3337, decoder_low=0.3364, detail=0.0877; agreement plam/decoder=0.6537/0.0044, support=0.5499+/-0.0585

========= Epoch [13/80] =========
C4_Test_session_09.09_15h44
Training with batch size : 16
   [Train] Epoch: [13][20/357]  Loss:0.132 (Avg 0.1304) IoU:0.681 (Avg 0.6484) Dice:0.7675 (Avg 0.7599) LR 2.81e-04   (AvgTime 0.6)   
   [Train] Epoch: [13][40/357]  Loss:0.129 (Avg 0.1290) IoU:0.650 (Avg 0.6518) Dice:0.7650 (Avg 0.7644) LR 2.81e-04   (AvgTime 0.6)   
   [Train] Epoch: [13][60/357]  Loss:0.094 (Avg 0.1281) IoU:0.758 (Avg 0.6564) Dice:0.8559 (Avg 0.7681) LR 2.81e-04   (AvgTime 0.6)   
   [Train] Epoch: [13][80/357]  Loss:0.140 (Avg 0.1269) IoU:0.610 (Avg 0.6575) Dice:0.7419 (Avg 0.7702) LR 2.81e-04   (AvgTime 0.5)   
   [Train] Epoch: [13][100/357]  Loss:0.109 (Avg 0.1256) IoU:0.718 (Avg 0.6598) Dice:0.8164 (Avg 0.7727) LR 2.81e-04   (AvgTime 0.5)   
   [Train] Epoch: [13][120/357]  Loss:0.152 (Avg 0.1263) IoU:0.606 (Avg 0.6589) Dice:0.7080 (Avg 0.7714) LR 2.81e-04   (AvgTime 0.5)   
   [Train] Epoch: [13][140/357]  Loss:0.116 (Avg 0.1262) IoU:0.659 (Avg 0.6599) Dice:0.7749 (Avg 0.7721) LR 2.81e-04   (AvgTime 0.5)   
   [Train] Epoch: [13][160/357]  Loss:0.165 (Avg 0.1259) IoU:0.568 (Avg 0.6596) Dice:0.6940 (Avg 0.7720) LR 2.81e-04   (AvgTime 0.5)   
   [Train] Epoch: [13][180/357]  Loss:0.156 (Avg 0.1259) IoU:0.578 (Avg 0.6599) Dice:0.7074 (Avg 0.7720) LR 2.81e-04   (AvgTime 0.5)   
   [Train] Epoch: [13][200/357]  Loss:0.113 (Avg 0.1259) IoU:0.672 (Avg 0.6603) Dice:0.7890 (Avg 0.7725) LR 2.81e-04   (AvgTime 0.5)   
   [Train] Epoch: [13][220/357]  Loss:0.095 (Avg 0.1268) IoU:0.731 (Avg 0.6591) Dice:0.8370 (Avg 0.7714) LR 2.81e-04   (AvgTime 0.5)   
   [Train] Epoch: [13][240/357]  Loss:0.104 (Avg 0.1276) IoU:0.712 (Avg 0.6581) Dice:0.8264 (Avg 0.7703) LR 2.81e-04   (AvgTime 0.5)   
   [Train] Epoch: [13][260/357]  Loss:0.125 (Avg 0.1281) IoU:0.640 (Avg 0.6575) Dice:0.7579 (Avg 0.7695) LR 2.81e-04   (AvgTime 0.5)   
   [Train] Epoch: [13][280/357]  Loss:0.127 (Avg 0.1276) IoU:0.646 (Avg 0.6587) Dice:0.7610 (Avg 0.7705) LR 2.81e-04   (AvgTime 0.5)   
   [Train] Epoch: [13][300/357]  Loss:0.112 (Avg 0.1274) IoU:0.669 (Avg 0.6592) Dice:0.7900 (Avg 0.7711) LR 2.81e-04   (AvgTime 0.5)   
   [Train] Epoch: [13][320/357]  Loss:0.107 (Avg 0.1266) IoU:0.677 (Avg 0.6609) Dice:0.7875 (Avg 0.7727) LR 2.81e-04   (AvgTime 0.5)   
   [Train] Epoch: [13][340/357]  Loss:0.159 (Avg 0.1268) IoU:0.646 (Avg 0.6604) Dice:0.7659 (Avg 0.7724) LR 2.81e-04   (AvgTime 0.5)   
   [Train] Epoch: [13][357/357]  Loss:0.096 (Avg 0.1263) IoU:0.702 (Avg 0.6610) Dice:0.8085 (Avg 0.7730) LR 2.81e-04   (AvgTime 0.5)   
   [Train] Loss components: dice=0.199430, focal=0.053239, total=0.126334
Validation
   [Val] Epoch: [13][20/90]  Loss:0.172 (Avg 0.1343) IoU:0.574 (Avg 0.6681) Dice:0.7090 (Avg 0.7824) (AvgTime 0.3)   
   [Val] Epoch: [13][40/90]  Loss:0.151 (Avg 0.1431) IoU:0.629 (Avg 0.6495) Dice:0.7529 (Avg 0.7641) (AvgTime 0.2)   
   [Val] Epoch: [13][60/90]  Loss:0.200 (Avg 0.1381) IoU:0.572 (Avg 0.6573) Dice:0.6969 (Avg 0.7698) (AvgTime 0.2)   
   [Val] Epoch: [13][80/90]  Loss:0.111 (Avg 0.1399) IoU:0.698 (Avg 0.6528) Dice:0.8138 (Avg 0.7656) (AvgTime 0.2)   
   [Val] Epoch: [13][90/90]  Loss:0.168 (Avg 0.1408) IoU:0.565 (Avg 0.6509) Dice:0.6984 (Avg 0.7642) (AvgTime 0.2)   
   [Val] Loss components: dice=0.202693, focal=0.078863, total=0.140778
	 No iou improvement; selected epoch 8
	 early_stopping_count: 5/80
--- Epoch History (1..13) ---
Epoch |  TrainLoss |  TrainDice |  TrainIoU |    ValLoss |    ValDice |    ValIoU |         LR | Best
    1 |     0.2379 |     0.6073 |    0.4776 |     0.1928 |     0.6881 |    0.5656 |   3.00e-04 |     
    2 |     0.1735 |     0.6993 |    0.5754 |     0.1794 |     0.6884 |    0.5646 |   2.95e-04 |     
    3 |     0.1551 |     0.7275 |    0.6080 |     0.1434 |     0.7519 |    0.6362 |   2.81e-04 |     
    4 |     0.1433 |     0.7455 |    0.6288 |     0.1249 |     0.7776 |    0.6670 |   2.59e-04 |     
    5 |     0.1385 |     0.7532 |    0.6372 |     0.1294 |     0.7623 |    0.6477 |   2.31e-04 |     
    6 |     0.1322 |     0.7635 |    0.6498 |     0.1199 |     0.7896 |    0.6818 |   2.00e-04 |     
    7 |     0.1269 |     0.7728 |    0.6612 |     0.1228 |     0.7847 |    0.6751 |   1.69e-04 |     
    8 |     0.1217 |     0.7793 |    0.6692 |     0.1136 |     0.7979 |    0.6923 |   1.41e-04 |    *
    9 |     0.1195 |     0.7835 |    0.6745 |     0.1192 |     0.7913 |    0.6831 |   1.19e-04 |     
   10 |     0.1163 |     0.7892 |    0.6813 |     0.1168 |     0.7850 |    0.6775 |   1.05e-04 |     
   11 |     0.1403 |     0.7517 |    0.6355 |     0.1291 |     0.7743 |    0.6602 |   3.00e-04 |     
   12 |     0.1316 |     0.7641 |    0.6512 |     0.1328 |     0.7636 |    0.6512 |   2.95e-04 |     
   13 |     0.1263 |     0.7730 |    0.6610 |     0.1408 |     0.7642 |    0.6509 |   2.81e-04 |     
--- RACE-PE 80e validation screen: control validation statistics ---
up4: ca=0.8779+/-0.1321, sa=1.0010+/-0.0100, amp=0.0000, suppress=0.0000, guide_abs=0.2531
up4 residuals: local_mean=1.428e-02, global_mean=-0.0073, local_strength=0.1074, global_strength=0.0982, gain=[0.9628,1.0481], saturation=0.0082, text_film=0.0139
up4 haar: reconstruction_error=5.960e-07, skip_low/high=0.7943/0.2057, plam_low/high=1.0000/0.0000
up4 strengths: plam=0.9717, region=0.1074, detail=0.0982; residual_std region/detail/refine=0.3138/0.4571/0.2234
up4 guide_mix: entropy=0.9801, raw_low=0.3226, plam_low=0.2428, decoder_low=0.2709, detail=0.1637; agreement plam/decoder=0.6449/0.4289, support=0.7614+/-0.0632
up4 adaptive_frequency: ALPF strength=0.2234, weights=0.1840/0.6730/0.1431, sum=1.0000, entropy=0.7781, delta_std=0.1162; AHPF strength=0.0797, weights=0.3718/0.4642/0.1640, sum=1.0000, entropy=0.9238, residual_std=0.1610, scaled_std=0.0128
up3: ca=0.9933+/-0.1816, sa=0.9990+/-0.0083, amp=0.0000, suppress=0.0000, guide_abs=0.2472
up3 residuals: local_mean=-9.622e-03, global_mean=0.0002, local_strength=0.1090, global_strength=0.1105, gain=[0.9497,1.0531], saturation=0.0135, text_film=0.0287
up3 haar: reconstruction_error=9.537e-07, skip_low/high=0.7986/0.2014, plam_low/high=1.0000/0.0000
up3 strengths: plam=0.9667, region=0.1090, detail=0.1105; residual_std region/detail/refine=0.4466/0.5101/0.3690
up3 guide_mix: entropy=0.9755, raw_low=0.3296, plam_low=0.2439, decoder_low=0.2725, detail=0.1539; agreement plam/decoder=0.8130/-0.1523, support=0.6549+/-0.1207
up3 adaptive_frequency: ALPF strength=0.2230, weights=0.1653/0.6187/0.2160, sum=1.0000, entropy=0.7912, delta_std=0.0716; AHPF strength=0.0922, weights=0.4698/0.3248/0.2055, sum=1.0000, entropy=0.8943, residual_std=0.1463, scaled_std=0.0135
up2: ca=0.9398+/-0.1446, sa=1.0013+/-0.0047, amp=0.0000, suppress=0.0000, guide_abs=0.2853
up2 residuals: local_mean=-3.042e-03, global_mean=0.0157, local_strength=0.1116, global_strength=0.1071, gain=[0.9558,1.0509], saturation=0.0015, text_film=0.0384
up2 haar: reconstruction_error=1.192e-06, skip_low/high=0.8214/0.1786, plam_low/high=1.0000/0.0000
up2 strengths: plam=0.9541, region=0.1116, detail=0.1071; residual_std region/detail/refine=0.2403/0.3128/0.1564
up2 guide_mix: entropy=0.9627, raw_low=0.2999, plam_low=0.2743, decoder_low=0.3038, detail=0.1219; agreement plam/decoder=0.7152/0.0307, support=0.6102+/-0.0873
up1: ca=0.9026+/-0.1381, sa=0.9988+/-0.0133, amp=0.0000, suppress=0.0000, guide_abs=0.2432
up1 residuals: local_mean=-7.520e-03, global_mean=-0.0035, local_strength=0.1160, global_strength=0.1013, gain=[0.9043,1.0947], saturation=0.0001, text_film=0.0248
up1 haar: reconstruction_error=1.907e-06, skip_low/high=0.7591/0.2409, plam_low/high=1.0000/0.0000
up1 strengths: plam=0.9569, region=0.1160, detail=0.1013; residual_std region/detail/refine=0.2951/0.3508/0.0862
up1 guide_mix: entropy=0.9481, raw_low=0.3051, plam_low=0.2977, decoder_low=0.2966, detail=0.1006; agreement plam/decoder=0.7221/0.1988, support=0.5498+/-0.0620

========= Epoch [14/80] =========
C4_Test_session_09.09_15h44
Training with batch size : 16
   [Train] Epoch: [14][20/357]  Loss:0.138 (Avg 0.1282) IoU:0.642 (Avg 0.6616) Dice:0.7554 (Avg 0.7709) LR 2.59e-04   (AvgTime 0.6)   
   [Train] Epoch: [14][40/357]  Loss:0.079 (Avg 0.1218) IoU:0.779 (Avg 0.6721) Dice:0.8709 (Avg 0.7804) LR 2.59e-04   (AvgTime 0.6)   
   [Train] Epoch: [14][60/357]  Loss:0.128 (Avg 0.1227) IoU:0.641 (Avg 0.6677) Dice:0.7748 (Avg 0.7775) LR 2.59e-04   (AvgTime 0.6)   
   [Train] Epoch: [14][80/357]  Loss:0.096 (Avg 0.1230) IoU:0.719 (Avg 0.6676) Dice:0.8252 (Avg 0.7781) LR 2.59e-04   (AvgTime 0.6)   
   [Train] Epoch: [14][100/357]  Loss:0.143 (Avg 0.1226) IoU:0.609 (Avg 0.6683) Dice:0.7338 (Avg 0.7790) LR 2.59e-04   (AvgTime 0.6)   
   [Train] Epoch: [14][120/357]  Loss:0.137 (Avg 0.1216) IoU:0.610 (Avg 0.6694) Dice:0.7338 (Avg 0.7806) LR 2.59e-04   (AvgTime 0.6)   
   [Train] Epoch: [14][140/357]  Loss:0.114 (Avg 0.1228) IoU:0.679 (Avg 0.6681) Dice:0.7969 (Avg 0.7793) LR 2.59e-04   (AvgTime 0.6)   
   [Train] Epoch: [14][160/357]  Loss:0.124 (Avg 0.1214) IoU:0.670 (Avg 0.6709) Dice:0.7748 (Avg 0.7816) LR 2.59e-04   (AvgTime 0.6)   
   [Train] Epoch: [14][180/357]  Loss:0.158 (Avg 0.1229) IoU:0.658 (Avg 0.6677) Dice:0.7602 (Avg 0.7787) LR 2.59e-04   (AvgTime 0.6)   
   [Train] Epoch: [14][200/357]  Loss:0.075 (Avg 0.1241) IoU:0.769 (Avg 0.6655) Dice:0.8643 (Avg 0.7763) LR 2.59e-04   (AvgTime 0.6)   
   [Train] Epoch: [14][220/357]  Loss:0.140 (Avg 0.1245) IoU:0.706 (Avg 0.6650) Dice:0.8188 (Avg 0.7759) LR 2.59e-04   (AvgTime 0.6)   
   [Train] Epoch: [14][240/357]  Loss:0.087 (Avg 0.1238) IoU:0.748 (Avg 0.6668) Dice:0.8487 (Avg 0.7774) LR 2.59e-04   (AvgTime 0.6)   
   [Train] Epoch: [14][260/357]  Loss:0.124 (Avg 0.1240) IoU:0.650 (Avg 0.6661) Dice:0.7672 (Avg 0.7769) LR 2.59e-04   (AvgTime 0.5)   
   [Train] Epoch: [14][280/357]  Loss:0.121 (Avg 0.1237) IoU:0.687 (Avg 0.6665) Dice:0.7914 (Avg 0.7773) LR 2.59e-04   (AvgTime 0.5)   
   [Train] Epoch: [14][300/357]  Loss:0.107 (Avg 0.1240) IoU:0.745 (Avg 0.6661) Dice:0.8420 (Avg 0.7769) LR 2.59e-04   (AvgTime 0.5)   
   [Train] Epoch: [14][320/357]  Loss:0.110 (Avg 0.1241) IoU:0.712 (Avg 0.6662) Dice:0.8188 (Avg 0.7771) LR 2.59e-04   (AvgTime 0.5)   
   [Train] Epoch: [14][340/357]  Loss:0.208 (Avg 0.1248) IoU:0.489 (Avg 0.6646) Dice:0.6100 (Avg 0.7758) LR 2.59e-04   (AvgTime 0.5)   
   [Train] Epoch: [14][357/357]  Loss:0.133 (Avg 0.1252) IoU:0.651 (Avg 0.6635) Dice:0.7706 (Avg 0.7749) LR 2.59e-04   (AvgTime 0.5)   
   [Train] Loss components: dice=0.197975, focal=0.052336, total=0.125155
Validation
   [Val] Epoch: [14][20/90]  Loss:0.148 (Avg 0.1207) IoU:0.641 (Avg 0.6958) Dice:0.7634 (Avg 0.8042) (AvgTime 0.3)   
   [Val] Epoch: [14][40/90]  Loss:0.111 (Avg 0.1258) IoU:0.711 (Avg 0.6789) Dice:0.8177 (Avg 0.7883) (AvgTime 0.3)   
   [Val] Epoch: [14][60/90]  Loss:0.160 (Avg 0.1197) IoU:0.607 (Avg 0.6874) Dice:0.7278 (Avg 0.7943) (AvgTime 0.2)   
   [Val] Epoch: [14][80/90]  Loss:0.102 (Avg 0.1185) IoU:0.720 (Avg 0.6873) Dice:0.8248 (Avg 0.7944) (AvgTime 0.2)   
   [Val] Epoch: [14][90/90]  Loss:0.142 (Avg 0.1187) IoU:0.592 (Avg 0.6862) Dice:0.7244 (Avg 0.7935) (AvgTime 0.2)   
   [Val] Loss components: dice=0.182481, focal=0.054980, total=0.118730
	 No iou improvement; selected epoch 8
	 early_stopping_count: 6/80
--- Epoch History (1..14) ---
Epoch |  TrainLoss |  TrainDice |  TrainIoU |    ValLoss |    ValDice |    ValIoU |         LR | Best
    1 |     0.2379 |     0.6073 |    0.4776 |     0.1928 |     0.6881 |    0.5656 |   3.00e-04 |     
    2 |     0.1735 |     0.6993 |    0.5754 |     0.1794 |     0.6884 |    0.5646 |   2.95e-04 |     
    3 |     0.1551 |     0.7275 |    0.6080 |     0.1434 |     0.7519 |    0.6362 |   2.81e-04 |     
    4 |     0.1433 |     0.7455 |    0.6288 |     0.1249 |     0.7776 |    0.6670 |   2.59e-04 |     
    5 |     0.1385 |     0.7532 |    0.6372 |     0.1294 |     0.7623 |    0.6477 |   2.31e-04 |     
    6 |     0.1322 |     0.7635 |    0.6498 |     0.1199 |     0.7896 |    0.6818 |   2.00e-04 |     
    7 |     0.1269 |     0.7728 |    0.6612 |     0.1228 |     0.7847 |    0.6751 |   1.69e-04 |     
    8 |     0.1217 |     0.7793 |    0.6692 |     0.1136 |     0.7979 |    0.6923 |   1.41e-04 |    *
    9 |     0.1195 |     0.7835 |    0.6745 |     0.1192 |     0.7913 |    0.6831 |   1.19e-04 |     
   10 |     0.1163 |     0.7892 |    0.6813 |     0.1168 |     0.7850 |    0.6775 |   1.05e-04 |     
   11 |     0.1403 |     0.7517 |    0.6355 |     0.1291 |     0.7743 |    0.6602 |   3.00e-04 |     
   12 |     0.1316 |     0.7641 |    0.6512 |     0.1328 |     0.7636 |    0.6512 |   2.95e-04 |     
   13 |     0.1263 |     0.7730 |    0.6610 |     0.1408 |     0.7642 |    0.6509 |   2.81e-04 |     
   14 |     0.1252 |     0.7749 |    0.6635 |     0.1187 |     0.7935 |    0.6862 |   2.59e-04 |     
--- RACE-PE 80e validation screen: control validation statistics ---
up4: ca=0.8677+/-0.1259, sa=1.0021+/-0.0088, amp=0.0000, suppress=0.0000, guide_abs=0.2264
up4 residuals: local_mean=2.247e-02, global_mean=-0.0051, local_strength=0.1076, global_strength=0.0986, gain=[0.9752,1.0326], saturation=0.0122, text_film=0.0147
up4 haar: reconstruction_error=9.537e-07, skip_low/high=0.7992/0.2008, plam_low/high=1.0000/0.0000
up4 strengths: plam=0.9695, region=0.1076, detail=0.0986; residual_std region/detail/refine=0.3327/0.4750/0.2605
up4 guide_mix: entropy=0.9788, raw_low=0.3147, plam_low=0.2339, decoder_low=0.2902, detail=0.1612; agreement plam/decoder=0.6225/0.1871, support=0.7736+/-0.0715
up4 adaptive_frequency: ALPF strength=0.2249, weights=0.1786/0.6687/0.1526, sum=1.0000, entropy=0.7850, delta_std=0.1350; AHPF strength=0.0793, weights=0.3443/0.4847/0.1710, sum=1.0000, entropy=0.9268, residual_std=0.1634, scaled_std=0.0129
up3: ca=0.9895+/-0.1806, sa=1.0001+/-0.0073, amp=0.0000, suppress=0.0000, guide_abs=0.2563
up3 residuals: local_mean=-7.613e-03, global_mean=0.0076, local_strength=0.1093, global_strength=0.1109, gain=[0.9636,1.0426], saturation=0.0286, text_film=0.0284
up3 haar: reconstruction_error=9.537e-07, skip_low/high=0.7908/0.2092, plam_low/high=1.0000/0.0000
up3 strengths: plam=0.9641, region=0.1093, detail=0.1109; residual_std region/detail/refine=0.4727/0.5051/0.3697
up3 guide_mix: entropy=0.9763, raw_low=0.3122, plam_low=0.2424, decoder_low=0.2929, detail=0.1526; agreement plam/decoder=0.7498/0.0213, support=0.6464+/-0.1254
up3 adaptive_frequency: ALPF strength=0.2246, weights=0.1420/0.5990/0.2590, sum=1.0000, entropy=0.8004, delta_std=0.0822; AHPF strength=0.0925, weights=0.5331/0.2890/0.1779, sum=1.0000, entropy=0.8715, residual_std=0.1311, scaled_std=0.0121
up2: ca=0.9332+/-0.1812, sa=1.0021+/-0.0048, amp=0.0000, suppress=0.0000, guide_abs=0.3094
up2 residuals: local_mean=-1.018e-04, global_mean=0.0196, local_strength=0.1120, global_strength=0.1074, gain=[0.9609,1.0472], saturation=0.0003, text_film=0.0340
up2 haar: reconstruction_error=1.907e-06, skip_low/high=0.8089/0.1911, plam_low/high=1.0000/0.0000
up2 strengths: plam=0.9494, region=0.1120, detail=0.1074; residual_std region/detail/refine=0.2018/0.3181/0.1562
up2 guide_mix: entropy=0.9609, raw_low=0.2833, plam_low=0.2598, decoder_low=0.3333, detail=0.1236; agreement plam/decoder=0.7481/0.0022, support=0.6169+/-0.0870
up1: ca=0.9036+/-0.1478, sa=0.9989+/-0.0131, amp=0.0000, suppress=0.0000, guide_abs=0.1923
up1 residuals: local_mean=-7.143e-03, global_mean=-0.0025, local_strength=0.1165, global_strength=0.1012, gain=[0.9030,1.0955], saturation=0.0000, text_film=0.0291
up1 haar: reconstruction_error=1.431e-06, skip_low/high=0.7423/0.2577, plam_low/high=1.0000/0.0000
up1 strengths: plam=0.9539, region=0.1165, detail=0.1012; residual_std region/detail/refine=0.2362/0.3443/0.0829
up1 guide_mix: entropy=0.9433, raw_low=0.2640, plam_low=0.2978, decoder_low=0.3395, detail=0.0987; agreement plam/decoder=0.6994/-0.1843, support=0.5546+/-0.0607

========= Epoch [15/80] =========
C4_Test_session_09.09_15h44
Training with batch size : 16
   [Train] Epoch: [15][20/357]  Loss:0.108 (Avg 0.1213) IoU:0.698 (Avg 0.6700) Dice:0.8089 (Avg 0.7782) LR 2.31e-04   (AvgTime 0.5)   
   [Train] Epoch: [15][40/357]  Loss:0.124 (Avg 0.1209) IoU:0.656 (Avg 0.6706) Dice:0.7731 (Avg 0.7812) LR 2.31e-04   (AvgTime 0.5)   
   [Train] Epoch: [15][60/357]  Loss:0.118 (Avg 0.1215) IoU:0.661 (Avg 0.6666) Dice:0.7747 (Avg 0.7788) LR 2.31e-04   (AvgTime 0.5)   
   [Train] Epoch: [15][80/357]  Loss:0.117 (Avg 0.1211) IoU:0.729 (Avg 0.6701) Dice:0.8264 (Avg 0.7804) LR 2.31e-04   (AvgTime 0.5)   
   [Train] Epoch: [15][100/357]  Loss:0.131 (Avg 0.1196) IoU:0.618 (Avg 0.6736) Dice:0.7456 (Avg 0.7831) LR 2.31e-04   (AvgTime 0.5)   
   [Train] Epoch: [15][120/357]  Loss:0.136 (Avg 0.1185) IoU:0.682 (Avg 0.6766) Dice:0.7860 (Avg 0.7859) LR 2.31e-04   (AvgTime 0.5)   
   [Train] Epoch: [15][140/357]  Loss:0.160 (Avg 0.1203) IoU:0.644 (Avg 0.6733) Dice:0.7362 (Avg 0.7829) LR 2.31e-04   (AvgTime 0.5)   
   [Train] Epoch: [15][160/357]  Loss:0.167 (Avg 0.1200) IoU:0.537 (Avg 0.6738) Dice:0.6733 (Avg 0.7835) LR 2.31e-04   (AvgTime 0.5)   
   [Train] Epoch: [15][180/357]  Loss:0.124 (Avg 0.1203) IoU:0.620 (Avg 0.6732) Dice:0.7526 (Avg 0.7831) LR 2.31e-04   (AvgTime 0.5)   
   [Train] Epoch: [15][200/357]  Loss:0.115 (Avg 0.1200) IoU:0.700 (Avg 0.6739) Dice:0.8087 (Avg 0.7838) LR 2.31e-04   (AvgTime 0.5)   
   [Train] Epoch: [15][220/357]  Loss:0.141 (Avg 0.1206) IoU:0.596 (Avg 0.6721) Dice:0.7282 (Avg 0.7824) LR 2.31e-04   (AvgTime 0.5)   
   [Train] Epoch: [15][240/357]  Loss:0.105 (Avg 0.1218) IoU:0.735 (Avg 0.6696) Dice:0.8373 (Avg 0.7802) LR 2.31e-04   (AvgTime 0.5)   
   [Train] Epoch: [15][260/357]  Loss:0.137 (Avg 0.1219) IoU:0.638 (Avg 0.6692) Dice:0.7506 (Avg 0.7801) LR 2.31e-04   (AvgTime 0.5)   
   [Train] Epoch: [15][280/357]  Loss:0.133 (Avg 0.1222) IoU:0.626 (Avg 0.6685) Dice:0.7368 (Avg 0.7795) LR 2.31e-04   (AvgTime 0.5)   
   [Train] Epoch: [15][300/357]  Loss:0.121 (Avg 0.1217) IoU:0.678 (Avg 0.6698) Dice:0.7683 (Avg 0.7804) LR 2.31e-04   (AvgTime 0.5)   
   [Train] Epoch: [15][320/357]  Loss:0.138 (Avg 0.1220) IoU:0.656 (Avg 0.6695) Dice:0.7536 (Avg 0.7799) LR 2.31e-04   (AvgTime 0.5)   
   [Train] Epoch: [15][340/357]  Loss:0.149 (Avg 0.1222) IoU:0.604 (Avg 0.6690) Dice:0.7153 (Avg 0.7793) LR 2.31e-04   (AvgTime 0.5)   
   [Train] Epoch: [15][357/357]  Loss:0.098 (Avg 0.1216) IoU:0.748 (Avg 0.6707) Dice:0.8462 (Avg 0.7807) LR 2.31e-04   (AvgTime 0.5)   
   [Train] Loss components: dice=0.192403, focal=0.050875, total=0.121639
Validation
   [Val] Epoch: [15][20/90]  Loss:0.137 (Avg 0.1134) IoU:0.646 (Avg 0.6933) Dice:0.7667 (Avg 0.8023) (AvgTime 0.3)   
   [Val] Epoch: [15][40/90]  Loss:0.105 (Avg 0.1197) IoU:0.667 (Avg 0.6766) Dice:0.7877 (Avg 0.7867) (AvgTime 0.2)   
   [Val] Epoch: [15][60/90]  Loss:0.142 (Avg 0.1125) IoU:0.640 (Avg 0.6873) Dice:0.7463 (Avg 0.7946) (AvgTime 0.2)   
   [Val] Epoch: [15][80/90]  Loss:0.093 (Avg 0.1119) IoU:0.720 (Avg 0.6855) Dice:0.8259 (Avg 0.7933) (AvgTime 0.2)   
   [Val] Epoch: [15][90/90]  Loss:0.136 (Avg 0.1123) IoU:0.600 (Avg 0.6844) Dice:0.7329 (Avg 0.7925) (AvgTime 0.2)   
   [Val] Loss components: dice=0.178245, focal=0.046303, total=0.112274
	 No iou improvement; selected epoch 8
	 early_stopping_count: 7/80
--- Epoch History (1..15) ---
Epoch |  TrainLoss |  TrainDice |  TrainIoU |    ValLoss |    ValDice |    ValIoU |         LR | Best
    1 |     0.2379 |     0.6073 |    0.4776 |     0.1928 |     0.6881 |    0.5656 |   3.00e-04 |     
    2 |     0.1735 |     0.6993 |    0.5754 |     0.1794 |     0.6884 |    0.5646 |   2.95e-04 |     
    3 |     0.1551 |     0.7275 |    0.6080 |     0.1434 |     0.7519 |    0.6362 |   2.81e-04 |     
    4 |     0.1433 |     0.7455 |    0.6288 |     0.1249 |     0.7776 |    0.6670 |   2.59e-04 |     
    5 |     0.1385 |     0.7532 |    0.6372 |     0.1294 |     0.7623 |    0.6477 |   2.31e-04 |     
    6 |     0.1322 |     0.7635 |    0.6498 |     0.1199 |     0.7896 |    0.6818 |   2.00e-04 |     
    7 |     0.1269 |     0.7728 |    0.6612 |     0.1228 |     0.7847 |    0.6751 |   1.69e-04 |     
    8 |     0.1217 |     0.7793 |    0.6692 |     0.1136 |     0.7979 |    0.6923 |   1.41e-04 |    *
    9 |     0.1195 |     0.7835 |    0.6745 |     0.1192 |     0.7913 |    0.6831 |   1.19e-04 |     
   10 |     0.1163 |     0.7892 |    0.6813 |     0.1168 |     0.7850 |    0.6775 |   1.05e-04 |     
   11 |     0.1403 |     0.7517 |    0.6355 |     0.1291 |     0.7743 |    0.6602 |   3.00e-04 |     
   12 |     0.1316 |     0.7641 |    0.6512 |     0.1328 |     0.7636 |    0.6512 |   2.95e-04 |     
   13 |     0.1263 |     0.7730 |    0.6610 |     0.1408 |     0.7642 |    0.6509 |   2.81e-04 |     
   14 |     0.1252 |     0.7749 |    0.6635 |     0.1187 |     0.7935 |    0.6862 |   2.59e-04 |     
   15 |     0.1216 |     0.7807 |    0.6707 |     0.1123 |     0.7925 |    0.6844 |   2.31e-04 |     
--- RACE-PE 80e validation screen: control validation statistics ---
up4: ca=0.8855+/-0.1198, sa=1.0026+/-0.0082, amp=0.0000, suppress=0.0000, guide_abs=0.2318
up4 residuals: local_mean=2.530e-02, global_mean=-0.0025, local_strength=0.1077, global_strength=0.0990, gain=[0.9776,1.0390], saturation=0.0204, text_film=0.0142
up4 haar: reconstruction_error=5.960e-07, skip_low/high=0.8028/0.1972, plam_low/high=1.0000/0.0000
up4 strengths: plam=0.9678, region=0.1077, detail=0.0990; residual_std region/detail/refine=0.3359/0.4642/0.2569
up4 guide_mix: entropy=0.9795, raw_low=0.3101, plam_low=0.2580, decoder_low=0.2755, detail=0.1563; agreement plam/decoder=0.7149/0.3499, support=0.7845+/-0.0762
up4 adaptive_frequency: ALPF strength=0.2257, weights=0.2146/0.6396/0.1458, sum=1.0000, entropy=0.8157, delta_std=0.1139; AHPF strength=0.0790, weights=0.3372/0.4844/0.1784, sum=1.0000, entropy=0.9315, residual_std=0.1592, scaled_std=0.0126
up3: ca=0.9806+/-0.1604, sa=1.0003+/-0.0073, amp=0.0000, suppress=0.0000, guide_abs=0.2766
up3 residuals: local_mean=-5.559e-03, global_mean=0.0076, local_strength=0.1095, global_strength=0.1113, gain=[0.9658,1.0371], saturation=0.0199, text_film=0.0191
up3 haar: reconstruction_error=9.537e-07, skip_low/high=0.7864/0.2136, plam_low/high=1.0000/0.0000
up3 strengths: plam=0.9622, region=0.1095, detail=0.1113; residual_std region/detail/refine=0.4576/0.5097/0.3548
up3 guide_mix: entropy=0.9786, raw_low=0.3144, plam_low=0.2536, decoder_low=0.2764, detail=0.1556; agreement plam/decoder=0.6478/-0.0806, support=0.6748+/-0.1296
up3 adaptive_frequency: ALPF strength=0.2260, weights=0.1832/0.6083/0.2085, sum=1.0000, entropy=0.8061, delta_std=0.0786; AHPF strength=0.0927, weights=0.4674/0.3481/0.1845, sum=1.0000, entropy=0.8848, residual_std=0.1465, scaled_std=0.0136
up2: ca=0.9366+/-0.1491, sa=1.0021+/-0.0044, amp=0.0000, suppress=0.0000, guide_abs=0.3511
up2 residuals: local_mean=-3.003e-04, global_mean=0.0195, local_strength=0.1122, global_strength=0.1077, gain=[0.9596,1.0481], saturation=0.0000, text_film=0.0345
up2 haar: reconstruction_error=1.311e-06, skip_low/high=0.8113/0.1887, plam_low/high=1.0000/0.0000
up2 strengths: plam=0.9452, region=0.1122, detail=0.1077; residual_std region/detail/refine=0.2049/0.3184/0.1499
up2 guide_mix: entropy=0.9630, raw_low=0.2879, plam_low=0.2682, decoder_low=0.3198, detail=0.1242; agreement plam/decoder=0.7091/0.0739, support=0.6235+/-0.0791
up1: ca=0.9079+/-0.1250, sa=0.9989+/-0.0133, amp=0.0000, suppress=0.0000, guide_abs=0.1948
up1 residuals: local_mean=-7.097e-03, global_mean=-0.0028, local_strength=0.1169, global_strength=0.1015, gain=[0.9027,1.0961], saturation=0.0000, text_film=0.0259
up1 haar: reconstruction_error=1.431e-06, skip_low/high=0.7336/0.2664, plam_low/high=1.0000/0.0000
up1 strengths: plam=0.9518, region=0.1169, detail=0.1015; residual_std region/detail/refine=0.2376/0.3514/0.0900
up1 guide_mix: entropy=0.9429, raw_low=0.2535, plam_low=0.3251, decoder_low=0.3224, detail=0.0990; agreement plam/decoder=0.5317/-0.2243, support=0.5579+/-0.0618

========= Epoch [16/80] =========
C4_Test_session_09.09_15h44
Training with batch size : 16
   [Train] Epoch: [16][20/357]  Loss:0.110 (Avg 0.1260) IoU:0.689 (Avg 0.6602) Dice:0.7984 (Avg 0.7712) LR 2.00e-04   (AvgTime 0.6)   
   [Train] Epoch: [16][40/357]  Loss:0.083 (Avg 0.1212) IoU:0.744 (Avg 0.6704) Dice:0.8445 (Avg 0.7801) LR 2.00e-04   (AvgTime 0.6)   
   [Train] Epoch: [16][60/357]  Loss:0.164 (Avg 0.1183) IoU:0.561 (Avg 0.6748) Dice:0.6871 (Avg 0.7838) LR 2.00e-04   (AvgTime 0.6)   
   [Train] Epoch: [16][80/357]  Loss:0.125 (Avg 0.1186) IoU:0.650 (Avg 0.6735) Dice:0.7702 (Avg 0.7824) LR 2.00e-04   (AvgTime 0.6)   
   [Train] Epoch: [16][100/357]  Loss:0.108 (Avg 0.1184) IoU:0.666 (Avg 0.6734) Dice:0.7901 (Avg 0.7830) LR 2.00e-04   (AvgTime 0.6)   
   [Train] Epoch: [16][120/357]  Loss:0.144 (Avg 0.1183) IoU:0.623 (Avg 0.6734) Dice:0.7463 (Avg 0.7830) LR 2.00e-04   (AvgTime 0.6)   
   [Train] Epoch: [16][140/357]  Loss:0.125 (Avg 0.1186) IoU:0.647 (Avg 0.6733) Dice:0.7680 (Avg 0.7833) LR 2.00e-04   (AvgTime 0.6)   
   [Train] Epoch: [16][160/357]  Loss:0.081 (Avg 0.1184) IoU:0.763 (Avg 0.6748) Dice:0.8600 (Avg 0.7843) LR 2.00e-04   (AvgTime 0.6)   
   [Train] Epoch: [16][180/357]  Loss:0.130 (Avg 0.1183) IoU:0.633 (Avg 0.6755) Dice:0.7565 (Avg 0.7844) LR 2.00e-04   (AvgTime 0.6)   
   [Train] Epoch: [16][200/357]  Loss:0.119 (Avg 0.1174) IoU:0.676 (Avg 0.6778) Dice:0.7963 (Avg 0.7865) LR 2.00e-04   (AvgTime 0.6)   
   [Train] Epoch: [16][220/357]  Loss:0.098 (Avg 0.1169) IoU:0.700 (Avg 0.6785) Dice:0.8079 (Avg 0.7873) LR 2.00e-04   (AvgTime 0.6)   
   [Train] Epoch: [16][240/357]  Loss:0.096 (Avg 0.1176) IoU:0.709 (Avg 0.6774) Dice:0.8180 (Avg 0.7860) LR 2.00e-04   (AvgTime 0.6)   
   [Train] Epoch: [16][260/357]  Loss:0.102 (Avg 0.1182) IoU:0.716 (Avg 0.6769) Dice:0.8258 (Avg 0.7857) LR 2.00e-04   (AvgTime 0.5)   
   [Train] Epoch: [16][280/357]  Loss:0.143 (Avg 0.1186) IoU:0.606 (Avg 0.6763) Dice:0.7152 (Avg 0.7850) LR 2.00e-04   (AvgTime 0.5)   
   [Train] Epoch: [16][300/357]  Loss:0.112 (Avg 0.1186) IoU:0.681 (Avg 0.6764) Dice:0.7914 (Avg 0.7850) LR 2.00e-04   (AvgTime 0.6)   
   [Train] Epoch: [16][320/357]  Loss:0.107 (Avg 0.1185) IoU:0.729 (Avg 0.6767) Dice:0.8251 (Avg 0.7853) LR 2.00e-04   (AvgTime 0.6)   
   [Train] Epoch: [16][340/357]  Loss:0.115 (Avg 0.1181) IoU:0.713 (Avg 0.6779) Dice:0.8127 (Avg 0.7862) LR 2.00e-04   (AvgTime 0.6)   
   [Train] Epoch: [16][357/357]  Loss:0.102 (Avg 0.1180) IoU:0.710 (Avg 0.6774) Dice:0.8218 (Avg 0.7858) LR 2.00e-04   (AvgTime 0.6)   
   [Train] Loss components: dice=0.187215, focal=0.048838, total=0.118026
Validation
   [Val] Epoch: [16][20/90]  Loss:0.132 (Avg 0.1126) IoU:0.663 (Avg 0.7030) Dice:0.7817 (Avg 0.8096) (AvgTime 0.3)   
   [Val] Epoch: [16][40/90]  Loss:0.105 (Avg 0.1183) IoU:0.702 (Avg 0.6860) Dice:0.8112 (Avg 0.7938) (AvgTime 0.2)   
   [Val] Epoch: [16][60/90]  Loss:0.150 (Avg 0.1122) IoU:0.632 (Avg 0.6961) Dice:0.7424 (Avg 0.8011) (AvgTime 0.2)   
   [Val] Epoch: [16][80/90]  Loss:0.097 (Avg 0.1115) IoU:0.721 (Avg 0.6949) Dice:0.8262 (Avg 0.8004) (AvgTime 0.2)   
   [Val] Epoch: [16][90/90]  Loss:0.139 (Avg 0.1121) IoU:0.606 (Avg 0.6935) Dice:0.7359 (Avg 0.7992) (AvgTime 0.2)   
   [Val] Loss components: dice=0.177307, focal=0.046811, total=0.112059
	 Saving best model by iou: 0.693494
	 Saving to Covid19/BetterLViT/c4_race_pe_control/C4_Test_session_09.09_15h44/models//best_model-BetterLViT.pth.tar
	 early_stopping_count: 0/80
--- Epoch History (1..16) ---
Epoch |  TrainLoss |  TrainDice |  TrainIoU |    ValLoss |    ValDice |    ValIoU |         LR | Best
    1 |     0.2379 |     0.6073 |    0.4776 |     0.1928 |     0.6881 |    0.5656 |   3.00e-04 |     
    2 |     0.1735 |     0.6993 |    0.5754 |     0.1794 |     0.6884 |    0.5646 |   2.95e-04 |     
    3 |     0.1551 |     0.7275 |    0.6080 |     0.1434 |     0.7519 |    0.6362 |   2.81e-04 |     
    4 |     0.1433 |     0.7455 |    0.6288 |     0.1249 |     0.7776 |    0.6670 |   2.59e-04 |     
    5 |     0.1385 |     0.7532 |    0.6372 |     0.1294 |     0.7623 |    0.6477 |   2.31e-04 |     
    6 |     0.1322 |     0.7635 |    0.6498 |     0.1199 |     0.7896 |    0.6818 |   2.00e-04 |     
    7 |     0.1269 |     0.7728 |    0.6612 |     0.1228 |     0.7847 |    0.6751 |   1.69e-04 |     
    8 |     0.1217 |     0.7793 |    0.6692 |     0.1136 |     0.7979 |    0.6923 |   1.41e-04 |     
    9 |     0.1195 |     0.7835 |    0.6745 |     0.1192 |     0.7913 |    0.6831 |   1.19e-04 |     
   10 |     0.1163 |     0.7892 |    0.6813 |     0.1168 |     0.7850 |    0.6775 |   1.05e-04 |     
   11 |     0.1403 |     0.7517 |    0.6355 |     0.1291 |     0.7743 |    0.6602 |   3.00e-04 |     
   12 |     0.1316 |     0.7641 |    0.6512 |     0.1328 |     0.7636 |    0.6512 |   2.95e-04 |     
   13 |     0.1263 |     0.7730 |    0.6610 |     0.1408 |     0.7642 |    0.6509 |   2.81e-04 |     
   14 |     0.1252 |     0.7749 |    0.6635 |     0.1187 |     0.7935 |    0.6862 |   2.59e-04 |     
   15 |     0.1216 |     0.7807 |    0.6707 |     0.1123 |     0.7925 |    0.6844 |   2.31e-04 |     
   16 |     0.1180 |     0.7858 |    0.6774 |     0.1121 |     0.7992 |    0.6935 |   2.00e-04 |    *
--- RACE-PE 80e validation screen: control validation statistics ---
up4: ca=0.8750+/-0.1167, sa=1.0025+/-0.0097, amp=0.0000, suppress=0.0000, guide_abs=0.2263
up4 residuals: local_mean=2.640e-02, global_mean=-0.0063, local_strength=0.1078, global_strength=0.0993, gain=[0.9750,1.0459], saturation=0.0112, text_film=0.0129
up4 haar: reconstruction_error=9.537e-07, skip_low/high=0.7894/0.2106, plam_low/high=1.0000/0.0000
up4 strengths: plam=0.9666, region=0.1078, detail=0.0993; residual_std region/detail/refine=0.3405/0.4769/0.2707
up4 guide_mix: entropy=0.9816, raw_low=0.3201, plam_low=0.2468, decoder_low=0.2667, detail=0.1664; agreement plam/decoder=0.6251/0.4034, support=0.7575+/-0.0838
up4 adaptive_frequency: ALPF strength=0.2269, weights=0.1730/0.6828/0.1442, sum=1.0000, entropy=0.7667, delta_std=0.1216; AHPF strength=0.0786, weights=0.3328/0.4931/0.1741, sum=1.0000, entropy=0.9258, residual_std=0.1665, scaled_std=0.0131
up3: ca=0.9885+/-0.1615, sa=1.0008+/-0.0076, amp=0.0000, suppress=0.0000, guide_abs=0.2737
up3 residuals: local_mean=-3.924e-03, global_mean=0.0101, local_strength=0.1097, global_strength=0.1115, gain=[0.9692,1.0405], saturation=0.0298, text_film=0.0290
up3 haar: reconstruction_error=9.537e-07, skip_low/high=0.7886/0.2114, plam_low/high=1.0000/0.0000
up3 strengths: plam=0.9611, region=0.1097, detail=0.1115; residual_std region/detail/refine=0.4702/0.5103/0.3642
up3 guide_mix: entropy=0.9771, raw_low=0.3092, plam_low=0.2524, decoder_low=0.2868, detail=0.1516; agreement plam/decoder=0.6834/-0.1996, support=0.7097+/-0.1276
up3 adaptive_frequency: ALPF strength=0.2275, weights=0.1483/0.5999/0.2518, sum=1.0000, entropy=0.7949, delta_std=0.0794; AHPF strength=0.0928, weights=0.4631/0.3403/0.1966, sum=1.0000, entropy=0.8939, residual_std=0.1428, scaled_std=0.0133
up2: ca=0.9324+/-0.1403, sa=1.0021+/-0.0046, amp=0.0000, suppress=0.0000, guide_abs=0.3662
up2 residuals: local_mean=2.882e-04, global_mean=0.0195, local_strength=0.1128, global_strength=0.1078, gain=[0.9548,1.0516], saturation=0.0001, text_film=0.0383
up2 haar: reconstruction_error=1.371e-06, skip_low/high=0.8120/0.1880, plam_low/high=1.0000/0.0000
up2 strengths: plam=0.9423, region=0.1128, detail=0.1078; residual_std region/detail/refine=0.2234/0.3201/0.1488
up2 guide_mix: entropy=0.9618, raw_low=0.2885, plam_low=0.2569, decoder_low=0.3298, detail=0.1248; agreement plam/decoder=0.7198/0.0453, support=0.6518+/-0.0844
up1: ca=0.9153+/-0.1271, sa=0.9991+/-0.0135, amp=0.0000, suppress=0.0000, guide_abs=0.2207
up1 residuals: local_mean=-6.208e-03, global_mean=-0.0024, local_strength=0.1171, global_strength=0.1014, gain=[0.9022,1.0965], saturation=0.0000, text_film=0.0278
up1 haar: reconstruction_error=1.907e-06, skip_low/high=0.7553/0.2447, plam_low/high=1.0000/0.0000
up1 strengths: plam=0.9503, region=0.1171, detail=0.1014; residual_std region/detail/refine=0.2306/0.3644/0.0854
up1 guide_mix: entropy=0.9555, raw_low=0.3273, plam_low=0.2585, decoder_low=0.2995, detail=0.1146; agreement plam/decoder=0.3303/-0.2119, support=0.5608+/-0.0599

========= Epoch [17/80] =========
C4_Test_session_09.09_15h44
Training with batch size : 16
   [Train] Epoch: [17][20/357]  Loss:0.115 (Avg 0.1068) IoU:0.669 (Avg 0.7024) Dice:0.7825 (Avg 0.8071) LR 1.69e-04   (AvgTime 0.6)   
   [Train] Epoch: [17][40/357]  Loss:0.099 (Avg 0.1091) IoU:0.704 (Avg 0.6964) Dice:0.8174 (Avg 0.8017) LR 1.69e-04   (AvgTime 0.6)   
   [Train] Epoch: [17][60/357]  Loss:0.116 (Avg 0.1107) IoU:0.677 (Avg 0.6928) Dice:0.7764 (Avg 0.7996) LR 1.69e-04   (AvgTime 0.5)   
   [Train] Epoch: [17][80/357]  Loss:0.104 (Avg 0.1120) IoU:0.719 (Avg 0.6893) Dice:0.8248 (Avg 0.7967) LR 1.69e-04   (AvgTime 0.6)   
   [Train] Epoch: [17][100/357]  Loss:0.190 (Avg 0.1132) IoU:0.541 (Avg 0.6879) Dice:0.6622 (Avg 0.7951) LR 1.69e-04   (AvgTime 0.6)   
   [Train] Epoch: [17][120/357]  Loss:0.096 (Avg 0.1118) IoU:0.733 (Avg 0.6905) Dice:0.8323 (Avg 0.7971) LR 1.69e-04   (AvgTime 0.6)   
   [Train] Epoch: [17][140/357]  Loss:0.172 (Avg 0.1123) IoU:0.530 (Avg 0.6895) Dice:0.6644 (Avg 0.7962) LR 1.69e-04   (AvgTime 0.6)   
   [Train] Epoch: [17][160/357]  Loss:0.136 (Avg 0.1128) IoU:0.606 (Avg 0.6879) Dice:0.7294 (Avg 0.7947) LR 1.69e-04   (AvgTime 0.6)   
   [Train] Epoch: [17][180/357]  Loss:0.083 (Avg 0.1127) IoU:0.761 (Avg 0.6884) Dice:0.8510 (Avg 0.7951) LR 1.69e-04   (AvgTime 0.6)   
   [Train] Epoch: [17][200/357]  Loss:0.122 (Avg 0.1128) IoU:0.673 (Avg 0.6883) Dice:0.7801 (Avg 0.7947) LR 1.69e-04   (AvgTime 0.6)   
   [Train] Epoch: [17][220/357]  Loss:0.112 (Avg 0.1135) IoU:0.699 (Avg 0.6865) Dice:0.8096 (Avg 0.7934) LR 1.69e-04   (AvgTime 0.6)   
   [Train] Epoch: [17][240/357]  Loss:0.095 (Avg 0.1137) IoU:0.722 (Avg 0.6858) Dice:0.8317 (Avg 0.7928) LR 1.69e-04   (AvgTime 0.6)   
   [Train] Epoch: [17][260/357]  Loss:0.099 (Avg 0.1141) IoU:0.745 (Avg 0.6853) Dice:0.8426 (Avg 0.7925) LR 1.69e-04   (AvgTime 0.6)   
   [Train] Epoch: [17][280/357]  Loss:0.139 (Avg 0.1142) IoU:0.642 (Avg 0.6848) Dice:0.7597 (Avg 0.7922) LR 1.69e-04   (AvgTime 0.6)   
   [Train] Epoch: [17][300/357]  Loss:0.100 (Avg 0.1142) IoU:0.726 (Avg 0.6848) Dice:0.8185 (Avg 0.7922) LR 1.69e-04   (AvgTime 0.6)   
   [Train] Epoch: [17][320/357]  Loss:0.131 (Avg 0.1140) IoU:0.670 (Avg 0.6851) Dice:0.7579 (Avg 0.7926) LR 1.69e-04   (AvgTime 0.6)   
   [Train] Epoch: [17][340/357]  Loss:0.140 (Avg 0.1140) IoU:0.631 (Avg 0.6855) Dice:0.7369 (Avg 0.7928) LR 1.69e-04   (AvgTime 0.6)   
   [Train] Epoch: [17][357/357]  Loss:0.098 (Avg 0.1145) IoU:0.697 (Avg 0.6845) Dice:0.8078 (Avg 0.7921) LR 1.69e-04   (AvgTime 0.6)   
   [Train] Loss components: dice=0.181146, focal=0.047864, total=0.114505
Validation
   [Val] Epoch: [17][20/90]  Loss:0.132 (Avg 0.1110) IoU:0.653 (Avg 0.6968) Dice:0.7716 (Avg 0.8049) (AvgTime 0.3)   
   [Val] Epoch: [17][40/90]  Loss:0.112 (Avg 0.1177) IoU:0.646 (Avg 0.6789) Dice:0.7708 (Avg 0.7882) (AvgTime 0.2)   
   [Val] Epoch: [17][60/90]  Loss:0.142 (Avg 0.1116) IoU:0.649 (Avg 0.6881) Dice:0.7555 (Avg 0.7943) (AvgTime 0.2)   
   [Val] Epoch: [17][80/90]  Loss:0.098 (Avg 0.1107) IoU:0.681 (Avg 0.6867) Dice:0.7978 (Avg 0.7937) (AvgTime 0.2)   
   [Val] Epoch: [17][90/90]  Loss:0.131 (Avg 0.1114) IoU:0.606 (Avg 0.6854) Dice:0.7404 (Avg 0.7926) (AvgTime 0.2)   
   [Val] Loss components: dice=0.178709, focal=0.044116, total=0.111412
	 No iou improvement; selected epoch 16
	 early_stopping_count: 1/80
--- Epoch History (1..17) ---
Epoch |  TrainLoss |  TrainDice |  TrainIoU |    ValLoss |    ValDice |    ValIoU |         LR | Best
    1 |     0.2379 |     0.6073 |    0.4776 |     0.1928 |     0.6881 |    0.5656 |   3.00e-04 |     
    2 |     0.1735 |     0.6993 |    0.5754 |     0.1794 |     0.6884 |    0.5646 |   2.95e-04 |     
    3 |     0.1551 |     0.7275 |    0.6080 |     0.1434 |     0.7519 |    0.6362 |   2.81e-04 |     
    4 |     0.1433 |     0.7455 |    0.6288 |     0.1249 |     0.7776 |    0.6670 |   2.59e-04 |     
    5 |     0.1385 |     0.7532 |    0.6372 |     0.1294 |     0.7623 |    0.6477 |   2.31e-04 |     
    6 |     0.1322 |     0.7635 |    0.6498 |     0.1199 |     0.7896 |    0.6818 |   2.00e-04 |     
    7 |     0.1269 |     0.7728 |    0.6612 |     0.1228 |     0.7847 |    0.6751 |   1.69e-04 |     
    8 |     0.1217 |     0.7793 |    0.6692 |     0.1136 |     0.7979 |    0.6923 |   1.41e-04 |     
    9 |     0.1195 |     0.7835 |    0.6745 |     0.1192 |     0.7913 |    0.6831 |   1.19e-04 |     
   10 |     0.1163 |     0.7892 |    0.6813 |     0.1168 |     0.7850 |    0.6775 |   1.05e-04 |     
   11 |     0.1403 |     0.7517 |    0.6355 |     0.1291 |     0.7743 |    0.6602 |   3.00e-04 |     
   12 |     0.1316 |     0.7641 |    0.6512 |     0.1328 |     0.7636 |    0.6512 |   2.95e-04 |     
   13 |     0.1263 |     0.7730 |    0.6610 |     0.1408 |     0.7642 |    0.6509 |   2.81e-04 |     
   14 |     0.1252 |     0.7749 |    0.6635 |     0.1187 |     0.7935 |    0.6862 |   2.59e-04 |     
   15 |     0.1216 |     0.7807 |    0.6707 |     0.1123 |     0.7925 |    0.6844 |   2.31e-04 |     
   16 |     0.1180 |     0.7858 |    0.6774 |     0.1121 |     0.7992 |    0.6935 |   2.00e-04 |    *
   17 |     0.1145 |     0.7921 |    0.6845 |     0.1114 |     0.7926 |    0.6854 |   1.69e-04 |     
--- RACE-PE 80e validation screen: control validation statistics ---
up4: ca=0.8886+/-0.1145, sa=1.0019+/-0.0083, amp=0.0000, suppress=0.0000, guide_abs=0.3458
up4 residuals: local_mean=2.722e-02, global_mean=-0.0122, local_strength=0.1078, global_strength=0.0995, gain=[0.9764,1.0356], saturation=0.0000, text_film=0.0165
up4 haar: reconstruction_error=5.960e-07, skip_low/high=0.7995/0.2005, plam_low/high=1.0000/0.0000
up4 strengths: plam=0.9656, region=0.1078, detail=0.0995; residual_std region/detail/refine=0.2675/0.4569/0.2688
up4 guide_mix: entropy=0.9808, raw_low=0.3188, plam_low=0.2576, decoder_low=0.2614, detail=0.1622; agreement plam/decoder=0.6409/0.2386, support=0.7718+/-0.0661
up4 adaptive_frequency: ALPF strength=0.2281, weights=0.1381/0.7194/0.1425, sum=1.0000, entropy=0.7148, delta_std=0.1291; AHPF strength=0.0784, weights=0.3310/0.5016/0.1674, sum=1.0000, entropy=0.9163, residual_std=0.1548, scaled_std=0.0121
up3: ca=0.9849+/-0.1589, sa=1.0014+/-0.0060, amp=0.0000, suppress=0.0000, guide_abs=0.2619
up3 residuals: local_mean=-2.011e-03, global_mean=0.0140, local_strength=0.1098, global_strength=0.1117, gain=[0.9674,1.0390], saturation=0.0110, text_film=0.0246
up3 haar: reconstruction_error=9.537e-07, skip_low/high=0.7848/0.2152, plam_low/high=1.0000/0.0000
up3 strengths: plam=0.9599, region=0.1098, detail=0.1117; residual_std region/detail/refine=0.4350/0.4986/0.3716
up3 guide_mix: entropy=0.9766, raw_low=0.3079, plam_low=0.2446, decoder_low=0.2951, detail=0.1523; agreement plam/decoder=0.6852/0.0698, support=0.6399+/-0.1241
up3 adaptive_frequency: ALPF strength=0.2285, weights=0.1733/0.5912/0.2355, sum=1.0000, entropy=0.7965, delta_std=0.0846; AHPF strength=0.0930, weights=0.4869/0.3177/0.1954, sum=1.0000, entropy=0.8580, residual_std=0.1391, scaled_std=0.0129
up2: ca=0.9291+/-0.1390, sa=1.0021+/-0.0042, amp=0.0000, suppress=0.0000, guide_abs=0.4020
up2 residuals: local_mean=-7.251e-04, global_mean=0.0201, local_strength=0.1130, global_strength=0.1080, gain=[0.9567,1.0503], saturation=0.0000, text_film=0.0316
up2 haar: reconstruction_error=1.341e-06, skip_low/high=0.8112/0.1888, plam_low/high=1.0000/0.0000
up2 strengths: plam=0.9393, region=0.1130, detail=0.1080; residual_std region/detail/refine=0.2301/0.3253/0.1532
up2 guide_mix: entropy=0.9648, raw_low=0.3074, plam_low=0.2487, decoder_low=0.3140, detail=0.1299; agreement plam/decoder=0.7063/0.0742, support=0.6485+/-0.0817
up1: ca=0.9110+/-0.1301, sa=0.9992+/-0.0135, amp=0.0000, suppress=0.0000, guide_abs=0.2127
up1 residuals: local_mean=-5.241e-03, global_mean=-0.0027, local_strength=0.1175, global_strength=0.1015, gain=[0.9022,1.0967], saturation=0.0000, text_film=0.0291
up1 haar: reconstruction_error=1.907e-06, skip_low/high=0.7275/0.2725, plam_low/high=1.0000/0.0000
up1 strengths: plam=0.9489, region=0.1175, detail=0.1015; residual_std region/detail/refine=0.2504/0.3621/0.0908
up1 guide_mix: entropy=0.9517, raw_low=0.2707, plam_low=0.2938, decoder_low=0.3277, detail=0.1078; agreement plam/decoder=0.4146/0.1004, support=0.5612+/-0.0642

========= Epoch [18/80] =========
C4_Test_session_09.09_15h44
Training with batch size : 16
   [Train] Epoch: [18][20/357]  Loss:0.170 (Avg 0.1203) IoU:0.604 (Avg 0.6692) Dice:0.7099 (Avg 0.7780) LR 1.41e-04   (AvgTime 0.5)   
   [Train] Epoch: [18][40/357]  Loss:0.099 (Avg 0.1175) IoU:0.710 (Avg 0.6787) Dice:0.8267 (Avg 0.7864) LR 1.41e-04   (AvgTime 0.5)   
   [Train] Epoch: [18][60/357]  Loss:0.135 (Avg 0.1158) IoU:0.589 (Avg 0.6837) Dice:0.7181 (Avg 0.7900) LR 1.41e-04   (AvgTime 0.5)   
   [Train] Epoch: [18][80/357]  Loss:0.104 (Avg 0.1160) IoU:0.702 (Avg 0.6826) Dice:0.8087 (Avg 0.7893) LR 1.41e-04   (AvgTime 0.5)   
   [Train] Epoch: [18][100/357]  Loss:0.131 (Avg 0.1162) IoU:0.697 (Avg 0.6829) Dice:0.7912 (Avg 0.7902) LR 1.41e-04   (AvgTime 0.5)   
   [Train] Epoch: [18][120/357]  Loss:0.108 (Avg 0.1150) IoU:0.675 (Avg 0.6847) Dice:0.7854 (Avg 0.7920) LR 1.41e-04   (AvgTime 0.6)   
   [Train] Epoch: [18][140/357]  Loss:0.173 (Avg 0.1163) IoU:0.536 (Avg 0.6820) Dice:0.6518 (Avg 0.7899) LR 1.41e-04   (AvgTime 0.6)   
   [Train] Epoch: [18][160/357]  Loss:0.068 (Avg 0.1153) IoU:0.773 (Avg 0.6843) Dice:0.8665 (Avg 0.7919) LR 1.41e-04   (AvgTime 0.6)   
   [Train] Epoch: [18][180/357]  Loss:0.099 (Avg 0.1144) IoU:0.725 (Avg 0.6861) Dice:0.8234 (Avg 0.7935) LR 1.41e-04   (AvgTime 0.6)   
   [Train] Epoch: [18][200/357]  Loss:0.121 (Avg 0.1144) IoU:0.685 (Avg 0.6857) Dice:0.8021 (Avg 0.7932) LR 1.41e-04   (AvgTime 0.6)   
   [Train] Epoch: [18][220/357]  Loss:0.089 (Avg 0.1144) IoU:0.773 (Avg 0.6855) Dice:0.8663 (Avg 0.7931) LR 1.41e-04   (AvgTime 0.6)   
   [Train] Epoch: [18][240/357]  Loss:0.153 (Avg 0.1138) IoU:0.660 (Avg 0.6867) Dice:0.7740 (Avg 0.7942) LR 1.41e-04   (AvgTime 0.6)   
   [Train] Epoch: [18][260/357]  Loss:0.105 (Avg 0.1140) IoU:0.721 (Avg 0.6868) Dice:0.8172 (Avg 0.7942) LR 1.41e-04   (AvgTime 0.6)   
   [Train] Epoch: [18][280/357]  Loss:0.083 (Avg 0.1129) IoU:0.756 (Avg 0.6886) Dice:0.8552 (Avg 0.7958) LR 1.41e-04   (AvgTime 0.6)   
   [Train] Epoch: [18][300/357]  Loss:0.085 (Avg 0.1124) IoU:0.759 (Avg 0.6890) Dice:0.8559 (Avg 0.7964) LR 1.41e-04   (AvgTime 0.6)   
   [Train] Epoch: [18][320/357]  Loss:0.095 (Avg 0.1122) IoU:0.748 (Avg 0.6903) Dice:0.8463 (Avg 0.7972) LR 1.41e-04   (AvgTime 0.6)   
   [Train] Epoch: [18][340/357]  Loss:0.126 (Avg 0.1122) IoU:0.661 (Avg 0.6905) Dice:0.7641 (Avg 0.7973) LR 1.41e-04   (AvgTime 0.6)   
   [Train] Epoch: [18][357/357]  Loss:0.131 (Avg 0.1124) IoU:0.663 (Avg 0.6900) Dice:0.7721 (Avg 0.7968) LR 1.41e-04   (AvgTime 0.6)   
   [Train] Loss components: dice=0.177271, focal=0.047478, total=0.112374
Validation
   [Val] Epoch: [18][20/90]  Loss:0.136 (Avg 0.1110) IoU:0.650 (Avg 0.6960) Dice:0.7696 (Avg 0.8050) (AvgTime 0.3)   
   [Val] Epoch: [18][40/90]  Loss:0.103 (Avg 0.1184) IoU:0.697 (Avg 0.6759) Dice:0.8084 (Avg 0.7866) (AvgTime 0.2)   
   [Val] Epoch: [18][60/90]  Loss:0.139 (Avg 0.1116) IoU:0.651 (Avg 0.6866) Dice:0.7593 (Avg 0.7942) (AvgTime 0.2)   
   [Val] Epoch: [18][80/90]  Loss:0.097 (Avg 0.1103) IoU:0.706 (Avg 0.6874) Dice:0.8148 (Avg 0.7949) (AvgTime 0.2)   
   [Val] Epoch: [18][90/90]  Loss:0.123 (Avg 0.1102) IoU:0.639 (Avg 0.6874) Dice:0.7677 (Avg 0.7951) (AvgTime 0.2)   
   [Val] Loss components: dice=0.180997, focal=0.039405, total=0.110201
	 No iou improvement; selected epoch 16
	 early_stopping_count: 2/80
--- Epoch History (1..18) ---
Epoch |  TrainLoss |  TrainDice |  TrainIoU |    ValLoss |    ValDice |    ValIoU |         LR | Best
    1 |     0.2379 |     0.6073 |    0.4776 |     0.1928 |     0.6881 |    0.5656 |   3.00e-04 |     
    2 |     0.1735 |     0.6993 |    0.5754 |     0.1794 |     0.6884 |    0.5646 |   2.95e-04 |     
    3 |     0.1551 |     0.7275 |    0.6080 |     0.1434 |     0.7519 |    0.6362 |   2.81e-04 |     
    4 |     0.1433 |     0.7455 |    0.6288 |     0.1249 |     0.7776 |    0.6670 |   2.59e-04 |     
    5 |     0.1385 |     0.7532 |    0.6372 |     0.1294 |     0.7623 |    0.6477 |   2.31e-04 |     
    6 |     0.1322 |     0.7635 |    0.6498 |     0.1199 |     0.7896 |    0.6818 |   2.00e-04 |     
    7 |     0.1269 |     0.7728 |    0.6612 |     0.1228 |     0.7847 |    0.6751 |   1.69e-04 |     
    8 |     0.1217 |     0.7793 |    0.6692 |     0.1136 |     0.7979 |    0.6923 |   1.41e-04 |     
    9 |     0.1195 |     0.7835 |    0.6745 |     0.1192 |     0.7913 |    0.6831 |   1.19e-04 |     
   10 |     0.1163 |     0.7892 |    0.6813 |     0.1168 |     0.7850 |    0.6775 |   1.05e-04 |     
   11 |     0.1403 |     0.7517 |    0.6355 |     0.1291 |     0.7743 |    0.6602 |   3.00e-04 |     
   12 |     0.1316 |     0.7641 |    0.6512 |     0.1328 |     0.7636 |    0.6512 |   2.95e-04 |     
   13 |     0.1263 |     0.7730 |    0.6610 |     0.1408 |     0.7642 |    0.6509 |   2.81e-04 |     
   14 |     0.1252 |     0.7749 |    0.6635 |     0.1187 |     0.7935 |    0.6862 |   2.59e-04 |     
   15 |     0.1216 |     0.7807 |    0.6707 |     0.1123 |     0.7925 |    0.6844 |   2.31e-04 |     
   16 |     0.1180 |     0.7858 |    0.6774 |     0.1121 |     0.7992 |    0.6935 |   2.00e-04 |    *
   17 |     0.1145 |     0.7921 |    0.6845 |     0.1114 |     0.7926 |    0.6854 |   1.69e-04 |     
   18 |     0.1124 |     0.7968 |    0.6900 |     0.1102 |     0.7951 |    0.6874 |   1.41e-04 |     
--- RACE-PE 80e validation screen: control validation statistics ---
up4: ca=0.8813+/-0.1045, sa=1.0024+/-0.0088, amp=0.0000, suppress=0.0000, guide_abs=0.2195
up4 residuals: local_mean=2.845e-02, global_mean=-0.0082, local_strength=0.1080, global_strength=0.0997, gain=[0.9779,1.0502], saturation=0.0245, text_film=0.0132
up4 haar: reconstruction_error=6.855e-07, skip_low/high=0.7969/0.2031, plam_low/high=1.0000/0.0000
up4 strengths: plam=0.9648, region=0.1080, detail=0.0997; residual_std region/detail/refine=0.3419/0.4287/0.2625
up4 guide_mix: entropy=0.9789, raw_low=0.3222, plam_low=0.2836, decoder_low=0.2299, detail=0.1644; agreement plam/decoder=0.5817/0.3742, support=0.7323+/-0.0971
up4 adaptive_frequency: ALPF strength=0.2289, weights=0.1401/0.6965/0.1634, sum=1.0000, entropy=0.7462, delta_std=0.1045; AHPF strength=0.0782, weights=0.3526/0.4821/0.1653, sum=1.0000, entropy=0.9215, residual_std=0.1426, scaled_std=0.0111
up3: ca=0.9918+/-0.1475, sa=1.0014+/-0.0057, amp=0.0000, suppress=0.0000, guide_abs=0.2625
up3 residuals: local_mean=-8.783e-04, global_mean=0.0130, local_strength=0.1098, global_strength=0.1119, gain=[0.9736,1.0349], saturation=0.0145, text_film=0.0251
up3 haar: reconstruction_error=9.537e-07, skip_low/high=0.7871/0.2129, plam_low/high=1.0000/0.0000
up3 strengths: plam=0.9589, region=0.1098, detail=0.1119; residual_std region/detail/refine=0.4641/0.4922/0.3635
up3 guide_mix: entropy=0.9786, raw_low=0.3045, plam_low=0.2554, decoder_low=0.2863, detail=0.1537; agreement plam/decoder=0.6439/-0.1206, support=0.6597+/-0.1291
up3 adaptive_frequency: ALPF strength=0.2294, weights=0.1658/0.5959/0.2383, sum=1.0000, entropy=0.7986, delta_std=0.0736; AHPF strength=0.0932, weights=0.5383/0.2976/0.1641, sum=1.0000, entropy=0.8362, residual_std=0.1232, scaled_std=0.0115
up2: ca=0.9272+/-0.1349, sa=1.0024+/-0.0044, amp=0.0000, suppress=0.0000, guide_abs=0.4051
up2 residuals: local_mean=8.582e-04, global_mean=0.0210, local_strength=0.1131, global_strength=0.1081, gain=[0.9556,1.0509], saturation=0.0000, text_film=0.0405
up2 haar: reconstruction_error=1.431e-06, skip_low/high=0.8111/0.1889, plam_low/high=1.0000/0.0000
up2 strengths: plam=0.9374, region=0.1131, detail=0.1081; residual_std region/detail/refine=0.2150/0.3304/0.1447
up2 guide_mix: entropy=0.9658, raw_low=0.3039, plam_low=0.2436, decoder_low=0.3195, detail=0.1330; agreement plam/decoder=0.7435/0.1854, support=0.6453+/-0.0815
up1: ca=0.9037+/-0.1174, sa=0.9992+/-0.0133, amp=0.0000, suppress=0.0000, guide_abs=0.1874
up1 residuals: local_mean=-4.944e-03, global_mean=-0.0023, local_strength=0.1176, global_strength=0.1015, gain=[0.9017,1.0969], saturation=0.0000, text_film=0.0270
up1 haar: reconstruction_error=1.431e-06, skip_low/high=0.7250/0.2750, plam_low/high=1.0000/0.0000
up1 strengths: plam=0.9480, region=0.1176, detail=0.1015; residual_std region/detail/refine=0.2242/0.3534/0.0901
up1 guide_mix: entropy=0.9433, raw_low=0.2474, plam_low=0.3188, decoder_low=0.3327, detail=0.1010; agreement plam/decoder=0.5044/-0.1374, support=0.5610+/-0.0616

========= Epoch [19/80] =========
C4_Test_session_09.09_15h44
Training with batch size : 16
   [Train] Epoch: [19][20/357]  Loss:0.110 (Avg 0.1168) IoU:0.683 (Avg 0.6748) Dice:0.7851 (Avg 0.7824) LR 1.19e-04   (AvgTime 0.6)   
   [Train] Epoch: [19][40/357]  Loss:0.104 (Avg 0.1152) IoU:0.702 (Avg 0.6829) Dice:0.7919 (Avg 0.7891) LR 1.19e-04   (AvgTime 0.6)   
   [Train] Epoch: [19][60/357]  Loss:0.089 (Avg 0.1134) IoU:0.732 (Avg 0.6843) Dice:0.8300 (Avg 0.7912) LR 1.19e-04   (AvgTime 0.6)   
   [Train] Epoch: [19][80/357]  Loss:0.096 (Avg 0.1113) IoU:0.717 (Avg 0.6900) Dice:0.8185 (Avg 0.7960) LR 1.19e-04   (AvgTime 0.6)   
   [Train] Epoch: [19][100/357]  Loss:0.133 (Avg 0.1100) IoU:0.607 (Avg 0.6930) Dice:0.7346 (Avg 0.7985) LR 1.19e-04   (AvgTime 0.6)   
   [Train] Epoch: [19][120/357]  Loss:0.088 (Avg 0.1089) IoU:0.762 (Avg 0.6957) Dice:0.8558 (Avg 0.8012) LR 1.19e-04   (AvgTime 0.6)   
   [Train] Epoch: [19][140/357]  Loss:0.066 (Avg 0.1091) IoU:0.812 (Avg 0.6966) Dice:0.8938 (Avg 0.8016) LR 1.19e-04   (AvgTime 0.6)   
   [Train] Epoch: [19][160/357]  Loss:0.130 (Avg 0.1095) IoU:0.683 (Avg 0.6962) Dice:0.7895 (Avg 0.8014) LR 1.19e-04   (AvgTime 0.6)   
   [Train] Epoch: [19][180/357]  Loss:0.149 (Avg 0.1096) IoU:0.585 (Avg 0.6958) Dice:0.7072 (Avg 0.8010) LR 1.19e-04   (AvgTime 0.6)   
   [Train] Epoch: [19][200/357]  Loss:0.118 (Avg 0.1102) IoU:0.657 (Avg 0.6937) Dice:0.7778 (Avg 0.7993) LR 1.19e-04   (AvgTime 0.6)   
   [Train] Epoch: [19][220/357]  Loss:0.083 (Avg 0.1096) IoU:0.769 (Avg 0.6952) Dice:0.8579 (Avg 0.8004) LR 1.19e-04   (AvgTime 0.6)   
   [Train] Epoch: [19][240/357]  Loss:0.085 (Avg 0.1098) IoU:0.740 (Avg 0.6946) Dice:0.8434 (Avg 0.8000) LR 1.19e-04   (AvgTime 0.6)   
   [Train] Epoch: [19][260/357]  Loss:0.164 (Avg 0.1101) IoU:0.553 (Avg 0.6933) Dice:0.6866 (Avg 0.7990) LR 1.19e-04   (AvgTime 0.6)   
   [Train] Epoch: [19][280/357]  Loss:0.139 (Avg 0.1100) IoU:0.630 (Avg 0.6932) Dice:0.7530 (Avg 0.7990) LR 1.19e-04   (AvgTime 0.6)   
   [Train] Epoch: [19][300/357]  Loss:0.114 (Avg 0.1095) IoU:0.708 (Avg 0.6944) Dice:0.8053 (Avg 0.7999) LR 1.19e-04   (AvgTime 0.6)   
   [Train] Epoch: [19][320/357]  Loss:0.112 (Avg 0.1093) IoU:0.649 (Avg 0.6948) Dice:0.7720 (Avg 0.8003) LR 1.19e-04   (AvgTime 0.6)   
   [Train] Epoch: [19][340/357]  Loss:0.109 (Avg 0.1089) IoU:0.674 (Avg 0.6957) Dice:0.7884 (Avg 0.8009) LR 1.19e-04   (AvgTime 0.6)   
   [Train] Epoch: [19][357/357]  Loss:0.179 (Avg 0.1090) IoU:0.534 (Avg 0.6956) Dice:0.6613 (Avg 0.8008) LR 1.19e-04   (AvgTime 0.6)   
   [Train] Loss components: dice=0.173007, focal=0.044952, total=0.108979
Validation
   [Val] Epoch: [19][20/90]  Loss:0.137 (Avg 0.1154) IoU:0.647 (Avg 0.6895) Dice:0.7654 (Avg 0.7991) (AvgTime 0.3)   
   [Val] Epoch: [19][40/90]  Loss:0.106 (Avg 0.1222) IoU:0.679 (Avg 0.6725) Dice:0.7931 (Avg 0.7824) (AvgTime 0.2)   
   [Val] Epoch: [19][60/90]  Loss:0.138 (Avg 0.1152) IoU:0.651 (Avg 0.6817) Dice:0.7545 (Avg 0.7885) (AvgTime 0.2)   
   [Val] Epoch: [19][80/90]  Loss:0.114 (Avg 0.1143) IoU:0.656 (Avg 0.6790) Dice:0.7737 (Avg 0.7869) (AvgTime 0.2)   
   [Val] Epoch: [19][90/90]  Loss:0.132 (Avg 0.1142) IoU:0.604 (Avg 0.6784) Dice:0.7381 (Avg 0.7864) (AvgTime 0.2)   
   [Val] Loss components: dice=0.182898, focal=0.045537, total=0.114217
	 No iou improvement; selected epoch 16
	 early_stopping_count: 3/80
--- Epoch History (1..19) ---
Epoch |  TrainLoss |  TrainDice |  TrainIoU |    ValLoss |    ValDice |    ValIoU |         LR | Best
    1 |     0.2379 |     0.6073 |    0.4776 |     0.1928 |     0.6881 |    0.5656 |   3.00e-04 |     
    2 |     0.1735 |     0.6993 |    0.5754 |     0.1794 |     0.6884 |    0.5646 |   2.95e-04 |     
    3 |     0.1551 |     0.7275 |    0.6080 |     0.1434 |     0.7519 |    0.6362 |   2.81e-04 |     
    4 |     0.1433 |     0.7455 |    0.6288 |     0.1249 |     0.7776 |    0.6670 |   2.59e-04 |     
    5 |     0.1385 |     0.7532 |    0.6372 |     0.1294 |     0.7623 |    0.6477 |   2.31e-04 |     
    6 |     0.1322 |     0.7635 |    0.6498 |     0.1199 |     0.7896 |    0.6818 |   2.00e-04 |     
    7 |     0.1269 |     0.7728 |    0.6612 |     0.1228 |     0.7847 |    0.6751 |   1.69e-04 |     
    8 |     0.1217 |     0.7793 |    0.6692 |     0.1136 |     0.7979 |    0.6923 |   1.41e-04 |     
    9 |     0.1195 |     0.7835 |    0.6745 |     0.1192 |     0.7913 |    0.6831 |   1.19e-04 |     
   10 |     0.1163 |     0.7892 |    0.6813 |     0.1168 |     0.7850 |    0.6775 |   1.05e-04 |     
   11 |     0.1403 |     0.7517 |    0.6355 |     0.1291 |     0.7743 |    0.6602 |   3.00e-04 |     
   12 |     0.1316 |     0.7641 |    0.6512 |     0.1328 |     0.7636 |    0.6512 |   2.95e-04 |     
   13 |     0.1263 |     0.7730 |    0.6610 |     0.1408 |     0.7642 |    0.6509 |   2.81e-04 |     
   14 |     0.1252 |     0.7749 |    0.6635 |     0.1187 |     0.7935 |    0.6862 |   2.59e-04 |     
   15 |     0.1216 |     0.7807 |    0.6707 |     0.1123 |     0.7925 |    0.6844 |   2.31e-04 |     
   16 |     0.1180 |     0.7858 |    0.6774 |     0.1121 |     0.7992 |    0.6935 |   2.00e-04 |    *
   17 |     0.1145 |     0.7921 |    0.6845 |     0.1114 |     0.7926 |    0.6854 |   1.69e-04 |     
   18 |     0.1124 |     0.7968 |    0.6900 |     0.1102 |     0.7951 |    0.6874 |   1.41e-04 |     
   19 |     0.1090 |     0.8008 |    0.6956 |     0.1142 |     0.7864 |    0.6784 |   1.19e-04 |     
--- RACE-PE 80e validation screen: control validation statistics ---
up4: ca=0.8966+/-0.1057, sa=1.0022+/-0.0080, amp=0.0000, suppress=0.0000, guide_abs=0.1843
up4 residuals: local_mean=2.969e-02, global_mean=-0.0110, local_strength=0.1080, global_strength=0.0998, gain=[0.9787,1.0499], saturation=0.0173, text_film=0.0127
up4 haar: reconstruction_error=5.960e-07, skip_low/high=0.8051/0.1949, plam_low/high=1.0000/0.0000
up4 strengths: plam=0.9644, region=0.1080, detail=0.0998; residual_std region/detail/refine=0.3397/0.4270/0.2677
up4 guide_mix: entropy=0.9797, raw_low=0.3260, plam_low=0.2651, decoder_low=0.2456, detail=0.1633; agreement plam/decoder=0.6840/0.4647, support=0.6879+/-0.1071
up4 adaptive_frequency: ALPF strength=0.2298, weights=0.1369/0.7028/0.1604, sum=1.0000, entropy=0.7260, delta_std=0.1095; AHPF strength=0.0780, weights=0.3992/0.4485/0.1523, sum=1.0000, entropy=0.9122, residual_std=0.1342, scaled_std=0.0105
up3: ca=0.9917+/-0.1422, sa=1.0017+/-0.0058, amp=0.0000, suppress=0.0000, guide_abs=0.2665
up3 residuals: local_mean=1.458e-04, global_mean=0.0145, local_strength=0.1099, global_strength=0.1120, gain=[0.9731,1.0319], saturation=0.0079, text_film=0.0224
up3 haar: reconstruction_error=9.537e-07, skip_low/high=0.7966/0.2034, plam_low/high=1.0000/0.0000
up3 strengths: plam=0.9583, region=0.1099, detail=0.1120; residual_std region/detail/refine=0.4238/0.4857/0.3501
up3 guide_mix: entropy=0.9767, raw_low=0.3163, plam_low=0.2468, decoder_low=0.2840, detail=0.1529; agreement plam/decoder=0.6483/-0.1100, support=0.6780+/-0.1166
up3 adaptive_frequency: ALPF strength=0.2305, weights=0.1571/0.5598/0.2831, sum=1.0000, entropy=0.8073, delta_std=0.0797; AHPF strength=0.0933, weights=0.5144/0.2951/0.1905, sum=1.0000, entropy=0.8447, residual_std=0.1316, scaled_std=0.0123
up2: ca=0.9201+/-0.1411, sa=1.0025+/-0.0046, amp=0.0000, suppress=0.0000, guide_abs=0.4147
up2 residuals: local_mean=6.805e-04, global_mean=0.0220, local_strength=0.1132, global_strength=0.1081, gain=[0.9576,1.0499], saturation=0.0000, text_film=0.0324
up2 haar: reconstruction_error=1.073e-06, skip_low/high=0.8084/0.1916, plam_low/high=1.0000/0.0000
up2 strengths: plam=0.9359, region=0.1132, detail=0.1081; residual_std region/detail/refine=0.2140/0.3237/0.1385
up2 guide_mix: entropy=0.9662, raw_low=0.3021, plam_low=0.2466, decoder_low=0.3185, detail=0.1328; agreement plam/decoder=0.7412/0.0344, support=0.6514+/-0.0797
up1: ca=0.9117+/-0.1171, sa=0.9993+/-0.0132, amp=0.0000, suppress=0.0000, guide_abs=0.1811
up1 residuals: local_mean=-5.202e-03, global_mean=-0.0017, local_strength=0.1177, global_strength=0.1015, gain=[0.9021,1.0965], saturation=0.0000, text_film=0.0289
up1 haar: reconstruction_error=1.431e-06, skip_low/high=0.7243/0.2757, plam_low/high=1.0000/0.0000
up1 strengths: plam=0.9473, region=0.1177, detail=0.1015; residual_std region/detail/refine=0.2003/0.3489/0.0911
up1 guide_mix: entropy=0.9430, raw_low=0.2490, plam_low=0.3000, decoder_low=0.3492, detail=0.1017; agreement plam/decoder=0.2690/-0.2074, support=0.5629+/-0.0606

========= Epoch [20/80] =========
C4_Test_session_09.09_15h44
Training with batch size : 16
   [Train] Epoch: [20][20/357]  Loss:0.105 (Avg 0.1063) IoU:0.692 (Avg 0.7015) Dice:0.8091 (Avg 0.8066) LR 1.05e-04   (AvgTime 0.6)   
   [Train] Epoch: [20][40/357]  Loss:0.130 (Avg 0.1054) IoU:0.643 (Avg 0.7023) Dice:0.7661 (Avg 0.8073) LR 1.05e-04   (AvgTime 0.5)   
   [Train] Epoch: [20][60/357]  Loss:0.092 (Avg 0.1057) IoU:0.759 (Avg 0.7033) Dice:0.8515 (Avg 0.8082) LR 1.05e-04   (AvgTime 0.5)   
   [Train] Epoch: [20][80/357]  Loss:0.094 (Avg 0.1065) IoU:0.748 (Avg 0.7015) Dice:0.8393 (Avg 0.8064) LR 1.05e-04   (AvgTime 0.6)   
   [Train] Epoch: [20][100/357]  Loss:0.128 (Avg 0.1081) IoU:0.689 (Avg 0.6985) Dice:0.7875 (Avg 0.8039) LR 1.05e-04   (AvgTime 0.6)   
   [Train] Epoch: [20][120/357]  Loss:0.100 (Avg 0.1080) IoU:0.736 (Avg 0.6976) Dice:0.8398 (Avg 0.8035) LR 1.05e-04   (AvgTime 0.6)   
   [Train] Epoch: [20][140/357]  Loss:0.092 (Avg 0.1079) IoU:0.733 (Avg 0.6982) Dice:0.8330 (Avg 0.8042) LR 1.05e-04   (AvgTime 0.6)   
   [Train] Epoch: [20][160/357]  Loss:0.059 (Avg 0.1073) IoU:0.832 (Avg 0.6992) Dice:0.9039 (Avg 0.8048) LR 1.05e-04   (AvgTime 0.6)   
   [Train] Epoch: [20][180/357]  Loss:0.126 (Avg 0.1069) IoU:0.649 (Avg 0.7002) Dice:0.7546 (Avg 0.8052) LR 1.05e-04   (AvgTime 0.6)   
   [Train] Epoch: [20][200/357]  Loss:0.121 (Avg 0.1067) IoU:0.640 (Avg 0.7000) Dice:0.7580 (Avg 0.8053) LR 1.05e-04   (AvgTime 0.6)   
   [Train] Epoch: [20][220/357]  Loss:0.081 (Avg 0.1066) IoU:0.771 (Avg 0.7003) Dice:0.8503 (Avg 0.8053) LR 1.05e-04   (AvgTime 0.6)   
   [Train] Epoch: [20][240/357]  Loss:0.120 (Avg 0.1069) IoU:0.641 (Avg 0.6992) Dice:0.7559 (Avg 0.8043) LR 1.05e-04   (AvgTime 0.6)   
   [Train] Epoch: [20][260/357]  Loss:0.123 (Avg 0.1075) IoU:0.678 (Avg 0.6981) Dice:0.7760 (Avg 0.8034) LR 1.05e-04   (AvgTime 0.6)   
   [Train] Epoch: [20][280/357]  Loss:0.100 (Avg 0.1077) IoU:0.725 (Avg 0.6979) Dice:0.8232 (Avg 0.8031) LR 1.05e-04   (AvgTime 0.6)   
   [Train] Epoch: [20][300/357]  Loss:0.092 (Avg 0.1073) IoU:0.720 (Avg 0.6990) Dice:0.8209 (Avg 0.8039) LR 1.05e-04   (AvgTime 0.6)   
   [Train] Epoch: [20][320/357]  Loss:0.142 (Avg 0.1073) IoU:0.601 (Avg 0.6992) Dice:0.7351 (Avg 0.8039) LR 1.05e-04   (AvgTime 0.6)   
   [Train] Epoch: [20][340/357]  Loss:0.116 (Avg 0.1074) IoU:0.659 (Avg 0.6991) Dice:0.7765 (Avg 0.8037) LR 1.05e-04   (AvgTime 0.6)   
   [Train] Epoch: [20][357/357]  Loss:0.182 (Avg 0.1076) IoU:0.510 (Avg 0.6987) Dice:0.6492 (Avg 0.8033) LR 1.05e-04   (AvgTime 0.6)   
   [Train] Loss components: dice=0.170764, focal=0.044516, total=0.107640
Validation
   [Val] Epoch: [20][20/90]  Loss:0.142 (Avg 0.1091) IoU:0.644 (Avg 0.7116) Dice:0.7643 (Avg 0.8157) (AvgTime 0.3)   
   [Val] Epoch: [20][40/90]  Loss:0.102 (Avg 0.1158) IoU:0.693 (Avg 0.6932) Dice:0.8034 (Avg 0.7984) (AvgTime 0.2)   
   [Val] Epoch: [20][60/90]  Loss:0.139 (Avg 0.1088) IoU:0.649 (Avg 0.7027) Dice:0.7541 (Avg 0.8049) (AvgTime 0.2)   
   [Val] Epoch: [20][80/90]  Loss:0.093 (Avg 0.1077) IoU:0.716 (Avg 0.7008) Dice:0.8217 (Avg 0.8038) (AvgTime 0.2)   
   [Val] Epoch: [20][90/90]  Loss:0.134 (Avg 0.1081) IoU:0.624 (Avg 0.6994) Dice:0.7525 (Avg 0.8027) (AvgTime 0.2)   
   [Val] Loss components: dice=0.170733, focal=0.045430, total=0.108081
	 Saving best model by iou: 0.699351
	 Saving to Covid19/BetterLViT/c4_race_pe_control/C4_Test_session_09.09_15h44/models//best_model-BetterLViT.pth.tar
	 early_stopping_count: 0/80
--- Epoch History (1..20) ---
Epoch |  TrainLoss |  TrainDice |  TrainIoU |    ValLoss |    ValDice |    ValIoU |         LR | Best
    1 |     0.2379 |     0.6073 |    0.4776 |     0.1928 |     0.6881 |    0.5656 |   3.00e-04 |     
    2 |     0.1735 |     0.6993 |    0.5754 |     0.1794 |     0.6884 |    0.5646 |   2.95e-04 |     
    3 |     0.1551 |     0.7275 |    0.6080 |     0.1434 |     0.7519 |    0.6362 |   2.81e-04 |     
    4 |     0.1433 |     0.7455 |    0.6288 |     0.1249 |     0.7776 |    0.6670 |   2.59e-04 |     
    5 |     0.1385 |     0.7532 |    0.6372 |     0.1294 |     0.7623 |    0.6477 |   2.31e-04 |     
    6 |     0.1322 |     0.7635 |    0.6498 |     0.1199 |     0.7896 |    0.6818 |   2.00e-04 |     
    7 |     0.1269 |     0.7728 |    0.6612 |     0.1228 |     0.7847 |    0.6751 |   1.69e-04 |     
    8 |     0.1217 |     0.7793 |    0.6692 |     0.1136 |     0.7979 |    0.6923 |   1.41e-04 |     
    9 |     0.1195 |     0.7835 |    0.6745 |     0.1192 |     0.7913 |    0.6831 |   1.19e-04 |     
   10 |     0.1163 |     0.7892 |    0.6813 |     0.1168 |     0.7850 |    0.6775 |   1.05e-04 |     
   11 |     0.1403 |     0.7517 |    0.6355 |     0.1291 |     0.7743 |    0.6602 |   3.00e-04 |     
   12 |     0.1316 |     0.7641 |    0.6512 |     0.1328 |     0.7636 |    0.6512 |   2.95e-04 |     
   13 |     0.1263 |     0.7730 |    0.6610 |     0.1408 |     0.7642 |    0.6509 |   2.81e-04 |     
   14 |     0.1252 |     0.7749 |    0.6635 |     0.1187 |     0.7935 |    0.6862 |   2.59e-04 |     
   15 |     0.1216 |     0.7807 |    0.6707 |     0.1123 |     0.7925 |    0.6844 |   2.31e-04 |     
   16 |     0.1180 |     0.7858 |    0.6774 |     0.1121 |     0.7992 |    0.6935 |   2.00e-04 |     
   17 |     0.1145 |     0.7921 |    0.6845 |     0.1114 |     0.7926 |    0.6854 |   1.69e-04 |     
   18 |     0.1124 |     0.7968 |    0.6900 |     0.1102 |     0.7951 |    0.6874 |   1.41e-04 |     
   19 |     0.1090 |     0.8008 |    0.6956 |     0.1142 |     0.7864 |    0.6784 |   1.19e-04 |     
   20 |     0.1076 |     0.8033 |    0.6987 |     0.1081 |     0.8027 |    0.6994 |   1.05e-04 |    *
--- RACE-PE 80e validation screen: control validation statistics ---
up4: ca=0.9045+/-0.1073, sa=1.0024+/-0.0076, amp=0.0000, suppress=0.0000, guide_abs=0.1854
up4 residuals: local_mean=2.954e-02, global_mean=-0.0087, local_strength=0.1080, global_strength=0.0999, gain=[0.9760,1.0493], saturation=0.0276, text_film=0.0136
up4 haar: reconstruction_error=9.537e-07, skip_low/high=0.7945/0.2055, plam_low/high=1.0000/0.0000
up4 strengths: plam=0.9637, region=0.1080, detail=0.0999; residual_std region/detail/refine=0.3434/0.4431/0.2700
up4 guide_mix: entropy=0.9818, raw_low=0.3233, plam_low=0.2618, decoder_low=0.2467, detail=0.1682; agreement plam/decoder=0.5648/0.4070, support=0.7522+/-0.0940
up4 adaptive_frequency: ALPF strength=0.2304, weights=0.1401/0.7048/0.1551, sum=1.0000, entropy=0.7360, delta_std=0.1119; AHPF strength=0.0779, weights=0.3304/0.5047/0.1649, sum=1.0000, entropy=0.9129, residual_std=0.1495, scaled_std=0.0117
up3: ca=0.9969+/-0.1421, sa=1.0017+/-0.0060, amp=0.0000, suppress=0.0000, guide_abs=0.2633
up3 residuals: local_mean=-3.168e-04, global_mean=0.0155, local_strength=0.1100, global_strength=0.1121, gain=[0.9668,1.0449], saturation=0.0214, text_film=0.0235
up3 haar: reconstruction_error=9.537e-07, skip_low/high=0.7786/0.2214, plam_low/high=1.0000/0.0000
up3 strengths: plam=0.9576, region=0.1100, detail=0.1121; residual_std region/detail/refine=0.4791/0.4992/0.3648
up3 guide_mix: entropy=0.9777, raw_low=0.3014, plam_low=0.2457, decoder_low=0.2990, detail=0.1539; agreement plam/decoder=0.6438/-0.1711, support=0.6813+/-0.1261
up3 adaptive_frequency: ALPF strength=0.2312, weights=0.2007/0.6027/0.1966, sum=1.0000, entropy=0.8268, delta_std=0.0768; AHPF strength=0.0934, weights=0.4064/0.3803/0.2134, sum=1.0000, entropy=0.9323, residual_std=0.1482, scaled_std=0.0138
up2: ca=0.9206+/-0.1523, sa=1.0025+/-0.0044, amp=0.0000, suppress=0.0000, guide_abs=0.3883
up2 residuals: local_mean=6.432e-04, global_mean=0.0223, local_strength=0.1135, global_strength=0.1082, gain=[0.9542,1.0529], saturation=0.0000, text_film=0.0389
up2 haar: reconstruction_error=9.537e-07, skip_low/high=0.8051/0.1949, plam_low/high=1.0000/0.0000
up2 strengths: plam=0.9345, region=0.1135, detail=0.1082; residual_std region/detail/refine=0.2231/0.3163/0.1330
up2 guide_mix: entropy=0.9656, raw_low=0.2961, plam_low=0.2480, decoder_low=0.3239, detail=0.1320; agreement plam/decoder=0.7636/0.1365, support=0.6566+/-0.0804
up1: ca=0.9148+/-0.1088, sa=0.9993+/-0.0133, amp=0.0000, suppress=0.0000, guide_abs=0.2108
up1 residuals: local_mean=-4.695e-03, global_mean=-0.0015, local_strength=0.1180, global_strength=0.1015, gain=[0.9026,1.0966], saturation=0.0000, text_film=0.0256
up1 haar: reconstruction_error=1.431e-06, skip_low/high=0.7380/0.2620, plam_low/high=1.0000/0.0000
up1 strengths: plam=0.9466, region=0.1180, detail=0.1015; residual_std region/detail/refine=0.2390/0.3580/0.0918
up1 guide_mix: entropy=0.9534, raw_low=0.2932, plam_low=0.2626, decoder_low=0.3325, detail=0.1116; agreement plam/decoder=0.4385/-0.0941, support=0.5617+/-0.0623

========= Epoch [21/80] =========
C4_Test_session_09.09_15h44
Training with batch size : 16
   [Train] Epoch: [21][20/357]  Loss:0.121 (Avg 0.1189) IoU:0.651 (Avg 0.6765) Dice:0.7788 (Avg 0.7847) LR 3.00e-04   (AvgTime 0.6)   
   [Train] Epoch: [21][40/357]  Loss:0.076 (Avg 0.1184) IoU:0.790 (Avg 0.6779) Dice:0.8781 (Avg 0.7868) LR 3.00e-04   (AvgTime 0.6)   
   [Train] Epoch: [21][60/357]  Loss:0.139 (Avg 0.1213) IoU:0.613 (Avg 0.6715) Dice:0.7307 (Avg 0.7822) LR 3.00e-04   (AvgTime 0.5)   
   [Train] Epoch: [21][80/357]  Loss:0.108 (Avg 0.1268) IoU:0.745 (Avg 0.6617) Dice:0.8469 (Avg 0.7745) LR 3.00e-04   (AvgTime 0.5)   
   [Train] Epoch: [21][100/357]  Loss:0.145 (Avg 0.1304) IoU:0.611 (Avg 0.6550) Dice:0.7257 (Avg 0.7682) LR 3.00e-04   (AvgTime 0.5)   
   [Train] Epoch: [21][120/357]  Loss:0.121 (Avg 0.1309) IoU:0.631 (Avg 0.6538) Dice:0.7588 (Avg 0.7677) LR 3.00e-04   (AvgTime 0.5)   
   [Train] Epoch: [21][140/357]  Loss:0.102 (Avg 0.1314) IoU:0.701 (Avg 0.6518) Dice:0.8116 (Avg 0.7661) LR 3.00e-04   (AvgTime 0.5)   
   [Train] Epoch: [21][160/357]  Loss:0.176 (Avg 0.1321) IoU:0.546 (Avg 0.6516) Dice:0.6828 (Avg 0.7657) LR 3.00e-04   (AvgTime 0.5)   
   [Train] Epoch: [21][180/357]  Loss:0.130 (Avg 0.1328) IoU:0.622 (Avg 0.6502) Dice:0.7436 (Avg 0.7648) LR 3.00e-04   (AvgTime 0.5)   
   [Train] Epoch: [21][200/357]  Loss:0.119 (Avg 0.1318) IoU:0.672 (Avg 0.6518) Dice:0.7854 (Avg 0.7660) LR 3.00e-04   (AvgTime 0.5)   
   [Train] Epoch: [21][220/357]  Loss:0.118 (Avg 0.1324) IoU:0.686 (Avg 0.6504) Dice:0.7931 (Avg 0.7646) LR 3.00e-04   (AvgTime 0.5)   
   [Train] Epoch: [21][240/357]  Loss:0.106 (Avg 0.1312) IoU:0.693 (Avg 0.6531) Dice:0.8049 (Avg 0.7670) LR 3.00e-04   (AvgTime 0.5)   
   [Train] Epoch: [21][260/357]  Loss:0.144 (Avg 0.1315) IoU:0.661 (Avg 0.6522) Dice:0.7558 (Avg 0.7658) LR 3.00e-04   (AvgTime 0.5)   
   [Train] Epoch: [21][280/357]  Loss:0.119 (Avg 0.1315) IoU:0.674 (Avg 0.6517) Dice:0.7917 (Avg 0.7654) LR 3.00e-04   (AvgTime 0.5)   
   [Train] Epoch: [21][300/357]  Loss:0.164 (Avg 0.1311) IoU:0.612 (Avg 0.6525) Dice:0.7301 (Avg 0.7661) LR 3.00e-04   (AvgTime 0.5)   
   [Train] Epoch: [21][320/357]  Loss:0.164 (Avg 0.1311) IoU:0.569 (Avg 0.6523) Dice:0.6991 (Avg 0.7660) LR 3.00e-04   (AvgTime 0.5)   
   [Train] Epoch: [21][340/357]  Loss:0.090 (Avg 0.1305) IoU:0.733 (Avg 0.6534) Dice:0.8392 (Avg 0.7670) LR 3.00e-04   (AvgTime 0.5)   
   [Train] Epoch: [21][357/357]  Loss:0.099 (Avg 0.1296) IoU:0.720 (Avg 0.6551) Dice:0.8230 (Avg 0.7684) LR 3.00e-04   (AvgTime 0.5)   
   [Train] Loss components: dice=0.203832, focal=0.055387, total=0.129610
Validation
   [Val] Epoch: [21][20/90]  Loss:0.140 (Avg 0.1251) IoU:0.652 (Avg 0.6968) Dice:0.7758 (Avg 0.8044) (AvgTime 0.2)   
   [Val] Epoch: [21][40/90]  Loss:0.107 (Avg 0.1295) IoU:0.710 (Avg 0.6819) Dice:0.8220 (Avg 0.7905) (AvgTime 0.2)   
   [Val] Epoch: [21][60/90]  Loss:0.173 (Avg 0.1223) IoU:0.602 (Avg 0.6917) Dice:0.7208 (Avg 0.7974) (AvgTime 0.2)   
   [Val] Epoch: [21][80/90]  Loss:0.100 (Avg 0.1232) IoU:0.719 (Avg 0.6884) Dice:0.8199 (Avg 0.7943) (AvgTime 0.2)   
   [Val] Epoch: [21][90/90]  Loss:0.185 (Avg 0.1237) IoU:0.529 (Avg 0.6871) Dice:0.6586 (Avg 0.7932) (AvgTime 0.2)   
   [Val] Loss components: dice=0.178063, focal=0.069266, total=0.123664
	 No iou improvement; selected epoch 20
	 early_stopping_count: 1/80
--- Epoch History (1..21) ---
Epoch |  TrainLoss |  TrainDice |  TrainIoU |    ValLoss |    ValDice |    ValIoU |         LR | Best
    1 |     0.2379 |     0.6073 |    0.4776 |     0.1928 |     0.6881 |    0.5656 |   3.00e-04 |     
    2 |     0.1735 |     0.6993 |    0.5754 |     0.1794 |     0.6884 |    0.5646 |   2.95e-04 |     
    3 |     0.1551 |     0.7275 |    0.6080 |     0.1434 |     0.7519 |    0.6362 |   2.81e-04 |     
    4 |     0.1433 |     0.7455 |    0.6288 |     0.1249 |     0.7776 |    0.6670 |   2.59e-04 |     
    5 |     0.1385 |     0.7532 |    0.6372 |     0.1294 |     0.7623 |    0.6477 |   2.31e-04 |     
    6 |     0.1322 |     0.7635 |    0.6498 |     0.1199 |     0.7896 |    0.6818 |   2.00e-04 |     
    7 |     0.1269 |     0.7728 |    0.6612 |     0.1228 |     0.7847 |    0.6751 |   1.69e-04 |     
    8 |     0.1217 |     0.7793 |    0.6692 |     0.1136 |     0.7979 |    0.6923 |   1.41e-04 |     
    9 |     0.1195 |     0.7835 |    0.6745 |     0.1192 |     0.7913 |    0.6831 |   1.19e-04 |     
   10 |     0.1163 |     0.7892 |    0.6813 |     0.1168 |     0.7850 |    0.6775 |   1.05e-04 |     
   11 |     0.1403 |     0.7517 |    0.6355 |     0.1291 |     0.7743 |    0.6602 |   3.00e-04 |     
   12 |     0.1316 |     0.7641 |    0.6512 |     0.1328 |     0.7636 |    0.6512 |   2.95e-04 |     
   13 |     0.1263 |     0.7730 |    0.6610 |     0.1408 |     0.7642 |    0.6509 |   2.81e-04 |     
   14 |     0.1252 |     0.7749 |    0.6635 |     0.1187 |     0.7935 |    0.6862 |   2.59e-04 |     
   15 |     0.1216 |     0.7807 |    0.6707 |     0.1123 |     0.7925 |    0.6844 |   2.31e-04 |     
   16 |     0.1180 |     0.7858 |    0.6774 |     0.1121 |     0.7992 |    0.6935 |   2.00e-04 |     
   17 |     0.1145 |     0.7921 |    0.6845 |     0.1114 |     0.7926 |    0.6854 |   1.69e-04 |     
   18 |     0.1124 |     0.7968 |    0.6900 |     0.1102 |     0.7951 |    0.6874 |   1.41e-04 |     
   19 |     0.1090 |     0.8008 |    0.6956 |     0.1142 |     0.7864 |    0.6784 |   1.19e-04 |     
   20 |     0.1076 |     0.8033 |    0.6987 |     0.1081 |     0.8027 |    0.6994 |   1.05e-04 |    *
   21 |     0.1296 |     0.7684 |    0.6551 |     0.1237 |     0.7932 |    0.6871 |   3.00e-04 |     
--- RACE-PE 80e validation screen: control validation statistics ---
up4: ca=0.8653+/-0.1471, sa=1.0037+/-0.0093, amp=0.0000, suppress=0.0000, guide_abs=0.2776
up4 residuals: local_mean=4.123e-02, global_mean=-0.0073, local_strength=0.1084, global_strength=0.1004, gain=[0.9775,1.0555], saturation=0.0500, text_film=0.0167
up4 haar: reconstruction_error=9.537e-07, skip_low/high=0.8074/0.1926, plam_low/high=1.0000/0.0000
up4 strengths: plam=0.9582, region=0.1084, detail=0.1004; residual_std region/detail/refine=0.3707/0.4283/0.2773
up4 guide_mix: entropy=0.9763, raw_low=0.3199, plam_low=0.2925, decoder_low=0.2299, detail=0.1577; agreement plam/decoder=0.5085/0.3259, support=0.7821+/-0.0873
up4 adaptive_frequency: ALPF strength=0.2310, weights=0.1868/0.6778/0.1354, sum=1.0000, entropy=0.7711, delta_std=0.0879; AHPF strength=0.0777, weights=0.3208/0.4998/0.1794, sum=1.0000, entropy=0.9265, residual_std=0.1372, scaled_std=0.0107
up3: ca=0.9724+/-0.1895, sa=1.0026+/-0.0064, amp=0.0000, suppress=0.0000, guide_abs=0.2667
up3 residuals: local_mean=3.522e-03, global_mean=0.0192, local_strength=0.1103, global_strength=0.1126, gain=[0.9626,1.0413], saturation=0.0288, text_film=0.0286
up3 haar: reconstruction_error=9.537e-07, skip_low/high=0.7884/0.2116, plam_low/high=1.0000/0.0000
up3 strengths: plam=0.9526, region=0.1103, detail=0.1126; residual_std region/detail/refine=0.4676/0.5007/0.3639
up3 guide_mix: entropy=0.9788, raw_low=0.3204, plam_low=0.2457, decoder_low=0.2748, detail=0.1591; agreement plam/decoder=0.7899/0.0154, support=0.6855+/-0.1207
up3 adaptive_frequency: ALPF strength=0.2326, weights=0.1696/0.5325/0.2979, sum=1.0000, entropy=0.8099, delta_std=0.0727; AHPF strength=0.0956, weights=0.5108/0.2744/0.2148, sum=1.0000, entropy=0.8254, residual_std=0.1339, scaled_std=0.0128
up2: ca=0.8787+/-0.2174, sa=1.0019+/-0.0043, amp=0.0000, suppress=0.0000, guide_abs=0.4137
up2 residuals: local_mean=-8.296e-04, global_mean=0.0182, local_strength=0.1140, global_strength=0.1087, gain=[0.9618,1.0426], saturation=0.0000, text_film=0.0521
up2 haar: reconstruction_error=1.192e-06, skip_low/high=0.8194/0.1806, plam_low/high=1.0000/0.0000
up2 strengths: plam=0.9231, region=0.1140, detail=0.1087; residual_std region/detail/refine=0.2243/0.3080/0.1546
up2 guide_mix: entropy=0.9637, raw_low=0.3161, plam_low=0.2386, decoder_low=0.3143, detail=0.1310; agreement plam/decoder=0.6861/0.2477, support=0.6219+/-0.0663
up1: ca=0.8307+/-0.1498, sa=0.9995+/-0.0129, amp=0.0000, suppress=0.0000, guide_abs=0.2097
up1 residuals: local_mean=-4.255e-03, global_mean=-0.0006, local_strength=0.1186, global_strength=0.1009, gain=[0.9038,1.0956], saturation=0.0001, text_film=0.0323
up1 haar: reconstruction_error=1.431e-06, skip_low/high=0.7299/0.2701, plam_low/high=1.0000/0.0000
up1 strengths: plam=0.9424, region=0.1186, detail=0.1009; residual_std region/detail/refine=0.2516/0.3461/0.1003
up1 guide_mix: entropy=0.9482, raw_low=0.2725, plam_low=0.2936, decoder_low=0.3307, detail=0.1033; agreement plam/decoder=0.3945/-0.0811, support=0.5628+/-0.0617

========= Epoch [22/80] =========
C4_Test_session_09.09_15h44
Training with batch size : 16
   [Train] Epoch: [22][20/357]  Loss:0.136 (Avg 0.1124) IoU:0.630 (Avg 0.6877) Dice:0.7476 (Avg 0.7967) LR 2.95e-04   (AvgTime 0.6)   
   [Train] Epoch: [22][40/357]  Loss:0.152 (Avg 0.1187) IoU:0.569 (Avg 0.6760) Dice:0.7019 (Avg 0.7845) LR 2.95e-04   (AvgTime 0.5)   
   [Train] Epoch: [22][60/357]  Loss:0.144 (Avg 0.1256) IoU:0.602 (Avg 0.6655) Dice:0.7357 (Avg 0.7759) LR 2.95e-04   (AvgTime 0.5)   
   [Train] Epoch: [22][80/357]  Loss:0.116 (Avg 0.1300) IoU:0.688 (Avg 0.6581) Dice:0.7946 (Avg 0.7704) LR 2.95e-04   (AvgTime 0.5)   
   [Train] Epoch: [22][100/357]  Loss:0.120 (Avg 0.1297) IoU:0.666 (Avg 0.6577) Dice:0.7685 (Avg 0.7698) LR 2.95e-04   (AvgTime 0.5)   
   [Train] Epoch: [22][120/357]  Loss:0.160 (Avg 0.1286) IoU:0.564 (Avg 0.6595) Dice:0.7072 (Avg 0.7722) LR 2.95e-04   (AvgTime 0.5)   
   [Train] Epoch: [22][140/357]  Loss:0.145 (Avg 0.1260) IoU:0.682 (Avg 0.6645) Dice:0.7913 (Avg 0.7765) LR 2.95e-04   (AvgTime 0.5)   
   [Train] Epoch: [22][160/357]  Loss:0.110 (Avg 0.1270) IoU:0.707 (Avg 0.6615) Dice:0.8148 (Avg 0.7738) LR 2.95e-04   (AvgTime 0.5)   
   [Train] Epoch: [22][180/357]  Loss:0.124 (Avg 0.1265) IoU:0.664 (Avg 0.6633) Dice:0.7799 (Avg 0.7751) LR 2.95e-04   (AvgTime 0.5)   
   [Train] Epoch: [22][200/357]  Loss:0.137 (Avg 0.1257) IoU:0.620 (Avg 0.6644) Dice:0.7454 (Avg 0.7761) LR 2.95e-04   (AvgTime 0.5)   
   [Train] Epoch: [22][220/357]  Loss:0.119 (Avg 0.1254) IoU:0.667 (Avg 0.6647) Dice:0.7856 (Avg 0.7764) LR 2.95e-04   (AvgTime 0.5)   
   [Train] Epoch: [22][240/357]  Loss:0.126 (Avg 0.1256) IoU:0.636 (Avg 0.6643) Dice:0.7551 (Avg 0.7761) LR 2.95e-04   (AvgTime 0.5)   
   [Train] Epoch: [22][260/357]  Loss:0.106 (Avg 0.1253) IoU:0.674 (Avg 0.6649) Dice:0.8000 (Avg 0.7768) LR 2.95e-04   (AvgTime 0.5)   
   [Train] Epoch: [22][280/357]  Loss:0.104 (Avg 0.1247) IoU:0.751 (Avg 0.6658) Dice:0.8508 (Avg 0.7774) LR 2.95e-04   (AvgTime 0.5)   
   [Train] Epoch: [22][300/357]  Loss:0.113 (Avg 0.1244) IoU:0.663 (Avg 0.6656) Dice:0.7846 (Avg 0.7772) LR 2.95e-04   (AvgTime 0.5)   
   [Train] Epoch: [22][320/357]  Loss:0.119 (Avg 0.1241) IoU:0.652 (Avg 0.6661) Dice:0.7696 (Avg 0.7774) LR 2.95e-04   (AvgTime 0.5)   
   [Train] Epoch: [22][340/357]  Loss:0.133 (Avg 0.1237) IoU:0.662 (Avg 0.6668) Dice:0.7492 (Avg 0.7778) LR 2.95e-04   (AvgTime 0.5)   
   [Train] Epoch: [22][357/357]  Loss:0.135 (Avg 0.1231) IoU:0.601 (Avg 0.6680) Dice:0.7376 (Avg 0.7788) LR 2.95e-04   (AvgTime 0.5)   
   [Train] Loss components: dice=0.193996, focal=0.052127, total=0.123061
Validation
   [Val] Epoch: [22][20/90]  Loss:0.148 (Avg 0.1136) IoU:0.621 (Avg 0.6928) Dice:0.7393 (Avg 0.7997) (AvgTime 0.3)   
   [Val] Epoch: [22][40/90]  Loss:0.116 (Avg 0.1217) IoU:0.667 (Avg 0.6739) Dice:0.7823 (Avg 0.7816) (AvgTime 0.2)   
   [Val] Epoch: [22][60/90]  Loss:0.146 (Avg 0.1148) IoU:0.637 (Avg 0.6850) Dice:0.7435 (Avg 0.7902) (AvgTime 0.2)   
   [Val] Epoch: [22][80/90]  Loss:0.103 (Avg 0.1140) IoU:0.690 (Avg 0.6839) Dice:0.7999 (Avg 0.7899) (AvgTime 0.2)   
   [Val] Epoch: [22][90/90]  Loss:0.141 (Avg 0.1142) IoU:0.606 (Avg 0.6830) Dice:0.7385 (Avg 0.7894) (AvgTime 0.2)   
   [Val] Loss components: dice=0.185619, focal=0.042765, total=0.114192
	 No iou improvement; selected epoch 20
	 early_stopping_count: 2/80
--- Epoch History (1..22) ---
Epoch |  TrainLoss |  TrainDice |  TrainIoU |    ValLoss |    ValDice |    ValIoU |         LR | Best
    1 |     0.2379 |     0.6073 |    0.4776 |     0.1928 |     0.6881 |    0.5656 |   3.00e-04 |     
    2 |     0.1735 |     0.6993 |    0.5754 |     0.1794 |     0.6884 |    0.5646 |   2.95e-04 |     
    3 |     0.1551 |     0.7275 |    0.6080 |     0.1434 |     0.7519 |    0.6362 |   2.81e-04 |     
    4 |     0.1433 |     0.7455 |    0.6288 |     0.1249 |     0.7776 |    0.6670 |   2.59e-04 |     
    5 |     0.1385 |     0.7532 |    0.6372 |     0.1294 |     0.7623 |    0.6477 |   2.31e-04 |     
    6 |     0.1322 |     0.7635 |    0.6498 |     0.1199 |     0.7896 |    0.6818 |   2.00e-04 |     
    7 |     0.1269 |     0.7728 |    0.6612 |     0.1228 |     0.7847 |    0.6751 |   1.69e-04 |     
    8 |     0.1217 |     0.7793 |    0.6692 |     0.1136 |     0.7979 |    0.6923 |   1.41e-04 |     
    9 |     0.1195 |     0.7835 |    0.6745 |     0.1192 |     0.7913 |    0.6831 |   1.19e-04 |     
   10 |     0.1163 |     0.7892 |    0.6813 |     0.1168 |     0.7850 |    0.6775 |   1.05e-04 |     
   11 |     0.1403 |     0.7517 |    0.6355 |     0.1291 |     0.7743 |    0.6602 |   3.00e-04 |     
   12 |     0.1316 |     0.7641 |    0.6512 |     0.1328 |     0.7636 |    0.6512 |   2.95e-04 |     
   13 |     0.1263 |     0.7730 |    0.6610 |     0.1408 |     0.7642 |    0.6509 |   2.81e-04 |     
   14 |     0.1252 |     0.7749 |    0.6635 |     0.1187 |     0.7935 |    0.6862 |   2.59e-04 |     
   15 |     0.1216 |     0.7807 |    0.6707 |     0.1123 |     0.7925 |    0.6844 |   2.31e-04 |     
   16 |     0.1180 |     0.7858 |    0.6774 |     0.1121 |     0.7992 |    0.6935 |   2.00e-04 |     
   17 |     0.1145 |     0.7921 |    0.6845 |     0.1114 |     0.7926 |    0.6854 |   1.69e-04 |     
   18 |     0.1124 |     0.7968 |    0.6900 |     0.1102 |     0.7951 |    0.6874 |   1.41e-04 |     
   19 |     0.1090 |     0.8008 |    0.6956 |     0.1142 |     0.7864 |    0.6784 |   1.19e-04 |     
   20 |     0.1076 |     0.8033 |    0.6987 |     0.1081 |     0.8027 |    0.6994 |   1.05e-04 |    *
   21 |     0.1296 |     0.7684 |    0.6551 |     0.1237 |     0.7932 |    0.6871 |   3.00e-04 |     
   22 |     0.1231 |     0.7788 |    0.6680 |     0.1142 |     0.7894 |    0.6830 |   2.95e-04 |     
--- RACE-PE 80e validation screen: control validation statistics ---
up4: ca=0.8372+/-0.1542, sa=1.0039+/-0.0100, amp=0.0000, suppress=0.0000, guide_abs=0.2783
up4 residuals: local_mean=4.233e-02, global_mean=-0.0065, local_strength=0.1087, global_strength=0.1009, gain=[0.9776,1.0672], saturation=0.0735, text_film=0.0166
up4 haar: reconstruction_error=5.066e-07, skip_low/high=0.8076/0.1924, plam_low/high=1.0000/0.0000
up4 strengths: plam=0.9563, region=0.1087, detail=0.1009; residual_std region/detail/refine=0.3710/0.4413/0.3013
up4 guide_mix: entropy=0.9751, raw_low=0.3183, plam_low=0.3006, decoder_low=0.2234, detail=0.1576; agreement plam/decoder=0.6630/0.2689, support=0.8021+/-0.0891
up4 adaptive_frequency: ALPF strength=0.2324, weights=0.1927/0.6677/0.1397, sum=1.0000, entropy=0.7840, delta_std=0.0915; AHPF strength=0.0773, weights=0.3220/0.4983/0.1797, sum=1.0000, entropy=0.9273, residual_std=0.1318, scaled_std=0.0102
up3: ca=0.9660+/-0.1872, sa=1.0027+/-0.0058, amp=0.0000, suppress=0.0000, guide_abs=0.2803
up3 residuals: local_mean=6.220e-03, global_mean=0.0175, local_strength=0.1106, global_strength=0.1132, gain=[0.9643,1.0419], saturation=0.0390, text_film=0.0242
up3 haar: reconstruction_error=9.537e-07, skip_low/high=0.7846/0.2154, plam_low/high=1.0000/0.0000
up3 strengths: plam=0.9496, region=0.1106, detail=0.1132; residual_std region/detail/refine=0.4955/0.5090/0.3810
up3 guide_mix: entropy=0.9791, raw_low=0.3100, plam_low=0.2603, decoder_low=0.2745, detail=0.1551; agreement plam/decoder=0.6556/-0.0131, support=0.7031+/-0.1256
up3 adaptive_frequency: ALPF strength=0.2342, weights=0.1453/0.6093/0.2454, sum=1.0000, entropy=0.7963, delta_std=0.0754; AHPF strength=0.0971, weights=0.5748/0.2451/0.1801, sum=1.0000, entropy=0.7842, residual_std=0.1166, scaled_std=0.0113
up2: ca=0.8829+/-0.1522, sa=1.0026+/-0.0043, amp=0.0000, suppress=0.0000, guide_abs=0.3885
up2 residuals: local_mean=1.023e-03, global_mean=0.0225, local_strength=0.1144, global_strength=0.1094, gain=[0.9602,1.0473], saturation=0.0000, text_film=0.0432
up2 haar: reconstruction_error=1.249e-06, skip_low/high=0.8160/0.1840, plam_low/high=1.0000/0.0000
up2 strengths: plam=0.9148, region=0.1144, detail=0.1094; residual_std region/detail/refine=0.2273/0.3317/0.1730
up2 guide_mix: entropy=0.9645, raw_low=0.3041, plam_low=0.2447, decoder_low=0.3205, detail=0.1306; agreement plam/decoder=0.6020/0.1125, support=0.6626+/-0.0726
up1: ca=0.8690+/-0.1394, sa=0.9995+/-0.0130, amp=0.0000, suppress=0.0000, guide_abs=0.2167
up1 residuals: local_mean=-5.574e-03, global_mean=0.0016, local_strength=0.1188, global_strength=0.1008, gain=[0.9032,1.0958], saturation=0.0000, text_film=0.0261
up1 haar: reconstruction_error=1.431e-06, skip_low/high=0.7409/0.2591, plam_low/high=1.0000/0.0000
up1 strengths: plam=0.9391, region=0.1188, detail=0.1008; residual_std region/detail/refine=0.2135/0.3544/0.1074
up1 guide_mix: entropy=0.9494, raw_low=0.2790, plam_low=0.2932, decoder_low=0.3240, detail=0.1038; agreement plam/decoder=0.3615/-0.0779, support=0.5693+/-0.0576

========= Epoch [23/80] =========
C4_Test_session_09.09_15h44
Training with batch size : 16
   [Train] Epoch: [23][20/357]  Loss:0.114 (Avg 0.1132) IoU:0.657 (Avg 0.6813) Dice:0.7827 (Avg 0.7928) LR 2.81e-04   (AvgTime 0.6)   
   [Train] Epoch: [23][40/357]  Loss:0.121 (Avg 0.1182) IoU:0.698 (Avg 0.6779) Dice:0.7872 (Avg 0.7876) LR 2.81e-04   (AvgTime 0.6)   
   [Train] Epoch: [23][60/357]  Loss:0.105 (Avg 0.1160) IoU:0.745 (Avg 0.6842) Dice:0.8494 (Avg 0.7926) LR 2.81e-04   (AvgTime 0.6)   
   [Train] Epoch: [23][80/357]  Loss:0.156 (Avg 0.1180) IoU:0.583 (Avg 0.6786) Dice:0.6866 (Avg 0.7878) LR 2.81e-04   (AvgTime 0.6)   
   [Train] Epoch: [23][100/357]  Loss:0.094 (Avg 0.1182) IoU:0.742 (Avg 0.6804) Dice:0.8358 (Avg 0.7891) LR 2.81e-04   (AvgTime 0.6)   
   [Train] Epoch: [23][120/357]  Loss:0.105 (Avg 0.1185) IoU:0.689 (Avg 0.6791) Dice:0.8036 (Avg 0.7880) LR 2.81e-04   (AvgTime 0.6)   
   [Train] Epoch: [23][140/357]  Loss:0.156 (Avg 0.1187) IoU:0.591 (Avg 0.6778) Dice:0.7050 (Avg 0.7869) LR 2.81e-04   (AvgTime 0.5)   
   [Train] Epoch: [23][160/357]  Loss:0.162 (Avg 0.1195) IoU:0.558 (Avg 0.6764) Dice:0.6904 (Avg 0.7853) LR 2.81e-04   (AvgTime 0.5)   
   [Train] Epoch: [23][180/357]  Loss:0.139 (Avg 0.1188) IoU:0.608 (Avg 0.6782) Dice:0.7289 (Avg 0.7864) LR 2.81e-04   (AvgTime 0.5)   
   [Train] Epoch: [23][200/357]  Loss:0.092 (Avg 0.1186) IoU:0.766 (Avg 0.6783) Dice:0.8568 (Avg 0.7866) LR 2.81e-04   (AvgTime 0.5)   
   [Train] Epoch: [23][220/357]  Loss:0.126 (Avg 0.1184) IoU:0.695 (Avg 0.6788) Dice:0.7756 (Avg 0.7870) LR 2.81e-04   (AvgTime 0.5)   
   [Train] Epoch: [23][240/357]  Loss:0.119 (Avg 0.1181) IoU:0.689 (Avg 0.6789) Dice:0.7916 (Avg 0.7874) LR 2.81e-04   (AvgTime 0.5)   
   [Train] Epoch: [23][260/357]  Loss:0.135 (Avg 0.1183) IoU:0.635 (Avg 0.6781) Dice:0.7431 (Avg 0.7865) LR 2.81e-04   (AvgTime 0.5)   
   [Train] Epoch: [23][280/357]  Loss:0.101 (Avg 0.1184) IoU:0.713 (Avg 0.6779) Dice:0.8171 (Avg 0.7863) LR 2.81e-04   (AvgTime 0.5)   
   [Train] Epoch: [23][300/357]  Loss:0.130 (Avg 0.1187) IoU:0.649 (Avg 0.6772) Dice:0.7488 (Avg 0.7855) LR 2.81e-04   (AvgTime 0.5)   
   [Train] Epoch: [23][320/357]  Loss:0.087 (Avg 0.1185) IoU:0.737 (Avg 0.6778) Dice:0.8417 (Avg 0.7861) LR 2.81e-04   (AvgTime 0.5)   
   [Train] Epoch: [23][340/357]  Loss:0.087 (Avg 0.1183) IoU:0.739 (Avg 0.6782) Dice:0.8404 (Avg 0.7865) LR 2.81e-04   (AvgTime 0.5)   
   [Train] Epoch: [23][357/357]  Loss:0.128 (Avg 0.1186) IoU:0.675 (Avg 0.6772) Dice:0.7724 (Avg 0.7855) LR 2.81e-04   (AvgTime 0.5)   
   [Train] Loss components: dice=0.187511, focal=0.049757, total=0.118634
Validation
   [Val] Epoch: [23][20/90]  Loss:0.137 (Avg 0.1127) IoU:0.635 (Avg 0.7019) Dice:0.7594 (Avg 0.8086) (AvgTime 0.2)   
   [Val] Epoch: [23][40/90]  Loss:0.104 (Avg 0.1189) IoU:0.695 (Avg 0.6839) Dice:0.8101 (Avg 0.7920) (AvgTime 0.2)   
   [Val] Epoch: [23][60/90]  Loss:0.147 (Avg 0.1128) IoU:0.627 (Avg 0.6933) Dice:0.7413 (Avg 0.7984) (AvgTime 0.2)   
   [Val] Epoch: [23][80/90]  Loss:0.097 (Avg 0.1119) IoU:0.709 (Avg 0.6925) Dice:0.8143 (Avg 0.7978) (AvgTime 0.2)   
   [Val] Epoch: [23][90/90]  Loss:0.126 (Avg 0.1121) IoU:0.616 (Avg 0.6918) Dice:0.7485 (Avg 0.7973) (AvgTime 0.2)   
   [Val] Loss components: dice=0.177485, focal=0.046757, total=0.112121
	 No iou improvement; selected epoch 20
	 early_stopping_count: 3/80
--- Epoch History (1..23) ---
Epoch |  TrainLoss |  TrainDice |  TrainIoU |    ValLoss |    ValDice |    ValIoU |         LR | Best
    1 |     0.2379 |     0.6073 |    0.4776 |     0.1928 |     0.6881 |    0.5656 |   3.00e-04 |     
    2 |     0.1735 |     0.6993 |    0.5754 |     0.1794 |     0.6884 |    0.5646 |   2.95e-04 |     
    3 |     0.1551 |     0.7275 |    0.6080 |     0.1434 |     0.7519 |    0.6362 |   2.81e-04 |     
    4 |     0.1433 |     0.7455 |    0.6288 |     0.1249 |     0.7776 |    0.6670 |   2.59e-04 |     
    5 |     0.1385 |     0.7532 |    0.6372 |     0.1294 |     0.7623 |    0.6477 |   2.31e-04 |     
    6 |     0.1322 |     0.7635 |    0.6498 |     0.1199 |     0.7896 |    0.6818 |   2.00e-04 |     
    7 |     0.1269 |     0.7728 |    0.6612 |     0.1228 |     0.7847 |    0.6751 |   1.69e-04 |     
    8 |     0.1217 |     0.7793 |    0.6692 |     0.1136 |     0.7979 |    0.6923 |   1.41e-04 |     
    9 |     0.1195 |     0.7835 |    0.6745 |     0.1192 |     0.7913 |    0.6831 |   1.19e-04 |     
   10 |     0.1163 |     0.7892 |    0.6813 |     0.1168 |     0.7850 |    0.6775 |   1.05e-04 |     
   11 |     0.1403 |     0.7517 |    0.6355 |     0.1291 |     0.7743 |    0.6602 |   3.00e-04 |     
   12 |     0.1316 |     0.7641 |    0.6512 |     0.1328 |     0.7636 |    0.6512 |   2.95e-04 |     
   13 |     0.1263 |     0.7730 |    0.6610 |     0.1408 |     0.7642 |    0.6509 |   2.81e-04 |     
   14 |     0.1252 |     0.7749 |    0.6635 |     0.1187 |     0.7935 |    0.6862 |   2.59e-04 |     
   15 |     0.1216 |     0.7807 |    0.6707 |     0.1123 |     0.7925 |    0.6844 |   2.31e-04 |     
   16 |     0.1180 |     0.7858 |    0.6774 |     0.1121 |     0.7992 |    0.6935 |   2.00e-04 |     
   17 |     0.1145 |     0.7921 |    0.6845 |     0.1114 |     0.7926 |    0.6854 |   1.69e-04 |     
   18 |     0.1124 |     0.7968 |    0.6900 |     0.1102 |     0.7951 |    0.6874 |   1.41e-04 |     
   19 |     0.1090 |     0.8008 |    0.6956 |     0.1142 |     0.7864 |    0.6784 |   1.19e-04 |     
   20 |     0.1076 |     0.8033 |    0.6987 |     0.1081 |     0.8027 |    0.6994 |   1.05e-04 |    *
   21 |     0.1296 |     0.7684 |    0.6551 |     0.1237 |     0.7932 |    0.6871 |   3.00e-04 |     
   22 |     0.1231 |     0.7788 |    0.6680 |     0.1142 |     0.7894 |    0.6830 |   2.95e-04 |     
   23 |     0.1186 |     0.7855 |    0.6772 |     0.1121 |     0.7973 |    0.6918 |   2.81e-04 |     
--- RACE-PE 80e validation screen: control validation statistics ---
up4: ca=0.8687+/-0.1296, sa=1.0057+/-0.0104, amp=0.0000, suppress=0.0000, guide_abs=0.2246
up4 residuals: local_mean=4.862e-02, global_mean=0.0037, local_strength=0.1090, global_strength=0.1013, gain=[0.9791,1.0673], saturation=0.0959, text_film=0.0160
up4 haar: reconstruction_error=5.960e-07, skip_low/high=0.8017/0.1983, plam_low/high=1.0000/0.0000
up4 strengths: plam=0.9546, region=0.1090, detail=0.1013; residual_std region/detail/refine=0.3887/0.4385/0.3012
up4 guide_mix: entropy=0.9808, raw_low=0.3230, plam_low=0.2700, decoder_low=0.2406, detail=0.1664; agreement plam/decoder=0.6457/0.6012, support=0.7967+/-0.0981
up4 adaptive_frequency: ALPF strength=0.2343, weights=0.1757/0.6781/0.1463, sum=1.0000, entropy=0.7729, delta_std=0.0895; AHPF strength=0.0769, weights=0.3401/0.4867/0.1731, sum=1.0000, entropy=0.9281, residual_std=0.1277, scaled_std=0.0098
up3: ca=0.9691+/-0.1754, sa=1.0024+/-0.0057, amp=0.0000, suppress=0.0000, guide_abs=0.2579
up3 residuals: local_mean=5.616e-03, global_mean=0.0150, local_strength=0.1108, global_strength=0.1137, gain=[0.9750,1.0321], saturation=0.0355, text_film=0.0279
up3 haar: reconstruction_error=9.537e-07, skip_low/high=0.7899/0.2101, plam_low/high=1.0000/0.0000
up3 strengths: plam=0.9466, region=0.1108, detail=0.1137; residual_std region/detail/refine=0.4669/0.5100/0.3885
up3 guide_mix: entropy=0.9769, raw_low=0.3266, plam_low=0.2303, decoder_low=0.2830, detail=0.1602; agreement plam/decoder=0.6980/-0.1140, support=0.6985+/-0.1214
up3 adaptive_frequency: ALPF strength=0.2358, weights=0.1495/0.5740/0.2764, sum=1.0000, entropy=0.7972, delta_std=0.0739; AHPF strength=0.0978, weights=0.5153/0.2731/0.2116, sum=1.0000, entropy=0.8324, residual_std=0.1320, scaled_std=0.0129
up2: ca=0.8695+/-0.1857, sa=1.0032+/-0.0048, amp=0.0000, suppress=0.0000, guide_abs=0.4060
up2 residuals: local_mean=8.056e-04, global_mean=0.0281, local_strength=0.1150, global_strength=0.1094, gain=[0.9692,1.0464], saturation=0.0000, text_film=0.0490
up2 haar: reconstruction_error=9.537e-07, skip_low/high=0.8252/0.1748, plam_low/high=1.0000/0.0000
up2 strengths: plam=0.9088, region=0.1150, detail=0.1094; residual_std region/detail/refine=0.2232/0.3123/0.1554
up2 guide_mix: entropy=0.9578, raw_low=0.3159, plam_low=0.2194, decoder_low=0.3354, detail=0.1294; agreement plam/decoder=0.6597/-0.0051, support=0.6735+/-0.0706
up1: ca=0.8539+/-0.1488, sa=0.9996+/-0.0131, amp=0.0000, suppress=0.0000, guide_abs=0.2421
up1 residuals: local_mean=-5.872e-03, global_mean=0.0030, local_strength=0.1190, global_strength=0.1007, gain=[0.9033,1.0960], saturation=0.0000, text_film=0.0287
up1 haar: reconstruction_error=1.431e-06, skip_low/high=0.7506/0.2494, plam_low/high=1.0000/0.0000
up1 strengths: plam=0.9366, region=0.1190, detail=0.1007; residual_std region/detail/refine=0.2143/0.3632/0.1119
up1 guide_mix: entropy=0.9495, raw_low=0.3358, plam_low=0.2185, decoder_low=0.3279, detail=0.1177; agreement plam/decoder=0.2548/-0.0683, support=0.5747+/-0.0593

========= Epoch [24/80] =========
C4_Test_session_09.09_15h44
Training with batch size : 16
   [Train] Epoch: [24][20/357]  Loss:0.118 (Avg 0.1169) IoU:0.685 (Avg 0.6837) Dice:0.7873 (Avg 0.7932) LR 2.59e-04   (AvgTime 0.6)   
   [Train] Epoch: [24][40/357]  Loss:0.103 (Avg 0.1185) IoU:0.716 (Avg 0.6778) Dice:0.8167 (Avg 0.7868) LR 2.59e-04   (AvgTime 0.6)   
   [Train] Epoch: [24][60/357]  Loss:0.111 (Avg 0.1200) IoU:0.677 (Avg 0.6733) Dice:0.7953 (Avg 0.7838) LR 2.59e-04   (AvgTime 0.6)   
   [Train] Epoch: [24][80/357]  Loss:0.133 (Avg 0.1166) IoU:0.674 (Avg 0.6810) Dice:0.7681 (Avg 0.7899) LR 2.59e-04   (AvgTime 0.6)   
   [Train] Epoch: [24][100/357]  Loss:0.181 (Avg 0.1185) IoU:0.527 (Avg 0.6762) Dice:0.6675 (Avg 0.7862) LR 2.59e-04   (AvgTime 0.6)   
   [Train] Epoch: [24][120/357]  Loss:0.154 (Avg 0.1178) IoU:0.598 (Avg 0.6781) Dice:0.7080 (Avg 0.7875) LR 2.59e-04   (AvgTime 0.6)   
   [Train] Epoch: [24][140/357]  Loss:0.105 (Avg 0.1186) IoU:0.719 (Avg 0.6770) Dice:0.8230 (Avg 0.7864) LR 2.59e-04   (AvgTime 0.6)   
   [Train] Epoch: [24][160/357]  Loss:0.088 (Avg 0.1183) IoU:0.729 (Avg 0.6775) Dice:0.8341 (Avg 0.7869) LR 2.59e-04   (AvgTime 0.6)   
   [Train] Epoch: [24][180/357]  Loss:0.081 (Avg 0.1188) IoU:0.750 (Avg 0.6776) Dice:0.8460 (Avg 0.7865) LR 2.59e-04   (AvgTime 0.6)   
   [Train] Epoch: [24][200/357]  Loss:0.108 (Avg 0.1186) IoU:0.713 (Avg 0.6781) Dice:0.8259 (Avg 0.7870) LR 2.59e-04   (AvgTime 0.6)   
   [Train] Epoch: [24][220/357]  Loss:0.148 (Avg 0.1180) IoU:0.592 (Avg 0.6792) Dice:0.7240 (Avg 0.7879) LR 2.59e-04   (AvgTime 0.6)   
   [Train] Epoch: [24][240/357]  Loss:0.170 (Avg 0.1181) IoU:0.547 (Avg 0.6786) Dice:0.6742 (Avg 0.7874) LR 2.59e-04   (AvgTime 0.6)   
   [Train] Epoch: [24][260/357]  Loss:0.104 (Avg 0.1183) IoU:0.695 (Avg 0.6785) Dice:0.8102 (Avg 0.7871) LR 2.59e-04   (AvgTime 0.6)   
   [Train] Epoch: [24][280/357]  Loss:0.083 (Avg 0.1176) IoU:0.757 (Avg 0.6799) Dice:0.8505 (Avg 0.7884) LR 2.59e-04   (AvgTime 0.6)   
   [Train] Epoch: [24][300/357]  Loss:0.090 (Avg 0.1175) IoU:0.728 (Avg 0.6795) Dice:0.8338 (Avg 0.7880) LR 2.59e-04   (AvgTime 0.6)   
   [Train] Epoch: [24][320/357]  Loss:0.099 (Avg 0.1174) IoU:0.691 (Avg 0.6800) Dice:0.8039 (Avg 0.7883) LR 2.59e-04   (AvgTime 0.6)   
   [Train] Epoch: [24][340/357]  Loss:0.139 (Avg 0.1173) IoU:0.616 (Avg 0.6797) Dice:0.7359 (Avg 0.7879) LR 2.59e-04   (AvgTime 0.6)   
   [Train] Epoch: [24][357/357]  Loss:0.099 (Avg 0.1175) IoU:0.720 (Avg 0.6793) Dice:0.8230 (Avg 0.7876) LR 2.59e-04   (AvgTime 0.6)   
   [Train] Loss components: dice=0.185876, focal=0.049083, total=0.117480
Validation
   [Val] Epoch: [24][20/90]  Loss:0.136 (Avg 0.1125) IoU:0.645 (Avg 0.6891) Dice:0.7708 (Avg 0.8005) (AvgTime 0.3)   
   [Val] Epoch: [24][40/90]  Loss:0.109 (Avg 0.1217) IoU:0.670 (Avg 0.6681) Dice:0.7904 (Avg 0.7812) (AvgTime 0.2)   
   [Val] Epoch: [24][60/90]  Loss:0.145 (Avg 0.1153) IoU:0.621 (Avg 0.6779) Dice:0.7347 (Avg 0.7884) (AvgTime 0.2)   
   [Val] Epoch: [24][80/90]  Loss:0.097 (Avg 0.1139) IoU:0.705 (Avg 0.6777) Dice:0.8129 (Avg 0.7887) (AvgTime 0.2)   
   [Val] Epoch: [24][90/90]  Loss:0.125 (Avg 0.1139) IoU:0.629 (Avg 0.6777) Dice:0.7588 (Avg 0.7888) (AvgTime 0.2)   
   [Val] Loss components: dice=0.183342, focal=0.044466, total=0.113904
	 No iou improvement; selected epoch 20
	 early_stopping_count: 4/80
--- Epoch History (1..24) ---
Epoch |  TrainLoss |  TrainDice |  TrainIoU |    ValLoss |    ValDice |    ValIoU |         LR | Best
    1 |     0.2379 |     0.6073 |    0.4776 |     0.1928 |     0.6881 |    0.5656 |   3.00e-04 |     
    2 |     0.1735 |     0.6993 |    0.5754 |     0.1794 |     0.6884 |    0.5646 |   2.95e-04 |     
    3 |     0.1551 |     0.7275 |    0.6080 |     0.1434 |     0.7519 |    0.6362 |   2.81e-04 |     
    4 |     0.1433 |     0.7455 |    0.6288 |     0.1249 |     0.7776 |    0.6670 |   2.59e-04 |     
    5 |     0.1385 |     0.7532 |    0.6372 |     0.1294 |     0.7623 |    0.6477 |   2.31e-04 |     
    6 |     0.1322 |     0.7635 |    0.6498 |     0.1199 |     0.7896 |    0.6818 |   2.00e-04 |     
    7 |     0.1269 |     0.7728 |    0.6612 |     0.1228 |     0.7847 |    0.6751 |   1.69e-04 |     
    8 |     0.1217 |     0.7793 |    0.6692 |     0.1136 |     0.7979 |    0.6923 |   1.41e-04 |     
    9 |     0.1195 |     0.7835 |    0.6745 |     0.1192 |     0.7913 |    0.6831 |   1.19e-04 |     
   10 |     0.1163 |     0.7892 |    0.6813 |     0.1168 |     0.7850 |    0.6775 |   1.05e-04 |     
   11 |     0.1403 |     0.7517 |    0.6355 |     0.1291 |     0.7743 |    0.6602 |   3.00e-04 |     
   12 |     0.1316 |     0.7641 |    0.6512 |     0.1328 |     0.7636 |    0.6512 |   2.95e-04 |     
   13 |     0.1263 |     0.7730 |    0.6610 |     0.1408 |     0.7642 |    0.6509 |   2.81e-04 |     
   14 |     0.1252 |     0.7749 |    0.6635 |     0.1187 |     0.7935 |    0.6862 |   2.59e-04 |     
   15 |     0.1216 |     0.7807 |    0.6707 |     0.1123 |     0.7925 |    0.6844 |   2.31e-04 |     
   16 |     0.1180 |     0.7858 |    0.6774 |     0.1121 |     0.7992 |    0.6935 |   2.00e-04 |     
   17 |     0.1145 |     0.7921 |    0.6845 |     0.1114 |     0.7926 |    0.6854 |   1.69e-04 |     
   18 |     0.1124 |     0.7968 |    0.6900 |     0.1102 |     0.7951 |    0.6874 |   1.41e-04 |     
   19 |     0.1090 |     0.8008 |    0.6956 |     0.1142 |     0.7864 |    0.6784 |   1.19e-04 |     
   20 |     0.1076 |     0.8033 |    0.6987 |     0.1081 |     0.8027 |    0.6994 |   1.05e-04 |    *
   21 |     0.1296 |     0.7684 |    0.6551 |     0.1237 |     0.7932 |    0.6871 |   3.00e-04 |     
   22 |     0.1231 |     0.7788 |    0.6680 |     0.1142 |     0.7894 |    0.6830 |   2.95e-04 |     
   23 |     0.1186 |     0.7855 |    0.6772 |     0.1121 |     0.7973 |    0.6918 |   2.81e-04 |     
   24 |     0.1175 |     0.7876 |    0.6793 |     0.1139 |     0.7888 |    0.6777 |   2.59e-04 |     
--- RACE-PE 80e validation screen: control validation statistics ---
up4: ca=0.8719+/-0.1339, sa=1.0051+/-0.0102, amp=0.0000, suppress=0.0000, guide_abs=0.1990
up4 residuals: local_mean=4.969e-02, global_mean=-0.0024, local_strength=0.1091, global_strength=0.1016, gain=[0.9684,1.0678], saturation=0.0735, text_film=0.0149
up4 haar: reconstruction_error=9.537e-07, skip_low/high=0.8096/0.1904, plam_low/high=1.0000/0.0000
up4 strengths: plam=0.9531, region=0.1091, detail=0.1016; residual_std region/detail/refine=0.3835/0.4422/0.3102
up4 guide_mix: entropy=0.9791, raw_low=0.3284, plam_low=0.2638, decoder_low=0.2450, detail=0.1628; agreement plam/decoder=0.5062/0.6181, support=0.7555+/-0.1166
up4 adaptive_frequency: ALPF strength=0.2357, weights=0.1834/0.6743/0.1423, sum=1.0000, entropy=0.7772, delta_std=0.0988; AHPF strength=0.0765, weights=0.3367/0.4865/0.1768, sum=1.0000, entropy=0.9305, residual_std=0.1299, scaled_std=0.0099
up3: ca=0.9912+/-0.1682, sa=1.0027+/-0.0055, amp=0.0000, suppress=0.0000, guide_abs=0.2635
up3 residuals: local_mean=6.271e-03, global_mean=0.0176, local_strength=0.1109, global_strength=0.1141, gain=[0.9788,1.0316], saturation=0.0449, text_film=0.0251
up3 haar: reconstruction_error=9.537e-07, skip_low/high=0.7757/0.2243, plam_low/high=1.0000/0.0000
up3 strengths: plam=0.9445, region=0.1109, detail=0.1141; residual_std region/detail/refine=0.5086/0.5305/0.4218
up3 guide_mix: entropy=0.9799, raw_low=0.3060, plam_low=0.2460, decoder_low=0.2891, detail=0.1589; agreement plam/decoder=0.6363/0.0395, support=0.7118+/-0.1288
up3 adaptive_frequency: ALPF strength=0.2371, weights=0.1609/0.5515/0.2876, sum=1.0000, entropy=0.8014, delta_std=0.0758; AHPF strength=0.0985, weights=0.5259/0.2822/0.1919, sum=1.0000, entropy=0.8322, residual_std=0.1170, scaled_std=0.0115
up2: ca=0.8745+/-0.1760, sa=1.0034+/-0.0042, amp=0.0000, suppress=0.0000, guide_abs=0.3917
up2 residuals: local_mean=1.344e-03, global_mean=0.0296, local_strength=0.1156, global_strength=0.1096, gain=[0.9591,1.0517], saturation=0.0000, text_film=0.0513
up2 haar: reconstruction_error=1.371e-06, skip_low/high=0.8044/0.1956, plam_low/high=1.0000/0.0000
up2 strengths: plam=0.9038, region=0.1156, detail=0.1096; residual_std region/detail/refine=0.2201/0.3198/0.1632
up2 guide_mix: entropy=0.9633, raw_low=0.3019, plam_low=0.2300, decoder_low=0.3338, detail=0.1343; agreement plam/decoder=0.5947/0.0813, support=0.6615+/-0.0691
up1: ca=0.8679+/-0.1485, sa=1.0000+/-0.0128, amp=0.0000, suppress=0.0000, guide_abs=0.2307
up1 residuals: local_mean=-3.918e-03, global_mean=0.0045, local_strength=0.1195, global_strength=0.1004, gain=[0.9037,1.0957], saturation=0.0000, text_film=0.0307
up1 haar: reconstruction_error=1.431e-06, skip_low/high=0.7408/0.2592, plam_low/high=1.0000/0.0000
up1 strengths: plam=0.9344, region=0.1195, detail=0.1004; residual_std region/detail/refine=0.2226/0.3544/0.1161
up1 guide_mix: entropy=0.9498, raw_low=0.2980, plam_low=0.2559, decoder_low=0.3381, detail=0.1081; agreement plam/decoder=0.1761/-0.1805, support=0.5757+/-0.0612

========= Epoch [25/80] =========
C4_Test_session_09.09_15h44
Training with batch size : 16
   [Train] Epoch: [25][20/357]  Loss:0.154 (Avg 0.1136) IoU:0.610 (Avg 0.6825) Dice:0.7211 (Avg 0.7909) LR 2.31e-04   (AvgTime 0.6)   
   [Train] Epoch: [25][40/357]  Loss:0.085 (Avg 0.1143) IoU:0.744 (Avg 0.6822) Dice:0.8449 (Avg 0.7910) LR 2.31e-04   (AvgTime 0.5)   
   [Train] Epoch: [25][60/357]  Loss:0.115 (Avg 0.1136) IoU:0.697 (Avg 0.6829) Dice:0.7853 (Avg 0.7918) LR 2.31e-04   (AvgTime 0.5)   
   [Train] Epoch: [25][80/357]  Loss:0.122 (Avg 0.1130) IoU:0.664 (Avg 0.6862) Dice:0.7682 (Avg 0.7946) LR 2.31e-04   (AvgTime 0.5)   
   [Train] Epoch: [25][100/357]  Loss:0.083 (Avg 0.1132) IoU:0.777 (Avg 0.6855) Dice:0.8635 (Avg 0.7939) LR 2.31e-04   (AvgTime 0.5)   
   [Train] Epoch: [25][120/357]  Loss:0.156 (Avg 0.1139) IoU:0.630 (Avg 0.6866) Dice:0.7390 (Avg 0.7944) LR 2.31e-04   (AvgTime 0.5)   
   [Train] Epoch: [25][140/357]  Loss:0.174 (Avg 0.1139) IoU:0.539 (Avg 0.6856) Dice:0.6568 (Avg 0.7940) LR 2.31e-04   (AvgTime 0.5)   
   [Train] Epoch: [25][160/357]  Loss:0.135 (Avg 0.1139) IoU:0.610 (Avg 0.6854) Dice:0.7432 (Avg 0.7934) LR 2.31e-04   (AvgTime 0.5)   
   [Train] Epoch: [25][180/357]  Loss:0.105 (Avg 0.1136) IoU:0.719 (Avg 0.6867) Dice:0.8241 (Avg 0.7946) LR 2.31e-04   (AvgTime 0.5)   
   [Train] Epoch: [25][200/357]  Loss:0.112 (Avg 0.1134) IoU:0.698 (Avg 0.6872) Dice:0.7970 (Avg 0.7947) LR 2.31e-04   (AvgTime 0.5)   
   [Train] Epoch: [25][220/357]  Loss:0.089 (Avg 0.1126) IoU:0.779 (Avg 0.6889) Dice:0.8686 (Avg 0.7962) LR 2.31e-04   (AvgTime 0.5)   
   [Train] Epoch: [25][240/357]  Loss:0.107 (Avg 0.1126) IoU:0.733 (Avg 0.6892) Dice:0.8365 (Avg 0.7963) LR 2.31e-04   (AvgTime 0.6)   
   [Train] Epoch: [25][260/357]  Loss:0.077 (Avg 0.1129) IoU:0.766 (Avg 0.6884) Dice:0.8604 (Avg 0.7958) LR 2.31e-04   (AvgTime 0.6)   
   [Train] Epoch: [25][280/357]  Loss:0.110 (Avg 0.1137) IoU:0.696 (Avg 0.6864) Dice:0.8058 (Avg 0.7940) LR 2.31e-04   (AvgTime 0.6)   
   [Train] Epoch: [25][300/357]  Loss:0.123 (Avg 0.1130) IoU:0.652 (Avg 0.6881) Dice:0.7767 (Avg 0.7953) LR 2.31e-04   (AvgTime 0.6)   
   [Train] Epoch: [25][320/357]  Loss:0.105 (Avg 0.1130) IoU:0.707 (Avg 0.6883) Dice:0.8061 (Avg 0.7953) LR 2.31e-04   (AvgTime 0.5)   
   [Train] Epoch: [25][340/357]  Loss:0.129 (Avg 0.1130) IoU:0.628 (Avg 0.6878) Dice:0.7624 (Avg 0.7950) LR 2.31e-04   (AvgTime 0.5)   
   [Train] Epoch: [25][357/357]  Loss:0.118 (Avg 0.1131) IoU:0.628 (Avg 0.6877) Dice:0.7590 (Avg 0.7947) LR 2.31e-04   (AvgTime 0.5)   
   [Train] Loss components: dice=0.178768, focal=0.047342, total=0.113055
Validation
   [Val] Epoch: [25][20/90]  Loss:0.139 (Avg 0.1221) IoU:0.648 (Avg 0.6919) Dice:0.7729 (Avg 0.8019) (AvgTime 0.3)   
   [Val] Epoch: [25][40/90]  Loss:0.112 (Avg 0.1276) IoU:0.688 (Avg 0.6764) Dice:0.8039 (Avg 0.7869) (AvgTime 0.2)   
   [Val] Epoch: [25][60/90]  Loss:0.162 (Avg 0.1212) IoU:0.613 (Avg 0.6851) Dice:0.7325 (Avg 0.7928) (AvgTime 0.2)   
   [Val] Epoch: [25][80/90]  Loss:0.107 (Avg 0.1202) IoU:0.703 (Avg 0.6834) Dice:0.8126 (Avg 0.7916) (AvgTime 0.2)   
   [Val] Epoch: [25][90/90]  Loss:0.190 (Avg 0.1212) IoU:0.535 (Avg 0.6812) Dice:0.6691 (Avg 0.7900) (AvgTime 0.2)   
   [Val] Loss components: dice=0.180906, focal=0.061411, total=0.121158
	 No iou improvement; selected epoch 20
	 early_stopping_count: 5/80
--- Epoch History (1..25) ---
Epoch |  TrainLoss |  TrainDice |  TrainIoU |    ValLoss |    ValDice |    ValIoU |         LR | Best
    1 |     0.2379 |     0.6073 |    0.4776 |     0.1928 |     0.6881 |    0.5656 |   3.00e-04 |     
    2 |     0.1735 |     0.6993 |    0.5754 |     0.1794 |     0.6884 |    0.5646 |   2.95e-04 |     
    3 |     0.1551 |     0.7275 |    0.6080 |     0.1434 |     0.7519 |    0.6362 |   2.81e-04 |     
    4 |     0.1433 |     0.7455 |    0.6288 |     0.1249 |     0.7776 |    0.6670 |   2.59e-04 |     
    5 |     0.1385 |     0.7532 |    0.6372 |     0.1294 |     0.7623 |    0.6477 |   2.31e-04 |     
    6 |     0.1322 |     0.7635 |    0.6498 |     0.1199 |     0.7896 |    0.6818 |   2.00e-04 |     
    7 |     0.1269 |     0.7728 |    0.6612 |     0.1228 |     0.7847 |    0.6751 |   1.69e-04 |     
    8 |     0.1217 |     0.7793 |    0.6692 |     0.1136 |     0.7979 |    0.6923 |   1.41e-04 |     
    9 |     0.1195 |     0.7835 |    0.6745 |     0.1192 |     0.7913 |    0.6831 |   1.19e-04 |     
   10 |     0.1163 |     0.7892 |    0.6813 |     0.1168 |     0.7850 |    0.6775 |   1.05e-04 |     
   11 |     0.1403 |     0.7517 |    0.6355 |     0.1291 |     0.7743 |    0.6602 |   3.00e-04 |     
   12 |     0.1316 |     0.7641 |    0.6512 |     0.1328 |     0.7636 |    0.6512 |   2.95e-04 |     
   13 |     0.1263 |     0.7730 |    0.6610 |     0.1408 |     0.7642 |    0.6509 |   2.81e-04 |     
   14 |     0.1252 |     0.7749 |    0.6635 |     0.1187 |     0.7935 |    0.6862 |   2.59e-04 |     
   15 |     0.1216 |     0.7807 |    0.6707 |     0.1123 |     0.7925 |    0.6844 |   2.31e-04 |     
   16 |     0.1180 |     0.7858 |    0.6774 |     0.1121 |     0.7992 |    0.6935 |   2.00e-04 |     
   17 |     0.1145 |     0.7921 |    0.6845 |     0.1114 |     0.7926 |    0.6854 |   1.69e-04 |     
   18 |     0.1124 |     0.7968 |    0.6900 |     0.1102 |     0.7951 |    0.6874 |   1.41e-04 |     
   19 |     0.1090 |     0.8008 |    0.6956 |     0.1142 |     0.7864 |    0.6784 |   1.19e-04 |     
   20 |     0.1076 |     0.8033 |    0.6987 |     0.1081 |     0.8027 |    0.6994 |   1.05e-04 |    *
   21 |     0.1296 |     0.7684 |    0.6551 |     0.1237 |     0.7932 |    0.6871 |   3.00e-04 |     
   22 |     0.1231 |     0.7788 |    0.6680 |     0.1142 |     0.7894 |    0.6830 |   2.95e-04 |     
   23 |     0.1186 |     0.7855 |    0.6772 |     0.1121 |     0.7973 |    0.6918 |   2.81e-04 |     
   24 |     0.1175 |     0.7876 |    0.6793 |     0.1139 |     0.7888 |    0.6777 |   2.59e-04 |     
   25 |     0.1131 |     0.7947 |    0.6877 |     0.1212 |     0.7900 |    0.6812 |   2.31e-04 |     
--- RACE-PE 80e validation screen: control validation statistics ---
up4: ca=0.8757+/-0.1261, sa=1.0053+/-0.0107, amp=0.0000, suppress=0.0000, guide_abs=0.2122
up4 residuals: local_mean=5.702e-02, global_mean=-0.0085, local_strength=0.1093, global_strength=0.1020, gain=[0.9801,1.0671], saturation=0.0867, text_film=0.0156
up4 haar: reconstruction_error=5.607e-07, skip_low/high=0.8159/0.1841, plam_low/high=1.0000/0.0000
up4 strengths: plam=0.9517, region=0.1093, detail=0.1020; residual_std region/detail/refine=0.3878/0.4433/0.3306
up4 guide_mix: entropy=0.9760, raw_low=0.3110, plam_low=0.2994, decoder_low=0.2355, detail=0.1542; agreement plam/decoder=0.5086/0.5240, support=0.7782+/-0.1029
up4 adaptive_frequency: ALPF strength=0.2366, weights=0.1920/0.6713/0.1367, sum=1.0000, entropy=0.7789, delta_std=0.0806; AHPF strength=0.0762, weights=0.3370/0.4895/0.1735, sum=1.0000, entropy=0.9269, residual_std=0.1198, scaled_std=0.0091
up3: ca=0.9942+/-0.1661, sa=1.0033+/-0.0059, amp=0.0000, suppress=0.0000, guide_abs=0.2501
up3 residuals: local_mean=7.644e-03, global_mean=0.0213, local_strength=0.1111, global_strength=0.1143, gain=[0.9694,1.0405], saturation=0.0418, text_film=0.0281
up3 haar: reconstruction_error=9.537e-07, skip_low/high=0.7850/0.2150, plam_low/high=1.0000/0.0000
up3 strengths: plam=0.9425, region=0.1111, detail=0.1143; residual_std region/detail/refine=0.4958/0.5070/0.3928
up3 guide_mix: entropy=0.9802, raw_low=0.3151, plam_low=0.2507, decoder_low=0.2741, detail=0.1601; agreement plam/decoder=0.6989/0.0862, support=0.7068+/-0.1216
up3 adaptive_frequency: ALPF strength=0.2383, weights=0.1440/0.6267/0.2294, sum=1.0000, entropy=0.7733, delta_std=0.0665; AHPF strength=0.0989, weights=0.4563/0.2923/0.2514, sum=1.0000, entropy=0.8670, residual_std=0.1372, scaled_std=0.0136
up2: ca=0.8686+/-0.1926, sa=1.0035+/-0.0041, amp=0.0000, suppress=0.0000, guide_abs=0.3891
up2 residuals: local_mean=8.086e-04, global_mean=0.0308, local_strength=0.1161, global_strength=0.1098, gain=[0.9599,1.0496], saturation=0.0018, text_film=0.0461
up2 haar: reconstruction_error=1.073e-06, skip_low/high=0.8224/0.1776, plam_low/high=1.0000/0.0000
up2 strengths: plam=0.8993, region=0.1161, detail=0.1098; residual_std region/detail/refine=0.2290/0.3064/0.1612
up2 guide_mix: entropy=0.9629, raw_low=0.3039, plam_low=0.2505, decoder_low=0.3190, detail=0.1265; agreement plam/decoder=0.6184/0.1836, support=0.6816+/-0.0684
up1: ca=0.8631+/-0.1453, sa=1.0002+/-0.0130, amp=0.0000, suppress=0.0000, guide_abs=0.2158
up1 residuals: local_mean=-3.827e-03, global_mean=0.0066, local_strength=0.1199, global_strength=0.1002, gain=[0.9037,1.0959], saturation=0.0001, text_film=0.0276
up1 haar: reconstruction_error=1.907e-06, skip_low/high=0.7551/0.2449, plam_low/high=1.0000/0.0000
up1 strengths: plam=0.9330, region=0.1199, detail=0.1002; residual_std region/detail/refine=0.2364/0.3656/0.1196
up1 guide_mix: entropy=0.9550, raw_low=0.3375, plam_low=0.2478, decoder_low=0.2978, detail=0.1168; agreement plam/decoder=0.6518/-0.0037, support=0.5728+/-0.0619

========= Epoch [26/80] =========
C4_Test_session_09.09_15h44
Training with batch size : 16
   [Train] Epoch: [26][20/357]  Loss:0.130 (Avg 0.1150) IoU:0.609 (Avg 0.6809) Dice:0.7446 (Avg 0.7873) LR 2.00e-04   (AvgTime 0.6)   
   [Train] Epoch: [26][40/357]  Loss:0.129 (Avg 0.1160) IoU:0.631 (Avg 0.6810) Dice:0.7593 (Avg 0.7882) LR 2.00e-04   (AvgTime 0.6)   
   [Train] Epoch: [26][60/357]  Loss:0.130 (Avg 0.1158) IoU:0.623 (Avg 0.6786) Dice:0.7339 (Avg 0.7866) LR 2.00e-04   (AvgTime 0.6)   
   [Train] Epoch: [26][80/357]  Loss:0.121 (Avg 0.1139) IoU:0.679 (Avg 0.6852) Dice:0.7889 (Avg 0.7922) LR 2.00e-04   (AvgTime 0.6)   
   [Train] Epoch: [26][100/357]  Loss:0.097 (Avg 0.1131) IoU:0.703 (Avg 0.6867) Dice:0.8096 (Avg 0.7936) LR 2.00e-04   (AvgTime 0.6)   
   [Train] Epoch: [26][120/357]  Loss:0.078 (Avg 0.1126) IoU:0.760 (Avg 0.6876) Dice:0.8572 (Avg 0.7944) LR 2.00e-04   (AvgTime 0.5)   
   [Train] Epoch: [26][140/357]  Loss:0.105 (Avg 0.1111) IoU:0.695 (Avg 0.6908) Dice:0.8061 (Avg 0.7970) LR 2.00e-04   (AvgTime 0.5)   
   [Train] Epoch: [26][160/357]  Loss:0.157 (Avg 0.1115) IoU:0.654 (Avg 0.6897) Dice:0.7620 (Avg 0.7965) LR 2.00e-04   (AvgTime 0.5)   
   [Train] Epoch: [26][180/357]  Loss:0.113 (Avg 0.1112) IoU:0.680 (Avg 0.6908) Dice:0.7910 (Avg 0.7973) LR 2.00e-04   (AvgTime 0.5)   
   [Train] Epoch: [26][200/357]  Loss:0.124 (Avg 0.1111) IoU:0.634 (Avg 0.6909) Dice:0.7482 (Avg 0.7974) LR 2.00e-04   (AvgTime 0.5)   
   [Train] Epoch: [26][220/357]  Loss:0.148 (Avg 0.1115) IoU:0.586 (Avg 0.6901) Dice:0.7106 (Avg 0.7968) LR 2.00e-04   (AvgTime 0.5)   
   [Train] Epoch: [26][240/357]  Loss:0.133 (Avg 0.1121) IoU:0.639 (Avg 0.6894) Dice:0.7574 (Avg 0.7962) LR 2.00e-04   (AvgTime 0.5)   
   [Train] Epoch: [26][260/357]  Loss:0.094 (Avg 0.1127) IoU:0.730 (Avg 0.6881) Dice:0.8329 (Avg 0.7951) LR 2.00e-04   (AvgTime 0.6)   
   [Train] Epoch: [26][280/357]  Loss:0.105 (Avg 0.1131) IoU:0.800 (Avg 0.6877) Dice:0.8785 (Avg 0.7948) LR 2.00e-04   (AvgTime 0.6)   
   [Train] Epoch: [26][300/357]  Loss:0.110 (Avg 0.1128) IoU:0.707 (Avg 0.6885) Dice:0.7993 (Avg 0.7954) LR 2.00e-04   (AvgTime 0.6)   
   [Train] Epoch: [26][320/357]  Loss:0.110 (Avg 0.1132) IoU:0.676 (Avg 0.6874) Dice:0.7969 (Avg 0.7944) LR 2.00e-04   (AvgTime 0.6)   
   [Train] Epoch: [26][340/357]  Loss:0.120 (Avg 0.1132) IoU:0.704 (Avg 0.6874) Dice:0.8062 (Avg 0.7943) LR 2.00e-04   (AvgTime 0.6)   
   [Train] Epoch: [26][357/357]  Loss:0.099 (Avg 0.1134) IoU:0.735 (Avg 0.6870) Dice:0.8251 (Avg 0.7939) LR 2.00e-04   (AvgTime 0.6)   
   [Train] Loss components: dice=0.179472, focal=0.047362, total=0.113417
Validation
   [Val] Epoch: [26][20/90]  Loss:0.172 (Avg 0.1331) IoU:0.585 (Avg 0.6804) Dice:0.7233 (Avg 0.7925) (AvgTime 0.3)   
   [Val] Epoch: [26][40/90]  Loss:0.113 (Avg 0.1349) IoU:0.699 (Avg 0.6713) Dice:0.8116 (Avg 0.7837) (AvgTime 0.2)   
   [Val] Epoch: [26][60/90]  Loss:0.203 (Avg 0.1292) IoU:0.561 (Avg 0.6786) Dice:0.6842 (Avg 0.7881) (AvgTime 0.2)   
   [Val] Epoch: [26][80/90]  Loss:0.103 (Avg 0.1303) IoU:0.713 (Avg 0.6755) Dice:0.8192 (Avg 0.7854) (AvgTime 0.2)   
   [Val] Epoch: [26][90/90]  Loss:0.156 (Avg 0.1299) IoU:0.583 (Avg 0.6759) Dice:0.7131 (Avg 0.7857) (AvgTime 0.2)   
   [Val] Loss components: dice=0.179729, focal=0.080151, total=0.129940
	 No iou improvement; selected epoch 20
	 early_stopping_count: 6/80
--- Epoch History (1..26) ---
Epoch |  TrainLoss |  TrainDice |  TrainIoU |    ValLoss |    ValDice |    ValIoU |         LR | Best
    1 |     0.2379 |     0.6073 |    0.4776 |     0.1928 |     0.6881 |    0.5656 |   3.00e-04 |     
    2 |     0.1735 |     0.6993 |    0.5754 |     0.1794 |     0.6884 |    0.5646 |   2.95e-04 |     
    3 |     0.1551 |     0.7275 |    0.6080 |     0.1434 |     0.7519 |    0.6362 |   2.81e-04 |     
    4 |     0.1433 |     0.7455 |    0.6288 |     0.1249 |     0.7776 |    0.6670 |   2.59e-04 |     
    5 |     0.1385 |     0.7532 |    0.6372 |     0.1294 |     0.7623 |    0.6477 |   2.31e-04 |     
    6 |     0.1322 |     0.7635 |    0.6498 |     0.1199 |     0.7896 |    0.6818 |   2.00e-04 |     
    7 |     0.1269 |     0.7728 |    0.6612 |     0.1228 |     0.7847 |    0.6751 |   1.69e-04 |     
    8 |     0.1217 |     0.7793 |    0.6692 |     0.1136 |     0.7979 |    0.6923 |   1.41e-04 |     
    9 |     0.1195 |     0.7835 |    0.6745 |     0.1192 |     0.7913 |    0.6831 |   1.19e-04 |     
   10 |     0.1163 |     0.7892 |    0.6813 |     0.1168 |     0.7850 |    0.6775 |   1.05e-04 |     
   11 |     0.1403 |     0.7517 |    0.6355 |     0.1291 |     0.7743 |    0.6602 |   3.00e-04 |     
   12 |     0.1316 |     0.7641 |    0.6512 |     0.1328 |     0.7636 |    0.6512 |   2.95e-04 |     
   13 |     0.1263 |     0.7730 |    0.6610 |     0.1408 |     0.7642 |    0.6509 |   2.81e-04 |     
   14 |     0.1252 |     0.7749 |    0.6635 |     0.1187 |     0.7935 |    0.6862 |   2.59e-04 |     
   15 |     0.1216 |     0.7807 |    0.6707 |     0.1123 |     0.7925 |    0.6844 |   2.31e-04 |     
   16 |     0.1180 |     0.7858 |    0.6774 |     0.1121 |     0.7992 |    0.6935 |   2.00e-04 |     
   17 |     0.1145 |     0.7921 |    0.6845 |     0.1114 |     0.7926 |    0.6854 |   1.69e-04 |     
   18 |     0.1124 |     0.7968 |    0.6900 |     0.1102 |     0.7951 |    0.6874 |   1.41e-04 |     
   19 |     0.1090 |     0.8008 |    0.6956 |     0.1142 |     0.7864 |    0.6784 |   1.19e-04 |     
   20 |     0.1076 |     0.8033 |    0.6987 |     0.1081 |     0.8027 |    0.6994 |   1.05e-04 |    *
   21 |     0.1296 |     0.7684 |    0.6551 |     0.1237 |     0.7932 |    0.6871 |   3.00e-04 |     
   22 |     0.1231 |     0.7788 |    0.6680 |     0.1142 |     0.7894 |    0.6830 |   2.95e-04 |     
   23 |     0.1186 |     0.7855 |    0.6772 |     0.1121 |     0.7973 |    0.6918 |   2.81e-04 |     
   24 |     0.1175 |     0.7876 |    0.6793 |     0.1139 |     0.7888 |    0.6777 |   2.59e-04 |     
   25 |     0.1131 |     0.7947 |    0.6877 |     0.1212 |     0.7900 |    0.6812 |   2.31e-04 |     
   26 |     0.1134 |     0.7939 |    0.6870 |     0.1299 |     0.7857 |    0.6759 |   2.00e-04 |     
--- RACE-PE 80e validation screen: control validation statistics ---
up4: ca=0.8896+/-0.1270, sa=1.0052+/-0.0102, amp=0.0000, suppress=0.0000, guide_abs=0.2533
up4 residuals: local_mean=4.777e-02, global_mean=0.0005, local_strength=0.1094, global_strength=0.1023, gain=[0.9846,1.0793], saturation=0.0133, text_film=0.0163
up4 haar: reconstruction_error=4.768e-07, skip_low/high=0.8242/0.1758, plam_low/high=1.0000/0.0000
up4 strengths: plam=0.9505, region=0.1094, detail=0.1023; residual_std region/detail/refine=0.3732/0.4340/0.3325
up4 guide_mix: entropy=0.9741, raw_low=0.3493, plam_low=0.2563, decoder_low=0.2325, detail=0.1619; agreement plam/decoder=0.4514/0.4426, support=0.7098+/-0.1052
up4 adaptive_frequency: ALPF strength=0.2375, weights=0.1887/0.6718/0.1395, sum=1.0000, entropy=0.7790, delta_std=0.0805; AHPF strength=0.0760, weights=0.3331/0.4901/0.1768, sum=1.0000, entropy=0.9292, residual_std=0.1206, scaled_std=0.0092
up3: ca=0.9687+/-0.1618, sa=1.0040+/-0.0052, amp=0.0000, suppress=0.0000, guide_abs=0.2560
up3 residuals: local_mean=7.409e-03, global_mean=0.0278, local_strength=0.1113, global_strength=0.1147, gain=[0.9778,1.0341], saturation=0.0406, text_film=0.0253
up3 haar: reconstruction_error=9.537e-07, skip_low/high=0.8101/0.1899, plam_low/high=1.0000/0.0000
up3 strengths: plam=0.9410, region=0.1113, detail=0.1147; residual_std region/detail/refine=0.4993/0.5236/0.4172
up3 guide_mix: entropy=0.9753, raw_low=0.3399, plam_low=0.2444, decoder_low=0.2579, detail=0.1578; agreement plam/decoder=0.6654/0.0144, support=0.7197+/-0.1185
up3 adaptive_frequency: ALPF strength=0.2396, weights=0.1346/0.5882/0.2772, sum=1.0000, entropy=0.7759, delta_std=0.0670; AHPF strength=0.0995, weights=0.5068/0.2530/0.2402, sum=1.0000, entropy=0.8251, residual_std=0.1274, scaled_std=0.0127
up2: ca=0.8790+/-0.1414, sa=1.0032+/-0.0042, amp=0.0000, suppress=0.0000, guide_abs=0.4291
up2 residuals: local_mean=3.621e-04, global_mean=0.0292, local_strength=0.1166, global_strength=0.1100, gain=[0.9632,1.0460], saturation=0.0023, text_film=0.0498
up2 haar: reconstruction_error=1.192e-06, skip_low/high=0.8206/0.1794, plam_low/high=1.0000/0.0000
up2 strengths: plam=0.8958, region=0.1166, detail=0.1100; residual_std region/detail/refine=0.2310/0.3314/0.1624
up2 guide_mix: entropy=0.9620, raw_low=0.3249, plam_low=0.2166, decoder_low=0.3218, detail=0.1368; agreement plam/decoder=0.5474/0.2892, support=0.7027+/-0.0693
up1: ca=0.8446+/-0.1384, sa=1.0004+/-0.0129, amp=0.0000, suppress=0.0000, guide_abs=0.2214
up1 residuals: local_mean=-3.259e-03, global_mean=0.0083, local_strength=0.1202, global_strength=0.0999, gain=[0.9040,1.0958], saturation=0.0000, text_film=0.0250
up1 haar: reconstruction_error=1.431e-06, skip_low/high=0.7177/0.2823, plam_low/high=1.0000/0.0000
up1 strengths: plam=0.9311, region=0.1202, detail=0.0999; residual_std region/detail/refine=0.2451/0.3564/0.1227
up1 guide_mix: entropy=0.9463, raw_low=0.2593, plam_low=0.2803, decoder_low=0.3546, detail=0.1058; agreement plam/decoder=0.1410/-0.2589, support=0.5746+/-0.0606

========= Epoch [27/80] =========
C4_Test_session_09.09_15h44
Training with batch size : 16
   [Train] Epoch: [27][20/357]  Loss:0.125 (Avg 0.1102) IoU:0.655 (Avg 0.6987) Dice:0.7595 (Avg 0.8030) LR 1.69e-04   (AvgTime 0.5)   
   [Train] Epoch: [27][40/357]  Loss:0.171 (Avg 0.1091) IoU:0.558 (Avg 0.6964) Dice:0.6787 (Avg 0.8012) LR 1.69e-04   (AvgTime 0.5)   
   [Train] Epoch: [27][60/357]  Loss:0.071 (Avg 0.1075) IoU:0.786 (Avg 0.7033) Dice:0.8715 (Avg 0.8056) LR 1.69e-04   (AvgTime 0.5)   
   [Train] Epoch: [27][80/357]  Loss:0.140 (Avg 0.1088) IoU:0.654 (Avg 0.6993) Dice:0.7548 (Avg 0.8029) LR 1.69e-04   (AvgTime 0.5)   
   [Train] Epoch: [27][100/357]  Loss:0.082 (Avg 0.1097) IoU:0.744 (Avg 0.6962) Dice:0.8435 (Avg 0.8006) LR 1.69e-04   (AvgTime 0.5)   
   [Train] Epoch: [27][120/357]  Loss:0.111 (Avg 0.1085) IoU:0.674 (Avg 0.6979) Dice:0.7730 (Avg 0.8021) LR 1.69e-04   (AvgTime 0.5)   
   [Train] Epoch: [27][140/357]  Loss:0.109 (Avg 0.1085) IoU:0.684 (Avg 0.6979) Dice:0.7947 (Avg 0.8022) LR 1.69e-04   (AvgTime 0.5)   
   [Train] Epoch: [27][160/357]  Loss:0.084 (Avg 0.1100) IoU:0.746 (Avg 0.6950) Dice:0.8462 (Avg 0.8000) LR 1.69e-04   (AvgTime 0.6)   
   [Train] Epoch: [27][180/357]  Loss:0.119 (Avg 0.1091) IoU:0.674 (Avg 0.6972) Dice:0.7736 (Avg 0.8018) LR 1.69e-04   (AvgTime 0.6)   
   [Train] Epoch: [27][200/357]  Loss:0.093 (Avg 0.1082) IoU:0.725 (Avg 0.6985) Dice:0.8191 (Avg 0.8029) LR 1.69e-04   (AvgTime 0.5)   
   [Train] Epoch: [27][220/357]  Loss:0.117 (Avg 0.1083) IoU:0.660 (Avg 0.6980) Dice:0.7815 (Avg 0.8028) LR 1.69e-04   (AvgTime 0.5)   
   [Train] Epoch: [27][240/357]  Loss:0.128 (Avg 0.1088) IoU:0.681 (Avg 0.6974) Dice:0.7828 (Avg 0.8021) LR 1.69e-04   (AvgTime 0.5)   
   [Train] Epoch: [27][260/357]  Loss:0.105 (Avg 0.1091) IoU:0.705 (Avg 0.6967) Dice:0.8143 (Avg 0.8017) LR 1.69e-04   (AvgTime 0.6)   
   [Train] Epoch: [27][280/357]  Loss:0.093 (Avg 0.1087) IoU:0.733 (Avg 0.6976) Dice:0.8255 (Avg 0.8026) LR 1.69e-04   (AvgTime 0.6)   
   [Train] Epoch: [27][300/357]  Loss:0.077 (Avg 0.1085) IoU:0.798 (Avg 0.6980) Dice:0.8732 (Avg 0.8028) LR 1.69e-04   (AvgTime 0.6)   
   [Train] Epoch: [27][320/357]  Loss:0.091 (Avg 0.1085) IoU:0.716 (Avg 0.6978) Dice:0.8281 (Avg 0.8027) LR 1.69e-04   (AvgTime 0.6)   
   [Train] Epoch: [27][340/357]  Loss:0.091 (Avg 0.1081) IoU:0.739 (Avg 0.6985) Dice:0.8402 (Avg 0.8033) LR 1.69e-04   (AvgTime 0.6)   
   [Train] Epoch: [27][357/357]  Loss:0.100 (Avg 0.1086) IoU:0.713 (Avg 0.6975) Dice:0.8169 (Avg 0.8025) LR 1.69e-04   (AvgTime 0.6)   
   [Train] Loss components: dice=0.171638, focal=0.045634, total=0.108636
Validation
   [Val] Epoch: [27][20/90]  Loss:0.136 (Avg 0.1143) IoU:0.670 (Avg 0.7125) Dice:0.7870 (Avg 0.8172) (AvgTime 0.2)   
   [Val] Epoch: [27][40/90]  Loss:0.101 (Avg 0.1199) IoU:0.719 (Avg 0.6935) Dice:0.8237 (Avg 0.7992) (AvgTime 0.2)   
   [Val] Epoch: [27][60/90]  Loss:0.160 (Avg 0.1138) IoU:0.630 (Avg 0.7024) Dice:0.7419 (Avg 0.8051) (AvgTime 0.2)   
   [Val] Epoch: [27][80/90]  Loss:0.111 (Avg 0.1129) IoU:0.699 (Avg 0.7004) Dice:0.8058 (Avg 0.8038) (AvgTime 0.2)   
   [Val] Epoch: [27][90/90]  Loss:0.121 (Avg 0.1125) IoU:0.657 (Avg 0.7003) Dice:0.7802 (Avg 0.8038) (AvgTime 0.2)   
   [Val] Loss components: dice=0.168212, focal=0.056838, total=0.112525
	 Saving best model by iou: 0.700314
	 Saving to Covid19/BetterLViT/c4_race_pe_control/C4_Test_session_09.09_15h44/models//best_model-BetterLViT.pth.tar
	 early_stopping_count: 0/80
--- Epoch History (1..27) ---
Epoch |  TrainLoss |  TrainDice |  TrainIoU |    ValLoss |    ValDice |    ValIoU |         LR | Best
    1 |     0.2379 |     0.6073 |    0.4776 |     0.1928 |     0.6881 |    0.5656 |   3.00e-04 |     
    2 |     0.1735 |     0.6993 |    0.5754 |     0.1794 |     0.6884 |    0.5646 |   2.95e-04 |     
    3 |     0.1551 |     0.7275 |    0.6080 |     0.1434 |     0.7519 |    0.6362 |   2.81e-04 |     
    4 |     0.1433 |     0.7455 |    0.6288 |     0.1249 |     0.7776 |    0.6670 |   2.59e-04 |     
    5 |     0.1385 |     0.7532 |    0.6372 |     0.1294 |     0.7623 |    0.6477 |   2.31e-04 |     
    6 |     0.1322 |     0.7635 |    0.6498 |     0.1199 |     0.7896 |    0.6818 |   2.00e-04 |     
    7 |     0.1269 |     0.7728 |    0.6612 |     0.1228 |     0.7847 |    0.6751 |   1.69e-04 |     
    8 |     0.1217 |     0.7793 |    0.6692 |     0.1136 |     0.7979 |    0.6923 |   1.41e-04 |     
    9 |     0.1195 |     0.7835 |    0.6745 |     0.1192 |     0.7913 |    0.6831 |   1.19e-04 |     
   10 |     0.1163 |     0.7892 |    0.6813 |     0.1168 |     0.7850 |    0.6775 |   1.05e-04 |     
   11 |     0.1403 |     0.7517 |    0.6355 |     0.1291 |     0.7743 |    0.6602 |   3.00e-04 |     
   12 |     0.1316 |     0.7641 |    0.6512 |     0.1328 |     0.7636 |    0.6512 |   2.95e-04 |     
   13 |     0.1263 |     0.7730 |    0.6610 |     0.1408 |     0.7642 |    0.6509 |   2.81e-04 |     
   14 |     0.1252 |     0.7749 |    0.6635 |     0.1187 |     0.7935 |    0.6862 |   2.59e-04 |     
   15 |     0.1216 |     0.7807 |    0.6707 |     0.1123 |     0.7925 |    0.6844 |   2.31e-04 |     
   16 |     0.1180 |     0.7858 |    0.6774 |     0.1121 |     0.7992 |    0.6935 |   2.00e-04 |     
   17 |     0.1145 |     0.7921 |    0.6845 |     0.1114 |     0.7926 |    0.6854 |   1.69e-04 |     
   18 |     0.1124 |     0.7968 |    0.6900 |     0.1102 |     0.7951 |    0.6874 |   1.41e-04 |     
   19 |     0.1090 |     0.8008 |    0.6956 |     0.1142 |     0.7864 |    0.6784 |   1.19e-04 |     
   20 |     0.1076 |     0.8033 |    0.6987 |     0.1081 |     0.8027 |    0.6994 |   1.05e-04 |     
   21 |     0.1296 |     0.7684 |    0.6551 |     0.1237 |     0.7932 |    0.6871 |   3.00e-04 |     
   22 |     0.1231 |     0.7788 |    0.6680 |     0.1142 |     0.7894 |    0.6830 |   2.95e-04 |     
   23 |     0.1186 |     0.7855 |    0.6772 |     0.1121 |     0.7973 |    0.6918 |   2.81e-04 |     
   24 |     0.1175 |     0.7876 |    0.6793 |     0.1139 |     0.7888 |    0.6777 |   2.59e-04 |     
   25 |     0.1131 |     0.7947 |    0.6877 |     0.1212 |     0.7900 |    0.6812 |   2.31e-04 |     
   26 |     0.1134 |     0.7939 |    0.6870 |     0.1299 |     0.7857 |    0.6759 |   2.00e-04 |     
   27 |     0.1086 |     0.8025 |    0.6975 |     0.1125 |     0.8038 |    0.7003 |   1.69e-04 |    *
--- RACE-PE 80e validation screen: control validation statistics ---
up4: ca=0.8905+/-0.1147, sa=1.0047+/-0.0102, amp=0.0000, suppress=0.0000, guide_abs=0.2096
up4 residuals: local_mean=4.993e-02, global_mean=-0.0060, local_strength=0.1094, global_strength=0.1025, gain=[0.9819,1.0796], saturation=0.0500, text_film=0.0150
up4 haar: reconstruction_error=7.153e-07, skip_low/high=0.8143/0.1857, plam_low/high=1.0000/0.0000
up4 strengths: plam=0.9499, region=0.1094, detail=0.1025; residual_std region/detail/refine=0.3764/0.4399/0.3308
up4 guide_mix: entropy=0.9791, raw_low=0.3192, plam_low=0.2742, decoder_low=0.2477, detail=0.1590; agreement plam/decoder=0.5635/0.5617, support=0.7324+/-0.1179
up4 adaptive_frequency: ALPF strength=0.2379, weights=0.1661/0.6894/0.1445, sum=1.0000, entropy=0.7587, delta_std=0.0918; AHPF strength=0.0758, weights=0.3534/0.4764/0.1702, sum=1.0000, entropy=0.9287, residual_std=0.1174, scaled_std=0.0089
up3: ca=0.9798+/-0.1545, sa=1.0044+/-0.0051, amp=0.0000, suppress=0.0000, guide_abs=0.2473
up3 residuals: local_mean=8.423e-03, global_mean=0.0301, local_strength=0.1114, global_strength=0.1149, gain=[0.9803,1.0276], saturation=0.0191, text_film=0.0302
up3 haar: reconstruction_error=9.537e-07, skip_low/high=0.7782/0.2218, plam_low/high=1.0000/0.0000
up3 strengths: plam=0.9400, region=0.1114, detail=0.1149; residual_std region/detail/refine=0.4633/0.5201/0.4081
up3 guide_mix: entropy=0.9803, raw_low=0.3210, plam_low=0.2382, decoder_low=0.2758, detail=0.1650; agreement plam/decoder=0.6941/0.0379, support=0.6894+/-0.1205
up3 adaptive_frequency: ALPF strength=0.2406, weights=0.1362/0.5351/0.3287, sum=1.0000, entropy=0.7855, delta_std=0.0768; AHPF strength=0.0997, weights=0.6076/0.2433/0.1491, sum=1.0000, entropy=0.7783, residual_std=0.0977, scaled_std=0.0097
up2: ca=0.8737+/-0.1501, sa=1.0035+/-0.0037, amp=0.0000, suppress=0.0000, guide_abs=0.4259
up2 residuals: local_mean=2.757e-03, global_mean=0.0292, local_strength=0.1168, global_strength=0.1101, gain=[0.9646,1.0454], saturation=0.0013, text_film=0.0593
up2 haar: reconstruction_error=9.537e-07, skip_low/high=0.8038/0.1962, plam_low/high=1.0000/0.0000
up2 strengths: plam=0.8937, region=0.1168, detail=0.1101; residual_std region/detail/refine=0.2257/0.3217/0.1604
up2 guide_mix: entropy=0.9622, raw_low=0.3080, plam_low=0.2258, decoder_low=0.3325, detail=0.1337; agreement plam/decoder=0.6135/0.3118, support=0.6886+/-0.0682
up1: ca=0.8610+/-0.1275, sa=1.0006+/-0.0128, amp=0.0000, suppress=0.0000, guide_abs=0.1976
up1 residuals: local_mean=-2.897e-03, global_mean=0.0096, local_strength=0.1205, global_strength=0.0998, gain=[0.9041,1.0957], saturation=0.0003, text_film=0.0266
up1 haar: reconstruction_error=1.431e-06, skip_low/high=0.7426/0.2574, plam_low/high=1.0000/0.0000
up1 strengths: plam=0.9299, region=0.1205, detail=0.0998; residual_std region/detail/refine=0.2580/0.3606/0.1249
up1 guide_mix: entropy=0.9404, raw_low=0.2737, plam_low=0.2569, decoder_low=0.3680, detail=0.1013; agreement plam/decoder=0.4918/0.0352, support=0.5701+/-0.0631

========= Epoch [28/80] =========
C4_Test_session_09.09_15h44
Training with batch size : 16
   [Train] Epoch: [28][20/357]  Loss:0.125 (Avg 0.1044) IoU:0.691 (Avg 0.7059) Dice:0.8025 (Avg 0.8129) LR 1.41e-04   (AvgTime 0.6)   
   [Train] Epoch: [28][40/357]  Loss:0.113 (Avg 0.1086) IoU:0.668 (Avg 0.6941) Dice:0.7733 (Avg 0.8025) LR 1.41e-04   (AvgTime 0.6)   
   [Train] Epoch: [28][60/357]  Loss:0.124 (Avg 0.1088) IoU:0.695 (Avg 0.6970) Dice:0.7967 (Avg 0.8039) LR 1.41e-04   (AvgTime 0.6)   
   [Train] Epoch: [28][80/357]  Loss:0.080 (Avg 0.1094) IoU:0.772 (Avg 0.6959) Dice:0.8622 (Avg 0.8022) LR 1.41e-04   (AvgTime 0.6)   
   [Train] Epoch: [28][100/357]  Loss:0.092 (Avg 0.1101) IoU:0.717 (Avg 0.6938) Dice:0.8296 (Avg 0.8005) LR 1.41e-04   (AvgTime 0.5)   
   [Train] Epoch: [28][120/357]  Loss:0.107 (Avg 0.1099) IoU:0.730 (Avg 0.6939) Dice:0.8249 (Avg 0.8002) LR 1.41e-04   (AvgTime 0.5)   
   [Train] Epoch: [28][140/357]  Loss:0.104 (Avg 0.1095) IoU:0.731 (Avg 0.6952) Dice:0.8356 (Avg 0.8010) LR 1.41e-04   (AvgTime 0.5)   
   [Train] Epoch: [28][160/357]  Loss:0.096 (Avg 0.1089) IoU:0.708 (Avg 0.6959) Dice:0.8135 (Avg 0.8018) LR 1.41e-04   (AvgTime 0.5)   
   [Train] Epoch: [28][180/357]  Loss:0.102 (Avg 0.1083) IoU:0.697 (Avg 0.6972) Dice:0.8052 (Avg 0.8030) LR 1.41e-04   (AvgTime 0.5)   
   [Train] Epoch: [28][200/357]  Loss:0.130 (Avg 0.1095) IoU:0.663 (Avg 0.6947) Dice:0.7699 (Avg 0.8008) LR 1.41e-04   (AvgTime 0.5)   
   [Train] Epoch: [28][220/357]  Loss:0.073 (Avg 0.1089) IoU:0.811 (Avg 0.6951) Dice:0.8923 (Avg 0.8011) LR 1.41e-04   (AvgTime 0.5)   
   [Train] Epoch: [28][240/357]  Loss:0.093 (Avg 0.1086) IoU:0.722 (Avg 0.6961) Dice:0.8172 (Avg 0.8018) LR 1.41e-04   (AvgTime 0.5)   
   [Train] Epoch: [28][260/357]  Loss:0.104 (Avg 0.1077) IoU:0.733 (Avg 0.6981) Dice:0.8304 (Avg 0.8035) LR 1.41e-04   (AvgTime 0.5)   
   [Train] Epoch: [28][280/357]  Loss:0.094 (Avg 0.1076) IoU:0.742 (Avg 0.6982) Dice:0.8377 (Avg 0.8033) LR 1.41e-04   (AvgTime 0.5)   
   [Train] Epoch: [28][300/357]  Loss:0.128 (Avg 0.1072) IoU:0.654 (Avg 0.6992) Dice:0.7609 (Avg 0.8040) LR 1.41e-04   (AvgTime 0.5)   
   [Train] Epoch: [28][320/357]  Loss:0.113 (Avg 0.1073) IoU:0.683 (Avg 0.6990) Dice:0.8001 (Avg 0.8040) LR 1.41e-04   (AvgTime 0.5)   
   [Train] Epoch: [28][340/357]  Loss:0.124 (Avg 0.1067) IoU:0.665 (Avg 0.7005) Dice:0.7641 (Avg 0.8051) LR 1.41e-04   (AvgTime 0.5)   
   [Train] Epoch: [28][357/357]  Loss:0.121 (Avg 0.1069) IoU:0.713 (Avg 0.7000) Dice:0.8212 (Avg 0.8047) LR 1.41e-04   (AvgTime 0.5)   
   [Train] Loss components: dice=0.169277, focal=0.044462, total=0.106869
Validation
   [Val] Epoch: [28][20/90]  Loss:0.143 (Avg 0.1109) IoU:0.642 (Avg 0.7068) Dice:0.7664 (Avg 0.8117) (AvgTime 0.3)   
   [Val] Epoch: [28][40/90]  Loss:0.103 (Avg 0.1167) IoU:0.699 (Avg 0.6904) Dice:0.8112 (Avg 0.7964) (AvgTime 0.2)   
   [Val] Epoch: [28][60/90]  Loss:0.138 (Avg 0.1092) IoU:0.649 (Avg 0.7019) Dice:0.7577 (Avg 0.8044) (AvgTime 0.2)   
   [Val] Epoch: [28][80/90]  Loss:0.097 (Avg 0.1077) IoU:0.720 (Avg 0.7021) Dice:0.8229 (Avg 0.8049) (AvgTime 0.2)   
   [Val] Epoch: [28][90/90]  Loss:0.133 (Avg 0.1081) IoU:0.615 (Avg 0.7013) Dice:0.7455 (Avg 0.8043) (AvgTime 0.2)   
   [Val] Loss components: dice=0.167938, focal=0.048272, total=0.108105
	 Saving best model by iou: 0.701292
	 Saving to Covid19/BetterLViT/c4_race_pe_control/C4_Test_session_09.09_15h44/models//best_model-BetterLViT.pth.tar
	 early_stopping_count: 0/80
--- Epoch History (1..28) ---
Epoch |  TrainLoss |  TrainDice |  TrainIoU |    ValLoss |    ValDice |    ValIoU |         LR | Best
    1 |     0.2379 |     0.6073 |    0.4776 |     0.1928 |     0.6881 |    0.5656 |   3.00e-04 |     
    2 |     0.1735 |     0.6993 |    0.5754 |     0.1794 |     0.6884 |    0.5646 |   2.95e-04 |     
    3 |     0.1551 |     0.7275 |    0.6080 |     0.1434 |     0.7519 |    0.6362 |   2.81e-04 |     
    4 |     0.1433 |     0.7455 |    0.6288 |     0.1249 |     0.7776 |    0.6670 |   2.59e-04 |     
    5 |     0.1385 |     0.7532 |    0.6372 |     0.1294 |     0.7623 |    0.6477 |   2.31e-04 |     
    6 |     0.1322 |     0.7635 |    0.6498 |     0.1199 |     0.7896 |    0.6818 |   2.00e-04 |     
    7 |     0.1269 |     0.7728 |    0.6612 |     0.1228 |     0.7847 |    0.6751 |   1.69e-04 |     
    8 |     0.1217 |     0.7793 |    0.6692 |     0.1136 |     0.7979 |    0.6923 |   1.41e-04 |     
    9 |     0.1195 |     0.7835 |    0.6745 |     0.1192 |     0.7913 |    0.6831 |   1.19e-04 |     
   10 |     0.1163 |     0.7892 |    0.6813 |     0.1168 |     0.7850 |    0.6775 |   1.05e-04 |     
   11 |     0.1403 |     0.7517 |    0.6355 |     0.1291 |     0.7743 |    0.6602 |   3.00e-04 |     
   12 |     0.1316 |     0.7641 |    0.6512 |     0.1328 |     0.7636 |    0.6512 |   2.95e-04 |     
   13 |     0.1263 |     0.7730 |    0.6610 |     0.1408 |     0.7642 |    0.6509 |   2.81e-04 |     
   14 |     0.1252 |     0.7749 |    0.6635 |     0.1187 |     0.7935 |    0.6862 |   2.59e-04 |     
   15 |     0.1216 |     0.7807 |    0.6707 |     0.1123 |     0.7925 |    0.6844 |   2.31e-04 |     
   16 |     0.1180 |     0.7858 |    0.6774 |     0.1121 |     0.7992 |    0.6935 |   2.00e-04 |     
   17 |     0.1145 |     0.7921 |    0.6845 |     0.1114 |     0.7926 |    0.6854 |   1.69e-04 |     
   18 |     0.1124 |     0.7968 |    0.6900 |     0.1102 |     0.7951 |    0.6874 |   1.41e-04 |     
   19 |     0.1090 |     0.8008 |    0.6956 |     0.1142 |     0.7864 |    0.6784 |   1.19e-04 |     
   20 |     0.1076 |     0.8033 |    0.6987 |     0.1081 |     0.8027 |    0.6994 |   1.05e-04 |     
   21 |     0.1296 |     0.7684 |    0.6551 |     0.1237 |     0.7932 |    0.6871 |   3.00e-04 |     
   22 |     0.1231 |     0.7788 |    0.6680 |     0.1142 |     0.7894 |    0.6830 |   2.95e-04 |     
   23 |     0.1186 |     0.7855 |    0.6772 |     0.1121 |     0.7973 |    0.6918 |   2.81e-04 |     
   24 |     0.1175 |     0.7876 |    0.6793 |     0.1139 |     0.7888 |    0.6777 |   2.59e-04 |     
   25 |     0.1131 |     0.7947 |    0.6877 |     0.1212 |     0.7900 |    0.6812 |   2.31e-04 |     
   26 |     0.1134 |     0.7939 |    0.6870 |     0.1299 |     0.7857 |    0.6759 |   2.00e-04 |     
   27 |     0.1086 |     0.8025 |    0.6975 |     0.1125 |     0.8038 |    0.7003 |   1.69e-04 |     
   28 |     0.1069 |     0.8047 |    0.7000 |     0.1081 |     0.8043 |    0.7013 |   1.41e-04 |    *
--- RACE-PE 80e validation screen: control validation statistics ---
up4: ca=0.8994+/-0.1098, sa=1.0057+/-0.0100, amp=0.0000, suppress=0.0000, guide_abs=0.2069
up4 residuals: local_mean=5.752e-02, global_mean=-0.0050, local_strength=0.1094, global_strength=0.1027, gain=[0.9800,1.0671], saturation=0.0204, text_film=0.0152
up4 haar: reconstruction_error=9.537e-07, skip_low/high=0.8071/0.1929, plam_low/high=1.0000/0.0000
up4 strengths: plam=0.9495, region=0.1094, detail=0.1027; residual_std region/detail/refine=0.3651/0.4329/0.3203
up4 guide_mix: entropy=0.9789, raw_low=0.3181, plam_low=0.2837, decoder_low=0.2373, detail=0.1610; agreement plam/decoder=0.4464/0.4196, support=0.7234+/-0.1170
up4 adaptive_frequency: ALPF strength=0.2384, weights=0.1718/0.6915/0.1367, sum=1.0000, entropy=0.7541, delta_std=0.0916; AHPF strength=0.0757, weights=0.3567/0.4766/0.1667, sum=1.0000, entropy=0.9261, residual_std=0.1200, scaled_std=0.0091
up3: ca=0.9798+/-0.1513, sa=1.0043+/-0.0055, amp=0.0000, suppress=0.0000, guide_abs=0.2571
up3 residuals: local_mean=8.098e-03, global_mean=0.0289, local_strength=0.1114, global_strength=0.1151, gain=[0.9773,1.0347], saturation=0.0245, text_film=0.0229
up3 haar: reconstruction_error=9.537e-07, skip_low/high=0.7748/0.2252, plam_low/high=1.0000/0.0000
up3 strengths: plam=0.9391, region=0.1114, detail=0.1151; residual_std region/detail/refine=0.4654/0.5364/0.4308
up3 guide_mix: entropy=0.9817, raw_low=0.3113, plam_low=0.2529, decoder_low=0.2731, detail=0.1627; agreement plam/decoder=0.6391/0.1030, support=0.6844+/-0.1217
up3 adaptive_frequency: ALPF strength=0.2414, weights=0.1303/0.5345/0.3352, sum=1.0000, entropy=0.8031, delta_std=0.0766; AHPF strength=0.0998, weights=0.5690/0.2688/0.1622, sum=1.0000, entropy=0.8411, residual_std=0.1045, scaled_std=0.0104
up2: ca=0.8732+/-0.1628, sa=1.0035+/-0.0040, amp=0.0000, suppress=0.0000, guide_abs=0.3869
up2 residuals: local_mean=2.412e-03, global_mean=0.0295, local_strength=0.1170, global_strength=0.1102, gain=[0.9661,1.0445], saturation=0.0006, text_film=0.0472
up2 haar: reconstruction_error=1.073e-06, skip_low/high=0.8055/0.1945, plam_low/high=1.0000/0.0000
up2 strengths: plam=0.8919, region=0.1170, detail=0.1102; residual_std region/detail/refine=0.2148/0.3270/0.1562
up2 guide_mix: entropy=0.9650, raw_low=0.3101, plam_low=0.2262, decoder_low=0.3259, detail=0.1378; agreement plam/decoder=0.5992/0.2976, support=0.7059+/-0.0653
up1: ca=0.8661+/-0.1330, sa=1.0007+/-0.0132, amp=0.0000, suppress=0.0000, guide_abs=0.2024
up1 residuals: local_mean=-2.911e-03, global_mean=0.0106, local_strength=0.1206, global_strength=0.0998, gain=[0.9035,1.0963], saturation=0.0000, text_film=0.0277
up1 haar: reconstruction_error=1.431e-06, skip_low/high=0.7280/0.2720, plam_low/high=1.0000/0.0000
up1 strengths: plam=0.9289, region=0.1206, detail=0.0998; residual_std region/detail/refine=0.2454/0.3734/0.1270
up1 guide_mix: entropy=0.9560, raw_low=0.2895, plam_low=0.2555, decoder_low=0.3378, detail=0.1171; agreement plam/decoder=0.3741/-0.0375, support=0.5700+/-0.0618

========= Epoch [29/80] =========
C4_Test_session_09.09_15h44
Training with batch size : 16
   [Train] Epoch: [29][20/357]  Loss:0.146 (Avg 0.1125) IoU:0.606 (Avg 0.6855) Dice:0.7265 (Avg 0.7933) LR 1.19e-04   (AvgTime 0.6)   
   [Train] Epoch: [29][40/357]  Loss:0.097 (Avg 0.1111) IoU:0.724 (Avg 0.6898) Dice:0.8188 (Avg 0.7965) LR 1.19e-04   (AvgTime 0.6)   
   [Train] Epoch: [29][60/357]  Loss:0.135 (Avg 0.1102) IoU:0.614 (Avg 0.6922) Dice:0.7326 (Avg 0.7976) LR 1.19e-04   (AvgTime 0.5)   
   [Train] Epoch: [29][80/357]  Loss:0.080 (Avg 0.1088) IoU:0.777 (Avg 0.6968) Dice:0.8614 (Avg 0.8009) LR 1.19e-04   (AvgTime 0.5)   
   [Train] Epoch: [29][100/357]  Loss:0.091 (Avg 0.1090) IoU:0.736 (Avg 0.6968) Dice:0.8344 (Avg 0.8008) LR 1.19e-04   (AvgTime 0.5)   
   [Train] Epoch: [29][120/357]  Loss:0.080 (Avg 0.1075) IoU:0.746 (Avg 0.6995) Dice:0.8485 (Avg 0.8036) LR 1.19e-04   (AvgTime 0.6)   
   [Train] Epoch: [29][140/357]  Loss:0.135 (Avg 0.1068) IoU:0.636 (Avg 0.7008) Dice:0.7316 (Avg 0.8048) LR 1.19e-04   (AvgTime 0.6)   
   [Train] Epoch: [29][160/357]  Loss:0.111 (Avg 0.1054) IoU:0.721 (Avg 0.7038) Dice:0.8208 (Avg 0.8070) LR 1.19e-04   (AvgTime 0.6)   
   [Train] Epoch: [29][180/357]  Loss:0.082 (Avg 0.1045) IoU:0.766 (Avg 0.7058) Dice:0.8550 (Avg 0.8088) LR 1.19e-04   (AvgTime 0.6)   
   [Train] Epoch: [29][200/357]  Loss:0.108 (Avg 0.1047) IoU:0.686 (Avg 0.7050) Dice:0.7933 (Avg 0.8082) LR 1.19e-04   (AvgTime 0.6)   
   [Train] Epoch: [29][220/357]  Loss:0.087 (Avg 0.1047) IoU:0.730 (Avg 0.7048) Dice:0.8361 (Avg 0.8082) LR 1.19e-04   (AvgTime 0.6)   
   [Train] Epoch: [29][240/357]  Loss:0.065 (Avg 0.1045) IoU:0.787 (Avg 0.7057) Dice:0.8770 (Avg 0.8087) LR 1.19e-04   (AvgTime 0.6)   
   [Train] Epoch: [29][260/357]  Loss:0.106 (Avg 0.1045) IoU:0.693 (Avg 0.7057) Dice:0.7918 (Avg 0.8086) LR 1.19e-04   (AvgTime 0.6)   
   [Train] Epoch: [29][280/357]  Loss:0.113 (Avg 0.1041) IoU:0.698 (Avg 0.7063) Dice:0.8076 (Avg 0.8093) LR 1.19e-04   (AvgTime 0.6)   
   [Train] Epoch: [29][300/357]  Loss:0.100 (Avg 0.1042) IoU:0.682 (Avg 0.7060) Dice:0.7994 (Avg 0.8091) LR 1.19e-04   (AvgTime 0.6)   
   [Train] Epoch: [29][320/357]  Loss:0.127 (Avg 0.1045) IoU:0.695 (Avg 0.7053) Dice:0.7901 (Avg 0.8084) LR 1.19e-04   (AvgTime 0.5)   
   [Train] Epoch: [29][340/357]  Loss:0.125 (Avg 0.1047) IoU:0.638 (Avg 0.7046) Dice:0.7668 (Avg 0.8080) LR 1.19e-04   (AvgTime 0.5)   
   [Train] Epoch: [29][357/357]  Loss:0.114 (Avg 0.1049) IoU:0.660 (Avg 0.7042) Dice:0.7790 (Avg 0.8077) LR 1.19e-04   (AvgTime 0.5)   
   [Train] Loss components: dice=0.166633, focal=0.043225, total=0.104929
Validation
   [Val] Epoch: [29][20/90]  Loss:0.132 (Avg 0.1066) IoU:0.661 (Avg 0.7175) Dice:0.7792 (Avg 0.8214) (AvgTime 0.2)   
   [Val] Epoch: [29][40/90]  Loss:0.098 (Avg 0.1127) IoU:0.725 (Avg 0.6991) Dice:0.8277 (Avg 0.8044) (AvgTime 0.2)   
   [Val] Epoch: [29][60/90]  Loss:0.144 (Avg 0.1063) IoU:0.645 (Avg 0.7106) Dice:0.7542 (Avg 0.8118) (AvgTime 0.2)   
   [Val] Epoch: [29][80/90]  Loss:0.095 (Avg 0.1047) IoU:0.719 (Avg 0.7109) Dice:0.8198 (Avg 0.8123) (AvgTime 0.2)   
   [Val] Epoch: [29][90/90]  Loss:0.122 (Avg 0.1050) IoU:0.638 (Avg 0.7096) Dice:0.7606 (Avg 0.8113) (AvgTime 0.2)   
   [Val] Loss components: dice=0.166285, focal=0.043719, total=0.105002
	 Saving best model by iou: 0.709634
	 Saving to Covid19/BetterLViT/c4_race_pe_control/C4_Test_session_09.09_15h44/models//best_model-BetterLViT.pth.tar
	 early_stopping_count: 0/80
--- Epoch History (1..29) ---
Epoch |  TrainLoss |  TrainDice |  TrainIoU |    ValLoss |    ValDice |    ValIoU |         LR | Best
    1 |     0.2379 |     0.6073 |    0.4776 |     0.1928 |     0.6881 |    0.5656 |   3.00e-04 |     
    2 |     0.1735 |     0.6993 |    0.5754 |     0.1794 |     0.6884 |    0.5646 |   2.95e-04 |     
    3 |     0.1551 |     0.7275 |    0.6080 |     0.1434 |     0.7519 |    0.6362 |   2.81e-04 |     
    4 |     0.1433 |     0.7455 |    0.6288 |     0.1249 |     0.7776 |    0.6670 |   2.59e-04 |     
    5 |     0.1385 |     0.7532 |    0.6372 |     0.1294 |     0.7623 |    0.6477 |   2.31e-04 |     
    6 |     0.1322 |     0.7635 |    0.6498 |     0.1199 |     0.7896 |    0.6818 |   2.00e-04 |     
    7 |     0.1269 |     0.7728 |    0.6612 |     0.1228 |     0.7847 |    0.6751 |   1.69e-04 |     
    8 |     0.1217 |     0.7793 |    0.6692 |     0.1136 |     0.7979 |    0.6923 |   1.41e-04 |     
    9 |     0.1195 |     0.7835 |    0.6745 |     0.1192 |     0.7913 |    0.6831 |   1.19e-04 |     
   10 |     0.1163 |     0.7892 |    0.6813 |     0.1168 |     0.7850 |    0.6775 |   1.05e-04 |     
   11 |     0.1403 |     0.7517 |    0.6355 |     0.1291 |     0.7743 |    0.6602 |   3.00e-04 |     
   12 |     0.1316 |     0.7641 |    0.6512 |     0.1328 |     0.7636 |    0.6512 |   2.95e-04 |     
   13 |     0.1263 |     0.7730 |    0.6610 |     0.1408 |     0.7642 |    0.6509 |   2.81e-04 |     
   14 |     0.1252 |     0.7749 |    0.6635 |     0.1187 |     0.7935 |    0.6862 |   2.59e-04 |     
   15 |     0.1216 |     0.7807 |    0.6707 |     0.1123 |     0.7925 |    0.6844 |   2.31e-04 |     
   16 |     0.1180 |     0.7858 |    0.6774 |     0.1121 |     0.7992 |    0.6935 |   2.00e-04 |     
   17 |     0.1145 |     0.7921 |    0.6845 |     0.1114 |     0.7926 |    0.6854 |   1.69e-04 |     
   18 |     0.1124 |     0.7968 |    0.6900 |     0.1102 |     0.7951 |    0.6874 |   1.41e-04 |     
   19 |     0.1090 |     0.8008 |    0.6956 |     0.1142 |     0.7864 |    0.6784 |   1.19e-04 |     
   20 |     0.1076 |     0.8033 |    0.6987 |     0.1081 |     0.8027 |    0.6994 |   1.05e-04 |     
   21 |     0.1296 |     0.7684 |    0.6551 |     0.1237 |     0.7932 |    0.6871 |   3.00e-04 |     
   22 |     0.1231 |     0.7788 |    0.6680 |     0.1142 |     0.7894 |    0.6830 |   2.95e-04 |     
   23 |     0.1186 |     0.7855 |    0.6772 |     0.1121 |     0.7973 |    0.6918 |   2.81e-04 |     
   24 |     0.1175 |     0.7876 |    0.6793 |     0.1139 |     0.7888 |    0.6777 |   2.59e-04 |     
   25 |     0.1131 |     0.7947 |    0.6877 |     0.1212 |     0.7900 |    0.6812 |   2.31e-04 |     
   26 |     0.1134 |     0.7939 |    0.6870 |     0.1299 |     0.7857 |    0.6759 |   2.00e-04 |     
   27 |     0.1086 |     0.8025 |    0.6975 |     0.1125 |     0.8038 |    0.7003 |   1.69e-04 |     
   28 |     0.1069 |     0.8047 |    0.7000 |     0.1081 |     0.8043 |    0.7013 |   1.41e-04 |     
   29 |     0.1049 |     0.8077 |    0.7042 |     0.1050 |     0.8113 |    0.7096 |   1.19e-04 |    *
--- RACE-PE 80e validation screen: control validation statistics ---
up4: ca=0.8880+/-0.1129, sa=1.0043+/-0.0098, amp=0.0000, suppress=0.0000, guide_abs=0.2188
up4 residuals: local_mean=5.285e-02, global_mean=-0.0132, local_strength=0.1095, global_strength=0.1029, gain=[0.9768,1.0723], saturation=0.0663, text_film=0.0154
up4 haar: reconstruction_error=5.960e-07, skip_low/high=0.8038/0.1962, plam_low/high=1.0000/0.0000
up4 strengths: plam=0.9491, region=0.1095, detail=0.1029; residual_std region/detail/refine=0.3700/0.4334/0.3222
up4 guide_mix: entropy=0.9804, raw_low=0.3197, plam_low=0.2721, decoder_low=0.2452, detail=0.1631; agreement plam/decoder=0.5395/0.4544, support=0.7623+/-0.1141
up4 adaptive_frequency: ALPF strength=0.2387, weights=0.1800/0.6779/0.1422, sum=1.0000, entropy=0.7728, delta_std=0.0885; AHPF strength=0.0756, weights=0.3433/0.4830/0.1737, sum=1.0000, entropy=0.9296, residual_std=0.1181, scaled_std=0.0089
up3: ca=0.9761+/-0.1522, sa=1.0043+/-0.0049, amp=0.0000, suppress=0.0000, guide_abs=0.2512
up3 residuals: local_mean=8.920e-03, global_mean=0.0286, local_strength=0.1115, global_strength=0.1152, gain=[0.9822,1.0299], saturation=0.0189, text_film=0.0218
up3 haar: reconstruction_error=9.537e-07, skip_low/high=0.7781/0.2219, plam_low/high=1.0000/0.0000
up3 strengths: plam=0.9384, region=0.1115, detail=0.1152; residual_std region/detail/refine=0.4267/0.5204/0.4128
up3 guide_mix: entropy=0.9814, raw_low=0.3179, plam_low=0.2427, decoder_low=0.2736, detail=0.1658; agreement plam/decoder=0.5921/0.0315, support=0.6843+/-0.1241
up3 adaptive_frequency: ALPF strength=0.2420, weights=0.1437/0.5477/0.3086, sum=1.0000, entropy=0.8144, delta_std=0.0747; AHPF strength=0.0999, weights=0.5983/0.2545/0.1471, sum=1.0000, entropy=0.8106, residual_std=0.0974, scaled_std=0.0097
up2: ca=0.8784+/-0.1387, sa=1.0036+/-0.0043, amp=0.0000, suppress=0.0000, guide_abs=0.4185
up2 residuals: local_mean=2.173e-03, global_mean=0.0307, local_strength=0.1172, global_strength=0.1102, gain=[0.9666,1.0416], saturation=0.0007, text_film=0.0498
up2 haar: reconstruction_error=1.311e-06, skip_low/high=0.8095/0.1905, plam_low/high=1.0000/0.0000
up2 strengths: plam=0.8903, region=0.1172, detail=0.1102; residual_std region/detail/refine=0.2242/0.3259/0.1547
up2 guide_mix: entropy=0.9621, raw_low=0.3151, plam_low=0.2106, decoder_low=0.3341, detail=0.1402; agreement plam/decoder=0.6296/0.2682, support=0.6957+/-0.0696
up1: ca=0.8781+/-0.1316, sa=1.0007+/-0.0131, amp=0.0000, suppress=0.0000, guide_abs=0.1908
up1 residuals: local_mean=-3.614e-03, global_mean=0.0115, local_strength=0.1208, global_strength=0.0997, gain=[0.9036,1.0961], saturation=0.0000, text_film=0.0272
up1 haar: reconstruction_error=1.431e-06, skip_low/high=0.7320/0.2680, plam_low/high=1.0000/0.0000
up1 strengths: plam=0.9283, region=0.1208, detail=0.0997; residual_std region/detail/refine=0.2247/0.3726/0.1286
up1 guide_mix: entropy=0.9542, raw_low=0.3039, plam_low=0.2339, decoder_low=0.3425, detail=0.1196; agreement plam/decoder=0.1817/-0.1385, support=0.5792+/-0.0640

========= Epoch [30/80] =========
C4_Test_session_09.09_15h44
Training with batch size : 16
   [Train] Epoch: [30][20/357]  Loss:0.104 (Avg 0.0973) IoU:0.709 (Avg 0.7292) Dice:0.8155 (Avg 0.8275) LR 1.05e-04   (AvgTime 0.6)   
   [Train] Epoch: [30][40/357]  Loss:0.127 (Avg 0.1010) IoU:0.699 (Avg 0.7174) Dice:0.8055 (Avg 0.8192) LR 1.05e-04   (AvgTime 0.6)   
   [Train] Epoch: [30][60/357]  Loss:0.103 (Avg 0.1024) IoU:0.701 (Avg 0.7129) Dice:0.7892 (Avg 0.8155) LR 1.05e-04   (AvgTime 0.6)   
   [Train] Epoch: [30][80/357]  Loss:0.097 (Avg 0.1026) IoU:0.698 (Avg 0.7110) Dice:0.8141 (Avg 0.8146) LR 1.05e-04   (AvgTime 0.6)   
   [Train] Epoch: [30][100/357]  Loss:0.078 (Avg 0.1045) IoU:0.766 (Avg 0.7072) Dice:0.8568 (Avg 0.8107) LR 1.05e-04   (AvgTime 0.6)   
   [Train] Epoch: [30][120/357]  Loss:0.114 (Avg 0.1034) IoU:0.704 (Avg 0.7095) Dice:0.8118 (Avg 0.8121) LR 1.05e-04   (AvgTime 0.6)   
   [Train] Epoch: [30][140/357]  Loss:0.089 (Avg 0.1025) IoU:0.748 (Avg 0.7114) Dice:0.8476 (Avg 0.8135) LR 1.05e-04   (AvgTime 0.6)   
   [Train] Epoch: [30][160/357]  Loss:0.117 (Avg 0.1032) IoU:0.667 (Avg 0.7101) Dice:0.7792 (Avg 0.8128) LR 1.05e-04   (AvgTime 0.6)   
   [Train] Epoch: [30][180/357]  Loss:0.107 (Avg 0.1038) IoU:0.697 (Avg 0.7079) Dice:0.7954 (Avg 0.8111) LR 1.05e-04   (AvgTime 0.6)   
   [Train] Epoch: [30][200/357]  Loss:0.071 (Avg 0.1041) IoU:0.786 (Avg 0.7073) Dice:0.8752 (Avg 0.8106) LR 1.05e-04   (AvgTime 0.6)   
   [Train] Epoch: [30][220/357]  Loss:0.126 (Avg 0.1040) IoU:0.709 (Avg 0.7073) Dice:0.8040 (Avg 0.8106) LR 1.05e-04   (AvgTime 0.5)   
   [Train] Epoch: [30][240/357]  Loss:0.070 (Avg 0.1033) IoU:0.788 (Avg 0.7088) Dice:0.8742 (Avg 0.8118) LR 1.05e-04   (AvgTime 0.5)   
   [Train] Epoch: [30][260/357]  Loss:0.061 (Avg 0.1034) IoU:0.796 (Avg 0.7088) Dice:0.8823 (Avg 0.8116) LR 1.05e-04   (AvgTime 0.5)   
   [Train] Epoch: [30][280/357]  Loss:0.112 (Avg 0.1032) IoU:0.678 (Avg 0.7096) Dice:0.7898 (Avg 0.8121) LR 1.05e-04   (AvgTime 0.5)   
   [Train] Epoch: [30][300/357]  Loss:0.107 (Avg 0.1030) IoU:0.691 (Avg 0.7101) Dice:0.8051 (Avg 0.8125) LR 1.05e-04   (AvgTime 0.5)   
   [Train] Epoch: [30][320/357]  Loss:0.083 (Avg 0.1027) IoU:0.773 (Avg 0.7106) Dice:0.8577 (Avg 0.8129) LR 1.05e-04   (AvgTime 0.5)   
   [Train] Epoch: [30][340/357]  Loss:0.105 (Avg 0.1026) IoU:0.715 (Avg 0.7104) Dice:0.8115 (Avg 0.8128) LR 1.05e-04   (AvgTime 0.5)   
   [Train] Epoch: [30][357/357]  Loss:0.134 (Avg 0.1030) IoU:0.639 (Avg 0.7095) Dice:0.7435 (Avg 0.8122) LR 1.05e-04   (AvgTime 0.5)   
   [Train] Loss components: dice=0.162661, focal=0.043281, total=0.102971
Validation
   [Val] Epoch: [30][20/90]  Loss:0.131 (Avg 0.1065) IoU:0.670 (Avg 0.7110) Dice:0.7850 (Avg 0.8154) (AvgTime 0.2)   
   [Val] Epoch: [30][40/90]  Loss:0.099 (Avg 0.1121) IoU:0.700 (Avg 0.6941) Dice:0.8067 (Avg 0.7995) (AvgTime 0.2)   
   [Val] Epoch: [30][60/90]  Loss:0.136 (Avg 0.1055) IoU:0.647 (Avg 0.7035) Dice:0.7536 (Avg 0.8056) (AvgTime 0.2)   
   [Val] Epoch: [30][80/90]  Loss:0.099 (Avg 0.1046) IoU:0.702 (Avg 0.7019) Dice:0.8102 (Avg 0.8050) (AvgTime 0.2)   
   [Val] Epoch: [30][90/90]  Loss:0.125 (Avg 0.1044) IoU:0.633 (Avg 0.7023) Dice:0.7593 (Avg 0.8053) (AvgTime 0.2)   
   [Val] Loss components: dice=0.166116, focal=0.042704, total=0.104410
	 No iou improvement; selected epoch 29
	 early_stopping_count: 1/80
--- Epoch History (1..30) ---
Epoch |  TrainLoss |  TrainDice |  TrainIoU |    ValLoss |    ValDice |    ValIoU |         LR | Best
    1 |     0.2379 |     0.6073 |    0.4776 |     0.1928 |     0.6881 |    0.5656 |   3.00e-04 |     
    2 |     0.1735 |     0.6993 |    0.5754 |     0.1794 |     0.6884 |    0.5646 |   2.95e-04 |     
    3 |     0.1551 |     0.7275 |    0.6080 |     0.1434 |     0.7519 |    0.6362 |   2.81e-04 |     
    4 |     0.1433 |     0.7455 |    0.6288 |     0.1249 |     0.7776 |    0.6670 |   2.59e-04 |     
    5 |     0.1385 |     0.7532 |    0.6372 |     0.1294 |     0.7623 |    0.6477 |   2.31e-04 |     
    6 |     0.1322 |     0.7635 |    0.6498 |     0.1199 |     0.7896 |    0.6818 |   2.00e-04 |     
    7 |     0.1269 |     0.7728 |    0.6612 |     0.1228 |     0.7847 |    0.6751 |   1.69e-04 |     
    8 |     0.1217 |     0.7793 |    0.6692 |     0.1136 |     0.7979 |    0.6923 |   1.41e-04 |     
    9 |     0.1195 |     0.7835 |    0.6745 |     0.1192 |     0.7913 |    0.6831 |   1.19e-04 |     
   10 |     0.1163 |     0.7892 |    0.6813 |     0.1168 |     0.7850 |    0.6775 |   1.05e-04 |     
   11 |     0.1403 |     0.7517 |    0.6355 |     0.1291 |     0.7743 |    0.6602 |   3.00e-04 |     
   12 |     0.1316 |     0.7641 |    0.6512 |     0.1328 |     0.7636 |    0.6512 |   2.95e-04 |     
   13 |     0.1263 |     0.7730 |    0.6610 |     0.1408 |     0.7642 |    0.6509 |   2.81e-04 |     
   14 |     0.1252 |     0.7749 |    0.6635 |     0.1187 |     0.7935 |    0.6862 |   2.59e-04 |     
   15 |     0.1216 |     0.7807 |    0.6707 |     0.1123 |     0.7925 |    0.6844 |   2.31e-04 |     
   16 |     0.1180 |     0.7858 |    0.6774 |     0.1121 |     0.7992 |    0.6935 |   2.00e-04 |     
   17 |     0.1145 |     0.7921 |    0.6845 |     0.1114 |     0.7926 |    0.6854 |   1.69e-04 |     
   18 |     0.1124 |     0.7968 |    0.6900 |     0.1102 |     0.7951 |    0.6874 |   1.41e-04 |     
   19 |     0.1090 |     0.8008 |    0.6956 |     0.1142 |     0.7864 |    0.6784 |   1.19e-04 |     
   20 |     0.1076 |     0.8033 |    0.6987 |     0.1081 |     0.8027 |    0.6994 |   1.05e-04 |     
   21 |     0.1296 |     0.7684 |    0.6551 |     0.1237 |     0.7932 |    0.6871 |   3.00e-04 |     
   22 |     0.1231 |     0.7788 |    0.6680 |     0.1142 |     0.7894 |    0.6830 |   2.95e-04 |     
   23 |     0.1186 |     0.7855 |    0.6772 |     0.1121 |     0.7973 |    0.6918 |   2.81e-04 |     
   24 |     0.1175 |     0.7876 |    0.6793 |     0.1139 |     0.7888 |    0.6777 |   2.59e-04 |     
   25 |     0.1131 |     0.7947 |    0.6877 |     0.1212 |     0.7900 |    0.6812 |   2.31e-04 |     
   26 |     0.1134 |     0.7939 |    0.6870 |     0.1299 |     0.7857 |    0.6759 |   2.00e-04 |     
   27 |     0.1086 |     0.8025 |    0.6975 |     0.1125 |     0.8038 |    0.7003 |   1.69e-04 |     
   28 |     0.1069 |     0.8047 |    0.7000 |     0.1081 |     0.8043 |    0.7013 |   1.41e-04 |     
   29 |     0.1049 |     0.8077 |    0.7042 |     0.1050 |     0.8113 |    0.7096 |   1.19e-04 |    *
   30 |     0.1030 |     0.8122 |    0.7095 |     0.1044 |     0.8053 |    0.7023 |   1.05e-04 |     
--- RACE-PE 80e validation screen: control validation statistics ---
up4: ca=0.8957+/-0.1032, sa=1.0042+/-0.0097, amp=0.0000, suppress=0.0000, guide_abs=0.2017
up4 residuals: local_mean=4.943e-02, global_mean=-0.0109, local_strength=0.1095, global_strength=0.1030, gain=[0.9800,1.0684], saturation=0.0602, text_film=0.0145
up4 haar: reconstruction_error=6.426e-07, skip_low/high=0.8033/0.1967, plam_low/high=1.0000/0.0000
up4 strengths: plam=0.9484, region=0.1095, detail=0.1030; residual_std region/detail/refine=0.3622/0.4401/0.3276
up4 guide_mix: entropy=0.9807, raw_low=0.3074, plam_low=0.2785, decoder_low=0.2549, detail=0.1592; agreement plam/decoder=0.5016/0.5020, support=0.7516+/-0.1210
up4 adaptive_frequency: ALPF strength=0.2392, weights=0.1668/0.6906/0.1427, sum=1.0000, entropy=0.7570, delta_std=0.0964; AHPF strength=0.0755, weights=0.3596/0.4725/0.1679, sum=1.0000, entropy=0.9283, residual_std=0.1158, scaled_std=0.0087
up3: ca=0.9840+/-0.1404, sa=1.0041+/-0.0050, amp=0.0000, suppress=0.0000, guide_abs=0.2581
up3 residuals: local_mean=8.239e-03, global_mean=0.0271, local_strength=0.1115, global_strength=0.1153, gain=[0.9831,1.0300], saturation=0.0097, text_film=0.0230
up3 haar: reconstruction_error=9.537e-07, skip_low/high=0.7700/0.2300, plam_low/high=1.0000/0.0000
up3 strengths: plam=0.9382, region=0.1115, detail=0.1153; residual_std region/detail/refine=0.4370/0.4971/0.3904
up3 guide_mix: entropy=0.9822, raw_low=0.3047, plam_low=0.2509, decoder_low=0.2812, detail=0.1633; agreement plam/decoder=0.6376/-0.1104, support=0.6795+/-0.1189
up3 adaptive_frequency: ALPF strength=0.2428, weights=0.1471/0.5259/0.3269, sum=1.0000, entropy=0.8066, delta_std=0.0770; AHPF strength=0.1000, weights=0.5620/0.2737/0.1643, sum=1.0000, entropy=0.8320, residual_std=0.1039, scaled_std=0.0104
up2: ca=0.8914+/-0.1737, sa=1.0040+/-0.0039, amp=0.0000, suppress=0.0000, guide_abs=0.4032
up2 residuals: local_mean=4.484e-03, global_mean=0.0318, local_strength=0.1173, global_strength=0.1102, gain=[0.9671,1.0447], saturation=0.0004, text_film=0.0549
up2 haar: reconstruction_error=1.192e-06, skip_low/high=0.8053/0.1947, plam_low/high=1.0000/0.0000
up2 strengths: plam=0.8891, region=0.1173, detail=0.1102; residual_std region/detail/refine=0.2250/0.3149/0.1461
up2 guide_mix: entropy=0.9641, raw_low=0.3062, plam_low=0.2260, decoder_low=0.3310, detail=0.1368; agreement plam/decoder=0.6937/0.3256, support=0.7006+/-0.0692
up1: ca=0.8748+/-0.1204, sa=1.0008+/-0.0130, amp=0.0000, suppress=0.0000, guide_abs=0.1881
up1 residuals: local_mean=-3.312e-03, global_mean=0.0126, local_strength=0.1209, global_strength=0.0997, gain=[0.9042,1.0958], saturation=0.0000, text_film=0.0263
up1 haar: reconstruction_error=1.907e-06, skip_low/high=0.7338/0.2662, plam_low/high=1.0000/0.0000
up1 strengths: plam=0.9277, region=0.1209, detail=0.0997; residual_std region/detail/refine=0.2265/0.3711/0.1300
up1 guide_mix: entropy=0.9540, raw_low=0.3008, plam_low=0.2419, decoder_low=0.3403, detail=0.1170; agreement plam/decoder=0.3541/-0.1079, support=0.5773+/-0.0652

========= Epoch [31/80] =========
C4_Test_session_09.09_15h44
Training with batch size : 16
   [Train] Epoch: [31][20/357]  Loss:0.152 (Avg 0.1077) IoU:0.570 (Avg 0.7013) Dice:0.7018 (Avg 0.8050) LR 3.00e-04   (AvgTime 0.6)   
   [Train] Epoch: [31][40/357]  Loss:0.129 (Avg 0.1118) IoU:0.676 (Avg 0.6938) Dice:0.7929 (Avg 0.8004) LR 3.00e-04   (AvgTime 0.5)   
   [Train] Epoch: [31][60/357]  Loss:0.116 (Avg 0.1166) IoU:0.685 (Avg 0.6834) Dice:0.7982 (Avg 0.7917) LR 3.00e-04   (AvgTime 0.5)   
   [Train] Epoch: [31][80/357]  Loss:0.113 (Avg 0.1176) IoU:0.695 (Avg 0.6812) Dice:0.7972 (Avg 0.7894) LR 3.00e-04   (AvgTime 0.5)   
   [Train] Epoch: [31][100/357]  Loss:0.129 (Avg 0.1195) IoU:0.670 (Avg 0.6789) Dice:0.7769 (Avg 0.7875) LR 3.00e-04   (AvgTime 0.5)   
   [Train] Epoch: [31][120/357]  Loss:0.099 (Avg 0.1206) IoU:0.713 (Avg 0.6756) Dice:0.8201 (Avg 0.7851) LR 3.00e-04   (AvgTime 0.5)   
   [Train] Epoch: [31][140/357]  Loss:0.095 (Avg 0.1208) IoU:0.722 (Avg 0.6752) Dice:0.8320 (Avg 0.7850) LR 3.00e-04   (AvgTime 0.5)   
   [Train] Epoch: [31][160/357]  Loss:0.098 (Avg 0.1207) IoU:0.690 (Avg 0.6742) Dice:0.8073 (Avg 0.7844) LR 3.00e-04   (AvgTime 0.5)   
   [Train] Epoch: [31][180/357]  Loss:0.075 (Avg 0.1204) IoU:0.787 (Avg 0.6744) Dice:0.8674 (Avg 0.7845) LR 3.00e-04   (AvgTime 0.5)   
   [Train] Epoch: [31][200/357]  Loss:0.119 (Avg 0.1201) IoU:0.663 (Avg 0.6746) Dice:0.7847 (Avg 0.7844) LR 3.00e-04   (AvgTime 0.5)   
   [Train] Epoch: [31][220/357]  Loss:0.125 (Avg 0.1208) IoU:0.627 (Avg 0.6731) Dice:0.7487 (Avg 0.7831) LR 3.00e-04   (AvgTime 0.5)   
   [Train] Epoch: [31][240/357]  Loss:0.083 (Avg 0.1199) IoU:0.771 (Avg 0.6747) Dice:0.8627 (Avg 0.7845) LR 3.00e-04   (AvgTime 0.5)   
   [Train] Epoch: [31][260/357]  Loss:0.115 (Avg 0.1196) IoU:0.720 (Avg 0.6759) Dice:0.8219 (Avg 0.7854) LR 3.00e-04   (AvgTime 0.5)   
   [Train] Epoch: [31][280/357]  Loss:0.089 (Avg 0.1197) IoU:0.724 (Avg 0.6754) Dice:0.8267 (Avg 0.7851) LR 3.00e-04   (AvgTime 0.5)   
   [Train] Epoch: [31][300/357]  Loss:0.128 (Avg 0.1199) IoU:0.687 (Avg 0.6746) Dice:0.7900 (Avg 0.7848) LR 3.00e-04   (AvgTime 0.5)   
   [Train] Epoch: [31][320/357]  Loss:0.091 (Avg 0.1197) IoU:0.746 (Avg 0.6750) Dice:0.8414 (Avg 0.7851) LR 3.00e-04   (AvgTime 0.5)   
   [Train] Epoch: [31][340/357]  Loss:0.129 (Avg 0.1193) IoU:0.641 (Avg 0.6758) Dice:0.7568 (Avg 0.7858) LR 3.00e-04   (AvgTime 0.5)   
   [Train] Epoch: [31][357/357]  Loss:0.157 (Avg 0.1188) IoU:0.603 (Avg 0.6768) Dice:0.7195 (Avg 0.7865) LR 3.00e-04   (AvgTime 0.5)   
   [Train] Loss components: dice=0.186669, focal=0.050914, total=0.118792
Validation
   [Val] Epoch: [31][20/90]  Loss:0.133 (Avg 0.1136) IoU:0.648 (Avg 0.6867) Dice:0.7714 (Avg 0.7978) (AvgTime 0.2)   
   [Val] Epoch: [31][40/90]  Loss:0.119 (Avg 0.1215) IoU:0.643 (Avg 0.6683) Dice:0.7676 (Avg 0.7805) (AvgTime 0.2)   
   [Val] Epoch: [31][60/90]  Loss:0.143 (Avg 0.1158) IoU:0.635 (Avg 0.6767) Dice:0.7454 (Avg 0.7868) (AvgTime 0.2)   
   [Val] Epoch: [31][80/90]  Loss:0.103 (Avg 0.1145) IoU:0.697 (Avg 0.6760) Dice:0.8050 (Avg 0.7869) (AvgTime 0.2)   
   [Val] Epoch: [31][90/90]  Loss:0.129 (Avg 0.1150) IoU:0.600 (Avg 0.6746) Dice:0.7360 (Avg 0.7858) (AvgTime 0.2)   
   [Val] Loss components: dice=0.185180, focal=0.044880, total=0.115030
	 No iou improvement; selected epoch 29
	 early_stopping_count: 2/80
--- Epoch History (1..31) ---
Epoch |  TrainLoss |  TrainDice |  TrainIoU |    ValLoss |    ValDice |    ValIoU |         LR | Best
    1 |     0.2379 |     0.6073 |    0.4776 |     0.1928 |     0.6881 |    0.5656 |   3.00e-04 |     
    2 |     0.1735 |     0.6993 |    0.5754 |     0.1794 |     0.6884 |    0.5646 |   2.95e-04 |     
    3 |     0.1551 |     0.7275 |    0.6080 |     0.1434 |     0.7519 |    0.6362 |   2.81e-04 |     
    4 |     0.1433 |     0.7455 |    0.6288 |     0.1249 |     0.7776 |    0.6670 |   2.59e-04 |     
    5 |     0.1385 |     0.7532 |    0.6372 |     0.1294 |     0.7623 |    0.6477 |   2.31e-04 |     
    6 |     0.1322 |     0.7635 |    0.6498 |     0.1199 |     0.7896 |    0.6818 |   2.00e-04 |     
    7 |     0.1269 |     0.7728 |    0.6612 |     0.1228 |     0.7847 |    0.6751 |   1.69e-04 |     
    8 |     0.1217 |     0.7793 |    0.6692 |     0.1136 |     0.7979 |    0.6923 |   1.41e-04 |     
    9 |     0.1195 |     0.7835 |    0.6745 |     0.1192 |     0.7913 |    0.6831 |   1.19e-04 |     
   10 |     0.1163 |     0.7892 |    0.6813 |     0.1168 |     0.7850 |    0.6775 |   1.05e-04 |     
   11 |     0.1403 |     0.7517 |    0.6355 |     0.1291 |     0.7743 |    0.6602 |   3.00e-04 |     
   12 |     0.1316 |     0.7641 |    0.6512 |     0.1328 |     0.7636 |    0.6512 |   2.95e-04 |     
   13 |     0.1263 |     0.7730 |    0.6610 |     0.1408 |     0.7642 |    0.6509 |   2.81e-04 |     
   14 |     0.1252 |     0.7749 |    0.6635 |     0.1187 |     0.7935 |    0.6862 |   2.59e-04 |     
   15 |     0.1216 |     0.7807 |    0.6707 |     0.1123 |     0.7925 |    0.6844 |   2.31e-04 |     
   16 |     0.1180 |     0.7858 |    0.6774 |     0.1121 |     0.7992 |    0.6935 |   2.00e-04 |     
   17 |     0.1145 |     0.7921 |    0.6845 |     0.1114 |     0.7926 |    0.6854 |   1.69e-04 |     
   18 |     0.1124 |     0.7968 |    0.6900 |     0.1102 |     0.7951 |    0.6874 |   1.41e-04 |     
   19 |     0.1090 |     0.8008 |    0.6956 |     0.1142 |     0.7864 |    0.6784 |   1.19e-04 |     
   20 |     0.1076 |     0.8033 |    0.6987 |     0.1081 |     0.8027 |    0.6994 |   1.05e-04 |     
   21 |     0.1296 |     0.7684 |    0.6551 |     0.1237 |     0.7932 |    0.6871 |   3.00e-04 |     
   22 |     0.1231 |     0.7788 |    0.6680 |     0.1142 |     0.7894 |    0.6830 |   2.95e-04 |     
   23 |     0.1186 |     0.7855 |    0.6772 |     0.1121 |     0.7973 |    0.6918 |   2.81e-04 |     
   24 |     0.1175 |     0.7876 |    0.6793 |     0.1139 |     0.7888 |    0.6777 |   2.59e-04 |     
   25 |     0.1131 |     0.7947 |    0.6877 |     0.1212 |     0.7900 |    0.6812 |   2.31e-04 |     
   26 |     0.1134 |     0.7939 |    0.6870 |     0.1299 |     0.7857 |    0.6759 |   2.00e-04 |     
   27 |     0.1086 |     0.8025 |    0.6975 |     0.1125 |     0.8038 |    0.7003 |   1.69e-04 |     
   28 |     0.1069 |     0.8047 |    0.7000 |     0.1081 |     0.8043 |    0.7013 |   1.41e-04 |     
   29 |     0.1049 |     0.8077 |    0.7042 |     0.1050 |     0.8113 |    0.7096 |   1.19e-04 |    *
   30 |     0.1030 |     0.8122 |    0.7095 |     0.1044 |     0.8053 |    0.7023 |   1.05e-04 |     
   31 |     0.1188 |     0.7865 |    0.6768 |     0.1150 |     0.7858 |    0.6746 |   3.00e-04 |     
--- RACE-PE 80e validation screen: control validation statistics ---
up4: ca=0.8765+/-0.1369, sa=1.0062+/-0.0102, amp=0.0000, suppress=0.0000, guide_abs=0.2683
up4 residuals: local_mean=6.079e-02, global_mean=-0.0040, local_strength=0.1096, global_strength=0.1034, gain=[0.9802,1.0636], saturation=0.0612, text_film=0.0188
up4 haar: reconstruction_error=9.537e-07, skip_low/high=0.8154/0.1846, plam_low/high=1.0000/0.0000
up4 strengths: plam=0.9441, region=0.1096, detail=0.1034; residual_std region/detail/refine=0.3642/0.4224/0.3087
up4 guide_mix: entropy=0.9798, raw_low=0.3208, plam_low=0.2694, decoder_low=0.2485, detail=0.1613; agreement plam/decoder=0.4354/0.3169, support=0.7385+/-0.1238
up4 adaptive_frequency: ALPF strength=0.2406, weights=0.1836/0.6789/0.1375, sum=1.0000, entropy=0.7703, delta_std=0.0888; AHPF strength=0.0754, weights=0.3258/0.4974/0.1768, sum=1.0000, entropy=0.9254, residual_std=0.1212, scaled_std=0.0091
up3: ca=0.9652+/-0.1932, sa=1.0048+/-0.0052, amp=0.0000, suppress=0.0000, guide_abs=0.2857
up3 residuals: local_mean=1.194e-02, global_mean=0.0294, local_strength=0.1118, global_strength=0.1157, gain=[0.9833,1.0307], saturation=0.0477, text_film=0.0304
up3 haar: reconstruction_error=9.537e-07, skip_low/high=0.7744/0.2256, plam_low/high=1.0000/0.0000
up3 strengths: plam=0.9338, region=0.1118, detail=0.1157; residual_std region/detail/refine=0.4471/0.5191/0.4062
up3 guide_mix: entropy=0.9804, raw_low=0.3092, plam_low=0.2454, decoder_low=0.2847, detail=0.1607; agreement plam/decoder=0.7057/0.0711, support=0.7451+/-0.1224
up3 adaptive_frequency: ALPF strength=0.2441, weights=0.1330/0.6237/0.2433, sum=1.0000, entropy=0.7713, delta_std=0.0760; AHPF strength=0.1014, weights=0.5543/0.2358/0.2100, sum=1.0000, entropy=0.8195, residual_std=0.1095, scaled_std=0.0111
up2: ca=0.8405+/-0.1744, sa=1.0029+/-0.0038, amp=0.0000, suppress=0.0000, guide_abs=0.4387
up2 residuals: local_mean=-8.268e-05, global_mean=0.0262, local_strength=0.1182, global_strength=0.1107, gain=[0.9654,1.0420], saturation=0.0015, text_film=0.0663
up2 haar: reconstruction_error=1.311e-06, skip_low/high=0.8268/0.1732, plam_low/high=1.0000/0.0000
up2 strengths: plam=0.8794, region=0.1182, detail=0.1107; residual_std region/detail/refine=0.2221/0.3097/0.1653
up2 guide_mix: entropy=0.9571, raw_low=0.3170, plam_low=0.2158, decoder_low=0.3373, detail=0.1299; agreement plam/decoder=0.6499/0.2867, support=0.7228+/-0.0682
up1: ca=0.8137+/-0.1557, sa=1.0012+/-0.0128, amp=0.0000, suppress=0.0000, guide_abs=0.2947
up1 residuals: local_mean=-2.678e-03, global_mean=0.0155, local_strength=0.1216, global_strength=0.0984, gain=[0.9043,1.0948], saturation=0.0000, text_film=0.0386
up1 haar: reconstruction_error=1.907e-06, skip_low/high=0.7558/0.2442, plam_low/high=1.0000/0.0000
up1 strengths: plam=0.9249, region=0.1216, detail=0.0984; residual_std region/detail/refine=0.2426/0.3821/0.1381
up1 guide_mix: entropy=0.9459, raw_low=0.3483, plam_low=0.2064, decoder_low=0.3267, detail=0.1185; agreement plam/decoder=-0.1857/-0.1210, support=0.5933+/-0.0666

========= Epoch [32/80] =========
C4_Test_session_09.09_15h44
Training with batch size : 16
   [Train] Epoch: [32][20/357]  Loss:0.089 (Avg 0.1138) IoU:0.759 (Avg 0.6857) Dice:0.8486 (Avg 0.7938) LR 2.95e-04   (AvgTime 0.6)   
   [Train] Epoch: [32][40/357]  Loss:0.156 (Avg 0.1160) IoU:0.585 (Avg 0.6839) Dice:0.7019 (Avg 0.7901) LR 2.95e-04   (AvgTime 0.6)   
   [Train] Epoch: [32][60/357]  Loss:0.096 (Avg 0.1138) IoU:0.725 (Avg 0.6887) Dice:0.8274 (Avg 0.7951) LR 2.95e-04   (AvgTime 0.5)   
   [Train] Epoch: [32][80/357]  Loss:0.112 (Avg 0.1143) IoU:0.660 (Avg 0.6854) Dice:0.7819 (Avg 0.7918) LR 2.95e-04   (AvgTime 0.5)   
   [Train] Epoch: [32][100/357]  Loss:0.105 (Avg 0.1130) IoU:0.711 (Avg 0.6888) Dice:0.8154 (Avg 0.7953) LR 2.95e-04   (AvgTime 0.5)   
   [Train] Epoch: [32][120/357]  Loss:0.145 (Avg 0.1133) IoU:0.636 (Avg 0.6879) Dice:0.7532 (Avg 0.7947) LR 2.95e-04   (AvgTime 0.5)   
   [Train] Epoch: [32][140/357]  Loss:0.102 (Avg 0.1148) IoU:0.693 (Avg 0.6848) Dice:0.7976 (Avg 0.7923) LR 2.95e-04   (AvgTime 0.5)   
   [Train] Epoch: [32][160/357]  Loss:0.123 (Avg 0.1146) IoU:0.646 (Avg 0.6853) Dice:0.7667 (Avg 0.7927) LR 2.95e-04   (AvgTime 0.5)   
   [Train] Epoch: [32][180/357]  Loss:0.098 (Avg 0.1145) IoU:0.739 (Avg 0.6855) Dice:0.8281 (Avg 0.7928) LR 2.95e-04   (AvgTime 0.5)   
   [Train] Epoch: [32][200/357]  Loss:0.108 (Avg 0.1138) IoU:0.693 (Avg 0.6866) Dice:0.8030 (Avg 0.7939) LR 2.95e-04   (AvgTime 0.5)   
   [Train] Epoch: [32][220/357]  Loss:0.090 (Avg 0.1135) IoU:0.724 (Avg 0.6874) Dice:0.8324 (Avg 0.7946) LR 2.95e-04   (AvgTime 0.5)   
   [Train] Epoch: [32][240/357]  Loss:0.109 (Avg 0.1142) IoU:0.685 (Avg 0.6858) Dice:0.7939 (Avg 0.7932) LR 2.95e-04   (AvgTime 0.5)   
   [Train] Epoch: [32][260/357]  Loss:0.110 (Avg 0.1141) IoU:0.681 (Avg 0.6857) Dice:0.7977 (Avg 0.7933) LR 2.95e-04   (AvgTime 0.5)   
   [Train] Epoch: [32][280/357]  Loss:0.141 (Avg 0.1140) IoU:0.591 (Avg 0.6862) Dice:0.7249 (Avg 0.7935) LR 2.95e-04   (AvgTime 0.5)   
   [Train] Epoch: [32][300/357]  Loss:0.100 (Avg 0.1140) IoU:0.680 (Avg 0.6861) Dice:0.7946 (Avg 0.7935) LR 2.95e-04   (AvgTime 0.5)   
   [Train] Epoch: [32][320/357]  Loss:0.118 (Avg 0.1145) IoU:0.664 (Avg 0.6852) Dice:0.7844 (Avg 0.7927) LR 2.95e-04   (AvgTime 0.5)   
   [Train] Epoch: [32][340/357]  Loss:0.172 (Avg 0.1149) IoU:0.568 (Avg 0.6839) Dice:0.6757 (Avg 0.7917) LR 2.95e-04   (AvgTime 0.5)   
   [Train] Epoch: [32][357/357]  Loss:0.102 (Avg 0.1153) IoU:0.716 (Avg 0.6832) Dice:0.8123 (Avg 0.7911) LR 2.95e-04   (AvgTime 0.5)   
   [Train] Loss components: dice=0.182216, focal=0.048315, total=0.115266
Validation
   [Val] Epoch: [32][20/90]  Loss:0.157 (Avg 0.1367) IoU:0.643 (Avg 0.6768) Dice:0.7615 (Avg 0.7867) (AvgTime 0.2)   
   [Val] Epoch: [32][40/90]  Loss:0.121 (Avg 0.1391) IoU:0.666 (Avg 0.6644) Dice:0.7815 (Avg 0.7741) (AvgTime 0.2)   
   [Val] Epoch: [32][60/90]  Loss:0.155 (Avg 0.1310) IoU:0.621 (Avg 0.6734) Dice:0.7321 (Avg 0.7801) (AvgTime 0.2)   
   [Val] Epoch: [32][80/90]  Loss:0.112 (Avg 0.1292) IoU:0.684 (Avg 0.6718) Dice:0.7949 (Avg 0.7797) (AvgTime 0.2)   
   [Val] Epoch: [32][90/90]  Loss:0.184 (Avg 0.1292) IoU:0.551 (Avg 0.6715) Dice:0.6810 (Avg 0.7794) (AvgTime 0.2)   
   [Val] Loss components: dice=0.188864, focal=0.069437, total=0.129150
	 No iou improvement; selected epoch 29
	 early_stopping_count: 3/80
--- Epoch History (1..32) ---
Epoch |  TrainLoss |  TrainDice |  TrainIoU |    ValLoss |    ValDice |    ValIoU |         LR | Best
    1 |     0.2379 |     0.6073 |    0.4776 |     0.1928 |     0.6881 |    0.5656 |   3.00e-04 |     
    2 |     0.1735 |     0.6993 |    0.5754 |     0.1794 |     0.6884 |    0.5646 |   2.95e-04 |     
    3 |     0.1551 |     0.7275 |    0.6080 |     0.1434 |     0.7519 |    0.6362 |   2.81e-04 |     
    4 |     0.1433 |     0.7455 |    0.6288 |     0.1249 |     0.7776 |    0.6670 |   2.59e-04 |     
    5 |     0.1385 |     0.7532 |    0.6372 |     0.1294 |     0.7623 |    0.6477 |   2.31e-04 |     
    6 |     0.1322 |     0.7635 |    0.6498 |     0.1199 |     0.7896 |    0.6818 |   2.00e-04 |     
    7 |     0.1269 |     0.7728 |    0.6612 |     0.1228 |     0.7847 |    0.6751 |   1.69e-04 |     
    8 |     0.1217 |     0.7793 |    0.6692 |     0.1136 |     0.7979 |    0.6923 |   1.41e-04 |     
    9 |     0.1195 |     0.7835 |    0.6745 |     0.1192 |     0.7913 |    0.6831 |   1.19e-04 |     
   10 |     0.1163 |     0.7892 |    0.6813 |     0.1168 |     0.7850 |    0.6775 |   1.05e-04 |     
   11 |     0.1403 |     0.7517 |    0.6355 |     0.1291 |     0.7743 |    0.6602 |   3.00e-04 |     
   12 |     0.1316 |     0.7641 |    0.6512 |     0.1328 |     0.7636 |    0.6512 |   2.95e-04 |     
   13 |     0.1263 |     0.7730 |    0.6610 |     0.1408 |     0.7642 |    0.6509 |   2.81e-04 |     
   14 |     0.1252 |     0.7749 |    0.6635 |     0.1187 |     0.7935 |    0.6862 |   2.59e-04 |     
   15 |     0.1216 |     0.7807 |    0.6707 |     0.1123 |     0.7925 |    0.6844 |   2.31e-04 |     
   16 |     0.1180 |     0.7858 |    0.6774 |     0.1121 |     0.7992 |    0.6935 |   2.00e-04 |     
   17 |     0.1145 |     0.7921 |    0.6845 |     0.1114 |     0.7926 |    0.6854 |   1.69e-04 |     
   18 |     0.1124 |     0.7968 |    0.6900 |     0.1102 |     0.7951 |    0.6874 |   1.41e-04 |     
   19 |     0.1090 |     0.8008 |    0.6956 |     0.1142 |     0.7864 |    0.6784 |   1.19e-04 |     
   20 |     0.1076 |     0.8033 |    0.6987 |     0.1081 |     0.8027 |    0.6994 |   1.05e-04 |     
   21 |     0.1296 |     0.7684 |    0.6551 |     0.1237 |     0.7932 |    0.6871 |   3.00e-04 |     
   22 |     0.1231 |     0.7788 |    0.6680 |     0.1142 |     0.7894 |    0.6830 |   2.95e-04 |     
   23 |     0.1186 |     0.7855 |    0.6772 |     0.1121 |     0.7973 |    0.6918 |   2.81e-04 |     
   24 |     0.1175 |     0.7876 |    0.6793 |     0.1139 |     0.7888 |    0.6777 |   2.59e-04 |     
   25 |     0.1131 |     0.7947 |    0.6877 |     0.1212 |     0.7900 |    0.6812 |   2.31e-04 |     
   26 |     0.1134 |     0.7939 |    0.6870 |     0.1299 |     0.7857 |    0.6759 |   2.00e-04 |     
   27 |     0.1086 |     0.8025 |    0.6975 |     0.1125 |     0.8038 |    0.7003 |   1.69e-04 |     
   28 |     0.1069 |     0.8047 |    0.7000 |     0.1081 |     0.8043 |    0.7013 |   1.41e-04 |     
   29 |     0.1049 |     0.8077 |    0.7042 |     0.1050 |     0.8113 |    0.7096 |   1.19e-04 |    *
   30 |     0.1030 |     0.8122 |    0.7095 |     0.1044 |     0.8053 |    0.7023 |   1.05e-04 |     
   31 |     0.1188 |     0.7865 |    0.6768 |     0.1150 |     0.7858 |    0.6746 |   3.00e-04 |     
   32 |     0.1153 |     0.7911 |    0.6832 |     0.1292 |     0.7794 |    0.6715 |   2.95e-04 |     
--- RACE-PE 80e validation screen: control validation statistics ---
up4: ca=0.8516+/-0.1419, sa=1.0055+/-0.0098, amp=0.0000, suppress=0.0000, guide_abs=0.2334
up4 residuals: local_mean=5.645e-02, global_mean=-0.0060, local_strength=0.1099, global_strength=0.1040, gain=[0.9732,1.0701], saturation=0.0408, text_film=0.0196
up4 haar: reconstruction_error=4.768e-07, skip_low/high=0.8103/0.1897, plam_low/high=1.0000/0.0000
up4 strengths: plam=0.9411, region=0.1099, detail=0.1040; residual_std region/detail/refine=0.3629/0.4415/0.3501
up4 guide_mix: entropy=0.9800, raw_low=0.3240, plam_low=0.2454, decoder_low=0.2672, detail=0.1634; agreement plam/decoder=0.3510/0.4654, support=0.7441+/-0.1149
up4 adaptive_frequency: ALPF strength=0.2419, weights=0.1780/0.6926/0.1294, sum=1.0000, entropy=0.7434, delta_std=0.0840; AHPF strength=0.0751, weights=0.4019/0.4492/0.1489, sum=1.0000, entropy=0.9123, residual_std=0.0994, scaled_std=0.0075
up3: ca=0.9579+/-0.1913, sa=1.0050+/-0.0054, amp=0.0000, suppress=0.0000, guide_abs=0.2553
up3 residuals: local_mean=1.024e-02, global_mean=0.0329, local_strength=0.1122, global_strength=0.1162, gain=[0.9791,1.0511], saturation=0.0625, text_film=0.0266
up3 haar: reconstruction_error=9.537e-07, skip_low/high=0.7668/0.2332, plam_low/high=1.0000/0.0000
up3 strengths: plam=0.9301, region=0.1122, detail=0.1162; residual_std region/detail/refine=0.4972/0.5037/0.4010
up3 guide_mix: entropy=0.9798, raw_low=0.3150, plam_low=0.2246, decoder_low=0.2928, detail=0.1676; agreement plam/decoder=0.7508/-0.0333, support=0.7026+/-0.1329
up3 adaptive_frequency: ALPF strength=0.2455, weights=0.1514/0.5933/0.2554, sum=1.0000, entropy=0.7701, delta_std=0.0690; AHPF strength=0.1026, weights=0.4777/0.2642/0.2581, sum=1.0000, entropy=0.8184, residual_std=0.1339, scaled_std=0.0137
up2: ca=0.8326+/-0.2246, sa=1.0035+/-0.0037, amp=0.0000, suppress=0.0000, guide_abs=0.3912
up2 residuals: local_mean=1.426e-03, global_mean=0.0305, local_strength=0.1189, global_strength=0.1109, gain=[0.9703,1.0438], saturation=0.0003, text_film=0.0539
up2 haar: reconstruction_error=9.537e-07, skip_low/high=0.8147/0.1853, plam_low/high=1.0000/0.0000
up2 strengths: plam=0.8728, region=0.1189, detail=0.1109; residual_std region/detail/refine=0.2212/0.2930/0.1565
up2 guide_mix: entropy=0.9499, raw_low=0.2942, plam_low=0.2081, decoder_low=0.3704, detail=0.1273; agreement plam/decoder=0.6817/0.0741, support=0.7111+/-0.0750
up1: ca=0.8150+/-0.1624, sa=1.0013+/-0.0125, amp=0.0000, suppress=0.0000, guide_abs=0.2832
up1 residuals: local_mean=-2.722e-03, global_mean=0.0167, local_strength=0.1218, global_strength=0.0978, gain=[0.9052,1.0937], saturation=0.0003, text_film=0.0406
up1 haar: reconstruction_error=1.907e-06, skip_low/high=0.7611/0.2389, plam_low/high=1.0000/0.0000
up1 strengths: plam=0.9223, region=0.1218, detail=0.0978; residual_std region/detail/refine=0.2831/0.3757/0.1444
up1 guide_mix: entropy=0.9256, raw_low=0.3556, plam_low=0.1658, decoder_low=0.3628, detail=0.1159; agreement plam/decoder=0.5735/0.2230, support=0.5770+/-0.0681

========= Epoch [33/80] =========
C4_Test_session_09.09_15h44
Training with batch size : 16
   [Train] Epoch: [33][20/357]  Loss:0.102 (Avg 0.1094) IoU:0.692 (Avg 0.6994) Dice:0.8040 (Avg 0.8060) LR 2.81e-04   (AvgTime 0.6)   
   [Train] Epoch: [33][40/357]  Loss:0.134 (Avg 0.1092) IoU:0.646 (Avg 0.6952) Dice:0.7578 (Avg 0.8019) LR 2.81e-04   (AvgTime 0.5)   
   [Train] Epoch: [33][60/357]  Loss:0.079 (Avg 0.1080) IoU:0.763 (Avg 0.6965) Dice:0.8585 (Avg 0.8040) LR 2.81e-04   (AvgTime 0.5)   
   [Train] Epoch: [33][80/357]  Loss:0.110 (Avg 0.1100) IoU:0.698 (Avg 0.6935) Dice:0.7996 (Avg 0.8012) LR 2.81e-04   (AvgTime 0.5)   
   [Train] Epoch: [33][100/357]  Loss:0.107 (Avg 0.1108) IoU:0.748 (Avg 0.6930) Dice:0.8440 (Avg 0.7999) LR 2.81e-04   (AvgTime 0.5)   
   [Train] Epoch: [33][120/357]  Loss:0.083 (Avg 0.1127) IoU:0.748 (Avg 0.6883) Dice:0.8450 (Avg 0.7962) LR 2.81e-04   (AvgTime 0.5)   
   [Train] Epoch: [33][140/357]  Loss:0.084 (Avg 0.1117) IoU:0.739 (Avg 0.6916) Dice:0.8414 (Avg 0.7982) LR 2.81e-04   (AvgTime 0.5)   
   [Train] Epoch: [33][160/357]  Loss:0.122 (Avg 0.1120) IoU:0.663 (Avg 0.6911) Dice:0.7702 (Avg 0.7978) LR 2.81e-04   (AvgTime 0.5)   
   [Train] Epoch: [33][180/357]  Loss:0.102 (Avg 0.1129) IoU:0.690 (Avg 0.6899) Dice:0.8052 (Avg 0.7967) LR 2.81e-04   (AvgTime 0.5)   
   [Train] Epoch: [33][200/357]  Loss:0.131 (Avg 0.1140) IoU:0.646 (Avg 0.6881) Dice:0.7560 (Avg 0.7951) LR 2.81e-04   (AvgTime 0.5)   
   [Train] Epoch: [33][220/357]  Loss:0.142 (Avg 0.1155) IoU:0.630 (Avg 0.6846) Dice:0.7448 (Avg 0.7919) LR 2.81e-04   (AvgTime 0.5)   
   [Train] Epoch: [33][240/357]  Loss:0.136 (Avg 0.1157) IoU:0.629 (Avg 0.6836) Dice:0.7484 (Avg 0.7914) LR 2.81e-04   (AvgTime 0.5)   
   [Train] Epoch: [33][260/357]  Loss:0.121 (Avg 0.1150) IoU:0.662 (Avg 0.6847) Dice:0.7727 (Avg 0.7924) LR 2.81e-04   (AvgTime 0.5)   
   [Train] Epoch: [33][280/357]  Loss:0.135 (Avg 0.1151) IoU:0.616 (Avg 0.6844) Dice:0.7331 (Avg 0.7922) LR 2.81e-04   (AvgTime 0.5)   
   [Train] Epoch: [33][300/357]  Loss:0.101 (Avg 0.1150) IoU:0.711 (Avg 0.6843) Dice:0.8156 (Avg 0.7921) LR 2.81e-04   (AvgTime 0.5)   
   [Train] Epoch: [33][320/357]  Loss:0.124 (Avg 0.1145) IoU:0.660 (Avg 0.6852) Dice:0.7730 (Avg 0.7929) LR 2.81e-04   (AvgTime 0.5)   
   [Train] Epoch: [33][340/357]  Loss:0.098 (Avg 0.1148) IoU:0.698 (Avg 0.6847) Dice:0.8081 (Avg 0.7924) LR 2.81e-04   (AvgTime 0.5)   
   [Train] Epoch: [33][357/357]  Loss:0.143 (Avg 0.1150) IoU:0.636 (Avg 0.6843) Dice:0.7458 (Avg 0.7921) LR 2.81e-04   (AvgTime 0.5)   
   [Train] Loss components: dice=0.181499, focal=0.048555, total=0.115027
Validation
   [Val] Epoch: [33][20/90]  Loss:0.155 (Avg 0.1188) IoU:0.634 (Avg 0.6995) Dice:0.7620 (Avg 0.8068) (AvgTime 0.2)   
   [Val] Epoch: [33][40/90]  Loss:0.105 (Avg 0.1229) IoU:0.713 (Avg 0.6872) Dice:0.8218 (Avg 0.7946) (AvgTime 0.2)   
   [Val] Epoch: [33][60/90]  Loss:0.155 (Avg 0.1164) IoU:0.625 (Avg 0.6979) Dice:0.7381 (Avg 0.8020) (AvgTime 0.2)   
   [Val] Epoch: [33][80/90]  Loss:0.102 (Avg 0.1149) IoU:0.712 (Avg 0.6975) Dice:0.8166 (Avg 0.8018) (AvgTime 0.2)   
   [Val] Epoch: [33][90/90]  Loss:0.134 (Avg 0.1150) IoU:0.615 (Avg 0.6967) Dice:0.7460 (Avg 0.8012) (AvgTime 0.2)   
   [Val] Loss components: dice=0.171751, focal=0.058204, total=0.114977
	 No iou improvement; selected epoch 29
	 early_stopping_count: 4/80
--- Epoch History (1..33) ---
Epoch |  TrainLoss |  TrainDice |  TrainIoU |    ValLoss |    ValDice |    ValIoU |         LR | Best
    1 |     0.2379 |     0.6073 |    0.4776 |     0.1928 |     0.6881 |    0.5656 |   3.00e-04 |     
    2 |     0.1735 |     0.6993 |    0.5754 |     0.1794 |     0.6884 |    0.5646 |   2.95e-04 |     
    3 |     0.1551 |     0.7275 |    0.6080 |     0.1434 |     0.7519 |    0.6362 |   2.81e-04 |     
    4 |     0.1433 |     0.7455 |    0.6288 |     0.1249 |     0.7776 |    0.6670 |   2.59e-04 |     
    5 |     0.1385 |     0.7532 |    0.6372 |     0.1294 |     0.7623 |    0.6477 |   2.31e-04 |     
    6 |     0.1322 |     0.7635 |    0.6498 |     0.1199 |     0.7896 |    0.6818 |   2.00e-04 |     
    7 |     0.1269 |     0.7728 |    0.6612 |     0.1228 |     0.7847 |    0.6751 |   1.69e-04 |     
    8 |     0.1217 |     0.7793 |    0.6692 |     0.1136 |     0.7979 |    0.6923 |   1.41e-04 |     
    9 |     0.1195 |     0.7835 |    0.6745 |     0.1192 |     0.7913 |    0.6831 |   1.19e-04 |     
   10 |     0.1163 |     0.7892 |    0.6813 |     0.1168 |     0.7850 |    0.6775 |   1.05e-04 |     
   11 |     0.1403 |     0.7517 |    0.6355 |     0.1291 |     0.7743 |    0.6602 |   3.00e-04 |     
   12 |     0.1316 |     0.7641 |    0.6512 |     0.1328 |     0.7636 |    0.6512 |   2.95e-04 |     
   13 |     0.1263 |     0.7730 |    0.6610 |     0.1408 |     0.7642 |    0.6509 |   2.81e-04 |     
   14 |     0.1252 |     0.7749 |    0.6635 |     0.1187 |     0.7935 |    0.6862 |   2.59e-04 |     
   15 |     0.1216 |     0.7807 |    0.6707 |     0.1123 |     0.7925 |    0.6844 |   2.31e-04 |     
   16 |     0.1180 |     0.7858 |    0.6774 |     0.1121 |     0.7992 |    0.6935 |   2.00e-04 |     
   17 |     0.1145 |     0.7921 |    0.6845 |     0.1114 |     0.7926 |    0.6854 |   1.69e-04 |     
   18 |     0.1124 |     0.7968 |    0.6900 |     0.1102 |     0.7951 |    0.6874 |   1.41e-04 |     
   19 |     0.1090 |     0.8008 |    0.6956 |     0.1142 |     0.7864 |    0.6784 |   1.19e-04 |     
   20 |     0.1076 |     0.8033 |    0.6987 |     0.1081 |     0.8027 |    0.6994 |   1.05e-04 |     
   21 |     0.1296 |     0.7684 |    0.6551 |     0.1237 |     0.7932 |    0.6871 |   3.00e-04 |     
   22 |     0.1231 |     0.7788 |    0.6680 |     0.1142 |     0.7894 |    0.6830 |   2.95e-04 |     
   23 |     0.1186 |     0.7855 |    0.6772 |     0.1121 |     0.7973 |    0.6918 |   2.81e-04 |     
   24 |     0.1175 |     0.7876 |    0.6793 |     0.1139 |     0.7888 |    0.6777 |   2.59e-04 |     
   25 |     0.1131 |     0.7947 |    0.6877 |     0.1212 |     0.7900 |    0.6812 |   2.31e-04 |     
   26 |     0.1134 |     0.7939 |    0.6870 |     0.1299 |     0.7857 |    0.6759 |   2.00e-04 |     
   27 |     0.1086 |     0.8025 |    0.6975 |     0.1125 |     0.8038 |    0.7003 |   1.69e-04 |     
   28 |     0.1069 |     0.8047 |    0.7000 |     0.1081 |     0.8043 |    0.7013 |   1.41e-04 |     
   29 |     0.1049 |     0.8077 |    0.7042 |     0.1050 |     0.8113 |    0.7096 |   1.19e-04 |    *
   30 |     0.1030 |     0.8122 |    0.7095 |     0.1044 |     0.8053 |    0.7023 |   1.05e-04 |     
   31 |     0.1188 |     0.7865 |    0.6768 |     0.1150 |     0.7858 |    0.6746 |   3.00e-04 |     
   32 |     0.1153 |     0.7911 |    0.6832 |     0.1292 |     0.7794 |    0.6715 |   2.95e-04 |     
   33 |     0.1150 |     0.7921 |    0.6843 |     0.1150 |     0.8012 |    0.6967 |   2.81e-04 |     
--- RACE-PE 80e validation screen: control validation statistics ---
up4: ca=0.8649+/-0.1459, sa=1.0051+/-0.0094, amp=0.0000, suppress=0.0000, guide_abs=0.2157
up4 residuals: local_mean=4.908e-02, global_mean=-0.0013, local_strength=0.1099, global_strength=0.1046, gain=[0.9782,1.0693], saturation=0.0245, text_film=0.0196
up4 haar: reconstruction_error=9.537e-07, skip_low/high=0.8069/0.1931, plam_low/high=1.0000/0.0000
up4 strengths: plam=0.9396, region=0.1099, detail=0.1046; residual_std region/detail/refine=0.3536/0.4528/0.3671
up4 guide_mix: entropy=0.9769, raw_low=0.3082, plam_low=0.2389, decoder_low=0.2982, detail=0.1547; agreement plam/decoder=0.4409/0.4137, support=0.7020+/-0.1236
up4 adaptive_frequency: ALPF strength=0.2431, weights=0.1651/0.6970/0.1380, sum=1.0000, entropy=0.7468, delta_std=0.1061; AHPF strength=0.0749, weights=0.3399/0.4893/0.1709, sum=1.0000, entropy=0.9244, residual_std=0.1128, scaled_std=0.0085
up3: ca=0.9507+/-0.1765, sa=1.0063+/-0.0049, amp=0.0000, suppress=0.0000, guide_abs=0.2449
up3 residuals: local_mean=1.169e-02, global_mean=0.0425, local_strength=0.1123, global_strength=0.1165, gain=[0.9787,1.0452], saturation=0.0490, text_film=0.0257
up3 haar: reconstruction_error=9.537e-07, skip_low/high=0.7731/0.2269, plam_low/high=1.0000/0.0000
up3 strengths: plam=0.9281, region=0.1123, detail=0.1165; residual_std region/detail/refine=0.4469/0.5020/0.4047
up3 guide_mix: entropy=0.9783, raw_low=0.3020, plam_low=0.2343, decoder_low=0.3044, detail=0.1593; agreement plam/decoder=0.5826/0.0629, support=0.7028+/-0.1349
up3 adaptive_frequency: ALPF strength=0.2473, weights=0.1148/0.5335/0.3517, sum=1.0000, entropy=0.7774, delta_std=0.0845; AHPF strength=0.1035, weights=0.5954/0.2194/0.1852, sum=1.0000, entropy=0.7780, residual_std=0.1028, scaled_std=0.0106
up2: ca=0.8426+/-0.2302, sa=1.0038+/-0.0037, amp=0.0000, suppress=0.0000, guide_abs=0.4201
up2 residuals: local_mean=1.001e-03, global_mean=0.0330, local_strength=0.1193, global_strength=0.1110, gain=[0.9660,1.0443], saturation=0.0056, text_film=0.0584
up2 haar: reconstruction_error=9.537e-07, skip_low/high=0.8148/0.1852, plam_low/high=1.0000/0.0000
up2 strengths: plam=0.8658, region=0.1193, detail=0.1110; residual_std region/detail/refine=0.2188/0.3101/0.1464
up2 guide_mix: entropy=0.9614, raw_low=0.3091, plam_low=0.2172, decoder_low=0.3374, detail=0.1363; agreement plam/decoder=0.5651/0.1928, support=0.7273+/-0.0700
up1: ca=0.8089+/-0.1600, sa=1.0017+/-0.0123, amp=0.0000, suppress=0.0000, guide_abs=0.2074
up1 residuals: local_mean=-2.494e-03, global_mean=0.0204, local_strength=0.1221, global_strength=0.0969, gain=[0.9070,1.0930], saturation=0.0000, text_film=0.0331
up1 haar: reconstruction_error=1.907e-06, skip_low/high=0.7492/0.2508, plam_low/high=1.0000/0.0000
up1 strengths: plam=0.9206, region=0.1221, detail=0.0969; residual_std region/detail/refine=0.2395/0.3692/0.1481
up1 guide_mix: entropy=0.9485, raw_low=0.3193, plam_low=0.2268, decoder_low=0.3404, detail=0.1135; agreement plam/decoder=0.4536/-0.1925, support=0.5826+/-0.0642

========= Epoch [34/80] =========
C4_Test_session_09.09_15h44
Training with batch size : 16
   [Train] Epoch: [34][20/357]  Loss:0.145 (Avg 0.1149) IoU:0.625 (Avg 0.6805) Dice:0.7292 (Avg 0.7892) LR 2.59e-04   (AvgTime 0.6)   
   [Train] Epoch: [34][40/357]  Loss:0.098 (Avg 0.1104) IoU:0.718 (Avg 0.6922) Dice:0.8153 (Avg 0.7979) LR 2.59e-04   (AvgTime 0.6)   
   [Train] Epoch: [34][60/357]  Loss:0.099 (Avg 0.1106) IoU:0.750 (Avg 0.6940) Dice:0.8515 (Avg 0.7993) LR 2.59e-04   (AvgTime 0.5)   
   [Train] Epoch: [34][80/357]  Loss:0.112 (Avg 0.1102) IoU:0.675 (Avg 0.6939) Dice:0.7864 (Avg 0.7995) LR 2.59e-04   (AvgTime 0.5)   
   [Train] Epoch: [34][100/357]  Loss:0.114 (Avg 0.1087) IoU:0.703 (Avg 0.6964) Dice:0.8017 (Avg 0.8018) LR 2.59e-04   (AvgTime 0.5)   
   [Train] Epoch: [34][120/357]  Loss:0.124 (Avg 0.1104) IoU:0.671 (Avg 0.6945) Dice:0.7840 (Avg 0.7999) LR 2.59e-04   (AvgTime 0.5)   
   [Train] Epoch: [34][140/357]  Loss:0.109 (Avg 0.1112) IoU:0.711 (Avg 0.6932) Dice:0.8169 (Avg 0.7987) LR 2.59e-04   (AvgTime 0.5)   
   [Train] Epoch: [34][160/357]  Loss:0.116 (Avg 0.1105) IoU:0.704 (Avg 0.6943) Dice:0.8127 (Avg 0.7998) LR 2.59e-04   (AvgTime 0.5)   
   [Train] Epoch: [34][180/357]  Loss:0.113 (Avg 0.1113) IoU:0.690 (Avg 0.6923) Dice:0.7999 (Avg 0.7983) LR 2.59e-04   (AvgTime 0.5)   
   [Train] Epoch: [34][200/357]  Loss:0.062 (Avg 0.1112) IoU:0.825 (Avg 0.6926) Dice:0.8996 (Avg 0.7986) LR 2.59e-04   (AvgTime 0.5)   
   [Train] Epoch: [34][220/357]  Loss:0.115 (Avg 0.1114) IoU:0.659 (Avg 0.6916) Dice:0.7749 (Avg 0.7977) LR 2.59e-04   (AvgTime 0.5)   
   [Train] Epoch: [34][240/357]  Loss:0.101 (Avg 0.1110) IoU:0.700 (Avg 0.6924) Dice:0.8099 (Avg 0.7985) LR 2.59e-04   (AvgTime 0.5)   
   [Train] Epoch: [34][260/357]  Loss:0.115 (Avg 0.1115) IoU:0.701 (Avg 0.6916) Dice:0.8081 (Avg 0.7978) LR 2.59e-04   (AvgTime 0.5)   
   [Train] Epoch: [34][280/357]  Loss:0.118 (Avg 0.1118) IoU:0.661 (Avg 0.6907) Dice:0.7854 (Avg 0.7972) LR 2.59e-04   (AvgTime 0.5)   
   [Train] Epoch: [34][300/357]  Loss:0.115 (Avg 0.1120) IoU:0.665 (Avg 0.6907) Dice:0.7878 (Avg 0.7972) LR 2.59e-04   (AvgTime 0.5)   
   [Train] Epoch: [34][320/357]  Loss:0.080 (Avg 0.1119) IoU:0.748 (Avg 0.6908) Dice:0.8501 (Avg 0.7973) LR 2.59e-04   (AvgTime 0.5)   
   [Train] Epoch: [34][340/357]  Loss:0.106 (Avg 0.1116) IoU:0.698 (Avg 0.6919) Dice:0.8000 (Avg 0.7980) LR 2.59e-04   (AvgTime 0.5)   
   [Train] Epoch: [34][357/357]  Loss:0.098 (Avg 0.1112) IoU:0.717 (Avg 0.6925) Dice:0.8155 (Avg 0.7986) LR 2.59e-04   (AvgTime 0.5)   
   [Train] Loss components: dice=0.175567, focal=0.046778, total=0.111173
Validation
   [Val] Epoch: [34][20/90]  Loss:0.136 (Avg 0.1129) IoU:0.657 (Avg 0.7128) Dice:0.7791 (Avg 0.8171) (AvgTime 0.2)   
   [Val] Epoch: [34][40/90]  Loss:0.101 (Avg 0.1178) IoU:0.722 (Avg 0.6966) Dice:0.8241 (Avg 0.8017) (AvgTime 0.2)   
   [Val] Epoch: [34][60/90]  Loss:0.142 (Avg 0.1117) IoU:0.633 (Avg 0.7053) Dice:0.7461 (Avg 0.8071) (AvgTime 0.2)   
   [Val] Epoch: [34][80/90]  Loss:0.100 (Avg 0.1106) IoU:0.719 (Avg 0.7055) Dice:0.8189 (Avg 0.8076) (AvgTime 0.2)   
   [Val] Epoch: [34][90/90]  Loss:0.144 (Avg 0.1107) IoU:0.610 (Avg 0.7053) Dice:0.7370 (Avg 0.8075) (AvgTime 0.2)   
   [Val] Loss components: dice=0.169510, focal=0.051859, total=0.110684
	 No iou improvement; selected epoch 29
	 early_stopping_count: 5/80
--- Epoch History (1..34) ---
Epoch |  TrainLoss |  TrainDice |  TrainIoU |    ValLoss |    ValDice |    ValIoU |         LR | Best
    1 |     0.2379 |     0.6073 |    0.4776 |     0.1928 |     0.6881 |    0.5656 |   3.00e-04 |     
    2 |     0.1735 |     0.6993 |    0.5754 |     0.1794 |     0.6884 |    0.5646 |   2.95e-04 |     
    3 |     0.1551 |     0.7275 |    0.6080 |     0.1434 |     0.7519 |    0.6362 |   2.81e-04 |     
    4 |     0.1433 |     0.7455 |    0.6288 |     0.1249 |     0.7776 |    0.6670 |   2.59e-04 |     
    5 |     0.1385 |     0.7532 |    0.6372 |     0.1294 |     0.7623 |    0.6477 |   2.31e-04 |     
    6 |     0.1322 |     0.7635 |    0.6498 |     0.1199 |     0.7896 |    0.6818 |   2.00e-04 |     
    7 |     0.1269 |     0.7728 |    0.6612 |     0.1228 |     0.7847 |    0.6751 |   1.69e-04 |     
    8 |     0.1217 |     0.7793 |    0.6692 |     0.1136 |     0.7979 |    0.6923 |   1.41e-04 |     
    9 |     0.1195 |     0.7835 |    0.6745 |     0.1192 |     0.7913 |    0.6831 |   1.19e-04 |     
   10 |     0.1163 |     0.7892 |    0.6813 |     0.1168 |     0.7850 |    0.6775 |   1.05e-04 |     
   11 |     0.1403 |     0.7517 |    0.6355 |     0.1291 |     0.7743 |    0.6602 |   3.00e-04 |     
   12 |     0.1316 |     0.7641 |    0.6512 |     0.1328 |     0.7636 |    0.6512 |   2.95e-04 |     
   13 |     0.1263 |     0.7730 |    0.6610 |     0.1408 |     0.7642 |    0.6509 |   2.81e-04 |     
   14 |     0.1252 |     0.7749 |    0.6635 |     0.1187 |     0.7935 |    0.6862 |   2.59e-04 |     
   15 |     0.1216 |     0.7807 |    0.6707 |     0.1123 |     0.7925 |    0.6844 |   2.31e-04 |     
   16 |     0.1180 |     0.7858 |    0.6774 |     0.1121 |     0.7992 |    0.6935 |   2.00e-04 |     
   17 |     0.1145 |     0.7921 |    0.6845 |     0.1114 |     0.7926 |    0.6854 |   1.69e-04 |     
   18 |     0.1124 |     0.7968 |    0.6900 |     0.1102 |     0.7951 |    0.6874 |   1.41e-04 |     
   19 |     0.1090 |     0.8008 |    0.6956 |     0.1142 |     0.7864 |    0.6784 |   1.19e-04 |     
   20 |     0.1076 |     0.8033 |    0.6987 |     0.1081 |     0.8027 |    0.6994 |   1.05e-04 |     
   21 |     0.1296 |     0.7684 |    0.6551 |     0.1237 |     0.7932 |    0.6871 |   3.00e-04 |     
   22 |     0.1231 |     0.7788 |    0.6680 |     0.1142 |     0.7894 |    0.6830 |   2.95e-04 |     
   23 |     0.1186 |     0.7855 |    0.6772 |     0.1121 |     0.7973 |    0.6918 |   2.81e-04 |     
   24 |     0.1175 |     0.7876 |    0.6793 |     0.1139 |     0.7888 |    0.6777 |   2.59e-04 |     
   25 |     0.1131 |     0.7947 |    0.6877 |     0.1212 |     0.7900 |    0.6812 |   2.31e-04 |     
   26 |     0.1134 |     0.7939 |    0.6870 |     0.1299 |     0.7857 |    0.6759 |   2.00e-04 |     
   27 |     0.1086 |     0.8025 |    0.6975 |     0.1125 |     0.8038 |    0.7003 |   1.69e-04 |     
   28 |     0.1069 |     0.8047 |    0.7000 |     0.1081 |     0.8043 |    0.7013 |   1.41e-04 |     
   29 |     0.1049 |     0.8077 |    0.7042 |     0.1050 |     0.8113 |    0.7096 |   1.19e-04 |    *
   30 |     0.1030 |     0.8122 |    0.7095 |     0.1044 |     0.8053 |    0.7023 |   1.05e-04 |     
   31 |     0.1188 |     0.7865 |    0.6768 |     0.1150 |     0.7858 |    0.6746 |   3.00e-04 |     
   32 |     0.1153 |     0.7911 |    0.6832 |     0.1292 |     0.7794 |    0.6715 |   2.95e-04 |     
   33 |     0.1150 |     0.7921 |    0.6843 |     0.1150 |     0.8012 |    0.6967 |   2.81e-04 |     
   34 |     0.1112 |     0.7986 |    0.6925 |     0.1107 |     0.8075 |    0.7053 |   2.59e-04 |     
--- RACE-PE 80e validation screen: control validation statistics ---
up4: ca=0.8642+/-0.1306, sa=1.0049+/-0.0100, amp=0.0000, suppress=0.0000, guide_abs=0.2257
up4 residuals: local_mean=5.471e-02, global_mean=-0.0103, local_strength=0.1102, global_strength=0.1052, gain=[0.9746,1.0652], saturation=0.0327, text_film=0.0190
up4 haar: reconstruction_error=9.537e-07, skip_low/high=0.8141/0.1859, plam_low/high=1.0000/0.0000
up4 strengths: plam=0.9380, region=0.1102, detail=0.1052; residual_std region/detail/refine=0.3683/0.4584/0.3567
up4 guide_mix: entropy=0.9689, raw_low=0.3630, plam_low=0.2048, decoder_low=0.2658, detail=0.1664; agreement plam/decoder=0.3048/0.3835, support=0.7215+/-0.1186
up4 adaptive_frequency: ALPF strength=0.2441, weights=0.1666/0.6962/0.1372, sum=1.0000, entropy=0.7473, delta_std=0.0989; AHPF strength=0.0747, weights=0.3388/0.4911/0.1701, sum=1.0000, entropy=0.9230, residual_std=0.1245, scaled_std=0.0093
up3: ca=0.9724+/-0.1687, sa=1.0069+/-0.0053, amp=0.0000, suppress=0.0000, guide_abs=0.2556
up3 residuals: local_mean=1.530e-02, global_mean=0.0444, local_strength=0.1125, global_strength=0.1167, gain=[0.9831,1.0385], saturation=0.0620, text_film=0.0273
up3 haar: reconstruction_error=9.537e-07, skip_low/high=0.7922/0.2078, plam_low/high=1.0000/0.0000
up3 strengths: plam=0.9254, region=0.1125, detail=0.1167; residual_std region/detail/refine=0.4636/0.5152/0.4040
up3 guide_mix: entropy=0.9756, raw_low=0.3443, plam_low=0.2254, decoder_low=0.2648, detail=0.1655; agreement plam/decoder=0.5920/0.0947, support=0.7171+/-0.1337
up3 adaptive_frequency: ALPF strength=0.2488, weights=0.1398/0.5556/0.3046, sum=1.0000, entropy=0.7804, delta_std=0.0745; AHPF strength=0.1044, weights=0.5197/0.2534/0.2268, sum=1.0000, entropy=0.8256, residual_std=0.1223, scaled_std=0.0128
up2: ca=0.8481+/-0.1777, sa=1.0049+/-0.0035, amp=0.0000, suppress=0.0000, guide_abs=0.4175
up2 residuals: local_mean=5.420e-03, global_mean=0.0385, local_strength=0.1199, global_strength=0.1112, gain=[0.9701,1.0474], saturation=0.0008, text_film=0.0592
up2 haar: reconstruction_error=1.192e-06, skip_low/high=0.8174/0.1826, plam_low/high=1.0000/0.0000
up2 strengths: plam=0.8610, region=0.1199, detail=0.1112; residual_std region/detail/refine=0.2342/0.3075/0.1513
up2 guide_mix: entropy=0.9605, raw_low=0.3105, plam_low=0.2167, decoder_low=0.3377, detail=0.1351; agreement plam/decoder=0.5720/0.3258, support=0.7048+/-0.0668
up1: ca=0.8387+/-0.1364, sa=1.0018+/-0.0125, amp=0.0000, suppress=0.0000, guide_abs=0.2136
up1 residuals: local_mean=-2.842e-03, global_mean=0.0227, local_strength=0.1224, global_strength=0.0967, gain=[0.9071,1.0931], saturation=0.0000, text_film=0.0322
up1 haar: reconstruction_error=1.907e-06, skip_low/high=0.7366/0.2634, plam_low/high=1.0000/0.0000
up1 strengths: plam=0.9188, region=0.1224, detail=0.0967; residual_std region/detail/refine=0.2426/0.3744/0.1525
up1 guide_mix: entropy=0.9378, raw_low=0.2774, plam_low=0.2410, decoder_low=0.3789, detail=0.1026; agreement plam/decoder=0.1775/-0.1677, support=0.5862+/-0.0663

========= Epoch [35/80] =========
C4_Test_session_09.09_15h44
Training with batch size : 16
   [Train] Epoch: [35][20/357]  Loss:0.117 (Avg 0.1115) IoU:0.654 (Avg 0.6900) Dice:0.7768 (Avg 0.7954) LR 2.31e-04   (AvgTime 0.6)   
   [Train] Epoch: [35][40/357]  Loss:0.102 (Avg 0.1113) IoU:0.704 (Avg 0.6893) Dice:0.8067 (Avg 0.7957) LR 2.31e-04   (AvgTime 0.5)   
   [Train] Epoch: [35][60/357]  Loss:0.110 (Avg 0.1103) IoU:0.681 (Avg 0.6923) Dice:0.8002 (Avg 0.7981) LR 2.31e-04   (AvgTime 0.5)   
   [Train] Epoch: [35][80/357]  Loss:0.098 (Avg 0.1112) IoU:0.730 (Avg 0.6895) Dice:0.8245 (Avg 0.7962) LR 2.31e-04   (AvgTime 0.5)   
   [Train] Epoch: [35][100/357]  Loss:0.084 (Avg 0.1108) IoU:0.761 (Avg 0.6904) Dice:0.8516 (Avg 0.7970) LR 2.31e-04   (AvgTime 0.5)   
   [Train] Epoch: [35][120/357]  Loss:0.111 (Avg 0.1116) IoU:0.686 (Avg 0.6888) Dice:0.7962 (Avg 0.7961) LR 2.31e-04   (AvgTime 0.5)   
   [Train] Epoch: [35][140/357]  Loss:0.098 (Avg 0.1121) IoU:0.728 (Avg 0.6888) Dice:0.8311 (Avg 0.7956) LR 2.31e-04   (AvgTime 0.5)   
   [Train] Epoch: [35][160/357]  Loss:0.131 (Avg 0.1101) IoU:0.629 (Avg 0.6934) Dice:0.7512 (Avg 0.7994) LR 2.31e-04   (AvgTime 0.5)   
   [Train] Epoch: [35][180/357]  Loss:0.089 (Avg 0.1102) IoU:0.748 (Avg 0.6931) Dice:0.8451 (Avg 0.7992) LR 2.31e-04   (AvgTime 0.5)   
   [Train] Epoch: [35][200/357]  Loss:0.101 (Avg 0.1098) IoU:0.720 (Avg 0.6938) Dice:0.8286 (Avg 0.7999) LR 2.31e-04   (AvgTime 0.5)   
   [Train] Epoch: [35][220/357]  Loss:0.128 (Avg 0.1098) IoU:0.642 (Avg 0.6944) Dice:0.7573 (Avg 0.8002) LR 2.31e-04   (AvgTime 0.5)   
   [Train] Epoch: [35][240/357]  Loss:0.135 (Avg 0.1096) IoU:0.637 (Avg 0.6945) Dice:0.7524 (Avg 0.8003) LR 2.31e-04   (AvgTime 0.5)   
   [Train] Epoch: [35][260/357]  Loss:0.112 (Avg 0.1105) IoU:0.757 (Avg 0.6932) Dice:0.8534 (Avg 0.7991) LR 2.31e-04   (AvgTime 0.5)   
   [Train] Epoch: [35][280/357]  Loss:0.087 (Avg 0.1104) IoU:0.746 (Avg 0.6933) Dice:0.8436 (Avg 0.7991) LR 2.31e-04   (AvgTime 0.5)   
   [Train] Epoch: [35][300/357]  Loss:0.112 (Avg 0.1103) IoU:0.699 (Avg 0.6934) Dice:0.8072 (Avg 0.7993) LR 2.31e-04   (AvgTime 0.5)   
   [Train] Epoch: [35][320/357]  Loss:0.096 (Avg 0.1104) IoU:0.742 (Avg 0.6930) Dice:0.8374 (Avg 0.7991) LR 2.31e-04   (AvgTime 0.5)   
   [Train] Epoch: [35][340/357]  Loss:0.092 (Avg 0.1103) IoU:0.704 (Avg 0.6936) Dice:0.8161 (Avg 0.7996) LR 2.31e-04   (AvgTime 0.5)   
   [Train] Epoch: [35][357/357]  Loss:0.104 (Avg 0.1107) IoU:0.714 (Avg 0.6931) Dice:0.8144 (Avg 0.7991) LR 2.31e-04   (AvgTime 0.5)   
   [Train] Loss components: dice=0.174861, focal=0.046627, total=0.110744
Validation
   [Val] Epoch: [35][20/90]  Loss:0.141 (Avg 0.1142) IoU:0.658 (Avg 0.6950) Dice:0.7772 (Avg 0.8036) (AvgTime 0.2)   
   [Val] Epoch: [35][40/90]  Loss:0.108 (Avg 0.1209) IoU:0.678 (Avg 0.6797) Dice:0.7933 (Avg 0.7888) (AvgTime 0.2)   
   [Val] Epoch: [35][60/90]  Loss:0.149 (Avg 0.1143) IoU:0.619 (Avg 0.6899) Dice:0.7325 (Avg 0.7958) (AvgTime 0.2)   
   [Val] Epoch: [35][80/90]  Loss:0.101 (Avg 0.1144) IoU:0.699 (Avg 0.6880) Dice:0.8087 (Avg 0.7944) (AvgTime 0.2)   
   [Val] Epoch: [35][90/90]  Loss:0.144 (Avg 0.1144) IoU:0.575 (Avg 0.6877) Dice:0.7114 (Avg 0.7942) (AvgTime 0.2)   
   [Val] Loss components: dice=0.178190, focal=0.050589, total=0.114389
	 No iou improvement; selected epoch 29
	 early_stopping_count: 6/80
--- Epoch History (1..35) ---
Epoch |  TrainLoss |  TrainDice |  TrainIoU |    ValLoss |    ValDice |    ValIoU |         LR | Best
    1 |     0.2379 |     0.6073 |    0.4776 |     0.1928 |     0.6881 |    0.5656 |   3.00e-04 |     
    2 |     0.1735 |     0.6993 |    0.5754 |     0.1794 |     0.6884 |    0.5646 |   2.95e-04 |     
    3 |     0.1551 |     0.7275 |    0.6080 |     0.1434 |     0.7519 |    0.6362 |   2.81e-04 |     
    4 |     0.1433 |     0.7455 |    0.6288 |     0.1249 |     0.7776 |    0.6670 |   2.59e-04 |     
    5 |     0.1385 |     0.7532 |    0.6372 |     0.1294 |     0.7623 |    0.6477 |   2.31e-04 |     
    6 |     0.1322 |     0.7635 |    0.6498 |     0.1199 |     0.7896 |    0.6818 |   2.00e-04 |     
    7 |     0.1269 |     0.7728 |    0.6612 |     0.1228 |     0.7847 |    0.6751 |   1.69e-04 |     
    8 |     0.1217 |     0.7793 |    0.6692 |     0.1136 |     0.7979 |    0.6923 |   1.41e-04 |     
    9 |     0.1195 |     0.7835 |    0.6745 |     0.1192 |     0.7913 |    0.6831 |   1.19e-04 |     
   10 |     0.1163 |     0.7892 |    0.6813 |     0.1168 |     0.7850 |    0.6775 |   1.05e-04 |     
   11 |     0.1403 |     0.7517 |    0.6355 |     0.1291 |     0.7743 |    0.6602 |   3.00e-04 |     
   12 |     0.1316 |     0.7641 |    0.6512 |     0.1328 |     0.7636 |    0.6512 |   2.95e-04 |     
   13 |     0.1263 |     0.7730 |    0.6610 |     0.1408 |     0.7642 |    0.6509 |   2.81e-04 |     
   14 |     0.1252 |     0.7749 |    0.6635 |     0.1187 |     0.7935 |    0.6862 |   2.59e-04 |     
   15 |     0.1216 |     0.7807 |    0.6707 |     0.1123 |     0.7925 |    0.6844 |   2.31e-04 |     
   16 |     0.1180 |     0.7858 |    0.6774 |     0.1121 |     0.7992 |    0.6935 |   2.00e-04 |     
   17 |     0.1145 |     0.7921 |    0.6845 |     0.1114 |     0.7926 |    0.6854 |   1.69e-04 |     
   18 |     0.1124 |     0.7968 |    0.6900 |     0.1102 |     0.7951 |    0.6874 |   1.41e-04 |     
   19 |     0.1090 |     0.8008 |    0.6956 |     0.1142 |     0.7864 |    0.6784 |   1.19e-04 |     
   20 |     0.1076 |     0.8033 |    0.6987 |     0.1081 |     0.8027 |    0.6994 |   1.05e-04 |     
   21 |     0.1296 |     0.7684 |    0.6551 |     0.1237 |     0.7932 |    0.6871 |   3.00e-04 |     
   22 |     0.1231 |     0.7788 |    0.6680 |     0.1142 |     0.7894 |    0.6830 |   2.95e-04 |     
   23 |     0.1186 |     0.7855 |    0.6772 |     0.1121 |     0.7973 |    0.6918 |   2.81e-04 |     
   24 |     0.1175 |     0.7876 |    0.6793 |     0.1139 |     0.7888 |    0.6777 |   2.59e-04 |     
   25 |     0.1131 |     0.7947 |    0.6877 |     0.1212 |     0.7900 |    0.6812 |   2.31e-04 |     
   26 |     0.1134 |     0.7939 |    0.6870 |     0.1299 |     0.7857 |    0.6759 |   2.00e-04 |     
   27 |     0.1086 |     0.8025 |    0.6975 |     0.1125 |     0.8038 |    0.7003 |   1.69e-04 |     
   28 |     0.1069 |     0.8047 |    0.7000 |     0.1081 |     0.8043 |    0.7013 |   1.41e-04 |     
   29 |     0.1049 |     0.8077 |    0.7042 |     0.1050 |     0.8113 |    0.7096 |   1.19e-04 |    *
   30 |     0.1030 |     0.8122 |    0.7095 |     0.1044 |     0.8053 |    0.7023 |   1.05e-04 |     
   31 |     0.1188 |     0.7865 |    0.6768 |     0.1150 |     0.7858 |    0.6746 |   3.00e-04 |     
   32 |     0.1153 |     0.7911 |    0.6832 |     0.1292 |     0.7794 |    0.6715 |   2.95e-04 |     
   33 |     0.1150 |     0.7921 |    0.6843 |     0.1150 |     0.8012 |    0.6967 |   2.81e-04 |     
   34 |     0.1112 |     0.7986 |    0.6925 |     0.1107 |     0.8075 |    0.7053 |   2.59e-04 |     
   35 |     0.1107 |     0.7991 |    0.6931 |     0.1144 |     0.7942 |    0.6877 |   2.31e-04 |     
--- RACE-PE 80e validation screen: control validation statistics ---
up4: ca=0.8688+/-0.1285, sa=1.0057+/-0.0090, amp=0.0000, suppress=0.0000, guide_abs=0.2161
up4 residuals: local_mean=5.594e-02, global_mean=-0.0030, local_strength=0.1103, global_strength=0.1057, gain=[0.9770,1.0686], saturation=0.0898, text_film=0.0190
up4 haar: reconstruction_error=9.537e-07, skip_low/high=0.8028/0.1972, plam_low/high=1.0000/0.0000
up4 strengths: plam=0.9368, region=0.1103, detail=0.1057; residual_std region/detail/refine=0.3674/0.4444/0.3662
up4 guide_mix: entropy=0.9801, raw_low=0.3170, plam_low=0.2742, decoder_low=0.2480, detail=0.1609; agreement plam/decoder=0.5489/0.4522, support=0.7410+/-0.1319
up4 adaptive_frequency: ALPF strength=0.2446, weights=0.1644/0.6963/0.1393, sum=1.0000, entropy=0.7486, delta_std=0.0776; AHPF strength=0.0745, weights=0.3407/0.4877/0.1716, sum=1.0000, entropy=0.9255, residual_std=0.1051, scaled_std=0.0078
up3: ca=0.9618+/-0.1716, sa=1.0070+/-0.0057, amp=0.0000, suppress=0.0000, guide_abs=0.2517
up3 residuals: local_mean=1.611e-02, global_mean=0.0442, local_strength=0.1127, global_strength=0.1169, gain=[0.9828,1.0398], saturation=0.0538, text_film=0.0296
up3 haar: reconstruction_error=9.537e-07, skip_low/high=0.7697/0.2303, plam_low/high=1.0000/0.0000
up3 strengths: plam=0.9232, region=0.1127, detail=0.1169; residual_std region/detail/refine=0.4450/0.5060/0.4024
up3 guide_mix: entropy=0.9825, raw_low=0.3126, plam_low=0.2467, decoder_low=0.2741, detail=0.1666; agreement plam/decoder=0.5785/0.0120, support=0.7225+/-0.1309
up3 adaptive_frequency: ALPF strength=0.2505, weights=0.1179/0.5193/0.3628, sum=1.0000, entropy=0.7664, delta_std=0.0712; AHPF strength=0.1050, weights=0.5557/0.2430/0.2013, sum=1.0000, entropy=0.8176, residual_std=0.1066, scaled_std=0.0112
up2: ca=0.8723+/-0.1383, sa=1.0042+/-0.0036, amp=0.0000, suppress=0.0000, guide_abs=0.4380
up2 residuals: local_mean=2.757e-03, global_mean=0.0352, local_strength=0.1203, global_strength=0.1113, gain=[0.9701,1.0460], saturation=0.0001, text_film=0.0536
up2 haar: reconstruction_error=1.192e-06, skip_low/high=0.8214/0.1786, plam_low/high=1.0000/0.0000
up2 strengths: plam=0.8564, region=0.1203, detail=0.1113; residual_std region/detail/refine=0.2130/0.3132/0.1495
up2 guide_mix: entropy=0.9582, raw_low=0.3390, plam_low=0.1949, decoder_low=0.3233, detail=0.1428; agreement plam/decoder=0.5013/0.2950, support=0.7120+/-0.0669
up1: ca=0.8428+/-0.1439, sa=1.0020+/-0.0124, amp=0.0000, suppress=0.0000, guide_abs=0.2035
up1 residuals: local_mean=-2.694e-03, global_mean=0.0247, local_strength=0.1226, global_strength=0.0965, gain=[0.9072,1.0931], saturation=0.0000, text_film=0.0328
up1 haar: reconstruction_error=1.431e-06, skip_low/high=0.7175/0.2825, plam_low/high=1.0000/0.0000
up1 strengths: plam=0.9171, region=0.1226, detail=0.0965; residual_std region/detail/refine=0.2316/0.3731/0.1561
up1 guide_mix: entropy=0.9473, raw_low=0.2727, plam_low=0.2484, decoder_low=0.3670, detail=0.1119; agreement plam/decoder=0.3598/-0.0079, support=0.5801+/-0.0590

========= Epoch [36/80] =========
C4_Test_session_09.09_15h44
Training with batch size : 16
   [Train] Epoch: [36][20/357]  Loss:0.096 (Avg 0.1057) IoU:0.732 (Avg 0.7044) Dice:0.8225 (Avg 0.8082) LR 2.00e-04   (AvgTime 0.6)   
   [Train] Epoch: [36][40/357]  Loss:0.138 (Avg 0.1109) IoU:0.633 (Avg 0.6923) Dice:0.7593 (Avg 0.7980) LR 2.00e-04   (AvgTime 0.6)   
   [Train] Epoch: [36][60/357]  Loss:0.104 (Avg 0.1097) IoU:0.677 (Avg 0.6950) Dice:0.7903 (Avg 0.7998) LR 2.00e-04   (AvgTime 0.6)   
   [Train] Epoch: [36][80/357]  Loss:0.092 (Avg 0.1102) IoU:0.747 (Avg 0.6943) Dice:0.8482 (Avg 0.7995) LR 2.00e-04   (AvgTime 0.6)   
   [Train] Epoch: [36][100/357]  Loss:0.127 (Avg 0.1104) IoU:0.667 (Avg 0.6945) Dice:0.7811 (Avg 0.8000) LR 2.00e-04   (AvgTime 0.6)   
   [Train] Epoch: [36][120/357]  Loss:0.093 (Avg 0.1092) IoU:0.710 (Avg 0.6967) Dice:0.8173 (Avg 0.8018) LR 2.00e-04   (AvgTime 0.6)   
   [Train] Epoch: [36][140/357]  Loss:0.072 (Avg 0.1087) IoU:0.783 (Avg 0.6978) Dice:0.8716 (Avg 0.8025) LR 2.00e-04   (AvgTime 0.6)   
   [Train] Epoch: [36][160/357]  Loss:0.093 (Avg 0.1080) IoU:0.698 (Avg 0.6996) Dice:0.8063 (Avg 0.8037) LR 2.00e-04   (AvgTime 0.6)   
   [Train] Epoch: [36][180/357]  Loss:0.152 (Avg 0.1086) IoU:0.622 (Avg 0.6977) Dice:0.7505 (Avg 0.8025) LR 2.00e-04   (AvgTime 0.6)   
   [Train] Epoch: [36][200/357]  Loss:0.133 (Avg 0.1082) IoU:0.627 (Avg 0.6980) Dice:0.7465 (Avg 0.8030) LR 2.00e-04   (AvgTime 0.6)   
   [Train] Epoch: [36][220/357]  Loss:0.090 (Avg 0.1078) IoU:0.724 (Avg 0.6988) Dice:0.8220 (Avg 0.8036) LR 2.00e-04   (AvgTime 0.5)   
   [Train] Epoch: [36][240/357]  Loss:0.107 (Avg 0.1087) IoU:0.696 (Avg 0.6971) Dice:0.8082 (Avg 0.8021) LR 2.00e-04   (AvgTime 0.5)   
   [Train] Epoch: [36][260/357]  Loss:0.072 (Avg 0.1083) IoU:0.791 (Avg 0.6985) Dice:0.8780 (Avg 0.8032) LR 2.00e-04   (AvgTime 0.5)   
   [Train] Epoch: [36][280/357]  Loss:0.125 (Avg 0.1084) IoU:0.669 (Avg 0.6985) Dice:0.7638 (Avg 0.8031) LR 2.00e-04   (AvgTime 0.5)   
   [Train] Epoch: [36][300/357]  Loss:0.146 (Avg 0.1087) IoU:0.600 (Avg 0.6979) Dice:0.7143 (Avg 0.8026) LR 2.00e-04   (AvgTime 0.5)   
   [Train] Epoch: [36][320/357]  Loss:0.135 (Avg 0.1082) IoU:0.640 (Avg 0.6991) Dice:0.7460 (Avg 0.8036) LR 2.00e-04   (AvgTime 0.5)   
   [Train] Epoch: [36][340/357]  Loss:0.099 (Avg 0.1080) IoU:0.732 (Avg 0.6995) Dice:0.8264 (Avg 0.8038) LR 2.00e-04   (AvgTime 0.5)   
   [Train] Epoch: [36][357/357]  Loss:0.110 (Avg 0.1077) IoU:0.703 (Avg 0.7001) Dice:0.8090 (Avg 0.8042) LR 2.00e-04   (AvgTime 0.5)   
   [Train] Loss components: dice=0.170462, focal=0.044988, total=0.107725
Validation
   [Val] Epoch: [36][20/90]  Loss:0.141 (Avg 0.1081) IoU:0.656 (Avg 0.7147) Dice:0.7732 (Avg 0.8181) (AvgTime 0.3)   
   [Val] Epoch: [36][40/90]  Loss:0.092 (Avg 0.1128) IoU:0.736 (Avg 0.6995) Dice:0.8356 (Avg 0.8036) (AvgTime 0.2)   
   [Val] Epoch: [36][60/90]  Loss:0.134 (Avg 0.1062) IoU:0.653 (Avg 0.7093) Dice:0.7582 (Avg 0.8101) (AvgTime 0.2)   
   [Val] Epoch: [36][80/90]  Loss:0.094 (Avg 0.1052) IoU:0.726 (Avg 0.7083) Dice:0.8251 (Avg 0.8097) (AvgTime 0.2)   
   [Val] Epoch: [36][90/90]  Loss:0.120 (Avg 0.1050) IoU:0.632 (Avg 0.7081) Dice:0.7584 (Avg 0.8097) (AvgTime 0.2)   
   [Val] Loss components: dice=0.164944, focal=0.045055, total=0.104999
	 No iou improvement; selected epoch 29
	 early_stopping_count: 7/80
--- Epoch History (1..36) ---
Epoch |  TrainLoss |  TrainDice |  TrainIoU |    ValLoss |    ValDice |    ValIoU |         LR | Best
    1 |     0.2379 |     0.6073 |    0.4776 |     0.1928 |     0.6881 |    0.5656 |   3.00e-04 |     
    2 |     0.1735 |     0.6993 |    0.5754 |     0.1794 |     0.6884 |    0.5646 |   2.95e-04 |     
    3 |     0.1551 |     0.7275 |    0.6080 |     0.1434 |     0.7519 |    0.6362 |   2.81e-04 |     
    4 |     0.1433 |     0.7455 |    0.6288 |     0.1249 |     0.7776 |    0.6670 |   2.59e-04 |     
    5 |     0.1385 |     0.7532 |    0.6372 |     0.1294 |     0.7623 |    0.6477 |   2.31e-04 |     
    6 |     0.1322 |     0.7635 |    0.6498 |     0.1199 |     0.7896 |    0.6818 |   2.00e-04 |     
    7 |     0.1269 |     0.7728 |    0.6612 |     0.1228 |     0.7847 |    0.6751 |   1.69e-04 |     
    8 |     0.1217 |     0.7793 |    0.6692 |     0.1136 |     0.7979 |    0.6923 |   1.41e-04 |     
    9 |     0.1195 |     0.7835 |    0.6745 |     0.1192 |     0.7913 |    0.6831 |   1.19e-04 |     
   10 |     0.1163 |     0.7892 |    0.6813 |     0.1168 |     0.7850 |    0.6775 |   1.05e-04 |     
   11 |     0.1403 |     0.7517 |    0.6355 |     0.1291 |     0.7743 |    0.6602 |   3.00e-04 |     
   12 |     0.1316 |     0.7641 |    0.6512 |     0.1328 |     0.7636 |    0.6512 |   2.95e-04 |     
   13 |     0.1263 |     0.7730 |    0.6610 |     0.1408 |     0.7642 |    0.6509 |   2.81e-04 |     
   14 |     0.1252 |     0.7749 |    0.6635 |     0.1187 |     0.7935 |    0.6862 |   2.59e-04 |     
   15 |     0.1216 |     0.7807 |    0.6707 |     0.1123 |     0.7925 |    0.6844 |   2.31e-04 |     
   16 |     0.1180 |     0.7858 |    0.6774 |     0.1121 |     0.7992 |    0.6935 |   2.00e-04 |     
   17 |     0.1145 |     0.7921 |    0.6845 |     0.1114 |     0.7926 |    0.6854 |   1.69e-04 |     
   18 |     0.1124 |     0.7968 |    0.6900 |     0.1102 |     0.7951 |    0.6874 |   1.41e-04 |     
   19 |     0.1090 |     0.8008 |    0.6956 |     0.1142 |     0.7864 |    0.6784 |   1.19e-04 |     
   20 |     0.1076 |     0.8033 |    0.6987 |     0.1081 |     0.8027 |    0.6994 |   1.05e-04 |     
   21 |     0.1296 |     0.7684 |    0.6551 |     0.1237 |     0.7932 |    0.6871 |   3.00e-04 |     
   22 |     0.1231 |     0.7788 |    0.6680 |     0.1142 |     0.7894 |    0.6830 |   2.95e-04 |     
   23 |     0.1186 |     0.7855 |    0.6772 |     0.1121 |     0.7973 |    0.6918 |   2.81e-04 |     
   24 |     0.1175 |     0.7876 |    0.6793 |     0.1139 |     0.7888 |    0.6777 |   2.59e-04 |     
   25 |     0.1131 |     0.7947 |    0.6877 |     0.1212 |     0.7900 |    0.6812 |   2.31e-04 |     
   26 |     0.1134 |     0.7939 |    0.6870 |     0.1299 |     0.7857 |    0.6759 |   2.00e-04 |     
   27 |     0.1086 |     0.8025 |    0.6975 |     0.1125 |     0.8038 |    0.7003 |   1.69e-04 |     
   28 |     0.1069 |     0.8047 |    0.7000 |     0.1081 |     0.8043 |    0.7013 |   1.41e-04 |     
   29 |     0.1049 |     0.8077 |    0.7042 |     0.1050 |     0.8113 |    0.7096 |   1.19e-04 |    *
   30 |     0.1030 |     0.8122 |    0.7095 |     0.1044 |     0.8053 |    0.7023 |   1.05e-04 |     
   31 |     0.1188 |     0.7865 |    0.6768 |     0.1150 |     0.7858 |    0.6746 |   3.00e-04 |     
   32 |     0.1153 |     0.7911 |    0.6832 |     0.1292 |     0.7794 |    0.6715 |   2.95e-04 |     
   33 |     0.1150 |     0.7921 |    0.6843 |     0.1150 |     0.8012 |    0.6967 |   2.81e-04 |     
   34 |     0.1112 |     0.7986 |    0.6925 |     0.1107 |     0.8075 |    0.7053 |   2.59e-04 |     
   35 |     0.1107 |     0.7991 |    0.6931 |     0.1144 |     0.7942 |    0.6877 |   2.31e-04 |     
   36 |     0.1077 |     0.8042 |    0.7001 |     0.1050 |     0.8097 |    0.7081 |   2.00e-04 |     
--- RACE-PE 80e validation screen: control validation statistics ---
up4: ca=0.8816+/-0.1143, sa=1.0049+/-0.0088, amp=0.0000, suppress=0.0000, guide_abs=0.1919
up4 residuals: local_mean=5.632e-02, global_mean=-0.0117, local_strength=0.1104, global_strength=0.1059, gain=[0.9777,1.0671], saturation=0.0551, text_film=0.0196
up4 haar: reconstruction_error=5.960e-07, skip_low/high=0.8073/0.1927, plam_low/high=1.0000/0.0000
up4 strengths: plam=0.9356, region=0.1104, detail=0.1059; residual_std region/detail/refine=0.3595/0.4531/0.3722
up4 guide_mix: entropy=0.9802, raw_low=0.3185, plam_low=0.2762, decoder_low=0.2425, detail=0.1627; agreement plam/decoder=0.3229/0.4749, support=0.7187+/-0.1312
up4 adaptive_frequency: ALPF strength=0.2448, weights=0.1599/0.6987/0.1414, sum=1.0000, entropy=0.7459, delta_std=0.0823; AHPF strength=0.0743, weights=0.3524/0.4790/0.1686, sum=1.0000, entropy=0.9271, residual_std=0.1071, scaled_std=0.0080
up3: ca=0.9612+/-0.1679, sa=1.0069+/-0.0052, amp=0.0000, suppress=0.0000, guide_abs=0.2310
up3 residuals: local_mean=1.579e-02, global_mean=0.0439, local_strength=0.1127, global_strength=0.1173, gain=[0.9794,1.0385], saturation=0.0286, text_film=0.0292
up3 haar: reconstruction_error=9.537e-07, skip_low/high=0.7687/0.2313, plam_low/high=1.0000/0.0000
up3 strengths: plam=0.9219, region=0.1127, detail=0.1173; residual_std region/detail/refine=0.4233/0.4967/0.3945
up3 guide_mix: entropy=0.9825, raw_low=0.3152, plam_low=0.2469, decoder_low=0.2707, detail=0.1672; agreement plam/decoder=0.6368/0.0659, support=0.7046+/-0.1246
up3 adaptive_frequency: ALPF strength=0.2514, weights=0.1345/0.5234/0.3420, sum=1.0000, entropy=0.8091, delta_std=0.0715; AHPF strength=0.1055, weights=0.5928/0.2350/0.1722, sum=1.0000, entropy=0.7918, residual_std=0.0966, scaled_std=0.0102
up2: ca=0.8517+/-0.1688, sa=1.0040+/-0.0033, amp=0.0000, suppress=0.0000, guide_abs=0.4188
up2 residuals: local_mean=2.114e-03, global_mean=0.0338, local_strength=0.1206, global_strength=0.1115, gain=[0.9700,1.0419], saturation=0.0011, text_film=0.0549
up2 haar: reconstruction_error=9.537e-07, skip_low/high=0.8208/0.1792, plam_low/high=1.0000/0.0000
up2 strengths: plam=0.8526, region=0.1206, detail=0.1115; residual_std region/detail/refine=0.2132/0.3089/0.1572
up2 guide_mix: entropy=0.9616, raw_low=0.3215, plam_low=0.2141, decoder_low=0.3269, detail=0.1374; agreement plam/decoder=0.5384/0.3044, support=0.7210+/-0.0660
up1: ca=0.8366+/-0.1528, sa=1.0023+/-0.0124, amp=0.0000, suppress=0.0000, guide_abs=0.2320
up1 residuals: local_mean=-2.039e-03, global_mean=0.0264, local_strength=0.1229, global_strength=0.0962, gain=[0.9076,1.0927], saturation=0.0000, text_film=0.0351
up1 haar: reconstruction_error=1.907e-06, skip_low/high=0.7396/0.2604, plam_low/high=1.0000/0.0000
up1 strengths: plam=0.9159, region=0.1229, detail=0.0962; residual_std region/detail/refine=0.2300/0.3837/0.1603
up1 guide_mix: entropy=0.9460, raw_low=0.3147, plam_low=0.2142, decoder_low=0.3551, detail=0.1160; agreement plam/decoder=0.2336/0.0152, support=0.5890+/-0.0640

========= Epoch [37/80] =========
C4_Test_session_09.09_15h44
Training with batch size : 16
   [Train] Epoch: [37][20/357]  Loss:0.122 (Avg 0.0994) IoU:0.676 (Avg 0.7146) Dice:0.7821 (Avg 0.8169) LR 1.69e-04   (AvgTime 0.6)   
   [Train] Epoch: [37][40/357]  Loss:0.119 (Avg 0.0999) IoU:0.681 (Avg 0.7141) Dice:0.7881 (Avg 0.8159) LR 1.69e-04   (AvgTime 0.6)   
   [Train] Epoch: [37][60/357]  Loss:0.120 (Avg 0.1019) IoU:0.666 (Avg 0.7102) Dice:0.7699 (Avg 0.8118) LR 1.69e-04   (AvgTime 0.5)   
   [Train] Epoch: [37][80/357]  Loss:0.096 (Avg 0.1011) IoU:0.735 (Avg 0.7125) Dice:0.8251 (Avg 0.8140) LR 1.69e-04   (AvgTime 0.5)   
   [Train] Epoch: [37][100/357]  Loss:0.079 (Avg 0.1033) IoU:0.757 (Avg 0.7068) Dice:0.8532 (Avg 0.8102) LR 1.69e-04   (AvgTime 0.5)   
   [Train] Epoch: [37][120/357]  Loss:0.089 (Avg 0.1033) IoU:0.728 (Avg 0.7070) Dice:0.8314 (Avg 0.8102) LR 1.69e-04   (AvgTime 0.5)   
   [Train] Epoch: [37][140/357]  Loss:0.079 (Avg 0.1033) IoU:0.765 (Avg 0.7067) Dice:0.8591 (Avg 0.8101) LR 1.69e-04   (AvgTime 0.5)   
   [Train] Epoch: [37][160/357]  Loss:0.099 (Avg 0.1038) IoU:0.702 (Avg 0.7057) Dice:0.8129 (Avg 0.8095) LR 1.69e-04   (AvgTime 0.5)   
   [Train] Epoch: [37][180/357]  Loss:0.081 (Avg 0.1045) IoU:0.759 (Avg 0.7049) Dice:0.8573 (Avg 0.8084) LR 1.69e-04   (AvgTime 0.5)   
   [Train] Epoch: [37][200/357]  Loss:0.073 (Avg 0.1038) IoU:0.790 (Avg 0.7068) Dice:0.8798 (Avg 0.8099) LR 1.69e-04   (AvgTime 0.5)   
   [Train] Epoch: [37][220/357]  Loss:0.091 (Avg 0.1031) IoU:0.755 (Avg 0.7081) Dice:0.8411 (Avg 0.8113) LR 1.69e-04   (AvgTime 0.5)   
   [Train] Epoch: [37][240/357]  Loss:0.137 (Avg 0.1036) IoU:0.619 (Avg 0.7070) Dice:0.7468 (Avg 0.8102) LR 1.69e-04   (AvgTime 0.5)   
   [Train] Epoch: [37][260/357]  Loss:0.091 (Avg 0.1032) IoU:0.744 (Avg 0.7079) Dice:0.8318 (Avg 0.8109) LR 1.69e-04   (AvgTime 0.5)   
   [Train] Epoch: [37][280/357]  Loss:0.100 (Avg 0.1036) IoU:0.706 (Avg 0.7071) Dice:0.8184 (Avg 0.8100) LR 1.69e-04   (AvgTime 0.5)   
   [Train] Epoch: [37][300/357]  Loss:0.072 (Avg 0.1031) IoU:0.777 (Avg 0.7084) Dice:0.8662 (Avg 0.8111) LR 1.69e-04   (AvgTime 0.5)   
   [Train] Epoch: [37][320/357]  Loss:0.091 (Avg 0.1034) IoU:0.738 (Avg 0.7077) Dice:0.8445 (Avg 0.8105) LR 1.69e-04   (AvgTime 0.5)   
   [Train] Epoch: [37][340/357]  Loss:0.108 (Avg 0.1043) IoU:0.693 (Avg 0.7058) Dice:0.8127 (Avg 0.8089) LR 1.69e-04   (AvgTime 0.5)   
   [Train] Epoch: [37][357/357]  Loss:0.120 (Avg 0.1045) IoU:0.674 (Avg 0.7059) Dice:0.7821 (Avg 0.8089) LR 1.69e-04   (AvgTime 0.5)   
   [Train] Loss components: dice=0.165531, focal=0.043370, total=0.104451
Validation
   [Val] Epoch: [37][20/90]  Loss:0.142 (Avg 0.1171) IoU:0.620 (Avg 0.6803) Dice:0.7437 (Avg 0.7908) (AvgTime 0.3)   
   [Val] Epoch: [37][40/90]  Loss:0.113 (Avg 0.1247) IoU:0.652 (Avg 0.6635) Dice:0.7742 (Avg 0.7743) (AvgTime 0.2)   
   [Val] Epoch: [37][60/90]  Loss:0.145 (Avg 0.1197) IoU:0.623 (Avg 0.6697) Dice:0.7328 (Avg 0.7779) (AvgTime 0.2)   
   [Val] Epoch: [37][80/90]  Loss:0.117 (Avg 0.1194) IoU:0.646 (Avg 0.6661) Dice:0.7645 (Avg 0.7758) (AvgTime 0.2)   
   [Val] Epoch: [37][90/90]  Loss:0.137 (Avg 0.1193) IoU:0.598 (Avg 0.6666) Dice:0.7299 (Avg 0.7762) (AvgTime 0.2)   
   [Val] Loss components: dice=0.197988, focal=0.040625, total=0.119306
	 No iou improvement; selected epoch 29
	 early_stopping_count: 8/80
--- Epoch History (1..37) ---
Epoch |  TrainLoss |  TrainDice |  TrainIoU |    ValLoss |    ValDice |    ValIoU |         LR | Best
    1 |     0.2379 |     0.6073 |    0.4776 |     0.1928 |     0.6881 |    0.5656 |   3.00e-04 |     
    2 |     0.1735 |     0.6993 |    0.5754 |     0.1794 |     0.6884 |    0.5646 |   2.95e-04 |     
    3 |     0.1551 |     0.7275 |    0.6080 |     0.1434 |     0.7519 |    0.6362 |   2.81e-04 |     
    4 |     0.1433 |     0.7455 |    0.6288 |     0.1249 |     0.7776 |    0.6670 |   2.59e-04 |     
    5 |     0.1385 |     0.7532 |    0.6372 |     0.1294 |     0.7623 |    0.6477 |   2.31e-04 |     
    6 |     0.1322 |     0.7635 |    0.6498 |     0.1199 |     0.7896 |    0.6818 |   2.00e-04 |     
    7 |     0.1269 |     0.7728 |    0.6612 |     0.1228 |     0.7847 |    0.6751 |   1.69e-04 |     
    8 |     0.1217 |     0.7793 |    0.6692 |     0.1136 |     0.7979 |    0.6923 |   1.41e-04 |     
    9 |     0.1195 |     0.7835 |    0.6745 |     0.1192 |     0.7913 |    0.6831 |   1.19e-04 |     
   10 |     0.1163 |     0.7892 |    0.6813 |     0.1168 |     0.7850 |    0.6775 |   1.05e-04 |     
   11 |     0.1403 |     0.7517 |    0.6355 |     0.1291 |     0.7743 |    0.6602 |   3.00e-04 |     
   12 |     0.1316 |     0.7641 |    0.6512 |     0.1328 |     0.7636 |    0.6512 |   2.95e-04 |     
   13 |     0.1263 |     0.7730 |    0.6610 |     0.1408 |     0.7642 |    0.6509 |   2.81e-04 |     
   14 |     0.1252 |     0.7749 |    0.6635 |     0.1187 |     0.7935 |    0.6862 |   2.59e-04 |     
   15 |     0.1216 |     0.7807 |    0.6707 |     0.1123 |     0.7925 |    0.6844 |   2.31e-04 |     
   16 |     0.1180 |     0.7858 |    0.6774 |     0.1121 |     0.7992 |    0.6935 |   2.00e-04 |     
   17 |     0.1145 |     0.7921 |    0.6845 |     0.1114 |     0.7926 |    0.6854 |   1.69e-04 |     
   18 |     0.1124 |     0.7968 |    0.6900 |     0.1102 |     0.7951 |    0.6874 |   1.41e-04 |     
   19 |     0.1090 |     0.8008 |    0.6956 |     0.1142 |     0.7864 |    0.6784 |   1.19e-04 |     
   20 |     0.1076 |     0.8033 |    0.6987 |     0.1081 |     0.8027 |    0.6994 |   1.05e-04 |     
   21 |     0.1296 |     0.7684 |    0.6551 |     0.1237 |     0.7932 |    0.6871 |   3.00e-04 |     
   22 |     0.1231 |     0.7788 |    0.6680 |     0.1142 |     0.7894 |    0.6830 |   2.95e-04 |     
   23 |     0.1186 |     0.7855 |    0.6772 |     0.1121 |     0.7973 |    0.6918 |   2.81e-04 |     
   24 |     0.1175 |     0.7876 |    0.6793 |     0.1139 |     0.7888 |    0.6777 |   2.59e-04 |     
   25 |     0.1131 |     0.7947 |    0.6877 |     0.1212 |     0.7900 |    0.6812 |   2.31e-04 |     
   26 |     0.1134 |     0.7939 |    0.6870 |     0.1299 |     0.7857 |    0.6759 |   2.00e-04 |     
   27 |     0.1086 |     0.8025 |    0.6975 |     0.1125 |     0.8038 |    0.7003 |   1.69e-04 |     
   28 |     0.1069 |     0.8047 |    0.7000 |     0.1081 |     0.8043 |    0.7013 |   1.41e-04 |     
   29 |     0.1049 |     0.8077 |    0.7042 |     0.1050 |     0.8113 |    0.7096 |   1.19e-04 |    *
   30 |     0.1030 |     0.8122 |    0.7095 |     0.1044 |     0.8053 |    0.7023 |   1.05e-04 |     
   31 |     0.1188 |     0.7865 |    0.6768 |     0.1150 |     0.7858 |    0.6746 |   3.00e-04 |     
   32 |     0.1153 |     0.7911 |    0.6832 |     0.1292 |     0.7794 |    0.6715 |   2.95e-04 |     
   33 |     0.1150 |     0.7921 |    0.6843 |     0.1150 |     0.8012 |    0.6967 |   2.81e-04 |     
   34 |     0.1112 |     0.7986 |    0.6925 |     0.1107 |     0.8075 |    0.7053 |   2.59e-04 |     
   35 |     0.1107 |     0.7991 |    0.6931 |     0.1144 |     0.7942 |    0.6877 |   2.31e-04 |     
   36 |     0.1077 |     0.8042 |    0.7001 |     0.1050 |     0.8097 |    0.7081 |   2.00e-04 |     
   37 |     0.1045 |     0.8089 |    0.7059 |     0.1193 |     0.7762 |    0.6666 |   1.69e-04 |     
--- RACE-PE 80e validation screen: control validation statistics ---
up4: ca=0.8835+/-0.1261, sa=1.0054+/-0.0090, amp=0.0000, suppress=0.0000, guide_abs=0.1698
up4 residuals: local_mean=5.407e-02, global_mean=-0.0039, local_strength=0.1105, global_strength=0.1062, gain=[0.9836,1.0812], saturation=0.1041, text_film=0.0192
up4 haar: reconstruction_error=9.537e-07, skip_low/high=0.8057/0.1943, plam_low/high=1.0000/0.0000
up4 strengths: plam=0.9351, region=0.1105, detail=0.1062; residual_std region/detail/refine=0.3740/0.4460/0.3682
up4 guide_mix: entropy=0.9793, raw_low=0.3198, plam_low=0.2760, decoder_low=0.2437, detail=0.1606; agreement plam/decoder=0.4482/0.5245, support=0.7424+/-0.1361
up4 adaptive_frequency: ALPF strength=0.2457, weights=0.1639/0.6959/0.1402, sum=1.0000, entropy=0.7494, delta_std=0.0796; AHPF strength=0.0742, weights=0.3286/0.4990/0.1724, sum=1.0000, entropy=0.9215, residual_std=0.1062, scaled_std=0.0079
up3: ca=0.9712+/-0.1552, sa=1.0074+/-0.0054, amp=0.0000, suppress=0.0000, guide_abs=0.2460
up3 residuals: local_mean=1.607e-02, global_mean=0.0473, local_strength=0.1129, global_strength=0.1174, gain=[0.9863,1.0365], saturation=0.0388, text_film=0.0325
up3 haar: reconstruction_error=9.537e-07, skip_low/high=0.7811/0.2189, plam_low/high=1.0000/0.0000
up3 strengths: plam=0.9208, region=0.1129, detail=0.1174; residual_std region/detail/refine=0.4280/0.4986/0.4066
up3 guide_mix: entropy=0.9801, raw_low=0.3137, plam_low=0.2426, decoder_low=0.2824, detail=0.1613; agreement plam/decoder=0.5893/0.0590, support=0.7436+/-0.1124
up3 adaptive_frequency: ALPF strength=0.2521, weights=0.1395/0.5528/0.3077, sum=1.0000, entropy=0.8045, delta_std=0.0662; AHPF strength=0.1058, weights=0.4976/0.2557/0.2467, sum=1.0000, entropy=0.8371, residual_std=0.1116, scaled_std=0.0118
up2: ca=0.8701+/-0.1441, sa=1.0041+/-0.0036, amp=0.0000, suppress=0.0000, guide_abs=0.4199
up2 residuals: local_mean=2.572e-03, global_mean=0.0340, local_strength=0.1210, global_strength=0.1116, gain=[0.9665,1.0436], saturation=0.0025, text_film=0.0635
up2 haar: reconstruction_error=1.192e-06, skip_low/high=0.8272/0.1728, plam_low/high=1.0000/0.0000
up2 strengths: plam=0.8507, region=0.1210, detail=0.1116; residual_std region/detail/refine=0.2294/0.3081/0.1620
up2 guide_mix: entropy=0.9560, raw_low=0.3214, plam_low=0.2092, decoder_low=0.3382, detail=0.1313; agreement plam/decoder=0.6239/0.2555, support=0.7464+/-0.0699
up1: ca=0.8320+/-0.1440, sa=1.0023+/-0.0122, amp=0.0000, suppress=0.0000, guide_abs=0.2378
up1 residuals: local_mean=-2.338e-03, global_mean=0.0276, local_strength=0.1231, global_strength=0.0961, gain=[0.9082,1.0922], saturation=0.0000, text_film=0.0345
up1 haar: reconstruction_error=1.431e-06, skip_low/high=0.7766/0.2234, plam_low/high=1.0000/0.0000
up1 strengths: plam=0.9148, region=0.1231, detail=0.0961; residual_std region/detail/refine=0.2256/0.3829/0.1631
up1 guide_mix: entropy=0.9304, raw_low=0.3857, plam_low=0.1706, decoder_low=0.3224, detail=0.1212; agreement plam/decoder=0.4373/0.0274, support=0.5937+/-0.0655

========= Epoch [38/80] =========
C4_Test_session_09.09_15h44
Training with batch size : 16
   [Train] Epoch: [38][20/357]  Loss:0.085 (Avg 0.1072) IoU:0.762 (Avg 0.7083) Dice:0.8482 (Avg 0.8074) LR 1.41e-04   (AvgTime 0.6)   
   [Train] Epoch: [38][40/357]  Loss:0.107 (Avg 0.1043) IoU:0.695 (Avg 0.7107) Dice:0.7999 (Avg 0.8127) LR 1.41e-04   (AvgTime 0.6)   
   [Train] Epoch: [38][60/357]  Loss:0.095 (Avg 0.1020) IoU:0.742 (Avg 0.7145) Dice:0.8377 (Avg 0.8162) LR 1.41e-04   (AvgTime 0.5)   
   [Train] Epoch: [38][80/357]  Loss:0.079 (Avg 0.1014) IoU:0.777 (Avg 0.7139) Dice:0.8653 (Avg 0.8156) LR 1.41e-04   (AvgTime 0.5)   
   [Train] Epoch: [38][100/357]  Loss:0.121 (Avg 0.1014) IoU:0.669 (Avg 0.7133) Dice:0.7599 (Avg 0.8148) LR 1.41e-04   (AvgTime 0.5)   
   [Train] Epoch: [38][120/357]  Loss:0.090 (Avg 0.1005) IoU:0.725 (Avg 0.7144) Dice:0.8324 (Avg 0.8160) LR 1.41e-04   (AvgTime 0.5)   
   [Train] Epoch: [38][140/357]  Loss:0.107 (Avg 0.0999) IoU:0.692 (Avg 0.7154) Dice:0.7899 (Avg 0.8168) LR 1.41e-04   (AvgTime 0.5)   
   [Train] Epoch: [38][160/357]  Loss:0.109 (Avg 0.0997) IoU:0.715 (Avg 0.7162) Dice:0.8225 (Avg 0.8173) LR 1.41e-04   (AvgTime 0.5)   
   [Train] Epoch: [38][180/357]  Loss:0.111 (Avg 0.1007) IoU:0.665 (Avg 0.7137) Dice:0.7847 (Avg 0.8154) LR 1.41e-04   (AvgTime 0.5)   
   [Train] Epoch: [38][200/357]  Loss:0.087 (Avg 0.1007) IoU:0.753 (Avg 0.7131) Dice:0.8430 (Avg 0.8151) LR 1.41e-04   (AvgTime 0.5)   
   [Train] Epoch: [38][220/357]  Loss:0.092 (Avg 0.1006) IoU:0.742 (Avg 0.7136) Dice:0.8290 (Avg 0.8154) LR 1.41e-04   (AvgTime 0.5)   
   [Train] Epoch: [38][240/357]  Loss:0.107 (Avg 0.1012) IoU:0.714 (Avg 0.7124) Dice:0.8191 (Avg 0.8141) LR 1.41e-04   (AvgTime 0.5)   
   [Train] Epoch: [38][260/357]  Loss:0.116 (Avg 0.1019) IoU:0.711 (Avg 0.7111) Dice:0.7963 (Avg 0.8129) LR 1.41e-04   (AvgTime 0.5)   
   [Train] Epoch: [38][280/357]  Loss:0.083 (Avg 0.1019) IoU:0.745 (Avg 0.7113) Dice:0.8443 (Avg 0.8131) LR 1.41e-04   (AvgTime 0.5)   
   [Train] Epoch: [38][300/357]  Loss:0.086 (Avg 0.1021) IoU:0.747 (Avg 0.7107) Dice:0.8410 (Avg 0.8126) LR 1.41e-04   (AvgTime 0.5)   
   [Train] Epoch: [38][320/357]  Loss:0.094 (Avg 0.1022) IoU:0.745 (Avg 0.7105) Dice:0.8442 (Avg 0.8125) LR 1.41e-04   (AvgTime 0.5)   
   [Train] Epoch: [38][340/357]  Loss:0.096 (Avg 0.1022) IoU:0.704 (Avg 0.7102) Dice:0.8098 (Avg 0.8124) LR 1.41e-04   (AvgTime 0.5)   
   [Train] Epoch: [38][357/357]  Loss:0.081 (Avg 0.1020) IoU:0.746 (Avg 0.7104) Dice:0.8489 (Avg 0.8126) LR 1.41e-04   (AvgTime 0.5)   
   [Train] Loss components: dice=0.161904, focal=0.042191, total=0.102047
Validation
   [Val] Epoch: [38][20/90]  Loss:0.156 (Avg 0.1149) IoU:0.636 (Avg 0.7137) Dice:0.7577 (Avg 0.8174) (AvgTime 0.3)   
   [Val] Epoch: [38][40/90]  Loss:0.102 (Avg 0.1191) IoU:0.707 (Avg 0.6993) Dice:0.8184 (Avg 0.8042) (AvgTime 0.2)   
   [Val] Epoch: [38][60/90]  Loss:0.153 (Avg 0.1130) IoU:0.627 (Avg 0.7085) Dice:0.7424 (Avg 0.8105) (AvgTime 0.2)   
   [Val] Epoch: [38][80/90]  Loss:0.099 (Avg 0.1121) IoU:0.722 (Avg 0.7082) Dice:0.8259 (Avg 0.8101) (AvgTime 0.2)   
   [Val] Epoch: [38][90/90]  Loss:0.143 (Avg 0.1119) IoU:0.623 (Avg 0.7088) Dice:0.7466 (Avg 0.8108) (AvgTime 0.2)   
   [Val] Loss components: dice=0.159849, focal=0.063944, total=0.111897
	 No iou improvement; selected epoch 29
	 early_stopping_count: 9/80
--- Epoch History (1..38) ---
Epoch |  TrainLoss |  TrainDice |  TrainIoU |    ValLoss |    ValDice |    ValIoU |         LR | Best
    1 |     0.2379 |     0.6073 |    0.4776 |     0.1928 |     0.6881 |    0.5656 |   3.00e-04 |     
    2 |     0.1735 |     0.6993 |    0.5754 |     0.1794 |     0.6884 |    0.5646 |   2.95e-04 |     
    3 |     0.1551 |     0.7275 |    0.6080 |     0.1434 |     0.7519 |    0.6362 |   2.81e-04 |     
    4 |     0.1433 |     0.7455 |    0.6288 |     0.1249 |     0.7776 |    0.6670 |   2.59e-04 |     
    5 |     0.1385 |     0.7532 |    0.6372 |     0.1294 |     0.7623 |    0.6477 |   2.31e-04 |     
    6 |     0.1322 |     0.7635 |    0.6498 |     0.1199 |     0.7896 |    0.6818 |   2.00e-04 |     
    7 |     0.1269 |     0.7728 |    0.6612 |     0.1228 |     0.7847 |    0.6751 |   1.69e-04 |     
    8 |     0.1217 |     0.7793 |    0.6692 |     0.1136 |     0.7979 |    0.6923 |   1.41e-04 |     
    9 |     0.1195 |     0.7835 |    0.6745 |     0.1192 |     0.7913 |    0.6831 |   1.19e-04 |     
   10 |     0.1163 |     0.7892 |    0.6813 |     0.1168 |     0.7850 |    0.6775 |   1.05e-04 |     
   11 |     0.1403 |     0.7517 |    0.6355 |     0.1291 |     0.7743 |    0.6602 |   3.00e-04 |     
   12 |     0.1316 |     0.7641 |    0.6512 |     0.1328 |     0.7636 |    0.6512 |   2.95e-04 |     
   13 |     0.1263 |     0.7730 |    0.6610 |     0.1408 |     0.7642 |    0.6509 |   2.81e-04 |     
   14 |     0.1252 |     0.7749 |    0.6635 |     0.1187 |     0.7935 |    0.6862 |   2.59e-04 |     
   15 |     0.1216 |     0.7807 |    0.6707 |     0.1123 |     0.7925 |    0.6844 |   2.31e-04 |     
   16 |     0.1180 |     0.7858 |    0.6774 |     0.1121 |     0.7992 |    0.6935 |   2.00e-04 |     
   17 |     0.1145 |     0.7921 |    0.6845 |     0.1114 |     0.7926 |    0.6854 |   1.69e-04 |     
   18 |     0.1124 |     0.7968 |    0.6900 |     0.1102 |     0.7951 |    0.6874 |   1.41e-04 |     
   19 |     0.1090 |     0.8008 |    0.6956 |     0.1142 |     0.7864 |    0.6784 |   1.19e-04 |     
   20 |     0.1076 |     0.8033 |    0.6987 |     0.1081 |     0.8027 |    0.6994 |   1.05e-04 |     
   21 |     0.1296 |     0.7684 |    0.6551 |     0.1237 |     0.7932 |    0.6871 |   3.00e-04 |     
   22 |     0.1231 |     0.7788 |    0.6680 |     0.1142 |     0.7894 |    0.6830 |   2.95e-04 |     
   23 |     0.1186 |     0.7855 |    0.6772 |     0.1121 |     0.7973 |    0.6918 |   2.81e-04 |     
   24 |     0.1175 |     0.7876 |    0.6793 |     0.1139 |     0.7888 |    0.6777 |   2.59e-04 |     
   25 |     0.1131 |     0.7947 |    0.6877 |     0.1212 |     0.7900 |    0.6812 |   2.31e-04 |     
   26 |     0.1134 |     0.7939 |    0.6870 |     0.1299 |     0.7857 |    0.6759 |   2.00e-04 |     
   27 |     0.1086 |     0.8025 |    0.6975 |     0.1125 |     0.8038 |    0.7003 |   1.69e-04 |     
   28 |     0.1069 |     0.8047 |    0.7000 |     0.1081 |     0.8043 |    0.7013 |   1.41e-04 |     
   29 |     0.1049 |     0.8077 |    0.7042 |     0.1050 |     0.8113 |    0.7096 |   1.19e-04 |    *
   30 |     0.1030 |     0.8122 |    0.7095 |     0.1044 |     0.8053 |    0.7023 |   1.05e-04 |     
   31 |     0.1188 |     0.7865 |    0.6768 |     0.1150 |     0.7858 |    0.6746 |   3.00e-04 |     
   32 |     0.1153 |     0.7911 |    0.6832 |     0.1292 |     0.7794 |    0.6715 |   2.95e-04 |     
   33 |     0.1150 |     0.7921 |    0.6843 |     0.1150 |     0.8012 |    0.6967 |   2.81e-04 |     
   34 |     0.1112 |     0.7986 |    0.6925 |     0.1107 |     0.8075 |    0.7053 |   2.59e-04 |     
   35 |     0.1107 |     0.7991 |    0.6931 |     0.1144 |     0.7942 |    0.6877 |   2.31e-04 |     
   36 |     0.1077 |     0.8042 |    0.7001 |     0.1050 |     0.8097 |    0.7081 |   2.00e-04 |     
   37 |     0.1045 |     0.8089 |    0.7059 |     0.1193 |     0.7762 |    0.6666 |   1.69e-04 |     
   38 |     0.1020 |     0.8126 |    0.7104 |     0.1119 |     0.8108 |    0.7088 |   1.41e-04 |     
--- RACE-PE 80e validation screen: control validation statistics ---
up4: ca=0.8811+/-0.1162, sa=1.0068+/-0.0088, amp=0.0000, suppress=0.0000, guide_abs=0.1808
up4 residuals: local_mean=6.227e-02, global_mean=-0.0002, local_strength=0.1106, global_strength=0.1064, gain=[0.9757,1.0631], saturation=0.1092, text_film=0.0192
up4 haar: reconstruction_error=4.768e-07, skip_low/high=0.8074/0.1926, plam_low/high=1.0000/0.0000
up4 strengths: plam=0.9346, region=0.1106, detail=0.1064; residual_std region/detail/refine=0.3739/0.4521/0.3730
up4 guide_mix: entropy=0.9797, raw_low=0.3121, plam_low=0.2790, decoder_low=0.2506, detail=0.1583; agreement plam/decoder=0.5046/0.5305, support=0.7607+/-0.1280
up4 adaptive_frequency: ALPF strength=0.2465, weights=0.1493/0.7031/0.1476, sum=1.0000, entropy=0.7393, delta_std=0.0823; AHPF strength=0.0741, weights=0.3375/0.4937/0.1688, sum=1.0000, entropy=0.9212, residual_std=0.1048, scaled_std=0.0078
up3: ca=0.9755+/-0.1531, sa=1.0071+/-0.0054, amp=0.0000, suppress=0.0000, guide_abs=0.2373
up3 residuals: local_mean=1.751e-02, global_mean=0.0433, local_strength=0.1130, global_strength=0.1175, gain=[0.9844,1.0338], saturation=0.0327, text_film=0.0331
up3 haar: reconstruction_error=9.537e-07, skip_low/high=0.7613/0.2387, plam_low/high=1.0000/0.0000
up3 strengths: plam=0.9198, region=0.1130, detail=0.1175; residual_std region/detail/refine=0.4582/0.5022/0.3918
up3 guide_mix: entropy=0.9841, raw_low=0.3157, plam_low=0.2373, decoder_low=0.2726, detail=0.1744; agreement plam/decoder=0.6258/0.1309, support=0.7029+/-0.1288
up3 adaptive_frequency: ALPF strength=0.2529, weights=0.1359/0.5429/0.3213, sum=1.0000, entropy=0.7991, delta_std=0.0697; AHPF strength=0.1060, weights=0.5373/0.2453/0.2174, sum=1.0000, entropy=0.8237, residual_std=0.1189, scaled_std=0.0126
up2: ca=0.8590+/-0.1829, sa=1.0044+/-0.0035, amp=0.0000, suppress=0.0000, guide_abs=0.4407
up2 residuals: local_mean=5.259e-03, global_mean=0.0335, local_strength=0.1212, global_strength=0.1116, gain=[0.9707,1.0442], saturation=0.0064, text_film=0.0591
up2 haar: reconstruction_error=9.537e-07, skip_low/high=0.8109/0.1891, plam_low/high=1.0000/0.0000
up2 strengths: plam=0.8487, region=0.1212, detail=0.1116; residual_std region/detail/refine=0.2306/0.3155/0.1551
up2 guide_mix: entropy=0.9630, raw_low=0.3185, plam_low=0.2068, decoder_low=0.3311, detail=0.1436; agreement plam/decoder=0.6327/0.2492, support=0.7336+/-0.0696
up1: ca=0.8382+/-0.1441, sa=1.0024+/-0.0124, amp=0.0000, suppress=0.0000, guide_abs=0.1929
up1 residuals: local_mean=-2.076e-03, global_mean=0.0286, local_strength=0.1231, global_strength=0.0960, gain=[0.9075,1.0925], saturation=0.0003, text_film=0.0325
up1 haar: reconstruction_error=1.431e-06, skip_low/high=0.7215/0.2785, plam_low/high=1.0000/0.0000
up1 strengths: plam=0.9137, region=0.1231, detail=0.0960; residual_std region/detail/refine=0.2356/0.3803/0.1651
up1 guide_mix: entropy=0.9504, raw_low=0.2818, plam_low=0.2404, decoder_low=0.3617, detail=0.1162; agreement plam/decoder=-0.0142/-0.1581, support=0.5888+/-0.0628

========= Epoch [39/80] =========
C4_Test_session_09.09_15h44
Training with batch size : 16
   [Train] Epoch: [39][20/357]  Loss:0.080 (Avg 0.0974) IoU:0.766 (Avg 0.7253) Dice:0.8574 (Avg 0.8243) LR 1.19e-04   (AvgTime 0.5)   
   [Train] Epoch: [39][40/357]  Loss:0.076 (Avg 0.0975) IoU:0.791 (Avg 0.7253) Dice:0.8719 (Avg 0.8242) LR 1.19e-04   (AvgTime 0.5)   
   [Train] Epoch: [39][60/357]  Loss:0.118 (Avg 0.0971) IoU:0.661 (Avg 0.7267) Dice:0.7775 (Avg 0.8250) LR 1.19e-04   (AvgTime 0.5)   
   [Train] Epoch: [39][80/357]  Loss:0.119 (Avg 0.0983) IoU:0.687 (Avg 0.7237) Dice:0.7869 (Avg 0.8228) LR 1.19e-04   (AvgTime 0.5)   
   [Train] Epoch: [39][100/357]  Loss:0.129 (Avg 0.0998) IoU:0.678 (Avg 0.7200) Dice:0.7745 (Avg 0.8195) LR 1.19e-04   (AvgTime 0.5)   
   [Train] Epoch: [39][120/357]  Loss:0.145 (Avg 0.1003) IoU:0.607 (Avg 0.7172) Dice:0.7192 (Avg 0.8173) LR 1.19e-04   (AvgTime 0.5)   
   [Train] Epoch: [39][140/357]  Loss:0.115 (Avg 0.0999) IoU:0.683 (Avg 0.7167) Dice:0.7824 (Avg 0.8171) LR 1.19e-04   (AvgTime 0.5)   
   [Train] Epoch: [39][160/357]  Loss:0.088 (Avg 0.1003) IoU:0.719 (Avg 0.7160) Dice:0.8238 (Avg 0.8167) LR 1.19e-04   (AvgTime 0.5)   
   [Train] Epoch: [39][180/357]  Loss:0.098 (Avg 0.1004) IoU:0.731 (Avg 0.7158) Dice:0.8285 (Avg 0.8165) LR 1.19e-04   (AvgTime 0.5)   
   [Train] Epoch: [39][200/357]  Loss:0.102 (Avg 0.1000) IoU:0.714 (Avg 0.7168) Dice:0.8144 (Avg 0.8174) LR 1.19e-04   (AvgTime 0.5)   
   [Train] Epoch: [39][220/357]  Loss:0.109 (Avg 0.1000) IoU:0.712 (Avg 0.7161) Dice:0.8262 (Avg 0.8170) LR 1.19e-04   (AvgTime 0.5)   
   [Train] Epoch: [39][240/357]  Loss:0.132 (Avg 0.1003) IoU:0.646 (Avg 0.7159) Dice:0.7601 (Avg 0.8166) LR 1.19e-04   (AvgTime 0.5)   
   [Train] Epoch: [39][260/357]  Loss:0.066 (Avg 0.1000) IoU:0.779 (Avg 0.7165) Dice:0.8693 (Avg 0.8172) LR 1.19e-04   (AvgTime 0.5)   
   [Train] Epoch: [39][280/357]  Loss:0.085 (Avg 0.1001) IoU:0.763 (Avg 0.7161) Dice:0.8585 (Avg 0.8168) LR 1.19e-04   (AvgTime 0.5)   
   [Train] Epoch: [39][300/357]  Loss:0.133 (Avg 0.1004) IoU:0.627 (Avg 0.7151) Dice:0.7346 (Avg 0.8161) LR 1.19e-04   (AvgTime 0.5)   
   [Train] Epoch: [39][320/357]  Loss:0.149 (Avg 0.1002) IoU:0.562 (Avg 0.7154) Dice:0.6989 (Avg 0.8164) LR 1.19e-04   (AvgTime 0.5)   
   [Train] Epoch: [39][340/357]  Loss:0.091 (Avg 0.1000) IoU:0.701 (Avg 0.7155) Dice:0.8168 (Avg 0.8166) LR 1.19e-04   (AvgTime 0.5)   
   [Train] Epoch: [39][357/357]  Loss:0.105 (Avg 0.0996) IoU:0.702 (Avg 0.7164) Dice:0.7990 (Avg 0.8173) LR 1.19e-04   (AvgTime 0.5)   
   [Train] Loss components: dice=0.157772, focal=0.041394, total=0.099583
Validation
   [Val] Epoch: [39][20/90]  Loss:0.147 (Avg 0.1114) IoU:0.644 (Avg 0.7178) Dice:0.7652 (Avg 0.8201) (AvgTime 0.2)   
   [Val] Epoch: [39][40/90]  Loss:0.105 (Avg 0.1167) IoU:0.705 (Avg 0.7021) Dice:0.8148 (Avg 0.8059) (AvgTime 0.2)   
   [Val] Epoch: [39][60/90]  Loss:0.141 (Avg 0.1095) IoU:0.657 (Avg 0.7131) Dice:0.7658 (Avg 0.8131) (AvgTime 0.2)   
   [Val] Epoch: [39][80/90]  Loss:0.097 (Avg 0.1079) IoU:0.726 (Avg 0.7135) Dice:0.8262 (Avg 0.8135) (AvgTime 0.2)   
   [Val] Epoch: [39][90/90]  Loss:0.140 (Avg 0.1080) IoU:0.615 (Avg 0.7133) Dice:0.7353 (Avg 0.8134) (AvgTime 0.2)   
   [Val] Loss components: dice=0.158745, focal=0.057232, total=0.107988
	 Saving best model by iou: 0.713294
	 Saving to Covid19/BetterLViT/c4_race_pe_control/C4_Test_session_09.09_15h44/models//best_model-BetterLViT.pth.tar
	 early_stopping_count: 0/80
--- Epoch History (1..39) ---
Epoch |  TrainLoss |  TrainDice |  TrainIoU |    ValLoss |    ValDice |    ValIoU |         LR | Best
    1 |     0.2379 |     0.6073 |    0.4776 |     0.1928 |     0.6881 |    0.5656 |   3.00e-04 |     
    2 |     0.1735 |     0.6993 |    0.5754 |     0.1794 |     0.6884 |    0.5646 |   2.95e-04 |     
    3 |     0.1551 |     0.7275 |    0.6080 |     0.1434 |     0.7519 |    0.6362 |   2.81e-04 |     
    4 |     0.1433 |     0.7455 |    0.6288 |     0.1249 |     0.7776 |    0.6670 |   2.59e-04 |     
    5 |     0.1385 |     0.7532 |    0.6372 |     0.1294 |     0.7623 |    0.6477 |   2.31e-04 |     
    6 |     0.1322 |     0.7635 |    0.6498 |     0.1199 |     0.7896 |    0.6818 |   2.00e-04 |     
    7 |     0.1269 |     0.7728 |    0.6612 |     0.1228 |     0.7847 |    0.6751 |   1.69e-04 |     
    8 |     0.1217 |     0.7793 |    0.6692 |     0.1136 |     0.7979 |    0.6923 |   1.41e-04 |     
    9 |     0.1195 |     0.7835 |    0.6745 |     0.1192 |     0.7913 |    0.6831 |   1.19e-04 |     
   10 |     0.1163 |     0.7892 |    0.6813 |     0.1168 |     0.7850 |    0.6775 |   1.05e-04 |     
   11 |     0.1403 |     0.7517 |    0.6355 |     0.1291 |     0.7743 |    0.6602 |   3.00e-04 |     
   12 |     0.1316 |     0.7641 |    0.6512 |     0.1328 |     0.7636 |    0.6512 |   2.95e-04 |     
   13 |     0.1263 |     0.7730 |    0.6610 |     0.1408 |     0.7642 |    0.6509 |   2.81e-04 |     
   14 |     0.1252 |     0.7749 |    0.6635 |     0.1187 |     0.7935 |    0.6862 |   2.59e-04 |     
   15 |     0.1216 |     0.7807 |    0.6707 |     0.1123 |     0.7925 |    0.6844 |   2.31e-04 |     
   16 |     0.1180 |     0.7858 |    0.6774 |     0.1121 |     0.7992 |    0.6935 |   2.00e-04 |     
   17 |     0.1145 |     0.7921 |    0.6845 |     0.1114 |     0.7926 |    0.6854 |   1.69e-04 |     
   18 |     0.1124 |     0.7968 |    0.6900 |     0.1102 |     0.7951 |    0.6874 |   1.41e-04 |     
   19 |     0.1090 |     0.8008 |    0.6956 |     0.1142 |     0.7864 |    0.6784 |   1.19e-04 |     
   20 |     0.1076 |     0.8033 |    0.6987 |     0.1081 |     0.8027 |    0.6994 |   1.05e-04 |     
   21 |     0.1296 |     0.7684 |    0.6551 |     0.1237 |     0.7932 |    0.6871 |   3.00e-04 |     
   22 |     0.1231 |     0.7788 |    0.6680 |     0.1142 |     0.7894 |    0.6830 |   2.95e-04 |     
   23 |     0.1186 |     0.7855 |    0.6772 |     0.1121 |     0.7973 |    0.6918 |   2.81e-04 |     
   24 |     0.1175 |     0.7876 |    0.6793 |     0.1139 |     0.7888 |    0.6777 |   2.59e-04 |     
   25 |     0.1131 |     0.7947 |    0.6877 |     0.1212 |     0.7900 |    0.6812 |   2.31e-04 |     
   26 |     0.1134 |     0.7939 |    0.6870 |     0.1299 |     0.7857 |    0.6759 |   2.00e-04 |     
   27 |     0.1086 |     0.8025 |    0.6975 |     0.1125 |     0.8038 |    0.7003 |   1.69e-04 |     
   28 |     0.1069 |     0.8047 |    0.7000 |     0.1081 |     0.8043 |    0.7013 |   1.41e-04 |     
   29 |     0.1049 |     0.8077 |    0.7042 |     0.1050 |     0.8113 |    0.7096 |   1.19e-04 |     
   30 |     0.1030 |     0.8122 |    0.7095 |     0.1044 |     0.8053 |    0.7023 |   1.05e-04 |     
   31 |     0.1188 |     0.7865 |    0.6768 |     0.1150 |     0.7858 |    0.6746 |   3.00e-04 |     
   32 |     0.1153 |     0.7911 |    0.6832 |     0.1292 |     0.7794 |    0.6715 |   2.95e-04 |     
   33 |     0.1150 |     0.7921 |    0.6843 |     0.1150 |     0.8012 |    0.6967 |   2.81e-04 |     
   34 |     0.1112 |     0.7986 |    0.6925 |     0.1107 |     0.8075 |    0.7053 |   2.59e-04 |     
   35 |     0.1107 |     0.7991 |    0.6931 |     0.1144 |     0.7942 |    0.6877 |   2.31e-04 |     
   36 |     0.1077 |     0.8042 |    0.7001 |     0.1050 |     0.8097 |    0.7081 |   2.00e-04 |     
   37 |     0.1045 |     0.8089 |    0.7059 |     0.1193 |     0.7762 |    0.6666 |   1.69e-04 |     
   38 |     0.1020 |     0.8126 |    0.7104 |     0.1119 |     0.8108 |    0.7088 |   1.41e-04 |     
   39 |     0.0996 |     0.8173 |    0.7164 |     0.1080 |     0.8134 |    0.7133 |   1.19e-04 |    *
--- RACE-PE 80e validation screen: control validation statistics ---
up4: ca=0.8848+/-0.1085, sa=1.0062+/-0.0083, amp=0.0000, suppress=0.0000, guide_abs=0.1606
up4 residuals: local_mean=5.688e-02, global_mean=-0.0004, local_strength=0.1107, global_strength=0.1067, gain=[0.9803,1.0664], saturation=0.0786, text_film=0.0188
up4 haar: reconstruction_error=9.537e-07, skip_low/high=0.8077/0.1923, plam_low/high=1.0000/0.0000
up4 strengths: plam=0.9341, region=0.1107, detail=0.1067; residual_std region/detail/refine=0.3683/0.4532/0.3745
up4 guide_mix: entropy=0.9804, raw_low=0.3181, plam_low=0.2682, decoder_low=0.2524, detail=0.1613; agreement plam/decoder=0.4956/0.5342, support=0.7421+/-0.1344
up4 adaptive_frequency: ALPF strength=0.2468, weights=0.1585/0.7019/0.1396, sum=1.0000, entropy=0.7413, delta_std=0.0813; AHPF strength=0.0739, weights=0.3562/0.4774/0.1664, sum=1.0000, entropy=0.9250, residual_std=0.1031, scaled_std=0.0076
up3: ca=0.9768+/-0.1440, sa=1.0073+/-0.0054, amp=0.0000, suppress=0.0000, guide_abs=0.2435
up3 residuals: local_mean=1.754e-02, global_mean=0.0450, local_strength=0.1129, global_strength=0.1177, gain=[0.9860,1.0350], saturation=0.0462, text_film=0.0318
up3 haar: reconstruction_error=9.537e-07, skip_low/high=0.7762/0.2238, plam_low/high=1.0000/0.0000
up3 strengths: plam=0.9193, region=0.1129, detail=0.1177; residual_std region/detail/refine=0.4476/0.5115/0.4080
up3 guide_mix: entropy=0.9818, raw_low=0.3174, plam_low=0.2426, decoder_low=0.2732, detail=0.1668; agreement plam/decoder=0.5270/0.0992, support=0.7384+/-0.1245
up3 adaptive_frequency: ALPF strength=0.2538, weights=0.0977/0.4216/0.4807, sum=1.0000, entropy=0.7878, delta_std=0.0766; AHPF strength=0.1062, weights=0.6318/0.2127/0.1555, sum=1.0000, entropy=0.7784, residual_std=0.0861, scaled_std=0.0091
up2: ca=0.8728+/-0.1799, sa=1.0041+/-0.0034, amp=0.0000, suppress=0.0000, guide_abs=0.4306
up2 residuals: local_mean=2.539e-03, global_mean=0.0341, local_strength=0.1213, global_strength=0.1117, gain=[0.9691,1.0440], saturation=0.0059, text_film=0.0581
up2 haar: reconstruction_error=1.192e-06, skip_low/high=0.8123/0.1877, plam_low/high=1.0000/0.0000
up2 strengths: plam=0.8475, region=0.1213, detail=0.1117; residual_std region/detail/refine=0.2151/0.3130/0.1478
up2 guide_mix: entropy=0.9640, raw_low=0.3240, plam_low=0.2113, decoder_low=0.3219, detail=0.1427; agreement plam/decoder=0.6105/0.1954, support=0.7317+/-0.0670
up1: ca=0.8427+/-0.1373, sa=1.0027+/-0.0124, amp=0.0000, suppress=0.0000, guide_abs=0.2097
up1 residuals: local_mean=-1.182e-03, global_mean=0.0300, local_strength=0.1232, global_strength=0.0959, gain=[0.9078,1.0927], saturation=0.0000, text_film=0.0321
up1 haar: reconstruction_error=1.431e-06, skip_low/high=0.7268/0.2732, plam_low/high=1.0000/0.0000
up1 strengths: plam=0.9130, region=0.1232, detail=0.0959; residual_std region/detail/refine=0.2287/0.3835/0.1666
up1 guide_mix: entropy=0.9527, raw_low=0.2986, plam_low=0.2346, decoder_low=0.3486, detail=0.1181; agreement plam/decoder=0.0874/-0.1271, support=0.5893+/-0.0615

========= Epoch [40/80] =========
C4_Test_session_09.09_15h44
Training with batch size : 16
   [Train] Epoch: [40][20/357]  Loss:0.076 (Avg 0.1070) IoU:0.766 (Avg 0.6986) Dice:0.8586 (Avg 0.8029) LR 1.05e-04   (AvgTime 0.6)   
   [Train] Epoch: [40][40/357]  Loss:0.070 (Avg 0.1007) IoU:0.791 (Avg 0.7130) Dice:0.8650 (Avg 0.8157) LR 1.05e-04   (AvgTime 0.5)   
   [Train] Epoch: [40][60/357]  Loss:0.067 (Avg 0.0987) IoU:0.801 (Avg 0.7175) Dice:0.8816 (Avg 0.8188) LR 1.05e-04   (AvgTime 0.5)   
   [Train] Epoch: [40][80/357]  Loss:0.083 (Avg 0.0975) IoU:0.770 (Avg 0.7196) Dice:0.8604 (Avg 0.8204) LR 1.05e-04   (AvgTime 0.5)   
   [Train] Epoch: [40][100/357]  Loss:0.102 (Avg 0.0970) IoU:0.709 (Avg 0.7204) Dice:0.8158 (Avg 0.8213) LR 1.05e-04   (AvgTime 0.5)   
   [Train] Epoch: [40][120/357]  Loss:0.132 (Avg 0.0974) IoU:0.655 (Avg 0.7200) Dice:0.7713 (Avg 0.8210) LR 1.05e-04   (AvgTime 0.5)   
   [Train] Epoch: [40][140/357]  Loss:0.086 (Avg 0.0987) IoU:0.747 (Avg 0.7162) Dice:0.8495 (Avg 0.8180) LR 1.05e-04   (AvgTime 0.5)   
   [Train] Epoch: [40][160/357]  Loss:0.090 (Avg 0.0989) IoU:0.743 (Avg 0.7157) Dice:0.8437 (Avg 0.8175) LR 1.05e-04   (AvgTime 0.5)   
   [Train] Epoch: [40][180/357]  Loss:0.104 (Avg 0.1001) IoU:0.682 (Avg 0.7138) Dice:0.7937 (Avg 0.8155) LR 1.05e-04   (AvgTime 0.5)   
   [Train] Epoch: [40][200/357]  Loss:0.136 (Avg 0.1002) IoU:0.633 (Avg 0.7139) Dice:0.7306 (Avg 0.8153) LR 1.05e-04   (AvgTime 0.5)   
   [Train] Epoch: [40][220/357]  Loss:0.084 (Avg 0.0996) IoU:0.749 (Avg 0.7150) Dice:0.8469 (Avg 0.8163) LR 1.05e-04   (AvgTime 0.5)   
   [Train] Epoch: [40][240/357]  Loss:0.070 (Avg 0.1000) IoU:0.772 (Avg 0.7142) Dice:0.8664 (Avg 0.8156) LR 1.05e-04   (AvgTime 0.5)   
   [Train] Epoch: [40][260/357]  Loss:0.108 (Avg 0.0997) IoU:0.730 (Avg 0.7152) Dice:0.8163 (Avg 0.8164) LR 1.05e-04   (AvgTime 0.5)   
   [Train] Epoch: [40][280/357]  Loss:0.109 (Avg 0.0994) IoU:0.718 (Avg 0.7159) Dice:0.8115 (Avg 0.8169) LR 1.05e-04   (AvgTime 0.5)   
   [Train] Epoch: [40][300/357]  Loss:0.127 (Avg 0.0995) IoU:0.657 (Avg 0.7156) Dice:0.7602 (Avg 0.8166) LR 1.05e-04   (AvgTime 0.5)   
   [Train] Epoch: [40][320/357]  Loss:0.092 (Avg 0.0995) IoU:0.767 (Avg 0.7155) Dice:0.8375 (Avg 0.8165) LR 1.05e-04   (AvgTime 0.5)   
   [Train] Epoch: [40][340/357]  Loss:0.072 (Avg 0.0989) IoU:0.779 (Avg 0.7170) Dice:0.8692 (Avg 0.8178) LR 1.05e-04   (AvgTime 0.5)   
   [Train] Epoch: [40][357/357]  Loss:0.073 (Avg 0.0989) IoU:0.783 (Avg 0.7170) Dice:0.8680 (Avg 0.8176) LR 1.05e-04   (AvgTime 0.5)   
   [Train] Loss components: dice=0.156876, focal=0.040866, total=0.098871
Validation
   [Val] Epoch: [40][20/90]  Loss:0.127 (Avg 0.1065) IoU:0.679 (Avg 0.7168) Dice:0.7929 (Avg 0.8191) (AvgTime 0.2)   
   [Val] Epoch: [40][40/90]  Loss:0.093 (Avg 0.1108) IoU:0.726 (Avg 0.7049) Dice:0.8291 (Avg 0.8078) (AvgTime 0.2)   
   [Val] Epoch: [40][60/90]  Loss:0.129 (Avg 0.1040) IoU:0.664 (Avg 0.7156) Dice:0.7671 (Avg 0.8147) (AvgTime 0.2)   
   [Val] Epoch: [40][80/90]  Loss:0.098 (Avg 0.1024) IoU:0.703 (Avg 0.7156) Dice:0.8095 (Avg 0.8151) (AvgTime 0.2)   
   [Val] Epoch: [40][90/90]  Loss:0.118 (Avg 0.1020) IoU:0.626 (Avg 0.7161) Dice:0.7552 (Avg 0.8155) (AvgTime 0.2)   
   [Val] Loss components: dice=0.158725, focal=0.045278, total=0.102001
	 Saving best model by iou: 0.716124
	 Saving to Covid19/BetterLViT/c4_race_pe_control/C4_Test_session_09.09_15h44/models//best_model-BetterLViT.pth.tar
	 early_stopping_count: 0/80
--- Epoch History (1..40) ---
Epoch |  TrainLoss |  TrainDice |  TrainIoU |    ValLoss |    ValDice |    ValIoU |         LR | Best
    1 |     0.2379 |     0.6073 |    0.4776 |     0.1928 |     0.6881 |    0.5656 |   3.00e-04 |     
    2 |     0.1735 |     0.6993 |    0.5754 |     0.1794 |     0.6884 |    0.5646 |   2.95e-04 |     
    3 |     0.1551 |     0.7275 |    0.6080 |     0.1434 |     0.7519 |    0.6362 |   2.81e-04 |     
    4 |     0.1433 |     0.7455 |    0.6288 |     0.1249 |     0.7776 |    0.6670 |   2.59e-04 |     
    5 |     0.1385 |     0.7532 |    0.6372 |     0.1294 |     0.7623 |    0.6477 |   2.31e-04 |     
    6 |     0.1322 |     0.7635 |    0.6498 |     0.1199 |     0.7896 |    0.6818 |   2.00e-04 |     
    7 |     0.1269 |     0.7728 |    0.6612 |     0.1228 |     0.7847 |    0.6751 |   1.69e-04 |     
    8 |     0.1217 |     0.7793 |    0.6692 |     0.1136 |     0.7979 |    0.6923 |   1.41e-04 |     
    9 |     0.1195 |     0.7835 |    0.6745 |     0.1192 |     0.7913 |    0.6831 |   1.19e-04 |     
   10 |     0.1163 |     0.7892 |    0.6813 |     0.1168 |     0.7850 |    0.6775 |   1.05e-04 |     
   11 |     0.1403 |     0.7517 |    0.6355 |     0.1291 |     0.7743 |    0.6602 |   3.00e-04 |     
   12 |     0.1316 |     0.7641 |    0.6512 |     0.1328 |     0.7636 |    0.6512 |   2.95e-04 |     
   13 |     0.1263 |     0.7730 |    0.6610 |     0.1408 |     0.7642 |    0.6509 |   2.81e-04 |     
   14 |     0.1252 |     0.7749 |    0.6635 |     0.1187 |     0.7935 |    0.6862 |   2.59e-04 |     
   15 |     0.1216 |     0.7807 |    0.6707 |     0.1123 |     0.7925 |    0.6844 |   2.31e-04 |     
   16 |     0.1180 |     0.7858 |    0.6774 |     0.1121 |     0.7992 |    0.6935 |   2.00e-04 |     
   17 |     0.1145 |     0.7921 |    0.6845 |     0.1114 |     0.7926 |    0.6854 |   1.69e-04 |     
   18 |     0.1124 |     0.7968 |    0.6900 |     0.1102 |     0.7951 |    0.6874 |   1.41e-04 |     
   19 |     0.1090 |     0.8008 |    0.6956 |     0.1142 |     0.7864 |    0.6784 |   1.19e-04 |     
   20 |     0.1076 |     0.8033 |    0.6987 |     0.1081 |     0.8027 |    0.6994 |   1.05e-04 |     
   21 |     0.1296 |     0.7684 |    0.6551 |     0.1237 |     0.7932 |    0.6871 |   3.00e-04 |     
   22 |     0.1231 |     0.7788 |    0.6680 |     0.1142 |     0.7894 |    0.6830 |   2.95e-04 |     
   23 |     0.1186 |     0.7855 |    0.6772 |     0.1121 |     0.7973 |    0.6918 |   2.81e-04 |     
   24 |     0.1175 |     0.7876 |    0.6793 |     0.1139 |     0.7888 |    0.6777 |   2.59e-04 |     
   25 |     0.1131 |     0.7947 |    0.6877 |     0.1212 |     0.7900 |    0.6812 |   2.31e-04 |     
   26 |     0.1134 |     0.7939 |    0.6870 |     0.1299 |     0.7857 |    0.6759 |   2.00e-04 |     
   27 |     0.1086 |     0.8025 |    0.6975 |     0.1125 |     0.8038 |    0.7003 |   1.69e-04 |     
   28 |     0.1069 |     0.8047 |    0.7000 |     0.1081 |     0.8043 |    0.7013 |   1.41e-04 |     
   29 |     0.1049 |     0.8077 |    0.7042 |     0.1050 |     0.8113 |    0.7096 |   1.19e-04 |     
   30 |     0.1030 |     0.8122 |    0.7095 |     0.1044 |     0.8053 |    0.7023 |   1.05e-04 |     
   31 |     0.1188 |     0.7865 |    0.6768 |     0.1150 |     0.7858 |    0.6746 |   3.00e-04 |     
   32 |     0.1153 |     0.7911 |    0.6832 |     0.1292 |     0.7794 |    0.6715 |   2.95e-04 |     
   33 |     0.1150 |     0.7921 |    0.6843 |     0.1150 |     0.8012 |    0.6967 |   2.81e-04 |     
   34 |     0.1112 |     0.7986 |    0.6925 |     0.1107 |     0.8075 |    0.7053 |   2.59e-04 |     
   35 |     0.1107 |     0.7991 |    0.6931 |     0.1144 |     0.7942 |    0.6877 |   2.31e-04 |     
   36 |     0.1077 |     0.8042 |    0.7001 |     0.1050 |     0.8097 |    0.7081 |   2.00e-04 |     
   37 |     0.1045 |     0.8089 |    0.7059 |     0.1193 |     0.7762 |    0.6666 |   1.69e-04 |     
   38 |     0.1020 |     0.8126 |    0.7104 |     0.1119 |     0.8108 |    0.7088 |   1.41e-04 |     
   39 |     0.0996 |     0.8173 |    0.7164 |     0.1080 |     0.8134 |    0.7133 |   1.19e-04 |     
   40 |     0.0989 |     0.8176 |    0.7170 |     0.1020 |     0.8155 |    0.7161 |   1.05e-04 |    *
--- RACE-PE 80e validation screen: control validation statistics ---
up4: ca=0.8839+/-0.1041, sa=1.0061+/-0.0082, amp=0.0000, suppress=0.0000, guide_abs=0.1607
up4 residuals: local_mean=5.470e-02, global_mean=0.0012, local_strength=0.1107, global_strength=0.1068, gain=[0.9849,1.0654], saturation=0.0857, text_film=0.0189
up4 haar: reconstruction_error=9.537e-07, skip_low/high=0.7982/0.2018, plam_low/high=1.0000/0.0000
up4 strengths: plam=0.9339, region=0.1107, detail=0.1068; residual_std region/detail/refine=0.3687/0.4386/0.3614
up4 guide_mix: entropy=0.9802, raw_low=0.3131, plam_low=0.2869, decoder_low=0.2365, detail=0.1634; agreement plam/decoder=0.4475/0.5420, support=0.7404+/-0.1358
up4 adaptive_frequency: ALPF strength=0.2471, weights=0.1614/0.6984/0.1402, sum=1.0000, entropy=0.7462, delta_std=0.0753; AHPF strength=0.0738, weights=0.3452/0.4854/0.1694, sum=1.0000, entropy=0.9248, residual_std=0.1040, scaled_std=0.0077
up3: ca=0.9743+/-0.1462, sa=1.0074+/-0.0051, amp=0.0000, suppress=0.0000, guide_abs=0.2364
up3 residuals: local_mean=1.741e-02, global_mean=0.0461, local_strength=0.1130, global_strength=0.1178, gain=[0.9861,1.0317], saturation=0.0278, text_film=0.0269
up3 haar: reconstruction_error=9.537e-07, skip_low/high=0.7668/0.2332, plam_low/high=1.0000/0.0000
up3 strengths: plam=0.9190, region=0.1130, detail=0.1178; residual_std region/detail/refine=0.4351/0.5043/0.4022
up3 guide_mix: entropy=0.9837, raw_low=0.3139, plam_low=0.2492, decoder_low=0.2670, detail=0.1698; agreement plam/decoder=0.5694/0.0998, support=0.7034+/-0.1282
up3 adaptive_frequency: ALPF strength=0.2545, weights=0.1182/0.4323/0.4494, sum=1.0000, entropy=0.8163, delta_std=0.0700; AHPF strength=0.1062, weights=0.6467/0.2173/0.1359, sum=1.0000, entropy=0.7626, residual_std=0.0803, scaled_std=0.0085
up2: ca=0.8637+/-0.1538, sa=1.0045+/-0.0036, amp=0.0000, suppress=0.0000, guide_abs=0.4343
up2 residuals: local_mean=5.379e-03, global_mean=0.0349, local_strength=0.1215, global_strength=0.1117, gain=[0.9701,1.0404], saturation=0.0041, text_film=0.0573
up2 haar: reconstruction_error=1.170e-06, skip_low/high=0.8097/0.1903, plam_low/high=1.0000/0.0000
up2 strengths: plam=0.8467, region=0.1215, detail=0.1117; residual_std region/detail/refine=0.2357/0.3111/0.1471
up2 guide_mix: entropy=0.9646, raw_low=0.3081, plam_low=0.2236, decoder_low=0.3299, detail=0.1384; agreement plam/decoder=0.6781/0.2931, support=0.7334+/-0.0703
up1: ca=0.8537+/-0.1263, sa=1.0026+/-0.0124, amp=0.0000, suppress=0.0000, guide_abs=0.1841
up1 residuals: local_mean=-2.380e-03, global_mean=0.0310, local_strength=0.1233, global_strength=0.0958, gain=[0.9081,1.0925], saturation=0.0000, text_film=0.0328
up1 haar: reconstruction_error=1.431e-06, skip_low/high=0.7311/0.2689, plam_low/high=1.0000/0.0000
up1 strengths: plam=0.9125, region=0.1233, detail=0.0958; residual_std region/detail/refine=0.2297/0.3832/0.1678
up1 guide_mix: entropy=0.9502, raw_low=0.2955, plam_low=0.2394, decoder_low=0.3514, detail=0.1137; agreement plam/decoder=0.2521/0.0207, support=0.5877+/-0.0641

========= Epoch [41/80] =========
C4_Test_session_09.09_15h44
Training with batch size : 16
   [Train] Epoch: [41][20/357]  Loss:0.100 (Avg 0.1027) IoU:0.717 (Avg 0.7028) Dice:0.8136 (Avg 0.8085) LR 3.00e-04   (AvgTime 0.5)   
   [Train] Epoch: [41][40/357]  Loss:0.129 (Avg 0.1040) IoU:0.643 (Avg 0.7038) Dice:0.7509 (Avg 0.8086) LR 3.00e-04   (AvgTime 0.5)   
   [Train] Epoch: [41][60/357]  Loss:0.086 (Avg 0.1091) IoU:0.764 (Avg 0.6932) Dice:0.8609 (Avg 0.7992) LR 3.00e-04   (AvgTime 0.5)   
   [Train] Epoch: [41][80/357]  Loss:0.129 (Avg 0.1121) IoU:0.651 (Avg 0.6869) Dice:0.7726 (Avg 0.7942) LR 3.00e-04   (AvgTime 0.5)   
   [Train] Epoch: [41][100/357]  Loss:0.116 (Avg 0.1127) IoU:0.668 (Avg 0.6857) Dice:0.7792 (Avg 0.7937) LR 3.00e-04   (AvgTime 0.5)   
   [Train] Epoch: [41][120/357]  Loss:0.157 (Avg 0.1133) IoU:0.585 (Avg 0.6848) Dice:0.6991 (Avg 0.7928) LR 3.00e-04   (AvgTime 0.5)   
   [Train] Epoch: [41][140/357]  Loss:0.124 (Avg 0.1145) IoU:0.628 (Avg 0.6818) Dice:0.7557 (Avg 0.7906) LR 3.00e-04   (AvgTime 0.5)   
   [Train] Epoch: [41][160/357]  Loss:0.120 (Avg 0.1142) IoU:0.650 (Avg 0.6831) Dice:0.7666 (Avg 0.7917) LR 3.00e-04   (AvgTime 0.5)   
   [Train] Epoch: [41][180/357]  Loss:0.107 (Avg 0.1137) IoU:0.699 (Avg 0.6842) Dice:0.8094 (Avg 0.7925) LR 3.00e-04   (AvgTime 0.5)   
   [Train] Epoch: [41][200/357]  Loss:0.105 (Avg 0.1136) IoU:0.708 (Avg 0.6852) Dice:0.8140 (Avg 0.7935) LR 3.00e-04   (AvgTime 0.5)   
   [Train] Epoch: [41][220/357]  Loss:0.134 (Avg 0.1145) IoU:0.674 (Avg 0.6842) Dice:0.7920 (Avg 0.7928) LR 3.00e-04   (AvgTime 0.5)   
   [Train] Epoch: [41][240/357]  Loss:0.078 (Avg 0.1136) IoU:0.752 (Avg 0.6868) Dice:0.8529 (Avg 0.7947) LR 3.00e-04   (AvgTime 0.5)   
   [Train] Epoch: [41][260/357]  Loss:0.097 (Avg 0.1130) IoU:0.734 (Avg 0.6883) Dice:0.8271 (Avg 0.7959) LR 3.00e-04   (AvgTime 0.5)   
   [Train] Epoch: [41][280/357]  Loss:0.108 (Avg 0.1132) IoU:0.691 (Avg 0.6871) Dice:0.8015 (Avg 0.7952) LR 3.00e-04   (AvgTime 0.5)   
   [Train] Epoch: [41][300/357]  Loss:0.082 (Avg 0.1125) IoU:0.750 (Avg 0.6888) Dice:0.8432 (Avg 0.7965) LR 3.00e-04   (AvgTime 0.5)   
   [Train] Epoch: [41][320/357]  Loss:0.097 (Avg 0.1124) IoU:0.729 (Avg 0.6890) Dice:0.8378 (Avg 0.7965) LR 3.00e-04   (AvgTime 0.5)   
   [Train] Epoch: [41][340/357]  Loss:0.088 (Avg 0.1130) IoU:0.771 (Avg 0.6878) Dice:0.8588 (Avg 0.7955) LR 3.00e-04   (AvgTime 0.5)   
   [Train] Epoch: [41][357/357]  Loss:0.091 (Avg 0.1137) IoU:0.739 (Avg 0.6866) Dice:0.8363 (Avg 0.7945) LR 3.00e-04   (AvgTime 0.5)   
   [Train] Loss components: dice=0.178583, focal=0.048792, total=0.113687
Validation
   [Val] Epoch: [41][20/90]  Loss:0.233 (Avg 0.2639) IoU:0.533 (Avg 0.5385) Dice:0.6808 (Avg 0.6730) (AvgTime 0.2)   
   [Val] Epoch: [41][40/90]  Loss:0.365 (Avg 0.2716) IoU:0.427 (Avg 0.5249) Dice:0.5643 (Avg 0.6576) (AvgTime 0.2)   
   [Val] Epoch: [41][60/90]  Loss:0.286 (Avg 0.2765) IoU:0.464 (Avg 0.5189) Dice:0.5886 (Avg 0.6487) (AvgTime 0.2)   
   [Val] Epoch: [41][80/90]  Loss:0.441 (Avg 0.2982) IoU:0.422 (Avg 0.5009) Dice:0.5437 (Avg 0.6301) (AvgTime 0.2)   
   [Val] Epoch: [41][90/90]  Loss:0.623 (Avg 0.3099) IoU:0.243 (Avg 0.4941) Dice:0.3771 (Avg 0.6225) (AvgTime 0.2)   
   [Val] Loss components: dice=0.331232, focal=0.288621, total=0.309926
	 No iou improvement; selected epoch 40
	 early_stopping_count: 1/80
--- Epoch History (1..41) ---
Epoch |  TrainLoss |  TrainDice |  TrainIoU |    ValLoss |    ValDice |    ValIoU |         LR | Best
    1 |     0.2379 |     0.6073 |    0.4776 |     0.1928 |     0.6881 |    0.5656 |   3.00e-04 |     
    2 |     0.1735 |     0.6993 |    0.5754 |     0.1794 |     0.6884 |    0.5646 |   2.95e-04 |     
    3 |     0.1551 |     0.7275 |    0.6080 |     0.1434 |     0.7519 |    0.6362 |   2.81e-04 |     
    4 |     0.1433 |     0.7455 |    0.6288 |     0.1249 |     0.7776 |    0.6670 |   2.59e-04 |     
    5 |     0.1385 |     0.7532 |    0.6372 |     0.1294 |     0.7623 |    0.6477 |   2.31e-04 |     
    6 |     0.1322 |     0.7635 |    0.6498 |     0.1199 |     0.7896 |    0.6818 |   2.00e-04 |     
    7 |     0.1269 |     0.7728 |    0.6612 |     0.1228 |     0.7847 |    0.6751 |   1.69e-04 |     
    8 |     0.1217 |     0.7793 |    0.6692 |     0.1136 |     0.7979 |    0.6923 |   1.41e-04 |     
    9 |     0.1195 |     0.7835 |    0.6745 |     0.1192 |     0.7913 |    0.6831 |   1.19e-04 |     
   10 |     0.1163 |     0.7892 |    0.6813 |     0.1168 |     0.7850 |    0.6775 |   1.05e-04 |     
   11 |     0.1403 |     0.7517 |    0.6355 |     0.1291 |     0.7743 |    0.6602 |   3.00e-04 |     
   12 |     0.1316 |     0.7641 |    0.6512 |     0.1328 |     0.7636 |    0.6512 |   2.95e-04 |     
   13 |     0.1263 |     0.7730 |    0.6610 |     0.1408 |     0.7642 |    0.6509 |   2.81e-04 |     
   14 |     0.1252 |     0.7749 |    0.6635 |     0.1187 |     0.7935 |    0.6862 |   2.59e-04 |     
   15 |     0.1216 |     0.7807 |    0.6707 |     0.1123 |     0.7925 |    0.6844 |   2.31e-04 |     
   16 |     0.1180 |     0.7858 |    0.6774 |     0.1121 |     0.7992 |    0.6935 |   2.00e-04 |     
   17 |     0.1145 |     0.7921 |    0.6845 |     0.1114 |     0.7926 |    0.6854 |   1.69e-04 |     
   18 |     0.1124 |     0.7968 |    0.6900 |     0.1102 |     0.7951 |    0.6874 |   1.41e-04 |     
   19 |     0.1090 |     0.8008 |    0.6956 |     0.1142 |     0.7864 |    0.6784 |   1.19e-04 |     
   20 |     0.1076 |     0.8033 |    0.6987 |     0.1081 |     0.8027 |    0.6994 |   1.05e-04 |     
   21 |     0.1296 |     0.7684 |    0.6551 |     0.1237 |     0.7932 |    0.6871 |   3.00e-04 |     
   22 |     0.1231 |     0.7788 |    0.6680 |     0.1142 |     0.7894 |    0.6830 |   2.95e-04 |     
   23 |     0.1186 |     0.7855 |    0.6772 |     0.1121 |     0.7973 |    0.6918 |   2.81e-04 |     
   24 |     0.1175 |     0.7876 |    0.6793 |     0.1139 |     0.7888 |    0.6777 |   2.59e-04 |     
   25 |     0.1131 |     0.7947 |    0.6877 |     0.1212 |     0.7900 |    0.6812 |   2.31e-04 |     
   26 |     0.1134 |     0.7939 |    0.6870 |     0.1299 |     0.7857 |    0.6759 |   2.00e-04 |     
   27 |     0.1086 |     0.8025 |    0.6975 |     0.1125 |     0.8038 |    0.7003 |   1.69e-04 |     
   28 |     0.1069 |     0.8047 |    0.7000 |     0.1081 |     0.8043 |    0.7013 |   1.41e-04 |     
   29 |     0.1049 |     0.8077 |    0.7042 |     0.1050 |     0.8113 |    0.7096 |   1.19e-04 |     
   30 |     0.1030 |     0.8122 |    0.7095 |     0.1044 |     0.8053 |    0.7023 |   1.05e-04 |     
   31 |     0.1188 |     0.7865 |    0.6768 |     0.1150 |     0.7858 |    0.6746 |   3.00e-04 |     
   32 |     0.1153 |     0.7911 |    0.6832 |     0.1292 |     0.7794 |    0.6715 |   2.95e-04 |     
   33 |     0.1150 |     0.7921 |    0.6843 |     0.1150 |     0.8012 |    0.6967 |   2.81e-04 |     
   34 |     0.1112 |     0.7986 |    0.6925 |     0.1107 |     0.8075 |    0.7053 |   2.59e-04 |     
   35 |     0.1107 |     0.7991 |    0.6931 |     0.1144 |     0.7942 |    0.6877 |   2.31e-04 |     
   36 |     0.1077 |     0.8042 |    0.7001 |     0.1050 |     0.8097 |    0.7081 |   2.00e-04 |     
   37 |     0.1045 |     0.8089 |    0.7059 |     0.1193 |     0.7762 |    0.6666 |   1.69e-04 |     
   38 |     0.1020 |     0.8126 |    0.7104 |     0.1119 |     0.8108 |    0.7088 |   1.41e-04 |     
   39 |     0.0996 |     0.8173 |    0.7164 |     0.1080 |     0.8134 |    0.7133 |   1.19e-04 |     
   40 |     0.0989 |     0.8176 |    0.7170 |     0.1020 |     0.8155 |    0.7161 |   1.05e-04 |    *
   41 |     0.1137 |     0.7945 |    0.6866 |     0.3099 |     0.6225 |    0.4941 |   3.00e-04 |     
--- RACE-PE 80e validation screen: control validation statistics ---
up4: ca=0.8447+/-0.1681, sa=1.0100+/-0.0075, amp=0.0000, suppress=0.0000, guide_abs=0.2796
up4 residuals: local_mean=7.732e-02, global_mean=0.0142, local_strength=0.1109, global_strength=0.1074, gain=[0.9852,1.0506], saturation=0.0918, text_film=0.0237
up4 haar: reconstruction_error=4.768e-07, skip_low/high=0.8797/0.1203, plam_low/high=1.0000/0.0000
up4 strengths: plam=0.9308, region=0.1109, detail=0.1074; residual_std region/detail/refine=0.3718/0.3967/0.3396
up4 guide_mix: entropy=0.9333, raw_low=0.3143, plam_low=0.1872, decoder_low=0.3834, detail=0.1151; agreement plam/decoder=0.0707/0.6462, support=0.8407+/-0.0770
up4 adaptive_frequency: ALPF strength=0.2482, weights=0.1520/0.7001/0.1479, sum=1.0000, entropy=0.7429, delta_std=0.0542; AHPF strength=0.0737, weights=0.3240/0.5031/0.1729, sum=1.0000, entropy=0.9184, residual_std=0.0840, scaled_std=0.0062
up3: ca=0.9422+/-0.1908, sa=1.0087+/-0.0051, amp=0.0000, suppress=0.0000, guide_abs=0.2472
up3 residuals: local_mean=2.318e-02, global_mean=0.0510, local_strength=0.1132, global_strength=0.1181, gain=[0.9889,1.0411], saturation=0.0059, text_film=0.0263
up3 haar: reconstruction_error=9.537e-07, skip_low/high=0.8020/0.1980, plam_low/high=1.0000/0.0000
up3 strengths: plam=0.9152, region=0.1132, detail=0.1181; residual_std region/detail/refine=0.4195/0.4709/0.3781
up3 guide_mix: entropy=0.9728, raw_low=0.3250, plam_low=0.2268, decoder_low=0.2960, detail=0.1522; agreement plam/decoder=0.3324/-0.3788, support=0.7103+/-0.0981
up3 adaptive_frequency: ALPF strength=0.2557, weights=0.1075/0.4916/0.4009, sum=1.0000, entropy=0.8118, delta_std=0.0413; AHPF strength=0.1083, weights=0.5737/0.1968/0.2295, sum=1.0000, entropy=0.8061, residual_std=0.1008, scaled_std=0.0109
up2: ca=0.8347+/-0.2211, sa=1.0035+/-0.0030, amp=0.0000, suppress=0.0000, guide_abs=0.3090
up2 residuals: local_mean=9.882e-04, global_mean=0.0306, local_strength=0.1223, global_strength=0.1121, gain=[0.9659,1.0432], saturation=0.0001, text_film=0.0806
up2 haar: reconstruction_error=9.537e-07, skip_low/high=0.8445/0.1555, plam_low/high=1.0000/0.0000
up2 strengths: plam=0.8395, region=0.1223, detail=0.1121; residual_std region/detail/refine=0.1925/0.2819/0.1576
up2 guide_mix: entropy=0.9531, raw_low=0.3812, plam_low=0.2428, decoder_low=0.2465, detail=0.1295; agreement plam/decoder=0.6379/-0.0010, support=0.7318+/-0.0560
up1: ca=0.8037+/-0.1771, sa=1.0035+/-0.0116, amp=0.0000, suppress=0.0000, guide_abs=0.2600
up1 residuals: local_mean=1.456e-03, global_mean=0.0353, local_strength=0.1238, global_strength=0.0951, gain=[0.9099,1.0909], saturation=0.0000, text_film=0.0346
up1 haar: reconstruction_error=1.431e-06, skip_low/high=0.8174/0.1826, plam_low/high=1.0000/0.0000
up1 strengths: plam=0.9107, region=0.1238, detail=0.0951; residual_std region/detail/refine=0.2182/0.3771/0.1725
up1 guide_mix: entropy=0.8765, raw_low=0.4712, plam_low=0.1137, decoder_low=0.2964, detail=0.1187; agreement plam/decoder=0.4367/-0.2683, support=0.5901+/-0.0570

========= Epoch [42/80] =========
C4_Test_session_09.09_15h44
Training with batch size : 16
   [Train] Epoch: [42][20/357]  Loss:0.161 (Avg 0.1242) IoU:0.599 (Avg 0.6854) Dice:0.7301 (Avg 0.7929) LR 2.95e-04   (AvgTime 0.6)   
   [Train] Epoch: [42][40/357]  Loss:0.129 (Avg 0.1178) IoU:0.667 (Avg 0.6901) Dice:0.7876 (Avg 0.7969) LR 2.95e-04   (AvgTime 0.5)   
   [Train] Epoch: [42][60/357]  Loss:0.115 (Avg 0.1177) IoU:0.674 (Avg 0.6846) Dice:0.7780 (Avg 0.7921) LR 2.95e-04   (AvgTime 0.5)   
   [Train] Epoch: [42][80/357]  Loss:0.130 (Avg 0.1167) IoU:0.630 (Avg 0.6847) Dice:0.7402 (Avg 0.7922) LR 2.95e-04   (AvgTime 0.5)   
   [Train] Epoch: [42][100/357]  Loss:0.084 (Avg 0.1172) IoU:0.754 (Avg 0.6848) Dice:0.8547 (Avg 0.7926) LR 2.95e-04   (AvgTime 0.5)   
   [Train] Epoch: [42][120/357]  Loss:0.108 (Avg 0.1165) IoU:0.701 (Avg 0.6856) Dice:0.8153 (Avg 0.7931) LR 2.95e-04   (AvgTime 0.5)   
   [Train] Epoch: [42][140/357]  Loss:0.086 (Avg 0.1159) IoU:0.768 (Avg 0.6868) Dice:0.8550 (Avg 0.7942) LR 2.95e-04   (AvgTime 0.5)   
   [Train] Epoch: [42][160/357]  Loss:0.113 (Avg 0.1156) IoU:0.688 (Avg 0.6867) Dice:0.7950 (Avg 0.7943) LR 2.95e-04   (AvgTime 0.5)   
   [Train] Epoch: [42][180/357]  Loss:0.085 (Avg 0.1153) IoU:0.754 (Avg 0.6862) Dice:0.8435 (Avg 0.7939) LR 2.95e-04   (AvgTime 0.5)   
   [Train] Epoch: [42][200/357]  Loss:0.136 (Avg 0.1163) IoU:0.628 (Avg 0.6840) Dice:0.7472 (Avg 0.7919) LR 2.95e-04   (AvgTime 0.5)   
   [Train] Epoch: [42][220/357]  Loss:0.091 (Avg 0.1164) IoU:0.716 (Avg 0.6837) Dice:0.8276 (Avg 0.7917) LR 2.95e-04   (AvgTime 0.5)   
   [Train] Epoch: [42][240/357]  Loss:0.126 (Avg 0.1155) IoU:0.671 (Avg 0.6847) Dice:0.7599 (Avg 0.7926) LR 2.95e-04   (AvgTime 0.5)   
   [Train] Epoch: [42][260/357]  Loss:0.126 (Avg 0.1151) IoU:0.648 (Avg 0.6854) Dice:0.7591 (Avg 0.7929) LR 2.95e-04   (AvgTime 0.5)   
   [Train] Epoch: [42][280/357]  Loss:0.144 (Avg 0.1145) IoU:0.656 (Avg 0.6862) Dice:0.7599 (Avg 0.7936) LR 2.95e-04   (AvgTime 0.5)   
   [Train] Epoch: [42][300/357]  Loss:0.102 (Avg 0.1142) IoU:0.731 (Avg 0.6872) Dice:0.8373 (Avg 0.7944) LR 2.95e-04   (AvgTime 0.5)   
   [Train] Epoch: [42][320/357]  Loss:0.085 (Avg 0.1138) IoU:0.767 (Avg 0.6877) Dice:0.8602 (Avg 0.7949) LR 2.95e-04   (AvgTime 0.5)   
   [Train] Epoch: [42][340/357]  Loss:0.071 (Avg 0.1133) IoU:0.782 (Avg 0.6885) Dice:0.8728 (Avg 0.7954) LR 2.95e-04   (AvgTime 0.5)   
   [Train] Epoch: [42][357/357]  Loss:0.127 (Avg 0.1136) IoU:0.693 (Avg 0.6879) Dice:0.8012 (Avg 0.7949) LR 2.95e-04   (AvgTime 0.5)   
   [Train] Loss components: dice=0.178936, focal=0.048269, total=0.113602
Validation
   [Val] Epoch: [42][20/90]  Loss:0.141 (Avg 0.1154) IoU:0.647 (Avg 0.6952) Dice:0.7610 (Avg 0.8016) (AvgTime 0.2)   
   [Val] Epoch: [42][40/90]  Loss:0.104 (Avg 0.1219) IoU:0.691 (Avg 0.6780) Dice:0.8011 (Avg 0.7851) (AvgTime 0.2)   
   [Val] Epoch: [42][60/90]  Loss:0.144 (Avg 0.1150) IoU:0.638 (Avg 0.6876) Dice:0.7451 (Avg 0.7917) (AvgTime 0.2)   
   [Val] Epoch: [42][80/90]  Loss:0.107 (Avg 0.1146) IoU:0.680 (Avg 0.6853) Dice:0.7930 (Avg 0.7904) (AvgTime 0.2)   
   [Val] Epoch: [42][90/90]  Loss:0.134 (Avg 0.1140) IoU:0.609 (Avg 0.6855) Dice:0.7431 (Avg 0.7907) (AvgTime 0.2)   
   [Val] Loss components: dice=0.181680, focal=0.046370, total=0.114025
	 No iou improvement; selected epoch 40
	 early_stopping_count: 2/80
--- Epoch History (1..42) ---
Epoch |  TrainLoss |  TrainDice |  TrainIoU |    ValLoss |    ValDice |    ValIoU |         LR | Best
    1 |     0.2379 |     0.6073 |    0.4776 |     0.1928 |     0.6881 |    0.5656 |   3.00e-04 |     
    2 |     0.1735 |     0.6993 |    0.5754 |     0.1794 |     0.6884 |    0.5646 |   2.95e-04 |     
    3 |     0.1551 |     0.7275 |    0.6080 |     0.1434 |     0.7519 |    0.6362 |   2.81e-04 |     
    4 |     0.1433 |     0.7455 |    0.6288 |     0.1249 |     0.7776 |    0.6670 |   2.59e-04 |     
    5 |     0.1385 |     0.7532 |    0.6372 |     0.1294 |     0.7623 |    0.6477 |   2.31e-04 |     
    6 |     0.1322 |     0.7635 |    0.6498 |     0.1199 |     0.7896 |    0.6818 |   2.00e-04 |     
    7 |     0.1269 |     0.7728 |    0.6612 |     0.1228 |     0.7847 |    0.6751 |   1.69e-04 |     
    8 |     0.1217 |     0.7793 |    0.6692 |     0.1136 |     0.7979 |    0.6923 |   1.41e-04 |     
    9 |     0.1195 |     0.7835 |    0.6745 |     0.1192 |     0.7913 |    0.6831 |   1.19e-04 |     
   10 |     0.1163 |     0.7892 |    0.6813 |     0.1168 |     0.7850 |    0.6775 |   1.05e-04 |     
   11 |     0.1403 |     0.7517 |    0.6355 |     0.1291 |     0.7743 |    0.6602 |   3.00e-04 |     
   12 |     0.1316 |     0.7641 |    0.6512 |     0.1328 |     0.7636 |    0.6512 |   2.95e-04 |     
   13 |     0.1263 |     0.7730 |    0.6610 |     0.1408 |     0.7642 |    0.6509 |   2.81e-04 |     
   14 |     0.1252 |     0.7749 |    0.6635 |     0.1187 |     0.7935 |    0.6862 |   2.59e-04 |     
   15 |     0.1216 |     0.7807 |    0.6707 |     0.1123 |     0.7925 |    0.6844 |   2.31e-04 |     
   16 |     0.1180 |     0.7858 |    0.6774 |     0.1121 |     0.7992 |    0.6935 |   2.00e-04 |     
   17 |     0.1145 |     0.7921 |    0.6845 |     0.1114 |     0.7926 |    0.6854 |   1.69e-04 |     
   18 |     0.1124 |     0.7968 |    0.6900 |     0.1102 |     0.7951 |    0.6874 |   1.41e-04 |     
   19 |     0.1090 |     0.8008 |    0.6956 |     0.1142 |     0.7864 |    0.6784 |   1.19e-04 |     
   20 |     0.1076 |     0.8033 |    0.6987 |     0.1081 |     0.8027 |    0.6994 |   1.05e-04 |     
   21 |     0.1296 |     0.7684 |    0.6551 |     0.1237 |     0.7932 |    0.6871 |   3.00e-04 |     
   22 |     0.1231 |     0.7788 |    0.6680 |     0.1142 |     0.7894 |    0.6830 |   2.95e-04 |     
   23 |     0.1186 |     0.7855 |    0.6772 |     0.1121 |     0.7973 |    0.6918 |   2.81e-04 |     
   24 |     0.1175 |     0.7876 |    0.6793 |     0.1139 |     0.7888 |    0.6777 |   2.59e-04 |     
   25 |     0.1131 |     0.7947 |    0.6877 |     0.1212 |     0.7900 |    0.6812 |   2.31e-04 |     
   26 |     0.1134 |     0.7939 |    0.6870 |     0.1299 |     0.7857 |    0.6759 |   2.00e-04 |     
   27 |     0.1086 |     0.8025 |    0.6975 |     0.1125 |     0.8038 |    0.7003 |   1.69e-04 |     
   28 |     0.1069 |     0.8047 |    0.7000 |     0.1081 |     0.8043 |    0.7013 |   1.41e-04 |     
   29 |     0.1049 |     0.8077 |    0.7042 |     0.1050 |     0.8113 |    0.7096 |   1.19e-04 |     
   30 |     0.1030 |     0.8122 |    0.7095 |     0.1044 |     0.8053 |    0.7023 |   1.05e-04 |     
   31 |     0.1188 |     0.7865 |    0.6768 |     0.1150 |     0.7858 |    0.6746 |   3.00e-04 |     
   32 |     0.1153 |     0.7911 |    0.6832 |     0.1292 |     0.7794 |    0.6715 |   2.95e-04 |     
   33 |     0.1150 |     0.7921 |    0.6843 |     0.1150 |     0.8012 |    0.6967 |   2.81e-04 |     
   34 |     0.1112 |     0.7986 |    0.6925 |     0.1107 |     0.8075 |    0.7053 |   2.59e-04 |     
   35 |     0.1107 |     0.7991 |    0.6931 |     0.1144 |     0.7942 |    0.6877 |   2.31e-04 |     
   36 |     0.1077 |     0.8042 |    0.7001 |     0.1050 |     0.8097 |    0.7081 |   2.00e-04 |     
   37 |     0.1045 |     0.8089 |    0.7059 |     0.1193 |     0.7762 |    0.6666 |   1.69e-04 |     
   38 |     0.1020 |     0.8126 |    0.7104 |     0.1119 |     0.8108 |    0.7088 |   1.41e-04 |     
   39 |     0.0996 |     0.8173 |    0.7164 |     0.1080 |     0.8134 |    0.7133 |   1.19e-04 |     
   40 |     0.0989 |     0.8176 |    0.7170 |     0.1020 |     0.8155 |    0.7161 |   1.05e-04 |    *
   41 |     0.1137 |     0.7945 |    0.6866 |     0.3099 |     0.6225 |    0.4941 |   3.00e-04 |     
   42 |     0.1136 |     0.7949 |    0.6879 |     0.1140 |     0.7907 |    0.6855 |   2.95e-04 |     
--- RACE-PE 80e validation screen: control validation statistics ---
up4: ca=0.8513+/-0.1412, sa=1.0101+/-0.0085, amp=0.0000, suppress=0.0000, guide_abs=0.2295
up4 residuals: local_mean=6.512e-02, global_mean=0.0272, local_strength=0.1112, global_strength=0.1080, gain=[0.9964,1.0610], saturation=0.1276, text_film=0.0212
up4 haar: reconstruction_error=9.537e-07, skip_low/high=0.8047/0.1953, plam_low/high=1.0000/0.0000
up4 strengths: plam=0.9272, region=0.1112, detail=0.1080; residual_std region/detail/refine=0.3820/0.4420/0.3753
up4 guide_mix: entropy=0.9783, raw_low=0.3408, plam_low=0.2330, decoder_low=0.2568, detail=0.1694; agreement plam/decoder=0.5953/0.4667, support=0.7824+/-0.1238
up4 adaptive_frequency: ALPF strength=0.2489, weights=0.1481/0.7090/0.1429, sum=1.0000, entropy=0.7308, delta_std=0.0707; AHPF strength=0.0737, weights=0.3386/0.4941/0.1673, sum=1.0000, entropy=0.9196, residual_std=0.0942, scaled_std=0.0069
up3: ca=0.9530+/-0.1806, sa=1.0092+/-0.0053, amp=0.0000, suppress=0.0000, guide_abs=0.2311
up3 residuals: local_mean=1.856e-02, global_mean=0.0596, local_strength=0.1134, global_strength=0.1186, gain=[0.9901,1.0377], saturation=0.0161, text_film=0.0339
up3 haar: reconstruction_error=9.537e-07, skip_low/high=0.7789/0.2211, plam_low/high=1.0000/0.0000
up3 strengths: plam=0.9112, region=0.1134, detail=0.1186; residual_std region/detail/refine=0.4336/0.5160/0.4290
up3 guide_mix: entropy=0.9788, raw_low=0.3319, plam_low=0.2203, decoder_low=0.2768, detail=0.1710; agreement plam/decoder=0.6672/0.2271, support=0.6933+/-0.1104
up3 adaptive_frequency: ALPF strength=0.2567, weights=0.0990/0.4910/0.4099, sum=1.0000, entropy=0.7906, delta_std=0.0719; AHPF strength=0.1100, weights=0.7136/0.1567/0.1297, sum=1.0000, entropy=0.6513, residual_std=0.0713, scaled_std=0.0078
up2: ca=0.8235+/-0.1591, sa=1.0040+/-0.0036, amp=0.0000, suppress=0.0000, guide_abs=0.3920
up2 residuals: local_mean=5.081e-03, global_mean=0.0297, local_strength=0.1233, global_strength=0.1126, gain=[0.9640,1.0488], saturation=0.0024, text_film=0.0690
up2 haar: reconstruction_error=9.537e-07, skip_low/high=0.8195/0.1805, plam_low/high=1.0000/0.0000
up2 strengths: plam=0.8313, region=0.1233, detail=0.1126; residual_std region/detail/refine=0.2230/0.3233/0.1798
up2 guide_mix: entropy=0.9502, raw_low=0.3286, plam_low=0.1843, decoder_low=0.3499, detail=0.1372; agreement plam/decoder=0.6345/0.3268, support=0.7195+/-0.0670
up1: ca=0.7814+/-0.1553, sa=1.0039+/-0.0119, amp=0.0000, suppress=0.0000, guide_abs=0.2141
up1 residuals: local_mean=1.922e-03, global_mean=0.0391, local_strength=0.1244, global_strength=0.0944, gain=[0.9092,1.0915], saturation=0.0000, text_film=0.0407
up1 haar: reconstruction_error=1.431e-06, skip_low/high=0.7349/0.2651, plam_low/high=1.0000/0.0000
up1 strengths: plam=0.9086, region=0.1244, detail=0.0944; residual_std region/detail/refine=0.2147/0.3785/0.1783
up1 guide_mix: entropy=0.9302, raw_low=0.2880, plam_low=0.2045, decoder_low=0.3999, detail=0.1076; agreement plam/decoder=0.1841/-0.0745, support=0.5948+/-0.0639

========= Epoch [43/80] =========
C4_Test_session_09.09_15h44
Training with batch size : 16
   [Train] Epoch: [43][20/357]  Loss:0.105 (Avg 0.1062) IoU:0.688 (Avg 0.6995) Dice:0.8050 (Avg 0.8040) LR 2.81e-04   (AvgTime 0.6)   
   [Train] Epoch: [43][40/357]  Loss:0.099 (Avg 0.1033) IoU:0.705 (Avg 0.7074) Dice:0.8150 (Avg 0.8109) LR 2.81e-04   (AvgTime 0.6)   
   [Train] Epoch: [43][60/357]  Loss:0.104 (Avg 0.1111) IoU:0.717 (Avg 0.6931) Dice:0.8048 (Avg 0.7977) LR 2.81e-04   (AvgTime 0.6)   
   [Train] Epoch: [43][80/357]  Loss:0.059 (Avg 0.1101) IoU:0.829 (Avg 0.6949) Dice:0.9031 (Avg 0.7994) LR 2.81e-04   (AvgTime 0.6)   
   [Train] Epoch: [43][100/357]  Loss:0.104 (Avg 0.1104) IoU:0.680 (Avg 0.6944) Dice:0.7989 (Avg 0.7992) LR 2.81e-04   (AvgTime 0.5)   
   [Train] Epoch: [43][120/357]  Loss:0.124 (Avg 0.1111) IoU:0.675 (Avg 0.6943) Dice:0.7874 (Avg 0.7986) LR 2.81e-04   (AvgTime 0.5)   
   [Train] Epoch: [43][140/357]  Loss:0.079 (Avg 0.1118) IoU:0.771 (Avg 0.6928) Dice:0.8594 (Avg 0.7970) LR 2.81e-04   (AvgTime 0.5)   
   [Train] Epoch: [43][160/357]  Loss:0.105 (Avg 0.1106) IoU:0.703 (Avg 0.6953) Dice:0.8097 (Avg 0.7991) LR 2.81e-04   (AvgTime 0.5)   
   [Train] Epoch: [43][180/357]  Loss:0.123 (Avg 0.1106) IoU:0.682 (Avg 0.6948) Dice:0.7919 (Avg 0.7989) LR 2.81e-04   (AvgTime 0.5)   
   [Train] Epoch: [43][200/357]  Loss:0.073 (Avg 0.1098) IoU:0.759 (Avg 0.6960) Dice:0.8564 (Avg 0.8000) LR 2.81e-04   (AvgTime 0.5)   
   [Train] Epoch: [43][220/357]  Loss:0.101 (Avg 0.1094) IoU:0.717 (Avg 0.6965) Dice:0.8159 (Avg 0.8007) LR 2.81e-04   (AvgTime 0.5)   
   [Train] Epoch: [43][240/357]  Loss:0.100 (Avg 0.1093) IoU:0.702 (Avg 0.6965) Dice:0.8099 (Avg 0.8011) LR 2.81e-04   (AvgTime 0.5)   
   [Train] Epoch: [43][260/357]  Loss:0.130 (Avg 0.1095) IoU:0.658 (Avg 0.6951) Dice:0.7642 (Avg 0.8002) LR 2.81e-04   (AvgTime 0.5)   
   [Train] Epoch: [43][280/357]  Loss:0.160 (Avg 0.1094) IoU:0.579 (Avg 0.6953) Dice:0.7129 (Avg 0.8004) LR 2.81e-04   (AvgTime 0.5)   
   [Train] Epoch: [43][300/357]  Loss:0.093 (Avg 0.1096) IoU:0.753 (Avg 0.6955) Dice:0.8476 (Avg 0.8003) LR 2.81e-04   (AvgTime 0.5)   
   [Train] Epoch: [43][320/357]  Loss:0.086 (Avg 0.1098) IoU:0.750 (Avg 0.6948) Dice:0.8386 (Avg 0.7999) LR 2.81e-04   (AvgTime 0.5)   
   [Train] Epoch: [43][340/357]  Loss:0.108 (Avg 0.1106) IoU:0.712 (Avg 0.6931) Dice:0.8168 (Avg 0.7985) LR 2.81e-04   (AvgTime 0.5)   
   [Train] Epoch: [43][357/357]  Loss:0.078 (Avg 0.1107) IoU:0.767 (Avg 0.6929) Dice:0.8659 (Avg 0.7985) LR 2.81e-04   (AvgTime 0.5)   
   [Train] Loss components: dice=0.175017, focal=0.046354, total=0.110685
Validation
   [Val] Epoch: [43][20/90]  Loss:0.131 (Avg 0.1086) IoU:0.662 (Avg 0.7035) Dice:0.7811 (Avg 0.8099) (AvgTime 0.2)   
   [Val] Epoch: [43][40/90]  Loss:0.107 (Avg 0.1164) IoU:0.671 (Avg 0.6835) Dice:0.7896 (Avg 0.7915) (AvgTime 0.2)   
   [Val] Epoch: [43][60/90]  Loss:0.138 (Avg 0.1105) IoU:0.644 (Avg 0.6923) Dice:0.7516 (Avg 0.7976) (AvgTime 0.2)   
   [Val] Epoch: [43][80/90]  Loss:0.101 (Avg 0.1100) IoU:0.681 (Avg 0.6900) Dice:0.7944 (Avg 0.7959) (AvgTime 0.2)   
   [Val] Epoch: [43][90/90]  Loss:0.128 (Avg 0.1100) IoU:0.608 (Avg 0.6900) Dice:0.7435 (Avg 0.7960) (AvgTime 0.2)   
   [Val] Loss components: dice=0.177613, focal=0.042294, total=0.109953
	 No iou improvement; selected epoch 40
	 early_stopping_count: 3/80
--- Epoch History (1..43) ---
Epoch |  TrainLoss |  TrainDice |  TrainIoU |    ValLoss |    ValDice |    ValIoU |         LR | Best
    1 |     0.2379 |     0.6073 |    0.4776 |     0.1928 |     0.6881 |    0.5656 |   3.00e-04 |     
    2 |     0.1735 |     0.6993 |    0.5754 |     0.1794 |     0.6884 |    0.5646 |   2.95e-04 |     
    3 |     0.1551 |     0.7275 |    0.6080 |     0.1434 |     0.7519 |    0.6362 |   2.81e-04 |     
    4 |     0.1433 |     0.7455 |    0.6288 |     0.1249 |     0.7776 |    0.6670 |   2.59e-04 |     
    5 |     0.1385 |     0.7532 |    0.6372 |     0.1294 |     0.7623 |    0.6477 |   2.31e-04 |     
    6 |     0.1322 |     0.7635 |    0.6498 |     0.1199 |     0.7896 |    0.6818 |   2.00e-04 |     
    7 |     0.1269 |     0.7728 |    0.6612 |     0.1228 |     0.7847 |    0.6751 |   1.69e-04 |     
    8 |     0.1217 |     0.7793 |    0.6692 |     0.1136 |     0.7979 |    0.6923 |   1.41e-04 |     
    9 |     0.1195 |     0.7835 |    0.6745 |     0.1192 |     0.7913 |    0.6831 |   1.19e-04 |     
   10 |     0.1163 |     0.7892 |    0.6813 |     0.1168 |     0.7850 |    0.6775 |   1.05e-04 |     
   11 |     0.1403 |     0.7517 |    0.6355 |     0.1291 |     0.7743 |    0.6602 |   3.00e-04 |     
   12 |     0.1316 |     0.7641 |    0.6512 |     0.1328 |     0.7636 |    0.6512 |   2.95e-04 |     
   13 |     0.1263 |     0.7730 |    0.6610 |     0.1408 |     0.7642 |    0.6509 |   2.81e-04 |     
   14 |     0.1252 |     0.7749 |    0.6635 |     0.1187 |     0.7935 |    0.6862 |   2.59e-04 |     
   15 |     0.1216 |     0.7807 |    0.6707 |     0.1123 |     0.7925 |    0.6844 |   2.31e-04 |     
   16 |     0.1180 |     0.7858 |    0.6774 |     0.1121 |     0.7992 |    0.6935 |   2.00e-04 |     
   17 |     0.1145 |     0.7921 |    0.6845 |     0.1114 |     0.7926 |    0.6854 |   1.69e-04 |     
   18 |     0.1124 |     0.7968 |    0.6900 |     0.1102 |     0.7951 |    0.6874 |   1.41e-04 |     
   19 |     0.1090 |     0.8008 |    0.6956 |     0.1142 |     0.7864 |    0.6784 |   1.19e-04 |     
   20 |     0.1076 |     0.8033 |    0.6987 |     0.1081 |     0.8027 |    0.6994 |   1.05e-04 |     
   21 |     0.1296 |     0.7684 |    0.6551 |     0.1237 |     0.7932 |    0.6871 |   3.00e-04 |     
   22 |     0.1231 |     0.7788 |    0.6680 |     0.1142 |     0.7894 |    0.6830 |   2.95e-04 |     
   23 |     0.1186 |     0.7855 |    0.6772 |     0.1121 |     0.7973 |    0.6918 |   2.81e-04 |     
   24 |     0.1175 |     0.7876 |    0.6793 |     0.1139 |     0.7888 |    0.6777 |   2.59e-04 |     
   25 |     0.1131 |     0.7947 |    0.6877 |     0.1212 |     0.7900 |    0.6812 |   2.31e-04 |     
   26 |     0.1134 |     0.7939 |    0.6870 |     0.1299 |     0.7857 |    0.6759 |   2.00e-04 |     
   27 |     0.1086 |     0.8025 |    0.6975 |     0.1125 |     0.8038 |    0.7003 |   1.69e-04 |     
   28 |     0.1069 |     0.8047 |    0.7000 |     0.1081 |     0.8043 |    0.7013 |   1.41e-04 |     
   29 |     0.1049 |     0.8077 |    0.7042 |     0.1050 |     0.8113 |    0.7096 |   1.19e-04 |     
   30 |     0.1030 |     0.8122 |    0.7095 |     0.1044 |     0.8053 |    0.7023 |   1.05e-04 |     
   31 |     0.1188 |     0.7865 |    0.6768 |     0.1150 |     0.7858 |    0.6746 |   3.00e-04 |     
   32 |     0.1153 |     0.7911 |    0.6832 |     0.1292 |     0.7794 |    0.6715 |   2.95e-04 |     
   33 |     0.1150 |     0.7921 |    0.6843 |     0.1150 |     0.8012 |    0.6967 |   2.81e-04 |     
   34 |     0.1112 |     0.7986 |    0.6925 |     0.1107 |     0.8075 |    0.7053 |   2.59e-04 |     
   35 |     0.1107 |     0.7991 |    0.6931 |     0.1144 |     0.7942 |    0.6877 |   2.31e-04 |     
   36 |     0.1077 |     0.8042 |    0.7001 |     0.1050 |     0.8097 |    0.7081 |   2.00e-04 |     
   37 |     0.1045 |     0.8089 |    0.7059 |     0.1193 |     0.7762 |    0.6666 |   1.69e-04 |     
   38 |     0.1020 |     0.8126 |    0.7104 |     0.1119 |     0.8108 |    0.7088 |   1.41e-04 |     
   39 |     0.0996 |     0.8173 |    0.7164 |     0.1080 |     0.8134 |    0.7133 |   1.19e-04 |     
   40 |     0.0989 |     0.8176 |    0.7170 |     0.1020 |     0.8155 |    0.7161 |   1.05e-04 |    *
   41 |     0.1137 |     0.7945 |    0.6866 |     0.3099 |     0.6225 |    0.4941 |   3.00e-04 |     
   42 |     0.1136 |     0.7949 |    0.6879 |     0.1140 |     0.7907 |    0.6855 |   2.95e-04 |     
   43 |     0.1107 |     0.7985 |    0.6929 |     0.1100 |     0.7960 |    0.6900 |   2.81e-04 |     
--- RACE-PE 80e validation screen: control validation statistics ---
up4: ca=0.8390+/-0.1367, sa=1.0090+/-0.0083, amp=0.0000, suppress=0.0000, guide_abs=0.2100
up4 residuals: local_mean=6.213e-02, global_mean=0.0200, local_strength=0.1113, global_strength=0.1086, gain=[0.9870,1.0634], saturation=0.0918, text_film=0.0205
up4 haar: reconstruction_error=9.537e-07, skip_low/high=0.8077/0.1923, plam_low/high=1.0000/0.0000
up4 strengths: plam=0.9254, region=0.1113, detail=0.1086; residual_std region/detail/refine=0.3690/0.4537/0.3867
up4 guide_mix: entropy=0.9801, raw_low=0.3295, plam_low=0.2462, decoder_low=0.2580, detail=0.1663; agreement plam/decoder=0.3274/0.2364, support=0.7713+/-0.1169
up4 adaptive_frequency: ALPF strength=0.2491, weights=0.1502/0.7052/0.1446, sum=1.0000, entropy=0.7353, delta_std=0.0756; AHPF strength=0.0735, weights=0.3425/0.4966/0.1609, sum=1.0000, entropy=0.9066, residual_std=0.0949, scaled_std=0.0070
up3: ca=0.9433+/-0.1885, sa=1.0083+/-0.0054, amp=0.0000, suppress=0.0000, guide_abs=0.2143
up3 residuals: local_mean=1.861e-02, global_mean=0.0521, local_strength=0.1137, global_strength=0.1187, gain=[0.9849,1.0362], saturation=0.0281, text_film=0.0365
up3 haar: reconstruction_error=9.537e-07, skip_low/high=0.7679/0.2321, plam_low/high=1.0000/0.0000
up3 strengths: plam=0.9085, region=0.1137, detail=0.1187; residual_std region/detail/refine=0.4174/0.4860/0.3992
up3 guide_mix: entropy=0.9808, raw_low=0.3150, plam_low=0.2234, decoder_low=0.2910, detail=0.1707; agreement plam/decoder=0.6362/0.1942, support=0.6687+/-0.1215
up3 adaptive_frequency: ALPF strength=0.2579, weights=0.1261/0.5776/0.2963, sum=1.0000, entropy=0.7666, delta_std=0.0700; AHPF strength=0.1110, weights=0.5433/0.2238/0.2329, sum=1.0000, entropy=0.7968, residual_std=0.1083, scaled_std=0.0120
up2: ca=0.8156+/-0.1786, sa=1.0045+/-0.0032, amp=0.0000, suppress=0.0000, guide_abs=0.3768
up2 residuals: local_mean=3.887e-03, global_mean=0.0358, local_strength=0.1240, global_strength=0.1128, gain=[0.9679,1.0461], saturation=0.0031, text_film=0.0589
up2 haar: reconstruction_error=1.371e-06, skip_low/high=0.8286/0.1714, plam_low/high=1.0000/0.0000
up2 strengths: plam=0.8256, region=0.1240, detail=0.1128; residual_std region/detail/refine=0.2239/0.3052/0.1653
up2 guide_mix: entropy=0.9467, raw_low=0.3278, plam_low=0.1807, decoder_low=0.3570, detail=0.1345; agreement plam/decoder=0.5634/0.2701, support=0.7295+/-0.0699
up1: ca=0.7856+/-0.1579, sa=1.0042+/-0.0121, amp=0.0000, suppress=0.0000, guide_abs=0.2577
up1 residuals: local_mean=1.182e-03, global_mean=0.0435, local_strength=0.1248, global_strength=0.0936, gain=[0.9093,1.0915], saturation=0.0000, text_film=0.0378
up1 haar: reconstruction_error=1.907e-06, skip_low/high=0.7339/0.2661, plam_low/high=1.0000/0.0000
up1 strengths: plam=0.9067, region=0.1248, detail=0.0936; residual_std region/detail/refine=0.2595/0.3959/0.1849
up1 guide_mix: entropy=0.9226, raw_low=0.3132, plam_low=0.1657, decoder_low=0.4039, detail=0.1172; agreement plam/decoder=0.4532/0.1225, support=0.5928+/-0.0675

========= Epoch [44/80] =========
C4_Test_session_09.09_15h44
Training with batch size : 16
   [Train] Epoch: [44][20/357]  Loss:0.123 (Avg 0.1086) IoU:0.642 (Avg 0.6980) Dice:0.7620 (Avg 0.8042) LR 2.59e-04   (AvgTime 0.5)   
   [Train] Epoch: [44][40/357]  Loss:0.096 (Avg 0.1087) IoU:0.705 (Avg 0.7005) Dice:0.8153 (Avg 0.8039) LR 2.59e-04   (AvgTime 0.6)   
   [Train] Epoch: [44][60/357]  Loss:0.093 (Avg 0.1078) IoU:0.713 (Avg 0.7007) Dice:0.8264 (Avg 0.8056) LR 2.59e-04   (AvgTime 0.6)   
   [Train] Epoch: [44][80/357]  Loss:0.130 (Avg 0.1076) IoU:0.672 (Avg 0.7007) Dice:0.7884 (Avg 0.8054) LR 2.59e-04   (AvgTime 0.6)   
   [Train] Epoch: [44][100/357]  Loss:0.089 (Avg 0.1052) IoU:0.750 (Avg 0.7066) Dice:0.8482 (Avg 0.8102) LR 2.59e-04   (AvgTime 0.6)   
   [Train] Epoch: [44][120/357]  Loss:0.096 (Avg 0.1051) IoU:0.724 (Avg 0.7066) Dice:0.8037 (Avg 0.8102) LR 2.59e-04   (AvgTime 0.6)   
   [Train] Epoch: [44][140/357]  Loss:0.082 (Avg 0.1035) IoU:0.758 (Avg 0.7093) Dice:0.8509 (Avg 0.8122) LR 2.59e-04   (AvgTime 0.6)   
   [Train] Epoch: [44][160/357]  Loss:0.073 (Avg 0.1040) IoU:0.773 (Avg 0.7087) Dice:0.8647 (Avg 0.8114) LR 2.59e-04   (AvgTime 0.5)   
   [Train] Epoch: [44][180/357]  Loss:0.098 (Avg 0.1032) IoU:0.708 (Avg 0.7105) Dice:0.8146 (Avg 0.8129) LR 2.59e-04   (AvgTime 0.5)   
   [Train] Epoch: [44][200/357]  Loss:0.115 (Avg 0.1039) IoU:0.695 (Avg 0.7082) Dice:0.8017 (Avg 0.8114) LR 2.59e-04   (AvgTime 0.5)   
   [Train] Epoch: [44][220/357]  Loss:0.124 (Avg 0.1046) IoU:0.656 (Avg 0.7064) Dice:0.7687 (Avg 0.8099) LR 2.59e-04   (AvgTime 0.5)   
   [Train] Epoch: [44][240/357]  Loss:0.144 (Avg 0.1053) IoU:0.600 (Avg 0.7047) Dice:0.7339 (Avg 0.8084) LR 2.59e-04   (AvgTime 0.5)   
   [Train] Epoch: [44][260/357]  Loss:0.087 (Avg 0.1053) IoU:0.741 (Avg 0.7041) Dice:0.8412 (Avg 0.8081) LR 2.59e-04   (AvgTime 0.5)   
   [Train] Epoch: [44][280/357]  Loss:0.164 (Avg 0.1059) IoU:0.593 (Avg 0.7023) Dice:0.7019 (Avg 0.8065) LR 2.59e-04   (AvgTime 0.5)   
   [Train] Epoch: [44][300/357]  Loss:0.102 (Avg 0.1059) IoU:0.718 (Avg 0.7027) Dice:0.8043 (Avg 0.8067) LR 2.59e-04   (AvgTime 0.5)   
   [Train] Epoch: [44][320/357]  Loss:0.082 (Avg 0.1060) IoU:0.753 (Avg 0.7025) Dice:0.8493 (Avg 0.8066) LR 2.59e-04   (AvgTime 0.5)   
   [Train] Epoch: [44][340/357]  Loss:0.071 (Avg 0.1063) IoU:0.770 (Avg 0.7018) Dice:0.8664 (Avg 0.8060) LR 2.59e-04   (AvgTime 0.5)   
   [Train] Epoch: [44][357/357]  Loss:0.124 (Avg 0.1067) IoU:0.645 (Avg 0.7006) Dice:0.7564 (Avg 0.8051) LR 2.59e-04   (AvgTime 0.5)   
   [Train] Loss components: dice=0.169006, focal=0.044443, total=0.106724
Validation
   [Val] Epoch: [44][20/90]  Loss:0.134 (Avg 0.1154) IoU:0.663 (Avg 0.6935) Dice:0.7828 (Avg 0.8025) (AvgTime 0.2)   
   [Val] Epoch: [44][40/90]  Loss:0.119 (Avg 0.1232) IoU:0.644 (Avg 0.6740) Dice:0.7688 (Avg 0.7838) (AvgTime 0.2)   
   [Val] Epoch: [44][60/90]  Loss:0.131 (Avg 0.1155) IoU:0.654 (Avg 0.6837) Dice:0.7566 (Avg 0.7907) (AvgTime 0.2)   
   [Val] Epoch: [44][80/90]  Loss:0.115 (Avg 0.1145) IoU:0.657 (Avg 0.6813) Dice:0.7736 (Avg 0.7894) (AvgTime 0.2)   
   [Val] Epoch: [44][90/90]  Loss:0.136 (Avg 0.1145) IoU:0.594 (Avg 0.6807) Dice:0.7312 (Avg 0.7889) (AvgTime 0.2)   
   [Val] Loss components: dice=0.181999, focal=0.047088, total=0.114544
	 No iou improvement; selected epoch 40
	 early_stopping_count: 4/80
--- Epoch History (1..44) ---
Epoch |  TrainLoss |  TrainDice |  TrainIoU |    ValLoss |    ValDice |    ValIoU |         LR | Best
    1 |     0.2379 |     0.6073 |    0.4776 |     0.1928 |     0.6881 |    0.5656 |   3.00e-04 |     
    2 |     0.1735 |     0.6993 |    0.5754 |     0.1794 |     0.6884 |    0.5646 |   2.95e-04 |     
    3 |     0.1551 |     0.7275 |    0.6080 |     0.1434 |     0.7519 |    0.6362 |   2.81e-04 |     
    4 |     0.1433 |     0.7455 |    0.6288 |     0.1249 |     0.7776 |    0.6670 |   2.59e-04 |     
    5 |     0.1385 |     0.7532 |    0.6372 |     0.1294 |     0.7623 |    0.6477 |   2.31e-04 |     
    6 |     0.1322 |     0.7635 |    0.6498 |     0.1199 |     0.7896 |    0.6818 |   2.00e-04 |     
    7 |     0.1269 |     0.7728 |    0.6612 |     0.1228 |     0.7847 |    0.6751 |   1.69e-04 |     
    8 |     0.1217 |     0.7793 |    0.6692 |     0.1136 |     0.7979 |    0.6923 |   1.41e-04 |     
    9 |     0.1195 |     0.7835 |    0.6745 |     0.1192 |     0.7913 |    0.6831 |   1.19e-04 |     
   10 |     0.1163 |     0.7892 |    0.6813 |     0.1168 |     0.7850 |    0.6775 |   1.05e-04 |     
   11 |     0.1403 |     0.7517 |    0.6355 |     0.1291 |     0.7743 |    0.6602 |   3.00e-04 |     
   12 |     0.1316 |     0.7641 |    0.6512 |     0.1328 |     0.7636 |    0.6512 |   2.95e-04 |     
   13 |     0.1263 |     0.7730 |    0.6610 |     0.1408 |     0.7642 |    0.6509 |   2.81e-04 |     
   14 |     0.1252 |     0.7749 |    0.6635 |     0.1187 |     0.7935 |    0.6862 |   2.59e-04 |     
   15 |     0.1216 |     0.7807 |    0.6707 |     0.1123 |     0.7925 |    0.6844 |   2.31e-04 |     
   16 |     0.1180 |     0.7858 |    0.6774 |     0.1121 |     0.7992 |    0.6935 |   2.00e-04 |     
   17 |     0.1145 |     0.7921 |    0.6845 |     0.1114 |     0.7926 |    0.6854 |   1.69e-04 |     
   18 |     0.1124 |     0.7968 |    0.6900 |     0.1102 |     0.7951 |    0.6874 |   1.41e-04 |     
   19 |     0.1090 |     0.8008 |    0.6956 |     0.1142 |     0.7864 |    0.6784 |   1.19e-04 |     
   20 |     0.1076 |     0.8033 |    0.6987 |     0.1081 |     0.8027 |    0.6994 |   1.05e-04 |     
   21 |     0.1296 |     0.7684 |    0.6551 |     0.1237 |     0.7932 |    0.6871 |   3.00e-04 |     
   22 |     0.1231 |     0.7788 |    0.6680 |     0.1142 |     0.7894 |    0.6830 |   2.95e-04 |     
   23 |     0.1186 |     0.7855 |    0.6772 |     0.1121 |     0.7973 |    0.6918 |   2.81e-04 |     
   24 |     0.1175 |     0.7876 |    0.6793 |     0.1139 |     0.7888 |    0.6777 |   2.59e-04 |     
   25 |     0.1131 |     0.7947 |    0.6877 |     0.1212 |     0.7900 |    0.6812 |   2.31e-04 |     
   26 |     0.1134 |     0.7939 |    0.6870 |     0.1299 |     0.7857 |    0.6759 |   2.00e-04 |     
   27 |     0.1086 |     0.8025 |    0.6975 |     0.1125 |     0.8038 |    0.7003 |   1.69e-04 |     
   28 |     0.1069 |     0.8047 |    0.7000 |     0.1081 |     0.8043 |    0.7013 |   1.41e-04 |     
   29 |     0.1049 |     0.8077 |    0.7042 |     0.1050 |     0.8113 |    0.7096 |   1.19e-04 |     
   30 |     0.1030 |     0.8122 |    0.7095 |     0.1044 |     0.8053 |    0.7023 |   1.05e-04 |     
   31 |     0.1188 |     0.7865 |    0.6768 |     0.1150 |     0.7858 |    0.6746 |   3.00e-04 |     
   32 |     0.1153 |     0.7911 |    0.6832 |     0.1292 |     0.7794 |    0.6715 |   2.95e-04 |     
   33 |     0.1150 |     0.7921 |    0.6843 |     0.1150 |     0.8012 |    0.6967 |   2.81e-04 |     
   34 |     0.1112 |     0.7986 |    0.6925 |     0.1107 |     0.8075 |    0.7053 |   2.59e-04 |     
   35 |     0.1107 |     0.7991 |    0.6931 |     0.1144 |     0.7942 |    0.6877 |   2.31e-04 |     
   36 |     0.1077 |     0.8042 |    0.7001 |     0.1050 |     0.8097 |    0.7081 |   2.00e-04 |     
   37 |     0.1045 |     0.8089 |    0.7059 |     0.1193 |     0.7762 |    0.6666 |   1.69e-04 |     
   38 |     0.1020 |     0.8126 |    0.7104 |     0.1119 |     0.8108 |    0.7088 |   1.41e-04 |     
   39 |     0.0996 |     0.8173 |    0.7164 |     0.1080 |     0.8134 |    0.7133 |   1.19e-04 |     
   40 |     0.0989 |     0.8176 |    0.7170 |     0.1020 |     0.8155 |    0.7161 |   1.05e-04 |    *
   41 |     0.1137 |     0.7945 |    0.6866 |     0.3099 |     0.6225 |    0.4941 |   3.00e-04 |     
   42 |     0.1136 |     0.7949 |    0.6879 |     0.1140 |     0.7907 |    0.6855 |   2.95e-04 |     
   43 |     0.1107 |     0.7985 |    0.6929 |     0.1100 |     0.7960 |    0.6900 |   2.81e-04 |     
   44 |     0.1067 |     0.8051 |    0.7006 |     0.1145 |     0.7889 |    0.6807 |   2.59e-04 |     
--- RACE-PE 80e validation screen: control validation statistics ---
up4: ca=0.8552+/-0.1255, sa=1.0077+/-0.0078, amp=0.0000, suppress=0.0000, guide_abs=0.1948
up4 residuals: local_mean=6.423e-02, global_mean=0.0057, local_strength=0.1114, global_strength=0.1090, gain=[0.9828,1.0554], saturation=0.0857, text_film=0.0229
up4 haar: reconstruction_error=5.960e-07, skip_low/high=0.8089/0.1911, plam_low/high=1.0000/0.0000
up4 strengths: plam=0.9248, region=0.1114, detail=0.1090; residual_std region/detail/refine=0.3682/0.4525/0.3893
up4 guide_mix: entropy=0.9802, raw_low=0.3160, plam_low=0.2541, decoder_low=0.2698, detail=0.1601; agreement plam/decoder=0.2935/0.3222, support=0.7599+/-0.1253
up4 adaptive_frequency: ALPF strength=0.2505, weights=0.1579/0.7036/0.1385, sum=1.0000, entropy=0.7386, delta_std=0.0791; AHPF strength=0.0732, weights=0.3485/0.4851/0.1664, sum=1.0000, entropy=0.9226, residual_std=0.0946, scaled_std=0.0069
up3: ca=0.9531+/-0.1743, sa=1.0083+/-0.0049, amp=0.0000, suppress=0.0000, guide_abs=0.2097
up3 residuals: local_mean=1.865e-02, global_mean=0.0515, local_strength=0.1137, global_strength=0.1190, gain=[0.9882,1.0337], saturation=0.0143, text_film=0.0468
up3 haar: reconstruction_error=9.537e-07, skip_low/high=0.7616/0.2384, plam_low/high=1.0000/0.0000
up3 strengths: plam=0.9068, region=0.1137, detail=0.1190; residual_std region/detail/refine=0.4138/0.4931/0.4160
up3 guide_mix: entropy=0.9794, raw_low=0.2932, plam_low=0.2340, decoder_low=0.3107, detail=0.1621; agreement plam/decoder=0.4128/0.1249, support=0.6747+/-0.1191
up3 adaptive_frequency: ALPF strength=0.2588, weights=0.1343/0.5180/0.3477, sum=1.0000, entropy=0.8243, delta_std=0.0730; AHPF strength=0.1117, weights=0.6315/0.2193/0.1492, sum=1.0000, entropy=0.7740, residual_std=0.0779, scaled_std=0.0087
up2: ca=0.8098+/-0.1913, sa=1.0043+/-0.0032, amp=0.0000, suppress=0.0000, guide_abs=0.3684
up2 residuals: local_mean=2.937e-04, global_mean=0.0381, local_strength=0.1246, global_strength=0.1128, gain=[0.9664,1.0459], saturation=0.0012, text_film=0.0585
up2 haar: reconstruction_error=9.537e-07, skip_low/high=0.8291/0.1709, plam_low/high=1.0000/0.0000
up2 strengths: plam=0.8217, region=0.1246, detail=0.1128; residual_std region/detail/refine=0.1980/0.2948/0.1602
up2 guide_mix: entropy=0.9466, raw_low=0.3257, plam_low=0.1902, decoder_low=0.3557, detail=0.1284; agreement plam/decoder=0.6710/0.2141, support=0.7163+/-0.0579
up1: ca=0.7980+/-0.1519, sa=1.0044+/-0.0118, amp=0.0000, suppress=0.0000, guide_abs=0.2490
up1 residuals: local_mean=1.486e-03, global_mean=0.0462, local_strength=0.1249, global_strength=0.0930, gain=[0.9112,1.0899], saturation=0.0000, text_film=0.0334
up1 haar: reconstruction_error=1.907e-06, skip_low/high=0.7592/0.2408, plam_low/high=1.0000/0.0000
up1 strengths: plam=0.9056, region=0.1249, detail=0.0930; residual_std region/detail/refine=0.2146/0.3915/0.1891
up1 guide_mix: entropy=0.9285, raw_low=0.3615, plam_low=0.1637, decoder_low=0.3538, detail=0.1210; agreement plam/decoder=0.1426/-0.2133, support=0.6089+/-0.0650

========= Epoch [45/80] =========
C4_Test_session_09.09_15h44
Training with batch size : 16
   [Train] Epoch: [45][20/357]  Loss:0.124 (Avg 0.1025) IoU:0.651 (Avg 0.7109) Dice:0.7634 (Avg 0.8137) LR 2.31e-04   (AvgTime 0.5)   
   [Train] Epoch: [45][40/357]  Loss:0.084 (Avg 0.1025) IoU:0.749 (Avg 0.7069) Dice:0.8454 (Avg 0.8125) LR 2.31e-04   (AvgTime 0.5)   
   [Train] Epoch: [45][60/357]  Loss:0.104 (Avg 0.1028) IoU:0.697 (Avg 0.7078) Dice:0.8039 (Avg 0.8123) LR 2.31e-04   (AvgTime 0.5)   
   [Train] Epoch: [45][80/357]  Loss:0.082 (Avg 0.1022) IoU:0.796 (Avg 0.7085) Dice:0.8697 (Avg 0.8121) LR 2.31e-04   (AvgTime 0.5)   
   [Train] Epoch: [45][100/357]  Loss:0.106 (Avg 0.1022) IoU:0.719 (Avg 0.7094) Dice:0.8254 (Avg 0.8129) LR 2.31e-04   (AvgTime 0.5)   
   [Train] Epoch: [45][120/357]  Loss:0.089 (Avg 0.1027) IoU:0.732 (Avg 0.7085) Dice:0.8260 (Avg 0.8123) LR 2.31e-04   (AvgTime 0.5)   
   [Train] Epoch: [45][140/357]  Loss:0.088 (Avg 0.1036) IoU:0.729 (Avg 0.7060) Dice:0.8225 (Avg 0.8102) LR 2.31e-04   (AvgTime 0.5)   
   [Train] Epoch: [45][160/357]  Loss:0.097 (Avg 0.1049) IoU:0.724 (Avg 0.7035) Dice:0.8240 (Avg 0.8081) LR 2.31e-04   (AvgTime 0.5)   
   [Train] Epoch: [45][180/357]  Loss:0.107 (Avg 0.1055) IoU:0.755 (Avg 0.7031) Dice:0.8445 (Avg 0.8078) LR 2.31e-04   (AvgTime 0.5)   
   [Train] Epoch: [45][200/357]  Loss:0.108 (Avg 0.1054) IoU:0.712 (Avg 0.7036) Dice:0.8038 (Avg 0.8081) LR 2.31e-04   (AvgTime 0.5)   
   [Train] Epoch: [45][220/357]  Loss:0.099 (Avg 0.1057) IoU:0.709 (Avg 0.7025) Dice:0.8135 (Avg 0.8074) LR 2.31e-04   (AvgTime 0.5)   
   [Train] Epoch: [45][240/357]  Loss:0.152 (Avg 0.1054) IoU:0.609 (Avg 0.7033) Dice:0.7215 (Avg 0.8079) LR 2.31e-04   (AvgTime 0.5)   
   [Train] Epoch: [45][260/357]  Loss:0.088 (Avg 0.1049) IoU:0.741 (Avg 0.7039) Dice:0.8385 (Avg 0.8083) LR 2.31e-04   (AvgTime 0.5)   
   [Train] Epoch: [45][280/357]  Loss:0.089 (Avg 0.1044) IoU:0.718 (Avg 0.7051) Dice:0.8179 (Avg 0.8092) LR 2.31e-04   (AvgTime 0.5)   
   [Train] Epoch: [45][300/357]  Loss:0.163 (Avg 0.1043) IoU:0.664 (Avg 0.7057) Dice:0.7664 (Avg 0.8096) LR 2.31e-04   (AvgTime 0.5)   
   [Train] Epoch: [45][320/357]  Loss:0.133 (Avg 0.1047) IoU:0.647 (Avg 0.7051) Dice:0.7589 (Avg 0.8091) LR 2.31e-04   (AvgTime 0.5)   
   [Train] Epoch: [45][340/357]  Loss:0.106 (Avg 0.1046) IoU:0.695 (Avg 0.7050) Dice:0.7972 (Avg 0.8090) LR 2.31e-04   (AvgTime 0.5)   
   [Train] Epoch: [45][357/357]  Loss:0.088 (Avg 0.1046) IoU:0.749 (Avg 0.7049) Dice:0.8496 (Avg 0.8089) LR 2.31e-04   (AvgTime 0.5)   
   [Train] Loss components: dice=0.165348, focal=0.043838, total=0.104593
Validation
   [Val] Epoch: [45][20/90]  Loss:0.134 (Avg 0.1106) IoU:0.658 (Avg 0.7001) Dice:0.7787 (Avg 0.8085) (AvgTime 0.3)   
   [Val] Epoch: [45][40/90]  Loss:0.097 (Avg 0.1165) IoU:0.698 (Avg 0.6834) Dice:0.8119 (Avg 0.7926) (AvgTime 0.2)   
   [Val] Epoch: [45][60/90]  Loss:0.139 (Avg 0.1102) IoU:0.637 (Avg 0.6942) Dice:0.7472 (Avg 0.7994) (AvgTime 0.2)   
   [Val] Epoch: [45][80/90]  Loss:0.104 (Avg 0.1101) IoU:0.710 (Avg 0.6930) Dice:0.8077 (Avg 0.7983) (AvgTime 0.2)   
   [Val] Epoch: [45][90/90]  Loss:0.128 (Avg 0.1109) IoU:0.608 (Avg 0.6921) Dice:0.7384 (Avg 0.7975) (AvgTime 0.2)   
   [Val] Loss components: dice=0.172758, focal=0.048982, total=0.110870
	 No iou improvement; selected epoch 40
	 early_stopping_count: 5/80
--- Epoch History (1..45) ---
Epoch |  TrainLoss |  TrainDice |  TrainIoU |    ValLoss |    ValDice |    ValIoU |         LR | Best
    1 |     0.2379 |     0.6073 |    0.4776 |     0.1928 |     0.6881 |    0.5656 |   3.00e-04 |     
    2 |     0.1735 |     0.6993 |    0.5754 |     0.1794 |     0.6884 |    0.5646 |   2.95e-04 |     
    3 |     0.1551 |     0.7275 |    0.6080 |     0.1434 |     0.7519 |    0.6362 |   2.81e-04 |     
    4 |     0.1433 |     0.7455 |    0.6288 |     0.1249 |     0.7776 |    0.6670 |   2.59e-04 |     
    5 |     0.1385 |     0.7532 |    0.6372 |     0.1294 |     0.7623 |    0.6477 |   2.31e-04 |     
    6 |     0.1322 |     0.7635 |    0.6498 |     0.1199 |     0.7896 |    0.6818 |   2.00e-04 |     
    7 |     0.1269 |     0.7728 |    0.6612 |     0.1228 |     0.7847 |    0.6751 |   1.69e-04 |     
    8 |     0.1217 |     0.7793 |    0.6692 |     0.1136 |     0.7979 |    0.6923 |   1.41e-04 |     
    9 |     0.1195 |     0.7835 |    0.6745 |     0.1192 |     0.7913 |    0.6831 |   1.19e-04 |     
   10 |     0.1163 |     0.7892 |    0.6813 |     0.1168 |     0.7850 |    0.6775 |   1.05e-04 |     
   11 |     0.1403 |     0.7517 |    0.6355 |     0.1291 |     0.7743 |    0.6602 |   3.00e-04 |     
   12 |     0.1316 |     0.7641 |    0.6512 |     0.1328 |     0.7636 |    0.6512 |   2.95e-04 |     
   13 |     0.1263 |     0.7730 |    0.6610 |     0.1408 |     0.7642 |    0.6509 |   2.81e-04 |     
   14 |     0.1252 |     0.7749 |    0.6635 |     0.1187 |     0.7935 |    0.6862 |   2.59e-04 |     
   15 |     0.1216 |     0.7807 |    0.6707 |     0.1123 |     0.7925 |    0.6844 |   2.31e-04 |     
   16 |     0.1180 |     0.7858 |    0.6774 |     0.1121 |     0.7992 |    0.6935 |   2.00e-04 |     
   17 |     0.1145 |     0.7921 |    0.6845 |     0.1114 |     0.7926 |    0.6854 |   1.69e-04 |     
   18 |     0.1124 |     0.7968 |    0.6900 |     0.1102 |     0.7951 |    0.6874 |   1.41e-04 |     
   19 |     0.1090 |     0.8008 |    0.6956 |     0.1142 |     0.7864 |    0.6784 |   1.19e-04 |     
   20 |     0.1076 |     0.8033 |    0.6987 |     0.1081 |     0.8027 |    0.6994 |   1.05e-04 |     
   21 |     0.1296 |     0.7684 |    0.6551 |     0.1237 |     0.7932 |    0.6871 |   3.00e-04 |     
   22 |     0.1231 |     0.7788 |    0.6680 |     0.1142 |     0.7894 |    0.6830 |   2.95e-04 |     
   23 |     0.1186 |     0.7855 |    0.6772 |     0.1121 |     0.7973 |    0.6918 |   2.81e-04 |     
   24 |     0.1175 |     0.7876 |    0.6793 |     0.1139 |     0.7888 |    0.6777 |   2.59e-04 |     
   25 |     0.1131 |     0.7947 |    0.6877 |     0.1212 |     0.7900 |    0.6812 |   2.31e-04 |     
   26 |     0.1134 |     0.7939 |    0.6870 |     0.1299 |     0.7857 |    0.6759 |   2.00e-04 |     
   27 |     0.1086 |     0.8025 |    0.6975 |     0.1125 |     0.8038 |    0.7003 |   1.69e-04 |     
   28 |     0.1069 |     0.8047 |    0.7000 |     0.1081 |     0.8043 |    0.7013 |   1.41e-04 |     
   29 |     0.1049 |     0.8077 |    0.7042 |     0.1050 |     0.8113 |    0.7096 |   1.19e-04 |     
   30 |     0.1030 |     0.8122 |    0.7095 |     0.1044 |     0.8053 |    0.7023 |   1.05e-04 |     
   31 |     0.1188 |     0.7865 |    0.6768 |     0.1150 |     0.7858 |    0.6746 |   3.00e-04 |     
   32 |     0.1153 |     0.7911 |    0.6832 |     0.1292 |     0.7794 |    0.6715 |   2.95e-04 |     
   33 |     0.1150 |     0.7921 |    0.6843 |     0.1150 |     0.8012 |    0.6967 |   2.81e-04 |     
   34 |     0.1112 |     0.7986 |    0.6925 |     0.1107 |     0.8075 |    0.7053 |   2.59e-04 |     
   35 |     0.1107 |     0.7991 |    0.6931 |     0.1144 |     0.7942 |    0.6877 |   2.31e-04 |     
   36 |     0.1077 |     0.8042 |    0.7001 |     0.1050 |     0.8097 |    0.7081 |   2.00e-04 |     
   37 |     0.1045 |     0.8089 |    0.7059 |     0.1193 |     0.7762 |    0.6666 |   1.69e-04 |     
   38 |     0.1020 |     0.8126 |    0.7104 |     0.1119 |     0.8108 |    0.7088 |   1.41e-04 |     
   39 |     0.0996 |     0.8173 |    0.7164 |     0.1080 |     0.8134 |    0.7133 |   1.19e-04 |     
   40 |     0.0989 |     0.8176 |    0.7170 |     0.1020 |     0.8155 |    0.7161 |   1.05e-04 |    *
   41 |     0.1137 |     0.7945 |    0.6866 |     0.3099 |     0.6225 |    0.4941 |   3.00e-04 |     
   42 |     0.1136 |     0.7949 |    0.6879 |     0.1140 |     0.7907 |    0.6855 |   2.95e-04 |     
   43 |     0.1107 |     0.7985 |    0.6929 |     0.1100 |     0.7960 |    0.6900 |   2.81e-04 |     
   44 |     0.1067 |     0.8051 |    0.7006 |     0.1145 |     0.7889 |    0.6807 |   2.59e-04 |     
   45 |     0.1046 |     0.8089 |    0.7049 |     0.1109 |     0.7975 |    0.6921 |   2.31e-04 |     
--- RACE-PE 80e validation screen: control validation statistics ---
up4: ca=0.8505+/-0.1242, sa=1.0082+/-0.0075, amp=0.0000, suppress=0.0000, guide_abs=0.1831
up4 residuals: local_mean=6.491e-02, global_mean=0.0094, local_strength=0.1113, global_strength=0.1094, gain=[0.9869,1.0520], saturation=0.0745, text_film=0.0212
up4 haar: reconstruction_error=5.364e-07, skip_low/high=0.8134/0.1866, plam_low/high=1.0000/0.0000
up4 strengths: plam=0.9238, region=0.1113, detail=0.1094; residual_std region/detail/refine=0.3630/0.4515/0.3874
up4 guide_mix: entropy=0.9795, raw_low=0.3195, plam_low=0.2531, decoder_low=0.2682, detail=0.1592; agreement plam/decoder=0.3173/0.3366, support=0.7590+/-0.1237
up4 adaptive_frequency: ALPF strength=0.2512, weights=0.1584/0.7049/0.1366, sum=1.0000, entropy=0.7366, delta_std=0.0791; AHPF strength=0.0731, weights=0.3510/0.4827/0.1663, sum=1.0000, entropy=0.9232, residual_std=0.0940, scaled_std=0.0069
up3: ca=0.9585+/-0.1773, sa=1.0089+/-0.0053, amp=0.0000, suppress=0.0000, guide_abs=0.2392
up3 residuals: local_mean=2.228e-02, global_mean=0.0533, local_strength=0.1138, global_strength=0.1193, gain=[0.9829,1.0423], saturation=0.0426, text_film=0.0436
up3 haar: reconstruction_error=9.537e-07, skip_low/high=0.7631/0.2369, plam_low/high=1.0000/0.0000
up3 strengths: plam=0.9058, region=0.1138, detail=0.1193; residual_std region/detail/refine=0.4225/0.5077/0.4114
up3 guide_mix: entropy=0.9829, raw_low=0.3050, plam_low=0.2408, decoder_low=0.2864, detail=0.1678; agreement plam/decoder=0.4777/0.2721, support=0.7681+/-0.1053
up3 adaptive_frequency: ALPF strength=0.2601, weights=0.1146/0.5417/0.3436, sum=1.0000, entropy=0.7414, delta_std=0.0681; AHPF strength=0.1123, weights=0.5256/0.2057/0.2687, sum=1.0000, entropy=0.7971, residual_std=0.1182, scaled_std=0.0133
up2: ca=0.8343+/-0.1734, sa=1.0044+/-0.0033, amp=0.0000, suppress=0.0000, guide_abs=0.3491
up2 residuals: local_mean=1.442e-03, global_mean=0.0373, local_strength=0.1246, global_strength=0.1130, gain=[0.9704,1.0417], saturation=0.0004, text_film=0.0663
up2 haar: reconstruction_error=1.192e-06, skip_low/high=0.8224/0.1776, plam_low/high=1.0000/0.0000
up2 strengths: plam=0.8184, region=0.1246, detail=0.1130; residual_std region/detail/refine=0.2054/0.3051/0.1689
up2 guide_mix: entropy=0.9552, raw_low=0.3352, plam_low=0.1876, decoder_low=0.3347, detail=0.1424; agreement plam/decoder=0.6134/0.3126, support=0.7070+/-0.0567
up1: ca=0.7854+/-0.1506, sa=1.0046+/-0.0118, amp=0.0000, suppress=0.0000, guide_abs=0.2047
up1 residuals: local_mean=1.031e-03, global_mean=0.0486, local_strength=0.1251, global_strength=0.0928, gain=[0.9107,1.0902], saturation=0.0001, text_film=0.0372
up1 haar: reconstruction_error=1.431e-06, skip_low/high=0.7329/0.2671, plam_low/high=1.0000/0.0000
up1 strengths: plam=0.9045, region=0.1251, detail=0.0928; residual_std region/detail/refine=0.2404/0.3909/0.1929
up1 guide_mix: entropy=0.9441, raw_low=0.3164, plam_low=0.2022, decoder_low=0.3620, detail=0.1194; agreement plam/decoder=0.1236/-0.1314, support=0.5951+/-0.0628

========= Epoch [46/80] =========
C4_Test_session_09.09_15h44
Training with batch size : 16
   [Train] Epoch: [46][20/357]  Loss:0.108 (Avg 0.1033) IoU:0.685 (Avg 0.7055) Dice:0.8005 (Avg 0.8096) LR 2.00e-04   (AvgTime 0.6)   
   [Train] Epoch: [46][40/357]  Loss:0.112 (Avg 0.1026) IoU:0.687 (Avg 0.7114) Dice:0.7920 (Avg 0.8134) LR 2.00e-04   (AvgTime 0.6)   
   [Train] Epoch: [46][60/357]  Loss:0.146 (Avg 0.1043) IoU:0.625 (Avg 0.7105) Dice:0.7479 (Avg 0.8124) LR 2.00e-04   (AvgTime 0.6)   
   [Train] Epoch: [46][80/357]  Loss:0.112 (Avg 0.1032) IoU:0.709 (Avg 0.7122) Dice:0.8105 (Avg 0.8143) LR 2.00e-04   (AvgTime 0.5)   
   [Train] Epoch: [46][100/357]  Loss:0.088 (Avg 0.1020) IoU:0.732 (Avg 0.7132) Dice:0.8347 (Avg 0.8154) LR 2.00e-04   (AvgTime 0.5)   
   [Train] Epoch: [46][120/357]  Loss:0.092 (Avg 0.1039) IoU:0.750 (Avg 0.7080) Dice:0.8435 (Avg 0.8111) LR 2.00e-04   (AvgTime 0.5)   
   [Train] Epoch: [46][140/357]  Loss:0.133 (Avg 0.1041) IoU:0.630 (Avg 0.7071) Dice:0.7419 (Avg 0.8105) LR 2.00e-04   (AvgTime 0.5)   
   [Train] Epoch: [46][160/357]  Loss:0.081 (Avg 0.1034) IoU:0.742 (Avg 0.7084) Dice:0.8431 (Avg 0.8114) LR 2.00e-04   (AvgTime 0.5)   
   [Train] Epoch: [46][180/357]  Loss:0.123 (Avg 0.1040) IoU:0.650 (Avg 0.7069) Dice:0.7604 (Avg 0.8103) LR 2.00e-04   (AvgTime 0.5)   
   [Train] Epoch: [46][200/357]  Loss:0.096 (Avg 0.1042) IoU:0.745 (Avg 0.7064) Dice:0.8455 (Avg 0.8101) LR 2.00e-04   (AvgTime 0.5)   
   [Train] Epoch: [46][220/357]  Loss:0.079 (Avg 0.1042) IoU:0.756 (Avg 0.7067) Dice:0.8532 (Avg 0.8100) LR 2.00e-04   (AvgTime 0.5)   
   [Train] Epoch: [46][240/357]  Loss:0.096 (Avg 0.1043) IoU:0.733 (Avg 0.7067) Dice:0.8291 (Avg 0.8100) LR 2.00e-04   (AvgTime 0.5)   
   [Train] Epoch: [46][260/357]  Loss:0.064 (Avg 0.1047) IoU:0.808 (Avg 0.7060) Dice:0.8895 (Avg 0.8093) LR 2.00e-04   (AvgTime 0.5)   
   [Train] Epoch: [46][280/357]  Loss:0.096 (Avg 0.1042) IoU:0.740 (Avg 0.7071) Dice:0.8183 (Avg 0.8102) LR 2.00e-04   (AvgTime 0.5)   
   [Train] Epoch: [46][300/357]  Loss:0.094 (Avg 0.1043) IoU:0.721 (Avg 0.7064) Dice:0.8295 (Avg 0.8096) LR 2.00e-04   (AvgTime 0.5)   
   [Train] Epoch: [46][320/357]  Loss:0.099 (Avg 0.1044) IoU:0.690 (Avg 0.7062) Dice:0.8084 (Avg 0.8096) LR 2.00e-04   (AvgTime 0.5)   
   [Train] Epoch: [46][340/357]  Loss:0.106 (Avg 0.1044) IoU:0.706 (Avg 0.7061) Dice:0.8109 (Avg 0.8096) LR 2.00e-04   (AvgTime 0.5)   
   [Train] Epoch: [46][357/357]  Loss:0.063 (Avg 0.1043) IoU:0.803 (Avg 0.7062) Dice:0.8847 (Avg 0.8097) LR 2.00e-04   (AvgTime 0.5)   
   [Train] Loss components: dice=0.164963, focal=0.043702, total=0.104333
Validation
   [Val] Epoch: [46][20/90]  Loss:0.131 (Avg 0.1085) IoU:0.679 (Avg 0.7100) Dice:0.7910 (Avg 0.8154) (AvgTime 0.3)   
   [Val] Epoch: [46][40/90]  Loss:0.092 (Avg 0.1132) IoU:0.719 (Avg 0.6946) Dice:0.8267 (Avg 0.8013) (AvgTime 0.2)   
   [Val] Epoch: [46][60/90]  Loss:0.140 (Avg 0.1067) IoU:0.654 (Avg 0.7060) Dice:0.7587 (Avg 0.8089) (AvgTime 0.2)   
   [Val] Epoch: [46][80/90]  Loss:0.099 (Avg 0.1062) IoU:0.716 (Avg 0.7041) Dice:0.8175 (Avg 0.8077) (AvgTime 0.2)   
   [Val] Epoch: [46][90/90]  Loss:0.127 (Avg 0.1059) IoU:0.629 (Avg 0.7050) Dice:0.7565 (Avg 0.8083) (AvgTime 0.2)   
   [Val] Loss components: dice=0.168770, focal=0.042957, total=0.105863
	 No iou improvement; selected epoch 40
	 early_stopping_count: 6/80
--- Epoch History (1..46) ---
Epoch |  TrainLoss |  TrainDice |  TrainIoU |    ValLoss |    ValDice |    ValIoU |         LR | Best
    1 |     0.2379 |     0.6073 |    0.4776 |     0.1928 |     0.6881 |    0.5656 |   3.00e-04 |     
    2 |     0.1735 |     0.6993 |    0.5754 |     0.1794 |     0.6884 |    0.5646 |   2.95e-04 |     
    3 |     0.1551 |     0.7275 |    0.6080 |     0.1434 |     0.7519 |    0.6362 |   2.81e-04 |     
    4 |     0.1433 |     0.7455 |    0.6288 |     0.1249 |     0.7776 |    0.6670 |   2.59e-04 |     
    5 |     0.1385 |     0.7532 |    0.6372 |     0.1294 |     0.7623 |    0.6477 |   2.31e-04 |     
    6 |     0.1322 |     0.7635 |    0.6498 |     0.1199 |     0.7896 |    0.6818 |   2.00e-04 |     
    7 |     0.1269 |     0.7728 |    0.6612 |     0.1228 |     0.7847 |    0.6751 |   1.69e-04 |     
    8 |     0.1217 |     0.7793 |    0.6692 |     0.1136 |     0.7979 |    0.6923 |   1.41e-04 |     
    9 |     0.1195 |     0.7835 |    0.6745 |     0.1192 |     0.7913 |    0.6831 |   1.19e-04 |     
   10 |     0.1163 |     0.7892 |    0.6813 |     0.1168 |     0.7850 |    0.6775 |   1.05e-04 |     
   11 |     0.1403 |     0.7517 |    0.6355 |     0.1291 |     0.7743 |    0.6602 |   3.00e-04 |     
   12 |     0.1316 |     0.7641 |    0.6512 |     0.1328 |     0.7636 |    0.6512 |   2.95e-04 |     
   13 |     0.1263 |     0.7730 |    0.6610 |     0.1408 |     0.7642 |    0.6509 |   2.81e-04 |     
   14 |     0.1252 |     0.7749 |    0.6635 |     0.1187 |     0.7935 |    0.6862 |   2.59e-04 |     
   15 |     0.1216 |     0.7807 |    0.6707 |     0.1123 |     0.7925 |    0.6844 |   2.31e-04 |     
   16 |     0.1180 |     0.7858 |    0.6774 |     0.1121 |     0.7992 |    0.6935 |   2.00e-04 |     
   17 |     0.1145 |     0.7921 |    0.6845 |     0.1114 |     0.7926 |    0.6854 |   1.69e-04 |     
   18 |     0.1124 |     0.7968 |    0.6900 |     0.1102 |     0.7951 |    0.6874 |   1.41e-04 |     
   19 |     0.1090 |     0.8008 |    0.6956 |     0.1142 |     0.7864 |    0.6784 |   1.19e-04 |     
   20 |     0.1076 |     0.8033 |    0.6987 |     0.1081 |     0.8027 |    0.6994 |   1.05e-04 |     
   21 |     0.1296 |     0.7684 |    0.6551 |     0.1237 |     0.7932 |    0.6871 |   3.00e-04 |     
   22 |     0.1231 |     0.7788 |    0.6680 |     0.1142 |     0.7894 |    0.6830 |   2.95e-04 |     
   23 |     0.1186 |     0.7855 |    0.6772 |     0.1121 |     0.7973 |    0.6918 |   2.81e-04 |     
   24 |     0.1175 |     0.7876 |    0.6793 |     0.1139 |     0.7888 |    0.6777 |   2.59e-04 |     
   25 |     0.1131 |     0.7947 |    0.6877 |     0.1212 |     0.7900 |    0.6812 |   2.31e-04 |     
   26 |     0.1134 |     0.7939 |    0.6870 |     0.1299 |     0.7857 |    0.6759 |   2.00e-04 |     
   27 |     0.1086 |     0.8025 |    0.6975 |     0.1125 |     0.8038 |    0.7003 |   1.69e-04 |     
   28 |     0.1069 |     0.8047 |    0.7000 |     0.1081 |     0.8043 |    0.7013 |   1.41e-04 |     
   29 |     0.1049 |     0.8077 |    0.7042 |     0.1050 |     0.8113 |    0.7096 |   1.19e-04 |     
   30 |     0.1030 |     0.8122 |    0.7095 |     0.1044 |     0.8053 |    0.7023 |   1.05e-04 |     
   31 |     0.1188 |     0.7865 |    0.6768 |     0.1150 |     0.7858 |    0.6746 |   3.00e-04 |     
   32 |     0.1153 |     0.7911 |    0.6832 |     0.1292 |     0.7794 |    0.6715 |   2.95e-04 |     
   33 |     0.1150 |     0.7921 |    0.6843 |     0.1150 |     0.8012 |    0.6967 |   2.81e-04 |     
   34 |     0.1112 |     0.7986 |    0.6925 |     0.1107 |     0.8075 |    0.7053 |   2.59e-04 |     
   35 |     0.1107 |     0.7991 |    0.6931 |     0.1144 |     0.7942 |    0.6877 |   2.31e-04 |     
   36 |     0.1077 |     0.8042 |    0.7001 |     0.1050 |     0.8097 |    0.7081 |   2.00e-04 |     
   37 |     0.1045 |     0.8089 |    0.7059 |     0.1193 |     0.7762 |    0.6666 |   1.69e-04 |     
   38 |     0.1020 |     0.8126 |    0.7104 |     0.1119 |     0.8108 |    0.7088 |   1.41e-04 |     
   39 |     0.0996 |     0.8173 |    0.7164 |     0.1080 |     0.8134 |    0.7133 |   1.19e-04 |     
   40 |     0.0989 |     0.8176 |    0.7170 |     0.1020 |     0.8155 |    0.7161 |   1.05e-04 |    *
   41 |     0.1137 |     0.7945 |    0.6866 |     0.3099 |     0.6225 |    0.4941 |   3.00e-04 |     
   42 |     0.1136 |     0.7949 |    0.6879 |     0.1140 |     0.7907 |    0.6855 |   2.95e-04 |     
   43 |     0.1107 |     0.7985 |    0.6929 |     0.1100 |     0.7960 |    0.6900 |   2.81e-04 |     
   44 |     0.1067 |     0.8051 |    0.7006 |     0.1145 |     0.7889 |    0.6807 |   2.59e-04 |     
   45 |     0.1046 |     0.8089 |    0.7049 |     0.1109 |     0.7975 |    0.6921 |   2.31e-04 |     
   46 |     0.1043 |     0.8097 |    0.7062 |     0.1059 |     0.8083 |    0.7050 |   2.00e-04 |     
--- RACE-PE 80e validation screen: control validation statistics ---
up4: ca=0.8528+/-0.1242, sa=1.0089+/-0.0074, amp=0.0000, suppress=0.0000, guide_abs=0.2114
up4 residuals: local_mean=6.499e-02, global_mean=0.0155, local_strength=0.1115, global_strength=0.1096, gain=[0.9899,1.0583], saturation=0.1000, text_film=0.0207
up4 haar: reconstruction_error=9.537e-07, skip_low/high=0.7995/0.2005, plam_low/high=1.0000/0.0000
up4 strengths: plam=0.9225, region=0.1115, detail=0.1096; residual_std region/detail/refine=0.3674/0.4449/0.3786
up4 guide_mix: entropy=0.9808, raw_low=0.3325, plam_low=0.2578, decoder_low=0.2384, detail=0.1713; agreement plam/decoder=0.3430/0.4429, support=0.7763+/-0.1232
up4 adaptive_frequency: ALPF strength=0.2517, weights=0.1442/0.7125/0.1433, sum=1.0000, entropy=0.7252, delta_std=0.0705; AHPF strength=0.0729, weights=0.3459/0.4913/0.1628, sum=1.0000, entropy=0.9166, residual_std=0.0955, scaled_std=0.0070
up3: ca=0.9519+/-0.1717, sa=1.0086+/-0.0046, amp=0.0000, suppress=0.0000, guide_abs=0.2225
up3 residuals: local_mean=1.928e-02, global_mean=0.0532, local_strength=0.1140, global_strength=0.1194, gain=[0.9867,1.0330], saturation=0.0579, text_film=0.0389
up3 haar: reconstruction_error=9.537e-07, skip_low/high=0.7553/0.2447, plam_low/high=1.0000/0.0000
up3 strengths: plam=0.9040, region=0.1140, detail=0.1194; residual_std region/detail/refine=0.4334/0.4857/0.3818
up3 guide_mix: entropy=0.9829, raw_low=0.3161, plam_low=0.2236, decoder_low=0.2837, detail=0.1765; agreement plam/decoder=0.3980/0.3378, support=0.7274+/-0.1271
up3 adaptive_frequency: ALPF strength=0.2609, weights=0.0962/0.4415/0.4623, sum=1.0000, entropy=0.7505, delta_std=0.0711; AHPF strength=0.1126, weights=0.6910/0.1838/0.1251, sum=1.0000, entropy=0.7064, residual_std=0.0734, scaled_std=0.0083
up2: ca=0.8348+/-0.1862, sa=1.0051+/-0.0031, amp=0.0000, suppress=0.0000, guide_abs=0.3835
up2 residuals: local_mean=3.590e-03, global_mean=0.0413, local_strength=0.1251, global_strength=0.1132, gain=[0.9708,1.0414], saturation=0.0035, text_film=0.0706
up2 haar: reconstruction_error=9.537e-07, skip_low/high=0.8094/0.1906, plam_low/high=1.0000/0.0000
up2 strengths: plam=0.8158, region=0.1251, detail=0.1132; residual_std region/detail/refine=0.2191/0.3144/0.1637
up2 guide_mix: entropy=0.9574, raw_low=0.3311, plam_low=0.1827, decoder_low=0.3367, detail=0.1495; agreement plam/decoder=0.6643/0.2244, support=0.7182+/-0.0662
up1: ca=0.7912+/-0.1512, sa=1.0046+/-0.0116, amp=0.0000, suppress=0.0000, guide_abs=0.2186
up1 residuals: local_mean=2.509e-04, global_mean=0.0506, local_strength=0.1253, global_strength=0.0923, gain=[0.9113,1.0896], saturation=0.0000, text_film=0.0340
up1 haar: reconstruction_error=1.431e-06, skip_low/high=0.7174/0.2826, plam_low/high=1.0000/0.0000
up1 strengths: plam=0.9032, region=0.1253, detail=0.0923; residual_std region/detail/refine=0.2370/0.3851/0.1959
up1 guide_mix: entropy=0.9417, raw_low=0.2832, plam_low=0.2120, decoder_low=0.3870, detail=0.1179; agreement plam/decoder=0.1520/-0.2452, support=0.5976+/-0.0635

========= Epoch [47/80] =========
C4_Test_session_09.09_15h44
Training with batch size : 16
   [Train] Epoch: [47][20/357]  Loss:0.098 (Avg 0.0961) IoU:0.697 (Avg 0.7203) Dice:0.8117 (Avg 0.8217) LR 1.69e-04   (AvgTime 0.6)   
   [Train] Epoch: [47][40/357]  Loss:0.074 (Avg 0.1008) IoU:0.754 (Avg 0.7083) Dice:0.8507 (Avg 0.8117) LR 1.69e-04   (AvgTime 0.6)   
   [Train] Epoch: [47][60/357]  Loss:0.085 (Avg 0.0999) IoU:0.758 (Avg 0.7116) Dice:0.8469 (Avg 0.8143) LR 1.69e-04   (AvgTime 0.6)   
   [Train] Epoch: [47][80/357]  Loss:0.123 (Avg 0.0992) IoU:0.625 (Avg 0.7138) Dice:0.7539 (Avg 0.8158) LR 1.69e-04   (AvgTime 0.6)   
   [Train] Epoch: [47][100/357]  Loss:0.101 (Avg 0.1000) IoU:0.715 (Avg 0.7129) Dice:0.8180 (Avg 0.8152) LR 1.69e-04   (AvgTime 0.5)   
   [Train] Epoch: [47][120/357]  Loss:0.141 (Avg 0.1006) IoU:0.619 (Avg 0.7120) Dice:0.7326 (Avg 0.8143) LR 1.69e-04   (AvgTime 0.5)   
   [Train] Epoch: [47][140/357]  Loss:0.138 (Avg 0.1009) IoU:0.599 (Avg 0.7118) Dice:0.7166 (Avg 0.8137) LR 1.69e-04   (AvgTime 0.5)   
   [Train] Epoch: [47][160/357]  Loss:0.104 (Avg 0.1003) IoU:0.679 (Avg 0.7130) Dice:0.7861 (Avg 0.8150) LR 1.69e-04   (AvgTime 0.5)   
   [Train] Epoch: [47][180/357]  Loss:0.101 (Avg 0.1007) IoU:0.709 (Avg 0.7119) Dice:0.8082 (Avg 0.8142) LR 1.69e-04   (AvgTime 0.5)   
   [Train] Epoch: [47][200/357]  Loss:0.083 (Avg 0.1018) IoU:0.766 (Avg 0.7096) Dice:0.8601 (Avg 0.8122) LR 1.69e-04   (AvgTime 0.5)   
   [Train] Epoch: [47][220/357]  Loss:0.093 (Avg 0.1024) IoU:0.750 (Avg 0.7084) Dice:0.8405 (Avg 0.8111) LR 1.69e-04   (AvgTime 0.5)   
   [Train] Epoch: [47][240/357]  Loss:0.072 (Avg 0.1019) IoU:0.774 (Avg 0.7088) Dice:0.8651 (Avg 0.8115) LR 1.69e-04   (AvgTime 0.5)   
   [Train] Epoch: [47][260/357]  Loss:0.079 (Avg 0.1018) IoU:0.790 (Avg 0.7093) Dice:0.8728 (Avg 0.8119) LR 1.69e-04   (AvgTime 0.5)   
   [Train] Epoch: [47][280/357]  Loss:0.117 (Avg 0.1016) IoU:0.673 (Avg 0.7100) Dice:0.7910 (Avg 0.8123) LR 1.69e-04   (AvgTime 0.5)   
   [Train] Epoch: [47][300/357]  Loss:0.080 (Avg 0.1007) IoU:0.747 (Avg 0.7121) Dice:0.8437 (Avg 0.8141) LR 1.69e-04   (AvgTime 0.5)   
   [Train] Epoch: [47][320/357]  Loss:0.079 (Avg 0.1006) IoU:0.789 (Avg 0.7127) Dice:0.8709 (Avg 0.8147) LR 1.69e-04   (AvgTime 0.5)   
   [Train] Epoch: [47][340/357]  Loss:0.073 (Avg 0.1007) IoU:0.780 (Avg 0.7126) Dice:0.8703 (Avg 0.8144) LR 1.69e-04   (AvgTime 0.5)   
   [Train] Epoch: [47][357/357]  Loss:0.115 (Avg 0.1006) IoU:0.687 (Avg 0.7129) Dice:0.8020 (Avg 0.8146) LR 1.69e-04   (AvgTime 0.5)   
   [Train] Loss components: dice=0.159602, focal=0.041662, total=0.100632
Validation
   [Val] Epoch: [47][20/90]  Loss:0.135 (Avg 0.1094) IoU:0.660 (Avg 0.7133) Dice:0.7787 (Avg 0.8178) (AvgTime 0.2)   
   [Val] Epoch: [47][40/90]  Loss:0.100 (Avg 0.1149) IoU:0.707 (Avg 0.6981) Dice:0.8156 (Avg 0.8040) (AvgTime 0.2)   
   [Val] Epoch: [47][60/90]  Loss:0.140 (Avg 0.1086) IoU:0.645 (Avg 0.7076) Dice:0.7559 (Avg 0.8102) (AvgTime 0.2)   
   [Val] Epoch: [47][80/90]  Loss:0.102 (Avg 0.1072) IoU:0.706 (Avg 0.7064) Dice:0.8105 (Avg 0.8094) (AvgTime 0.2)   
   [Val] Epoch: [47][90/90]  Loss:0.141 (Avg 0.1071) IoU:0.609 (Avg 0.7069) Dice:0.7406 (Avg 0.8097) (AvgTime 0.2)   
   [Val] Loss components: dice=0.160228, focal=0.053907, total=0.107068
	 No iou improvement; selected epoch 40
	 early_stopping_count: 7/80
--- Epoch History (1..47) ---
Epoch |  TrainLoss |  TrainDice |  TrainIoU |    ValLoss |    ValDice |    ValIoU |         LR | Best
    1 |     0.2379 |     0.6073 |    0.4776 |     0.1928 |     0.6881 |    0.5656 |   3.00e-04 |     
    2 |     0.1735 |     0.6993 |    0.5754 |     0.1794 |     0.6884 |    0.5646 |   2.95e-04 |     
    3 |     0.1551 |     0.7275 |    0.6080 |     0.1434 |     0.7519 |    0.6362 |   2.81e-04 |     
    4 |     0.1433 |     0.7455 |    0.6288 |     0.1249 |     0.7776 |    0.6670 |   2.59e-04 |     
    5 |     0.1385 |     0.7532 |    0.6372 |     0.1294 |     0.7623 |    0.6477 |   2.31e-04 |     
    6 |     0.1322 |     0.7635 |    0.6498 |     0.1199 |     0.7896 |    0.6818 |   2.00e-04 |     
    7 |     0.1269 |     0.7728 |    0.6612 |     0.1228 |     0.7847 |    0.6751 |   1.69e-04 |     
    8 |     0.1217 |     0.7793 |    0.6692 |     0.1136 |     0.7979 |    0.6923 |   1.41e-04 |     
    9 |     0.1195 |     0.7835 |    0.6745 |     0.1192 |     0.7913 |    0.6831 |   1.19e-04 |     
   10 |     0.1163 |     0.7892 |    0.6813 |     0.1168 |     0.7850 |    0.6775 |   1.05e-04 |     
   11 |     0.1403 |     0.7517 |    0.6355 |     0.1291 |     0.7743 |    0.6602 |   3.00e-04 |     
   12 |     0.1316 |     0.7641 |    0.6512 |     0.1328 |     0.7636 |    0.6512 |   2.95e-04 |     
   13 |     0.1263 |     0.7730 |    0.6610 |     0.1408 |     0.7642 |    0.6509 |   2.81e-04 |     
   14 |     0.1252 |     0.7749 |    0.6635 |     0.1187 |     0.7935 |    0.6862 |   2.59e-04 |     
   15 |     0.1216 |     0.7807 |    0.6707 |     0.1123 |     0.7925 |    0.6844 |   2.31e-04 |     
   16 |     0.1180 |     0.7858 |    0.6774 |     0.1121 |     0.7992 |    0.6935 |   2.00e-04 |     
   17 |     0.1145 |     0.7921 |    0.6845 |     0.1114 |     0.7926 |    0.6854 |   1.69e-04 |     
   18 |     0.1124 |     0.7968 |    0.6900 |     0.1102 |     0.7951 |    0.6874 |   1.41e-04 |     
   19 |     0.1090 |     0.8008 |    0.6956 |     0.1142 |     0.7864 |    0.6784 |   1.19e-04 |     
   20 |     0.1076 |     0.8033 |    0.6987 |     0.1081 |     0.8027 |    0.6994 |   1.05e-04 |     
   21 |     0.1296 |     0.7684 |    0.6551 |     0.1237 |     0.7932 |    0.6871 |   3.00e-04 |     
   22 |     0.1231 |     0.7788 |    0.6680 |     0.1142 |     0.7894 |    0.6830 |   2.95e-04 |     
   23 |     0.1186 |     0.7855 |    0.6772 |     0.1121 |     0.7973 |    0.6918 |   2.81e-04 |     
   24 |     0.1175 |     0.7876 |    0.6793 |     0.1139 |     0.7888 |    0.6777 |   2.59e-04 |     
   25 |     0.1131 |     0.7947 |    0.6877 |     0.1212 |     0.7900 |    0.6812 |   2.31e-04 |     
   26 |     0.1134 |     0.7939 |    0.6870 |     0.1299 |     0.7857 |    0.6759 |   2.00e-04 |     
   27 |     0.1086 |     0.8025 |    0.6975 |     0.1125 |     0.8038 |    0.7003 |   1.69e-04 |     
   28 |     0.1069 |     0.8047 |    0.7000 |     0.1081 |     0.8043 |    0.7013 |   1.41e-04 |     
   29 |     0.1049 |     0.8077 |    0.7042 |     0.1050 |     0.8113 |    0.7096 |   1.19e-04 |     
   30 |     0.1030 |     0.8122 |    0.7095 |     0.1044 |     0.8053 |    0.7023 |   1.05e-04 |     
   31 |     0.1188 |     0.7865 |    0.6768 |     0.1150 |     0.7858 |    0.6746 |   3.00e-04 |     
   32 |     0.1153 |     0.7911 |    0.6832 |     0.1292 |     0.7794 |    0.6715 |   2.95e-04 |     
   33 |     0.1150 |     0.7921 |    0.6843 |     0.1150 |     0.8012 |    0.6967 |   2.81e-04 |     
   34 |     0.1112 |     0.7986 |    0.6925 |     0.1107 |     0.8075 |    0.7053 |   2.59e-04 |     
   35 |     0.1107 |     0.7991 |    0.6931 |     0.1144 |     0.7942 |    0.6877 |   2.31e-04 |     
   36 |     0.1077 |     0.8042 |    0.7001 |     0.1050 |     0.8097 |    0.7081 |   2.00e-04 |     
   37 |     0.1045 |     0.8089 |    0.7059 |     0.1193 |     0.7762 |    0.6666 |   1.69e-04 |     
   38 |     0.1020 |     0.8126 |    0.7104 |     0.1119 |     0.8108 |    0.7088 |   1.41e-04 |     
   39 |     0.0996 |     0.8173 |    0.7164 |     0.1080 |     0.8134 |    0.7133 |   1.19e-04 |     
   40 |     0.0989 |     0.8176 |    0.7170 |     0.1020 |     0.8155 |    0.7161 |   1.05e-04 |    *
   41 |     0.1137 |     0.7945 |    0.6866 |     0.3099 |     0.6225 |    0.4941 |   3.00e-04 |     
   42 |     0.1136 |     0.7949 |    0.6879 |     0.1140 |     0.7907 |    0.6855 |   2.95e-04 |     
   43 |     0.1107 |     0.7985 |    0.6929 |     0.1100 |     0.7960 |    0.6900 |   2.81e-04 |     
   44 |     0.1067 |     0.8051 |    0.7006 |     0.1145 |     0.7889 |    0.6807 |   2.59e-04 |     
   45 |     0.1046 |     0.8089 |    0.7049 |     0.1109 |     0.7975 |    0.6921 |   2.31e-04 |     
   46 |     0.1043 |     0.8097 |    0.7062 |     0.1059 |     0.8083 |    0.7050 |   2.00e-04 |     
   47 |     0.1006 |     0.8146 |    0.7129 |     0.1071 |     0.8097 |    0.7069 |   1.69e-04 |     
--- RACE-PE 80e validation screen: control validation statistics ---
up4: ca=0.8613+/-0.1110, sa=1.0086+/-0.0073, amp=0.0000, suppress=0.0000, guide_abs=0.1901
up4 residuals: local_mean=6.446e-02, global_mean=0.0135, local_strength=0.1115, global_strength=0.1099, gain=[0.9896,1.0565], saturation=0.0990, text_film=0.0205
up4 haar: reconstruction_error=9.537e-07, skip_low/high=0.8049/0.1951, plam_low/high=1.0000/0.0000
up4 strengths: plam=0.9223, region=0.1115, detail=0.1099; residual_std region/detail/refine=0.3644/0.4353/0.3705
up4 guide_mix: entropy=0.9807, raw_low=0.3319, plam_low=0.2444, decoder_low=0.2539, detail=0.1699; agreement plam/decoder=0.3038/0.4467, support=0.7727+/-0.1250
up4 adaptive_frequency: ALPF strength=0.2525, weights=0.1556/0.7056/0.1388, sum=1.0000, entropy=0.7359, delta_std=0.0739; AHPF strength=0.0729, weights=0.3527/0.4827/0.1646, sum=1.0000, entropy=0.9221, residual_std=0.0936, scaled_std=0.0068
up3: ca=0.9639+/-0.1566, sa=1.0084+/-0.0046, amp=0.0000, suppress=0.0000, guide_abs=0.2264
up3 residuals: local_mean=1.814e-02, global_mean=0.0525, local_strength=0.1140, global_strength=0.1196, gain=[0.9877,1.0330], saturation=0.0452, text_film=0.0374
up3 haar: reconstruction_error=9.537e-07, skip_low/high=0.7634/0.2366, plam_low/high=1.0000/0.0000
up3 strengths: plam=0.9033, region=0.1140, detail=0.1196; residual_std region/detail/refine=0.3973/0.5019/0.4082
up3 guide_mix: entropy=0.9810, raw_low=0.3141, plam_low=0.2187, decoder_low=0.2938, detail=0.1735; agreement plam/decoder=0.4050/0.2647, support=0.7160+/-0.1254
up3 adaptive_frequency: ALPF strength=0.2617, weights=0.1205/0.4922/0.3874, sum=1.0000, entropy=0.7670, delta_std=0.0698; AHPF strength=0.1129, weights=0.6090/0.2178/0.1731, sum=1.0000, entropy=0.7586, residual_std=0.0935, scaled_std=0.0106
up2: ca=0.8310+/-0.1731, sa=1.0050+/-0.0032, amp=0.0000, suppress=0.0000, guide_abs=0.3594
up2 residuals: local_mean=2.046e-03, global_mean=0.0416, local_strength=0.1253, global_strength=0.1132, gain=[0.9688,1.0445], saturation=0.0030, text_film=0.0611
up2 haar: reconstruction_error=9.537e-07, skip_low/high=0.8111/0.1889, plam_low/high=1.0000/0.0000
up2 strengths: plam=0.8138, region=0.1253, detail=0.1132; residual_std region/detail/refine=0.2031/0.3107/0.1615
up2 guide_mix: entropy=0.9544, raw_low=0.3278, plam_low=0.1801, decoder_low=0.3454, detail=0.1466; agreement plam/decoder=0.7147/0.3262, support=0.7237+/-0.0693
up1: ca=0.8161+/-0.1468, sa=1.0048+/-0.0118, amp=0.0000, suppress=0.0000, guide_abs=0.1764
up1 residuals: local_mean=4.154e-04, global_mean=0.0525, local_strength=0.1253, global_strength=0.0922, gain=[0.9111,1.0899], saturation=0.0003, text_film=0.0374
up1 haar: reconstruction_error=1.907e-06, skip_low/high=0.7226/0.2774, plam_low/high=1.0000/0.0000
up1 strengths: plam=0.9024, region=0.1253, detail=0.0922; residual_std region/detail/refine=0.2307/0.3956/0.1983
up1 guide_mix: entropy=0.9394, raw_low=0.2981, plam_low=0.1947, decoder_low=0.3863, detail=0.1209; agreement plam/decoder=0.1729/-0.1117, support=0.5910+/-0.0606

========= Epoch [48/80] =========
C4_Test_session_09.09_15h44
Training with batch size : 16
   [Train] Epoch: [48][20/357]  Loss:0.079 (Avg 0.1003) IoU:0.754 (Avg 0.7181) Dice:0.8534 (Avg 0.8175) LR 1.41e-04   (AvgTime 0.6)   
   [Train] Epoch: [48][40/357]  Loss:0.072 (Avg 0.0991) IoU:0.774 (Avg 0.7190) Dice:0.8660 (Avg 0.8193) LR 1.41e-04   (AvgTime 0.5)   
   [Train] Epoch: [48][60/357]  Loss:0.078 (Avg 0.0983) IoU:0.761 (Avg 0.7212) Dice:0.8508 (Avg 0.8212) LR 1.41e-04   (AvgTime 0.6)   
   [Train] Epoch: [48][80/357]  Loss:0.075 (Avg 0.0964) IoU:0.763 (Avg 0.7237) Dice:0.8615 (Avg 0.8235) LR 1.41e-04   (AvgTime 0.5)   
   [Train] Epoch: [48][100/357]  Loss:0.092 (Avg 0.0964) IoU:0.764 (Avg 0.7228) Dice:0.8537 (Avg 0.8231) LR 1.41e-04   (AvgTime 0.5)   
   [Train] Epoch: [48][120/357]  Loss:0.114 (Avg 0.0970) IoU:0.688 (Avg 0.7209) Dice:0.7951 (Avg 0.8215) LR 1.41e-04   (AvgTime 0.5)   
   [Train] Epoch: [48][140/357]  Loss:0.102 (Avg 0.0969) IoU:0.691 (Avg 0.7208) Dice:0.8023 (Avg 0.8213) LR 1.41e-04   (AvgTime 0.5)   
   [Train] Epoch: [48][160/357]  Loss:0.098 (Avg 0.0976) IoU:0.701 (Avg 0.7191) Dice:0.8092 (Avg 0.8198) LR 1.41e-04   (AvgTime 0.5)   
   [Train] Epoch: [48][180/357]  Loss:0.116 (Avg 0.0976) IoU:0.702 (Avg 0.7198) Dice:0.7927 (Avg 0.8202) LR 1.41e-04   (AvgTime 0.5)   
   [Train] Epoch: [48][200/357]  Loss:0.064 (Avg 0.0973) IoU:0.800 (Avg 0.7200) Dice:0.8761 (Avg 0.8205) LR 1.41e-04   (AvgTime 0.5)   
   [Train] Epoch: [48][220/357]  Loss:0.124 (Avg 0.0977) IoU:0.648 (Avg 0.7195) Dice:0.7609 (Avg 0.8204) LR 1.41e-04   (AvgTime 0.5)   
   [Train] Epoch: [48][240/357]  Loss:0.080 (Avg 0.0977) IoU:0.750 (Avg 0.7196) Dice:0.8519 (Avg 0.8205) LR 1.41e-04   (AvgTime 0.5)   
   [Train] Epoch: [48][260/357]  Loss:0.076 (Avg 0.0978) IoU:0.756 (Avg 0.7193) Dice:0.8499 (Avg 0.8202) LR 1.41e-04   (AvgTime 0.5)   
   [Train] Epoch: [48][280/357]  Loss:0.090 (Avg 0.0979) IoU:0.755 (Avg 0.7197) Dice:0.8538 (Avg 0.8203) LR 1.41e-04   (AvgTime 0.5)   
   [Train] Epoch: [48][300/357]  Loss:0.082 (Avg 0.0976) IoU:0.756 (Avg 0.7201) Dice:0.8510 (Avg 0.8205) LR 1.41e-04   (AvgTime 0.5)   
   [Train] Epoch: [48][320/357]  Loss:0.135 (Avg 0.0979) IoU:0.680 (Avg 0.7190) Dice:0.7737 (Avg 0.8196) LR 1.41e-04   (AvgTime 0.5)   
   [Train] Epoch: [48][340/357]  Loss:0.091 (Avg 0.0983) IoU:0.734 (Avg 0.7181) Dice:0.8338 (Avg 0.8191) LR 1.41e-04   (AvgTime 0.5)   
   [Train] Epoch: [48][357/357]  Loss:0.097 (Avg 0.0987) IoU:0.721 (Avg 0.7173) Dice:0.8176 (Avg 0.8184) LR 1.41e-04   (AvgTime 0.5)   
   [Train] Loss components: dice=0.156216, focal=0.041086, total=0.098651
Validation
   [Val] Epoch: [48][20/90]  Loss:0.130 (Avg 0.1075) IoU:0.672 (Avg 0.7191) Dice:0.7873 (Avg 0.8214) (AvgTime 0.2)   
   [Val] Epoch: [48][40/90]  Loss:0.094 (Avg 0.1140) IoU:0.720 (Avg 0.6986) Dice:0.8224 (Avg 0.8024) (AvgTime 0.2)   
   [Val] Epoch: [48][60/90]  Loss:0.129 (Avg 0.1066) IoU:0.663 (Avg 0.7101) Dice:0.7645 (Avg 0.8099) (AvgTime 0.2)   
   [Val] Epoch: [48][80/90]  Loss:0.099 (Avg 0.1056) IoU:0.703 (Avg 0.7080) Dice:0.8092 (Avg 0.8084) (AvgTime 0.2)   
   [Val] Epoch: [48][90/90]  Loss:0.126 (Avg 0.1052) IoU:0.668 (Avg 0.7088) Dice:0.7875 (Avg 0.8093) (AvgTime 0.2)   
   [Val] Loss components: dice=0.164798, focal=0.045590, total=0.105194
	 No iou improvement; selected epoch 40
	 early_stopping_count: 8/80
--- Epoch History (1..48) ---
Epoch |  TrainLoss |  TrainDice |  TrainIoU |    ValLoss |    ValDice |    ValIoU |         LR | Best
    1 |     0.2379 |     0.6073 |    0.4776 |     0.1928 |     0.6881 |    0.5656 |   3.00e-04 |     
    2 |     0.1735 |     0.6993 |    0.5754 |     0.1794 |     0.6884 |    0.5646 |   2.95e-04 |     
    3 |     0.1551 |     0.7275 |    0.6080 |     0.1434 |     0.7519 |    0.6362 |   2.81e-04 |     
    4 |     0.1433 |     0.7455 |    0.6288 |     0.1249 |     0.7776 |    0.6670 |   2.59e-04 |     
    5 |     0.1385 |     0.7532 |    0.6372 |     0.1294 |     0.7623 |    0.6477 |   2.31e-04 |     
    6 |     0.1322 |     0.7635 |    0.6498 |     0.1199 |     0.7896 |    0.6818 |   2.00e-04 |     
    7 |     0.1269 |     0.7728 |    0.6612 |     0.1228 |     0.7847 |    0.6751 |   1.69e-04 |     
    8 |     0.1217 |     0.7793 |    0.6692 |     0.1136 |     0.7979 |    0.6923 |   1.41e-04 |     
    9 |     0.1195 |     0.7835 |    0.6745 |     0.1192 |     0.7913 |    0.6831 |   1.19e-04 |     
   10 |     0.1163 |     0.7892 |    0.6813 |     0.1168 |     0.7850 |    0.6775 |   1.05e-04 |     
   11 |     0.1403 |     0.7517 |    0.6355 |     0.1291 |     0.7743 |    0.6602 |   3.00e-04 |     
   12 |     0.1316 |     0.7641 |    0.6512 |     0.1328 |     0.7636 |    0.6512 |   2.95e-04 |     
   13 |     0.1263 |     0.7730 |    0.6610 |     0.1408 |     0.7642 |    0.6509 |   2.81e-04 |     
   14 |     0.1252 |     0.7749 |    0.6635 |     0.1187 |     0.7935 |    0.6862 |   2.59e-04 |     
   15 |     0.1216 |     0.7807 |    0.6707 |     0.1123 |     0.7925 |    0.6844 |   2.31e-04 |     
   16 |     0.1180 |     0.7858 |    0.6774 |     0.1121 |     0.7992 |    0.6935 |   2.00e-04 |     
   17 |     0.1145 |     0.7921 |    0.6845 |     0.1114 |     0.7926 |    0.6854 |   1.69e-04 |     
   18 |     0.1124 |     0.7968 |    0.6900 |     0.1102 |     0.7951 |    0.6874 |   1.41e-04 |     
   19 |     0.1090 |     0.8008 |    0.6956 |     0.1142 |     0.7864 |    0.6784 |   1.19e-04 |     
   20 |     0.1076 |     0.8033 |    0.6987 |     0.1081 |     0.8027 |    0.6994 |   1.05e-04 |     
   21 |     0.1296 |     0.7684 |    0.6551 |     0.1237 |     0.7932 |    0.6871 |   3.00e-04 |     
   22 |     0.1231 |     0.7788 |    0.6680 |     0.1142 |     0.7894 |    0.6830 |   2.95e-04 |     
   23 |     0.1186 |     0.7855 |    0.6772 |     0.1121 |     0.7973 |    0.6918 |   2.81e-04 |     
   24 |     0.1175 |     0.7876 |    0.6793 |     0.1139 |     0.7888 |    0.6777 |   2.59e-04 |     
   25 |     0.1131 |     0.7947 |    0.6877 |     0.1212 |     0.7900 |    0.6812 |   2.31e-04 |     
   26 |     0.1134 |     0.7939 |    0.6870 |     0.1299 |     0.7857 |    0.6759 |   2.00e-04 |     
   27 |     0.1086 |     0.8025 |    0.6975 |     0.1125 |     0.8038 |    0.7003 |   1.69e-04 |     
   28 |     0.1069 |     0.8047 |    0.7000 |     0.1081 |     0.8043 |    0.7013 |   1.41e-04 |     
   29 |     0.1049 |     0.8077 |    0.7042 |     0.1050 |     0.8113 |    0.7096 |   1.19e-04 |     
   30 |     0.1030 |     0.8122 |    0.7095 |     0.1044 |     0.8053 |    0.7023 |   1.05e-04 |     
   31 |     0.1188 |     0.7865 |    0.6768 |     0.1150 |     0.7858 |    0.6746 |   3.00e-04 |     
   32 |     0.1153 |     0.7911 |    0.6832 |     0.1292 |     0.7794 |    0.6715 |   2.95e-04 |     
   33 |     0.1150 |     0.7921 |    0.6843 |     0.1150 |     0.8012 |    0.6967 |   2.81e-04 |     
   34 |     0.1112 |     0.7986 |    0.6925 |     0.1107 |     0.8075 |    0.7053 |   2.59e-04 |     
   35 |     0.1107 |     0.7991 |    0.6931 |     0.1144 |     0.7942 |    0.6877 |   2.31e-04 |     
   36 |     0.1077 |     0.8042 |    0.7001 |     0.1050 |     0.8097 |    0.7081 |   2.00e-04 |     
   37 |     0.1045 |     0.8089 |    0.7059 |     0.1193 |     0.7762 |    0.6666 |   1.69e-04 |     
   38 |     0.1020 |     0.8126 |    0.7104 |     0.1119 |     0.8108 |    0.7088 |   1.41e-04 |     
   39 |     0.0996 |     0.8173 |    0.7164 |     0.1080 |     0.8134 |    0.7133 |   1.19e-04 |     
   40 |     0.0989 |     0.8176 |    0.7170 |     0.1020 |     0.8155 |    0.7161 |   1.05e-04 |    *
   41 |     0.1137 |     0.7945 |    0.6866 |     0.3099 |     0.6225 |    0.4941 |   3.00e-04 |     
   42 |     0.1136 |     0.7949 |    0.6879 |     0.1140 |     0.7907 |    0.6855 |   2.95e-04 |     
   43 |     0.1107 |     0.7985 |    0.6929 |     0.1100 |     0.7960 |    0.6900 |   2.81e-04 |     
   44 |     0.1067 |     0.8051 |    0.7006 |     0.1145 |     0.7889 |    0.6807 |   2.59e-04 |     
   45 |     0.1046 |     0.8089 |    0.7049 |     0.1109 |     0.7975 |    0.6921 |   2.31e-04 |     
   46 |     0.1043 |     0.8097 |    0.7062 |     0.1059 |     0.8083 |    0.7050 |   2.00e-04 |     
   47 |     0.1006 |     0.8146 |    0.7129 |     0.1071 |     0.8097 |    0.7069 |   1.69e-04 |     
   48 |     0.0987 |     0.8184 |    0.7173 |     0.1052 |     0.8093 |    0.7088 |   1.41e-04 |     
--- RACE-PE 80e validation screen: control validation statistics ---
up4: ca=0.8628+/-0.1137, sa=1.0081+/-0.0073, amp=0.0000, suppress=0.0000, guide_abs=0.2063
up4 residuals: local_mean=6.402e-02, global_mean=0.0091, local_strength=0.1117, global_strength=0.1103, gain=[0.9878,1.0580], saturation=0.1102, text_film=0.0207
up4 haar: reconstruction_error=9.537e-07, skip_low/high=0.8056/0.1944, plam_low/high=1.0000/0.0000
up4 strengths: plam=0.9220, region=0.1117, detail=0.1103; residual_std region/detail/refine=0.3653/0.4612/0.3964
up4 guide_mix: entropy=0.9799, raw_low=0.3350, plam_low=0.2488, decoder_low=0.2470, detail=0.1692; agreement plam/decoder=0.4032/0.4524, support=0.7933+/-0.1102
up4 adaptive_frequency: ALPF strength=0.2531, weights=0.1476/0.7108/0.1416, sum=1.0000, entropy=0.7275, delta_std=0.0687; AHPF strength=0.0728, weights=0.3622/0.4764/0.1614, sum=1.0000, entropy=0.9202, residual_std=0.0940, scaled_std=0.0068
up3: ca=0.9738+/-0.1545, sa=1.0085+/-0.0046, amp=0.0000, suppress=0.0000, guide_abs=0.2067
up3 residuals: local_mean=1.912e-02, global_mean=0.0528, local_strength=0.1141, global_strength=0.1197, gain=[0.9908,1.0329], saturation=0.0209, text_film=0.0374
up3 haar: reconstruction_error=9.537e-07, skip_low/high=0.7642/0.2358, plam_low/high=1.0000/0.0000
up3 strengths: plam=0.9026, region=0.1141, detail=0.1197; residual_std region/detail/refine=0.4056/0.4867/0.4014
up3 guide_mix: entropy=0.9803, raw_low=0.3044, plam_low=0.2276, decoder_low=0.3013, detail=0.1666; agreement plam/decoder=0.4095/0.2860, support=0.6879+/-0.1221
up3 adaptive_frequency: ALPF strength=0.2624, weights=0.1039/0.4539/0.4422, sum=1.0000, entropy=0.7549, delta_std=0.0703; AHPF strength=0.1134, weights=0.6712/0.1776/0.1512, sum=1.0000, entropy=0.6982, residual_std=0.0773, scaled_std=0.0088
up2: ca=0.8409+/-0.1979, sa=1.0046+/-0.0030, amp=0.0000, suppress=0.0000, guide_abs=0.3760
up2 residuals: local_mean=2.010e-03, global_mean=0.0382, local_strength=0.1256, global_strength=0.1132, gain=[0.9676,1.0413], saturation=0.0027, text_film=0.0633
up2 haar: reconstruction_error=9.537e-07, skip_low/high=0.8207/0.1793, plam_low/high=1.0000/0.0000
up2 strengths: plam=0.8126, region=0.1256, detail=0.1132; residual_std region/detail/refine=0.1954/0.2917/0.1483
up2 guide_mix: entropy=0.9548, raw_low=0.3200, plam_low=0.1988, decoder_low=0.3459, detail=0.1353; agreement plam/decoder=0.7840/0.2673, support=0.7307+/-0.0694
up1: ca=0.8164+/-0.1436, sa=1.0049+/-0.0115, amp=0.0000, suppress=0.0000, guide_abs=0.2144
up1 residuals: local_mean=8.851e-04, global_mean=0.0533, local_strength=0.1255, global_strength=0.0920, gain=[0.9119,1.0893], saturation=0.0004, text_film=0.0338
up1 haar: reconstruction_error=1.907e-06, skip_low/high=0.7470/0.2530, plam_low/high=1.0000/0.0000
up1 strengths: plam=0.9017, region=0.1255, detail=0.0920; residual_std region/detail/refine=0.2253/0.3908/0.2000
up1 guide_mix: entropy=0.9312, raw_low=0.3486, plam_low=0.1660, decoder_low=0.3625, detail=0.1229; agreement plam/decoder=0.1373/-0.1691, support=0.6035+/-0.0652

========= Epoch [49/80] =========
C4_Test_session_09.09_15h44
Training with batch size : 16
   [Train] Epoch: [49][20/357]  Loss:0.120 (Avg 0.1056) IoU:0.665 (Avg 0.7105) Dice:0.7675 (Avg 0.8100) LR 1.19e-04   (AvgTime 0.6)   
   [Train] Epoch: [49][40/357]  Loss:0.085 (Avg 0.1028) IoU:0.755 (Avg 0.7136) Dice:0.8511 (Avg 0.8148) LR 1.19e-04   (AvgTime 0.5)   
   [Train] Epoch: [49][60/357]  Loss:0.090 (Avg 0.1001) IoU:0.717 (Avg 0.7167) Dice:0.8264 (Avg 0.8186) LR 1.19e-04   (AvgTime 0.5)   
   [Train] Epoch: [49][80/357]  Loss:0.080 (Avg 0.0981) IoU:0.758 (Avg 0.7211) Dice:0.8575 (Avg 0.8218) LR 1.19e-04   (AvgTime 0.5)   
   [Train] Epoch: [49][100/357]  Loss:0.079 (Avg 0.0972) IoU:0.773 (Avg 0.7230) Dice:0.8665 (Avg 0.8229) LR 1.19e-04   (AvgTime 0.5)   
   [Train] Epoch: [49][120/357]  Loss:0.141 (Avg 0.0970) IoU:0.605 (Avg 0.7221) Dice:0.7259 (Avg 0.8224) LR 1.19e-04   (AvgTime 0.5)   
   [Train] Epoch: [49][140/357]  Loss:0.073 (Avg 0.0968) IoU:0.795 (Avg 0.7217) Dice:0.8815 (Avg 0.8225) LR 1.19e-04   (AvgTime 0.5)   
   [Train] Epoch: [49][160/357]  Loss:0.118 (Avg 0.0963) IoU:0.659 (Avg 0.7232) Dice:0.7737 (Avg 0.8237) LR 1.19e-04   (AvgTime 0.5)   
   [Train] Epoch: [49][180/357]  Loss:0.098 (Avg 0.0964) IoU:0.698 (Avg 0.7232) Dice:0.8072 (Avg 0.8234) LR 1.19e-04   (AvgTime 0.5)   
   [Train] Epoch: [49][200/357]  Loss:0.088 (Avg 0.0964) IoU:0.740 (Avg 0.7234) Dice:0.8365 (Avg 0.8237) LR 1.19e-04   (AvgTime 0.5)   
   [Train] Epoch: [49][220/357]  Loss:0.147 (Avg 0.0968) IoU:0.605 (Avg 0.7225) Dice:0.7202 (Avg 0.8229) LR 1.19e-04   (AvgTime 0.5)   
   [Train] Epoch: [49][240/357]  Loss:0.097 (Avg 0.0970) IoU:0.705 (Avg 0.7220) Dice:0.8154 (Avg 0.8225) LR 1.19e-04   (AvgTime 0.5)   
   [Train] Epoch: [49][260/357]  Loss:0.127 (Avg 0.0973) IoU:0.647 (Avg 0.7210) Dice:0.7572 (Avg 0.8218) LR 1.19e-04   (AvgTime 0.5)   
   [Train] Epoch: [49][280/357]  Loss:0.128 (Avg 0.0976) IoU:0.621 (Avg 0.7202) Dice:0.7455 (Avg 0.8211) LR 1.19e-04   (AvgTime 0.5)   
   [Train] Epoch: [49][300/357]  Loss:0.113 (Avg 0.0977) IoU:0.692 (Avg 0.7198) Dice:0.7986 (Avg 0.8207) LR 1.19e-04   (AvgTime 0.5)   
   [Train] Epoch: [49][320/357]  Loss:0.114 (Avg 0.0975) IoU:0.666 (Avg 0.7199) Dice:0.7790 (Avg 0.8208) LR 1.19e-04   (AvgTime 0.5)   
   [Train] Epoch: [49][340/357]  Loss:0.084 (Avg 0.0970) IoU:0.754 (Avg 0.7213) Dice:0.8437 (Avg 0.8217) LR 1.19e-04   (AvgTime 0.5)   
   [Train] Epoch: [49][357/357]  Loss:0.069 (Avg 0.0967) IoU:0.788 (Avg 0.7221) Dice:0.8755 (Avg 0.8222) LR 1.19e-04   (AvgTime 0.5)   
   [Train] Loss components: dice=0.152872, focal=0.040592, total=0.096732
Validation
   [Val] Epoch: [49][20/90]  Loss:0.134 (Avg 0.1049) IoU:0.656 (Avg 0.7131) Dice:0.7719 (Avg 0.8178) (AvgTime 0.3)   
   [Val] Epoch: [49][40/90]  Loss:0.108 (Avg 0.1120) IoU:0.678 (Avg 0.6940) Dice:0.7916 (Avg 0.7996) (AvgTime 0.2)   
   [Val] Epoch: [49][60/90]  Loss:0.126 (Avg 0.1050) IoU:0.661 (Avg 0.7045) Dice:0.7634 (Avg 0.8064) (AvgTime 0.2)   
   [Val] Epoch: [49][80/90]  Loss:0.105 (Avg 0.1045) IoU:0.687 (Avg 0.7021) Dice:0.7908 (Avg 0.8046) (AvgTime 0.2)   
   [Val] Epoch: [49][90/90]  Loss:0.125 (Avg 0.1041) IoU:0.623 (Avg 0.7025) Dice:0.7527 (Avg 0.8051) (AvgTime 0.2)   
   [Val] Loss components: dice=0.168557, focal=0.039585, total=0.104071
	 No iou improvement; selected epoch 40
	 early_stopping_count: 9/80
--- Epoch History (1..49) ---
Epoch |  TrainLoss |  TrainDice |  TrainIoU |    ValLoss |    ValDice |    ValIoU |         LR | Best
    1 |     0.2379 |     0.6073 |    0.4776 |     0.1928 |     0.6881 |    0.5656 |   3.00e-04 |     
    2 |     0.1735 |     0.6993 |    0.5754 |     0.1794 |     0.6884 |    0.5646 |   2.95e-04 |     
    3 |     0.1551 |     0.7275 |    0.6080 |     0.1434 |     0.7519 |    0.6362 |   2.81e-04 |     
    4 |     0.1433 |     0.7455 |    0.6288 |     0.1249 |     0.7776 |    0.6670 |   2.59e-04 |     
    5 |     0.1385 |     0.7532 |    0.6372 |     0.1294 |     0.7623 |    0.6477 |   2.31e-04 |     
    6 |     0.1322 |     0.7635 |    0.6498 |     0.1199 |     0.7896 |    0.6818 |   2.00e-04 |     
    7 |     0.1269 |     0.7728 |    0.6612 |     0.1228 |     0.7847 |    0.6751 |   1.69e-04 |     
    8 |     0.1217 |     0.7793 |    0.6692 |     0.1136 |     0.7979 |    0.6923 |   1.41e-04 |     
    9 |     0.1195 |     0.7835 |    0.6745 |     0.1192 |     0.7913 |    0.6831 |   1.19e-04 |     
   10 |     0.1163 |     0.7892 |    0.6813 |     0.1168 |     0.7850 |    0.6775 |   1.05e-04 |     
   11 |     0.1403 |     0.7517 |    0.6355 |     0.1291 |     0.7743 |    0.6602 |   3.00e-04 |     
   12 |     0.1316 |     0.7641 |    0.6512 |     0.1328 |     0.7636 |    0.6512 |   2.95e-04 |     
   13 |     0.1263 |     0.7730 |    0.6610 |     0.1408 |     0.7642 |    0.6509 |   2.81e-04 |     
   14 |     0.1252 |     0.7749 |    0.6635 |     0.1187 |     0.7935 |    0.6862 |   2.59e-04 |     
   15 |     0.1216 |     0.7807 |    0.6707 |     0.1123 |     0.7925 |    0.6844 |   2.31e-04 |     
   16 |     0.1180 |     0.7858 |    0.6774 |     0.1121 |     0.7992 |    0.6935 |   2.00e-04 |     
   17 |     0.1145 |     0.7921 |    0.6845 |     0.1114 |     0.7926 |    0.6854 |   1.69e-04 |     
   18 |     0.1124 |     0.7968 |    0.6900 |     0.1102 |     0.7951 |    0.6874 |   1.41e-04 |     
   19 |     0.1090 |     0.8008 |    0.6956 |     0.1142 |     0.7864 |    0.6784 |   1.19e-04 |     
   20 |     0.1076 |     0.8033 |    0.6987 |     0.1081 |     0.8027 |    0.6994 |   1.05e-04 |     
   21 |     0.1296 |     0.7684 |    0.6551 |     0.1237 |     0.7932 |    0.6871 |   3.00e-04 |     
   22 |     0.1231 |     0.7788 |    0.6680 |     0.1142 |     0.7894 |    0.6830 |   2.95e-04 |     
   23 |     0.1186 |     0.7855 |    0.6772 |     0.1121 |     0.7973 |    0.6918 |   2.81e-04 |     
   24 |     0.1175 |     0.7876 |    0.6793 |     0.1139 |     0.7888 |    0.6777 |   2.59e-04 |     
   25 |     0.1131 |     0.7947 |    0.6877 |     0.1212 |     0.7900 |    0.6812 |   2.31e-04 |     
   26 |     0.1134 |     0.7939 |    0.6870 |     0.1299 |     0.7857 |    0.6759 |   2.00e-04 |     
   27 |     0.1086 |     0.8025 |    0.6975 |     0.1125 |     0.8038 |    0.7003 |   1.69e-04 |     
   28 |     0.1069 |     0.8047 |    0.7000 |     0.1081 |     0.8043 |    0.7013 |   1.41e-04 |     
   29 |     0.1049 |     0.8077 |    0.7042 |     0.1050 |     0.8113 |    0.7096 |   1.19e-04 |     
   30 |     0.1030 |     0.8122 |    0.7095 |     0.1044 |     0.8053 |    0.7023 |   1.05e-04 |     
   31 |     0.1188 |     0.7865 |    0.6768 |     0.1150 |     0.7858 |    0.6746 |   3.00e-04 |     
   32 |     0.1153 |     0.7911 |    0.6832 |     0.1292 |     0.7794 |    0.6715 |   2.95e-04 |     
   33 |     0.1150 |     0.7921 |    0.6843 |     0.1150 |     0.8012 |    0.6967 |   2.81e-04 |     
   34 |     0.1112 |     0.7986 |    0.6925 |     0.1107 |     0.8075 |    0.7053 |   2.59e-04 |     
   35 |     0.1107 |     0.7991 |    0.6931 |     0.1144 |     0.7942 |    0.6877 |   2.31e-04 |     
   36 |     0.1077 |     0.8042 |    0.7001 |     0.1050 |     0.8097 |    0.7081 |   2.00e-04 |     
   37 |     0.1045 |     0.8089 |    0.7059 |     0.1193 |     0.7762 |    0.6666 |   1.69e-04 |     
   38 |     0.1020 |     0.8126 |    0.7104 |     0.1119 |     0.8108 |    0.7088 |   1.41e-04 |     
   39 |     0.0996 |     0.8173 |    0.7164 |     0.1080 |     0.8134 |    0.7133 |   1.19e-04 |     
   40 |     0.0989 |     0.8176 |    0.7170 |     0.1020 |     0.8155 |    0.7161 |   1.05e-04 |    *
   41 |     0.1137 |     0.7945 |    0.6866 |     0.3099 |     0.6225 |    0.4941 |   3.00e-04 |     
   42 |     0.1136 |     0.7949 |    0.6879 |     0.1140 |     0.7907 |    0.6855 |   2.95e-04 |     
   43 |     0.1107 |     0.7985 |    0.6929 |     0.1100 |     0.7960 |    0.6900 |   2.81e-04 |     
   44 |     0.1067 |     0.8051 |    0.7006 |     0.1145 |     0.7889 |    0.6807 |   2.59e-04 |     
   45 |     0.1046 |     0.8089 |    0.7049 |     0.1109 |     0.7975 |    0.6921 |   2.31e-04 |     
   46 |     0.1043 |     0.8097 |    0.7062 |     0.1059 |     0.8083 |    0.7050 |   2.00e-04 |     
   47 |     0.1006 |     0.8146 |    0.7129 |     0.1071 |     0.8097 |    0.7069 |   1.69e-04 |     
   48 |     0.0987 |     0.8184 |    0.7173 |     0.1052 |     0.8093 |    0.7088 |   1.41e-04 |     
   49 |     0.0967 |     0.8222 |    0.7221 |     0.1041 |     0.8051 |    0.7025 |   1.19e-04 |     
--- RACE-PE 80e validation screen: control validation statistics ---
up4: ca=0.8710+/-0.1111, sa=1.0081+/-0.0072, amp=0.0000, suppress=0.0000, guide_abs=0.1874
up4 residuals: local_mean=6.437e-02, global_mean=0.0085, local_strength=0.1116, global_strength=0.1105, gain=[0.9889,1.0529], saturation=0.0816, text_film=0.0201
up4 haar: reconstruction_error=9.537e-07, skip_low/high=0.8001/0.1999, plam_low/high=1.0000/0.0000
up4 strengths: plam=0.9215, region=0.1116, detail=0.1105; residual_std region/detail/refine=0.3596/0.4554/0.3899
up4 guide_mix: entropy=0.9811, raw_low=0.3321, plam_low=0.2463, decoder_low=0.2505, detail=0.1711; agreement plam/decoder=0.4357/0.5032, support=0.7705+/-0.1167
up4 adaptive_frequency: ALPF strength=0.2535, weights=0.1558/0.7067/0.1376, sum=1.0000, entropy=0.7341, delta_std=0.0734; AHPF strength=0.0727, weights=0.3521/0.4835/0.1645, sum=1.0000, entropy=0.9217, residual_std=0.0974, scaled_std=0.0071
up3: ca=0.9691+/-0.1544, sa=1.0089+/-0.0047, amp=0.0000, suppress=0.0000, guide_abs=0.2099
up3 residuals: local_mean=1.901e-02, global_mean=0.0557, local_strength=0.1142, global_strength=0.1199, gain=[0.9893,1.0299], saturation=0.0276, text_film=0.0291
up3 haar: reconstruction_error=9.537e-07, skip_low/high=0.7532/0.2468, plam_low/high=1.0000/0.0000
up3 strengths: plam=0.9018, region=0.1142, detail=0.1199; residual_std region/detail/refine=0.4040/0.5022/0.4075
up3 guide_mix: entropy=0.9838, raw_low=0.3130, plam_low=0.2252, decoder_low=0.2840, detail=0.1777; agreement plam/decoder=0.3902/0.2139, support=0.6991+/-0.1220
up3 adaptive_frequency: ALPF strength=0.2631, weights=0.1017/0.4274/0.4709, sum=1.0000, entropy=0.7754, delta_std=0.0716; AHPF strength=0.1135, weights=0.7048/0.1835/0.1117, sum=1.0000, entropy=0.7018, residual_std=0.0648, scaled_std=0.0073
up2: ca=0.8495+/-0.1545, sa=1.0049+/-0.0033, amp=0.0000, suppress=0.0000, guide_abs=0.3758
up2 residuals: local_mean=2.859e-03, global_mean=0.0402, local_strength=0.1257, global_strength=0.1132, gain=[0.9682,1.0431], saturation=0.0033, text_film=0.0608
up2 haar: reconstruction_error=9.537e-07, skip_low/high=0.8022/0.1978, plam_low/high=1.0000/0.0000
up2 strengths: plam=0.8113, region=0.1257, detail=0.1132; residual_std region/detail/refine=0.2076/0.3130/0.1444
up2 guide_mix: entropy=0.9585, raw_low=0.3206, plam_low=0.1846, decoder_low=0.3443, detail=0.1505; agreement plam/decoder=0.7058/0.2322, support=0.7328+/-0.0687
up1: ca=0.8263+/-0.1342, sa=1.0049+/-0.0118, amp=0.0000, suppress=0.0000, guide_abs=0.1957
up1 residuals: local_mean=1.315e-04, global_mean=0.0545, local_strength=0.1257, global_strength=0.0919, gain=[0.9115,1.0896], saturation=0.0000, text_film=0.0336
up1 haar: reconstruction_error=1.907e-06, skip_low/high=0.7275/0.2725, plam_low/high=1.0000/0.0000
up1 strengths: plam=0.9008, region=0.1257, detail=0.0919; residual_std region/detail/refine=0.2075/0.4031/0.2013
up1 guide_mix: entropy=0.9400, raw_low=0.3119, plam_low=0.1875, decoder_low=0.3773, detail=0.1233; agreement plam/decoder=0.0951/-0.1862, support=0.6044+/-0.0643

========= Epoch [50/80] =========
C4_Test_session_09.09_15h44
Training with batch size : 16
   [Train] Epoch: [50][20/357]  Loss:0.076 (Avg 0.0933) IoU:0.750 (Avg 0.7337) Dice:0.8540 (Avg 0.8305) LR 1.05e-04   (AvgTime 0.6)   
   [Train] Epoch: [50][40/357]  Loss:0.112 (Avg 0.0968) IoU:0.677 (Avg 0.7211) Dice:0.7835 (Avg 0.8213) LR 1.05e-04   (AvgTime 0.5)   
   [Train] Epoch: [50][60/357]  Loss:0.086 (Avg 0.0965) IoU:0.750 (Avg 0.7203) Dice:0.8473 (Avg 0.8214) LR 1.05e-04   (AvgTime 0.5)   
   [Train] Epoch: [50][80/357]  Loss:0.115 (Avg 0.0962) IoU:0.723 (Avg 0.7224) Dice:0.8271 (Avg 0.8233) LR 1.05e-04   (AvgTime 0.5)   
   [Train] Epoch: [50][100/357]  Loss:0.101 (Avg 0.0965) IoU:0.689 (Avg 0.7220) Dice:0.8015 (Avg 0.8227) LR 1.05e-04   (AvgTime 0.5)   
   [Train] Epoch: [50][120/357]  Loss:0.080 (Avg 0.0964) IoU:0.762 (Avg 0.7221) Dice:0.8486 (Avg 0.8226) LR 1.05e-04   (AvgTime 0.5)   
   [Train] Epoch: [50][140/357]  Loss:0.077 (Avg 0.0956) IoU:0.761 (Avg 0.7235) Dice:0.8528 (Avg 0.8235) LR 1.05e-04   (AvgTime 0.5)   
   [Train] Epoch: [50][160/357]  Loss:0.103 (Avg 0.0955) IoU:0.694 (Avg 0.7237) Dice:0.7939 (Avg 0.8235) LR 1.05e-04   (AvgTime 0.5)   
   [Train] Epoch: [50][180/357]  Loss:0.110 (Avg 0.0953) IoU:0.675 (Avg 0.7245) Dice:0.7925 (Avg 0.8242) LR 1.05e-04   (AvgTime 0.5)   
   [Train] Epoch: [50][200/357]  Loss:0.079 (Avg 0.0949) IoU:0.736 (Avg 0.7259) Dice:0.8382 (Avg 0.8252) LR 1.05e-04   (AvgTime 0.5)   
   [Train] Epoch: [50][220/357]  Loss:0.078 (Avg 0.0950) IoU:0.748 (Avg 0.7253) Dice:0.8483 (Avg 0.8248) LR 1.05e-04   (AvgTime 0.5)   
   [Train] Epoch: [50][240/357]  Loss:0.150 (Avg 0.0953) IoU:0.625 (Avg 0.7241) Dice:0.7368 (Avg 0.8238) LR 1.05e-04   (AvgTime 0.5)   
   [Train] Epoch: [50][260/357]  Loss:0.089 (Avg 0.0956) IoU:0.753 (Avg 0.7239) Dice:0.8320 (Avg 0.8235) LR 1.05e-04   (AvgTime 0.5)   
   [Train] Epoch: [50][280/357]  Loss:0.059 (Avg 0.0952) IoU:0.795 (Avg 0.7249) Dice:0.8819 (Avg 0.8242) LR 1.05e-04   (AvgTime 0.5)   
   [Train] Epoch: [50][300/357]  Loss:0.096 (Avg 0.0951) IoU:0.715 (Avg 0.7251) Dice:0.8022 (Avg 0.8244) LR 1.05e-04   (AvgTime 0.5)   
   [Train] Epoch: [50][320/357]  Loss:0.079 (Avg 0.0953) IoU:0.768 (Avg 0.7243) Dice:0.8553 (Avg 0.8238) LR 1.05e-04   (AvgTime 0.5)   
   [Train] Epoch: [50][340/357]  Loss:0.082 (Avg 0.0954) IoU:0.771 (Avg 0.7237) Dice:0.8613 (Avg 0.8234) LR 1.05e-04   (AvgTime 0.5)   
   [Train] Epoch: [50][357/357]  Loss:0.082 (Avg 0.0957) IoU:0.781 (Avg 0.7229) Dice:0.8697 (Avg 0.8227) LR 1.05e-04   (AvgTime 0.5)   
   [Train] Loss components: dice=0.151912, focal=0.039574, total=0.095743
Validation
   [Val] Epoch: [50][20/90]  Loss:0.138 (Avg 0.1137) IoU:0.660 (Avg 0.7127) Dice:0.7773 (Avg 0.8156) (AvgTime 0.3)   
   [Val] Epoch: [50][40/90]  Loss:0.099 (Avg 0.1168) IoU:0.711 (Avg 0.6987) Dice:0.8170 (Avg 0.8022) (AvgTime 0.2)   
   [Val] Epoch: [50][60/90]  Loss:0.128 (Avg 0.1091) IoU:0.653 (Avg 0.7104) Dice:0.7603 (Avg 0.8100) (AvgTime 0.2)   
   [Val] Epoch: [50][80/90]  Loss:0.104 (Avg 0.1066) IoU:0.708 (Avg 0.7117) Dice:0.8060 (Avg 0.8116) (AvgTime 0.2)   
   [Val] Epoch: [50][90/90]  Loss:0.126 (Avg 0.1066) IoU:0.628 (Avg 0.7115) Dice:0.7573 (Avg 0.8117) (AvgTime 0.2)   
   [Val] Loss components: dice=0.160415, focal=0.052693, total=0.106554
	 No iou improvement; selected epoch 40
	 early_stopping_count: 10/80
--- Epoch History (1..50) ---
Epoch |  TrainLoss |  TrainDice |  TrainIoU |    ValLoss |    ValDice |    ValIoU |         LR | Best
    1 |     0.2379 |     0.6073 |    0.4776 |     0.1928 |     0.6881 |    0.5656 |   3.00e-04 |     
    2 |     0.1735 |     0.6993 |    0.5754 |     0.1794 |     0.6884 |    0.5646 |   2.95e-04 |     
    3 |     0.1551 |     0.7275 |    0.6080 |     0.1434 |     0.7519 |    0.6362 |   2.81e-04 |     
    4 |     0.1433 |     0.7455 |    0.6288 |     0.1249 |     0.7776 |    0.6670 |   2.59e-04 |     
    5 |     0.1385 |     0.7532 |    0.6372 |     0.1294 |     0.7623 |    0.6477 |   2.31e-04 |     
    6 |     0.1322 |     0.7635 |    0.6498 |     0.1199 |     0.7896 |    0.6818 |   2.00e-04 |     
    7 |     0.1269 |     0.7728 |    0.6612 |     0.1228 |     0.7847 |    0.6751 |   1.69e-04 |     
    8 |     0.1217 |     0.7793 |    0.6692 |     0.1136 |     0.7979 |    0.6923 |   1.41e-04 |     
    9 |     0.1195 |     0.7835 |    0.6745 |     0.1192 |     0.7913 |    0.6831 |   1.19e-04 |     
   10 |     0.1163 |     0.7892 |    0.6813 |     0.1168 |     0.7850 |    0.6775 |   1.05e-04 |     
   11 |     0.1403 |     0.7517 |    0.6355 |     0.1291 |     0.7743 |    0.6602 |   3.00e-04 |     
   12 |     0.1316 |     0.7641 |    0.6512 |     0.1328 |     0.7636 |    0.6512 |   2.95e-04 |     
   13 |     0.1263 |     0.7730 |    0.6610 |     0.1408 |     0.7642 |    0.6509 |   2.81e-04 |     
   14 |     0.1252 |     0.7749 |    0.6635 |     0.1187 |     0.7935 |    0.6862 |   2.59e-04 |     
   15 |     0.1216 |     0.7807 |    0.6707 |     0.1123 |     0.7925 |    0.6844 |   2.31e-04 |     
   16 |     0.1180 |     0.7858 |    0.6774 |     0.1121 |     0.7992 |    0.6935 |   2.00e-04 |     
   17 |     0.1145 |     0.7921 |    0.6845 |     0.1114 |     0.7926 |    0.6854 |   1.69e-04 |     
   18 |     0.1124 |     0.7968 |    0.6900 |     0.1102 |     0.7951 |    0.6874 |   1.41e-04 |     
   19 |     0.1090 |     0.8008 |    0.6956 |     0.1142 |     0.7864 |    0.6784 |   1.19e-04 |     
   20 |     0.1076 |     0.8033 |    0.6987 |     0.1081 |     0.8027 |    0.6994 |   1.05e-04 |     
   21 |     0.1296 |     0.7684 |    0.6551 |     0.1237 |     0.7932 |    0.6871 |   3.00e-04 |     
   22 |     0.1231 |     0.7788 |    0.6680 |     0.1142 |     0.7894 |    0.6830 |   2.95e-04 |     
   23 |     0.1186 |     0.7855 |    0.6772 |     0.1121 |     0.7973 |    0.6918 |   2.81e-04 |     
   24 |     0.1175 |     0.7876 |    0.6793 |     0.1139 |     0.7888 |    0.6777 |   2.59e-04 |     
   25 |     0.1131 |     0.7947 |    0.6877 |     0.1212 |     0.7900 |    0.6812 |   2.31e-04 |     
   26 |     0.1134 |     0.7939 |    0.6870 |     0.1299 |     0.7857 |    0.6759 |   2.00e-04 |     
   27 |     0.1086 |     0.8025 |    0.6975 |     0.1125 |     0.8038 |    0.7003 |   1.69e-04 |     
   28 |     0.1069 |     0.8047 |    0.7000 |     0.1081 |     0.8043 |    0.7013 |   1.41e-04 |     
   29 |     0.1049 |     0.8077 |    0.7042 |     0.1050 |     0.8113 |    0.7096 |   1.19e-04 |     
   30 |     0.1030 |     0.8122 |    0.7095 |     0.1044 |     0.8053 |    0.7023 |   1.05e-04 |     
   31 |     0.1188 |     0.7865 |    0.6768 |     0.1150 |     0.7858 |    0.6746 |   3.00e-04 |     
   32 |     0.1153 |     0.7911 |    0.6832 |     0.1292 |     0.7794 |    0.6715 |   2.95e-04 |     
   33 |     0.1150 |     0.7921 |    0.6843 |     0.1150 |     0.8012 |    0.6967 |   2.81e-04 |     
   34 |     0.1112 |     0.7986 |    0.6925 |     0.1107 |     0.8075 |    0.7053 |   2.59e-04 |     
   35 |     0.1107 |     0.7991 |    0.6931 |     0.1144 |     0.7942 |    0.6877 |   2.31e-04 |     
   36 |     0.1077 |     0.8042 |    0.7001 |     0.1050 |     0.8097 |    0.7081 |   2.00e-04 |     
   37 |     0.1045 |     0.8089 |    0.7059 |     0.1193 |     0.7762 |    0.6666 |   1.69e-04 |     
   38 |     0.1020 |     0.8126 |    0.7104 |     0.1119 |     0.8108 |    0.7088 |   1.41e-04 |     
   39 |     0.0996 |     0.8173 |    0.7164 |     0.1080 |     0.8134 |    0.7133 |   1.19e-04 |     
   40 |     0.0989 |     0.8176 |    0.7170 |     0.1020 |     0.8155 |    0.7161 |   1.05e-04 |    *
   41 |     0.1137 |     0.7945 |    0.6866 |     0.3099 |     0.6225 |    0.4941 |   3.00e-04 |     
   42 |     0.1136 |     0.7949 |    0.6879 |     0.1140 |     0.7907 |    0.6855 |   2.95e-04 |     
   43 |     0.1107 |     0.7985 |    0.6929 |     0.1100 |     0.7960 |    0.6900 |   2.81e-04 |     
   44 |     0.1067 |     0.8051 |    0.7006 |     0.1145 |     0.7889 |    0.6807 |   2.59e-04 |     
   45 |     0.1046 |     0.8089 |    0.7049 |     0.1109 |     0.7975 |    0.6921 |   2.31e-04 |     
   46 |     0.1043 |     0.8097 |    0.7062 |     0.1059 |     0.8083 |    0.7050 |   2.00e-04 |     
   47 |     0.1006 |     0.8146 |    0.7129 |     0.1071 |     0.8097 |    0.7069 |   1.69e-04 |     
   48 |     0.0987 |     0.8184 |    0.7173 |     0.1052 |     0.8093 |    0.7088 |   1.41e-04 |     
   49 |     0.0967 |     0.8222 |    0.7221 |     0.1041 |     0.8051 |    0.7025 |   1.19e-04 |     
   50 |     0.0957 |     0.8227 |    0.7229 |     0.1066 |     0.8117 |    0.7115 |   1.05e-04 |     
--- RACE-PE 80e validation screen: control validation statistics ---
up4: ca=0.8668+/-0.1114, sa=1.0078+/-0.0072, amp=0.0000, suppress=0.0000, guide_abs=0.1838
up4 residuals: local_mean=6.128e-02, global_mean=0.0089, local_strength=0.1117, global_strength=0.1107, gain=[0.9878,1.0545], saturation=0.0673, text_film=0.0202
up4 haar: reconstruction_error=9.537e-07, skip_low/high=0.8027/0.1973, plam_low/high=1.0000/0.0000
up4 strengths: plam=0.9211, region=0.1117, detail=0.1107; residual_std region/detail/refine=0.3551/0.4554/0.3908
up4 guide_mix: entropy=0.9800, raw_low=0.3367, plam_low=0.2359, decoder_low=0.2555, detail=0.1719; agreement plam/decoder=0.3981/0.4995, support=0.7751+/-0.1122
up4 adaptive_frequency: ALPF strength=0.2536, weights=0.1536/0.7076/0.1388, sum=1.0000, entropy=0.7332, delta_std=0.0743; AHPF strength=0.0727, weights=0.3496/0.4848/0.1657, sum=1.0000, entropy=0.9220, residual_std=0.0967, scaled_std=0.0070
up3: ca=0.9614+/-0.1523, sa=1.0087+/-0.0044, amp=0.0000, suppress=0.0000, guide_abs=0.2061
up3 residuals: local_mean=1.915e-02, global_mean=0.0547, local_strength=0.1142, global_strength=0.1200, gain=[0.9925,1.0325], saturation=0.0191, text_film=0.0329
up3 haar: reconstruction_error=9.537e-07, skip_low/high=0.7622/0.2378, plam_low/high=1.0000/0.0000
up3 strengths: plam=0.9017, region=0.1142, detail=0.1200; residual_std region/detail/refine=0.4055/0.4836/0.4028
up3 guide_mix: entropy=0.9804, raw_low=0.3069, plam_low=0.2250, decoder_low=0.2998, detail=0.1683; agreement plam/decoder=0.4200/0.2831, support=0.6862+/-0.1195
up3 adaptive_frequency: ALPF strength=0.2635, weights=0.1054/0.4681/0.4265, sum=1.0000, entropy=0.7745, delta_std=0.0721; AHPF strength=0.1137, weights=0.6318/0.1922/0.1760, sum=1.0000, entropy=0.7468, residual_std=0.0822, scaled_std=0.0093
up2: ca=0.8567+/-0.1692, sa=1.0046+/-0.0029, amp=0.0000, suppress=0.0000, guide_abs=0.3668
up2 residuals: local_mean=2.013e-03, global_mean=0.0380, local_strength=0.1259, global_strength=0.1132, gain=[0.9692,1.0397], saturation=0.0057, text_film=0.0611
up2 haar: reconstruction_error=9.537e-07, skip_low/high=0.8185/0.1815, plam_low/high=1.0000/0.0000
up2 strengths: plam=0.8105, region=0.1259, detail=0.1132; residual_std region/detail/refine=0.1999/0.2813/0.1410
up2 guide_mix: entropy=0.9530, raw_low=0.3251, plam_low=0.1937, decoder_low=0.3458, detail=0.1353; agreement plam/decoder=0.7675/0.3304, support=0.7280+/-0.0674
up1: ca=0.8315+/-0.1380, sa=1.0051+/-0.0116, amp=0.0000, suppress=0.0000, guide_abs=0.1836
up1 residuals: local_mean=5.746e-04, global_mean=0.0553, local_strength=0.1257, global_strength=0.0919, gain=[0.9118,1.0894], saturation=0.0005, text_film=0.0360
up1 haar: reconstruction_error=1.431e-06, skip_low/high=0.7407/0.2593, plam_low/high=1.0000/0.0000
up1 strengths: plam=0.9004, region=0.1257, detail=0.0919; residual_std region/detail/refine=0.2147/0.3972/0.2027
up1 guide_mix: entropy=0.9347, raw_low=0.3475, plam_low=0.1683, decoder_low=0.3583, detail=0.1259; agreement plam/decoder=0.3620/-0.1293, support=0.5936+/-0.0593

========= Epoch [51/80] =========
C4_Test_session_09.09_15h44
Training with batch size : 16
   [Train] Epoch: [51][20/357]  Loss:0.089 (Avg 0.1007) IoU:0.729 (Avg 0.7088) Dice:0.8326 (Avg 0.8141) LR 3.00e-04   (AvgTime 0.5)   
   [Train] Epoch: [51][40/357]  Loss:0.122 (Avg 0.1031) IoU:0.665 (Avg 0.7093) Dice:0.7792 (Avg 0.8121) LR 3.00e-04   (AvgTime 0.5)   
   [Train] Epoch: [51][60/357]  Loss:0.120 (Avg 0.1026) IoU:0.679 (Avg 0.7089) Dice:0.7872 (Avg 0.8130) LR 3.00e-04   (AvgTime 0.5)   
   [Train] Epoch: [51][80/357]  Loss:0.152 (Avg 0.1074) IoU:0.595 (Avg 0.6994) Dice:0.7169 (Avg 0.8043) LR 3.00e-04   (AvgTime 0.5)   
   [Train] Epoch: [51][100/357]  Loss:0.122 (Avg 0.1082) IoU:0.675 (Avg 0.6980) Dice:0.7752 (Avg 0.8031) LR 3.00e-04   (AvgTime 0.5)   
   [Train] Epoch: [51][120/357]  Loss:0.125 (Avg 0.1084) IoU:0.655 (Avg 0.6978) Dice:0.7804 (Avg 0.8031) LR 3.00e-04   (AvgTime 0.5)   
   [Train] Epoch: [51][140/357]  Loss:0.137 (Avg 0.1091) IoU:0.663 (Avg 0.6961) Dice:0.7713 (Avg 0.8016) LR 3.00e-04   (AvgTime 0.5)   
   [Train] Epoch: [51][160/357]  Loss:0.098 (Avg 0.1090) IoU:0.742 (Avg 0.6972) Dice:0.8469 (Avg 0.8029) LR 3.00e-04   (AvgTime 0.5)   
   [Train] Epoch: [51][180/357]  Loss:0.125 (Avg 0.1094) IoU:0.646 (Avg 0.6959) Dice:0.7613 (Avg 0.8017) LR 3.00e-04   (AvgTime 0.5)   
   [Train] Epoch: [51][200/357]  Loss:0.101 (Avg 0.1097) IoU:0.707 (Avg 0.6949) Dice:0.8156 (Avg 0.8010) LR 3.00e-04   (AvgTime 0.5)   
   [Train] Epoch: [51][220/357]  Loss:0.086 (Avg 0.1095) IoU:0.726 (Avg 0.6949) Dice:0.8364 (Avg 0.8010) LR 3.00e-04   (AvgTime 0.5)   
   [Train] Epoch: [51][240/357]  Loss:0.121 (Avg 0.1103) IoU:0.671 (Avg 0.6939) Dice:0.7735 (Avg 0.7999) LR 3.00e-04   (AvgTime 0.5)   
   [Train] Epoch: [51][260/357]  Loss:0.143 (Avg 0.1110) IoU:0.624 (Avg 0.6928) Dice:0.7411 (Avg 0.7989) LR 3.00e-04   (AvgTime 0.5)   
   [Train] Epoch: [51][280/357]  Loss:0.083 (Avg 0.1115) IoU:0.748 (Avg 0.6923) Dice:0.8496 (Avg 0.7984) LR 3.00e-04   (AvgTime 0.5)   
   [Train] Epoch: [51][300/357]  Loss:0.114 (Avg 0.1115) IoU:0.681 (Avg 0.6917) Dice:0.8005 (Avg 0.7981) LR 3.00e-04   (AvgTime 0.5)   
   [Train] Epoch: [51][320/357]  Loss:0.102 (Avg 0.1113) IoU:0.724 (Avg 0.6921) Dice:0.8285 (Avg 0.7984) LR 3.00e-04   (AvgTime 0.5)   
   [Train] Epoch: [51][340/357]  Loss:0.133 (Avg 0.1115) IoU:0.681 (Avg 0.6916) Dice:0.7890 (Avg 0.7981) LR 3.00e-04   (AvgTime 0.5)   
   [Train] Epoch: [51][357/357]  Loss:0.098 (Avg 0.1108) IoU:0.725 (Avg 0.6930) Dice:0.8285 (Avg 0.7993) LR 3.00e-04   (AvgTime 0.5)   
   [Train] Loss components: dice=0.174330, focal=0.047307, total=0.110819
Validation
   [Val] Epoch: [51][20/90]  Loss:0.154 (Avg 0.1278) IoU:0.637 (Avg 0.6916) Dice:0.7606 (Avg 0.8012) (AvgTime 0.3)   
   [Val] Epoch: [51][40/90]  Loss:0.107 (Avg 0.1338) IoU:0.692 (Avg 0.6751) Dice:0.8082 (Avg 0.7857) (AvgTime 0.2)   
   [Val] Epoch: [51][60/90]  Loss:0.161 (Avg 0.1249) IoU:0.608 (Avg 0.6850) Dice:0.7243 (Avg 0.7923) (AvgTime 0.2)   
   [Val] Epoch: [51][80/90]  Loss:0.116 (Avg 0.1245) IoU:0.677 (Avg 0.6820) Dice:0.7911 (Avg 0.7898) (AvgTime 0.2)   
   [Val] Epoch: [51][90/90]  Loss:0.137 (Avg 0.1240) IoU:0.596 (Avg 0.6823) Dice:0.7301 (Avg 0.7902) (AvgTime 0.2)   
   [Val] Loss components: dice=0.182821, focal=0.065095, total=0.123958
	 No iou improvement; selected epoch 40
	 early_stopping_count: 11/80
--- Epoch History (1..51) ---
Epoch |  TrainLoss |  TrainDice |  TrainIoU |    ValLoss |    ValDice |    ValIoU |         LR | Best
    1 |     0.2379 |     0.6073 |    0.4776 |     0.1928 |     0.6881 |    0.5656 |   3.00e-04 |     
    2 |     0.1735 |     0.6993 |    0.5754 |     0.1794 |     0.6884 |    0.5646 |   2.95e-04 |     
    3 |     0.1551 |     0.7275 |    0.6080 |     0.1434 |     0.7519 |    0.6362 |   2.81e-04 |     
    4 |     0.1433 |     0.7455 |    0.6288 |     0.1249 |     0.7776 |    0.6670 |   2.59e-04 |     
    5 |     0.1385 |     0.7532 |    0.6372 |     0.1294 |     0.7623 |    0.6477 |   2.31e-04 |     
    6 |     0.1322 |     0.7635 |    0.6498 |     0.1199 |     0.7896 |    0.6818 |   2.00e-04 |     
    7 |     0.1269 |     0.7728 |    0.6612 |     0.1228 |     0.7847 |    0.6751 |   1.69e-04 |     
    8 |     0.1217 |     0.7793 |    0.6692 |     0.1136 |     0.7979 |    0.6923 |   1.41e-04 |     
    9 |     0.1195 |     0.7835 |    0.6745 |     0.1192 |     0.7913 |    0.6831 |   1.19e-04 |     
   10 |     0.1163 |     0.7892 |    0.6813 |     0.1168 |     0.7850 |    0.6775 |   1.05e-04 |     
   11 |     0.1403 |     0.7517 |    0.6355 |     0.1291 |     0.7743 |    0.6602 |   3.00e-04 |     
   12 |     0.1316 |     0.7641 |    0.6512 |     0.1328 |     0.7636 |    0.6512 |   2.95e-04 |     
   13 |     0.1263 |     0.7730 |    0.6610 |     0.1408 |     0.7642 |    0.6509 |   2.81e-04 |     
   14 |     0.1252 |     0.7749 |    0.6635 |     0.1187 |     0.7935 |    0.6862 |   2.59e-04 |     
   15 |     0.1216 |     0.7807 |    0.6707 |     0.1123 |     0.7925 |    0.6844 |   2.31e-04 |     
   16 |     0.1180 |     0.7858 |    0.6774 |     0.1121 |     0.7992 |    0.6935 |   2.00e-04 |     
   17 |     0.1145 |     0.7921 |    0.6845 |     0.1114 |     0.7926 |    0.6854 |   1.69e-04 |     
   18 |     0.1124 |     0.7968 |    0.6900 |     0.1102 |     0.7951 |    0.6874 |   1.41e-04 |     
   19 |     0.1090 |     0.8008 |    0.6956 |     0.1142 |     0.7864 |    0.6784 |   1.19e-04 |     
   20 |     0.1076 |     0.8033 |    0.6987 |     0.1081 |     0.8027 |    0.6994 |   1.05e-04 |     
   21 |     0.1296 |     0.7684 |    0.6551 |     0.1237 |     0.7932 |    0.6871 |   3.00e-04 |     
   22 |     0.1231 |     0.7788 |    0.6680 |     0.1142 |     0.7894 |    0.6830 |   2.95e-04 |     
   23 |     0.1186 |     0.7855 |    0.6772 |     0.1121 |     0.7973 |    0.6918 |   2.81e-04 |     
   24 |     0.1175 |     0.7876 |    0.6793 |     0.1139 |     0.7888 |    0.6777 |   2.59e-04 |     
   25 |     0.1131 |     0.7947 |    0.6877 |     0.1212 |     0.7900 |    0.6812 |   2.31e-04 |     
   26 |     0.1134 |     0.7939 |    0.6870 |     0.1299 |     0.7857 |    0.6759 |   2.00e-04 |     
   27 |     0.1086 |     0.8025 |    0.6975 |     0.1125 |     0.8038 |    0.7003 |   1.69e-04 |     
   28 |     0.1069 |     0.8047 |    0.7000 |     0.1081 |     0.8043 |    0.7013 |   1.41e-04 |     
   29 |     0.1049 |     0.8077 |    0.7042 |     0.1050 |     0.8113 |    0.7096 |   1.19e-04 |     
   30 |     0.1030 |     0.8122 |    0.7095 |     0.1044 |     0.8053 |    0.7023 |   1.05e-04 |     
   31 |     0.1188 |     0.7865 |    0.6768 |     0.1150 |     0.7858 |    0.6746 |   3.00e-04 |     
   32 |     0.1153 |     0.7911 |    0.6832 |     0.1292 |     0.7794 |    0.6715 |   2.95e-04 |     
   33 |     0.1150 |     0.7921 |    0.6843 |     0.1150 |     0.8012 |    0.6967 |   2.81e-04 |     
   34 |     0.1112 |     0.7986 |    0.6925 |     0.1107 |     0.8075 |    0.7053 |   2.59e-04 |     
   35 |     0.1107 |     0.7991 |    0.6931 |     0.1144 |     0.7942 |    0.6877 |   2.31e-04 |     
   36 |     0.1077 |     0.8042 |    0.7001 |     0.1050 |     0.8097 |    0.7081 |   2.00e-04 |     
   37 |     0.1045 |     0.8089 |    0.7059 |     0.1193 |     0.7762 |    0.6666 |   1.69e-04 |     
   38 |     0.1020 |     0.8126 |    0.7104 |     0.1119 |     0.8108 |    0.7088 |   1.41e-04 |     
   39 |     0.0996 |     0.8173 |    0.7164 |     0.1080 |     0.8134 |    0.7133 |   1.19e-04 |     
   40 |     0.0989 |     0.8176 |    0.7170 |     0.1020 |     0.8155 |    0.7161 |   1.05e-04 |    *
   41 |     0.1137 |     0.7945 |    0.6866 |     0.3099 |     0.6225 |    0.4941 |   3.00e-04 |     
   42 |     0.1136 |     0.7949 |    0.6879 |     0.1140 |     0.7907 |    0.6855 |   2.95e-04 |     
   43 |     0.1107 |     0.7985 |    0.6929 |     0.1100 |     0.7960 |    0.6900 |   2.81e-04 |     
   44 |     0.1067 |     0.8051 |    0.7006 |     0.1145 |     0.7889 |    0.6807 |   2.59e-04 |     
   45 |     0.1046 |     0.8089 |    0.7049 |     0.1109 |     0.7975 |    0.6921 |   2.31e-04 |     
   46 |     0.1043 |     0.8097 |    0.7062 |     0.1059 |     0.8083 |    0.7050 |   2.00e-04 |     
   47 |     0.1006 |     0.8146 |    0.7129 |     0.1071 |     0.8097 |    0.7069 |   1.69e-04 |     
   48 |     0.0987 |     0.8184 |    0.7173 |     0.1052 |     0.8093 |    0.7088 |   1.41e-04 |     
   49 |     0.0967 |     0.8222 |    0.7221 |     0.1041 |     0.8051 |    0.7025 |   1.19e-04 |     
   50 |     0.0957 |     0.8227 |    0.7229 |     0.1066 |     0.8117 |    0.7115 |   1.05e-04 |     
   51 |     0.1108 |     0.7993 |    0.6930 |     0.1240 |     0.7902 |    0.6823 |   3.00e-04 |     
--- RACE-PE 80e validation screen: control validation statistics ---
up4: ca=0.8205+/-0.1465, sa=1.0093+/-0.0073, amp=0.0000, suppress=0.0000, guide_abs=0.2473
up4 residuals: local_mean=6.586e-02, global_mean=0.0177, local_strength=0.1120, global_strength=0.1114, gain=[0.9863,1.0571], saturation=0.1327, text_film=0.0498
up4 haar: reconstruction_error=9.537e-07, skip_low/high=0.7967/0.2033, plam_low/high=1.0000/0.0000
up4 strengths: plam=0.9168, region=0.1120, detail=0.1114; residual_std region/detail/refine=0.3750/0.4263/0.3636
up4 guide_mix: entropy=0.9739, raw_low=0.3613, plam_low=0.2524, decoder_low=0.2022, detail=0.1841; agreement plam/decoder=0.4618/0.4463, support=0.8239+/-0.0939
up4 adaptive_frequency: ALPF strength=0.2541, weights=0.1614/0.6820/0.1566, sum=1.0000, entropy=0.7593, delta_std=0.0478; AHPF strength=0.0726, weights=0.3474/0.4890/0.1636, sum=1.0000, entropy=0.9158, residual_std=0.0897, scaled_std=0.0065
up3: ca=0.9307+/-0.1951, sa=1.0090+/-0.0052, amp=0.0000, suppress=0.0000, guide_abs=0.2193
up3 residuals: local_mean=1.861e-02, global_mean=0.0573, local_strength=0.1144, global_strength=0.1203, gain=[0.9861,1.0346], saturation=0.0066, text_film=0.0370
up3 haar: reconstruction_error=9.537e-07, skip_low/high=0.7758/0.2242, plam_low/high=1.0000/0.0000
up3 strengths: plam=0.8971, region=0.1144, detail=0.1203; residual_std region/detail/refine=0.3612/0.4410/0.3352
up3 guide_mix: entropy=0.9792, raw_low=0.3379, plam_low=0.2152, decoder_low=0.2693, detail=0.1776; agreement plam/decoder=0.5749/0.2248, support=0.6621+/-0.1080
up3 adaptive_frequency: ALPF strength=0.2646, weights=0.1000/0.4821/0.4178, sum=1.0000, entropy=0.7238, delta_std=0.0601; AHPF strength=0.1151, weights=0.5506/0.1830/0.2665, sum=1.0000, entropy=0.7492, residual_std=0.1155, scaled_std=0.0133
up2: ca=0.8080+/-0.1958, sa=1.0040+/-0.0043, amp=0.0000, suppress=0.0000, guide_abs=0.3459
up2 residuals: local_mean=1.894e-04, global_mean=0.0350, local_strength=0.1272, global_strength=0.1134, gain=[0.9583,1.0515], saturation=0.0001, text_film=0.0649
up2 haar: reconstruction_error=1.073e-06, skip_low/high=0.7894/0.2106, plam_low/high=1.0000/0.0000
up2 strengths: plam=0.8021, region=0.1272, detail=0.1134; residual_std region/detail/refine=0.1773/0.3140/0.1376
up2 guide_mix: entropy=0.9600, raw_low=0.3134, plam_low=0.1912, decoder_low=0.3464, detail=0.1490; agreement plam/decoder=0.5371/0.2644, support=0.7106+/-0.0537
up1: ca=0.7649+/-0.1773, sa=1.0058+/-0.0111, amp=0.0000, suppress=0.0000, guide_abs=0.2552
up1 residuals: local_mean=4.280e-03, global_mean=0.0592, local_strength=0.1262, global_strength=0.0909, gain=[0.9141,1.0879], saturation=0.0000, text_film=0.0406
up1 haar: reconstruction_error=1.431e-06, skip_low/high=0.8006/0.1994, plam_low/high=1.0000/0.0000
up1 strengths: plam=0.8980, region=0.1262, detail=0.0909; residual_std region/detail/refine=0.2058/0.3925/0.2093
up1 guide_mix: entropy=0.8993, raw_low=0.4235, plam_low=0.1324, decoder_low=0.3286, detail=0.1156; agreement plam/decoder=0.1273/-0.2459, support=0.6041+/-0.0596

========= Epoch [52/80] =========
C4_Test_session_09.09_15h44
Training with batch size : 16
   [Train] Epoch: [52][20/357]  Loss:0.089 (Avg 0.1162) IoU:0.739 (Avg 0.6837) Dice:0.8431 (Avg 0.7908) LR 2.95e-04   (AvgTime 0.5)   
   [Train] Epoch: [52][40/357]  Loss:0.096 (Avg 0.1147) IoU:0.710 (Avg 0.6904) Dice:0.8168 (Avg 0.7966) LR 2.95e-04   (AvgTime 0.5)   
   [Train] Epoch: [52][60/357]  Loss:0.073 (Avg 0.1136) IoU:0.775 (Avg 0.6917) Dice:0.8690 (Avg 0.7982) LR 2.95e-04   (AvgTime 0.5)   
   [Train] Epoch: [52][80/357]  Loss:0.180 (Avg 0.1185) IoU:0.572 (Avg 0.6828) Dice:0.6973 (Avg 0.7903) LR 2.95e-04   (AvgTime 0.5)   
   [Train] Epoch: [52][100/357]  Loss:0.086 (Avg 0.1180) IoU:0.741 (Avg 0.6839) Dice:0.8402 (Avg 0.7910) LR 2.95e-04   (AvgTime 0.5)   
   [Train] Epoch: [52][120/357]  Loss:0.095 (Avg 0.1179) IoU:0.731 (Avg 0.6828) Dice:0.8359 (Avg 0.7904) LR 2.95e-04   (AvgTime 0.5)   
   [Train] Epoch: [52][140/357]  Loss:0.101 (Avg 0.1181) IoU:0.716 (Avg 0.6835) Dice:0.8108 (Avg 0.7906) LR 2.95e-04   (AvgTime 0.5)   
   [Train] Epoch: [52][160/357]  Loss:0.102 (Avg 0.1174) IoU:0.731 (Avg 0.6839) Dice:0.8308 (Avg 0.7911) LR 2.95e-04   (AvgTime 0.5)   
   [Train] Epoch: [52][180/357]  Loss:0.097 (Avg 0.1165) IoU:0.753 (Avg 0.6850) Dice:0.8531 (Avg 0.7924) LR 2.95e-04   (AvgTime 0.5)   
   [Train] Epoch: [52][200/357]  Loss:0.093 (Avg 0.1167) IoU:0.713 (Avg 0.6844) Dice:0.8242 (Avg 0.7920) LR 2.95e-04   (AvgTime 0.5)   
   [Train] Epoch: [52][220/357]  Loss:0.097 (Avg 0.1167) IoU:0.737 (Avg 0.6841) Dice:0.8360 (Avg 0.7918) LR 2.95e-04   (AvgTime 0.5)   
   [Train] Epoch: [52][240/357]  Loss:0.108 (Avg 0.1157) IoU:0.686 (Avg 0.6860) Dice:0.8041 (Avg 0.7934) LR 2.95e-04   (AvgTime 0.5)   
   [Train] Epoch: [52][260/357]  Loss:0.114 (Avg 0.1155) IoU:0.670 (Avg 0.6858) Dice:0.7793 (Avg 0.7932) LR 2.95e-04   (AvgTime 0.5)   
   [Train] Epoch: [52][280/357]  Loss:0.128 (Avg 0.1146) IoU:0.652 (Avg 0.6878) Dice:0.7677 (Avg 0.7948) LR 2.95e-04   (AvgTime 0.5)   
   [Train] Epoch: [52][300/357]  Loss:0.106 (Avg 0.1142) IoU:0.692 (Avg 0.6884) Dice:0.8061 (Avg 0.7952) LR 2.95e-04   (AvgTime 0.5)   
   [Train] Epoch: [52][320/357]  Loss:0.101 (Avg 0.1144) IoU:0.734 (Avg 0.6884) Dice:0.8345 (Avg 0.7951) LR 2.95e-04   (AvgTime 0.5)   
   [Train] Epoch: [52][340/357]  Loss:0.070 (Avg 0.1140) IoU:0.786 (Avg 0.6888) Dice:0.8782 (Avg 0.7954) LR 2.95e-04   (AvgTime 0.5)   
   [Train] Epoch: [52][357/357]  Loss:0.108 (Avg 0.1137) IoU:0.709 (Avg 0.6892) Dice:0.8150 (Avg 0.7958) LR 2.95e-04   (AvgTime 0.5)   
   [Train] Loss components: dice=0.178335, focal=0.049067, total=0.113701
Validation
   [Val] Epoch: [52][20/90]  Loss:0.124 (Avg 0.1069) IoU:0.681 (Avg 0.7001) Dice:0.7952 (Avg 0.8086) (AvgTime 0.2)   
   [Val] Epoch: [52][40/90]  Loss:0.106 (Avg 0.1151) IoU:0.679 (Avg 0.6804) Dice:0.7950 (Avg 0.7900) (AvgTime 0.2)   
   [Val] Epoch: [52][60/90]  Loss:0.134 (Avg 0.1087) IoU:0.648 (Avg 0.6911) Dice:0.7553 (Avg 0.7976) (AvgTime 0.2)   
   [Val] Epoch: [52][80/90]  Loss:0.104 (Avg 0.1078) IoU:0.690 (Avg 0.6896) Dice:0.8003 (Avg 0.7968) (AvgTime 0.2)   
   [Val] Epoch: [52][90/90]  Loss:0.127 (Avg 0.1077) IoU:0.616 (Avg 0.6895) Dice:0.7521 (Avg 0.7969) (AvgTime 0.2)   
   [Val] Loss components: dice=0.178354, focal=0.037103, total=0.107729
	 No iou improvement; selected epoch 40
	 early_stopping_count: 12/80
--- Epoch History (1..52) ---
Epoch |  TrainLoss |  TrainDice |  TrainIoU |    ValLoss |    ValDice |    ValIoU |         LR | Best
    1 |     0.2379 |     0.6073 |    0.4776 |     0.1928 |     0.6881 |    0.5656 |   3.00e-04 |     
    2 |     0.1735 |     0.6993 |    0.5754 |     0.1794 |     0.6884 |    0.5646 |   2.95e-04 |     
    3 |     0.1551 |     0.7275 |    0.6080 |     0.1434 |     0.7519 |    0.6362 |   2.81e-04 |     
    4 |     0.1433 |     0.7455 |    0.6288 |     0.1249 |     0.7776 |    0.6670 |   2.59e-04 |     
    5 |     0.1385 |     0.7532 |    0.6372 |     0.1294 |     0.7623 |    0.6477 |   2.31e-04 |     
    6 |     0.1322 |     0.7635 |    0.6498 |     0.1199 |     0.7896 |    0.6818 |   2.00e-04 |     
    7 |     0.1269 |     0.7728 |    0.6612 |     0.1228 |     0.7847 |    0.6751 |   1.69e-04 |     
    8 |     0.1217 |     0.7793 |    0.6692 |     0.1136 |     0.7979 |    0.6923 |   1.41e-04 |     
    9 |     0.1195 |     0.7835 |    0.6745 |     0.1192 |     0.7913 |    0.6831 |   1.19e-04 |     
   10 |     0.1163 |     0.7892 |    0.6813 |     0.1168 |     0.7850 |    0.6775 |   1.05e-04 |     
   11 |     0.1403 |     0.7517 |    0.6355 |     0.1291 |     0.7743 |    0.6602 |   3.00e-04 |     
   12 |     0.1316 |     0.7641 |    0.6512 |     0.1328 |     0.7636 |    0.6512 |   2.95e-04 |     
   13 |     0.1263 |     0.7730 |    0.6610 |     0.1408 |     0.7642 |    0.6509 |   2.81e-04 |     
   14 |     0.1252 |     0.7749 |    0.6635 |     0.1187 |     0.7935 |    0.6862 |   2.59e-04 |     
   15 |     0.1216 |     0.7807 |    0.6707 |     0.1123 |     0.7925 |    0.6844 |   2.31e-04 |     
   16 |     0.1180 |     0.7858 |    0.6774 |     0.1121 |     0.7992 |    0.6935 |   2.00e-04 |     
   17 |     0.1145 |     0.7921 |    0.6845 |     0.1114 |     0.7926 |    0.6854 |   1.69e-04 |     
   18 |     0.1124 |     0.7968 |    0.6900 |     0.1102 |     0.7951 |    0.6874 |   1.41e-04 |     
   19 |     0.1090 |     0.8008 |    0.6956 |     0.1142 |     0.7864 |    0.6784 |   1.19e-04 |     
   20 |     0.1076 |     0.8033 |    0.6987 |     0.1081 |     0.8027 |    0.6994 |   1.05e-04 |     
   21 |     0.1296 |     0.7684 |    0.6551 |     0.1237 |     0.7932 |    0.6871 |   3.00e-04 |     
   22 |     0.1231 |     0.7788 |    0.6680 |     0.1142 |     0.7894 |    0.6830 |   2.95e-04 |     
   23 |     0.1186 |     0.7855 |    0.6772 |     0.1121 |     0.7973 |    0.6918 |   2.81e-04 |     
   24 |     0.1175 |     0.7876 |    0.6793 |     0.1139 |     0.7888 |    0.6777 |   2.59e-04 |     
   25 |     0.1131 |     0.7947 |    0.6877 |     0.1212 |     0.7900 |    0.6812 |   2.31e-04 |     
   26 |     0.1134 |     0.7939 |    0.6870 |     0.1299 |     0.7857 |    0.6759 |   2.00e-04 |     
   27 |     0.1086 |     0.8025 |    0.6975 |     0.1125 |     0.8038 |    0.7003 |   1.69e-04 |     
   28 |     0.1069 |     0.8047 |    0.7000 |     0.1081 |     0.8043 |    0.7013 |   1.41e-04 |     
   29 |     0.1049 |     0.8077 |    0.7042 |     0.1050 |     0.8113 |    0.7096 |   1.19e-04 |     
   30 |     0.1030 |     0.8122 |    0.7095 |     0.1044 |     0.8053 |    0.7023 |   1.05e-04 |     
   31 |     0.1188 |     0.7865 |    0.6768 |     0.1150 |     0.7858 |    0.6746 |   3.00e-04 |     
   32 |     0.1153 |     0.7911 |    0.6832 |     0.1292 |     0.7794 |    0.6715 |   2.95e-04 |     
   33 |     0.1150 |     0.7921 |    0.6843 |     0.1150 |     0.8012 |    0.6967 |   2.81e-04 |     
   34 |     0.1112 |     0.7986 |    0.6925 |     0.1107 |     0.8075 |    0.7053 |   2.59e-04 |     
   35 |     0.1107 |     0.7991 |    0.6931 |     0.1144 |     0.7942 |    0.6877 |   2.31e-04 |     
   36 |     0.1077 |     0.8042 |    0.7001 |     0.1050 |     0.8097 |    0.7081 |   2.00e-04 |     
   37 |     0.1045 |     0.8089 |    0.7059 |     0.1193 |     0.7762 |    0.6666 |   1.69e-04 |     
   38 |     0.1020 |     0.8126 |    0.7104 |     0.1119 |     0.8108 |    0.7088 |   1.41e-04 |     
   39 |     0.0996 |     0.8173 |    0.7164 |     0.1080 |     0.8134 |    0.7133 |   1.19e-04 |     
   40 |     0.0989 |     0.8176 |    0.7170 |     0.1020 |     0.8155 |    0.7161 |   1.05e-04 |    *
   41 |     0.1137 |     0.7945 |    0.6866 |     0.3099 |     0.6225 |    0.4941 |   3.00e-04 |     
   42 |     0.1136 |     0.7949 |    0.6879 |     0.1140 |     0.7907 |    0.6855 |   2.95e-04 |     
   43 |     0.1107 |     0.7985 |    0.6929 |     0.1100 |     0.7960 |    0.6900 |   2.81e-04 |     
   44 |     0.1067 |     0.8051 |    0.7006 |     0.1145 |     0.7889 |    0.6807 |   2.59e-04 |     
   45 |     0.1046 |     0.8089 |    0.7049 |     0.1109 |     0.7975 |    0.6921 |   2.31e-04 |     
   46 |     0.1043 |     0.8097 |    0.7062 |     0.1059 |     0.8083 |    0.7050 |   2.00e-04 |     
   47 |     0.1006 |     0.8146 |    0.7129 |     0.1071 |     0.8097 |    0.7069 |   1.69e-04 |     
   48 |     0.0987 |     0.8184 |    0.7173 |     0.1052 |     0.8093 |    0.7088 |   1.41e-04 |     
   49 |     0.0967 |     0.8222 |    0.7221 |     0.1041 |     0.8051 |    0.7025 |   1.19e-04 |     
   50 |     0.0957 |     0.8227 |    0.7229 |     0.1066 |     0.8117 |    0.7115 |   1.05e-04 |     
   51 |     0.1108 |     0.7993 |    0.6930 |     0.1240 |     0.7902 |    0.6823 |   3.00e-04 |     
   52 |     0.1137 |     0.7958 |    0.6892 |     0.1077 |     0.7969 |    0.6895 |   2.95e-04 |     
--- RACE-PE 80e validation screen: control validation statistics ---
up4: ca=0.8436+/-0.1412, sa=1.0109+/-0.0078, amp=0.0000, suppress=0.0000, guide_abs=0.2561
up4 residuals: local_mean=6.936e-02, global_mean=0.0280, local_strength=0.1123, global_strength=0.1119, gain=[0.9929,1.0511], saturation=0.1031, text_film=0.0262
up4 haar: reconstruction_error=5.960e-07, skip_low/high=0.8076/0.1924, plam_low/high=1.0000/0.0000
up4 strengths: plam=0.9139, region=0.1123, detail=0.1119; residual_std region/detail/refine=0.3732/0.4458/0.3902
up4 guide_mix: entropy=0.9796, raw_low=0.3382, plam_low=0.2544, decoder_low=0.2357, detail=0.1718; agreement plam/decoder=0.2293/0.0867, support=0.7845+/-0.1161
up4 adaptive_frequency: ALPF strength=0.2545, weights=0.1513/0.7081/0.1406, sum=1.0000, entropy=0.7300, delta_std=0.0636; AHPF strength=0.0727, weights=0.3485/0.4921/0.1594, sum=1.0000, entropy=0.9073, residual_std=0.0886, scaled_std=0.0064
up3: ca=0.9373+/-0.1807, sa=1.0108+/-0.0053, amp=0.0000, suppress=0.0000, guide_abs=0.2221
up3 residuals: local_mean=2.361e-02, global_mean=0.0670, local_strength=0.1147, global_strength=0.1207, gain=[0.9911,1.0415], saturation=0.0490, text_film=0.0316
up3 haar: reconstruction_error=7.749e-07, skip_low/high=0.7662/0.2338, plam_low/high=1.0000/0.0000
up3 strengths: plam=0.8933, region=0.1147, detail=0.1207; residual_std region/detail/refine=0.4450/0.4877/0.4135
up3 guide_mix: entropy=0.9803, raw_low=0.3163, plam_low=0.2221, decoder_low=0.2912, detail=0.1703; agreement plam/decoder=0.5245/0.3656, support=0.6907+/-0.1222
up3 adaptive_frequency: ALPF strength=0.2657, weights=0.1000/0.4102/0.4898, sum=1.0000, entropy=0.7433, delta_std=0.0656; AHPF strength=0.1172, weights=0.6439/0.1813/0.1748, sum=1.0000, entropy=0.7038, residual_std=0.0851, scaled_std=0.0100
up2: ca=0.7852+/-0.1750, sa=1.0039+/-0.0040, amp=0.0000, suppress=0.0000, guide_abs=0.4147
up2 residuals: local_mean=-1.758e-04, global_mean=0.0346, local_strength=0.1279, global_strength=0.1140, gain=[0.9614,1.0508], saturation=0.0075, text_film=0.0669
up2 haar: reconstruction_error=9.537e-07, skip_low/high=0.8301/0.1699, plam_low/high=1.0000/0.0000
up2 strengths: plam=0.7935, region=0.1279, detail=0.1140; residual_std region/detail/refine=0.1915/0.3193/0.1752
up2 guide_mix: entropy=0.9476, raw_low=0.3385, plam_low=0.1734, decoder_low=0.3475, detail=0.1406; agreement plam/decoder=0.6637/0.2712, support=0.7573+/-0.0660
up1: ca=0.7509+/-0.1648, sa=1.0060+/-0.0112, amp=0.0000, suppress=0.0000, guide_abs=0.2397
up1 residuals: local_mean=3.851e-03, global_mean=0.0619, local_strength=0.1264, global_strength=0.0901, gain=[0.9131,1.0878], saturation=0.0000, text_film=0.0344
up1 haar: reconstruction_error=1.907e-06, skip_low/high=0.7519/0.2481, plam_low/high=1.0000/0.0000
up1 strengths: plam=0.8953, region=0.1264, detail=0.0901; residual_std region/detail/refine=0.2018/0.3992/0.2182
up1 guide_mix: entropy=0.9293, raw_low=0.3348, plam_low=0.1776, decoder_low=0.3739, detail=0.1137; agreement plam/decoder=0.2049/-0.1008, support=0.6073+/-0.0591

========= Epoch [53/80] =========
C4_Test_session_09.09_15h44
Training with batch size : 16
   [Train] Epoch: [53][20/357]  Loss:0.154 (Avg 0.1014) IoU:0.619 (Avg 0.7152) Dice:0.7307 (Avg 0.8179) LR 2.81e-04   (AvgTime 0.6)   
   [Train] Epoch: [53][40/357]  Loss:0.104 (Avg 0.1041) IoU:0.692 (Avg 0.7077) Dice:0.8062 (Avg 0.8119) LR 2.81e-04   (AvgTime 0.6)   
   [Train] Epoch: [53][60/357]  Loss:0.110 (Avg 0.1048) IoU:0.688 (Avg 0.7065) Dice:0.7987 (Avg 0.8107) LR 2.81e-04   (AvgTime 0.5)   
   [Train] Epoch: [53][80/357]  Loss:0.110 (Avg 0.1039) IoU:0.702 (Avg 0.7084) Dice:0.8061 (Avg 0.8120) LR 2.81e-04   (AvgTime 0.5)   
   [Train] Epoch: [53][100/357]  Loss:0.112 (Avg 0.1041) IoU:0.679 (Avg 0.7068) Dice:0.7816 (Avg 0.8103) LR 2.81e-04   (AvgTime 0.5)   
   [Train] Epoch: [53][120/357]  Loss:0.129 (Avg 0.1043) IoU:0.649 (Avg 0.7057) Dice:0.7512 (Avg 0.8095) LR 2.81e-04   (AvgTime 0.5)   
   [Train] Epoch: [53][140/357]  Loss:0.133 (Avg 0.1050) IoU:0.620 (Avg 0.7037) Dice:0.7384 (Avg 0.8078) LR 2.81e-04   (AvgTime 0.5)   
   [Train] Epoch: [53][160/357]  Loss:0.101 (Avg 0.1053) IoU:0.710 (Avg 0.7030) Dice:0.8149 (Avg 0.8075) LR 2.81e-04   (AvgTime 0.5)   
   [Train] Epoch: [53][180/357]  Loss:0.139 (Avg 0.1057) IoU:0.607 (Avg 0.7023) Dice:0.7217 (Avg 0.8069) LR 2.81e-04   (AvgTime 0.5)   
   [Train] Epoch: [53][200/357]  Loss:0.101 (Avg 0.1062) IoU:0.707 (Avg 0.7011) Dice:0.8148 (Avg 0.8056) LR 2.81e-04   (AvgTime 0.5)   
   [Train] Epoch: [53][220/357]  Loss:0.089 (Avg 0.1058) IoU:0.733 (Avg 0.7018) Dice:0.8312 (Avg 0.8063) LR 2.81e-04   (AvgTime 0.5)   
   [Train] Epoch: [53][240/357]  Loss:0.091 (Avg 0.1049) IoU:0.724 (Avg 0.7035) Dice:0.8239 (Avg 0.8077) LR 2.81e-04   (AvgTime 0.5)   
   [Train] Epoch: [53][260/357]  Loss:0.096 (Avg 0.1047) IoU:0.715 (Avg 0.7043) Dice:0.8186 (Avg 0.8083) LR 2.81e-04   (AvgTime 0.5)   
   [Train] Epoch: [53][280/357]  Loss:0.079 (Avg 0.1047) IoU:0.745 (Avg 0.7041) Dice:0.8422 (Avg 0.8083) LR 2.81e-04   (AvgTime 0.5)   
   [Train] Epoch: [53][300/357]  Loss:0.110 (Avg 0.1055) IoU:0.696 (Avg 0.7023) Dice:0.7998 (Avg 0.8068) LR 2.81e-04   (AvgTime 0.5)   
   [Train] Epoch: [53][320/357]  Loss:0.123 (Avg 0.1061) IoU:0.671 (Avg 0.7011) Dice:0.7826 (Avg 0.8057) LR 2.81e-04   (AvgTime 0.5)   
   [Train] Epoch: [53][340/357]  Loss:0.117 (Avg 0.1067) IoU:0.678 (Avg 0.7000) Dice:0.7844 (Avg 0.8048) LR 2.81e-04   (AvgTime 0.5)   
   [Train] Epoch: [53][357/357]  Loss:0.104 (Avg 0.1068) IoU:0.758 (Avg 0.7002) Dice:0.8545 (Avg 0.8050) LR 2.81e-04   (AvgTime 0.5)   
   [Train] Loss components: dice=0.168642, focal=0.044964, total=0.106803
Validation
   [Val] Epoch: [53][20/90]  Loss:0.147 (Avg 0.1134) IoU:0.645 (Avg 0.7002) Dice:0.7667 (Avg 0.8064) (AvgTime 0.3)   
   [Val] Epoch: [53][40/90]  Loss:0.098 (Avg 0.1176) IoU:0.709 (Avg 0.6865) Dice:0.8211 (Avg 0.7933) (AvgTime 0.2)   
   [Val] Epoch: [53][60/90]  Loss:0.158 (Avg 0.1116) IoU:0.611 (Avg 0.6961) Dice:0.7296 (Avg 0.7994) (AvgTime 0.2)   
   [Val] Epoch: [53][80/90]  Loss:0.097 (Avg 0.1119) IoU:0.724 (Avg 0.6941) Dice:0.8276 (Avg 0.7980) (AvgTime 0.2)   
   [Val] Epoch: [53][90/90]  Loss:0.197 (Avg 0.1120) IoU:0.516 (Avg 0.6946) Dice:0.6139 (Avg 0.7982) (AvgTime 0.2)   
   [Val] Loss components: dice=0.174048, focal=0.050031, total=0.112039
	 No iou improvement; selected epoch 40
	 early_stopping_count: 13/80
--- Epoch History (1..53) ---
Epoch |  TrainLoss |  TrainDice |  TrainIoU |    ValLoss |    ValDice |    ValIoU |         LR | Best
    1 |     0.2379 |     0.6073 |    0.4776 |     0.1928 |     0.6881 |    0.5656 |   3.00e-04 |     
    2 |     0.1735 |     0.6993 |    0.5754 |     0.1794 |     0.6884 |    0.5646 |   2.95e-04 |     
    3 |     0.1551 |     0.7275 |    0.6080 |     0.1434 |     0.7519 |    0.6362 |   2.81e-04 |     
    4 |     0.1433 |     0.7455 |    0.6288 |     0.1249 |     0.7776 |    0.6670 |   2.59e-04 |     
    5 |     0.1385 |     0.7532 |    0.6372 |     0.1294 |     0.7623 |    0.6477 |   2.31e-04 |     
    6 |     0.1322 |     0.7635 |    0.6498 |     0.1199 |     0.7896 |    0.6818 |   2.00e-04 |     
    7 |     0.1269 |     0.7728 |    0.6612 |     0.1228 |     0.7847 |    0.6751 |   1.69e-04 |     
    8 |     0.1217 |     0.7793 |    0.6692 |     0.1136 |     0.7979 |    0.6923 |   1.41e-04 |     
    9 |     0.1195 |     0.7835 |    0.6745 |     0.1192 |     0.7913 |    0.6831 |   1.19e-04 |     
   10 |     0.1163 |     0.7892 |    0.6813 |     0.1168 |     0.7850 |    0.6775 |   1.05e-04 |     
   11 |     0.1403 |     0.7517 |    0.6355 |     0.1291 |     0.7743 |    0.6602 |   3.00e-04 |     
   12 |     0.1316 |     0.7641 |    0.6512 |     0.1328 |     0.7636 |    0.6512 |   2.95e-04 |     
   13 |     0.1263 |     0.7730 |    0.6610 |     0.1408 |     0.7642 |    0.6509 |   2.81e-04 |     
   14 |     0.1252 |     0.7749 |    0.6635 |     0.1187 |     0.7935 |    0.6862 |   2.59e-04 |     
   15 |     0.1216 |     0.7807 |    0.6707 |     0.1123 |     0.7925 |    0.6844 |   2.31e-04 |     
   16 |     0.1180 |     0.7858 |    0.6774 |     0.1121 |     0.7992 |    0.6935 |   2.00e-04 |     
   17 |     0.1145 |     0.7921 |    0.6845 |     0.1114 |     0.7926 |    0.6854 |   1.69e-04 |     
   18 |     0.1124 |     0.7968 |    0.6900 |     0.1102 |     0.7951 |    0.6874 |   1.41e-04 |     
   19 |     0.1090 |     0.8008 |    0.6956 |     0.1142 |     0.7864 |    0.6784 |   1.19e-04 |     
   20 |     0.1076 |     0.8033 |    0.6987 |     0.1081 |     0.8027 |    0.6994 |   1.05e-04 |     
   21 |     0.1296 |     0.7684 |    0.6551 |     0.1237 |     0.7932 |    0.6871 |   3.00e-04 |     
   22 |     0.1231 |     0.7788 |    0.6680 |     0.1142 |     0.7894 |    0.6830 |   2.95e-04 |     
   23 |     0.1186 |     0.7855 |    0.6772 |     0.1121 |     0.7973 |    0.6918 |   2.81e-04 |     
   24 |     0.1175 |     0.7876 |    0.6793 |     0.1139 |     0.7888 |    0.6777 |   2.59e-04 |     
   25 |     0.1131 |     0.7947 |    0.6877 |     0.1212 |     0.7900 |    0.6812 |   2.31e-04 |     
   26 |     0.1134 |     0.7939 |    0.6870 |     0.1299 |     0.7857 |    0.6759 |   2.00e-04 |     
   27 |     0.1086 |     0.8025 |    0.6975 |     0.1125 |     0.8038 |    0.7003 |   1.69e-04 |     
   28 |     0.1069 |     0.8047 |    0.7000 |     0.1081 |     0.8043 |    0.7013 |   1.41e-04 |     
   29 |     0.1049 |     0.8077 |    0.7042 |     0.1050 |     0.8113 |    0.7096 |   1.19e-04 |     
   30 |     0.1030 |     0.8122 |    0.7095 |     0.1044 |     0.8053 |    0.7023 |   1.05e-04 |     
   31 |     0.1188 |     0.7865 |    0.6768 |     0.1150 |     0.7858 |    0.6746 |   3.00e-04 |     
   32 |     0.1153 |     0.7911 |    0.6832 |     0.1292 |     0.7794 |    0.6715 |   2.95e-04 |     
   33 |     0.1150 |     0.7921 |    0.6843 |     0.1150 |     0.8012 |    0.6967 |   2.81e-04 |     
   34 |     0.1112 |     0.7986 |    0.6925 |     0.1107 |     0.8075 |    0.7053 |   2.59e-04 |     
   35 |     0.1107 |     0.7991 |    0.6931 |     0.1144 |     0.7942 |    0.6877 |   2.31e-04 |     
   36 |     0.1077 |     0.8042 |    0.7001 |     0.1050 |     0.8097 |    0.7081 |   2.00e-04 |     
   37 |     0.1045 |     0.8089 |    0.7059 |     0.1193 |     0.7762 |    0.6666 |   1.69e-04 |     
   38 |     0.1020 |     0.8126 |    0.7104 |     0.1119 |     0.8108 |    0.7088 |   1.41e-04 |     
   39 |     0.0996 |     0.8173 |    0.7164 |     0.1080 |     0.8134 |    0.7133 |   1.19e-04 |     
   40 |     0.0989 |     0.8176 |    0.7170 |     0.1020 |     0.8155 |    0.7161 |   1.05e-04 |    *
   41 |     0.1137 |     0.7945 |    0.6866 |     0.3099 |     0.6225 |    0.4941 |   3.00e-04 |     
   42 |     0.1136 |     0.7949 |    0.6879 |     0.1140 |     0.7907 |    0.6855 |   2.95e-04 |     
   43 |     0.1107 |     0.7985 |    0.6929 |     0.1100 |     0.7960 |    0.6900 |   2.81e-04 |     
   44 |     0.1067 |     0.8051 |    0.7006 |     0.1145 |     0.7889 |    0.6807 |   2.59e-04 |     
   45 |     0.1046 |     0.8089 |    0.7049 |     0.1109 |     0.7975 |    0.6921 |   2.31e-04 |     
   46 |     0.1043 |     0.8097 |    0.7062 |     0.1059 |     0.8083 |    0.7050 |   2.00e-04 |     
   47 |     0.1006 |     0.8146 |    0.7129 |     0.1071 |     0.8097 |    0.7069 |   1.69e-04 |     
   48 |     0.0987 |     0.8184 |    0.7173 |     0.1052 |     0.8093 |    0.7088 |   1.41e-04 |     
   49 |     0.0967 |     0.8222 |    0.7221 |     0.1041 |     0.8051 |    0.7025 |   1.19e-04 |     
   50 |     0.0957 |     0.8227 |    0.7229 |     0.1066 |     0.8117 |    0.7115 |   1.05e-04 |     
   51 |     0.1108 |     0.7993 |    0.6930 |     0.1240 |     0.7902 |    0.6823 |   3.00e-04 |     
   52 |     0.1137 |     0.7958 |    0.6892 |     0.1077 |     0.7969 |    0.6895 |   2.95e-04 |     
   53 |     0.1068 |     0.8050 |    0.7002 |     0.1120 |     0.7982 |    0.6946 |   2.81e-04 |     
--- RACE-PE 80e validation screen: control validation statistics ---
up4: ca=0.8297+/-0.1401, sa=1.0098+/-0.0075, amp=0.0000, suppress=0.0000, guide_abs=0.2267
up4 residuals: local_mean=6.643e-02, global_mean=0.0209, local_strength=0.1124, global_strength=0.1124, gain=[0.9919,1.0562], saturation=0.1051, text_film=0.0250
up4 haar: reconstruction_error=4.768e-07, skip_low/high=0.8050/0.1950, plam_low/high=1.0000/0.0000
up4 strengths: plam=0.9131, region=0.1124, detail=0.1124; residual_std region/detail/refine=0.3668/0.4460/0.3891
up4 guide_mix: entropy=0.9808, raw_low=0.3325, plam_low=0.2392, decoder_low=0.2571, detail=0.1712; agreement plam/decoder=0.3012/0.2255, support=0.7737+/-0.1174
up4 adaptive_frequency: ALPF strength=0.2558, weights=0.1441/0.7030/0.1528, sum=1.0000, entropy=0.7386, delta_std=0.0695; AHPF strength=0.0724, weights=0.3677/0.4749/0.1574, sum=1.0000, entropy=0.9147, residual_std=0.0876, scaled_std=0.0063
up3: ca=0.9534+/-0.1852, sa=1.0101+/-0.0051, amp=0.0000, suppress=0.0000, guide_abs=0.2203
up3 residuals: local_mean=2.275e-02, global_mean=0.0617, local_strength=0.1148, global_strength=0.1211, gain=[0.9888,1.0415], saturation=0.0459, text_film=0.0385
up3 haar: reconstruction_error=9.537e-07, skip_low/high=0.7629/0.2371, plam_low/high=1.0000/0.0000
up3 strengths: plam=0.8909, region=0.1148, detail=0.1211; residual_std region/detail/refine=0.4248/0.4956/0.4132
up3 guide_mix: entropy=0.9806, raw_low=0.3184, plam_low=0.2206, decoder_low=0.2888, detail=0.1722; agreement plam/decoder=0.4785/0.2999, support=0.7167+/-0.1098
up3 adaptive_frequency: ALPF strength=0.2669, weights=0.1233/0.4911/0.3856, sum=1.0000, entropy=0.7052, delta_std=0.0657; AHPF strength=0.1181, weights=0.5196/0.2087/0.2717, sum=1.0000, entropy=0.7479, residual_std=0.1166, scaled_std=0.0138
up2: ca=0.8077+/-0.1780, sa=1.0048+/-0.0032, amp=0.0000, suppress=0.0000, guide_abs=0.4020
up2 residuals: local_mean=6.591e-03, global_mean=0.0349, local_strength=0.1285, global_strength=0.1144, gain=[0.9679,1.0436], saturation=0.0087, text_film=0.0841
up2 haar: reconstruction_error=9.537e-07, skip_low/high=0.8210/0.1790, plam_low/high=1.0000/0.0000
up2 strengths: plam=0.7877, region=0.1285, detail=0.1144; residual_std region/detail/refine=0.2689/0.3177/0.1836
up2 guide_mix: entropy=0.9516, raw_low=0.3238, plam_low=0.1851, decoder_low=0.3521, detail=0.1390; agreement plam/decoder=0.6934/0.2970, support=0.7445+/-0.0699
up1: ca=0.7440+/-0.1656, sa=1.0061+/-0.0112, amp=0.0000, suppress=0.0000, guide_abs=0.2560
up1 residuals: local_mean=3.394e-03, global_mean=0.0644, local_strength=0.1266, global_strength=0.0896, gain=[0.9142,1.0871], saturation=0.0006, text_film=0.0395
up1 haar: reconstruction_error=1.431e-06, skip_low/high=0.7317/0.2683, plam_low/high=1.0000/0.0000
up1 strengths: plam=0.8933, region=0.1266, detail=0.0896; residual_std region/detail/refine=0.2282/0.3994/0.2221
up1 guide_mix: entropy=0.9383, raw_low=0.2999, plam_low=0.2105, decoder_low=0.3787, detail=0.1109; agreement plam/decoder=0.2600/-0.1312, support=0.6028+/-0.0598

========= Epoch [54/80] =========
C4_Test_session_09.09_15h44
Training with batch size : 16
   [Train] Epoch: [54][20/357]  Loss:0.134 (Avg 0.1105) IoU:0.646 (Avg 0.6915) Dice:0.7611 (Avg 0.7967) LR 2.59e-04   (AvgTime 0.6)   
   [Train] Epoch: [54][40/357]  Loss:0.101 (Avg 0.1097) IoU:0.722 (Avg 0.6940) Dice:0.8262 (Avg 0.7995) LR 2.59e-04   (AvgTime 0.5)   
   [Train] Epoch: [54][60/357]  Loss:0.123 (Avg 0.1086) IoU:0.645 (Avg 0.6957) Dice:0.7607 (Avg 0.8008) LR 2.59e-04   (AvgTime 0.5)   
   [Train] Epoch: [54][80/357]  Loss:0.127 (Avg 0.1068) IoU:0.637 (Avg 0.7005) Dice:0.7527 (Avg 0.8048) LR 2.59e-04   (AvgTime 0.5)   
   [Train] Epoch: [54][100/357]  Loss:0.135 (Avg 0.1081) IoU:0.659 (Avg 0.6980) Dice:0.7699 (Avg 0.8024) LR 2.59e-04   (AvgTime 0.5)   
   [Train] Epoch: [54][120/357]  Loss:0.089 (Avg 0.1075) IoU:0.764 (Avg 0.6997) Dice:0.8612 (Avg 0.8040) LR 2.59e-04   (AvgTime 0.5)   
   [Train] Epoch: [54][140/357]  Loss:0.088 (Avg 0.1065) IoU:0.725 (Avg 0.7017) Dice:0.8270 (Avg 0.8057) LR 2.59e-04   (AvgTime 0.5)   
   [Train] Epoch: [54][160/357]  Loss:0.142 (Avg 0.1052) IoU:0.667 (Avg 0.7045) Dice:0.7815 (Avg 0.8080) LR 2.59e-04   (AvgTime 0.5)   
   [Train] Epoch: [54][180/357]  Loss:0.134 (Avg 0.1051) IoU:0.608 (Avg 0.7049) Dice:0.7316 (Avg 0.8083) LR 2.59e-04   (AvgTime 0.5)   
   [Train] Epoch: [54][200/357]  Loss:0.092 (Avg 0.1049) IoU:0.728 (Avg 0.7054) Dice:0.8290 (Avg 0.8088) LR 2.59e-04   (AvgTime 0.5)   
   [Train] Epoch: [54][220/357]  Loss:0.090 (Avg 0.1053) IoU:0.781 (Avg 0.7046) Dice:0.8580 (Avg 0.8080) LR 2.59e-04   (AvgTime 0.5)   
   [Train] Epoch: [54][240/357]  Loss:0.144 (Avg 0.1050) IoU:0.615 (Avg 0.7054) Dice:0.7392 (Avg 0.8086) LR 2.59e-04   (AvgTime 0.5)   
   [Train] Epoch: [54][260/357]  Loss:0.105 (Avg 0.1043) IoU:0.709 (Avg 0.7067) Dice:0.8093 (Avg 0.8098) LR 2.59e-04   (AvgTime 0.5)   
   [Train] Epoch: [54][280/357]  Loss:0.074 (Avg 0.1053) IoU:0.793 (Avg 0.7042) Dice:0.8799 (Avg 0.8077) LR 2.59e-04   (AvgTime 0.5)   
   [Train] Epoch: [54][300/357]  Loss:0.098 (Avg 0.1056) IoU:0.733 (Avg 0.7035) Dice:0.8193 (Avg 0.8070) LR 2.59e-04   (AvgTime 0.5)   
   [Train] Epoch: [54][320/357]  Loss:0.092 (Avg 0.1057) IoU:0.723 (Avg 0.7034) Dice:0.8313 (Avg 0.8070) LR 2.59e-04   (AvgTime 0.5)   
   [Train] Epoch: [54][340/357]  Loss:0.101 (Avg 0.1058) IoU:0.699 (Avg 0.7032) Dice:0.8072 (Avg 0.8068) LR 2.59e-04   (AvgTime 0.5)   
   [Train] Epoch: [54][357/357]  Loss:0.120 (Avg 0.1054) IoU:0.634 (Avg 0.7040) Dice:0.7636 (Avg 0.8074) LR 2.59e-04   (AvgTime 0.5)   
   [Train] Loss components: dice=0.166934, focal=0.043799, total=0.105366
Validation
   [Val] Epoch: [54][20/90]  Loss:0.153 (Avg 0.1217) IoU:0.655 (Avg 0.7009) Dice:0.7745 (Avg 0.8054) (AvgTime 0.3)   
   [Val] Epoch: [54][40/90]  Loss:0.101 (Avg 0.1257) IoU:0.711 (Avg 0.6867) Dice:0.8212 (Avg 0.7928) (AvgTime 0.2)   
   [Val] Epoch: [54][60/90]  Loss:0.172 (Avg 0.1220) IoU:0.604 (Avg 0.6913) Dice:0.7196 (Avg 0.7941) (AvgTime 0.2)   
   [Val] Epoch: [54][80/90]  Loss:0.113 (Avg 0.1210) IoU:0.688 (Avg 0.6895) Dice:0.7973 (Avg 0.7935) (AvgTime 0.2)   
   [Val] Epoch: [54][90/90]  Loss:0.129 (Avg 0.1211) IoU:0.621 (Avg 0.6890) Dice:0.7471 (Avg 0.7929) (AvgTime 0.2)   
   [Val] Loss components: dice=0.173249, focal=0.068985, total=0.121117
	 No iou improvement; selected epoch 40
	 early_stopping_count: 14/80
--- Epoch History (1..54) ---
Epoch |  TrainLoss |  TrainDice |  TrainIoU |    ValLoss |    ValDice |    ValIoU |         LR | Best
    1 |     0.2379 |     0.6073 |    0.4776 |     0.1928 |     0.6881 |    0.5656 |   3.00e-04 |     
    2 |     0.1735 |     0.6993 |    0.5754 |     0.1794 |     0.6884 |    0.5646 |   2.95e-04 |     
    3 |     0.1551 |     0.7275 |    0.6080 |     0.1434 |     0.7519 |    0.6362 |   2.81e-04 |     
    4 |     0.1433 |     0.7455 |    0.6288 |     0.1249 |     0.7776 |    0.6670 |   2.59e-04 |     
    5 |     0.1385 |     0.7532 |    0.6372 |     0.1294 |     0.7623 |    0.6477 |   2.31e-04 |     
    6 |     0.1322 |     0.7635 |    0.6498 |     0.1199 |     0.7896 |    0.6818 |   2.00e-04 |     
    7 |     0.1269 |     0.7728 |    0.6612 |     0.1228 |     0.7847 |    0.6751 |   1.69e-04 |     
    8 |     0.1217 |     0.7793 |    0.6692 |     0.1136 |     0.7979 |    0.6923 |   1.41e-04 |     
    9 |     0.1195 |     0.7835 |    0.6745 |     0.1192 |     0.7913 |    0.6831 |   1.19e-04 |     
   10 |     0.1163 |     0.7892 |    0.6813 |     0.1168 |     0.7850 |    0.6775 |   1.05e-04 |     
   11 |     0.1403 |     0.7517 |    0.6355 |     0.1291 |     0.7743 |    0.6602 |   3.00e-04 |     
   12 |     0.1316 |     0.7641 |    0.6512 |     0.1328 |     0.7636 |    0.6512 |   2.95e-04 |     
   13 |     0.1263 |     0.7730 |    0.6610 |     0.1408 |     0.7642 |    0.6509 |   2.81e-04 |     
   14 |     0.1252 |     0.7749 |    0.6635 |     0.1187 |     0.7935 |    0.6862 |   2.59e-04 |     
   15 |     0.1216 |     0.7807 |    0.6707 |     0.1123 |     0.7925 |    0.6844 |   2.31e-04 |     
   16 |     0.1180 |     0.7858 |    0.6774 |     0.1121 |     0.7992 |    0.6935 |   2.00e-04 |     
   17 |     0.1145 |     0.7921 |    0.6845 |     0.1114 |     0.7926 |    0.6854 |   1.69e-04 |     
   18 |     0.1124 |     0.7968 |    0.6900 |     0.1102 |     0.7951 |    0.6874 |   1.41e-04 |     
   19 |     0.1090 |     0.8008 |    0.6956 |     0.1142 |     0.7864 |    0.6784 |   1.19e-04 |     
   20 |     0.1076 |     0.8033 |    0.6987 |     0.1081 |     0.8027 |    0.6994 |   1.05e-04 |     
   21 |     0.1296 |     0.7684 |    0.6551 |     0.1237 |     0.7932 |    0.6871 |   3.00e-04 |     
   22 |     0.1231 |     0.7788 |    0.6680 |     0.1142 |     0.7894 |    0.6830 |   2.95e-04 |     
   23 |     0.1186 |     0.7855 |    0.6772 |     0.1121 |     0.7973 |    0.6918 |   2.81e-04 |     
   24 |     0.1175 |     0.7876 |    0.6793 |     0.1139 |     0.7888 |    0.6777 |   2.59e-04 |     
   25 |     0.1131 |     0.7947 |    0.6877 |     0.1212 |     0.7900 |    0.6812 |   2.31e-04 |     
   26 |     0.1134 |     0.7939 |    0.6870 |     0.1299 |     0.7857 |    0.6759 |   2.00e-04 |     
   27 |     0.1086 |     0.8025 |    0.6975 |     0.1125 |     0.8038 |    0.7003 |   1.69e-04 |     
   28 |     0.1069 |     0.8047 |    0.7000 |     0.1081 |     0.8043 |    0.7013 |   1.41e-04 |     
   29 |     0.1049 |     0.8077 |    0.7042 |     0.1050 |     0.8113 |    0.7096 |   1.19e-04 |     
   30 |     0.1030 |     0.8122 |    0.7095 |     0.1044 |     0.8053 |    0.7023 |   1.05e-04 |     
   31 |     0.1188 |     0.7865 |    0.6768 |     0.1150 |     0.7858 |    0.6746 |   3.00e-04 |     
   32 |     0.1153 |     0.7911 |    0.6832 |     0.1292 |     0.7794 |    0.6715 |   2.95e-04 |     
   33 |     0.1150 |     0.7921 |    0.6843 |     0.1150 |     0.8012 |    0.6967 |   2.81e-04 |     
   34 |     0.1112 |     0.7986 |    0.6925 |     0.1107 |     0.8075 |    0.7053 |   2.59e-04 |     
   35 |     0.1107 |     0.7991 |    0.6931 |     0.1144 |     0.7942 |    0.6877 |   2.31e-04 |     
   36 |     0.1077 |     0.8042 |    0.7001 |     0.1050 |     0.8097 |    0.7081 |   2.00e-04 |     
   37 |     0.1045 |     0.8089 |    0.7059 |     0.1193 |     0.7762 |    0.6666 |   1.69e-04 |     
   38 |     0.1020 |     0.8126 |    0.7104 |     0.1119 |     0.8108 |    0.7088 |   1.41e-04 |     
   39 |     0.0996 |     0.8173 |    0.7164 |     0.1080 |     0.8134 |    0.7133 |   1.19e-04 |     
   40 |     0.0989 |     0.8176 |    0.7170 |     0.1020 |     0.8155 |    0.7161 |   1.05e-04 |    *
   41 |     0.1137 |     0.7945 |    0.6866 |     0.3099 |     0.6225 |    0.4941 |   3.00e-04 |     
   42 |     0.1136 |     0.7949 |    0.6879 |     0.1140 |     0.7907 |    0.6855 |   2.95e-04 |     
   43 |     0.1107 |     0.7985 |    0.6929 |     0.1100 |     0.7960 |    0.6900 |   2.81e-04 |     
   44 |     0.1067 |     0.8051 |    0.7006 |     0.1145 |     0.7889 |    0.6807 |   2.59e-04 |     
   45 |     0.1046 |     0.8089 |    0.7049 |     0.1109 |     0.7975 |    0.6921 |   2.31e-04 |     
   46 |     0.1043 |     0.8097 |    0.7062 |     0.1059 |     0.8083 |    0.7050 |   2.00e-04 |     
   47 |     0.1006 |     0.8146 |    0.7129 |     0.1071 |     0.8097 |    0.7069 |   1.69e-04 |     
   48 |     0.0987 |     0.8184 |    0.7173 |     0.1052 |     0.8093 |    0.7088 |   1.41e-04 |     
   49 |     0.0967 |     0.8222 |    0.7221 |     0.1041 |     0.8051 |    0.7025 |   1.19e-04 |     
   50 |     0.0957 |     0.8227 |    0.7229 |     0.1066 |     0.8117 |    0.7115 |   1.05e-04 |     
   51 |     0.1108 |     0.7993 |    0.6930 |     0.1240 |     0.7902 |    0.6823 |   3.00e-04 |     
   52 |     0.1137 |     0.7958 |    0.6892 |     0.1077 |     0.7969 |    0.6895 |   2.95e-04 |     
   53 |     0.1068 |     0.8050 |    0.7002 |     0.1120 |     0.7982 |    0.6946 |   2.81e-04 |     
   54 |     0.1054 |     0.8074 |    0.7040 |     0.1211 |     0.7929 |    0.6890 |   2.59e-04 |     
--- RACE-PE 80e validation screen: control validation statistics ---
up4: ca=0.8472+/-0.1305, sa=1.0091+/-0.0075, amp=0.0000, suppress=0.0000, guide_abs=0.2010
up4 residuals: local_mean=6.573e-02, global_mean=0.0153, local_strength=0.1125, global_strength=0.1126, gain=[0.9905,1.0596], saturation=0.1122, text_film=0.0274
up4 haar: reconstruction_error=9.537e-07, skip_low/high=0.8003/0.1997, plam_low/high=1.0000/0.0000
up4 strengths: plam=0.9127, region=0.1125, detail=0.1126; residual_std region/detail/refine=0.3690/0.4464/0.3862
up4 guide_mix: entropy=0.9816, raw_low=0.3241, plam_low=0.2636, decoder_low=0.2441, detail=0.1683; agreement plam/decoder=0.4097/0.3009, support=0.7836+/-0.1172
up4 adaptive_frequency: ALPF strength=0.2566, weights=0.1507/0.7103/0.1390, sum=1.0000, entropy=0.7288, delta_std=0.0694; AHPF strength=0.0723, weights=0.3523/0.4854/0.1623, sum=1.0000, entropy=0.9186, residual_std=0.0915, scaled_std=0.0066
up3: ca=0.9463+/-0.1827, sa=1.0109+/-0.0069, amp=0.0000, suppress=0.0000, guide_abs=0.2026
up3 residuals: local_mean=2.432e-02, global_mean=0.0665, local_strength=0.1150, global_strength=0.1213, gain=[0.9771,1.0466], saturation=0.0360, text_film=0.0393
up3 haar: reconstruction_error=9.537e-07, skip_low/high=0.7591/0.2409, plam_low/high=1.0000/0.0000
up3 strengths: plam=0.8892, region=0.1150, detail=0.1213; residual_std region/detail/refine=0.4393/0.4996/0.4165
up3 guide_mix: entropy=0.9843, raw_low=0.3122, plam_low=0.2399, decoder_low=0.2746, detail=0.1733; agreement plam/decoder=0.5315/0.2528, support=0.6934+/-0.1157
up3 adaptive_frequency: ALPF strength=0.2683, weights=0.0999/0.3625/0.5377, sum=1.0000, entropy=0.6777, delta_std=0.0713; AHPF strength=0.1187, weights=0.5913/0.1927/0.2160, sum=1.0000, entropy=0.7275, residual_std=0.0997, scaled_std=0.0118
up2: ca=0.8094+/-0.1775, sa=1.0041+/-0.0030, amp=0.0000, suppress=0.0000, guide_abs=0.4305
up2 residuals: local_mean=1.408e-03, global_mean=0.0342, local_strength=0.1291, global_strength=0.1143, gain=[0.9591,1.0501], saturation=0.0151, text_film=0.0730
up2 haar: reconstruction_error=9.537e-07, skip_low/high=0.8075/0.1925, plam_low/high=1.0000/0.0000
up2 strengths: plam=0.7840, region=0.1291, detail=0.1143; residual_std region/detail/refine=0.2188/0.3147/0.1650
up2 guide_mix: entropy=0.9613, raw_low=0.3148, plam_low=0.2072, decoder_low=0.3371, detail=0.1409; agreement plam/decoder=0.6668/0.2159, support=0.7727+/-0.0627
up1: ca=0.7672+/-0.1519, sa=1.0063+/-0.0111, amp=0.0000, suppress=0.0000, guide_abs=0.2817
up1 residuals: local_mean=3.833e-03, global_mean=0.0665, local_strength=0.1269, global_strength=0.0892, gain=[0.9145,1.0868], saturation=0.0002, text_film=0.0370
up1 haar: reconstruction_error=1.431e-06, skip_low/high=0.7471/0.2529, plam_low/high=1.0000/0.0000
up1 strengths: plam=0.8915, region=0.1269, detail=0.0892; residual_std region/detail/refine=0.2068/0.4047/0.2250
up1 guide_mix: entropy=0.9411, raw_low=0.3305, plam_low=0.1995, decoder_low=0.3544, detail=0.1157; agreement plam/decoder=0.4262/-0.2641, support=0.6210+/-0.0637

========= Epoch [55/80] =========
C4_Test_session_09.09_15h44
Training with batch size : 16
   [Train] Epoch: [55][20/357]  Loss:0.101 (Avg 0.0968) IoU:0.692 (Avg 0.7226) Dice:0.8005 (Avg 0.8238) LR 2.31e-04   (AvgTime 0.5)   
   [Train] Epoch: [55][40/357]  Loss:0.108 (Avg 0.1013) IoU:0.692 (Avg 0.7107) Dice:0.7991 (Avg 0.8141) LR 2.31e-04   (AvgTime 0.6)   
   [Train] Epoch: [55][60/357]  Loss:0.102 (Avg 0.1034) IoU:0.729 (Avg 0.7104) Dice:0.8159 (Avg 0.8128) LR 2.31e-04   (AvgTime 0.6)   
   [Train] Epoch: [55][80/357]  Loss:0.102 (Avg 0.1034) IoU:0.697 (Avg 0.7106) Dice:0.8008 (Avg 0.8125) LR 2.31e-04   (AvgTime 0.6)   
   [Train] Epoch: [55][100/357]  Loss:0.073 (Avg 0.1037) IoU:0.800 (Avg 0.7095) Dice:0.8840 (Avg 0.8118) LR 2.31e-04   (AvgTime 0.6)   
   [Train] Epoch: [55][120/357]  Loss:0.140 (Avg 0.1055) IoU:0.614 (Avg 0.7075) Dice:0.7332 (Avg 0.8103) LR 2.31e-04   (AvgTime 0.6)   
   [Train] Epoch: [55][140/357]  Loss:0.117 (Avg 0.1063) IoU:0.666 (Avg 0.7058) Dice:0.7676 (Avg 0.8091) LR 2.31e-04   (AvgTime 0.5)   
   [Train] Epoch: [55][160/357]  Loss:0.105 (Avg 0.1068) IoU:0.680 (Avg 0.7040) Dice:0.7948 (Avg 0.8072) LR 2.31e-04   (AvgTime 0.5)   
   [Train] Epoch: [55][180/357]  Loss:0.102 (Avg 0.1062) IoU:0.712 (Avg 0.7051) Dice:0.8226 (Avg 0.8081) LR 2.31e-04   (AvgTime 0.5)   
   [Train] Epoch: [55][200/357]  Loss:0.069 (Avg 0.1060) IoU:0.812 (Avg 0.7052) Dice:0.8918 (Avg 0.8082) LR 2.31e-04   (AvgTime 0.5)   
   [Train] Epoch: [55][220/357]  Loss:0.115 (Avg 0.1061) IoU:0.657 (Avg 0.7049) Dice:0.7781 (Avg 0.8081) LR 2.31e-04   (AvgTime 0.5)   
   [Train] Epoch: [55][240/357]  Loss:0.093 (Avg 0.1053) IoU:0.733 (Avg 0.7060) Dice:0.8243 (Avg 0.8090) LR 2.31e-04   (AvgTime 0.5)   
   [Train] Epoch: [55][260/357]  Loss:0.095 (Avg 0.1051) IoU:0.734 (Avg 0.7061) Dice:0.8164 (Avg 0.8090) LR 2.31e-04   (AvgTime 0.5)   
   [Train] Epoch: [55][280/357]  Loss:0.120 (Avg 0.1053) IoU:0.658 (Avg 0.7057) Dice:0.7825 (Avg 0.8087) LR 2.31e-04   (AvgTime 0.5)   
   [Train] Epoch: [55][300/357]  Loss:0.130 (Avg 0.1049) IoU:0.650 (Avg 0.7064) Dice:0.7659 (Avg 0.8094) LR 2.31e-04   (AvgTime 0.5)   
   [Train] Epoch: [55][320/357]  Loss:0.099 (Avg 0.1043) IoU:0.699 (Avg 0.7074) Dice:0.8141 (Avg 0.8102) LR 2.31e-04   (AvgTime 0.5)   
   [Train] Epoch: [55][340/357]  Loss:0.153 (Avg 0.1044) IoU:0.608 (Avg 0.7069) Dice:0.7231 (Avg 0.8099) LR 2.31e-04   (AvgTime 0.5)   
   [Train] Epoch: [55][357/357]  Loss:0.092 (Avg 0.1047) IoU:0.742 (Avg 0.7059) Dice:0.8438 (Avg 0.8090) LR 2.31e-04   (AvgTime 0.5)   
   [Train] Loss components: dice=0.165454, focal=0.043961, total=0.104707
Validation
   [Val] Epoch: [55][20/90]  Loss:0.132 (Avg 0.1090) IoU:0.671 (Avg 0.7171) Dice:0.7881 (Avg 0.8203) (AvgTime 0.3)   
   [Val] Epoch: [55][40/90]  Loss:0.099 (Avg 0.1136) IoU:0.711 (Avg 0.6999) Dice:0.8182 (Avg 0.8047) (AvgTime 0.2)   
   [Val] Epoch: [55][60/90]  Loss:0.136 (Avg 0.1064) IoU:0.656 (Avg 0.7107) Dice:0.7628 (Avg 0.8118) (AvgTime 0.2)   
   [Val] Epoch: [55][80/90]  Loss:0.090 (Avg 0.1055) IoU:0.723 (Avg 0.7089) Dice:0.8247 (Avg 0.8105) (AvgTime 0.2)   
   [Val] Epoch: [55][90/90]  Loss:0.118 (Avg 0.1051) IoU:0.640 (Avg 0.7097) Dice:0.7667 (Avg 0.8113) (AvgTime 0.2)   
   [Val] Loss components: dice=0.160193, focal=0.050050, total=0.105122
	 No iou improvement; selected epoch 40
	 early_stopping_count: 15/80
--- Epoch History (1..55) ---
Epoch |  TrainLoss |  TrainDice |  TrainIoU |    ValLoss |    ValDice |    ValIoU |         LR | Best
    1 |     0.2379 |     0.6073 |    0.4776 |     0.1928 |     0.6881 |    0.5656 |   3.00e-04 |     
    2 |     0.1735 |     0.6993 |    0.5754 |     0.1794 |     0.6884 |    0.5646 |   2.95e-04 |     
    3 |     0.1551 |     0.7275 |    0.6080 |     0.1434 |     0.7519 |    0.6362 |   2.81e-04 |     
    4 |     0.1433 |     0.7455 |    0.6288 |     0.1249 |     0.7776 |    0.6670 |   2.59e-04 |     
    5 |     0.1385 |     0.7532 |    0.6372 |     0.1294 |     0.7623 |    0.6477 |   2.31e-04 |     
    6 |     0.1322 |     0.7635 |    0.6498 |     0.1199 |     0.7896 |    0.6818 |   2.00e-04 |     
    7 |     0.1269 |     0.7728 |    0.6612 |     0.1228 |     0.7847 |    0.6751 |   1.69e-04 |     
    8 |     0.1217 |     0.7793 |    0.6692 |     0.1136 |     0.7979 |    0.6923 |   1.41e-04 |     
    9 |     0.1195 |     0.7835 |    0.6745 |     0.1192 |     0.7913 |    0.6831 |   1.19e-04 |     
   10 |     0.1163 |     0.7892 |    0.6813 |     0.1168 |     0.7850 |    0.6775 |   1.05e-04 |     
   11 |     0.1403 |     0.7517 |    0.6355 |     0.1291 |     0.7743 |    0.6602 |   3.00e-04 |     
   12 |     0.1316 |     0.7641 |    0.6512 |     0.1328 |     0.7636 |    0.6512 |   2.95e-04 |     
   13 |     0.1263 |     0.7730 |    0.6610 |     0.1408 |     0.7642 |    0.6509 |   2.81e-04 |     
   14 |     0.1252 |     0.7749 |    0.6635 |     0.1187 |     0.7935 |    0.6862 |   2.59e-04 |     
   15 |     0.1216 |     0.7807 |    0.6707 |     0.1123 |     0.7925 |    0.6844 |   2.31e-04 |     
   16 |     0.1180 |     0.7858 |    0.6774 |     0.1121 |     0.7992 |    0.6935 |   2.00e-04 |     
   17 |     0.1145 |     0.7921 |    0.6845 |     0.1114 |     0.7926 |    0.6854 |   1.69e-04 |     
   18 |     0.1124 |     0.7968 |    0.6900 |     0.1102 |     0.7951 |    0.6874 |   1.41e-04 |     
   19 |     0.1090 |     0.8008 |    0.6956 |     0.1142 |     0.7864 |    0.6784 |   1.19e-04 |     
   20 |     0.1076 |     0.8033 |    0.6987 |     0.1081 |     0.8027 |    0.6994 |   1.05e-04 |     
   21 |     0.1296 |     0.7684 |    0.6551 |     0.1237 |     0.7932 |    0.6871 |   3.00e-04 |     
   22 |     0.1231 |     0.7788 |    0.6680 |     0.1142 |     0.7894 |    0.6830 |   2.95e-04 |     
   23 |     0.1186 |     0.7855 |    0.6772 |     0.1121 |     0.7973 |    0.6918 |   2.81e-04 |     
   24 |     0.1175 |     0.7876 |    0.6793 |     0.1139 |     0.7888 |    0.6777 |   2.59e-04 |     
   25 |     0.1131 |     0.7947 |    0.6877 |     0.1212 |     0.7900 |    0.6812 |   2.31e-04 |     
   26 |     0.1134 |     0.7939 |    0.6870 |     0.1299 |     0.7857 |    0.6759 |   2.00e-04 |     
   27 |     0.1086 |     0.8025 |    0.6975 |     0.1125 |     0.8038 |    0.7003 |   1.69e-04 |     
   28 |     0.1069 |     0.8047 |    0.7000 |     0.1081 |     0.8043 |    0.7013 |   1.41e-04 |     
   29 |     0.1049 |     0.8077 |    0.7042 |     0.1050 |     0.8113 |    0.7096 |   1.19e-04 |     
   30 |     0.1030 |     0.8122 |    0.7095 |     0.1044 |     0.8053 |    0.7023 |   1.05e-04 |     
   31 |     0.1188 |     0.7865 |    0.6768 |     0.1150 |     0.7858 |    0.6746 |   3.00e-04 |     
   32 |     0.1153 |     0.7911 |    0.6832 |     0.1292 |     0.7794 |    0.6715 |   2.95e-04 |     
   33 |     0.1150 |     0.7921 |    0.6843 |     0.1150 |     0.8012 |    0.6967 |   2.81e-04 |     
   34 |     0.1112 |     0.7986 |    0.6925 |     0.1107 |     0.8075 |    0.7053 |   2.59e-04 |     
   35 |     0.1107 |     0.7991 |    0.6931 |     0.1144 |     0.7942 |    0.6877 |   2.31e-04 |     
   36 |     0.1077 |     0.8042 |    0.7001 |     0.1050 |     0.8097 |    0.7081 |   2.00e-04 |     
   37 |     0.1045 |     0.8089 |    0.7059 |     0.1193 |     0.7762 |    0.6666 |   1.69e-04 |     
   38 |     0.1020 |     0.8126 |    0.7104 |     0.1119 |     0.8108 |    0.7088 |   1.41e-04 |     
   39 |     0.0996 |     0.8173 |    0.7164 |     0.1080 |     0.8134 |    0.7133 |   1.19e-04 |     
   40 |     0.0989 |     0.8176 |    0.7170 |     0.1020 |     0.8155 |    0.7161 |   1.05e-04 |    *
   41 |     0.1137 |     0.7945 |    0.6866 |     0.3099 |     0.6225 |    0.4941 |   3.00e-04 |     
   42 |     0.1136 |     0.7949 |    0.6879 |     0.1140 |     0.7907 |    0.6855 |   2.95e-04 |     
   43 |     0.1107 |     0.7985 |    0.6929 |     0.1100 |     0.7960 |    0.6900 |   2.81e-04 |     
   44 |     0.1067 |     0.8051 |    0.7006 |     0.1145 |     0.7889 |    0.6807 |   2.59e-04 |     
   45 |     0.1046 |     0.8089 |    0.7049 |     0.1109 |     0.7975 |    0.6921 |   2.31e-04 |     
   46 |     0.1043 |     0.8097 |    0.7062 |     0.1059 |     0.8083 |    0.7050 |   2.00e-04 |     
   47 |     0.1006 |     0.8146 |    0.7129 |     0.1071 |     0.8097 |    0.7069 |   1.69e-04 |     
   48 |     0.0987 |     0.8184 |    0.7173 |     0.1052 |     0.8093 |    0.7088 |   1.41e-04 |     
   49 |     0.0967 |     0.8222 |    0.7221 |     0.1041 |     0.8051 |    0.7025 |   1.19e-04 |     
   50 |     0.0957 |     0.8227 |    0.7229 |     0.1066 |     0.8117 |    0.7115 |   1.05e-04 |     
   51 |     0.1108 |     0.7993 |    0.6930 |     0.1240 |     0.7902 |    0.6823 |   3.00e-04 |     
   52 |     0.1137 |     0.7958 |    0.6892 |     0.1077 |     0.7969 |    0.6895 |   2.95e-04 |     
   53 |     0.1068 |     0.8050 |    0.7002 |     0.1120 |     0.7982 |    0.6946 |   2.81e-04 |     
   54 |     0.1054 |     0.8074 |    0.7040 |     0.1211 |     0.7929 |    0.6890 |   2.59e-04 |     
   55 |     0.1047 |     0.8090 |    0.7059 |     0.1051 |     0.8113 |    0.7097 |   2.31e-04 |     
--- RACE-PE 80e validation screen: control validation statistics ---
up4: ca=0.8306+/-0.1409, sa=1.0100+/-0.0077, amp=0.0000, suppress=0.0000, guide_abs=0.2453
up4 residuals: local_mean=6.907e-02, global_mean=0.0200, local_strength=0.1127, global_strength=0.1130, gain=[0.9892,1.0555], saturation=0.1408, text_film=0.0258
up4 haar: reconstruction_error=4.768e-07, skip_low/high=0.8117/0.1883, plam_low/high=1.0000/0.0000
up4 strengths: plam=0.9115, region=0.1127, detail=0.1130; residual_std region/detail/refine=0.3722/0.4523/0.3943
up4 guide_mix: entropy=0.9799, raw_low=0.3275, plam_low=0.2462, decoder_low=0.2616, detail=0.1646; agreement plam/decoder=0.3590/0.2136, support=0.8106+/-0.1098
up4 adaptive_frequency: ALPF strength=0.2567, weights=0.1446/0.7026/0.1528, sum=1.0000, entropy=0.7377, delta_std=0.0734; AHPF strength=0.0723, weights=0.3447/0.4950/0.1603, sum=1.0000, entropy=0.9090, residual_std=0.0894, scaled_std=0.0065
up3: ca=0.9619+/-0.1826, sa=1.0118+/-0.0058, amp=0.0000, suppress=0.0000, guide_abs=0.2518
up3 residuals: local_mean=2.777e-02, global_mean=0.0705, local_strength=0.1151, global_strength=0.1214, gain=[0.9919,1.0391], saturation=0.0362, text_film=0.0432
up3 haar: reconstruction_error=9.537e-07, skip_low/high=0.7595/0.2405, plam_low/high=1.0000/0.0000
up3 strengths: plam=0.8867, region=0.1151, detail=0.1214; residual_std region/detail/refine=0.4613/0.5046/0.4208
up3 guide_mix: entropy=0.9789, raw_low=0.3062, plam_low=0.2156, decoder_low=0.3084, detail=0.1698; agreement plam/decoder=0.4864/0.2118, support=0.7528+/-0.1016
up3 adaptive_frequency: ALPF strength=0.2688, weights=0.1131/0.5084/0.3785, sum=1.0000, entropy=0.7545, delta_std=0.0703; AHPF strength=0.1195, weights=0.5437/0.2228/0.2335, sum=1.0000, entropy=0.8053, residual_std=0.1001, scaled_std=0.0120
up2: ca=0.8150+/-0.1931, sa=1.0043+/-0.0037, amp=0.0000, suppress=0.0000, guide_abs=0.4074
up2 residuals: local_mean=6.344e-04, global_mean=0.0366, local_strength=0.1299, global_strength=0.1143, gain=[0.9676,1.0423], saturation=0.0118, text_film=0.0735
up2 haar: reconstruction_error=1.311e-06, skip_low/high=0.8113/0.1887, plam_low/high=1.0000/0.0000
up2 strengths: plam=0.7795, region=0.1299, detail=0.1143; residual_std region/detail/refine=0.1977/0.2994/0.1550
up2 guide_mix: entropy=0.9496, raw_low=0.3272, plam_low=0.1746, decoder_low=0.3548, detail=0.1433; agreement plam/decoder=0.6841/0.2727, support=0.7645+/-0.0672
up1: ca=0.7780+/-0.1541, sa=1.0064+/-0.0109, amp=0.0000, suppress=0.0000, guide_abs=0.2342
up1 residuals: local_mean=2.640e-03, global_mean=0.0690, local_strength=0.1269, global_strength=0.0888, gain=[0.9151,1.0864], saturation=0.0000, text_film=0.0401
up1 haar: reconstruction_error=1.431e-06, skip_low/high=0.7393/0.2607, plam_low/high=1.0000/0.0000
up1 strengths: plam=0.8902, region=0.1269, detail=0.0888; residual_std region/detail/refine=0.2096/0.3994/0.2281
up1 guide_mix: entropy=0.9194, raw_low=0.3357, plam_low=0.1496, decoder_low=0.3925, detail=0.1222; agreement plam/decoder=0.0941/-0.2120, support=0.6034+/-0.0568

========= Epoch [56/80] =========
C4_Test_session_09.09_15h44
Training with batch size : 16
   [Train] Epoch: [56][20/357]  Loss:0.079 (Avg 0.0995) IoU:0.762 (Avg 0.7177) Dice:0.8620 (Avg 0.8200) LR 2.00e-04   (AvgTime 0.6)   
   [Train] Epoch: [56][40/357]  Loss:0.100 (Avg 0.0996) IoU:0.736 (Avg 0.7169) Dice:0.8432 (Avg 0.8191) LR 2.00e-04   (AvgTime 0.5)   
   [Train] Epoch: [56][60/357]  Loss:0.112 (Avg 0.1000) IoU:0.676 (Avg 0.7164) Dice:0.7871 (Avg 0.8178) LR 2.00e-04   (AvgTime 0.5)   
   [Train] Epoch: [56][80/357]  Loss:0.103 (Avg 0.1019) IoU:0.757 (Avg 0.7134) Dice:0.8522 (Avg 0.8154) LR 2.00e-04   (AvgTime 0.5)   
   [Train] Epoch: [56][100/357]  Loss:0.105 (Avg 0.1027) IoU:0.712 (Avg 0.7108) Dice:0.8183 (Avg 0.8134) LR 2.00e-04   (AvgTime 0.5)   
   [Train] Epoch: [56][120/357]  Loss:0.101 (Avg 0.1019) IoU:0.727 (Avg 0.7125) Dice:0.8232 (Avg 0.8150) LR 2.00e-04   (AvgTime 0.5)   
   [Train] Epoch: [56][140/357]  Loss:0.078 (Avg 0.1024) IoU:0.763 (Avg 0.7109) Dice:0.8542 (Avg 0.8137) LR 2.00e-04   (AvgTime 0.5)   
   [Train] Epoch: [56][160/357]  Loss:0.088 (Avg 0.1026) IoU:0.754 (Avg 0.7102) Dice:0.8445 (Avg 0.8129) LR 2.00e-04   (AvgTime 0.5)   
   [Train] Epoch: [56][180/357]  Loss:0.105 (Avg 0.1021) IoU:0.685 (Avg 0.7112) Dice:0.7999 (Avg 0.8138) LR 2.00e-04   (AvgTime 0.5)   
   [Train] Epoch: [56][200/357]  Loss:0.118 (Avg 0.1038) IoU:0.659 (Avg 0.7066) Dice:0.7813 (Avg 0.8099) LR 2.00e-04   (AvgTime 0.5)   
   [Train] Epoch: [56][220/357]  Loss:0.100 (Avg 0.1035) IoU:0.715 (Avg 0.7072) Dice:0.8138 (Avg 0.8104) LR 2.00e-04   (AvgTime 0.5)   
   [Train] Epoch: [56][240/357]  Loss:0.082 (Avg 0.1036) IoU:0.753 (Avg 0.7074) Dice:0.8495 (Avg 0.8104) LR 2.00e-04   (AvgTime 0.5)   
   [Train] Epoch: [56][260/357]  Loss:0.074 (Avg 0.1029) IoU:0.759 (Avg 0.7092) Dice:0.8593 (Avg 0.8119) LR 2.00e-04   (AvgTime 0.5)   
   [Train] Epoch: [56][280/357]  Loss:0.101 (Avg 0.1021) IoU:0.726 (Avg 0.7108) Dice:0.8197 (Avg 0.8131) LR 2.00e-04   (AvgTime 0.5)   
   [Train] Epoch: [56][300/357]  Loss:0.086 (Avg 0.1021) IoU:0.758 (Avg 0.7109) Dice:0.8498 (Avg 0.8133) LR 2.00e-04   (AvgTime 0.5)   
   [Train] Epoch: [56][320/357]  Loss:0.150 (Avg 0.1021) IoU:0.590 (Avg 0.7107) Dice:0.7059 (Avg 0.8131) LR 2.00e-04   (AvgTime 0.5)   
   [Train] Epoch: [56][340/357]  Loss:0.074 (Avg 0.1021) IoU:0.765 (Avg 0.7106) Dice:0.8607 (Avg 0.8131) LR 2.00e-04   (AvgTime 0.5)   
   [Train] Epoch: [56][357/357]  Loss:0.090 (Avg 0.1020) IoU:0.724 (Avg 0.7106) Dice:0.8281 (Avg 0.8132) LR 2.00e-04   (AvgTime 0.5)   
   [Train] Loss components: dice=0.161287, focal=0.042752, total=0.102020
Validation
   [Val] Epoch: [56][20/90]  Loss:0.127 (Avg 0.1094) IoU:0.683 (Avg 0.6983) Dice:0.7965 (Avg 0.8076) (AvgTime 0.2)   
   [Val] Epoch: [56][40/90]  Loss:0.103 (Avg 0.1147) IoU:0.674 (Avg 0.6814) Dice:0.7907 (Avg 0.7913) (AvgTime 0.2)   
   [Val] Epoch: [56][60/90]  Loss:0.131 (Avg 0.1076) IoU:0.644 (Avg 0.6916) Dice:0.7518 (Avg 0.7987) (AvgTime 0.2)   
   [Val] Epoch: [56][80/90]  Loss:0.100 (Avg 0.1059) IoU:0.698 (Avg 0.6912) Dice:0.8022 (Avg 0.7988) (AvgTime 0.2)   
   [Val] Epoch: [56][90/90]  Loss:0.130 (Avg 0.1055) IoU:0.618 (Avg 0.6918) Dice:0.7452 (Avg 0.7994) (AvgTime 0.2)   
   [Val] Loss components: dice=0.169671, focal=0.041350, total=0.105511
	 No iou improvement; selected epoch 40
	 early_stopping_count: 16/80
--- Epoch History (1..56) ---
Epoch |  TrainLoss |  TrainDice |  TrainIoU |    ValLoss |    ValDice |    ValIoU |         LR | Best
    1 |     0.2379 |     0.6073 |    0.4776 |     0.1928 |     0.6881 |    0.5656 |   3.00e-04 |     
    2 |     0.1735 |     0.6993 |    0.5754 |     0.1794 |     0.6884 |    0.5646 |   2.95e-04 |     
    3 |     0.1551 |     0.7275 |    0.6080 |     0.1434 |     0.7519 |    0.6362 |   2.81e-04 |     
    4 |     0.1433 |     0.7455 |    0.6288 |     0.1249 |     0.7776 |    0.6670 |   2.59e-04 |     
    5 |     0.1385 |     0.7532 |    0.6372 |     0.1294 |     0.7623 |    0.6477 |   2.31e-04 |     
    6 |     0.1322 |     0.7635 |    0.6498 |     0.1199 |     0.7896 |    0.6818 |   2.00e-04 |     
    7 |     0.1269 |     0.7728 |    0.6612 |     0.1228 |     0.7847 |    0.6751 |   1.69e-04 |     
    8 |     0.1217 |     0.7793 |    0.6692 |     0.1136 |     0.7979 |    0.6923 |   1.41e-04 |     
    9 |     0.1195 |     0.7835 |    0.6745 |     0.1192 |     0.7913 |    0.6831 |   1.19e-04 |     
   10 |     0.1163 |     0.7892 |    0.6813 |     0.1168 |     0.7850 |    0.6775 |   1.05e-04 |     
   11 |     0.1403 |     0.7517 |    0.6355 |     0.1291 |     0.7743 |    0.6602 |   3.00e-04 |     
   12 |     0.1316 |     0.7641 |    0.6512 |     0.1328 |     0.7636 |    0.6512 |   2.95e-04 |     
   13 |     0.1263 |     0.7730 |    0.6610 |     0.1408 |     0.7642 |    0.6509 |   2.81e-04 |     
   14 |     0.1252 |     0.7749 |    0.6635 |     0.1187 |     0.7935 |    0.6862 |   2.59e-04 |     
   15 |     0.1216 |     0.7807 |    0.6707 |     0.1123 |     0.7925 |    0.6844 |   2.31e-04 |     
   16 |     0.1180 |     0.7858 |    0.6774 |     0.1121 |     0.7992 |    0.6935 |   2.00e-04 |     
   17 |     0.1145 |     0.7921 |    0.6845 |     0.1114 |     0.7926 |    0.6854 |   1.69e-04 |     
   18 |     0.1124 |     0.7968 |    0.6900 |     0.1102 |     0.7951 |    0.6874 |   1.41e-04 |     
   19 |     0.1090 |     0.8008 |    0.6956 |     0.1142 |     0.7864 |    0.6784 |   1.19e-04 |     
   20 |     0.1076 |     0.8033 |    0.6987 |     0.1081 |     0.8027 |    0.6994 |   1.05e-04 |     
   21 |     0.1296 |     0.7684 |    0.6551 |     0.1237 |     0.7932 |    0.6871 |   3.00e-04 |     
   22 |     0.1231 |     0.7788 |    0.6680 |     0.1142 |     0.7894 |    0.6830 |   2.95e-04 |     
   23 |     0.1186 |     0.7855 |    0.6772 |     0.1121 |     0.7973 |    0.6918 |   2.81e-04 |     
   24 |     0.1175 |     0.7876 |    0.6793 |     0.1139 |     0.7888 |    0.6777 |   2.59e-04 |     
   25 |     0.1131 |     0.7947 |    0.6877 |     0.1212 |     0.7900 |    0.6812 |   2.31e-04 |     
   26 |     0.1134 |     0.7939 |    0.6870 |     0.1299 |     0.7857 |    0.6759 |   2.00e-04 |     
   27 |     0.1086 |     0.8025 |    0.6975 |     0.1125 |     0.8038 |    0.7003 |   1.69e-04 |     
   28 |     0.1069 |     0.8047 |    0.7000 |     0.1081 |     0.8043 |    0.7013 |   1.41e-04 |     
   29 |     0.1049 |     0.8077 |    0.7042 |     0.1050 |     0.8113 |    0.7096 |   1.19e-04 |     
   30 |     0.1030 |     0.8122 |    0.7095 |     0.1044 |     0.8053 |    0.7023 |   1.05e-04 |     
   31 |     0.1188 |     0.7865 |    0.6768 |     0.1150 |     0.7858 |    0.6746 |   3.00e-04 |     
   32 |     0.1153 |     0.7911 |    0.6832 |     0.1292 |     0.7794 |    0.6715 |   2.95e-04 |     
   33 |     0.1150 |     0.7921 |    0.6843 |     0.1150 |     0.8012 |    0.6967 |   2.81e-04 |     
   34 |     0.1112 |     0.7986 |    0.6925 |     0.1107 |     0.8075 |    0.7053 |   2.59e-04 |     
   35 |     0.1107 |     0.7991 |    0.6931 |     0.1144 |     0.7942 |    0.6877 |   2.31e-04 |     
   36 |     0.1077 |     0.8042 |    0.7001 |     0.1050 |     0.8097 |    0.7081 |   2.00e-04 |     
   37 |     0.1045 |     0.8089 |    0.7059 |     0.1193 |     0.7762 |    0.6666 |   1.69e-04 |     
   38 |     0.1020 |     0.8126 |    0.7104 |     0.1119 |     0.8108 |    0.7088 |   1.41e-04 |     
   39 |     0.0996 |     0.8173 |    0.7164 |     0.1080 |     0.8134 |    0.7133 |   1.19e-04 |     
   40 |     0.0989 |     0.8176 |    0.7170 |     0.1020 |     0.8155 |    0.7161 |   1.05e-04 |    *
   41 |     0.1137 |     0.7945 |    0.6866 |     0.3099 |     0.6225 |    0.4941 |   3.00e-04 |     
   42 |     0.1136 |     0.7949 |    0.6879 |     0.1140 |     0.7907 |    0.6855 |   2.95e-04 |     
   43 |     0.1107 |     0.7985 |    0.6929 |     0.1100 |     0.7960 |    0.6900 |   2.81e-04 |     
   44 |     0.1067 |     0.8051 |    0.7006 |     0.1145 |     0.7889 |    0.6807 |   2.59e-04 |     
   45 |     0.1046 |     0.8089 |    0.7049 |     0.1109 |     0.7975 |    0.6921 |   2.31e-04 |     
   46 |     0.1043 |     0.8097 |    0.7062 |     0.1059 |     0.8083 |    0.7050 |   2.00e-04 |     
   47 |     0.1006 |     0.8146 |    0.7129 |     0.1071 |     0.8097 |    0.7069 |   1.69e-04 |     
   48 |     0.0987 |     0.8184 |    0.7173 |     0.1052 |     0.8093 |    0.7088 |   1.41e-04 |     
   49 |     0.0967 |     0.8222 |    0.7221 |     0.1041 |     0.8051 |    0.7025 |   1.19e-04 |     
   50 |     0.0957 |     0.8227 |    0.7229 |     0.1066 |     0.8117 |    0.7115 |   1.05e-04 |     
   51 |     0.1108 |     0.7993 |    0.6930 |     0.1240 |     0.7902 |    0.6823 |   3.00e-04 |     
   52 |     0.1137 |     0.7958 |    0.6892 |     0.1077 |     0.7969 |    0.6895 |   2.95e-04 |     
   53 |     0.1068 |     0.8050 |    0.7002 |     0.1120 |     0.7982 |    0.6946 |   2.81e-04 |     
   54 |     0.1054 |     0.8074 |    0.7040 |     0.1211 |     0.7929 |    0.6890 |   2.59e-04 |     
   55 |     0.1047 |     0.8090 |    0.7059 |     0.1051 |     0.8113 |    0.7097 |   2.31e-04 |     
   56 |     0.1020 |     0.8132 |    0.7106 |     0.1055 |     0.7994 |    0.6918 |   2.00e-04 |     
--- RACE-PE 80e validation screen: control validation statistics ---
up4: ca=0.8457+/-0.1229, sa=1.0097+/-0.0077, amp=0.0000, suppress=0.0000, guide_abs=0.2535
up4 residuals: local_mean=6.780e-02, global_mean=0.0188, local_strength=0.1129, global_strength=0.1134, gain=[0.9895,1.0544], saturation=0.1194, text_film=0.0254
up4 haar: reconstruction_error=9.537e-07, skip_low/high=0.8021/0.1979, plam_low/high=1.0000/0.0000
up4 strengths: plam=0.9107, region=0.1129, detail=0.1134; residual_std region/detail/refine=0.3691/0.4529/0.3936
up4 guide_mix: entropy=0.9803, raw_low=0.3265, plam_low=0.2338, decoder_low=0.2716, detail=0.1681; agreement plam/decoder=0.4382/0.1590, support=0.7900+/-0.1190
up4 adaptive_frequency: ALPF strength=0.2573, weights=0.1416/0.7179/0.1405, sum=1.0000, entropy=0.7173, delta_std=0.0739; AHPF strength=0.0722, weights=0.3515/0.4875/0.1610, sum=1.0000, entropy=0.9131, residual_std=0.0905, scaled_std=0.0065
up3: ca=0.9421+/-0.1803, sa=1.0112+/-0.0056, amp=0.0000, suppress=0.0000, guide_abs=0.2002
up3 residuals: local_mean=2.348e-02, global_mean=0.0701, local_strength=0.1151, global_strength=0.1217, gain=[0.9889,1.0407], saturation=0.0309, text_film=0.0400
up3 haar: reconstruction_error=9.537e-07, skip_low/high=0.7535/0.2465, plam_low/high=1.0000/0.0000
up3 strengths: plam=0.8855, region=0.1151, detail=0.1217; residual_std region/detail/refine=0.4208/0.5196/0.4401
up3 guide_mix: entropy=0.9809, raw_low=0.3180, plam_low=0.2118, decoder_low=0.2923, detail=0.1779; agreement plam/decoder=0.5022/0.2449, support=0.6899+/-0.1178
up3 adaptive_frequency: ALPF strength=0.2699, weights=0.0941/0.4047/0.5012, sum=1.0000, entropy=0.7239, delta_std=0.0733; AHPF strength=0.1201, weights=0.6274/0.1766/0.1960, sum=1.0000, entropy=0.7118, residual_std=0.0922, scaled_std=0.0111
up2: ca=0.8314+/-0.1814, sa=1.0049+/-0.0038, amp=0.0000, suppress=0.0000, guide_abs=0.3947
up2 residuals: local_mean=3.669e-03, global_mean=0.0383, local_strength=0.1304, global_strength=0.1144, gain=[0.9662,1.0434], saturation=0.0113, text_film=0.0665
up2 haar: reconstruction_error=9.537e-07, skip_low/high=0.8067/0.1933, plam_low/high=1.0000/0.0000
up2 strengths: plam=0.7772, region=0.1304, detail=0.1144; residual_std region/detail/refine=0.2405/0.3135/0.1586
up2 guide_mix: entropy=0.9553, raw_low=0.3228, plam_low=0.1807, decoder_low=0.3484, detail=0.1481; agreement plam/decoder=0.6929/0.3054, support=0.7679+/-0.0659
up1: ca=0.7811+/-0.1485, sa=1.0064+/-0.0110, amp=0.0000, suppress=0.0000, guide_abs=0.1933
up1 residuals: local_mean=1.794e-03, global_mean=0.0707, local_strength=0.1271, global_strength=0.0886, gain=[0.9152,1.0863], saturation=0.0000, text_film=0.0451
up1 haar: reconstruction_error=1.431e-06, skip_low/high=0.7225/0.2775, plam_low/high=1.0000/0.0000
up1 strengths: plam=0.8889, region=0.1271, detail=0.0886; residual_std region/detail/refine=0.2141/0.4030/0.2306
up1 guide_mix: entropy=0.9352, raw_low=0.2981, plam_low=0.1899, decoder_low=0.3931, detail=0.1188; agreement plam/decoder=0.3767/-0.0764, support=0.5968+/-0.0556

========= Epoch [57/80] =========
C4_Test_session_09.09_15h44
Training with batch size : 16
   [Train] Epoch: [57][20/357]  Loss:0.064 (Avg 0.1011) IoU:0.805 (Avg 0.7084) Dice:0.8865 (Avg 0.8123) LR 1.69e-04   (AvgTime 0.6)   
   [Train] Epoch: [57][40/357]  Loss:0.139 (Avg 0.1004) IoU:0.640 (Avg 0.7142) Dice:0.7547 (Avg 0.8157) LR 1.69e-04   (AvgTime 0.5)   
   [Train] Epoch: [57][60/357]  Loss:0.130 (Avg 0.1021) IoU:0.629 (Avg 0.7104) Dice:0.7498 (Avg 0.8123) LR 1.69e-04   (AvgTime 0.5)   
   [Train] Epoch: [57][80/357]  Loss:0.101 (Avg 0.0985) IoU:0.699 (Avg 0.7189) Dice:0.8128 (Avg 0.8197) LR 1.69e-04   (AvgTime 0.5)   
   [Train] Epoch: [57][100/357]  Loss:0.083 (Avg 0.0973) IoU:0.743 (Avg 0.7196) Dice:0.8462 (Avg 0.8206) LR 1.69e-04   (AvgTime 0.5)   
   [Train] Epoch: [57][120/357]  Loss:0.091 (Avg 0.0985) IoU:0.755 (Avg 0.7178) Dice:0.8459 (Avg 0.8188) LR 1.69e-04   (AvgTime 0.5)   
   [Train] Epoch: [57][140/357]  Loss:0.098 (Avg 0.0983) IoU:0.701 (Avg 0.7180) Dice:0.8113 (Avg 0.8189) LR 1.69e-04   (AvgTime 0.5)   
   [Train] Epoch: [57][160/357]  Loss:0.076 (Avg 0.0990) IoU:0.761 (Avg 0.7172) Dice:0.8555 (Avg 0.8180) LR 1.69e-04   (AvgTime 0.5)   
   [Train] Epoch: [57][180/357]  Loss:0.072 (Avg 0.0992) IoU:0.786 (Avg 0.7165) Dice:0.8714 (Avg 0.8176) LR 1.69e-04   (AvgTime 0.5)   
   [Train] Epoch: [57][200/357]  Loss:0.070 (Avg 0.0990) IoU:0.769 (Avg 0.7170) Dice:0.8623 (Avg 0.8181) LR 1.69e-04   (AvgTime 0.5)   
   [Train] Epoch: [57][220/357]  Loss:0.137 (Avg 0.0992) IoU:0.629 (Avg 0.7168) Dice:0.7379 (Avg 0.8179) LR 1.69e-04   (AvgTime 0.5)   
   [Train] Epoch: [57][240/357]  Loss:0.101 (Avg 0.0991) IoU:0.735 (Avg 0.7171) Dice:0.8362 (Avg 0.8182) LR 1.69e-04   (AvgTime 0.5)   
   [Train] Epoch: [57][260/357]  Loss:0.085 (Avg 0.0990) IoU:0.741 (Avg 0.7176) Dice:0.8329 (Avg 0.8187) LR 1.69e-04   (AvgTime 0.5)   
   [Train] Epoch: [57][280/357]  Loss:0.116 (Avg 0.0991) IoU:0.692 (Avg 0.7173) Dice:0.8016 (Avg 0.8186) LR 1.69e-04   (AvgTime 0.5)   
   [Train] Epoch: [57][300/357]  Loss:0.088 (Avg 0.0986) IoU:0.731 (Avg 0.7183) Dice:0.8237 (Avg 0.8193) LR 1.69e-04   (AvgTime 0.5)   
   [Train] Epoch: [57][320/357]  Loss:0.092 (Avg 0.0981) IoU:0.719 (Avg 0.7191) Dice:0.8188 (Avg 0.8201) LR 1.69e-04   (AvgTime 0.5)   
   [Train] Epoch: [57][340/357]  Loss:0.068 (Avg 0.0982) IoU:0.786 (Avg 0.7192) Dice:0.8737 (Avg 0.8200) LR 1.69e-04   (AvgTime 0.5)   
   [Train] Epoch: [57][357/357]  Loss:0.090 (Avg 0.0981) IoU:0.717 (Avg 0.7194) Dice:0.8249 (Avg 0.8203) LR 1.69e-04   (AvgTime 0.5)   
   [Train] Loss components: dice=0.154935, focal=0.041234, total=0.098085
Validation
   [Val] Epoch: [57][20/90]  Loss:0.125 (Avg 0.1055) IoU:0.700 (Avg 0.7181) Dice:0.8085 (Avg 0.8207) (AvgTime 0.3)   
   [Val] Epoch: [57][40/90]  Loss:0.092 (Avg 0.1100) IoU:0.720 (Avg 0.7020) Dice:0.8258 (Avg 0.8064) (AvgTime 0.2)   
   [Val] Epoch: [57][60/90]  Loss:0.133 (Avg 0.1029) IoU:0.653 (Avg 0.7134) Dice:0.7591 (Avg 0.8142) (AvgTime 0.2)   
   [Val] Epoch: [57][80/90]  Loss:0.091 (Avg 0.1014) IoU:0.725 (Avg 0.7129) Dice:0.8252 (Avg 0.8142) (AvgTime 0.2)   
   [Val] Epoch: [57][90/90]  Loss:0.122 (Avg 0.1013) IoU:0.644 (Avg 0.7134) Dice:0.7707 (Avg 0.8145) (AvgTime 0.2)   
   [Val] Loss components: dice=0.157575, focal=0.044934, total=0.101254
	 No iou improvement; selected epoch 40
	 early_stopping_count: 17/80
--- Epoch History (1..57) ---
Epoch |  TrainLoss |  TrainDice |  TrainIoU |    ValLoss |    ValDice |    ValIoU |         LR | Best
    1 |     0.2379 |     0.6073 |    0.4776 |     0.1928 |     0.6881 |    0.5656 |   3.00e-04 |     
    2 |     0.1735 |     0.6993 |    0.5754 |     0.1794 |     0.6884 |    0.5646 |   2.95e-04 |     
    3 |     0.1551 |     0.7275 |    0.6080 |     0.1434 |     0.7519 |    0.6362 |   2.81e-04 |     
    4 |     0.1433 |     0.7455 |    0.6288 |     0.1249 |     0.7776 |    0.6670 |   2.59e-04 |     
    5 |     0.1385 |     0.7532 |    0.6372 |     0.1294 |     0.7623 |    0.6477 |   2.31e-04 |     
    6 |     0.1322 |     0.7635 |    0.6498 |     0.1199 |     0.7896 |    0.6818 |   2.00e-04 |     
    7 |     0.1269 |     0.7728 |    0.6612 |     0.1228 |     0.7847 |    0.6751 |   1.69e-04 |     
    8 |     0.1217 |     0.7793 |    0.6692 |     0.1136 |     0.7979 |    0.6923 |   1.41e-04 |     
    9 |     0.1195 |     0.7835 |    0.6745 |     0.1192 |     0.7913 |    0.6831 |   1.19e-04 |     
   10 |     0.1163 |     0.7892 |    0.6813 |     0.1168 |     0.7850 |    0.6775 |   1.05e-04 |     
   11 |     0.1403 |     0.7517 |    0.6355 |     0.1291 |     0.7743 |    0.6602 |   3.00e-04 |     
   12 |     0.1316 |     0.7641 |    0.6512 |     0.1328 |     0.7636 |    0.6512 |   2.95e-04 |     
   13 |     0.1263 |     0.7730 |    0.6610 |     0.1408 |     0.7642 |    0.6509 |   2.81e-04 |     
   14 |     0.1252 |     0.7749 |    0.6635 |     0.1187 |     0.7935 |    0.6862 |   2.59e-04 |     
   15 |     0.1216 |     0.7807 |    0.6707 |     0.1123 |     0.7925 |    0.6844 |   2.31e-04 |     
   16 |     0.1180 |     0.7858 |    0.6774 |     0.1121 |     0.7992 |    0.6935 |   2.00e-04 |     
   17 |     0.1145 |     0.7921 |    0.6845 |     0.1114 |     0.7926 |    0.6854 |   1.69e-04 |     
   18 |     0.1124 |     0.7968 |    0.6900 |     0.1102 |     0.7951 |    0.6874 |   1.41e-04 |     
   19 |     0.1090 |     0.8008 |    0.6956 |     0.1142 |     0.7864 |    0.6784 |   1.19e-04 |     
   20 |     0.1076 |     0.8033 |    0.6987 |     0.1081 |     0.8027 |    0.6994 |   1.05e-04 |     
   21 |     0.1296 |     0.7684 |    0.6551 |     0.1237 |     0.7932 |    0.6871 |   3.00e-04 |     
   22 |     0.1231 |     0.7788 |    0.6680 |     0.1142 |     0.7894 |    0.6830 |   2.95e-04 |     
   23 |     0.1186 |     0.7855 |    0.6772 |     0.1121 |     0.7973 |    0.6918 |   2.81e-04 |     
   24 |     0.1175 |     0.7876 |    0.6793 |     0.1139 |     0.7888 |    0.6777 |   2.59e-04 |     
   25 |     0.1131 |     0.7947 |    0.6877 |     0.1212 |     0.7900 |    0.6812 |   2.31e-04 |     
   26 |     0.1134 |     0.7939 |    0.6870 |     0.1299 |     0.7857 |    0.6759 |   2.00e-04 |     
   27 |     0.1086 |     0.8025 |    0.6975 |     0.1125 |     0.8038 |    0.7003 |   1.69e-04 |     
   28 |     0.1069 |     0.8047 |    0.7000 |     0.1081 |     0.8043 |    0.7013 |   1.41e-04 |     
   29 |     0.1049 |     0.8077 |    0.7042 |     0.1050 |     0.8113 |    0.7096 |   1.19e-04 |     
   30 |     0.1030 |     0.8122 |    0.7095 |     0.1044 |     0.8053 |    0.7023 |   1.05e-04 |     
   31 |     0.1188 |     0.7865 |    0.6768 |     0.1150 |     0.7858 |    0.6746 |   3.00e-04 |     
   32 |     0.1153 |     0.7911 |    0.6832 |     0.1292 |     0.7794 |    0.6715 |   2.95e-04 |     
   33 |     0.1150 |     0.7921 |    0.6843 |     0.1150 |     0.8012 |    0.6967 |   2.81e-04 |     
   34 |     0.1112 |     0.7986 |    0.6925 |     0.1107 |     0.8075 |    0.7053 |   2.59e-04 |     
   35 |     0.1107 |     0.7991 |    0.6931 |     0.1144 |     0.7942 |    0.6877 |   2.31e-04 |     
   36 |     0.1077 |     0.8042 |    0.7001 |     0.1050 |     0.8097 |    0.7081 |   2.00e-04 |     
   37 |     0.1045 |     0.8089 |    0.7059 |     0.1193 |     0.7762 |    0.6666 |   1.69e-04 |     
   38 |     0.1020 |     0.8126 |    0.7104 |     0.1119 |     0.8108 |    0.7088 |   1.41e-04 |     
   39 |     0.0996 |     0.8173 |    0.7164 |     0.1080 |     0.8134 |    0.7133 |   1.19e-04 |     
   40 |     0.0989 |     0.8176 |    0.7170 |     0.1020 |     0.8155 |    0.7161 |   1.05e-04 |    *
   41 |     0.1137 |     0.7945 |    0.6866 |     0.3099 |     0.6225 |    0.4941 |   3.00e-04 |     
   42 |     0.1136 |     0.7949 |    0.6879 |     0.1140 |     0.7907 |    0.6855 |   2.95e-04 |     
   43 |     0.1107 |     0.7985 |    0.6929 |     0.1100 |     0.7960 |    0.6900 |   2.81e-04 |     
   44 |     0.1067 |     0.8051 |    0.7006 |     0.1145 |     0.7889 |    0.6807 |   2.59e-04 |     
   45 |     0.1046 |     0.8089 |    0.7049 |     0.1109 |     0.7975 |    0.6921 |   2.31e-04 |     
   46 |     0.1043 |     0.8097 |    0.7062 |     0.1059 |     0.8083 |    0.7050 |   2.00e-04 |     
   47 |     0.1006 |     0.8146 |    0.7129 |     0.1071 |     0.8097 |    0.7069 |   1.69e-04 |     
   48 |     0.0987 |     0.8184 |    0.7173 |     0.1052 |     0.8093 |    0.7088 |   1.41e-04 |     
   49 |     0.0967 |     0.8222 |    0.7221 |     0.1041 |     0.8051 |    0.7025 |   1.19e-04 |     
   50 |     0.0957 |     0.8227 |    0.7229 |     0.1066 |     0.8117 |    0.7115 |   1.05e-04 |     
   51 |     0.1108 |     0.7993 |    0.6930 |     0.1240 |     0.7902 |    0.6823 |   3.00e-04 |     
   52 |     0.1137 |     0.7958 |    0.6892 |     0.1077 |     0.7969 |    0.6895 |   2.95e-04 |     
   53 |     0.1068 |     0.8050 |    0.7002 |     0.1120 |     0.7982 |    0.6946 |   2.81e-04 |     
   54 |     0.1054 |     0.8074 |    0.7040 |     0.1211 |     0.7929 |    0.6890 |   2.59e-04 |     
   55 |     0.1047 |     0.8090 |    0.7059 |     0.1051 |     0.8113 |    0.7097 |   2.31e-04 |     
   56 |     0.1020 |     0.8132 |    0.7106 |     0.1055 |     0.7994 |    0.6918 |   2.00e-04 |     
   57 |     0.0981 |     0.8203 |    0.7194 |     0.1013 |     0.8145 |    0.7134 |   1.69e-04 |     
--- RACE-PE 80e validation screen: control validation statistics ---
up4: ca=0.8482+/-0.1180, sa=1.0092+/-0.0072, amp=0.0000, suppress=0.0000, guide_abs=0.2363
up4 residuals: local_mean=6.590e-02, global_mean=0.0164, local_strength=0.1129, global_strength=0.1136, gain=[0.9894,1.0519], saturation=0.1153, text_film=0.0252
up4 haar: reconstruction_error=4.768e-07, skip_low/high=0.8048/0.1952, plam_low/high=1.0000/0.0000
up4 strengths: plam=0.9101, region=0.1129, detail=0.1136; residual_std region/detail/refine=0.3619/0.4515/0.3938
up4 guide_mix: entropy=0.9806, raw_low=0.3315, plam_low=0.2410, decoder_low=0.2577, detail=0.1698; agreement plam/decoder=0.4569/0.1325, support=0.7840+/-0.1189
up4 adaptive_frequency: ALPF strength=0.2578, weights=0.1472/0.7137/0.1391, sum=1.0000, entropy=0.7236, delta_std=0.0718; AHPF strength=0.0721, weights=0.3462/0.4908/0.1630, sum=1.0000, entropy=0.9167, residual_std=0.0910, scaled_std=0.0066
up3: ca=0.9532+/-0.1649, sa=1.0112+/-0.0049, amp=0.0000, suppress=0.0000, guide_abs=0.1937
up3 residuals: local_mean=2.356e-02, global_mean=0.0697, local_strength=0.1153, global_strength=0.1219, gain=[0.9945,1.0386], saturation=0.0099, text_film=0.0440
up3 haar: reconstruction_error=9.537e-07, skip_low/high=0.7560/0.2440, plam_low/high=1.0000/0.0000
up3 strengths: plam=0.8847, region=0.1153, detail=0.1219; residual_std region/detail/refine=0.3990/0.5038/0.4254
up3 guide_mix: entropy=0.9825, raw_low=0.3139, plam_low=0.2208, decoder_low=0.2889, detail=0.1763; agreement plam/decoder=0.5269/0.2496, support=0.6818+/-0.1094
up3 adaptive_frequency: ALPF strength=0.2705, weights=0.0937/0.3907/0.5157, sum=1.0000, entropy=0.7436, delta_std=0.0734; AHPF strength=0.1205, weights=0.6764/0.1634/0.1601, sum=1.0000, entropy=0.6845, residual_std=0.0781, scaled_std=0.0094
up2: ca=0.8395+/-0.1563, sa=1.0048+/-0.0034, amp=0.0000, suppress=0.0000, guide_abs=0.3789
up2 residuals: local_mean=2.807e-03, global_mean=0.0386, local_strength=0.1305, global_strength=0.1144, gain=[0.9644,1.0469], saturation=0.0082, text_film=0.0668
up2 haar: reconstruction_error=9.537e-07, skip_low/high=0.7981/0.2019, plam_low/high=1.0000/0.0000
up2 strengths: plam=0.7751, region=0.1305, detail=0.1144; residual_std region/detail/refine=0.2251/0.3093/0.1547
up2 guide_mix: entropy=0.9579, raw_low=0.3215, plam_low=0.1843, decoder_low=0.3444, detail=0.1498; agreement plam/decoder=0.6799/0.3155, support=0.7519+/-0.0638
up1: ca=0.7802+/-0.1418, sa=1.0069+/-0.0110, amp=0.0000, suppress=0.0000, guide_abs=0.1883
up1 residuals: local_mean=4.851e-03, global_mean=0.0719, local_strength=0.1273, global_strength=0.0884, gain=[0.9154,1.0864], saturation=0.0000, text_film=0.0360
up1 haar: reconstruction_error=1.431e-06, skip_low/high=0.7218/0.2782, plam_low/high=1.0000/0.0000
up1 strengths: plam=0.8883, region=0.1273, detail=0.0884; residual_std region/detail/refine=0.2033/0.4049/0.2325
up1 guide_mix: entropy=0.9385, raw_low=0.2933, plam_low=0.2007, decoder_low=0.3885, detail=0.1175; agreement plam/decoder=0.2225/-0.1737, support=0.6002+/-0.0538

========= Epoch [58/80] =========
C4_Test_session_09.09_15h44
Training with batch size : 16
   [Train] Epoch: [58][20/357]  Loss:0.131 (Avg 0.1040) IoU:0.614 (Avg 0.7027) Dice:0.7325 (Avg 0.8057) LR 1.41e-04   (AvgTime 0.6)   
   [Train] Epoch: [58][40/357]  Loss:0.111 (Avg 0.0986) IoU:0.717 (Avg 0.7171) Dice:0.8265 (Avg 0.8175) LR 1.41e-04   (AvgTime 0.5)   
   [Train] Epoch: [58][60/357]  Loss:0.117 (Avg 0.0984) IoU:0.717 (Avg 0.7171) Dice:0.8102 (Avg 0.8179) LR 1.41e-04   (AvgTime 0.5)   
   [Train] Epoch: [58][80/357]  Loss:0.104 (Avg 0.0961) IoU:0.684 (Avg 0.7223) Dice:0.8055 (Avg 0.8225) LR 1.41e-04   (AvgTime 0.5)   
   [Train] Epoch: [58][100/357]  Loss:0.089 (Avg 0.0956) IoU:0.756 (Avg 0.7242) Dice:0.8487 (Avg 0.8239) LR 1.41e-04   (AvgTime 0.5)   
   [Train] Epoch: [58][120/357]  Loss:0.085 (Avg 0.0946) IoU:0.761 (Avg 0.7257) Dice:0.8466 (Avg 0.8251) LR 1.41e-04   (AvgTime 0.5)   
   [Train] Epoch: [58][140/357]  Loss:0.074 (Avg 0.0949) IoU:0.752 (Avg 0.7256) Dice:0.8511 (Avg 0.8250) LR 1.41e-04   (AvgTime 0.5)   
   [Train] Epoch: [58][160/357]  Loss:0.104 (Avg 0.0949) IoU:0.711 (Avg 0.7249) Dice:0.8133 (Avg 0.8247) LR 1.41e-04   (AvgTime 0.5)   
   [Train] Epoch: [58][180/357]  Loss:0.083 (Avg 0.0958) IoU:0.747 (Avg 0.7225) Dice:0.8436 (Avg 0.8227) LR 1.41e-04   (AvgTime 0.5)   
   [Train] Epoch: [58][200/357]  Loss:0.080 (Avg 0.0962) IoU:0.763 (Avg 0.7215) Dice:0.8577 (Avg 0.8218) LR 1.41e-04   (AvgTime 0.5)   
   [Train] Epoch: [58][220/357]  Loss:0.084 (Avg 0.0962) IoU:0.755 (Avg 0.7219) Dice:0.8476 (Avg 0.8220) LR 1.41e-04   (AvgTime 0.5)   
   [Train] Epoch: [58][240/357]  Loss:0.090 (Avg 0.0968) IoU:0.755 (Avg 0.7204) Dice:0.8405 (Avg 0.8209) LR 1.41e-04   (AvgTime 0.5)   
   [Train] Epoch: [58][260/357]  Loss:0.085 (Avg 0.0967) IoU:0.734 (Avg 0.7208) Dice:0.8406 (Avg 0.8213) LR 1.41e-04   (AvgTime 0.5)   
   [Train] Epoch: [58][280/357]  Loss:0.115 (Avg 0.0973) IoU:0.701 (Avg 0.7194) Dice:0.8041 (Avg 0.8203) LR 1.41e-04   (AvgTime 0.5)   
   [Train] Epoch: [58][300/357]  Loss:0.097 (Avg 0.0968) IoU:0.703 (Avg 0.7208) Dice:0.7973 (Avg 0.8214) LR 1.41e-04   (AvgTime 0.5)   
   [Train] Epoch: [58][320/357]  Loss:0.104 (Avg 0.0966) IoU:0.703 (Avg 0.7211) Dice:0.8025 (Avg 0.8217) LR 1.41e-04   (AvgTime 0.5)   
   [Train] Epoch: [58][340/357]  Loss:0.089 (Avg 0.0966) IoU:0.712 (Avg 0.7213) Dice:0.8237 (Avg 0.8218) LR 1.41e-04   (AvgTime 0.5)   
   [Train] Epoch: [58][357/357]  Loss:0.069 (Avg 0.0964) IoU:0.786 (Avg 0.7217) Dice:0.8753 (Avg 0.8222) LR 1.41e-04   (AvgTime 0.5)   
   [Train] Loss components: dice=0.152605, focal=0.040213, total=0.096409
Validation
   [Val] Epoch: [58][20/90]  Loss:0.127 (Avg 0.1066) IoU:0.686 (Avg 0.7208) Dice:0.7995 (Avg 0.8231) (AvgTime 0.3)   
   [Val] Epoch: [58][40/90]  Loss:0.091 (Avg 0.1106) IoU:0.723 (Avg 0.7058) Dice:0.8280 (Avg 0.8096) (AvgTime 0.2)   
   [Val] Epoch: [58][60/90]  Loss:0.136 (Avg 0.1033) IoU:0.643 (Avg 0.7177) Dice:0.7536 (Avg 0.8174) (AvgTime 0.2)   
   [Val] Epoch: [58][80/90]  Loss:0.102 (Avg 0.1017) IoU:0.718 (Avg 0.7175) Dice:0.8127 (Avg 0.8175) (AvgTime 0.2)   
   [Val] Epoch: [58][90/90]  Loss:0.121 (Avg 0.1015) IoU:0.646 (Avg 0.7176) Dice:0.7687 (Avg 0.8175) (AvgTime 0.2)   
   [Val] Loss components: dice=0.153929, focal=0.049117, total=0.101523
	 Saving best model by iou: 0.717578
	 Saving to Covid19/BetterLViT/c4_race_pe_control/C4_Test_session_09.09_15h44/models//best_model-BetterLViT.pth.tar
	 early_stopping_count: 0/80
--- Epoch History (1..58) ---
Epoch |  TrainLoss |  TrainDice |  TrainIoU |    ValLoss |    ValDice |    ValIoU |         LR | Best
    1 |     0.2379 |     0.6073 |    0.4776 |     0.1928 |     0.6881 |    0.5656 |   3.00e-04 |     
    2 |     0.1735 |     0.6993 |    0.5754 |     0.1794 |     0.6884 |    0.5646 |   2.95e-04 |     
    3 |     0.1551 |     0.7275 |    0.6080 |     0.1434 |     0.7519 |    0.6362 |   2.81e-04 |     
    4 |     0.1433 |     0.7455 |    0.6288 |     0.1249 |     0.7776 |    0.6670 |   2.59e-04 |     
    5 |     0.1385 |     0.7532 |    0.6372 |     0.1294 |     0.7623 |    0.6477 |   2.31e-04 |     
    6 |     0.1322 |     0.7635 |    0.6498 |     0.1199 |     0.7896 |    0.6818 |   2.00e-04 |     
    7 |     0.1269 |     0.7728 |    0.6612 |     0.1228 |     0.7847 |    0.6751 |   1.69e-04 |     
    8 |     0.1217 |     0.7793 |    0.6692 |     0.1136 |     0.7979 |    0.6923 |   1.41e-04 |     
    9 |     0.1195 |     0.7835 |    0.6745 |     0.1192 |     0.7913 |    0.6831 |   1.19e-04 |     
   10 |     0.1163 |     0.7892 |    0.6813 |     0.1168 |     0.7850 |    0.6775 |   1.05e-04 |     
   11 |     0.1403 |     0.7517 |    0.6355 |     0.1291 |     0.7743 |    0.6602 |   3.00e-04 |     
   12 |     0.1316 |     0.7641 |    0.6512 |     0.1328 |     0.7636 |    0.6512 |   2.95e-04 |     
   13 |     0.1263 |     0.7730 |    0.6610 |     0.1408 |     0.7642 |    0.6509 |   2.81e-04 |     
   14 |     0.1252 |     0.7749 |    0.6635 |     0.1187 |     0.7935 |    0.6862 |   2.59e-04 |     
   15 |     0.1216 |     0.7807 |    0.6707 |     0.1123 |     0.7925 |    0.6844 |   2.31e-04 |     
   16 |     0.1180 |     0.7858 |    0.6774 |     0.1121 |     0.7992 |    0.6935 |   2.00e-04 |     
   17 |     0.1145 |     0.7921 |    0.6845 |     0.1114 |     0.7926 |    0.6854 |   1.69e-04 |     
   18 |     0.1124 |     0.7968 |    0.6900 |     0.1102 |     0.7951 |    0.6874 |   1.41e-04 |     
   19 |     0.1090 |     0.8008 |    0.6956 |     0.1142 |     0.7864 |    0.6784 |   1.19e-04 |     
   20 |     0.1076 |     0.8033 |    0.6987 |     0.1081 |     0.8027 |    0.6994 |   1.05e-04 |     
   21 |     0.1296 |     0.7684 |    0.6551 |     0.1237 |     0.7932 |    0.6871 |   3.00e-04 |     
   22 |     0.1231 |     0.7788 |    0.6680 |     0.1142 |     0.7894 |    0.6830 |   2.95e-04 |     
   23 |     0.1186 |     0.7855 |    0.6772 |     0.1121 |     0.7973 |    0.6918 |   2.81e-04 |     
   24 |     0.1175 |     0.7876 |    0.6793 |     0.1139 |     0.7888 |    0.6777 |   2.59e-04 |     
   25 |     0.1131 |     0.7947 |    0.6877 |     0.1212 |     0.7900 |    0.6812 |   2.31e-04 |     
   26 |     0.1134 |     0.7939 |    0.6870 |     0.1299 |     0.7857 |    0.6759 |   2.00e-04 |     
   27 |     0.1086 |     0.8025 |    0.6975 |     0.1125 |     0.8038 |    0.7003 |   1.69e-04 |     
   28 |     0.1069 |     0.8047 |    0.7000 |     0.1081 |     0.8043 |    0.7013 |   1.41e-04 |     
   29 |     0.1049 |     0.8077 |    0.7042 |     0.1050 |     0.8113 |    0.7096 |   1.19e-04 |     
   30 |     0.1030 |     0.8122 |    0.7095 |     0.1044 |     0.8053 |    0.7023 |   1.05e-04 |     
   31 |     0.1188 |     0.7865 |    0.6768 |     0.1150 |     0.7858 |    0.6746 |   3.00e-04 |     
   32 |     0.1153 |     0.7911 |    0.6832 |     0.1292 |     0.7794 |    0.6715 |   2.95e-04 |     
   33 |     0.1150 |     0.7921 |    0.6843 |     0.1150 |     0.8012 |    0.6967 |   2.81e-04 |     
   34 |     0.1112 |     0.7986 |    0.6925 |     0.1107 |     0.8075 |    0.7053 |   2.59e-04 |     
   35 |     0.1107 |     0.7991 |    0.6931 |     0.1144 |     0.7942 |    0.6877 |   2.31e-04 |     
   36 |     0.1077 |     0.8042 |    0.7001 |     0.1050 |     0.8097 |    0.7081 |   2.00e-04 |     
   37 |     0.1045 |     0.8089 |    0.7059 |     0.1193 |     0.7762 |    0.6666 |   1.69e-04 |     
   38 |     0.1020 |     0.8126 |    0.7104 |     0.1119 |     0.8108 |    0.7088 |   1.41e-04 |     
   39 |     0.0996 |     0.8173 |    0.7164 |     0.1080 |     0.8134 |    0.7133 |   1.19e-04 |     
   40 |     0.0989 |     0.8176 |    0.7170 |     0.1020 |     0.8155 |    0.7161 |   1.05e-04 |     
   41 |     0.1137 |     0.7945 |    0.6866 |     0.3099 |     0.6225 |    0.4941 |   3.00e-04 |     
   42 |     0.1136 |     0.7949 |    0.6879 |     0.1140 |     0.7907 |    0.6855 |   2.95e-04 |     
   43 |     0.1107 |     0.7985 |    0.6929 |     0.1100 |     0.7960 |    0.6900 |   2.81e-04 |     
   44 |     0.1067 |     0.8051 |    0.7006 |     0.1145 |     0.7889 |    0.6807 |   2.59e-04 |     
   45 |     0.1046 |     0.8089 |    0.7049 |     0.1109 |     0.7975 |    0.6921 |   2.31e-04 |     
   46 |     0.1043 |     0.8097 |    0.7062 |     0.1059 |     0.8083 |    0.7050 |   2.00e-04 |     
   47 |     0.1006 |     0.8146 |    0.7129 |     0.1071 |     0.8097 |    0.7069 |   1.69e-04 |     
   48 |     0.0987 |     0.8184 |    0.7173 |     0.1052 |     0.8093 |    0.7088 |   1.41e-04 |     
   49 |     0.0967 |     0.8222 |    0.7221 |     0.1041 |     0.8051 |    0.7025 |   1.19e-04 |     
   50 |     0.0957 |     0.8227 |    0.7229 |     0.1066 |     0.8117 |    0.7115 |   1.05e-04 |     
   51 |     0.1108 |     0.7993 |    0.6930 |     0.1240 |     0.7902 |    0.6823 |   3.00e-04 |     
   52 |     0.1137 |     0.7958 |    0.6892 |     0.1077 |     0.7969 |    0.6895 |   2.95e-04 |     
   53 |     0.1068 |     0.8050 |    0.7002 |     0.1120 |     0.7982 |    0.6946 |   2.81e-04 |     
   54 |     0.1054 |     0.8074 |    0.7040 |     0.1211 |     0.7929 |    0.6890 |   2.59e-04 |     
   55 |     0.1047 |     0.8090 |    0.7059 |     0.1051 |     0.8113 |    0.7097 |   2.31e-04 |     
   56 |     0.1020 |     0.8132 |    0.7106 |     0.1055 |     0.7994 |    0.6918 |   2.00e-04 |     
   57 |     0.0981 |     0.8203 |    0.7194 |     0.1013 |     0.8145 |    0.7134 |   1.69e-04 |     
   58 |     0.0964 |     0.8222 |    0.7217 |     0.1015 |     0.8175 |    0.7176 |   1.41e-04 |    *
--- RACE-PE 80e validation screen: control validation statistics ---
up4: ca=0.8524+/-0.1202, sa=1.0087+/-0.0073, amp=0.0000, suppress=0.0000, guide_abs=0.2144
up4 residuals: local_mean=6.566e-02, global_mean=0.0123, local_strength=0.1129, global_strength=0.1139, gain=[0.9893,1.0530], saturation=0.1163, text_film=0.0254
up4 haar: reconstruction_error=4.768e-07, skip_low/high=0.7992/0.2008, plam_low/high=1.0000/0.0000
up4 strengths: plam=0.9099, region=0.1129, detail=0.1139; residual_std region/detail/refine=0.3622/0.4683/0.4064
up4 guide_mix: entropy=0.9816, raw_low=0.3323, plam_low=0.2449, decoder_low=0.2495, detail=0.1733; agreement plam/decoder=0.4621/0.2039, support=0.7860+/-0.1203
up4 adaptive_frequency: ALPF strength=0.2583, weights=0.1485/0.7129/0.1386, sum=1.0000, entropy=0.7251, delta_std=0.0705; AHPF strength=0.0721, weights=0.3487/0.4887/0.1627, sum=1.0000, entropy=0.9169, residual_std=0.0945, scaled_std=0.0068
up3: ca=0.9564+/-0.1632, sa=1.0111+/-0.0051, amp=0.0000, suppress=0.0000, guide_abs=0.2110
up3 residuals: local_mean=2.075e-02, global_mean=0.0715, local_strength=0.1153, global_strength=0.1221, gain=[0.9916,1.0403], saturation=0.0107, text_film=0.0408
up3 haar: reconstruction_error=9.537e-07, skip_low/high=0.7559/0.2441, plam_low/high=1.0000/0.0000
up3 strengths: plam=0.8842, region=0.1153, detail=0.1221; residual_std region/detail/refine=0.3740/0.5134/0.4403
up3 guide_mix: entropy=0.9822, raw_low=0.3105, plam_low=0.2204, decoder_low=0.2937, detail=0.1754; agreement plam/decoder=0.5511/0.2375, support=0.6592+/-0.1084
up3 adaptive_frequency: ALPF strength=0.2708, weights=0.1651/0.6270/0.2079, sum=1.0000, entropy=0.8079, delta_std=0.0647; AHPF strength=0.1206, weights=0.4196/0.2914/0.2889, sum=1.0000, entropy=0.9323, residual_std=0.1245, scaled_std=0.0150
up2: ca=0.8430+/-0.1724, sa=1.0046+/-0.0036, amp=0.0000, suppress=0.0000, guide_abs=0.4369
up2 residuals: local_mean=2.397e-03, global_mean=0.0375, local_strength=0.1309, global_strength=0.1144, gain=[0.9627,1.0484], saturation=0.0187, text_film=0.0737
up2 haar: reconstruction_error=9.537e-07, skip_low/high=0.8041/0.1959, plam_low/high=1.0000/0.0000
up2 strengths: plam=0.7740, region=0.1309, detail=0.1144; residual_std region/detail/refine=0.2256/0.3120/0.1473
up2 guide_mix: entropy=0.9571, raw_low=0.3188, plam_low=0.1887, decoder_low=0.3469, detail=0.1455; agreement plam/decoder=0.7302/0.2470, support=0.7833+/-0.0614
up1: ca=0.7864+/-0.1462, sa=1.0069+/-0.0109, amp=0.0000, suppress=0.0000, guide_abs=0.1810
up1 residuals: local_mean=4.930e-03, global_mean=0.0723, local_strength=0.1275, global_strength=0.0882, gain=[0.9155,1.0863], saturation=0.0000, text_film=0.0387
up1 haar: reconstruction_error=1.431e-06, skip_low/high=0.7280/0.2720, plam_low/high=1.0000/0.0000
up1 strengths: plam=0.8872, region=0.1275, detail=0.0882; residual_std region/detail/refine=0.2138/0.4066/0.2339
up1 guide_mix: entropy=0.9369, raw_low=0.3151, plam_low=0.1869, decoder_low=0.3786, detail=0.1194; agreement plam/decoder=0.3105/-0.2386, support=0.5957+/-0.0543

========= Epoch [59/80] =========
C4_Test_session_09.09_15h44
Training with batch size : 16
   [Train] Epoch: [59][20/357]  Loss:0.095 (Avg 0.0853) IoU:0.729 (Avg 0.7439) Dice:0.8363 (Avg 0.8416) LR 1.19e-04   (AvgTime 0.6)   
   [Train] Epoch: [59][40/357]  Loss:0.100 (Avg 0.0880) IoU:0.696 (Avg 0.7409) Dice:0.8095 (Avg 0.8386) LR 1.19e-04   (AvgTime 0.6)   
   [Train] Epoch: [59][60/357]  Loss:0.071 (Avg 0.0880) IoU:0.784 (Avg 0.7413) Dice:0.8676 (Avg 0.8386) LR 1.19e-04   (AvgTime 0.6)   
   [Train] Epoch: [59][80/357]  Loss:0.067 (Avg 0.0883) IoU:0.813 (Avg 0.7401) Dice:0.8927 (Avg 0.8377) LR 1.19e-04   (AvgTime 0.6)   
   [Train] Epoch: [59][100/357]  Loss:0.088 (Avg 0.0901) IoU:0.732 (Avg 0.7352) Dice:0.8360 (Avg 0.8335) LR 1.19e-04   (AvgTime 0.6)   
   [Train] Epoch: [59][120/357]  Loss:0.088 (Avg 0.0921) IoU:0.731 (Avg 0.7313) Dice:0.8292 (Avg 0.8300) LR 1.19e-04   (AvgTime 0.5)   
   [Train] Epoch: [59][140/357]  Loss:0.092 (Avg 0.0929) IoU:0.711 (Avg 0.7302) Dice:0.8161 (Avg 0.8288) LR 1.19e-04   (AvgTime 0.5)   
   [Train] Epoch: [59][160/357]  Loss:0.100 (Avg 0.0917) IoU:0.713 (Avg 0.7335) Dice:0.8080 (Avg 0.8313) LR 1.19e-04   (AvgTime 0.5)   
   [Train] Epoch: [59][180/357]  Loss:0.087 (Avg 0.0921) IoU:0.726 (Avg 0.7320) Dice:0.8363 (Avg 0.8302) LR 1.19e-04   (AvgTime 0.5)   
   [Train] Epoch: [59][200/357]  Loss:0.142 (Avg 0.0919) IoU:0.639 (Avg 0.7326) Dice:0.7550 (Avg 0.8307) LR 1.19e-04   (AvgTime 0.5)   
   [Train] Epoch: [59][220/357]  Loss:0.068 (Avg 0.0927) IoU:0.793 (Avg 0.7305) Dice:0.8790 (Avg 0.8290) LR 1.19e-04   (AvgTime 0.5)   
   [Train] Epoch: [59][240/357]  Loss:0.105 (Avg 0.0926) IoU:0.738 (Avg 0.7309) Dice:0.8411 (Avg 0.8293) LR 1.19e-04   (AvgTime 0.5)   
   [Train] Epoch: [59][260/357]  Loss:0.086 (Avg 0.0928) IoU:0.729 (Avg 0.7303) Dice:0.8317 (Avg 0.8288) LR 1.19e-04   (AvgTime 0.5)   
   [Train] Epoch: [59][280/357]  Loss:0.086 (Avg 0.0936) IoU:0.765 (Avg 0.7288) Dice:0.8439 (Avg 0.8273) LR 1.19e-04   (AvgTime 0.5)   
   [Train] Epoch: [59][300/357]  Loss:0.117 (Avg 0.0938) IoU:0.673 (Avg 0.7279) Dice:0.7707 (Avg 0.8266) LR 1.19e-04   (AvgTime 0.5)   
   [Train] Epoch: [59][320/357]  Loss:0.106 (Avg 0.0939) IoU:0.713 (Avg 0.7280) Dice:0.8224 (Avg 0.8267) LR 1.19e-04   (AvgTime 0.5)   
   [Train] Epoch: [59][340/357]  Loss:0.094 (Avg 0.0939) IoU:0.723 (Avg 0.7280) Dice:0.8281 (Avg 0.8267) LR 1.19e-04   (AvgTime 0.5)   
   [Train] Epoch: [59][357/357]  Loss:0.116 (Avg 0.0940) IoU:0.669 (Avg 0.7280) Dice:0.7775 (Avg 0.8267) LR 1.19e-04   (AvgTime 0.5)   
   [Train] Loss components: dice=0.148666, focal=0.039239, total=0.093953
Validation
   [Val] Epoch: [59][20/90]  Loss:0.125 (Avg 0.1025) IoU:0.672 (Avg 0.7218) Dice:0.7898 (Avg 0.8239) (AvgTime 0.3)   
   [Val] Epoch: [59][40/90]  Loss:0.089 (Avg 0.1079) IoU:0.730 (Avg 0.7068) Dice:0.8342 (Avg 0.8103) (AvgTime 0.2)   
   [Val] Epoch: [59][60/90]  Loss:0.132 (Avg 0.1016) IoU:0.651 (Avg 0.7164) Dice:0.7590 (Avg 0.8169) (AvgTime 0.2)   
   [Val] Epoch: [59][80/90]  Loss:0.089 (Avg 0.1006) IoU:0.733 (Avg 0.7148) Dice:0.8289 (Avg 0.8159) (AvgTime 0.2)   
   [Val] Epoch: [59][90/90]  Loss:0.112 (Avg 0.1005) IoU:0.659 (Avg 0.7155) Dice:0.7814 (Avg 0.8165) (AvgTime 0.2)   
   [Val] Loss components: dice=0.155907, focal=0.044998, total=0.100452
	 No iou improvement; selected epoch 58
	 early_stopping_count: 1/80
--- Epoch History (1..59) ---
Epoch |  TrainLoss |  TrainDice |  TrainIoU |    ValLoss |    ValDice |    ValIoU |         LR | Best
    1 |     0.2379 |     0.6073 |    0.4776 |     0.1928 |     0.6881 |    0.5656 |   3.00e-04 |     
    2 |     0.1735 |     0.6993 |    0.5754 |     0.1794 |     0.6884 |    0.5646 |   2.95e-04 |     
    3 |     0.1551 |     0.7275 |    0.6080 |     0.1434 |     0.7519 |    0.6362 |   2.81e-04 |     
    4 |     0.1433 |     0.7455 |    0.6288 |     0.1249 |     0.7776 |    0.6670 |   2.59e-04 |     
    5 |     0.1385 |     0.7532 |    0.6372 |     0.1294 |     0.7623 |    0.6477 |   2.31e-04 |     
    6 |     0.1322 |     0.7635 |    0.6498 |     0.1199 |     0.7896 |    0.6818 |   2.00e-04 |     
    7 |     0.1269 |     0.7728 |    0.6612 |     0.1228 |     0.7847 |    0.6751 |   1.69e-04 |     
    8 |     0.1217 |     0.7793 |    0.6692 |     0.1136 |     0.7979 |    0.6923 |   1.41e-04 |     
    9 |     0.1195 |     0.7835 |    0.6745 |     0.1192 |     0.7913 |    0.6831 |   1.19e-04 |     
   10 |     0.1163 |     0.7892 |    0.6813 |     0.1168 |     0.7850 |    0.6775 |   1.05e-04 |     
   11 |     0.1403 |     0.7517 |    0.6355 |     0.1291 |     0.7743 |    0.6602 |   3.00e-04 |     
   12 |     0.1316 |     0.7641 |    0.6512 |     0.1328 |     0.7636 |    0.6512 |   2.95e-04 |     
   13 |     0.1263 |     0.7730 |    0.6610 |     0.1408 |     0.7642 |    0.6509 |   2.81e-04 |     
   14 |     0.1252 |     0.7749 |    0.6635 |     0.1187 |     0.7935 |    0.6862 |   2.59e-04 |     
   15 |     0.1216 |     0.7807 |    0.6707 |     0.1123 |     0.7925 |    0.6844 |   2.31e-04 |     
   16 |     0.1180 |     0.7858 |    0.6774 |     0.1121 |     0.7992 |    0.6935 |   2.00e-04 |     
   17 |     0.1145 |     0.7921 |    0.6845 |     0.1114 |     0.7926 |    0.6854 |   1.69e-04 |     
   18 |     0.1124 |     0.7968 |    0.6900 |     0.1102 |     0.7951 |    0.6874 |   1.41e-04 |     
   19 |     0.1090 |     0.8008 |    0.6956 |     0.1142 |     0.7864 |    0.6784 |   1.19e-04 |     
   20 |     0.1076 |     0.8033 |    0.6987 |     0.1081 |     0.8027 |    0.6994 |   1.05e-04 |     
   21 |     0.1296 |     0.7684 |    0.6551 |     0.1237 |     0.7932 |    0.6871 |   3.00e-04 |     
   22 |     0.1231 |     0.7788 |    0.6680 |     0.1142 |     0.7894 |    0.6830 |   2.95e-04 |     
   23 |     0.1186 |     0.7855 |    0.6772 |     0.1121 |     0.7973 |    0.6918 |   2.81e-04 |     
   24 |     0.1175 |     0.7876 |    0.6793 |     0.1139 |     0.7888 |    0.6777 |   2.59e-04 |     
   25 |     0.1131 |     0.7947 |    0.6877 |     0.1212 |     0.7900 |    0.6812 |   2.31e-04 |     
   26 |     0.1134 |     0.7939 |    0.6870 |     0.1299 |     0.7857 |    0.6759 |   2.00e-04 |     
   27 |     0.1086 |     0.8025 |    0.6975 |     0.1125 |     0.8038 |    0.7003 |   1.69e-04 |     
   28 |     0.1069 |     0.8047 |    0.7000 |     0.1081 |     0.8043 |    0.7013 |   1.41e-04 |     
   29 |     0.1049 |     0.8077 |    0.7042 |     0.1050 |     0.8113 |    0.7096 |   1.19e-04 |     
   30 |     0.1030 |     0.8122 |    0.7095 |     0.1044 |     0.8053 |    0.7023 |   1.05e-04 |     
   31 |     0.1188 |     0.7865 |    0.6768 |     0.1150 |     0.7858 |    0.6746 |   3.00e-04 |     
   32 |     0.1153 |     0.7911 |    0.6832 |     0.1292 |     0.7794 |    0.6715 |   2.95e-04 |     
   33 |     0.1150 |     0.7921 |    0.6843 |     0.1150 |     0.8012 |    0.6967 |   2.81e-04 |     
   34 |     0.1112 |     0.7986 |    0.6925 |     0.1107 |     0.8075 |    0.7053 |   2.59e-04 |     
   35 |     0.1107 |     0.7991 |    0.6931 |     0.1144 |     0.7942 |    0.6877 |   2.31e-04 |     
   36 |     0.1077 |     0.8042 |    0.7001 |     0.1050 |     0.8097 |    0.7081 |   2.00e-04 |     
   37 |     0.1045 |     0.8089 |    0.7059 |     0.1193 |     0.7762 |    0.6666 |   1.69e-04 |     
   38 |     0.1020 |     0.8126 |    0.7104 |     0.1119 |     0.8108 |    0.7088 |   1.41e-04 |     
   39 |     0.0996 |     0.8173 |    0.7164 |     0.1080 |     0.8134 |    0.7133 |   1.19e-04 |     
   40 |     0.0989 |     0.8176 |    0.7170 |     0.1020 |     0.8155 |    0.7161 |   1.05e-04 |     
   41 |     0.1137 |     0.7945 |    0.6866 |     0.3099 |     0.6225 |    0.4941 |   3.00e-04 |     
   42 |     0.1136 |     0.7949 |    0.6879 |     0.1140 |     0.7907 |    0.6855 |   2.95e-04 |     
   43 |     0.1107 |     0.7985 |    0.6929 |     0.1100 |     0.7960 |    0.6900 |   2.81e-04 |     
   44 |     0.1067 |     0.8051 |    0.7006 |     0.1145 |     0.7889 |    0.6807 |   2.59e-04 |     
   45 |     0.1046 |     0.8089 |    0.7049 |     0.1109 |     0.7975 |    0.6921 |   2.31e-04 |     
   46 |     0.1043 |     0.8097 |    0.7062 |     0.1059 |     0.8083 |    0.7050 |   2.00e-04 |     
   47 |     0.1006 |     0.8146 |    0.7129 |     0.1071 |     0.8097 |    0.7069 |   1.69e-04 |     
   48 |     0.0987 |     0.8184 |    0.7173 |     0.1052 |     0.8093 |    0.7088 |   1.41e-04 |     
   49 |     0.0967 |     0.8222 |    0.7221 |     0.1041 |     0.8051 |    0.7025 |   1.19e-04 |     
   50 |     0.0957 |     0.8227 |    0.7229 |     0.1066 |     0.8117 |    0.7115 |   1.05e-04 |     
   51 |     0.1108 |     0.7993 |    0.6930 |     0.1240 |     0.7902 |    0.6823 |   3.00e-04 |     
   52 |     0.1137 |     0.7958 |    0.6892 |     0.1077 |     0.7969 |    0.6895 |   2.95e-04 |     
   53 |     0.1068 |     0.8050 |    0.7002 |     0.1120 |     0.7982 |    0.6946 |   2.81e-04 |     
   54 |     0.1054 |     0.8074 |    0.7040 |     0.1211 |     0.7929 |    0.6890 |   2.59e-04 |     
   55 |     0.1047 |     0.8090 |    0.7059 |     0.1051 |     0.8113 |    0.7097 |   2.31e-04 |     
   56 |     0.1020 |     0.8132 |    0.7106 |     0.1055 |     0.7994 |    0.6918 |   2.00e-04 |     
   57 |     0.0981 |     0.8203 |    0.7194 |     0.1013 |     0.8145 |    0.7134 |   1.69e-04 |     
   58 |     0.0964 |     0.8222 |    0.7217 |     0.1015 |     0.8175 |    0.7176 |   1.41e-04 |    *
   59 |     0.0940 |     0.8267 |    0.7280 |     0.1005 |     0.8165 |    0.7155 |   1.19e-04 |     
--- RACE-PE 80e validation screen: control validation statistics ---
up4: ca=0.8559+/-0.1155, sa=1.0084+/-0.0070, amp=0.0000, suppress=0.0000, guide_abs=0.2132
up4 residuals: local_mean=6.418e-02, global_mean=0.0110, local_strength=0.1128, global_strength=0.1140, gain=[0.9863,1.0489], saturation=0.0837, text_film=0.0244
up4 haar: reconstruction_error=4.768e-07, skip_low/high=0.7995/0.2005, plam_low/high=1.0000/0.0000
up4 strengths: plam=0.9097, region=0.1128, detail=0.1140; residual_std region/detail/refine=0.3583/0.4562/0.3972
up4 guide_mix: entropy=0.9813, raw_low=0.3320, plam_low=0.2417, decoder_low=0.2541, detail=0.1723; agreement plam/decoder=0.4135/0.2085, support=0.7667+/-0.1201
up4 adaptive_frequency: ALPF strength=0.2586, weights=0.1485/0.7142/0.1374, sum=1.0000, entropy=0.7230, delta_std=0.0710; AHPF strength=0.0721, weights=0.3488/0.4892/0.1620, sum=1.0000, entropy=0.9169, residual_std=0.0930, scaled_std=0.0067
up3: ca=0.9642+/-0.1550, sa=1.0110+/-0.0049, amp=0.0000, suppress=0.0000, guide_abs=0.1958
up3 residuals: local_mean=2.212e-02, global_mean=0.0691, local_strength=0.1153, global_strength=0.1221, gain=[0.9929,1.0380], saturation=0.0143, text_film=0.0402
up3 haar: reconstruction_error=9.537e-07, skip_low/high=0.7548/0.2452, plam_low/high=1.0000/0.0000
up3 strengths: plam=0.8837, region=0.1153, detail=0.1221; residual_std region/detail/refine=0.4030/0.5004/0.4269
up3 guide_mix: entropy=0.9823, raw_low=0.3126, plam_low=0.2199, decoder_low=0.2912, detail=0.1763; agreement plam/decoder=0.4782/0.2326, support=0.6609+/-0.1100
up3 adaptive_frequency: ALPF strength=0.2712, weights=0.1280/0.5325/0.3394, sum=1.0000, entropy=0.8139, delta_std=0.0692; AHPF strength=0.1206, weights=0.5740/0.2243/0.2017, sum=1.0000, entropy=0.8140, residual_std=0.0940, scaled_std=0.0113
up2: ca=0.8392+/-0.1339, sa=1.0045+/-0.0033, amp=0.0000, suppress=0.0000, guide_abs=0.4148
up2 residuals: local_mean=3.254e-03, global_mean=0.0358, local_strength=0.1309, global_strength=0.1144, gain=[0.9655,1.0437], saturation=0.0119, text_film=0.0735
up2 haar: reconstruction_error=1.073e-06, skip_low/high=0.8066/0.1934, plam_low/high=1.0000/0.0000
up2 strengths: plam=0.7730, region=0.1309, detail=0.1144; residual_std region/detail/refine=0.2390/0.2978/0.1418
up2 guide_mix: entropy=0.9569, raw_low=0.3192, plam_low=0.1877, decoder_low=0.3473, detail=0.1458; agreement plam/decoder=0.7211/0.2485, support=0.7615+/-0.0647
up1: ca=0.8088+/-0.1347, sa=1.0068+/-0.0109, amp=0.0000, suppress=0.0000, guide_abs=0.1961
up1 residuals: local_mean=3.526e-03, global_mean=0.0729, local_strength=0.1276, global_strength=0.0881, gain=[0.9159,1.0860], saturation=0.0000, text_film=0.0391
up1 haar: reconstruction_error=1.431e-06, skip_low/high=0.7352/0.2648, plam_low/high=1.0000/0.0000
up1 strengths: plam=0.8865, region=0.1276, detail=0.0881; residual_std region/detail/refine=0.2181/0.4055/0.2350
up1 guide_mix: entropy=0.9366, raw_low=0.3260, plam_low=0.1796, decoder_low=0.3723, detail=0.1221; agreement plam/decoder=0.3092/-0.1768, support=0.6010+/-0.0567

========= Epoch [60/80] =========
C4_Test_session_09.09_15h44
Training with batch size : 16
   [Train] Epoch: [60][20/357]  Loss:0.079 (Avg 0.0888) IoU:0.745 (Avg 0.7348) Dice:0.8448 (Avg 0.8325) LR 1.05e-04   (AvgTime 0.6)   
   [Train] Epoch: [60][40/357]  Loss:0.078 (Avg 0.0894) IoU:0.760 (Avg 0.7325) Dice:0.8501 (Avg 0.8308) LR 1.05e-04   (AvgTime 0.6)   
   [Train] Epoch: [60][60/357]  Loss:0.095 (Avg 0.0906) IoU:0.708 (Avg 0.7306) Dice:0.8222 (Avg 0.8293) LR 1.05e-04   (AvgTime 0.6)   
   [Train] Epoch: [60][80/357]  Loss:0.075 (Avg 0.0917) IoU:0.774 (Avg 0.7292) Dice:0.8641 (Avg 0.8281) LR 1.05e-04   (AvgTime 0.6)   
   [Train] Epoch: [60][100/357]  Loss:0.063 (Avg 0.0924) IoU:0.813 (Avg 0.7289) Dice:0.8901 (Avg 0.8278) LR 1.05e-04   (AvgTime 0.6)   
   [Train] Epoch: [60][120/357]  Loss:0.076 (Avg 0.0937) IoU:0.754 (Avg 0.7264) Dice:0.8539 (Avg 0.8261) LR 1.05e-04   (AvgTime 0.6)   
   [Train] Epoch: [60][140/357]  Loss:0.084 (Avg 0.0933) IoU:0.752 (Avg 0.7279) Dice:0.8499 (Avg 0.8271) LR 1.05e-04   (AvgTime 0.6)   
   [Train] Epoch: [60][160/357]  Loss:0.090 (Avg 0.0932) IoU:0.732 (Avg 0.7278) Dice:0.8319 (Avg 0.8271) LR 1.05e-04   (AvgTime 0.6)   
   [Train] Epoch: [60][180/357]  Loss:0.075 (Avg 0.0921) IoU:0.778 (Avg 0.7304) Dice:0.8610 (Avg 0.8292) LR 1.05e-04   (AvgTime 0.6)   
   [Train] Epoch: [60][200/357]  Loss:0.067 (Avg 0.0919) IoU:0.815 (Avg 0.7307) Dice:0.8936 (Avg 0.8295) LR 1.05e-04   (AvgTime 0.6)   
   [Train] Epoch: [60][220/357]  Loss:0.086 (Avg 0.0924) IoU:0.730 (Avg 0.7294) Dice:0.8338 (Avg 0.8285) LR 1.05e-04   (AvgTime 0.6)   
   [Train] Epoch: [60][240/357]  Loss:0.121 (Avg 0.0925) IoU:0.658 (Avg 0.7291) Dice:0.7771 (Avg 0.8284) LR 1.05e-04   (AvgTime 0.6)   
   [Train] Epoch: [60][260/357]  Loss:0.140 (Avg 0.0922) IoU:0.608 (Avg 0.7300) Dice:0.7236 (Avg 0.8287) LR 1.05e-04   (AvgTime 0.6)   
   [Train] Epoch: [60][280/357]  Loss:0.098 (Avg 0.0923) IoU:0.685 (Avg 0.7297) Dice:0.8041 (Avg 0.8285) LR 1.05e-04   (AvgTime 0.6)   
   [Train] Epoch: [60][300/357]  Loss:0.076 (Avg 0.0919) IoU:0.752 (Avg 0.7305) Dice:0.8534 (Avg 0.8292) LR 1.05e-04   (AvgTime 0.6)   
   [Train] Epoch: [60][320/357]  Loss:0.109 (Avg 0.0921) IoU:0.694 (Avg 0.7302) Dice:0.8053 (Avg 0.8290) LR 1.05e-04   (AvgTime 0.6)   
   [Train] Epoch: [60][340/357]  Loss:0.098 (Avg 0.0919) IoU:0.739 (Avg 0.7309) Dice:0.8290 (Avg 0.8296) LR 1.05e-04   (AvgTime 0.6)   
   [Train] Epoch: [60][357/357]  Loss:0.098 (Avg 0.0920) IoU:0.739 (Avg 0.7310) Dice:0.8348 (Avg 0.8294) LR 1.05e-04   (AvgTime 0.6)   
   [Train] Loss components: dice=0.145699, focal=0.038378, total=0.092039
Validation
   [Val] Epoch: [60][20/90]  Loss:0.139 (Avg 0.1063) IoU:0.645 (Avg 0.7154) Dice:0.7702 (Avg 0.8194) (AvgTime 0.3)   
   [Val] Epoch: [60][40/90]  Loss:0.102 (Avg 0.1096) IoU:0.701 (Avg 0.7040) Dice:0.8118 (Avg 0.8088) (AvgTime 0.2)   
   [Val] Epoch: [60][60/90]  Loss:0.134 (Avg 0.1040) IoU:0.647 (Avg 0.7127) Dice:0.7521 (Avg 0.8142) (AvgTime 0.2)   
   [Val] Epoch: [60][80/90]  Loss:0.096 (Avg 0.1042) IoU:0.712 (Avg 0.7100) Dice:0.8152 (Avg 0.8115) (AvgTime 0.2)   
   [Val] Epoch: [60][90/90]  Loss:0.130 (Avg 0.1036) IoU:0.646 (Avg 0.7116) Dice:0.7677 (Avg 0.8130) (AvgTime 0.2)   
   [Val] Loss components: dice=0.159052, focal=0.048141, total=0.103596
	 No iou improvement; selected epoch 58
	 early_stopping_count: 2/80
--- Epoch History (1..60) ---
Epoch |  TrainLoss |  TrainDice |  TrainIoU |    ValLoss |    ValDice |    ValIoU |         LR | Best
    1 |     0.2379 |     0.6073 |    0.4776 |     0.1928 |     0.6881 |    0.5656 |   3.00e-04 |     
    2 |     0.1735 |     0.6993 |    0.5754 |     0.1794 |     0.6884 |    0.5646 |   2.95e-04 |     
    3 |     0.1551 |     0.7275 |    0.6080 |     0.1434 |     0.7519 |    0.6362 |   2.81e-04 |     
    4 |     0.1433 |     0.7455 |    0.6288 |     0.1249 |     0.7776 |    0.6670 |   2.59e-04 |     
    5 |     0.1385 |     0.7532 |    0.6372 |     0.1294 |     0.7623 |    0.6477 |   2.31e-04 |     
    6 |     0.1322 |     0.7635 |    0.6498 |     0.1199 |     0.7896 |    0.6818 |   2.00e-04 |     
    7 |     0.1269 |     0.7728 |    0.6612 |     0.1228 |     0.7847 |    0.6751 |   1.69e-04 |     
    8 |     0.1217 |     0.7793 |    0.6692 |     0.1136 |     0.7979 |    0.6923 |   1.41e-04 |     
    9 |     0.1195 |     0.7835 |    0.6745 |     0.1192 |     0.7913 |    0.6831 |   1.19e-04 |     
   10 |     0.1163 |     0.7892 |    0.6813 |     0.1168 |     0.7850 |    0.6775 |   1.05e-04 |     
   11 |     0.1403 |     0.7517 |    0.6355 |     0.1291 |     0.7743 |    0.6602 |   3.00e-04 |     
   12 |     0.1316 |     0.7641 |    0.6512 |     0.1328 |     0.7636 |    0.6512 |   2.95e-04 |     
   13 |     0.1263 |     0.7730 |    0.6610 |     0.1408 |     0.7642 |    0.6509 |   2.81e-04 |     
   14 |     0.1252 |     0.7749 |    0.6635 |     0.1187 |     0.7935 |    0.6862 |   2.59e-04 |     
   15 |     0.1216 |     0.7807 |    0.6707 |     0.1123 |     0.7925 |    0.6844 |   2.31e-04 |     
   16 |     0.1180 |     0.7858 |    0.6774 |     0.1121 |     0.7992 |    0.6935 |   2.00e-04 |     
   17 |     0.1145 |     0.7921 |    0.6845 |     0.1114 |     0.7926 |    0.6854 |   1.69e-04 |     
   18 |     0.1124 |     0.7968 |    0.6900 |     0.1102 |     0.7951 |    0.6874 |   1.41e-04 |     
   19 |     0.1090 |     0.8008 |    0.6956 |     0.1142 |     0.7864 |    0.6784 |   1.19e-04 |     
   20 |     0.1076 |     0.8033 |    0.6987 |     0.1081 |     0.8027 |    0.6994 |   1.05e-04 |     
   21 |     0.1296 |     0.7684 |    0.6551 |     0.1237 |     0.7932 |    0.6871 |   3.00e-04 |     
   22 |     0.1231 |     0.7788 |    0.6680 |     0.1142 |     0.7894 |    0.6830 |   2.95e-04 |     
   23 |     0.1186 |     0.7855 |    0.6772 |     0.1121 |     0.7973 |    0.6918 |   2.81e-04 |     
   24 |     0.1175 |     0.7876 |    0.6793 |     0.1139 |     0.7888 |    0.6777 |   2.59e-04 |     
   25 |     0.1131 |     0.7947 |    0.6877 |     0.1212 |     0.7900 |    0.6812 |   2.31e-04 |     
   26 |     0.1134 |     0.7939 |    0.6870 |     0.1299 |     0.7857 |    0.6759 |   2.00e-04 |     
   27 |     0.1086 |     0.8025 |    0.6975 |     0.1125 |     0.8038 |    0.7003 |   1.69e-04 |     
   28 |     0.1069 |     0.8047 |    0.7000 |     0.1081 |     0.8043 |    0.7013 |   1.41e-04 |     
   29 |     0.1049 |     0.8077 |    0.7042 |     0.1050 |     0.8113 |    0.7096 |   1.19e-04 |     
   30 |     0.1030 |     0.8122 |    0.7095 |     0.1044 |     0.8053 |    0.7023 |   1.05e-04 |     
   31 |     0.1188 |     0.7865 |    0.6768 |     0.1150 |     0.7858 |    0.6746 |   3.00e-04 |     
   32 |     0.1153 |     0.7911 |    0.6832 |     0.1292 |     0.7794 |    0.6715 |   2.95e-04 |     
   33 |     0.1150 |     0.7921 |    0.6843 |     0.1150 |     0.8012 |    0.6967 |   2.81e-04 |     
   34 |     0.1112 |     0.7986 |    0.6925 |     0.1107 |     0.8075 |    0.7053 |   2.59e-04 |     
   35 |     0.1107 |     0.7991 |    0.6931 |     0.1144 |     0.7942 |    0.6877 |   2.31e-04 |     
   36 |     0.1077 |     0.8042 |    0.7001 |     0.1050 |     0.8097 |    0.7081 |   2.00e-04 |     
   37 |     0.1045 |     0.8089 |    0.7059 |     0.1193 |     0.7762 |    0.6666 |   1.69e-04 |     
   38 |     0.1020 |     0.8126 |    0.7104 |     0.1119 |     0.8108 |    0.7088 |   1.41e-04 |     
   39 |     0.0996 |     0.8173 |    0.7164 |     0.1080 |     0.8134 |    0.7133 |   1.19e-04 |     
   40 |     0.0989 |     0.8176 |    0.7170 |     0.1020 |     0.8155 |    0.7161 |   1.05e-04 |     
   41 |     0.1137 |     0.7945 |    0.6866 |     0.3099 |     0.6225 |    0.4941 |   3.00e-04 |     
   42 |     0.1136 |     0.7949 |    0.6879 |     0.1140 |     0.7907 |    0.6855 |   2.95e-04 |     
   43 |     0.1107 |     0.7985 |    0.6929 |     0.1100 |     0.7960 |    0.6900 |   2.81e-04 |     
   44 |     0.1067 |     0.8051 |    0.7006 |     0.1145 |     0.7889 |    0.6807 |   2.59e-04 |     
   45 |     0.1046 |     0.8089 |    0.7049 |     0.1109 |     0.7975 |    0.6921 |   2.31e-04 |     
   46 |     0.1043 |     0.8097 |    0.7062 |     0.1059 |     0.8083 |    0.7050 |   2.00e-04 |     
   47 |     0.1006 |     0.8146 |    0.7129 |     0.1071 |     0.8097 |    0.7069 |   1.69e-04 |     
   48 |     0.0987 |     0.8184 |    0.7173 |     0.1052 |     0.8093 |    0.7088 |   1.41e-04 |     
   49 |     0.0967 |     0.8222 |    0.7221 |     0.1041 |     0.8051 |    0.7025 |   1.19e-04 |     
   50 |     0.0957 |     0.8227 |    0.7229 |     0.1066 |     0.8117 |    0.7115 |   1.05e-04 |     
   51 |     0.1108 |     0.7993 |    0.6930 |     0.1240 |     0.7902 |    0.6823 |   3.00e-04 |     
   52 |     0.1137 |     0.7958 |    0.6892 |     0.1077 |     0.7969 |    0.6895 |   2.95e-04 |     
   53 |     0.1068 |     0.8050 |    0.7002 |     0.1120 |     0.7982 |    0.6946 |   2.81e-04 |     
   54 |     0.1054 |     0.8074 |    0.7040 |     0.1211 |     0.7929 |    0.6890 |   2.59e-04 |     
   55 |     0.1047 |     0.8090 |    0.7059 |     0.1051 |     0.8113 |    0.7097 |   2.31e-04 |     
   56 |     0.1020 |     0.8132 |    0.7106 |     0.1055 |     0.7994 |    0.6918 |   2.00e-04 |     
   57 |     0.0981 |     0.8203 |    0.7194 |     0.1013 |     0.8145 |    0.7134 |   1.69e-04 |     
   58 |     0.0964 |     0.8222 |    0.7217 |     0.1015 |     0.8175 |    0.7176 |   1.41e-04 |    *
   59 |     0.0940 |     0.8267 |    0.7280 |     0.1005 |     0.8165 |    0.7155 |   1.19e-04 |     
   60 |     0.0920 |     0.8294 |    0.7310 |     0.1036 |     0.8130 |    0.7116 |   1.05e-04 |     
--- RACE-PE 80e validation screen: control validation statistics ---
up4: ca=0.8603+/-0.1100, sa=1.0086+/-0.0071, amp=0.0000, suppress=0.0000, guide_abs=0.2035
up4 residuals: local_mean=6.452e-02, global_mean=0.0118, local_strength=0.1129, global_strength=0.1141, gain=[0.9879,1.0482], saturation=0.0929, text_film=0.0246
up4 haar: reconstruction_error=7.153e-07, skip_low/high=0.7985/0.2015, plam_low/high=1.0000/0.0000
up4 strengths: plam=0.9097, region=0.1129, detail=0.1141; residual_std region/detail/refine=0.3554/0.4545/0.3954
up4 guide_mix: entropy=0.9818, raw_low=0.3268, plam_low=0.2545, decoder_low=0.2486, detail=0.1700; agreement plam/decoder=0.3859/0.1965, support=0.7708+/-0.1208
up4 adaptive_frequency: ALPF strength=0.2588, weights=0.1422/0.7182/0.1395, sum=1.0000, entropy=0.7166, delta_std=0.0715; AHPF strength=0.0720, weights=0.3522/0.4868/0.1610, sum=1.0000, entropy=0.9172, residual_std=0.0935, scaled_std=0.0067
up3: ca=0.9601+/-0.1524, sa=1.0110+/-0.0049, amp=0.0000, suppress=0.0000, guide_abs=0.1961
up3 residuals: local_mean=2.158e-02, global_mean=0.0697, local_strength=0.1153, global_strength=0.1222, gain=[0.9921,1.0359], saturation=0.0133, text_film=0.0385
up3 haar: reconstruction_error=9.537e-07, skip_low/high=0.7494/0.2506, plam_low/high=1.0000/0.0000
up3 strengths: plam=0.8832, region=0.1153, detail=0.1222; residual_std region/detail/refine=0.4001/0.4978/0.4202
up3 guide_mix: entropy=0.9842, raw_low=0.3126, plam_low=0.2260, decoder_low=0.2829, detail=0.1785; agreement plam/decoder=0.3939/0.2838, support=0.6584+/-0.1061
up3 adaptive_frequency: ALPF strength=0.2718, weights=0.0937/0.4566/0.4498, sum=1.0000, entropy=0.7311, delta_std=0.0708; AHPF strength=0.1208, weights=0.6172/0.2008/0.1820, sum=1.0000, entropy=0.7681, residual_std=0.0872, scaled_std=0.0105
up2: ca=0.8559+/-0.1367, sa=1.0044+/-0.0036, amp=0.0000, suppress=0.0000, guide_abs=0.3968
up2 residuals: local_mean=2.923e-03, global_mean=0.0355, local_strength=0.1309, global_strength=0.1144, gain=[0.9669,1.0438], saturation=0.0096, text_film=0.0694
up2 haar: reconstruction_error=1.192e-06, skip_low/high=0.7964/0.2036, plam_low/high=1.0000/0.0000
up2 strengths: plam=0.7721, region=0.1309, detail=0.1144; residual_std region/detail/refine=0.2277/0.3081/0.1381
up2 guide_mix: entropy=0.9625, raw_low=0.3222, plam_low=0.1900, decoder_low=0.3345, detail=0.1533; agreement plam/decoder=0.7533/0.2597, support=0.7577+/-0.0635
up1: ca=0.8140+/-0.1346, sa=1.0068+/-0.0109, amp=0.0000, suppress=0.0000, guide_abs=0.1902
up1 residuals: local_mean=3.337e-03, global_mean=0.0737, local_strength=0.1277, global_strength=0.0880, gain=[0.9157,1.0861], saturation=0.0000, text_film=0.0375
up1 haar: reconstruction_error=1.907e-06, skip_low/high=0.7224/0.2776, plam_low/high=1.0000/0.0000
up1 strengths: plam=0.8861, region=0.1277, detail=0.0880; residual_std region/detail/refine=0.2262/0.4057/0.2363
up1 guide_mix: entropy=0.9440, raw_low=0.2988, plam_low=0.2083, decoder_low=0.3741, detail=0.1188; agreement plam/decoder=0.2647/-0.1427, support=0.5991+/-0.0561

========= Epoch [61/80] =========
C4_Test_session_09.09_15h44
Training with batch size : 16
   [Train] Epoch: [61][20/357]  Loss:0.076 (Avg 0.0966) IoU:0.770 (Avg 0.7186) Dice:0.8654 (Avg 0.8195) LR 3.00e-04   (AvgTime 0.6)   
   [Train] Epoch: [61][40/357]  Loss:0.100 (Avg 0.0967) IoU:0.730 (Avg 0.7182) Dice:0.8341 (Avg 0.8211) LR 3.00e-04   (AvgTime 0.6)   
   [Train] Epoch: [61][60/357]  Loss:0.130 (Avg 0.0982) IoU:0.663 (Avg 0.7165) Dice:0.7629 (Avg 0.8195) LR 3.00e-04   (AvgTime 0.6)   
   [Train] Epoch: [61][80/357]  Loss:0.130 (Avg 0.0993) IoU:0.671 (Avg 0.7156) Dice:0.7895 (Avg 0.8188) LR 3.00e-04   (AvgTime 0.6)   
   [Train] Epoch: [61][100/357]  Loss:0.117 (Avg 0.1019) IoU:0.675 (Avg 0.7120) Dice:0.7817 (Avg 0.8151) LR 3.00e-04   (AvgTime 0.5)   
   [Train] Epoch: [61][120/357]  Loss:0.158 (Avg 0.1054) IoU:0.611 (Avg 0.7066) Dice:0.7294 (Avg 0.8106) LR 3.00e-04   (AvgTime 0.5)   
   [Train] Epoch: [61][140/357]  Loss:0.133 (Avg 0.1067) IoU:0.617 (Avg 0.7035) Dice:0.7452 (Avg 0.8079) LR 3.00e-04   (AvgTime 0.5)   
   [Train] Epoch: [61][160/357]  Loss:0.114 (Avg 0.1078) IoU:0.678 (Avg 0.7006) Dice:0.7860 (Avg 0.8056) LR 3.00e-04   (AvgTime 0.5)   
   [Train] Epoch: [61][180/357]  Loss:0.143 (Avg 0.1081) IoU:0.620 (Avg 0.7006) Dice:0.7336 (Avg 0.8053) LR 3.00e-04   (AvgTime 0.5)   
   [Train] Epoch: [61][200/357]  Loss:0.095 (Avg 0.1091) IoU:0.717 (Avg 0.6980) Dice:0.8229 (Avg 0.8031) LR 3.00e-04   (AvgTime 0.5)   
   [Train] Epoch: [61][220/357]  Loss:0.104 (Avg 0.1082) IoU:0.702 (Avg 0.7003) Dice:0.7958 (Avg 0.8049) LR 3.00e-04   (AvgTime 0.5)   
   [Train] Epoch: [61][240/357]  Loss:0.139 (Avg 0.1084) IoU:0.606 (Avg 0.6996) Dice:0.7285 (Avg 0.8044) LR 3.00e-04   (AvgTime 0.5)   
   [Train] Epoch: [61][260/357]  Loss:0.094 (Avg 0.1087) IoU:0.708 (Avg 0.6985) Dice:0.8191 (Avg 0.8037) LR 3.00e-04   (AvgTime 0.5)   
   [Train] Epoch: [61][280/357]  Loss:0.091 (Avg 0.1085) IoU:0.724 (Avg 0.6988) Dice:0.8321 (Avg 0.8038) LR 3.00e-04   (AvgTime 0.5)   
   [Train] Epoch: [61][300/357]  Loss:0.147 (Avg 0.1084) IoU:0.603 (Avg 0.6987) Dice:0.7262 (Avg 0.8037) LR 3.00e-04   (AvgTime 0.5)   
   [Train] Epoch: [61][320/357]  Loss:0.106 (Avg 0.1089) IoU:0.719 (Avg 0.6977) Dice:0.8185 (Avg 0.8027) LR 3.00e-04   (AvgTime 0.5)   
   [Train] Epoch: [61][340/357]  Loss:0.093 (Avg 0.1088) IoU:0.741 (Avg 0.6980) Dice:0.8344 (Avg 0.8030) LR 3.00e-04   (AvgTime 0.5)   
   [Train] Epoch: [61][357/357]  Loss:0.101 (Avg 0.1090) IoU:0.698 (Avg 0.6971) Dice:0.7951 (Avg 0.8024) LR 3.00e-04   (AvgTime 0.5)   
   [Train] Loss components: dice=0.171853, focal=0.046229, total=0.109041
Validation
   [Val] Epoch: [61][20/90]  Loss:0.134 (Avg 0.1151) IoU:0.657 (Avg 0.7003) Dice:0.7756 (Avg 0.8064) (AvgTime 0.3)   
   [Val] Epoch: [61][40/90]  Loss:0.114 (Avg 0.1207) IoU:0.682 (Avg 0.6836) Dice:0.7903 (Avg 0.7902) (AvgTime 0.2)   
   [Val] Epoch: [61][60/90]  Loss:0.139 (Avg 0.1149) IoU:0.642 (Avg 0.6920) Dice:0.7499 (Avg 0.7954) (AvgTime 0.2)   
   [Val] Epoch: [61][80/90]  Loss:0.115 (Avg 0.1144) IoU:0.669 (Avg 0.6896) Dice:0.7820 (Avg 0.7941) (AvgTime 0.2)   
   [Val] Epoch: [61][90/90]  Loss:0.145 (Avg 0.1143) IoU:0.621 (Avg 0.6901) Dice:0.7492 (Avg 0.7945) (AvgTime 0.2)   
   [Val] Loss components: dice=0.178512, focal=0.049991, total=0.114251
	 No iou improvement; selected epoch 58
	 early_stopping_count: 3/80
--- Epoch History (1..61) ---
Epoch |  TrainLoss |  TrainDice |  TrainIoU |    ValLoss |    ValDice |    ValIoU |         LR | Best
    1 |     0.2379 |     0.6073 |    0.4776 |     0.1928 |     0.6881 |    0.5656 |   3.00e-04 |     
    2 |     0.1735 |     0.6993 |    0.5754 |     0.1794 |     0.6884 |    0.5646 |   2.95e-04 |     
    3 |     0.1551 |     0.7275 |    0.6080 |     0.1434 |     0.7519 |    0.6362 |   2.81e-04 |     
    4 |     0.1433 |     0.7455 |    0.6288 |     0.1249 |     0.7776 |    0.6670 |   2.59e-04 |     
    5 |     0.1385 |     0.7532 |    0.6372 |     0.1294 |     0.7623 |    0.6477 |   2.31e-04 |     
    6 |     0.1322 |     0.7635 |    0.6498 |     0.1199 |     0.7896 |    0.6818 |   2.00e-04 |     
    7 |     0.1269 |     0.7728 |    0.6612 |     0.1228 |     0.7847 |    0.6751 |   1.69e-04 |     
    8 |     0.1217 |     0.7793 |    0.6692 |     0.1136 |     0.7979 |    0.6923 |   1.41e-04 |     
    9 |     0.1195 |     0.7835 |    0.6745 |     0.1192 |     0.7913 |    0.6831 |   1.19e-04 |     
   10 |     0.1163 |     0.7892 |    0.6813 |     0.1168 |     0.7850 |    0.6775 |   1.05e-04 |     
   11 |     0.1403 |     0.7517 |    0.6355 |     0.1291 |     0.7743 |    0.6602 |   3.00e-04 |     
   12 |     0.1316 |     0.7641 |    0.6512 |     0.1328 |     0.7636 |    0.6512 |   2.95e-04 |     
   13 |     0.1263 |     0.7730 |    0.6610 |     0.1408 |     0.7642 |    0.6509 |   2.81e-04 |     
   14 |     0.1252 |     0.7749 |    0.6635 |     0.1187 |     0.7935 |    0.6862 |   2.59e-04 |     
   15 |     0.1216 |     0.7807 |    0.6707 |     0.1123 |     0.7925 |    0.6844 |   2.31e-04 |     
   16 |     0.1180 |     0.7858 |    0.6774 |     0.1121 |     0.7992 |    0.6935 |   2.00e-04 |     
   17 |     0.1145 |     0.7921 |    0.6845 |     0.1114 |     0.7926 |    0.6854 |   1.69e-04 |     
   18 |     0.1124 |     0.7968 |    0.6900 |     0.1102 |     0.7951 |    0.6874 |   1.41e-04 |     
   19 |     0.1090 |     0.8008 |    0.6956 |     0.1142 |     0.7864 |    0.6784 |   1.19e-04 |     
   20 |     0.1076 |     0.8033 |    0.6987 |     0.1081 |     0.8027 |    0.6994 |   1.05e-04 |     
   21 |     0.1296 |     0.7684 |    0.6551 |     0.1237 |     0.7932 |    0.6871 |   3.00e-04 |     
   22 |     0.1231 |     0.7788 |    0.6680 |     0.1142 |     0.7894 |    0.6830 |   2.95e-04 |     
   23 |     0.1186 |     0.7855 |    0.6772 |     0.1121 |     0.7973 |    0.6918 |   2.81e-04 |     
   24 |     0.1175 |     0.7876 |    0.6793 |     0.1139 |     0.7888 |    0.6777 |   2.59e-04 |     
   25 |     0.1131 |     0.7947 |    0.6877 |     0.1212 |     0.7900 |    0.6812 |   2.31e-04 |     
   26 |     0.1134 |     0.7939 |    0.6870 |     0.1299 |     0.7857 |    0.6759 |   2.00e-04 |     
   27 |     0.1086 |     0.8025 |    0.6975 |     0.1125 |     0.8038 |    0.7003 |   1.69e-04 |     
   28 |     0.1069 |     0.8047 |    0.7000 |     0.1081 |     0.8043 |    0.7013 |   1.41e-04 |     
   29 |     0.1049 |     0.8077 |    0.7042 |     0.1050 |     0.8113 |    0.7096 |   1.19e-04 |     
   30 |     0.1030 |     0.8122 |    0.7095 |     0.1044 |     0.8053 |    0.7023 |   1.05e-04 |     
   31 |     0.1188 |     0.7865 |    0.6768 |     0.1150 |     0.7858 |    0.6746 |   3.00e-04 |     
   32 |     0.1153 |     0.7911 |    0.6832 |     0.1292 |     0.7794 |    0.6715 |   2.95e-04 |     
   33 |     0.1150 |     0.7921 |    0.6843 |     0.1150 |     0.8012 |    0.6967 |   2.81e-04 |     
   34 |     0.1112 |     0.7986 |    0.6925 |     0.1107 |     0.8075 |    0.7053 |   2.59e-04 |     
   35 |     0.1107 |     0.7991 |    0.6931 |     0.1144 |     0.7942 |    0.6877 |   2.31e-04 |     
   36 |     0.1077 |     0.8042 |    0.7001 |     0.1050 |     0.8097 |    0.7081 |   2.00e-04 |     
   37 |     0.1045 |     0.8089 |    0.7059 |     0.1193 |     0.7762 |    0.6666 |   1.69e-04 |     
   38 |     0.1020 |     0.8126 |    0.7104 |     0.1119 |     0.8108 |    0.7088 |   1.41e-04 |     
   39 |     0.0996 |     0.8173 |    0.7164 |     0.1080 |     0.8134 |    0.7133 |   1.19e-04 |     
   40 |     0.0989 |     0.8176 |    0.7170 |     0.1020 |     0.8155 |    0.7161 |   1.05e-04 |     
   41 |     0.1137 |     0.7945 |    0.6866 |     0.3099 |     0.6225 |    0.4941 |   3.00e-04 |     
   42 |     0.1136 |     0.7949 |    0.6879 |     0.1140 |     0.7907 |    0.6855 |   2.95e-04 |     
   43 |     0.1107 |     0.7985 |    0.6929 |     0.1100 |     0.7960 |    0.6900 |   2.81e-04 |     
   44 |     0.1067 |     0.8051 |    0.7006 |     0.1145 |     0.7889 |    0.6807 |   2.59e-04 |     
   45 |     0.1046 |     0.8089 |    0.7049 |     0.1109 |     0.7975 |    0.6921 |   2.31e-04 |     
   46 |     0.1043 |     0.8097 |    0.7062 |     0.1059 |     0.8083 |    0.7050 |   2.00e-04 |     
   47 |     0.1006 |     0.8146 |    0.7129 |     0.1071 |     0.8097 |    0.7069 |   1.69e-04 |     
   48 |     0.0987 |     0.8184 |    0.7173 |     0.1052 |     0.8093 |    0.7088 |   1.41e-04 |     
   49 |     0.0967 |     0.8222 |    0.7221 |     0.1041 |     0.8051 |    0.7025 |   1.19e-04 |     
   50 |     0.0957 |     0.8227 |    0.7229 |     0.1066 |     0.8117 |    0.7115 |   1.05e-04 |     
   51 |     0.1108 |     0.7993 |    0.6930 |     0.1240 |     0.7902 |    0.6823 |   3.00e-04 |     
   52 |     0.1137 |     0.7958 |    0.6892 |     0.1077 |     0.7969 |    0.6895 |   2.95e-04 |     
   53 |     0.1068 |     0.8050 |    0.7002 |     0.1120 |     0.7982 |    0.6946 |   2.81e-04 |     
   54 |     0.1054 |     0.8074 |    0.7040 |     0.1211 |     0.7929 |    0.6890 |   2.59e-04 |     
   55 |     0.1047 |     0.8090 |    0.7059 |     0.1051 |     0.8113 |    0.7097 |   2.31e-04 |     
   56 |     0.1020 |     0.8132 |    0.7106 |     0.1055 |     0.7994 |    0.6918 |   2.00e-04 |     
   57 |     0.0981 |     0.8203 |    0.7194 |     0.1013 |     0.8145 |    0.7134 |   1.69e-04 |     
   58 |     0.0964 |     0.8222 |    0.7217 |     0.1015 |     0.8175 |    0.7176 |   1.41e-04 |    *
   59 |     0.0940 |     0.8267 |    0.7280 |     0.1005 |     0.8165 |    0.7155 |   1.19e-04 |     
   60 |     0.0920 |     0.8294 |    0.7310 |     0.1036 |     0.8130 |    0.7116 |   1.05e-04 |     
   61 |     0.1090 |     0.8024 |    0.6971 |     0.1143 |     0.7945 |    0.6901 |   3.00e-04 |     
--- RACE-PE 80e validation screen: control validation statistics ---
up4: ca=0.8190+/-0.1511, sa=1.0103+/-0.0063, amp=0.0000, suppress=0.0000, guide_abs=0.2040
up4 residuals: local_mean=6.244e-02, global_mean=0.0289, local_strength=0.1130, global_strength=0.1151, gain=[0.9912,1.0504], saturation=0.1418, text_film=0.0267
up4 haar: reconstruction_error=5.960e-07, skip_low/high=0.7959/0.2041, plam_low/high=1.0000/0.0000
up4 strengths: plam=0.9055, region=0.1130, detail=0.1151; residual_std region/detail/refine=0.3668/0.4551/0.4065
up4 guide_mix: entropy=0.9812, raw_low=0.3384, plam_low=0.2419, decoder_low=0.2425, detail=0.1773; agreement plam/decoder=0.5258/0.3157, support=0.7954+/-0.1205
up4 adaptive_frequency: ALPF strength=0.2592, weights=0.1462/0.7145/0.1393, sum=1.0000, entropy=0.7219, delta_std=0.0602; AHPF strength=0.0720, weights=0.3390/0.4984/0.1625, sum=1.0000, entropy=0.9137, residual_std=0.0851, scaled_std=0.0061
up3: ca=0.9341+/-0.1996, sa=1.0115+/-0.0058, amp=0.0000, suppress=0.0000, guide_abs=0.2003
up3 residuals: local_mean=2.250e-02, global_mean=0.0730, local_strength=0.1156, global_strength=0.1225, gain=[0.9882,1.0430], saturation=0.0230, text_film=0.0439
up3 haar: reconstruction_error=9.537e-07, skip_low/high=0.7557/0.2443, plam_low/high=1.0000/0.0000
up3 strengths: plam=0.8796, region=0.1156, detail=0.1225; residual_std region/detail/refine=0.4267/0.4729/0.4003
up3 guide_mix: entropy=0.9754, raw_low=0.3132, plam_low=0.1961, decoder_low=0.3155, detail=0.1752; agreement plam/decoder=0.5567/0.3338, support=0.6539+/-0.1145
up3 adaptive_frequency: ALPF strength=0.2732, weights=0.1381/0.7128/0.1491, sum=1.0000, entropy=0.7006, delta_std=0.0623; AHPF strength=0.1220, weights=0.3299/0.2846/0.3855, sum=1.0000, entropy=0.9209, residual_std=0.1403, scaled_std=0.0171
up2: ca=0.7971+/-0.1611, sa=1.0048+/-0.0036, amp=0.0000, suppress=0.0000, guide_abs=0.3646
up2 residuals: local_mean=5.248e-03, global_mean=0.0362, local_strength=0.1314, global_strength=0.1146, gain=[0.9689,1.0408], saturation=0.0000, text_film=0.0746
up2 haar: reconstruction_error=1.281e-06, skip_low/high=0.7981/0.2019, plam_low/high=1.0000/0.0000
up2 strengths: plam=0.7629, region=0.1314, detail=0.1146; residual_std region/detail/refine=0.2258/0.2884/0.1348
up2 guide_mix: entropy=0.9498, raw_low=0.3332, plam_low=0.1658, decoder_low=0.3505, detail=0.1505; agreement plam/decoder=0.6926/0.2540, support=0.7235+/-0.0501
up1: ca=0.7359+/-0.1623, sa=1.0068+/-0.0104, amp=0.0000, suppress=0.0000, guide_abs=0.2094
up1 residuals: local_mean=3.184e-03, global_mean=0.0748, local_strength=0.1279, global_strength=0.0866, gain=[0.9171,1.0834], saturation=0.0000, text_film=0.0379
up1 haar: reconstruction_error=1.431e-06, skip_low/high=0.7409/0.2591, plam_low/high=1.0000/0.0000
up1 strengths: plam=0.8833, region=0.1279, detail=0.0866; residual_std region/detail/refine=0.2061/0.4010/0.2437
up1 guide_mix: entropy=0.9124, raw_low=0.3313, plam_low=0.1481, decoder_low=0.4047, detail=0.1160; agreement plam/decoder=0.1716/-0.2007, support=0.5949+/-0.0546

========= Epoch [62/80] =========
C4_Test_session_09.09_15h44
Training with batch size : 16
   [Train] Epoch: [62][20/357]  Loss:0.103 (Avg 0.0960) IoU:0.699 (Avg 0.7197) Dice:0.8071 (Avg 0.8239) LR 2.95e-04   (AvgTime 0.6)   
   [Train] Epoch: [62][40/357]  Loss:0.143 (Avg 0.0993) IoU:0.642 (Avg 0.7168) Dice:0.7454 (Avg 0.8195) LR 2.95e-04   (AvgTime 0.6)   
   [Train] Epoch: [62][60/357]  Loss:0.097 (Avg 0.1009) IoU:0.712 (Avg 0.7130) Dice:0.8174 (Avg 0.8162) LR 2.95e-04   (AvgTime 0.6)   
   [Train] Epoch: [62][80/357]  Loss:0.100 (Avg 0.1022) IoU:0.760 (Avg 0.7105) Dice:0.8576 (Avg 0.8139) LR 2.95e-04   (AvgTime 0.5)   
   [Train] Epoch: [62][100/357]  Loss:0.103 (Avg 0.1028) IoU:0.724 (Avg 0.7087) Dice:0.8162 (Avg 0.8126) LR 2.95e-04   (AvgTime 0.5)   
   [Train] Epoch: [62][120/357]  Loss:0.069 (Avg 0.1020) IoU:0.808 (Avg 0.7102) Dice:0.8879 (Avg 0.8141) LR 2.95e-04   (AvgTime 0.5)   
   [Train] Epoch: [62][140/357]  Loss:0.129 (Avg 0.1016) IoU:0.665 (Avg 0.7113) Dice:0.7560 (Avg 0.8146) LR 2.95e-04   (AvgTime 0.5)   
   [Train] Epoch: [62][160/357]  Loss:0.089 (Avg 0.1023) IoU:0.739 (Avg 0.7097) Dice:0.8419 (Avg 0.8130) LR 2.95e-04   (AvgTime 0.5)   
   [Train] Epoch: [62][180/357]  Loss:0.065 (Avg 0.1022) IoU:0.815 (Avg 0.7096) Dice:0.8904 (Avg 0.8130) LR 2.95e-04   (AvgTime 0.5)   
   [Train] Epoch: [62][200/357]  Loss:0.087 (Avg 0.1021) IoU:0.726 (Avg 0.7102) Dice:0.8321 (Avg 0.8131) LR 2.95e-04   (AvgTime 0.5)   
   [Train] Epoch: [62][220/357]  Loss:0.133 (Avg 0.1028) IoU:0.649 (Avg 0.7093) Dice:0.7610 (Avg 0.8121) LR 2.95e-04   (AvgTime 0.5)   
   [Train] Epoch: [62][240/357]  Loss:0.099 (Avg 0.1032) IoU:0.716 (Avg 0.7084) Dice:0.8117 (Avg 0.8113) LR 2.95e-04   (AvgTime 0.5)   
   [Train] Epoch: [62][260/357]  Loss:0.123 (Avg 0.1032) IoU:0.694 (Avg 0.7085) Dice:0.7862 (Avg 0.8114) LR 2.95e-04   (AvgTime 0.5)   
   [Train] Epoch: [62][280/357]  Loss:0.127 (Avg 0.1036) IoU:0.679 (Avg 0.7073) Dice:0.7800 (Avg 0.8105) LR 2.95e-04   (AvgTime 0.5)   
   [Train] Epoch: [62][300/357]  Loss:0.174 (Avg 0.1042) IoU:0.566 (Avg 0.7062) Dice:0.6877 (Avg 0.8096) LR 2.95e-04   (AvgTime 0.5)   
   [Train] Epoch: [62][320/357]  Loss:0.072 (Avg 0.1049) IoU:0.788 (Avg 0.7046) Dice:0.8728 (Avg 0.8082) LR 2.95e-04   (AvgTime 0.5)   
   [Train] Epoch: [62][340/357]  Loss:0.094 (Avg 0.1049) IoU:0.710 (Avg 0.7048) Dice:0.8244 (Avg 0.8085) LR 2.95e-04   (AvgTime 0.5)   
   [Train] Epoch: [62][357/357]  Loss:0.104 (Avg 0.1052) IoU:0.685 (Avg 0.7040) Dice:0.7943 (Avg 0.8080) LR 2.95e-04   (AvgTime 0.5)   
   [Train] Loss components: dice=0.166285, focal=0.044191, total=0.105238
Validation
   [Val] Epoch: [62][20/90]  Loss:0.133 (Avg 0.1112) IoU:0.655 (Avg 0.6969) Dice:0.7747 (Avg 0.8045) (AvgTime 0.3)   
   [Val] Epoch: [62][40/90]  Loss:0.104 (Avg 0.1173) IoU:0.688 (Avg 0.6811) Dice:0.8003 (Avg 0.7888) (AvgTime 0.2)   
   [Val] Epoch: [62][60/90]  Loss:0.135 (Avg 0.1123) IoU:0.647 (Avg 0.6892) Dice:0.7526 (Avg 0.7935) (AvgTime 0.2)   
   [Val] Epoch: [62][80/90]  Loss:0.120 (Avg 0.1120) IoU:0.655 (Avg 0.6869) Dice:0.7710 (Avg 0.7922) (AvgTime 0.2)   
   [Val] Epoch: [62][90/90]  Loss:0.130 (Avg 0.1119) IoU:0.639 (Avg 0.6868) Dice:0.7659 (Avg 0.7920) (AvgTime 0.2)   
   [Val] Loss components: dice=0.183453, focal=0.040296, total=0.111874
	 No iou improvement; selected epoch 58
	 early_stopping_count: 4/80
--- Epoch History (1..62) ---
Epoch |  TrainLoss |  TrainDice |  TrainIoU |    ValLoss |    ValDice |    ValIoU |         LR | Best
    1 |     0.2379 |     0.6073 |    0.4776 |     0.1928 |     0.6881 |    0.5656 |   3.00e-04 |     
    2 |     0.1735 |     0.6993 |    0.5754 |     0.1794 |     0.6884 |    0.5646 |   2.95e-04 |     
    3 |     0.1551 |     0.7275 |    0.6080 |     0.1434 |     0.7519 |    0.6362 |   2.81e-04 |     
    4 |     0.1433 |     0.7455 |    0.6288 |     0.1249 |     0.7776 |    0.6670 |   2.59e-04 |     
    5 |     0.1385 |     0.7532 |    0.6372 |     0.1294 |     0.7623 |    0.6477 |   2.31e-04 |     
    6 |     0.1322 |     0.7635 |    0.6498 |     0.1199 |     0.7896 |    0.6818 |   2.00e-04 |     
    7 |     0.1269 |     0.7728 |    0.6612 |     0.1228 |     0.7847 |    0.6751 |   1.69e-04 |     
    8 |     0.1217 |     0.7793 |    0.6692 |     0.1136 |     0.7979 |    0.6923 |   1.41e-04 |     
    9 |     0.1195 |     0.7835 |    0.6745 |     0.1192 |     0.7913 |    0.6831 |   1.19e-04 |     
   10 |     0.1163 |     0.7892 |    0.6813 |     0.1168 |     0.7850 |    0.6775 |   1.05e-04 |     
   11 |     0.1403 |     0.7517 |    0.6355 |     0.1291 |     0.7743 |    0.6602 |   3.00e-04 |     
   12 |     0.1316 |     0.7641 |    0.6512 |     0.1328 |     0.7636 |    0.6512 |   2.95e-04 |     
   13 |     0.1263 |     0.7730 |    0.6610 |     0.1408 |     0.7642 |    0.6509 |   2.81e-04 |     
   14 |     0.1252 |     0.7749 |    0.6635 |     0.1187 |     0.7935 |    0.6862 |   2.59e-04 |     
   15 |     0.1216 |     0.7807 |    0.6707 |     0.1123 |     0.7925 |    0.6844 |   2.31e-04 |     
   16 |     0.1180 |     0.7858 |    0.6774 |     0.1121 |     0.7992 |    0.6935 |   2.00e-04 |     
   17 |     0.1145 |     0.7921 |    0.6845 |     0.1114 |     0.7926 |    0.6854 |   1.69e-04 |     
   18 |     0.1124 |     0.7968 |    0.6900 |     0.1102 |     0.7951 |    0.6874 |   1.41e-04 |     
   19 |     0.1090 |     0.8008 |    0.6956 |     0.1142 |     0.7864 |    0.6784 |   1.19e-04 |     
   20 |     0.1076 |     0.8033 |    0.6987 |     0.1081 |     0.8027 |    0.6994 |   1.05e-04 |     
   21 |     0.1296 |     0.7684 |    0.6551 |     0.1237 |     0.7932 |    0.6871 |   3.00e-04 |     
   22 |     0.1231 |     0.7788 |    0.6680 |     0.1142 |     0.7894 |    0.6830 |   2.95e-04 |     
   23 |     0.1186 |     0.7855 |    0.6772 |     0.1121 |     0.7973 |    0.6918 |   2.81e-04 |     
   24 |     0.1175 |     0.7876 |    0.6793 |     0.1139 |     0.7888 |    0.6777 |   2.59e-04 |     
   25 |     0.1131 |     0.7947 |    0.6877 |     0.1212 |     0.7900 |    0.6812 |   2.31e-04 |     
   26 |     0.1134 |     0.7939 |    0.6870 |     0.1299 |     0.7857 |    0.6759 |   2.00e-04 |     
   27 |     0.1086 |     0.8025 |    0.6975 |     0.1125 |     0.8038 |    0.7003 |   1.69e-04 |     
   28 |     0.1069 |     0.8047 |    0.7000 |     0.1081 |     0.8043 |    0.7013 |   1.41e-04 |     
   29 |     0.1049 |     0.8077 |    0.7042 |     0.1050 |     0.8113 |    0.7096 |   1.19e-04 |     
   30 |     0.1030 |     0.8122 |    0.7095 |     0.1044 |     0.8053 |    0.7023 |   1.05e-04 |     
   31 |     0.1188 |     0.7865 |    0.6768 |     0.1150 |     0.7858 |    0.6746 |   3.00e-04 |     
   32 |     0.1153 |     0.7911 |    0.6832 |     0.1292 |     0.7794 |    0.6715 |   2.95e-04 |     
   33 |     0.1150 |     0.7921 |    0.6843 |     0.1150 |     0.8012 |    0.6967 |   2.81e-04 |     
   34 |     0.1112 |     0.7986 |    0.6925 |     0.1107 |     0.8075 |    0.7053 |   2.59e-04 |     
   35 |     0.1107 |     0.7991 |    0.6931 |     0.1144 |     0.7942 |    0.6877 |   2.31e-04 |     
   36 |     0.1077 |     0.8042 |    0.7001 |     0.1050 |     0.8097 |    0.7081 |   2.00e-04 |     
   37 |     0.1045 |     0.8089 |    0.7059 |     0.1193 |     0.7762 |    0.6666 |   1.69e-04 |     
   38 |     0.1020 |     0.8126 |    0.7104 |     0.1119 |     0.8108 |    0.7088 |   1.41e-04 |     
   39 |     0.0996 |     0.8173 |    0.7164 |     0.1080 |     0.8134 |    0.7133 |   1.19e-04 |     
   40 |     0.0989 |     0.8176 |    0.7170 |     0.1020 |     0.8155 |    0.7161 |   1.05e-04 |     
   41 |     0.1137 |     0.7945 |    0.6866 |     0.3099 |     0.6225 |    0.4941 |   3.00e-04 |     
   42 |     0.1136 |     0.7949 |    0.6879 |     0.1140 |     0.7907 |    0.6855 |   2.95e-04 |     
   43 |     0.1107 |     0.7985 |    0.6929 |     0.1100 |     0.7960 |    0.6900 |   2.81e-04 |     
   44 |     0.1067 |     0.8051 |    0.7006 |     0.1145 |     0.7889 |    0.6807 |   2.59e-04 |     
   45 |     0.1046 |     0.8089 |    0.7049 |     0.1109 |     0.7975 |    0.6921 |   2.31e-04 |     
   46 |     0.1043 |     0.8097 |    0.7062 |     0.1059 |     0.8083 |    0.7050 |   2.00e-04 |     
   47 |     0.1006 |     0.8146 |    0.7129 |     0.1071 |     0.8097 |    0.7069 |   1.69e-04 |     
   48 |     0.0987 |     0.8184 |    0.7173 |     0.1052 |     0.8093 |    0.7088 |   1.41e-04 |     
   49 |     0.0967 |     0.8222 |    0.7221 |     0.1041 |     0.8051 |    0.7025 |   1.19e-04 |     
   50 |     0.0957 |     0.8227 |    0.7229 |     0.1066 |     0.8117 |    0.7115 |   1.05e-04 |     
   51 |     0.1108 |     0.7993 |    0.6930 |     0.1240 |     0.7902 |    0.6823 |   3.00e-04 |     
   52 |     0.1137 |     0.7958 |    0.6892 |     0.1077 |     0.7969 |    0.6895 |   2.95e-04 |     
   53 |     0.1068 |     0.8050 |    0.7002 |     0.1120 |     0.7982 |    0.6946 |   2.81e-04 |     
   54 |     0.1054 |     0.8074 |    0.7040 |     0.1211 |     0.7929 |    0.6890 |   2.59e-04 |     
   55 |     0.1047 |     0.8090 |    0.7059 |     0.1051 |     0.8113 |    0.7097 |   2.31e-04 |     
   56 |     0.1020 |     0.8132 |    0.7106 |     0.1055 |     0.7994 |    0.6918 |   2.00e-04 |     
   57 |     0.0981 |     0.8203 |    0.7194 |     0.1013 |     0.8145 |    0.7134 |   1.69e-04 |     
   58 |     0.0964 |     0.8222 |    0.7217 |     0.1015 |     0.8175 |    0.7176 |   1.41e-04 |    *
   59 |     0.0940 |     0.8267 |    0.7280 |     0.1005 |     0.8165 |    0.7155 |   1.19e-04 |     
   60 |     0.0920 |     0.8294 |    0.7310 |     0.1036 |     0.8130 |    0.7116 |   1.05e-04 |     
   61 |     0.1090 |     0.8024 |    0.6971 |     0.1143 |     0.7945 |    0.6901 |   3.00e-04 |     
   62 |     0.1052 |     0.8080 |    0.7040 |     0.1119 |     0.7920 |    0.6868 |   2.95e-04 |     
--- RACE-PE 80e validation screen: control validation statistics ---
up4: ca=0.8169+/-0.1455, sa=1.0098+/-0.0064, amp=0.0000, suppress=0.0000, guide_abs=0.2037
up4 residuals: local_mean=6.180e-02, global_mean=0.0252, local_strength=0.1131, global_strength=0.1151, gain=[0.9924,1.0533], saturation=0.1133, text_film=0.0266
up4 haar: reconstruction_error=9.537e-07, skip_low/high=0.7954/0.2046, plam_low/high=1.0000/0.0000
up4 strengths: plam=0.9048, region=0.1131, detail=0.1151; residual_std region/detail/refine=0.3567/0.4286/0.3763
up4 guide_mix: entropy=0.9823, raw_low=0.3199, plam_low=0.2587, decoder_low=0.2538, detail=0.1677; agreement plam/decoder=0.3746/0.1770, support=0.7979+/-0.1067
up4 adaptive_frequency: ALPF strength=0.2603, weights=0.1336/0.7170/0.1494, sum=1.0000, entropy=0.7169, delta_std=0.0672; AHPF strength=0.0718, weights=0.3371/0.5014/0.1615, sum=1.0000, entropy=0.9103, residual_std=0.0846, scaled_std=0.0061
up3: ca=0.9367+/-0.1977, sa=1.0128+/-0.0055, amp=0.0000, suppress=0.0000, guide_abs=0.2224
up3 residuals: local_mean=2.444e-02, global_mean=0.0816, local_strength=0.1158, global_strength=0.1229, gain=[0.9948,1.0443], saturation=0.0171, text_film=0.0420
up3 haar: reconstruction_error=9.537e-07, skip_low/high=0.7642/0.2358, plam_low/high=1.0000/0.0000
up3 strengths: plam=0.8783, region=0.1158, detail=0.1229; residual_std region/detail/refine=0.4036/0.5048/0.4346
up3 guide_mix: entropy=0.9834, raw_low=0.3156, plam_low=0.2321, decoder_low=0.2781, detail=0.1742; agreement plam/decoder=0.4551/0.2819, support=0.7144+/-0.0982
up3 adaptive_frequency: ALPF strength=0.2740, weights=0.0819/0.4064/0.5117, sum=1.0000, entropy=0.7188, delta_std=0.0646; AHPF strength=0.1229, weights=0.6019/0.1900/0.2081, sum=1.0000, entropy=0.7401, residual_std=0.0856, scaled_std=0.0105
up2: ca=0.8120+/-0.1658, sa=1.0049+/-0.0031, amp=0.0000, suppress=0.0000, guide_abs=0.3659
up2 residuals: local_mean=1.763e-03, global_mean=0.0404, local_strength=0.1322, global_strength=0.1149, gain=[0.9690,1.0440], saturation=0.0038, text_film=0.0912
up2 haar: reconstruction_error=9.537e-07, skip_low/high=0.8076/0.1924, plam_low/high=1.0000/0.0000
up2 strengths: plam=0.7579, region=0.1322, detail=0.1149; residual_std region/detail/refine=0.1919/0.3081/0.1610
up2 guide_mix: entropy=0.9570, raw_low=0.3142, plam_low=0.1919, decoder_low=0.3503, detail=0.1435; agreement plam/decoder=0.7147/0.1675, support=0.7684+/-0.0527
up1: ca=0.7370+/-0.1700, sa=1.0068+/-0.0107, amp=0.0000, suppress=0.0000, guide_abs=0.2064
up1 residuals: local_mean=3.747e-04, global_mean=0.0796, local_strength=0.1284, global_strength=0.0859, gain=[0.9181,1.0839], saturation=0.0000, text_film=0.0409
up1 haar: reconstruction_error=1.431e-06, skip_low/high=0.7299/0.2701, plam_low/high=1.0000/0.0000
up1 strengths: plam=0.8816, region=0.1284, detail=0.0859; residual_std region/detail/refine=0.2467/0.4150/0.2458
up1 guide_mix: entropy=0.9329, raw_low=0.3119, plam_low=0.1857, decoder_low=0.3865, detail=0.1159; agreement plam/decoder=0.5225/-0.0814, support=0.5987+/-0.0581

========= Epoch [63/80] =========
C4_Test_session_09.09_15h44
Training with batch size : 16
   [Train] Epoch: [63][20/357]  Loss:0.078 (Avg 0.1062) IoU:0.783 (Avg 0.7046) Dice:0.8679 (Avg 0.8083) LR 2.81e-04   (AvgTime 0.6)   
   [Train] Epoch: [63][40/357]  Loss:0.136 (Avg 0.1032) IoU:0.637 (Avg 0.7114) Dice:0.7567 (Avg 0.8132) LR 2.81e-04   (AvgTime 0.6)   
   [Train] Epoch: [63][60/357]  Loss:0.107 (Avg 0.1079) IoU:0.697 (Avg 0.7025) Dice:0.8105 (Avg 0.8072) LR 2.81e-04   (AvgTime 0.6)   
   [Train] Epoch: [63][80/357]  Loss:0.095 (Avg 0.1094) IoU:0.717 (Avg 0.6998) Dice:0.8209 (Avg 0.8044) LR 2.81e-04   (AvgTime 0.6)   
   [Train] Epoch: [63][100/357]  Loss:0.137 (Avg 0.1095) IoU:0.629 (Avg 0.6997) Dice:0.7542 (Avg 0.8043) LR 2.81e-04   (AvgTime 0.6)   
   [Train] Epoch: [63][120/357]  Loss:0.090 (Avg 0.1081) IoU:0.735 (Avg 0.7022) Dice:0.8370 (Avg 0.8065) LR 2.81e-04   (AvgTime 0.6)   
   [Train] Epoch: [63][140/357]  Loss:0.102 (Avg 0.1069) IoU:0.737 (Avg 0.7046) Dice:0.8342 (Avg 0.8087) LR 2.81e-04   (AvgTime 0.6)   
   [Train] Epoch: [63][160/357]  Loss:0.120 (Avg 0.1068) IoU:0.682 (Avg 0.7048) Dice:0.7718 (Avg 0.8084) LR 2.81e-04   (AvgTime 0.6)   
   [Train] Epoch: [63][180/357]  Loss:0.113 (Avg 0.1071) IoU:0.702 (Avg 0.7035) Dice:0.8107 (Avg 0.8078) LR 2.81e-04   (AvgTime 0.5)   
   [Train] Epoch: [63][200/357]  Loss:0.087 (Avg 0.1067) IoU:0.730 (Avg 0.7042) Dice:0.8328 (Avg 0.8085) LR 2.81e-04   (AvgTime 0.6)   
   [Train] Epoch: [63][220/357]  Loss:0.116 (Avg 0.1070) IoU:0.639 (Avg 0.7026) Dice:0.7624 (Avg 0.8072) LR 2.81e-04   (AvgTime 0.6)   
   [Train] Epoch: [63][240/357]  Loss:0.125 (Avg 0.1063) IoU:0.628 (Avg 0.7040) Dice:0.7564 (Avg 0.8083) LR 2.81e-04   (AvgTime 0.5)   
   [Train] Epoch: [63][260/357]  Loss:0.107 (Avg 0.1067) IoU:0.680 (Avg 0.7027) Dice:0.7965 (Avg 0.8073) LR 2.81e-04   (AvgTime 0.6)   
   [Train] Epoch: [63][280/357]  Loss:0.116 (Avg 0.1061) IoU:0.655 (Avg 0.7040) Dice:0.7775 (Avg 0.8083) LR 2.81e-04   (AvgTime 0.6)   
   [Train] Epoch: [63][300/357]  Loss:0.111 (Avg 0.1063) IoU:0.674 (Avg 0.7038) Dice:0.7903 (Avg 0.8081) LR 2.81e-04   (AvgTime 0.6)   
   [Train] Epoch: [63][320/357]  Loss:0.113 (Avg 0.1070) IoU:0.690 (Avg 0.7023) Dice:0.8024 (Avg 0.8068) LR 2.81e-04   (AvgTime 0.6)   
   [Train] Epoch: [63][340/357]  Loss:0.114 (Avg 0.1068) IoU:0.680 (Avg 0.7023) Dice:0.7817 (Avg 0.8069) LR 2.81e-04   (AvgTime 0.6)   
   [Train] Epoch: [63][357/357]  Loss:0.140 (Avg 0.1070) IoU:0.580 (Avg 0.7019) Dice:0.7122 (Avg 0.8064) LR 2.81e-04   (AvgTime 0.5)   
   [Train] Loss components: dice=0.168224, focal=0.045722, total=0.106973
Validation
   [Val] Epoch: [63][20/90]  Loss:0.137 (Avg 0.1063) IoU:0.651 (Avg 0.7122) Dice:0.7707 (Avg 0.8170) (AvgTime 0.2)   
   [Val] Epoch: [63][40/90]  Loss:0.098 (Avg 0.1130) IoU:0.709 (Avg 0.6944) Dice:0.8168 (Avg 0.8002) (AvgTime 0.2)   
   [Val] Epoch: [63][60/90]  Loss:0.145 (Avg 0.1069) IoU:0.639 (Avg 0.7041) Dice:0.7491 (Avg 0.8069) (AvgTime 0.2)   
   [Val] Epoch: [63][80/90]  Loss:0.097 (Avg 0.1052) IoU:0.708 (Avg 0.7036) Dice:0.8141 (Avg 0.8070) (AvgTime 0.2)   
   [Val] Epoch: [63][90/90]  Loss:0.131 (Avg 0.1052) IoU:0.606 (Avg 0.7036) Dice:0.7347 (Avg 0.8070) (AvgTime 0.2)   
   [Val] Loss components: dice=0.167327, focal=0.042985, total=0.105156
	 No iou improvement; selected epoch 58
	 early_stopping_count: 5/80
--- Epoch History (1..63) ---
Epoch |  TrainLoss |  TrainDice |  TrainIoU |    ValLoss |    ValDice |    ValIoU |         LR | Best
    1 |     0.2379 |     0.6073 |    0.4776 |     0.1928 |     0.6881 |    0.5656 |   3.00e-04 |     
    2 |     0.1735 |     0.6993 |    0.5754 |     0.1794 |     0.6884 |    0.5646 |   2.95e-04 |     
    3 |     0.1551 |     0.7275 |    0.6080 |     0.1434 |     0.7519 |    0.6362 |   2.81e-04 |     
    4 |     0.1433 |     0.7455 |    0.6288 |     0.1249 |     0.7776 |    0.6670 |   2.59e-04 |     
    5 |     0.1385 |     0.7532 |    0.6372 |     0.1294 |     0.7623 |    0.6477 |   2.31e-04 |     
    6 |     0.1322 |     0.7635 |    0.6498 |     0.1199 |     0.7896 |    0.6818 |   2.00e-04 |     
    7 |     0.1269 |     0.7728 |    0.6612 |     0.1228 |     0.7847 |    0.6751 |   1.69e-04 |     
    8 |     0.1217 |     0.7793 |    0.6692 |     0.1136 |     0.7979 |    0.6923 |   1.41e-04 |     
    9 |     0.1195 |     0.7835 |    0.6745 |     0.1192 |     0.7913 |    0.6831 |   1.19e-04 |     
   10 |     0.1163 |     0.7892 |    0.6813 |     0.1168 |     0.7850 |    0.6775 |   1.05e-04 |     
   11 |     0.1403 |     0.7517 |    0.6355 |     0.1291 |     0.7743 |    0.6602 |   3.00e-04 |     
   12 |     0.1316 |     0.7641 |    0.6512 |     0.1328 |     0.7636 |    0.6512 |   2.95e-04 |     
   13 |     0.1263 |     0.7730 |    0.6610 |     0.1408 |     0.7642 |    0.6509 |   2.81e-04 |     
   14 |     0.1252 |     0.7749 |    0.6635 |     0.1187 |     0.7935 |    0.6862 |   2.59e-04 |     
   15 |     0.1216 |     0.7807 |    0.6707 |     0.1123 |     0.7925 |    0.6844 |   2.31e-04 |     
   16 |     0.1180 |     0.7858 |    0.6774 |     0.1121 |     0.7992 |    0.6935 |   2.00e-04 |     
   17 |     0.1145 |     0.7921 |    0.6845 |     0.1114 |     0.7926 |    0.6854 |   1.69e-04 |     
   18 |     0.1124 |     0.7968 |    0.6900 |     0.1102 |     0.7951 |    0.6874 |   1.41e-04 |     
   19 |     0.1090 |     0.8008 |    0.6956 |     0.1142 |     0.7864 |    0.6784 |   1.19e-04 |     
   20 |     0.1076 |     0.8033 |    0.6987 |     0.1081 |     0.8027 |    0.6994 |   1.05e-04 |     
   21 |     0.1296 |     0.7684 |    0.6551 |     0.1237 |     0.7932 |    0.6871 |   3.00e-04 |     
   22 |     0.1231 |     0.7788 |    0.6680 |     0.1142 |     0.7894 |    0.6830 |   2.95e-04 |     
   23 |     0.1186 |     0.7855 |    0.6772 |     0.1121 |     0.7973 |    0.6918 |   2.81e-04 |     
   24 |     0.1175 |     0.7876 |    0.6793 |     0.1139 |     0.7888 |    0.6777 |   2.59e-04 |     
   25 |     0.1131 |     0.7947 |    0.6877 |     0.1212 |     0.7900 |    0.6812 |   2.31e-04 |     
   26 |     0.1134 |     0.7939 |    0.6870 |     0.1299 |     0.7857 |    0.6759 |   2.00e-04 |     
   27 |     0.1086 |     0.8025 |    0.6975 |     0.1125 |     0.8038 |    0.7003 |   1.69e-04 |     
   28 |     0.1069 |     0.8047 |    0.7000 |     0.1081 |     0.8043 |    0.7013 |   1.41e-04 |     
   29 |     0.1049 |     0.8077 |    0.7042 |     0.1050 |     0.8113 |    0.7096 |   1.19e-04 |     
   30 |     0.1030 |     0.8122 |    0.7095 |     0.1044 |     0.8053 |    0.7023 |   1.05e-04 |     
   31 |     0.1188 |     0.7865 |    0.6768 |     0.1150 |     0.7858 |    0.6746 |   3.00e-04 |     
   32 |     0.1153 |     0.7911 |    0.6832 |     0.1292 |     0.7794 |    0.6715 |   2.95e-04 |     
   33 |     0.1150 |     0.7921 |    0.6843 |     0.1150 |     0.8012 |    0.6967 |   2.81e-04 |     
   34 |     0.1112 |     0.7986 |    0.6925 |     0.1107 |     0.8075 |    0.7053 |   2.59e-04 |     
   35 |     0.1107 |     0.7991 |    0.6931 |     0.1144 |     0.7942 |    0.6877 |   2.31e-04 |     
   36 |     0.1077 |     0.8042 |    0.7001 |     0.1050 |     0.8097 |    0.7081 |   2.00e-04 |     
   37 |     0.1045 |     0.8089 |    0.7059 |     0.1193 |     0.7762 |    0.6666 |   1.69e-04 |     
   38 |     0.1020 |     0.8126 |    0.7104 |     0.1119 |     0.8108 |    0.7088 |   1.41e-04 |     
   39 |     0.0996 |     0.8173 |    0.7164 |     0.1080 |     0.8134 |    0.7133 |   1.19e-04 |     
   40 |     0.0989 |     0.8176 |    0.7170 |     0.1020 |     0.8155 |    0.7161 |   1.05e-04 |     
   41 |     0.1137 |     0.7945 |    0.6866 |     0.3099 |     0.6225 |    0.4941 |   3.00e-04 |     
   42 |     0.1136 |     0.7949 |    0.6879 |     0.1140 |     0.7907 |    0.6855 |   2.95e-04 |     
   43 |     0.1107 |     0.7985 |    0.6929 |     0.1100 |     0.7960 |    0.6900 |   2.81e-04 |     
   44 |     0.1067 |     0.8051 |    0.7006 |     0.1145 |     0.7889 |    0.6807 |   2.59e-04 |     
   45 |     0.1046 |     0.8089 |    0.7049 |     0.1109 |     0.7975 |    0.6921 |   2.31e-04 |     
   46 |     0.1043 |     0.8097 |    0.7062 |     0.1059 |     0.8083 |    0.7050 |   2.00e-04 |     
   47 |     0.1006 |     0.8146 |    0.7129 |     0.1071 |     0.8097 |    0.7069 |   1.69e-04 |     
   48 |     0.0987 |     0.8184 |    0.7173 |     0.1052 |     0.8093 |    0.7088 |   1.41e-04 |     
   49 |     0.0967 |     0.8222 |    0.7221 |     0.1041 |     0.8051 |    0.7025 |   1.19e-04 |     
   50 |     0.0957 |     0.8227 |    0.7229 |     0.1066 |     0.8117 |    0.7115 |   1.05e-04 |     
   51 |     0.1108 |     0.7993 |    0.6930 |     0.1240 |     0.7902 |    0.6823 |   3.00e-04 |     
   52 |     0.1137 |     0.7958 |    0.6892 |     0.1077 |     0.7969 |    0.6895 |   2.95e-04 |     
   53 |     0.1068 |     0.8050 |    0.7002 |     0.1120 |     0.7982 |    0.6946 |   2.81e-04 |     
   54 |     0.1054 |     0.8074 |    0.7040 |     0.1211 |     0.7929 |    0.6890 |   2.59e-04 |     
   55 |     0.1047 |     0.8090 |    0.7059 |     0.1051 |     0.8113 |    0.7097 |   2.31e-04 |     
   56 |     0.1020 |     0.8132 |    0.7106 |     0.1055 |     0.7994 |    0.6918 |   2.00e-04 |     
   57 |     0.0981 |     0.8203 |    0.7194 |     0.1013 |     0.8145 |    0.7134 |   1.69e-04 |     
   58 |     0.0964 |     0.8222 |    0.7217 |     0.1015 |     0.8175 |    0.7176 |   1.41e-04 |    *
   59 |     0.0940 |     0.8267 |    0.7280 |     0.1005 |     0.8165 |    0.7155 |   1.19e-04 |     
   60 |     0.0920 |     0.8294 |    0.7310 |     0.1036 |     0.8130 |    0.7116 |   1.05e-04 |     
   61 |     0.1090 |     0.8024 |    0.6971 |     0.1143 |     0.7945 |    0.6901 |   3.00e-04 |     
   62 |     0.1052 |     0.8080 |    0.7040 |     0.1119 |     0.7920 |    0.6868 |   2.95e-04 |     
   63 |     0.1070 |     0.8064 |    0.7019 |     0.1052 |     0.8070 |    0.7036 |   2.81e-04 |     
--- RACE-PE 80e validation screen: control validation statistics ---
up4: ca=0.8323+/-0.1343, sa=1.0100+/-0.0069, amp=0.0000, suppress=0.0000, guide_abs=0.2153
up4 residuals: local_mean=6.580e-02, global_mean=0.0224, local_strength=0.1133, global_strength=0.1156, gain=[0.9865,1.0508], saturation=0.1429, text_film=0.0274
up4 haar: reconstruction_error=5.960e-07, skip_low/high=0.8001/0.1999, plam_low/high=1.0000/0.0000
up4 strengths: plam=0.9035, region=0.1133, detail=0.1156; residual_std region/detail/refine=0.3666/0.4425/0.3868
up4 guide_mix: entropy=0.9808, raw_low=0.3329, plam_low=0.2338, decoder_low=0.2606, detail=0.1728; agreement plam/decoder=0.4595/0.3499, support=0.7927+/-0.1193
up4 adaptive_frequency: ALPF strength=0.2605, weights=0.1434/0.7190/0.1376, sum=1.0000, entropy=0.7157, delta_std=0.0678; AHPF strength=0.0717, weights=0.3496/0.4897/0.1606, sum=1.0000, entropy=0.9153, residual_std=0.0880, scaled_std=0.0063
up3: ca=0.9278+/-0.1938, sa=1.0121+/-0.0051, amp=0.0000, suppress=0.0000, guide_abs=0.2067
up3 residuals: local_mean=2.423e-02, global_mean=0.0757, local_strength=0.1161, global_strength=0.1230, gain=[0.9951,1.0436], saturation=0.0260, text_film=0.0414
up3 haar: reconstruction_error=5.960e-07, skip_low/high=0.7562/0.2438, plam_low/high=1.0000/0.0000
up3 strengths: plam=0.8758, region=0.1161, detail=0.1230; residual_std region/detail/refine=0.4274/0.4818/0.4069
up3 guide_mix: entropy=0.9781, raw_low=0.3159, plam_low=0.2020, decoder_low=0.3048, detail=0.1773; agreement plam/decoder=0.4502/0.1573, support=0.6853+/-0.1125
up3 adaptive_frequency: ALPF strength=0.2746, weights=0.1025/0.4330/0.4646, sum=1.0000, entropy=0.7683, delta_std=0.0678; AHPF strength=0.1237, weights=0.6716/0.1802/0.1482, sum=1.0000, entropy=0.7073, residual_std=0.0734, scaled_std=0.0091
up2: ca=0.8096+/-0.1935, sa=1.0047+/-0.0027, amp=0.0000, suppress=0.0000, guide_abs=0.3769
up2 residuals: local_mean=2.854e-03, global_mean=0.0379, local_strength=0.1326, global_strength=0.1150, gain=[0.9716,1.0399], saturation=0.0053, text_film=0.0730
up2 haar: reconstruction_error=1.192e-06, skip_low/high=0.8100/0.1900, plam_low/high=1.0000/0.0000
up2 strengths: plam=0.7526, region=0.1326, detail=0.1150; residual_std region/detail/refine=0.2518/0.2909/0.1576
up2 guide_mix: entropy=0.9446, raw_low=0.3269, plam_low=0.1643, decoder_low=0.3645, detail=0.1443; agreement plam/decoder=0.7138/0.2405, support=0.7534+/-0.0614
up1: ca=0.7375+/-0.1568, sa=1.0075+/-0.0104, amp=0.0000, suppress=0.0000, guide_abs=0.2260
up1 residuals: local_mean=4.915e-03, global_mean=0.0824, local_strength=0.1286, global_strength=0.0853, gain=[0.9186,1.0835], saturation=0.0000, text_film=0.0423
up1 haar: reconstruction_error=1.431e-06, skip_low/high=0.7405/0.2595, plam_low/high=1.0000/0.0000
up1 strengths: plam=0.8795, region=0.1286, detail=0.0853; residual_std region/detail/refine=0.1950/0.4153/0.2501
up1 guide_mix: entropy=0.9225, raw_low=0.3448, plam_low=0.1516, decoder_low=0.3804, detail=0.1232; agreement plam/decoder=0.1733/-0.0790, support=0.6055+/-0.0563

========= Epoch [64/80] =========
C4_Test_session_09.09_15h44
Training with batch size : 16
   [Train] Epoch: [64][20/357]  Loss:0.062 (Avg 0.1066) IoU:0.823 (Avg 0.6997) Dice:0.8992 (Avg 0.8074) LR 2.59e-04   (AvgTime 0.6)   
   [Train] Epoch: [64][40/357]  Loss:0.094 (Avg 0.1016) IoU:0.722 (Avg 0.7126) Dice:0.8212 (Avg 0.8165) LR 2.59e-04   (AvgTime 0.6)   
   [Train] Epoch: [64][60/357]  Loss:0.082 (Avg 0.0989) IoU:0.739 (Avg 0.7175) Dice:0.8391 (Avg 0.8197) LR 2.59e-04   (AvgTime 0.6)   
   [Train] Epoch: [64][80/357]  Loss:0.128 (Avg 0.1005) IoU:0.625 (Avg 0.7146) Dice:0.7496 (Avg 0.8170) LR 2.59e-04   (AvgTime 0.6)   
   [Train] Epoch: [64][100/357]  Loss:0.088 (Avg 0.0987) IoU:0.726 (Avg 0.7186) Dice:0.8268 (Avg 0.8200) LR 2.59e-04   (AvgTime 0.5)   
   [Train] Epoch: [64][120/357]  Loss:0.114 (Avg 0.0994) IoU:0.676 (Avg 0.7170) Dice:0.7707 (Avg 0.8185) LR 2.59e-04   (AvgTime 0.5)   
   [Train] Epoch: [64][140/357]  Loss:0.109 (Avg 0.1002) IoU:0.705 (Avg 0.7143) Dice:0.8168 (Avg 0.8165) LR 2.59e-04   (AvgTime 0.5)   
   [Train] Epoch: [64][160/357]  Loss:0.111 (Avg 0.1018) IoU:0.682 (Avg 0.7108) Dice:0.7905 (Avg 0.8136) LR 2.59e-04   (AvgTime 0.5)   
   [Train] Epoch: [64][180/357]  Loss:0.065 (Avg 0.1008) IoU:0.802 (Avg 0.7130) Dice:0.8871 (Avg 0.8156) LR 2.59e-04   (AvgTime 0.5)   
   [Train] Epoch: [64][200/357]  Loss:0.083 (Avg 0.1007) IoU:0.741 (Avg 0.7130) Dice:0.8428 (Avg 0.8156) LR 2.59e-04   (AvgTime 0.5)   
   [Train] Epoch: [64][220/357]  Loss:0.090 (Avg 0.1009) IoU:0.733 (Avg 0.7127) Dice:0.8325 (Avg 0.8155) LR 2.59e-04   (AvgTime 0.5)   
   [Train] Epoch: [64][240/357]  Loss:0.054 (Avg 0.1002) IoU:0.830 (Avg 0.7144) Dice:0.9042 (Avg 0.8167) LR 2.59e-04   (AvgTime 0.5)   
   [Train] Epoch: [64][260/357]  Loss:0.079 (Avg 0.1005) IoU:0.778 (Avg 0.7137) Dice:0.8584 (Avg 0.8162) LR 2.59e-04   (AvgTime 0.5)   
   [Train] Epoch: [64][280/357]  Loss:0.087 (Avg 0.1006) IoU:0.733 (Avg 0.7133) Dice:0.8304 (Avg 0.8157) LR 2.59e-04   (AvgTime 0.5)   
   [Train] Epoch: [64][300/357]  Loss:0.077 (Avg 0.1012) IoU:0.775 (Avg 0.7120) Dice:0.8566 (Avg 0.8145) LR 2.59e-04   (AvgTime 0.5)   
   [Train] Epoch: [64][320/357]  Loss:0.075 (Avg 0.1013) IoU:0.768 (Avg 0.7116) Dice:0.8640 (Avg 0.8143) LR 2.59e-04   (AvgTime 0.5)   
   [Train] Epoch: [64][340/357]  Loss:0.090 (Avg 0.1009) IoU:0.736 (Avg 0.7129) Dice:0.8289 (Avg 0.8153) LR 2.59e-04   (AvgTime 0.5)   
   [Train] Epoch: [64][357/357]  Loss:0.075 (Avg 0.1006) IoU:0.774 (Avg 0.7134) Dice:0.8622 (Avg 0.8157) LR 2.59e-04   (AvgTime 0.5)   
   [Train] Loss components: dice=0.158938, focal=0.042287, total=0.100613
Validation
   [Val] Epoch: [64][20/90]  Loss:0.136 (Avg 0.1064) IoU:0.656 (Avg 0.7153) Dice:0.7778 (Avg 0.8183) (AvgTime 0.2)   
   [Val] Epoch: [64][40/90]  Loss:0.097 (Avg 0.1121) IoU:0.718 (Avg 0.7016) Dice:0.8232 (Avg 0.8054) (AvgTime 0.2)   
   [Val] Epoch: [64][60/90]  Loss:0.132 (Avg 0.1046) IoU:0.654 (Avg 0.7146) Dice:0.7610 (Avg 0.8145) (AvgTime 0.2)   
   [Val] Epoch: [64][80/90]  Loss:0.102 (Avg 0.1042) IoU:0.719 (Avg 0.7129) Dice:0.8116 (Avg 0.8129) (AvgTime 0.2)   
   [Val] Epoch: [64][90/90]  Loss:0.133 (Avg 0.1045) IoU:0.609 (Avg 0.7125) Dice:0.7363 (Avg 0.8126) (AvgTime 0.2)   
   [Val] Loss components: dice=0.161057, focal=0.047929, total=0.104493
	 No iou improvement; selected epoch 58
	 early_stopping_count: 6/80
--- Epoch History (1..64) ---
Epoch |  TrainLoss |  TrainDice |  TrainIoU |    ValLoss |    ValDice |    ValIoU |         LR | Best
    1 |     0.2379 |     0.6073 |    0.4776 |     0.1928 |     0.6881 |    0.5656 |   3.00e-04 |     
    2 |     0.1735 |     0.6993 |    0.5754 |     0.1794 |     0.6884 |    0.5646 |   2.95e-04 |     
    3 |     0.1551 |     0.7275 |    0.6080 |     0.1434 |     0.7519 |    0.6362 |   2.81e-04 |     
    4 |     0.1433 |     0.7455 |    0.6288 |     0.1249 |     0.7776 |    0.6670 |   2.59e-04 |     
    5 |     0.1385 |     0.7532 |    0.6372 |     0.1294 |     0.7623 |    0.6477 |   2.31e-04 |     
    6 |     0.1322 |     0.7635 |    0.6498 |     0.1199 |     0.7896 |    0.6818 |   2.00e-04 |     
    7 |     0.1269 |     0.7728 |    0.6612 |     0.1228 |     0.7847 |    0.6751 |   1.69e-04 |     
    8 |     0.1217 |     0.7793 |    0.6692 |     0.1136 |     0.7979 |    0.6923 |   1.41e-04 |     
    9 |     0.1195 |     0.7835 |    0.6745 |     0.1192 |     0.7913 |    0.6831 |   1.19e-04 |     
   10 |     0.1163 |     0.7892 |    0.6813 |     0.1168 |     0.7850 |    0.6775 |   1.05e-04 |     
   11 |     0.1403 |     0.7517 |    0.6355 |     0.1291 |     0.7743 |    0.6602 |   3.00e-04 |     
   12 |     0.1316 |     0.7641 |    0.6512 |     0.1328 |     0.7636 |    0.6512 |   2.95e-04 |     
   13 |     0.1263 |     0.7730 |    0.6610 |     0.1408 |     0.7642 |    0.6509 |   2.81e-04 |     
   14 |     0.1252 |     0.7749 |    0.6635 |     0.1187 |     0.7935 |    0.6862 |   2.59e-04 |     
   15 |     0.1216 |     0.7807 |    0.6707 |     0.1123 |     0.7925 |    0.6844 |   2.31e-04 |     
   16 |     0.1180 |     0.7858 |    0.6774 |     0.1121 |     0.7992 |    0.6935 |   2.00e-04 |     
   17 |     0.1145 |     0.7921 |    0.6845 |     0.1114 |     0.7926 |    0.6854 |   1.69e-04 |     
   18 |     0.1124 |     0.7968 |    0.6900 |     0.1102 |     0.7951 |    0.6874 |   1.41e-04 |     
   19 |     0.1090 |     0.8008 |    0.6956 |     0.1142 |     0.7864 |    0.6784 |   1.19e-04 |     
   20 |     0.1076 |     0.8033 |    0.6987 |     0.1081 |     0.8027 |    0.6994 |   1.05e-04 |     
   21 |     0.1296 |     0.7684 |    0.6551 |     0.1237 |     0.7932 |    0.6871 |   3.00e-04 |     
   22 |     0.1231 |     0.7788 |    0.6680 |     0.1142 |     0.7894 |    0.6830 |   2.95e-04 |     
   23 |     0.1186 |     0.7855 |    0.6772 |     0.1121 |     0.7973 |    0.6918 |   2.81e-04 |     
   24 |     0.1175 |     0.7876 |    0.6793 |     0.1139 |     0.7888 |    0.6777 |   2.59e-04 |     
   25 |     0.1131 |     0.7947 |    0.6877 |     0.1212 |     0.7900 |    0.6812 |   2.31e-04 |     
   26 |     0.1134 |     0.7939 |    0.6870 |     0.1299 |     0.7857 |    0.6759 |   2.00e-04 |     
   27 |     0.1086 |     0.8025 |    0.6975 |     0.1125 |     0.8038 |    0.7003 |   1.69e-04 |     
   28 |     0.1069 |     0.8047 |    0.7000 |     0.1081 |     0.8043 |    0.7013 |   1.41e-04 |     
   29 |     0.1049 |     0.8077 |    0.7042 |     0.1050 |     0.8113 |    0.7096 |   1.19e-04 |     
   30 |     0.1030 |     0.8122 |    0.7095 |     0.1044 |     0.8053 |    0.7023 |   1.05e-04 |     
   31 |     0.1188 |     0.7865 |    0.6768 |     0.1150 |     0.7858 |    0.6746 |   3.00e-04 |     
   32 |     0.1153 |     0.7911 |    0.6832 |     0.1292 |     0.7794 |    0.6715 |   2.95e-04 |     
   33 |     0.1150 |     0.7921 |    0.6843 |     0.1150 |     0.8012 |    0.6967 |   2.81e-04 |     
   34 |     0.1112 |     0.7986 |    0.6925 |     0.1107 |     0.8075 |    0.7053 |   2.59e-04 |     
   35 |     0.1107 |     0.7991 |    0.6931 |     0.1144 |     0.7942 |    0.6877 |   2.31e-04 |     
   36 |     0.1077 |     0.8042 |    0.7001 |     0.1050 |     0.8097 |    0.7081 |   2.00e-04 |     
   37 |     0.1045 |     0.8089 |    0.7059 |     0.1193 |     0.7762 |    0.6666 |   1.69e-04 |     
   38 |     0.1020 |     0.8126 |    0.7104 |     0.1119 |     0.8108 |    0.7088 |   1.41e-04 |     
   39 |     0.0996 |     0.8173 |    0.7164 |     0.1080 |     0.8134 |    0.7133 |   1.19e-04 |     
   40 |     0.0989 |     0.8176 |    0.7170 |     0.1020 |     0.8155 |    0.7161 |   1.05e-04 |     
   41 |     0.1137 |     0.7945 |    0.6866 |     0.3099 |     0.6225 |    0.4941 |   3.00e-04 |     
   42 |     0.1136 |     0.7949 |    0.6879 |     0.1140 |     0.7907 |    0.6855 |   2.95e-04 |     
   43 |     0.1107 |     0.7985 |    0.6929 |     0.1100 |     0.7960 |    0.6900 |   2.81e-04 |     
   44 |     0.1067 |     0.8051 |    0.7006 |     0.1145 |     0.7889 |    0.6807 |   2.59e-04 |     
   45 |     0.1046 |     0.8089 |    0.7049 |     0.1109 |     0.7975 |    0.6921 |   2.31e-04 |     
   46 |     0.1043 |     0.8097 |    0.7062 |     0.1059 |     0.8083 |    0.7050 |   2.00e-04 |     
   47 |     0.1006 |     0.8146 |    0.7129 |     0.1071 |     0.8097 |    0.7069 |   1.69e-04 |     
   48 |     0.0987 |     0.8184 |    0.7173 |     0.1052 |     0.8093 |    0.7088 |   1.41e-04 |     
   49 |     0.0967 |     0.8222 |    0.7221 |     0.1041 |     0.8051 |    0.7025 |   1.19e-04 |     
   50 |     0.0957 |     0.8227 |    0.7229 |     0.1066 |     0.8117 |    0.7115 |   1.05e-04 |     
   51 |     0.1108 |     0.7993 |    0.6930 |     0.1240 |     0.7902 |    0.6823 |   3.00e-04 |     
   52 |     0.1137 |     0.7958 |    0.6892 |     0.1077 |     0.7969 |    0.6895 |   2.95e-04 |     
   53 |     0.1068 |     0.8050 |    0.7002 |     0.1120 |     0.7982 |    0.6946 |   2.81e-04 |     
   54 |     0.1054 |     0.8074 |    0.7040 |     0.1211 |     0.7929 |    0.6890 |   2.59e-04 |     
   55 |     0.1047 |     0.8090 |    0.7059 |     0.1051 |     0.8113 |    0.7097 |   2.31e-04 |     
   56 |     0.1020 |     0.8132 |    0.7106 |     0.1055 |     0.7994 |    0.6918 |   2.00e-04 |     
   57 |     0.0981 |     0.8203 |    0.7194 |     0.1013 |     0.8145 |    0.7134 |   1.69e-04 |     
   58 |     0.0964 |     0.8222 |    0.7217 |     0.1015 |     0.8175 |    0.7176 |   1.41e-04 |    *
   59 |     0.0940 |     0.8267 |    0.7280 |     0.1005 |     0.8165 |    0.7155 |   1.19e-04 |     
   60 |     0.0920 |     0.8294 |    0.7310 |     0.1036 |     0.8130 |    0.7116 |   1.05e-04 |     
   61 |     0.1090 |     0.8024 |    0.6971 |     0.1143 |     0.7945 |    0.6901 |   3.00e-04 |     
   62 |     0.1052 |     0.8080 |    0.7040 |     0.1119 |     0.7920 |    0.6868 |   2.95e-04 |     
   63 |     0.1070 |     0.8064 |    0.7019 |     0.1052 |     0.8070 |    0.7036 |   2.81e-04 |     
   64 |     0.1006 |     0.8157 |    0.7134 |     0.1045 |     0.8126 |    0.7125 |   2.59e-04 |     
--- RACE-PE 80e validation screen: control validation statistics ---
up4: ca=0.8343+/-0.1302, sa=1.0099+/-0.0067, amp=0.0000, suppress=0.0000, guide_abs=0.2008
up4 residuals: local_mean=6.493e-02, global_mean=0.0221, local_strength=0.1134, global_strength=0.1159, gain=[0.9891,1.0488], saturation=0.1571, text_film=0.0273
up4 haar: reconstruction_error=9.537e-07, skip_low/high=0.7999/0.2001, plam_low/high=1.0000/0.0000
up4 strengths: plam=0.9025, region=0.1134, detail=0.1159; residual_std region/detail/refine=0.3687/0.4515/0.3964
up4 guide_mix: entropy=0.9806, raw_low=0.3396, plam_low=0.2417, decoder_low=0.2426, detail=0.1760; agreement plam/decoder=0.4752/0.2631, support=0.7966+/-0.1204
up4 adaptive_frequency: ALPF strength=0.2608, weights=0.1425/0.7195/0.1380, sum=1.0000, entropy=0.7152, delta_std=0.0654; AHPF strength=0.0716, weights=0.3498/0.4897/0.1605, sum=1.0000, entropy=0.9147, residual_std=0.0890, scaled_std=0.0064
up3: ca=0.9408+/-0.1764, sa=1.0118+/-0.0050, amp=0.0000, suppress=0.0000, guide_abs=0.1977
up3 residuals: local_mean=2.339e-02, global_mean=0.0743, local_strength=0.1161, global_strength=0.1232, gain=[0.9918,1.0419], saturation=0.0253, text_film=0.0415
up3 haar: reconstruction_error=9.537e-07, skip_low/high=0.7559/0.2441, plam_low/high=1.0000/0.0000
up3 strengths: plam=0.8745, region=0.1161, detail=0.1232; residual_std region/detail/refine=0.4035/0.4815/0.4046
up3 guide_mix: entropy=0.9813, raw_low=0.3125, plam_low=0.2141, decoder_low=0.2963, detail=0.1770; agreement plam/decoder=0.3671/0.1956, support=0.6679+/-0.1138
up3 adaptive_frequency: ALPF strength=0.2756, weights=0.0885/0.4076/0.5039, sum=1.0000, entropy=0.7458, delta_std=0.0709; AHPF strength=0.1245, weights=0.7393/0.1422/0.1184, sum=1.0000, entropy=0.6120, residual_std=0.0624, scaled_std=0.0078
up2: ca=0.8102+/-0.1439, sa=1.0051+/-0.0030, amp=0.0000, suppress=0.0000, guide_abs=0.3828
up2 residuals: local_mean=2.017e-03, global_mean=0.0425, local_strength=0.1330, global_strength=0.1150, gain=[0.9674,1.0466], saturation=0.0082, text_film=0.0699
up2 haar: reconstruction_error=1.222e-06, skip_low/high=0.8043/0.1957, plam_low/high=1.0000/0.0000
up2 strengths: plam=0.7490, region=0.1330, detail=0.1150; residual_std region/detail/refine=0.2241/0.3013/0.1459
up2 guide_mix: entropy=0.9496, raw_low=0.3286, plam_low=0.1646, decoder_low=0.3551, detail=0.1517; agreement plam/decoder=0.6954/0.2579, support=0.7536+/-0.0613
up1: ca=0.7502+/-0.1602, sa=1.0077+/-0.0105, amp=0.0000, suppress=0.0000, guide_abs=0.2061
up1 residuals: local_mean=4.119e-03, global_mean=0.0856, local_strength=0.1290, global_strength=0.0850, gain=[0.9189,1.0834], saturation=0.0000, text_film=0.0431
up1 haar: reconstruction_error=1.907e-06, skip_low/high=0.7281/0.2719, plam_low/high=1.0000/0.0000
up1 strengths: plam=0.8785, region=0.1290, detail=0.0850; residual_std region/detail/refine=0.2004/0.4172/0.2533
up1 guide_mix: entropy=0.9324, raw_low=0.3193, plam_low=0.1714, decoder_low=0.3858, detail=0.1235; agreement plam/decoder=0.2503/-0.1339, support=0.6065+/-0.0563

========= Epoch [65/80] =========
C4_Test_session_09.09_15h44
Training with batch size : 16
   [Train] Epoch: [65][20/357]  Loss:0.091 (Avg 0.1037) IoU:0.750 (Avg 0.7091) Dice:0.8439 (Avg 0.8100) LR 2.31e-04   (AvgTime 0.6)   
   [Train] Epoch: [65][40/357]  Loss:0.099 (Avg 0.1031) IoU:0.707 (Avg 0.7089) Dice:0.8153 (Avg 0.8112) LR 2.31e-04   (AvgTime 0.6)   
   [Train] Epoch: [65][60/357]  Loss:0.111 (Avg 0.1027) IoU:0.680 (Avg 0.7088) Dice:0.7836 (Avg 0.8114) LR 2.31e-04   (AvgTime 0.5)   
   [Train] Epoch: [65][80/357]  Loss:0.114 (Avg 0.1042) IoU:0.691 (Avg 0.7058) Dice:0.7982 (Avg 0.8091) LR 2.31e-04   (AvgTime 0.5)   
   [Train] Epoch: [65][100/357]  Loss:0.098 (Avg 0.1040) IoU:0.698 (Avg 0.7063) Dice:0.8056 (Avg 0.8100) LR 2.31e-04   (AvgTime 0.5)   
   [Train] Epoch: [65][120/357]  Loss:0.134 (Avg 0.1035) IoU:0.641 (Avg 0.7071) Dice:0.7576 (Avg 0.8108) LR 2.31e-04   (AvgTime 0.5)   
   [Train] Epoch: [65][140/357]  Loss:0.064 (Avg 0.1034) IoU:0.831 (Avg 0.7074) Dice:0.9053 (Avg 0.8107) LR 2.31e-04   (AvgTime 0.5)   
   [Train] Epoch: [65][160/357]  Loss:0.093 (Avg 0.1031) IoU:0.767 (Avg 0.7084) Dice:0.8595 (Avg 0.8114) LR 2.31e-04   (AvgTime 0.5)   
   [Train] Epoch: [65][180/357]  Loss:0.087 (Avg 0.1024) IoU:0.747 (Avg 0.7106) Dice:0.8434 (Avg 0.8133) LR 2.31e-04   (AvgTime 0.5)   
   [Train] Epoch: [65][200/357]  Loss:0.116 (Avg 0.1025) IoU:0.656 (Avg 0.7104) Dice:0.7744 (Avg 0.8129) LR 2.31e-04   (AvgTime 0.5)   
   [Train] Epoch: [65][220/357]  Loss:0.078 (Avg 0.1019) IoU:0.803 (Avg 0.7117) Dice:0.8866 (Avg 0.8140) LR 2.31e-04   (AvgTime 0.5)   
   [Train] Epoch: [65][240/357]  Loss:0.117 (Avg 0.1015) IoU:0.675 (Avg 0.7124) Dice:0.7804 (Avg 0.8146) LR 2.31e-04   (AvgTime 0.5)   
   [Train] Epoch: [65][260/357]  Loss:0.082 (Avg 0.1010) IoU:0.753 (Avg 0.7136) Dice:0.8504 (Avg 0.8156) LR 2.31e-04   (AvgTime 0.5)   
   [Train] Epoch: [65][280/357]  Loss:0.088 (Avg 0.1005) IoU:0.760 (Avg 0.7145) Dice:0.8574 (Avg 0.8164) LR 2.31e-04   (AvgTime 0.5)   
   [Train] Epoch: [65][300/357]  Loss:0.098 (Avg 0.1003) IoU:0.713 (Avg 0.7151) Dice:0.8105 (Avg 0.8169) LR 2.31e-04   (AvgTime 0.5)   
   [Train] Epoch: [65][320/357]  Loss:0.096 (Avg 0.1005) IoU:0.732 (Avg 0.7147) Dice:0.8324 (Avg 0.8165) LR 2.31e-04   (AvgTime 0.5)   
   [Train] Epoch: [65][340/357]  Loss:0.088 (Avg 0.1000) IoU:0.761 (Avg 0.7159) Dice:0.8514 (Avg 0.8175) LR 2.31e-04   (AvgTime 0.5)   
   [Train] Epoch: [65][357/357]  Loss:0.101 (Avg 0.1004) IoU:0.719 (Avg 0.7147) Dice:0.8237 (Avg 0.8165) LR 2.31e-04   (AvgTime 0.5)   
   [Train] Loss components: dice=0.158345, focal=0.042554, total=0.100450
Validation
   [Val] Epoch: [65][20/90]  Loss:0.150 (Avg 0.1154) IoU:0.633 (Avg 0.7074) Dice:0.7603 (Avg 0.8127) (AvgTime 0.2)   
   [Val] Epoch: [65][40/90]  Loss:0.121 (Avg 0.1192) IoU:0.673 (Avg 0.6947) Dice:0.7936 (Avg 0.8008) (AvgTime 0.2)   
   [Val] Epoch: [65][60/90]  Loss:0.150 (Avg 0.1144) IoU:0.634 (Avg 0.7012) Dice:0.7454 (Avg 0.8043) (AvgTime 0.2)   
   [Val] Epoch: [65][80/90]  Loss:0.102 (Avg 0.1137) IoU:0.704 (Avg 0.6995) Dice:0.8101 (Avg 0.8033) (AvgTime 0.2)   
   [Val] Epoch: [65][90/90]  Loss:0.145 (Avg 0.1140) IoU:0.592 (Avg 0.6987) Dice:0.7254 (Avg 0.8026) (AvgTime 0.2)   
   [Val] Loss components: dice=0.167197, focal=0.060893, total=0.114045
	 No iou improvement; selected epoch 58
	 early_stopping_count: 7/80
--- Epoch History (1..65) ---
Epoch |  TrainLoss |  TrainDice |  TrainIoU |    ValLoss |    ValDice |    ValIoU |         LR | Best
    1 |     0.2379 |     0.6073 |    0.4776 |     0.1928 |     0.6881 |    0.5656 |   3.00e-04 |     
    2 |     0.1735 |     0.6993 |    0.5754 |     0.1794 |     0.6884 |    0.5646 |   2.95e-04 |     
    3 |     0.1551 |     0.7275 |    0.6080 |     0.1434 |     0.7519 |    0.6362 |   2.81e-04 |     
    4 |     0.1433 |     0.7455 |    0.6288 |     0.1249 |     0.7776 |    0.6670 |   2.59e-04 |     
    5 |     0.1385 |     0.7532 |    0.6372 |     0.1294 |     0.7623 |    0.6477 |   2.31e-04 |     
    6 |     0.1322 |     0.7635 |    0.6498 |     0.1199 |     0.7896 |    0.6818 |   2.00e-04 |     
    7 |     0.1269 |     0.7728 |    0.6612 |     0.1228 |     0.7847 |    0.6751 |   1.69e-04 |     
    8 |     0.1217 |     0.7793 |    0.6692 |     0.1136 |     0.7979 |    0.6923 |   1.41e-04 |     
    9 |     0.1195 |     0.7835 |    0.6745 |     0.1192 |     0.7913 |    0.6831 |   1.19e-04 |     
   10 |     0.1163 |     0.7892 |    0.6813 |     0.1168 |     0.7850 |    0.6775 |   1.05e-04 |     
   11 |     0.1403 |     0.7517 |    0.6355 |     0.1291 |     0.7743 |    0.6602 |   3.00e-04 |     
   12 |     0.1316 |     0.7641 |    0.6512 |     0.1328 |     0.7636 |    0.6512 |   2.95e-04 |     
   13 |     0.1263 |     0.7730 |    0.6610 |     0.1408 |     0.7642 |    0.6509 |   2.81e-04 |     
   14 |     0.1252 |     0.7749 |    0.6635 |     0.1187 |     0.7935 |    0.6862 |   2.59e-04 |     
   15 |     0.1216 |     0.7807 |    0.6707 |     0.1123 |     0.7925 |    0.6844 |   2.31e-04 |     
   16 |     0.1180 |     0.7858 |    0.6774 |     0.1121 |     0.7992 |    0.6935 |   2.00e-04 |     
   17 |     0.1145 |     0.7921 |    0.6845 |     0.1114 |     0.7926 |    0.6854 |   1.69e-04 |     
   18 |     0.1124 |     0.7968 |    0.6900 |     0.1102 |     0.7951 |    0.6874 |   1.41e-04 |     
   19 |     0.1090 |     0.8008 |    0.6956 |     0.1142 |     0.7864 |    0.6784 |   1.19e-04 |     
   20 |     0.1076 |     0.8033 |    0.6987 |     0.1081 |     0.8027 |    0.6994 |   1.05e-04 |     
   21 |     0.1296 |     0.7684 |    0.6551 |     0.1237 |     0.7932 |    0.6871 |   3.00e-04 |     
   22 |     0.1231 |     0.7788 |    0.6680 |     0.1142 |     0.7894 |    0.6830 |   2.95e-04 |     
   23 |     0.1186 |     0.7855 |    0.6772 |     0.1121 |     0.7973 |    0.6918 |   2.81e-04 |     
   24 |     0.1175 |     0.7876 |    0.6793 |     0.1139 |     0.7888 |    0.6777 |   2.59e-04 |     
   25 |     0.1131 |     0.7947 |    0.6877 |     0.1212 |     0.7900 |    0.6812 |   2.31e-04 |     
   26 |     0.1134 |     0.7939 |    0.6870 |     0.1299 |     0.7857 |    0.6759 |   2.00e-04 |     
   27 |     0.1086 |     0.8025 |    0.6975 |     0.1125 |     0.8038 |    0.7003 |   1.69e-04 |     
   28 |     0.1069 |     0.8047 |    0.7000 |     0.1081 |     0.8043 |    0.7013 |   1.41e-04 |     
   29 |     0.1049 |     0.8077 |    0.7042 |     0.1050 |     0.8113 |    0.7096 |   1.19e-04 |     
   30 |     0.1030 |     0.8122 |    0.7095 |     0.1044 |     0.8053 |    0.7023 |   1.05e-04 |     
   31 |     0.1188 |     0.7865 |    0.6768 |     0.1150 |     0.7858 |    0.6746 |   3.00e-04 |     
   32 |     0.1153 |     0.7911 |    0.6832 |     0.1292 |     0.7794 |    0.6715 |   2.95e-04 |     
   33 |     0.1150 |     0.7921 |    0.6843 |     0.1150 |     0.8012 |    0.6967 |   2.81e-04 |     
   34 |     0.1112 |     0.7986 |    0.6925 |     0.1107 |     0.8075 |    0.7053 |   2.59e-04 |     
   35 |     0.1107 |     0.7991 |    0.6931 |     0.1144 |     0.7942 |    0.6877 |   2.31e-04 |     
   36 |     0.1077 |     0.8042 |    0.7001 |     0.1050 |     0.8097 |    0.7081 |   2.00e-04 |     
   37 |     0.1045 |     0.8089 |    0.7059 |     0.1193 |     0.7762 |    0.6666 |   1.69e-04 |     
   38 |     0.1020 |     0.8126 |    0.7104 |     0.1119 |     0.8108 |    0.7088 |   1.41e-04 |     
   39 |     0.0996 |     0.8173 |    0.7164 |     0.1080 |     0.8134 |    0.7133 |   1.19e-04 |     
   40 |     0.0989 |     0.8176 |    0.7170 |     0.1020 |     0.8155 |    0.7161 |   1.05e-04 |     
   41 |     0.1137 |     0.7945 |    0.6866 |     0.3099 |     0.6225 |    0.4941 |   3.00e-04 |     
   42 |     0.1136 |     0.7949 |    0.6879 |     0.1140 |     0.7907 |    0.6855 |   2.95e-04 |     
   43 |     0.1107 |     0.7985 |    0.6929 |     0.1100 |     0.7960 |    0.6900 |   2.81e-04 |     
   44 |     0.1067 |     0.8051 |    0.7006 |     0.1145 |     0.7889 |    0.6807 |   2.59e-04 |     
   45 |     0.1046 |     0.8089 |    0.7049 |     0.1109 |     0.7975 |    0.6921 |   2.31e-04 |     
   46 |     0.1043 |     0.8097 |    0.7062 |     0.1059 |     0.8083 |    0.7050 |   2.00e-04 |     
   47 |     0.1006 |     0.8146 |    0.7129 |     0.1071 |     0.8097 |    0.7069 |   1.69e-04 |     
   48 |     0.0987 |     0.8184 |    0.7173 |     0.1052 |     0.8093 |    0.7088 |   1.41e-04 |     
   49 |     0.0967 |     0.8222 |    0.7221 |     0.1041 |     0.8051 |    0.7025 |   1.19e-04 |     
   50 |     0.0957 |     0.8227 |    0.7229 |     0.1066 |     0.8117 |    0.7115 |   1.05e-04 |     
   51 |     0.1108 |     0.7993 |    0.6930 |     0.1240 |     0.7902 |    0.6823 |   3.00e-04 |     
   52 |     0.1137 |     0.7958 |    0.6892 |     0.1077 |     0.7969 |    0.6895 |   2.95e-04 |     
   53 |     0.1068 |     0.8050 |    0.7002 |     0.1120 |     0.7982 |    0.6946 |   2.81e-04 |     
   54 |     0.1054 |     0.8074 |    0.7040 |     0.1211 |     0.7929 |    0.6890 |   2.59e-04 |     
   55 |     0.1047 |     0.8090 |    0.7059 |     0.1051 |     0.8113 |    0.7097 |   2.31e-04 |     
   56 |     0.1020 |     0.8132 |    0.7106 |     0.1055 |     0.7994 |    0.6918 |   2.00e-04 |     
   57 |     0.0981 |     0.8203 |    0.7194 |     0.1013 |     0.8145 |    0.7134 |   1.69e-04 |     
   58 |     0.0964 |     0.8222 |    0.7217 |     0.1015 |     0.8175 |    0.7176 |   1.41e-04 |    *
   59 |     0.0940 |     0.8267 |    0.7280 |     0.1005 |     0.8165 |    0.7155 |   1.19e-04 |     
   60 |     0.0920 |     0.8294 |    0.7310 |     0.1036 |     0.8130 |    0.7116 |   1.05e-04 |     
   61 |     0.1090 |     0.8024 |    0.6971 |     0.1143 |     0.7945 |    0.6901 |   3.00e-04 |     
   62 |     0.1052 |     0.8080 |    0.7040 |     0.1119 |     0.7920 |    0.6868 |   2.95e-04 |     
   63 |     0.1070 |     0.8064 |    0.7019 |     0.1052 |     0.8070 |    0.7036 |   2.81e-04 |     
   64 |     0.1006 |     0.8157 |    0.7134 |     0.1045 |     0.8126 |    0.7125 |   2.59e-04 |     
   65 |     0.1004 |     0.8165 |    0.7147 |     0.1140 |     0.8026 |    0.6987 |   2.31e-04 |     
--- RACE-PE 80e validation screen: control validation statistics ---
up4: ca=0.8362+/-0.1295, sa=1.0100+/-0.0066, amp=0.0000, suppress=0.0000, guide_abs=0.1973
up4 residuals: local_mean=6.552e-02, global_mean=0.0226, local_strength=0.1135, global_strength=0.1160, gain=[0.9933,1.0506], saturation=0.1561, text_film=0.0277
up4 haar: reconstruction_error=9.537e-07, skip_low/high=0.8025/0.1975, plam_low/high=1.0000/0.0000
up4 strengths: plam=0.9026, region=0.1135, detail=0.1160; residual_std region/detail/refine=0.3628/0.4361/0.3828
up4 guide_mix: entropy=0.9798, raw_low=0.3434, plam_low=0.2354, decoder_low=0.2441, detail=0.1771; agreement plam/decoder=0.4471/0.2035, support=0.7969+/-0.1146
up4 adaptive_frequency: ALPF strength=0.2614, weights=0.1431/0.7198/0.1372, sum=1.0000, entropy=0.7147, delta_std=0.0632; AHPF strength=0.0715, weights=0.3503/0.4892/0.1606, sum=1.0000, entropy=0.9155, residual_std=0.0861, scaled_std=0.0062
up3: ca=0.9536+/-0.1771, sa=1.0120+/-0.0049, amp=0.0000, suppress=0.0000, guide_abs=0.2014
up3 residuals: local_mean=2.316e-02, global_mean=0.0757, local_strength=0.1162, global_strength=0.1235, gain=[0.9952,1.0433], saturation=0.0094, text_film=0.0396
up3 haar: reconstruction_error=9.537e-07, skip_low/high=0.7563/0.2437, plam_low/high=1.0000/0.0000
up3 strengths: plam=0.8732, region=0.1162, detail=0.1235; residual_std region/detail/refine=0.4171/0.4946/0.4285
up3 guide_mix: entropy=0.9761, raw_low=0.3176, plam_low=0.1946, decoder_low=0.3097, detail=0.1782; agreement plam/decoder=0.4628/0.3750, support=0.6758+/-0.1060
up3 adaptive_frequency: ALPF strength=0.2764, weights=0.0918/0.4160/0.4921, sum=1.0000, entropy=0.7492, delta_std=0.0653; AHPF strength=0.1251, weights=0.6547/0.1750/0.1704, sum=1.0000, entropy=0.7127, residual_std=0.0735, scaled_std=0.0092
up2: ca=0.8192+/-0.1714, sa=1.0051+/-0.0028, amp=0.0000, suppress=0.0000, guide_abs=0.3878
up2 residuals: local_mean=1.466e-03, global_mean=0.0423, local_strength=0.1334, global_strength=0.1152, gain=[0.9691,1.0468], saturation=0.0070, text_film=0.0711
up2 haar: reconstruction_error=9.537e-07, skip_low/high=0.8205/0.1795, plam_low/high=1.0000/0.0000
up2 strengths: plam=0.7450, region=0.1334, detail=0.1152; residual_std region/detail/refine=0.1970/0.2816/0.1530
up2 guide_mix: entropy=0.9470, raw_low=0.3262, plam_low=0.1713, decoder_low=0.3603, detail=0.1423; agreement plam/decoder=0.7171/0.1561, support=0.7667+/-0.0598
up1: ca=0.7596+/-0.1597, sa=1.0075+/-0.0106, amp=0.0000, suppress=0.0000, guide_abs=0.2127
up1 residuals: local_mean=5.819e-04, global_mean=0.0888, local_strength=0.1293, global_strength=0.0846, gain=[0.9193,1.0830], saturation=0.0006, text_film=0.0405
up1 haar: reconstruction_error=1.907e-06, skip_low/high=0.7650/0.2350, plam_low/high=1.0000/0.0000
up1 strengths: plam=0.8768, region=0.1293, detail=0.0846; residual_std region/detail/refine=0.2328/0.4271/0.2565
up1 guide_mix: entropy=0.9064, raw_low=0.4063, plam_low=0.1213, decoder_low=0.3398, detail=0.1327; agreement plam/decoder=0.3852/0.1553, support=0.6112+/-0.0613

========= Epoch [66/80] =========
C4_Test_session_09.09_15h44
Training with batch size : 16
   [Train] Epoch: [66][20/357]  Loss:0.135 (Avg 0.0923) IoU:0.646 (Avg 0.7319) Dice:0.7472 (Avg 0.8300) LR 2.00e-04   (AvgTime 0.6)   
   [Train] Epoch: [66][40/357]  Loss:0.095 (Avg 0.0961) IoU:0.711 (Avg 0.7203) Dice:0.8183 (Avg 0.8220) LR 2.00e-04   (AvgTime 0.6)   
   [Train] Epoch: [66][60/357]  Loss:0.089 (Avg 0.0952) IoU:0.723 (Avg 0.7250) Dice:0.8198 (Avg 0.8248) LR 2.00e-04   (AvgTime 0.6)   
   [Train] Epoch: [66][80/357]  Loss:0.105 (Avg 0.0954) IoU:0.710 (Avg 0.7239) Dice:0.8177 (Avg 0.8244) LR 2.00e-04   (AvgTime 0.6)   
   [Train] Epoch: [66][100/357]  Loss:0.083 (Avg 0.0955) IoU:0.754 (Avg 0.7254) Dice:0.8493 (Avg 0.8252) LR 2.00e-04   (AvgTime 0.6)   
   [Train] Epoch: [66][120/357]  Loss:0.089 (Avg 0.0945) IoU:0.757 (Avg 0.7270) Dice:0.8569 (Avg 0.8269) LR 2.00e-04   (AvgTime 0.6)   
   [Train] Epoch: [66][140/357]  Loss:0.106 (Avg 0.0958) IoU:0.724 (Avg 0.7244) Dice:0.8286 (Avg 0.8245) LR 2.00e-04   (AvgTime 0.6)   
   [Train] Epoch: [66][160/357]  Loss:0.127 (Avg 0.0958) IoU:0.649 (Avg 0.7235) Dice:0.7748 (Avg 0.8240) LR 2.00e-04   (AvgTime 0.5)   
   [Train] Epoch: [66][180/357]  Loss:0.096 (Avg 0.0965) IoU:0.724 (Avg 0.7217) Dice:0.8263 (Avg 0.8225) LR 2.00e-04   (AvgTime 0.5)   
   [Train] Epoch: [66][200/357]  Loss:0.099 (Avg 0.0971) IoU:0.682 (Avg 0.7208) Dice:0.8000 (Avg 0.8216) LR 2.00e-04   (AvgTime 0.5)   
   [Train] Epoch: [66][220/357]  Loss:0.081 (Avg 0.0969) IoU:0.758 (Avg 0.7211) Dice:0.8547 (Avg 0.8219) LR 2.00e-04   (AvgTime 0.5)   
   [Train] Epoch: [66][240/357]  Loss:0.086 (Avg 0.0970) IoU:0.750 (Avg 0.7210) Dice:0.8492 (Avg 0.8218) LR 2.00e-04   (AvgTime 0.5)   
   [Train] Epoch: [66][260/357]  Loss:0.098 (Avg 0.0974) IoU:0.718 (Avg 0.7201) Dice:0.8174 (Avg 0.8211) LR 2.00e-04   (AvgTime 0.5)   
   [Train] Epoch: [66][280/357]  Loss:0.141 (Avg 0.0971) IoU:0.650 (Avg 0.7209) Dice:0.7672 (Avg 0.8218) LR 2.00e-04   (AvgTime 0.5)   
   [Train] Epoch: [66][300/357]  Loss:0.119 (Avg 0.0973) IoU:0.642 (Avg 0.7205) Dice:0.7675 (Avg 0.8215) LR 2.00e-04   (AvgTime 0.5)   
   [Train] Epoch: [66][320/357]  Loss:0.061 (Avg 0.0970) IoU:0.798 (Avg 0.7212) Dice:0.8853 (Avg 0.8220) LR 2.00e-04   (AvgTime 0.5)   
   [Train] Epoch: [66][340/357]  Loss:0.078 (Avg 0.0975) IoU:0.767 (Avg 0.7202) Dice:0.8626 (Avg 0.8211) LR 2.00e-04   (AvgTime 0.5)   
   [Train] Epoch: [66][357/357]  Loss:0.106 (Avg 0.0977) IoU:0.692 (Avg 0.7198) Dice:0.7945 (Avg 0.8208) LR 2.00e-04   (AvgTime 0.5)   
   [Train] Loss components: dice=0.154249, focal=0.041068, total=0.097658
Validation
   [Val] Epoch: [66][20/90]  Loss:0.132 (Avg 0.1083) IoU:0.664 (Avg 0.7137) Dice:0.7833 (Avg 0.8171) (AvgTime 0.3)   
   [Val] Epoch: [66][40/90]  Loss:0.104 (Avg 0.1128) IoU:0.694 (Avg 0.6990) Dice:0.8030 (Avg 0.8035) (AvgTime 0.2)   
   [Val] Epoch: [66][60/90]  Loss:0.139 (Avg 0.1062) IoU:0.641 (Avg 0.7100) Dice:0.7526 (Avg 0.8106) (AvgTime 0.2)   
   [Val] Epoch: [66][80/90]  Loss:0.101 (Avg 0.1049) IoU:0.705 (Avg 0.7098) Dice:0.8095 (Avg 0.8107) (AvgTime 0.2)   
   [Val] Epoch: [66][90/90]  Loss:0.136 (Avg 0.1050) IoU:0.628 (Avg 0.7096) Dice:0.7512 (Avg 0.8105) (AvgTime 0.2)   
   [Val] Loss components: dice=0.160582, focal=0.049337, total=0.104959
	 No iou improvement; selected epoch 58
	 early_stopping_count: 8/80
--- Epoch History (1..66) ---
Epoch |  TrainLoss |  TrainDice |  TrainIoU |    ValLoss |    ValDice |    ValIoU |         LR | Best
    1 |     0.2379 |     0.6073 |    0.4776 |     0.1928 |     0.6881 |    0.5656 |   3.00e-04 |     
    2 |     0.1735 |     0.6993 |    0.5754 |     0.1794 |     0.6884 |    0.5646 |   2.95e-04 |     
    3 |     0.1551 |     0.7275 |    0.6080 |     0.1434 |     0.7519 |    0.6362 |   2.81e-04 |     
    4 |     0.1433 |     0.7455 |    0.6288 |     0.1249 |     0.7776 |    0.6670 |   2.59e-04 |     
    5 |     0.1385 |     0.7532 |    0.6372 |     0.1294 |     0.7623 |    0.6477 |   2.31e-04 |     
    6 |     0.1322 |     0.7635 |    0.6498 |     0.1199 |     0.7896 |    0.6818 |   2.00e-04 |     
    7 |     0.1269 |     0.7728 |    0.6612 |     0.1228 |     0.7847 |    0.6751 |   1.69e-04 |     
    8 |     0.1217 |     0.7793 |    0.6692 |     0.1136 |     0.7979 |    0.6923 |   1.41e-04 |     
    9 |     0.1195 |     0.7835 |    0.6745 |     0.1192 |     0.7913 |    0.6831 |   1.19e-04 |     
   10 |     0.1163 |     0.7892 |    0.6813 |     0.1168 |     0.7850 |    0.6775 |   1.05e-04 |     
   11 |     0.1403 |     0.7517 |    0.6355 |     0.1291 |     0.7743 |    0.6602 |   3.00e-04 |     
   12 |     0.1316 |     0.7641 |    0.6512 |     0.1328 |     0.7636 |    0.6512 |   2.95e-04 |     
   13 |     0.1263 |     0.7730 |    0.6610 |     0.1408 |     0.7642 |    0.6509 |   2.81e-04 |     
   14 |     0.1252 |     0.7749 |    0.6635 |     0.1187 |     0.7935 |    0.6862 |   2.59e-04 |     
   15 |     0.1216 |     0.7807 |    0.6707 |     0.1123 |     0.7925 |    0.6844 |   2.31e-04 |     
   16 |     0.1180 |     0.7858 |    0.6774 |     0.1121 |     0.7992 |    0.6935 |   2.00e-04 |     
   17 |     0.1145 |     0.7921 |    0.6845 |     0.1114 |     0.7926 |    0.6854 |   1.69e-04 |     
   18 |     0.1124 |     0.7968 |    0.6900 |     0.1102 |     0.7951 |    0.6874 |   1.41e-04 |     
   19 |     0.1090 |     0.8008 |    0.6956 |     0.1142 |     0.7864 |    0.6784 |   1.19e-04 |     
   20 |     0.1076 |     0.8033 |    0.6987 |     0.1081 |     0.8027 |    0.6994 |   1.05e-04 |     
   21 |     0.1296 |     0.7684 |    0.6551 |     0.1237 |     0.7932 |    0.6871 |   3.00e-04 |     
   22 |     0.1231 |     0.7788 |    0.6680 |     0.1142 |     0.7894 |    0.6830 |   2.95e-04 |     
   23 |     0.1186 |     0.7855 |    0.6772 |     0.1121 |     0.7973 |    0.6918 |   2.81e-04 |     
   24 |     0.1175 |     0.7876 |    0.6793 |     0.1139 |     0.7888 |    0.6777 |   2.59e-04 |     
   25 |     0.1131 |     0.7947 |    0.6877 |     0.1212 |     0.7900 |    0.6812 |   2.31e-04 |     
   26 |     0.1134 |     0.7939 |    0.6870 |     0.1299 |     0.7857 |    0.6759 |   2.00e-04 |     
   27 |     0.1086 |     0.8025 |    0.6975 |     0.1125 |     0.8038 |    0.7003 |   1.69e-04 |     
   28 |     0.1069 |     0.8047 |    0.7000 |     0.1081 |     0.8043 |    0.7013 |   1.41e-04 |     
   29 |     0.1049 |     0.8077 |    0.7042 |     0.1050 |     0.8113 |    0.7096 |   1.19e-04 |     
   30 |     0.1030 |     0.8122 |    0.7095 |     0.1044 |     0.8053 |    0.7023 |   1.05e-04 |     
   31 |     0.1188 |     0.7865 |    0.6768 |     0.1150 |     0.7858 |    0.6746 |   3.00e-04 |     
   32 |     0.1153 |     0.7911 |    0.6832 |     0.1292 |     0.7794 |    0.6715 |   2.95e-04 |     
   33 |     0.1150 |     0.7921 |    0.6843 |     0.1150 |     0.8012 |    0.6967 |   2.81e-04 |     
   34 |     0.1112 |     0.7986 |    0.6925 |     0.1107 |     0.8075 |    0.7053 |   2.59e-04 |     
   35 |     0.1107 |     0.7991 |    0.6931 |     0.1144 |     0.7942 |    0.6877 |   2.31e-04 |     
   36 |     0.1077 |     0.8042 |    0.7001 |     0.1050 |     0.8097 |    0.7081 |   2.00e-04 |     
   37 |     0.1045 |     0.8089 |    0.7059 |     0.1193 |     0.7762 |    0.6666 |   1.69e-04 |     
   38 |     0.1020 |     0.8126 |    0.7104 |     0.1119 |     0.8108 |    0.7088 |   1.41e-04 |     
   39 |     0.0996 |     0.8173 |    0.7164 |     0.1080 |     0.8134 |    0.7133 |   1.19e-04 |     
   40 |     0.0989 |     0.8176 |    0.7170 |     0.1020 |     0.8155 |    0.7161 |   1.05e-04 |     
   41 |     0.1137 |     0.7945 |    0.6866 |     0.3099 |     0.6225 |    0.4941 |   3.00e-04 |     
   42 |     0.1136 |     0.7949 |    0.6879 |     0.1140 |     0.7907 |    0.6855 |   2.95e-04 |     
   43 |     0.1107 |     0.7985 |    0.6929 |     0.1100 |     0.7960 |    0.6900 |   2.81e-04 |     
   44 |     0.1067 |     0.8051 |    0.7006 |     0.1145 |     0.7889 |    0.6807 |   2.59e-04 |     
   45 |     0.1046 |     0.8089 |    0.7049 |     0.1109 |     0.7975 |    0.6921 |   2.31e-04 |     
   46 |     0.1043 |     0.8097 |    0.7062 |     0.1059 |     0.8083 |    0.7050 |   2.00e-04 |     
   47 |     0.1006 |     0.8146 |    0.7129 |     0.1071 |     0.8097 |    0.7069 |   1.69e-04 |     
   48 |     0.0987 |     0.8184 |    0.7173 |     0.1052 |     0.8093 |    0.7088 |   1.41e-04 |     
   49 |     0.0967 |     0.8222 |    0.7221 |     0.1041 |     0.8051 |    0.7025 |   1.19e-04 |     
   50 |     0.0957 |     0.8227 |    0.7229 |     0.1066 |     0.8117 |    0.7115 |   1.05e-04 |     
   51 |     0.1108 |     0.7993 |    0.6930 |     0.1240 |     0.7902 |    0.6823 |   3.00e-04 |     
   52 |     0.1137 |     0.7958 |    0.6892 |     0.1077 |     0.7969 |    0.6895 |   2.95e-04 |     
   53 |     0.1068 |     0.8050 |    0.7002 |     0.1120 |     0.7982 |    0.6946 |   2.81e-04 |     
   54 |     0.1054 |     0.8074 |    0.7040 |     0.1211 |     0.7929 |    0.6890 |   2.59e-04 |     
   55 |     0.1047 |     0.8090 |    0.7059 |     0.1051 |     0.8113 |    0.7097 |   2.31e-04 |     
   56 |     0.1020 |     0.8132 |    0.7106 |     0.1055 |     0.7994 |    0.6918 |   2.00e-04 |     
   57 |     0.0981 |     0.8203 |    0.7194 |     0.1013 |     0.8145 |    0.7134 |   1.69e-04 |     
   58 |     0.0964 |     0.8222 |    0.7217 |     0.1015 |     0.8175 |    0.7176 |   1.41e-04 |    *
   59 |     0.0940 |     0.8267 |    0.7280 |     0.1005 |     0.8165 |    0.7155 |   1.19e-04 |     
   60 |     0.0920 |     0.8294 |    0.7310 |     0.1036 |     0.8130 |    0.7116 |   1.05e-04 |     
   61 |     0.1090 |     0.8024 |    0.6971 |     0.1143 |     0.7945 |    0.6901 |   3.00e-04 |     
   62 |     0.1052 |     0.8080 |    0.7040 |     0.1119 |     0.7920 |    0.6868 |   2.95e-04 |     
   63 |     0.1070 |     0.8064 |    0.7019 |     0.1052 |     0.8070 |    0.7036 |   2.81e-04 |     
   64 |     0.1006 |     0.8157 |    0.7134 |     0.1045 |     0.8126 |    0.7125 |   2.59e-04 |     
   65 |     0.1004 |     0.8165 |    0.7147 |     0.1140 |     0.8026 |    0.6987 |   2.31e-04 |     
   66 |     0.0977 |     0.8208 |    0.7198 |     0.1050 |     0.8105 |    0.7096 |   2.00e-04 |     
--- RACE-PE 80e validation screen: control validation statistics ---
up4: ca=0.8416+/-0.1217, sa=1.0095+/-0.0065, amp=0.0000, suppress=0.0000, guide_abs=0.1966
up4 residuals: local_mean=6.621e-02, global_mean=0.0174, local_strength=0.1135, global_strength=0.1164, gain=[0.9892,1.0477], saturation=0.1582, text_film=0.0272
up4 haar: reconstruction_error=5.364e-07, skip_low/high=0.7982/0.2018, plam_low/high=1.0000/0.0000
up4 strengths: plam=0.9017, region=0.1135, detail=0.1164; residual_std region/detail/refine=0.3528/0.4564/0.3942
up4 guide_mix: entropy=0.9804, raw_low=0.3397, plam_low=0.2343, decoder_low=0.2501, detail=0.1759; agreement plam/decoder=0.4955/0.2606, support=0.8002+/-0.1155
up4 adaptive_frequency: ALPF strength=0.2617, weights=0.1317/0.7256/0.1427, sum=1.0000, entropy=0.7054, delta_std=0.0734; AHPF strength=0.0713, weights=0.3329/0.5045/0.1626, sum=1.0000, entropy=0.9082, residual_std=0.0970, scaled_std=0.0069
up3: ca=0.9513+/-0.1671, sa=1.0124+/-0.0052, amp=0.0000, suppress=0.0000, guide_abs=0.1886
up3 residuals: local_mean=2.317e-02, global_mean=0.0788, local_strength=0.1162, global_strength=0.1237, gain=[0.9942,1.0431], saturation=0.0048, text_film=0.0416
up3 haar: reconstruction_error=9.537e-07, skip_low/high=0.7517/0.2483, plam_low/high=1.0000/0.0000
up3 strengths: plam=0.8722, region=0.1162, detail=0.1237; residual_std region/detail/refine=0.3852/0.4987/0.4257
up3 guide_mix: entropy=0.9821, raw_low=0.3137, plam_low=0.2168, decoder_low=0.2917, detail=0.1777; agreement plam/decoder=0.4278/0.3162, support=0.6597+/-0.1052
up3 adaptive_frequency: ALPF strength=0.2773, weights=0.0692/0.4015/0.5293, sum=1.0000, entropy=0.6619, delta_std=0.0750; AHPF strength=0.1255, weights=0.6664/0.1699/0.1637, sum=1.0000, entropy=0.7088, residual_std=0.0751, scaled_std=0.0094
up2: ca=0.8230+/-0.1677, sa=1.0046+/-0.0027, amp=0.0000, suppress=0.0000, guide_abs=0.3995
up2 residuals: local_mean=1.886e-04, global_mean=0.0399, local_strength=0.1338, global_strength=0.1152, gain=[0.9700,1.0433], saturation=0.0105, text_film=0.0737
up2 haar: reconstruction_error=1.192e-06, skip_low/high=0.8048/0.1952, plam_low/high=1.0000/0.0000
up2 strengths: plam=0.7430, region=0.1338, detail=0.1152; residual_std region/detail/refine=0.1811/0.3048/0.1492
up2 guide_mix: entropy=0.9574, raw_low=0.3288, plam_low=0.1829, decoder_low=0.3388, detail=0.1495; agreement plam/decoder=0.6997/0.1879, support=0.7764+/-0.0575
up1: ca=0.7575+/-0.1590, sa=1.0077+/-0.0103, amp=0.0000, suppress=0.0000, guide_abs=0.2074
up1 residuals: local_mean=1.965e-03, global_mean=0.0897, local_strength=0.1294, global_strength=0.0843, gain=[0.9201,1.0823], saturation=0.0000, text_film=0.0420
up1 haar: reconstruction_error=1.907e-06, skip_low/high=0.7369/0.2631, plam_low/high=1.0000/0.0000
up1 strengths: plam=0.8755, region=0.1294, detail=0.0843; residual_std region/detail/refine=0.2177/0.4137/0.2587
up1 guide_mix: entropy=0.9346, raw_low=0.3222, plam_low=0.1794, decoder_low=0.3781, detail=0.1202; agreement plam/decoder=0.2687/-0.0320, support=0.6096+/-0.0606

========= Epoch [67/80] =========
C4_Test_session_09.09_15h44
Training with batch size : 16
   [Train] Epoch: [67][20/357]  Loss:0.108 (Avg 0.0990) IoU:0.697 (Avg 0.7168) Dice:0.7884 (Avg 0.8183) LR 1.69e-04   (AvgTime 0.5)   
   [Train] Epoch: [67][40/357]  Loss:0.062 (Avg 0.0953) IoU:0.788 (Avg 0.7252) Dice:0.8716 (Avg 0.8243) LR 1.69e-04   (AvgTime 0.5)   
   [Train] Epoch: [67][60/357]  Loss:0.077 (Avg 0.0922) IoU:0.779 (Avg 0.7314) Dice:0.8678 (Avg 0.8297) LR 1.69e-04   (AvgTime 0.5)   
   [Train] Epoch: [67][80/357]  Loss:0.093 (Avg 0.0955) IoU:0.731 (Avg 0.7230) Dice:0.8305 (Avg 0.8227) LR 1.69e-04   (AvgTime 0.5)   
   [Train] Epoch: [67][100/357]  Loss:0.118 (Avg 0.0950) IoU:0.673 (Avg 0.7246) Dice:0.7808 (Avg 0.8234) LR 1.69e-04   (AvgTime 0.5)   
   [Train] Epoch: [67][120/357]  Loss:0.086 (Avg 0.0946) IoU:0.758 (Avg 0.7252) Dice:0.8346 (Avg 0.8242) LR 1.69e-04   (AvgTime 0.5)   
   [Train] Epoch: [67][140/357]  Loss:0.132 (Avg 0.0950) IoU:0.694 (Avg 0.7250) Dice:0.7954 (Avg 0.8241) LR 1.69e-04   (AvgTime 0.5)   
   [Train] Epoch: [67][160/357]  Loss:0.100 (Avg 0.0951) IoU:0.718 (Avg 0.7248) Dice:0.8252 (Avg 0.8240) LR 1.69e-04   (AvgTime 0.5)   
   [Train] Epoch: [67][180/357]  Loss:0.096 (Avg 0.0948) IoU:0.716 (Avg 0.7260) Dice:0.8156 (Avg 0.8249) LR 1.69e-04   (AvgTime 0.5)   
   [Train] Epoch: [67][200/357]  Loss:0.105 (Avg 0.0954) IoU:0.697 (Avg 0.7243) Dice:0.8076 (Avg 0.8237) LR 1.69e-04   (AvgTime 0.5)   
   [Train] Epoch: [67][220/357]  Loss:0.125 (Avg 0.0960) IoU:0.665 (Avg 0.7232) Dice:0.7633 (Avg 0.8227) LR 1.69e-04   (AvgTime 0.5)   
   [Train] Epoch: [67][240/357]  Loss:0.079 (Avg 0.0955) IoU:0.746 (Avg 0.7238) Dice:0.8441 (Avg 0.8235) LR 1.69e-04   (AvgTime 0.5)   
   [Train] Epoch: [67][260/357]  Loss:0.095 (Avg 0.0963) IoU:0.735 (Avg 0.7227) Dice:0.8310 (Avg 0.8225) LR 1.69e-04   (AvgTime 0.5)   
   [Train] Epoch: [67][280/357]  Loss:0.068 (Avg 0.0963) IoU:0.794 (Avg 0.7228) Dice:0.8795 (Avg 0.8226) LR 1.69e-04   (AvgTime 0.5)   
   [Train] Epoch: [67][300/357]  Loss:0.069 (Avg 0.0965) IoU:0.787 (Avg 0.7225) Dice:0.8783 (Avg 0.8224) LR 1.69e-04   (AvgTime 0.5)   
   [Train] Epoch: [67][320/357]  Loss:0.065 (Avg 0.0965) IoU:0.804 (Avg 0.7222) Dice:0.8806 (Avg 0.8222) LR 1.69e-04   (AvgTime 0.5)   
   [Train] Epoch: [67][340/357]  Loss:0.073 (Avg 0.0962) IoU:0.776 (Avg 0.7226) Dice:0.8596 (Avg 0.8226) LR 1.69e-04   (AvgTime 0.5)   
   [Train] Epoch: [67][357/357]  Loss:0.140 (Avg 0.0966) IoU:0.636 (Avg 0.7218) Dice:0.7365 (Avg 0.8219) LR 1.69e-04   (AvgTime 0.5)   
   [Train] Loss components: dice=0.152821, focal=0.040380, total=0.096601
Validation
   [Val] Epoch: [67][20/90]  Loss:0.129 (Avg 0.1095) IoU:0.679 (Avg 0.7176) Dice:0.7934 (Avg 0.8204) (AvgTime 0.2)   
   [Val] Epoch: [67][40/90]  Loss:0.098 (Avg 0.1137) IoU:0.720 (Avg 0.7045) Dice:0.8240 (Avg 0.8078) (AvgTime 0.2)   
   [Val] Epoch: [67][60/90]  Loss:0.140 (Avg 0.1073) IoU:0.642 (Avg 0.7141) Dice:0.7526 (Avg 0.8141) (AvgTime 0.2)   
   [Val] Epoch: [67][80/90]  Loss:0.097 (Avg 0.1061) IoU:0.721 (Avg 0.7141) Dice:0.8223 (Avg 0.8140) (AvgTime 0.2)   
   [Val] Epoch: [67][90/90]  Loss:0.132 (Avg 0.1059) IoU:0.623 (Avg 0.7145) Dice:0.7503 (Avg 0.8143) (AvgTime 0.2)   
   [Val] Loss components: dice=0.159805, focal=0.052092, total=0.105948
	 No iou improvement; selected epoch 58
	 early_stopping_count: 9/80
--- Epoch History (1..67) ---
Epoch |  TrainLoss |  TrainDice |  TrainIoU |    ValLoss |    ValDice |    ValIoU |         LR | Best
    1 |     0.2379 |     0.6073 |    0.4776 |     0.1928 |     0.6881 |    0.5656 |   3.00e-04 |     
    2 |     0.1735 |     0.6993 |    0.5754 |     0.1794 |     0.6884 |    0.5646 |   2.95e-04 |     
    3 |     0.1551 |     0.7275 |    0.6080 |     0.1434 |     0.7519 |    0.6362 |   2.81e-04 |     
    4 |     0.1433 |     0.7455 |    0.6288 |     0.1249 |     0.7776 |    0.6670 |   2.59e-04 |     
    5 |     0.1385 |     0.7532 |    0.6372 |     0.1294 |     0.7623 |    0.6477 |   2.31e-04 |     
    6 |     0.1322 |     0.7635 |    0.6498 |     0.1199 |     0.7896 |    0.6818 |   2.00e-04 |     
    7 |     0.1269 |     0.7728 |    0.6612 |     0.1228 |     0.7847 |    0.6751 |   1.69e-04 |     
    8 |     0.1217 |     0.7793 |    0.6692 |     0.1136 |     0.7979 |    0.6923 |   1.41e-04 |     
    9 |     0.1195 |     0.7835 |    0.6745 |     0.1192 |     0.7913 |    0.6831 |   1.19e-04 |     
   10 |     0.1163 |     0.7892 |    0.6813 |     0.1168 |     0.7850 |    0.6775 |   1.05e-04 |     
   11 |     0.1403 |     0.7517 |    0.6355 |     0.1291 |     0.7743 |    0.6602 |   3.00e-04 |     
   12 |     0.1316 |     0.7641 |    0.6512 |     0.1328 |     0.7636 |    0.6512 |   2.95e-04 |     
   13 |     0.1263 |     0.7730 |    0.6610 |     0.1408 |     0.7642 |    0.6509 |   2.81e-04 |     
   14 |     0.1252 |     0.7749 |    0.6635 |     0.1187 |     0.7935 |    0.6862 |   2.59e-04 |     
   15 |     0.1216 |     0.7807 |    0.6707 |     0.1123 |     0.7925 |    0.6844 |   2.31e-04 |     
   16 |     0.1180 |     0.7858 |    0.6774 |     0.1121 |     0.7992 |    0.6935 |   2.00e-04 |     
   17 |     0.1145 |     0.7921 |    0.6845 |     0.1114 |     0.7926 |    0.6854 |   1.69e-04 |     
   18 |     0.1124 |     0.7968 |    0.6900 |     0.1102 |     0.7951 |    0.6874 |   1.41e-04 |     
   19 |     0.1090 |     0.8008 |    0.6956 |     0.1142 |     0.7864 |    0.6784 |   1.19e-04 |     
   20 |     0.1076 |     0.8033 |    0.6987 |     0.1081 |     0.8027 |    0.6994 |   1.05e-04 |     
   21 |     0.1296 |     0.7684 |    0.6551 |     0.1237 |     0.7932 |    0.6871 |   3.00e-04 |     
   22 |     0.1231 |     0.7788 |    0.6680 |     0.1142 |     0.7894 |    0.6830 |   2.95e-04 |     
   23 |     0.1186 |     0.7855 |    0.6772 |     0.1121 |     0.7973 |    0.6918 |   2.81e-04 |     
   24 |     0.1175 |     0.7876 |    0.6793 |     0.1139 |     0.7888 |    0.6777 |   2.59e-04 |     
   25 |     0.1131 |     0.7947 |    0.6877 |     0.1212 |     0.7900 |    0.6812 |   2.31e-04 |     
   26 |     0.1134 |     0.7939 |    0.6870 |     0.1299 |     0.7857 |    0.6759 |   2.00e-04 |     
   27 |     0.1086 |     0.8025 |    0.6975 |     0.1125 |     0.8038 |    0.7003 |   1.69e-04 |     
   28 |     0.1069 |     0.8047 |    0.7000 |     0.1081 |     0.8043 |    0.7013 |   1.41e-04 |     
   29 |     0.1049 |     0.8077 |    0.7042 |     0.1050 |     0.8113 |    0.7096 |   1.19e-04 |     
   30 |     0.1030 |     0.8122 |    0.7095 |     0.1044 |     0.8053 |    0.7023 |   1.05e-04 |     
   31 |     0.1188 |     0.7865 |    0.6768 |     0.1150 |     0.7858 |    0.6746 |   3.00e-04 |     
   32 |     0.1153 |     0.7911 |    0.6832 |     0.1292 |     0.7794 |    0.6715 |   2.95e-04 |     
   33 |     0.1150 |     0.7921 |    0.6843 |     0.1150 |     0.8012 |    0.6967 |   2.81e-04 |     
   34 |     0.1112 |     0.7986 |    0.6925 |     0.1107 |     0.8075 |    0.7053 |   2.59e-04 |     
   35 |     0.1107 |     0.7991 |    0.6931 |     0.1144 |     0.7942 |    0.6877 |   2.31e-04 |     
   36 |     0.1077 |     0.8042 |    0.7001 |     0.1050 |     0.8097 |    0.7081 |   2.00e-04 |     
   37 |     0.1045 |     0.8089 |    0.7059 |     0.1193 |     0.7762 |    0.6666 |   1.69e-04 |     
   38 |     0.1020 |     0.8126 |    0.7104 |     0.1119 |     0.8108 |    0.7088 |   1.41e-04 |     
   39 |     0.0996 |     0.8173 |    0.7164 |     0.1080 |     0.8134 |    0.7133 |   1.19e-04 |     
   40 |     0.0989 |     0.8176 |    0.7170 |     0.1020 |     0.8155 |    0.7161 |   1.05e-04 |     
   41 |     0.1137 |     0.7945 |    0.6866 |     0.3099 |     0.6225 |    0.4941 |   3.00e-04 |     
   42 |     0.1136 |     0.7949 |    0.6879 |     0.1140 |     0.7907 |    0.6855 |   2.95e-04 |     
   43 |     0.1107 |     0.7985 |    0.6929 |     0.1100 |     0.7960 |    0.6900 |   2.81e-04 |     
   44 |     0.1067 |     0.8051 |    0.7006 |     0.1145 |     0.7889 |    0.6807 |   2.59e-04 |     
   45 |     0.1046 |     0.8089 |    0.7049 |     0.1109 |     0.7975 |    0.6921 |   2.31e-04 |     
   46 |     0.1043 |     0.8097 |    0.7062 |     0.1059 |     0.8083 |    0.7050 |   2.00e-04 |     
   47 |     0.1006 |     0.8146 |    0.7129 |     0.1071 |     0.8097 |    0.7069 |   1.69e-04 |     
   48 |     0.0987 |     0.8184 |    0.7173 |     0.1052 |     0.8093 |    0.7088 |   1.41e-04 |     
   49 |     0.0967 |     0.8222 |    0.7221 |     0.1041 |     0.8051 |    0.7025 |   1.19e-04 |     
   50 |     0.0957 |     0.8227 |    0.7229 |     0.1066 |     0.8117 |    0.7115 |   1.05e-04 |     
   51 |     0.1108 |     0.7993 |    0.6930 |     0.1240 |     0.7902 |    0.6823 |   3.00e-04 |     
   52 |     0.1137 |     0.7958 |    0.6892 |     0.1077 |     0.7969 |    0.6895 |   2.95e-04 |     
   53 |     0.1068 |     0.8050 |    0.7002 |     0.1120 |     0.7982 |    0.6946 |   2.81e-04 |     
   54 |     0.1054 |     0.8074 |    0.7040 |     0.1211 |     0.7929 |    0.6890 |   2.59e-04 |     
   55 |     0.1047 |     0.8090 |    0.7059 |     0.1051 |     0.8113 |    0.7097 |   2.31e-04 |     
   56 |     0.1020 |     0.8132 |    0.7106 |     0.1055 |     0.7994 |    0.6918 |   2.00e-04 |     
   57 |     0.0981 |     0.8203 |    0.7194 |     0.1013 |     0.8145 |    0.7134 |   1.69e-04 |     
   58 |     0.0964 |     0.8222 |    0.7217 |     0.1015 |     0.8175 |    0.7176 |   1.41e-04 |    *
   59 |     0.0940 |     0.8267 |    0.7280 |     0.1005 |     0.8165 |    0.7155 |   1.19e-04 |     
   60 |     0.0920 |     0.8294 |    0.7310 |     0.1036 |     0.8130 |    0.7116 |   1.05e-04 |     
   61 |     0.1090 |     0.8024 |    0.6971 |     0.1143 |     0.7945 |    0.6901 |   3.00e-04 |     
   62 |     0.1052 |     0.8080 |    0.7040 |     0.1119 |     0.7920 |    0.6868 |   2.95e-04 |     
   63 |     0.1070 |     0.8064 |    0.7019 |     0.1052 |     0.8070 |    0.7036 |   2.81e-04 |     
   64 |     0.1006 |     0.8157 |    0.7134 |     0.1045 |     0.8126 |    0.7125 |   2.59e-04 |     
   65 |     0.1004 |     0.8165 |    0.7147 |     0.1140 |     0.8026 |    0.6987 |   2.31e-04 |     
   66 |     0.0977 |     0.8208 |    0.7198 |     0.1050 |     0.8105 |    0.7096 |   2.00e-04 |     
   67 |     0.0966 |     0.8219 |    0.7218 |     0.1059 |     0.8143 |    0.7145 |   1.69e-04 |     
--- RACE-PE 80e validation screen: control validation statistics ---
up4: ca=0.8367+/-0.1188, sa=1.0095+/-0.0065, amp=0.0000, suppress=0.0000, guide_abs=0.2075
up4 residuals: local_mean=6.597e-02, global_mean=0.0172, local_strength=0.1136, global_strength=0.1167, gain=[0.9901,1.0488], saturation=0.1408, text_film=0.0276
up4 haar: reconstruction_error=7.153e-07, skip_low/high=0.8037/0.1963, plam_low/high=1.0000/0.0000
up4 strengths: plam=0.9017, region=0.1136, detail=0.1167; residual_std region/detail/refine=0.3589/0.4635/0.4075
up4 guide_mix: entropy=0.9798, raw_low=0.3392, plam_low=0.2350, decoder_low=0.2524, detail=0.1734; agreement plam/decoder=0.4209/0.2357, support=0.8003+/-0.1098
up4 adaptive_frequency: ALPF strength=0.2620, weights=0.1387/0.7219/0.1395, sum=1.0000, entropy=0.7114, delta_std=0.0700; AHPF strength=0.0712, weights=0.3558/0.4865/0.1578, sum=1.0000, entropy=0.9132, residual_std=0.0897, scaled_std=0.0064
up3: ca=0.9436+/-0.1639, sa=1.0125+/-0.0051, amp=0.0000, suppress=0.0000, guide_abs=0.1972
up3 residuals: local_mean=2.323e-02, global_mean=0.0792, local_strength=0.1164, global_strength=0.1238, gain=[0.9943,1.0430], saturation=0.0242, text_film=0.0407
up3 haar: reconstruction_error=9.537e-07, skip_low/high=0.7598/0.2402, plam_low/high=1.0000/0.0000
up3 strengths: plam=0.8714, region=0.1164, detail=0.1238; residual_std region/detail/refine=0.4041/0.5083/0.4397
up3 guide_mix: entropy=0.9784, raw_low=0.3218, plam_low=0.2006, decoder_low=0.2977, detail=0.1798; agreement plam/decoder=0.3054/0.2771, support=0.6727+/-0.1156
up3 adaptive_frequency: ALPF strength=0.2777, weights=0.0969/0.4312/0.4719, sum=1.0000, entropy=0.7023, delta_std=0.0655; AHPF strength=0.1259, weights=0.5837/0.2161/0.2002, sum=1.0000, entropy=0.7654, residual_std=0.0923, scaled_std=0.0116
up2: ca=0.8300+/-0.1708, sa=1.0052+/-0.0027, amp=0.0000, suppress=0.0000, guide_abs=0.3799
up2 residuals: local_mean=2.547e-03, global_mean=0.0421, local_strength=0.1340, global_strength=0.1152, gain=[0.9725,1.0413], saturation=0.0059, text_film=0.0695
up2 haar: reconstruction_error=9.537e-07, skip_low/high=0.7990/0.2010, plam_low/high=1.0000/0.0000
up2 strengths: plam=0.7414, region=0.1340, detail=0.1152; residual_std region/detail/refine=0.2309/0.2998/0.1482
up2 guide_mix: entropy=0.9538, raw_low=0.3267, plam_low=0.1703, decoder_low=0.3492, detail=0.1538; agreement plam/decoder=0.7639/0.2651, support=0.7586+/-0.0596
up1: ca=0.7465+/-0.1518, sa=1.0077+/-0.0104, amp=0.0000, suppress=0.0000, guide_abs=0.1841
up1 residuals: local_mean=1.221e-03, global_mean=0.0915, local_strength=0.1296, global_strength=0.0840, gain=[0.9198,1.0825], saturation=0.0001, text_film=0.0417
up1 haar: reconstruction_error=1.431e-06, skip_low/high=0.7312/0.2688, plam_low/high=1.0000/0.0000
up1 strengths: plam=0.8748, region=0.1296, detail=0.0840; residual_std region/detail/refine=0.2424/0.4195/0.2606
up1 guide_mix: entropy=0.9270, raw_low=0.3241, plam_low=0.1620, decoder_low=0.3909, detail=0.1231; agreement plam/decoder=0.3736/0.2028, support=0.6015+/-0.0587

========= Epoch [68/80] =========
C4_Test_session_09.09_15h44
Training with batch size : 16
   [Train] Epoch: [68][20/357]  Loss:0.080 (Avg 0.0987) IoU:0.756 (Avg 0.7173) Dice:0.8476 (Avg 0.8176) LR 1.41e-04   (AvgTime 0.6)   
   [Train] Epoch: [68][40/357]  Loss:0.107 (Avg 0.0995) IoU:0.690 (Avg 0.7162) Dice:0.7951 (Avg 0.8167) LR 1.41e-04   (AvgTime 0.6)   
   [Train] Epoch: [68][60/357]  Loss:0.080 (Avg 0.0955) IoU:0.751 (Avg 0.7241) Dice:0.8418 (Avg 0.8240) LR 1.41e-04   (AvgTime 0.6)   
   [Train] Epoch: [68][80/357]  Loss:0.074 (Avg 0.0929) IoU:0.761 (Avg 0.7309) Dice:0.8579 (Avg 0.8292) LR 1.41e-04   (AvgTime 0.5)   
   [Train] Epoch: [68][100/357]  Loss:0.093 (Avg 0.0931) IoU:0.707 (Avg 0.7299) Dice:0.8087 (Avg 0.8281) LR 1.41e-04   (AvgTime 0.5)   
   [Train] Epoch: [68][120/357]  Loss:0.055 (Avg 0.0929) IoU:0.822 (Avg 0.7301) Dice:0.8973 (Avg 0.8282) LR 1.41e-04   (AvgTime 0.5)   
   [Train] Epoch: [68][140/357]  Loss:0.086 (Avg 0.0937) IoU:0.733 (Avg 0.7282) Dice:0.8371 (Avg 0.8265) LR 1.41e-04   (AvgTime 0.5)   
   [Train] Epoch: [68][160/357]  Loss:0.092 (Avg 0.0934) IoU:0.739 (Avg 0.7287) Dice:0.8384 (Avg 0.8272) LR 1.41e-04   (AvgTime 0.5)   
   [Train] Epoch: [68][180/357]  Loss:0.106 (Avg 0.0930) IoU:0.654 (Avg 0.7291) Dice:0.7754 (Avg 0.8279) LR 1.41e-04   (AvgTime 0.5)   
   [Train] Epoch: [68][200/357]  Loss:0.116 (Avg 0.0936) IoU:0.690 (Avg 0.7279) Dice:0.8074 (Avg 0.8270) LR 1.41e-04   (AvgTime 0.5)   
   [Train] Epoch: [68][220/357]  Loss:0.107 (Avg 0.0936) IoU:0.684 (Avg 0.7279) Dice:0.7884 (Avg 0.8271) LR 1.41e-04   (AvgTime 0.5)   
   [Train] Epoch: [68][240/357]  Loss:0.101 (Avg 0.0932) IoU:0.733 (Avg 0.7293) Dice:0.8284 (Avg 0.8280) LR 1.41e-04   (AvgTime 0.5)   
   [Train] Epoch: [68][260/357]  Loss:0.105 (Avg 0.0929) IoU:0.729 (Avg 0.7298) Dice:0.8230 (Avg 0.8285) LR 1.41e-04   (AvgTime 0.5)   
   [Train] Epoch: [68][280/357]  Loss:0.069 (Avg 0.0930) IoU:0.778 (Avg 0.7294) Dice:0.8679 (Avg 0.8281) LR 1.41e-04   (AvgTime 0.5)   
   [Train] Epoch: [68][300/357]  Loss:0.093 (Avg 0.0937) IoU:0.732 (Avg 0.7280) Dice:0.8255 (Avg 0.8268) LR 1.41e-04   (AvgTime 0.5)   
   [Train] Epoch: [68][320/357]  Loss:0.127 (Avg 0.0945) IoU:0.655 (Avg 0.7262) Dice:0.7634 (Avg 0.8255) LR 1.41e-04   (AvgTime 0.5)   
   [Train] Epoch: [68][340/357]  Loss:0.064 (Avg 0.0945) IoU:0.798 (Avg 0.7262) Dice:0.8838 (Avg 0.8254) LR 1.41e-04   (AvgTime 0.5)   
   [Train] Epoch: [68][357/357]  Loss:0.101 (Avg 0.0946) IoU:0.718 (Avg 0.7257) Dice:0.8141 (Avg 0.8251) LR 1.41e-04   (AvgTime 0.5)   
   [Train] Loss components: dice=0.149954, focal=0.039345, total=0.094649
Validation
   [Val] Epoch: [68][20/90]  Loss:0.139 (Avg 0.1099) IoU:0.666 (Avg 0.7191) Dice:0.7847 (Avg 0.8209) (AvgTime 0.2)   
   [Val] Epoch: [68][40/90]  Loss:0.095 (Avg 0.1147) IoU:0.730 (Avg 0.7028) Dice:0.8329 (Avg 0.8058) (AvgTime 0.2)   
   [Val] Epoch: [68][60/90]  Loss:0.146 (Avg 0.1081) IoU:0.650 (Avg 0.7135) Dice:0.7588 (Avg 0.8130) (AvgTime 0.2)   
   [Val] Epoch: [68][80/90]  Loss:0.093 (Avg 0.1060) IoU:0.721 (Avg 0.7136) Dice:0.8229 (Avg 0.8137) (AvgTime 0.2)   
   [Val] Epoch: [68][90/90]  Loss:0.120 (Avg 0.1059) IoU:0.666 (Avg 0.7138) Dice:0.7842 (Avg 0.8140) (AvgTime 0.2)   
   [Val] Loss components: dice=0.157703, focal=0.054010, total=0.105857
	 No iou improvement; selected epoch 58
	 early_stopping_count: 10/80
--- Epoch History (1..68) ---
Epoch |  TrainLoss |  TrainDice |  TrainIoU |    ValLoss |    ValDice |    ValIoU |         LR | Best
    1 |     0.2379 |     0.6073 |    0.4776 |     0.1928 |     0.6881 |    0.5656 |   3.00e-04 |     
    2 |     0.1735 |     0.6993 |    0.5754 |     0.1794 |     0.6884 |    0.5646 |   2.95e-04 |     
    3 |     0.1551 |     0.7275 |    0.6080 |     0.1434 |     0.7519 |    0.6362 |   2.81e-04 |     
    4 |     0.1433 |     0.7455 |    0.6288 |     0.1249 |     0.7776 |    0.6670 |   2.59e-04 |     
    5 |     0.1385 |     0.7532 |    0.6372 |     0.1294 |     0.7623 |    0.6477 |   2.31e-04 |     
    6 |     0.1322 |     0.7635 |    0.6498 |     0.1199 |     0.7896 |    0.6818 |   2.00e-04 |     
    7 |     0.1269 |     0.7728 |    0.6612 |     0.1228 |     0.7847 |    0.6751 |   1.69e-04 |     
    8 |     0.1217 |     0.7793 |    0.6692 |     0.1136 |     0.7979 |    0.6923 |   1.41e-04 |     
    9 |     0.1195 |     0.7835 |    0.6745 |     0.1192 |     0.7913 |    0.6831 |   1.19e-04 |     
   10 |     0.1163 |     0.7892 |    0.6813 |     0.1168 |     0.7850 |    0.6775 |   1.05e-04 |     
   11 |     0.1403 |     0.7517 |    0.6355 |     0.1291 |     0.7743 |    0.6602 |   3.00e-04 |     
   12 |     0.1316 |     0.7641 |    0.6512 |     0.1328 |     0.7636 |    0.6512 |   2.95e-04 |     
   13 |     0.1263 |     0.7730 |    0.6610 |     0.1408 |     0.7642 |    0.6509 |   2.81e-04 |     
   14 |     0.1252 |     0.7749 |    0.6635 |     0.1187 |     0.7935 |    0.6862 |   2.59e-04 |     
   15 |     0.1216 |     0.7807 |    0.6707 |     0.1123 |     0.7925 |    0.6844 |   2.31e-04 |     
   16 |     0.1180 |     0.7858 |    0.6774 |     0.1121 |     0.7992 |    0.6935 |   2.00e-04 |     
   17 |     0.1145 |     0.7921 |    0.6845 |     0.1114 |     0.7926 |    0.6854 |   1.69e-04 |     
   18 |     0.1124 |     0.7968 |    0.6900 |     0.1102 |     0.7951 |    0.6874 |   1.41e-04 |     
   19 |     0.1090 |     0.8008 |    0.6956 |     0.1142 |     0.7864 |    0.6784 |   1.19e-04 |     
   20 |     0.1076 |     0.8033 |    0.6987 |     0.1081 |     0.8027 |    0.6994 |   1.05e-04 |     
   21 |     0.1296 |     0.7684 |    0.6551 |     0.1237 |     0.7932 |    0.6871 |   3.00e-04 |     
   22 |     0.1231 |     0.7788 |    0.6680 |     0.1142 |     0.7894 |    0.6830 |   2.95e-04 |     
   23 |     0.1186 |     0.7855 |    0.6772 |     0.1121 |     0.7973 |    0.6918 |   2.81e-04 |     
   24 |     0.1175 |     0.7876 |    0.6793 |     0.1139 |     0.7888 |    0.6777 |   2.59e-04 |     
   25 |     0.1131 |     0.7947 |    0.6877 |     0.1212 |     0.7900 |    0.6812 |   2.31e-04 |     
   26 |     0.1134 |     0.7939 |    0.6870 |     0.1299 |     0.7857 |    0.6759 |   2.00e-04 |     
   27 |     0.1086 |     0.8025 |    0.6975 |     0.1125 |     0.8038 |    0.7003 |   1.69e-04 |     
   28 |     0.1069 |     0.8047 |    0.7000 |     0.1081 |     0.8043 |    0.7013 |   1.41e-04 |     
   29 |     0.1049 |     0.8077 |    0.7042 |     0.1050 |     0.8113 |    0.7096 |   1.19e-04 |     
   30 |     0.1030 |     0.8122 |    0.7095 |     0.1044 |     0.8053 |    0.7023 |   1.05e-04 |     
   31 |     0.1188 |     0.7865 |    0.6768 |     0.1150 |     0.7858 |    0.6746 |   3.00e-04 |     
   32 |     0.1153 |     0.7911 |    0.6832 |     0.1292 |     0.7794 |    0.6715 |   2.95e-04 |     
   33 |     0.1150 |     0.7921 |    0.6843 |     0.1150 |     0.8012 |    0.6967 |   2.81e-04 |     
   34 |     0.1112 |     0.7986 |    0.6925 |     0.1107 |     0.8075 |    0.7053 |   2.59e-04 |     
   35 |     0.1107 |     0.7991 |    0.6931 |     0.1144 |     0.7942 |    0.6877 |   2.31e-04 |     
   36 |     0.1077 |     0.8042 |    0.7001 |     0.1050 |     0.8097 |    0.7081 |   2.00e-04 |     
   37 |     0.1045 |     0.8089 |    0.7059 |     0.1193 |     0.7762 |    0.6666 |   1.69e-04 |     
   38 |     0.1020 |     0.8126 |    0.7104 |     0.1119 |     0.8108 |    0.7088 |   1.41e-04 |     
   39 |     0.0996 |     0.8173 |    0.7164 |     0.1080 |     0.8134 |    0.7133 |   1.19e-04 |     
   40 |     0.0989 |     0.8176 |    0.7170 |     0.1020 |     0.8155 |    0.7161 |   1.05e-04 |     
   41 |     0.1137 |     0.7945 |    0.6866 |     0.3099 |     0.6225 |    0.4941 |   3.00e-04 |     
   42 |     0.1136 |     0.7949 |    0.6879 |     0.1140 |     0.7907 |    0.6855 |   2.95e-04 |     
   43 |     0.1107 |     0.7985 |    0.6929 |     0.1100 |     0.7960 |    0.6900 |   2.81e-04 |     
   44 |     0.1067 |     0.8051 |    0.7006 |     0.1145 |     0.7889 |    0.6807 |   2.59e-04 |     
   45 |     0.1046 |     0.8089 |    0.7049 |     0.1109 |     0.7975 |    0.6921 |   2.31e-04 |     
   46 |     0.1043 |     0.8097 |    0.7062 |     0.1059 |     0.8083 |    0.7050 |   2.00e-04 |     
   47 |     0.1006 |     0.8146 |    0.7129 |     0.1071 |     0.8097 |    0.7069 |   1.69e-04 |     
   48 |     0.0987 |     0.8184 |    0.7173 |     0.1052 |     0.8093 |    0.7088 |   1.41e-04 |     
   49 |     0.0967 |     0.8222 |    0.7221 |     0.1041 |     0.8051 |    0.7025 |   1.19e-04 |     
   50 |     0.0957 |     0.8227 |    0.7229 |     0.1066 |     0.8117 |    0.7115 |   1.05e-04 |     
   51 |     0.1108 |     0.7993 |    0.6930 |     0.1240 |     0.7902 |    0.6823 |   3.00e-04 |     
   52 |     0.1137 |     0.7958 |    0.6892 |     0.1077 |     0.7969 |    0.6895 |   2.95e-04 |     
   53 |     0.1068 |     0.8050 |    0.7002 |     0.1120 |     0.7982 |    0.6946 |   2.81e-04 |     
   54 |     0.1054 |     0.8074 |    0.7040 |     0.1211 |     0.7929 |    0.6890 |   2.59e-04 |     
   55 |     0.1047 |     0.8090 |    0.7059 |     0.1051 |     0.8113 |    0.7097 |   2.31e-04 |     
   56 |     0.1020 |     0.8132 |    0.7106 |     0.1055 |     0.7994 |    0.6918 |   2.00e-04 |     
   57 |     0.0981 |     0.8203 |    0.7194 |     0.1013 |     0.8145 |    0.7134 |   1.69e-04 |     
   58 |     0.0964 |     0.8222 |    0.7217 |     0.1015 |     0.8175 |    0.7176 |   1.41e-04 |    *
   59 |     0.0940 |     0.8267 |    0.7280 |     0.1005 |     0.8165 |    0.7155 |   1.19e-04 |     
   60 |     0.0920 |     0.8294 |    0.7310 |     0.1036 |     0.8130 |    0.7116 |   1.05e-04 |     
   61 |     0.1090 |     0.8024 |    0.6971 |     0.1143 |     0.7945 |    0.6901 |   3.00e-04 |     
   62 |     0.1052 |     0.8080 |    0.7040 |     0.1119 |     0.7920 |    0.6868 |   2.95e-04 |     
   63 |     0.1070 |     0.8064 |    0.7019 |     0.1052 |     0.8070 |    0.7036 |   2.81e-04 |     
   64 |     0.1006 |     0.8157 |    0.7134 |     0.1045 |     0.8126 |    0.7125 |   2.59e-04 |     
   65 |     0.1004 |     0.8165 |    0.7147 |     0.1140 |     0.8026 |    0.6987 |   2.31e-04 |     
   66 |     0.0977 |     0.8208 |    0.7198 |     0.1050 |     0.8105 |    0.7096 |   2.00e-04 |     
   67 |     0.0966 |     0.8219 |    0.7218 |     0.1059 |     0.8143 |    0.7145 |   1.69e-04 |     
   68 |     0.0946 |     0.8251 |    0.7257 |     0.1059 |     0.8140 |    0.7138 |   1.41e-04 |     
--- RACE-PE 80e validation screen: control validation statistics ---
up4: ca=0.8326+/-0.1291, sa=1.0093+/-0.0067, amp=0.0000, suppress=0.0000, guide_abs=0.1947
up4 residuals: local_mean=6.427e-02, global_mean=0.0175, local_strength=0.1136, global_strength=0.1170, gain=[0.9910,1.0495], saturation=0.1133, text_film=0.0268
up4 haar: reconstruction_error=4.768e-07, skip_low/high=0.8036/0.1964, plam_low/high=1.0000/0.0000
up4 strengths: plam=0.9011, region=0.1136, detail=0.1170; residual_std region/detail/refine=0.3520/0.4556/0.4076
up4 guide_mix: entropy=0.9797, raw_low=0.3421, plam_low=0.2468, decoder_low=0.2357, detail=0.1754; agreement plam/decoder=0.4615/0.2580, support=0.7747+/-0.1257
up4 adaptive_frequency: ALPF strength=0.2622, weights=0.1419/0.7180/0.1401, sum=1.0000, entropy=0.7170, delta_std=0.0632; AHPF strength=0.0713, weights=0.3528/0.4883/0.1588, sum=1.0000, entropy=0.9144, residual_std=0.0847, scaled_std=0.0060
up3: ca=0.9424+/-0.1658, sa=1.0127+/-0.0052, amp=0.0000, suppress=0.0000, guide_abs=0.2104
up3 residuals: local_mean=2.538e-02, global_mean=0.0790, local_strength=0.1165, global_strength=0.1239, gain=[0.9958,1.0417], saturation=0.0311, text_film=0.0400
up3 haar: reconstruction_error=6.780e-07, skip_low/high=0.7470/0.2530, plam_low/high=1.0000/0.0000
up3 strengths: plam=0.8707, region=0.1165, detail=0.1239; residual_std region/detail/refine=0.4304/0.4867/0.4147
up3 guide_mix: entropy=0.9817, raw_low=0.3176, plam_low=0.2076, decoder_low=0.2915, detail=0.1832; agreement plam/decoder=0.4248/0.3372, support=0.6790+/-0.1121
up3 adaptive_frequency: ALPF strength=0.2781, weights=0.0713/0.3189/0.6098, sum=1.0000, entropy=0.6576, delta_std=0.0673; AHPF strength=0.1262, weights=0.7227/0.1607/0.1166, sum=1.0000, entropy=0.6768, residual_std=0.0576, scaled_std=0.0073
up2: ca=0.8343+/-0.1558, sa=1.0048+/-0.0028, amp=0.0000, suppress=0.0000, guide_abs=0.4168
up2 residuals: local_mean=-6.001e-04, global_mean=0.0425, local_strength=0.1344, global_strength=0.1152, gain=[0.9674,1.0448], saturation=0.0094, text_film=0.0777
up2 haar: reconstruction_error=9.537e-07, skip_low/high=0.8060/0.1940, plam_low/high=1.0000/0.0000
up2 strengths: plam=0.7397, region=0.1344, detail=0.1152; residual_std region/detail/refine=0.1864/0.2979/0.1427
up2 guide_mix: entropy=0.9541, raw_low=0.3268, plam_low=0.1758, decoder_low=0.3478, detail=0.1497; agreement plam/decoder=0.7318/0.1643, support=0.7845+/-0.0553
up1: ca=0.7592+/-0.1503, sa=1.0081+/-0.0102, amp=0.0000, suppress=0.0000, guide_abs=0.1979
up1 residuals: local_mean=3.230e-03, global_mean=0.0927, local_strength=0.1297, global_strength=0.0839, gain=[0.9202,1.0823], saturation=0.0000, text_film=0.0377
up1 haar: reconstruction_error=1.431e-06, skip_low/high=0.7360/0.2640, plam_low/high=1.0000/0.0000
up1 strengths: plam=0.8741, region=0.1297, detail=0.0839; residual_std region/detail/refine=0.2036/0.4166/0.2619
up1 guide_mix: entropy=0.9267, raw_low=0.3320, plam_low=0.1584, decoder_low=0.3853, detail=0.1244; agreement plam/decoder=0.2161/-0.1524, support=0.6116+/-0.0599

========= Epoch [69/80] =========
C4_Test_session_09.09_15h44
Training with batch size : 16
   [Train] Epoch: [69][20/357]  Loss:0.099 (Avg 0.0955) IoU:0.730 (Avg 0.7213) Dice:0.8317 (Avg 0.8229) LR 1.19e-04   (AvgTime 0.5)   
   [Train] Epoch: [69][40/357]  Loss:0.112 (Avg 0.0961) IoU:0.665 (Avg 0.7184) Dice:0.7890 (Avg 0.8205) LR 1.19e-04   (AvgTime 0.5)   
   [Train] Epoch: [69][60/357]  Loss:0.085 (Avg 0.0967) IoU:0.773 (Avg 0.7203) Dice:0.8529 (Avg 0.8212) LR 1.19e-04   (AvgTime 0.5)   
   [Train] Epoch: [69][80/357]  Loss:0.073 (Avg 0.0963) IoU:0.792 (Avg 0.7224) Dice:0.8787 (Avg 0.8226) LR 1.19e-04   (AvgTime 0.5)   
   [Train] Epoch: [69][100/357]  Loss:0.089 (Avg 0.0959) IoU:0.732 (Avg 0.7240) Dice:0.8366 (Avg 0.8238) LR 1.19e-04   (AvgTime 0.5)   
   [Train] Epoch: [69][120/357]  Loss:0.058 (Avg 0.0944) IoU:0.809 (Avg 0.7272) Dice:0.8913 (Avg 0.8265) LR 1.19e-04   (AvgTime 0.5)   
   [Train] Epoch: [69][140/357]  Loss:0.073 (Avg 0.0941) IoU:0.786 (Avg 0.7274) Dice:0.8635 (Avg 0.8267) LR 1.19e-04   (AvgTime 0.5)   
   [Train] Epoch: [69][160/357]  Loss:0.113 (Avg 0.0935) IoU:0.650 (Avg 0.7288) Dice:0.7722 (Avg 0.8279) LR 1.19e-04   (AvgTime 0.5)   
   [Train] Epoch: [69][180/357]  Loss:0.053 (Avg 0.0932) IoU:0.837 (Avg 0.7292) Dice:0.9055 (Avg 0.8282) LR 1.19e-04   (AvgTime 0.5)   
   [Train] Epoch: [69][200/357]  Loss:0.087 (Avg 0.0935) IoU:0.736 (Avg 0.7291) Dice:0.8404 (Avg 0.8278) LR 1.19e-04   (AvgTime 0.5)   
   [Train] Epoch: [69][220/357]  Loss:0.101 (Avg 0.0934) IoU:0.716 (Avg 0.7290) Dice:0.8066 (Avg 0.8280) LR 1.19e-04   (AvgTime 0.5)   
   [Train] Epoch: [69][240/357]  Loss:0.070 (Avg 0.0930) IoU:0.782 (Avg 0.7299) Dice:0.8730 (Avg 0.8285) LR 1.19e-04   (AvgTime 0.5)   
   [Train] Epoch: [69][260/357]  Loss:0.117 (Avg 0.0927) IoU:0.683 (Avg 0.7308) Dice:0.7908 (Avg 0.8291) LR 1.19e-04   (AvgTime 0.5)   
   [Train] Epoch: [69][280/357]  Loss:0.079 (Avg 0.0925) IoU:0.767 (Avg 0.7312) Dice:0.8519 (Avg 0.8295) LR 1.19e-04   (AvgTime 0.5)   
   [Train] Epoch: [69][300/357]  Loss:0.113 (Avg 0.0922) IoU:0.648 (Avg 0.7317) Dice:0.7728 (Avg 0.8300) LR 1.19e-04   (AvgTime 0.5)   
   [Train] Epoch: [69][320/357]  Loss:0.091 (Avg 0.0922) IoU:0.749 (Avg 0.7321) Dice:0.8486 (Avg 0.8303) LR 1.19e-04   (AvgTime 0.5)   
   [Train] Epoch: [69][340/357]  Loss:0.108 (Avg 0.0928) IoU:0.663 (Avg 0.7305) Dice:0.7850 (Avg 0.8290) LR 1.19e-04   (AvgTime 0.5)   
   [Train] Epoch: [69][357/357]  Loss:0.112 (Avg 0.0928) IoU:0.704 (Avg 0.7308) Dice:0.8078 (Avg 0.8291) LR 1.19e-04   (AvgTime 0.5)   
   [Train] Loss components: dice=0.146554, focal=0.039000, total=0.092777
Validation
   [Val] Epoch: [69][20/90]  Loss:0.144 (Avg 0.1067) IoU:0.636 (Avg 0.7208) Dice:0.7604 (Avg 0.8224) (AvgTime 0.2)   
   [Val] Epoch: [69][40/90]  Loss:0.097 (Avg 0.1109) IoU:0.719 (Avg 0.7074) Dice:0.8258 (Avg 0.8100) (AvgTime 0.2)   
   [Val] Epoch: [69][60/90]  Loss:0.144 (Avg 0.1044) IoU:0.642 (Avg 0.7183) Dice:0.7486 (Avg 0.8172) (AvgTime 0.2)   
   [Val] Epoch: [69][80/90]  Loss:0.087 (Avg 0.1030) IoU:0.743 (Avg 0.7189) Dice:0.8397 (Avg 0.8177) (AvgTime 0.2)   
   [Val] Epoch: [69][90/90]  Loss:0.115 (Avg 0.1027) IoU:0.665 (Avg 0.7193) Dice:0.7854 (Avg 0.8179) (AvgTime 0.2)   
   [Val] Loss components: dice=0.153209, focal=0.052245, total=0.102727
	 Saving best model by iou: 0.719308
	 Saving to Covid19/BetterLViT/c4_race_pe_control/C4_Test_session_09.09_15h44/models//best_model-BetterLViT.pth.tar
	 early_stopping_count: 0/80
--- Epoch History (1..69) ---
Epoch |  TrainLoss |  TrainDice |  TrainIoU |    ValLoss |    ValDice |    ValIoU |         LR | Best
    1 |     0.2379 |     0.6073 |    0.4776 |     0.1928 |     0.6881 |    0.5656 |   3.00e-04 |     
    2 |     0.1735 |     0.6993 |    0.5754 |     0.1794 |     0.6884 |    0.5646 |   2.95e-04 |     
    3 |     0.1551 |     0.7275 |    0.6080 |     0.1434 |     0.7519 |    0.6362 |   2.81e-04 |     
    4 |     0.1433 |     0.7455 |    0.6288 |     0.1249 |     0.7776 |    0.6670 |   2.59e-04 |     
    5 |     0.1385 |     0.7532 |    0.6372 |     0.1294 |     0.7623 |    0.6477 |   2.31e-04 |     
    6 |     0.1322 |     0.7635 |    0.6498 |     0.1199 |     0.7896 |    0.6818 |   2.00e-04 |     
    7 |     0.1269 |     0.7728 |    0.6612 |     0.1228 |     0.7847 |    0.6751 |   1.69e-04 |     
    8 |     0.1217 |     0.7793 |    0.6692 |     0.1136 |     0.7979 |    0.6923 |   1.41e-04 |     
    9 |     0.1195 |     0.7835 |    0.6745 |     0.1192 |     0.7913 |    0.6831 |   1.19e-04 |     
   10 |     0.1163 |     0.7892 |    0.6813 |     0.1168 |     0.7850 |    0.6775 |   1.05e-04 |     
   11 |     0.1403 |     0.7517 |    0.6355 |     0.1291 |     0.7743 |    0.6602 |   3.00e-04 |     
   12 |     0.1316 |     0.7641 |    0.6512 |     0.1328 |     0.7636 |    0.6512 |   2.95e-04 |     
   13 |     0.1263 |     0.7730 |    0.6610 |     0.1408 |     0.7642 |    0.6509 |   2.81e-04 |     
   14 |     0.1252 |     0.7749 |    0.6635 |     0.1187 |     0.7935 |    0.6862 |   2.59e-04 |     
   15 |     0.1216 |     0.7807 |    0.6707 |     0.1123 |     0.7925 |    0.6844 |   2.31e-04 |     
   16 |     0.1180 |     0.7858 |    0.6774 |     0.1121 |     0.7992 |    0.6935 |   2.00e-04 |     
   17 |     0.1145 |     0.7921 |    0.6845 |     0.1114 |     0.7926 |    0.6854 |   1.69e-04 |     
   18 |     0.1124 |     0.7968 |    0.6900 |     0.1102 |     0.7951 |    0.6874 |   1.41e-04 |     
   19 |     0.1090 |     0.8008 |    0.6956 |     0.1142 |     0.7864 |    0.6784 |   1.19e-04 |     
   20 |     0.1076 |     0.8033 |    0.6987 |     0.1081 |     0.8027 |    0.6994 |   1.05e-04 |     
   21 |     0.1296 |     0.7684 |    0.6551 |     0.1237 |     0.7932 |    0.6871 |   3.00e-04 |     
   22 |     0.1231 |     0.7788 |    0.6680 |     0.1142 |     0.7894 |    0.6830 |   2.95e-04 |     
   23 |     0.1186 |     0.7855 |    0.6772 |     0.1121 |     0.7973 |    0.6918 |   2.81e-04 |     
   24 |     0.1175 |     0.7876 |    0.6793 |     0.1139 |     0.7888 |    0.6777 |   2.59e-04 |     
   25 |     0.1131 |     0.7947 |    0.6877 |     0.1212 |     0.7900 |    0.6812 |   2.31e-04 |     
   26 |     0.1134 |     0.7939 |    0.6870 |     0.1299 |     0.7857 |    0.6759 |   2.00e-04 |     
   27 |     0.1086 |     0.8025 |    0.6975 |     0.1125 |     0.8038 |    0.7003 |   1.69e-04 |     
   28 |     0.1069 |     0.8047 |    0.7000 |     0.1081 |     0.8043 |    0.7013 |   1.41e-04 |     
   29 |     0.1049 |     0.8077 |    0.7042 |     0.1050 |     0.8113 |    0.7096 |   1.19e-04 |     
   30 |     0.1030 |     0.8122 |    0.7095 |     0.1044 |     0.8053 |    0.7023 |   1.05e-04 |     
   31 |     0.1188 |     0.7865 |    0.6768 |     0.1150 |     0.7858 |    0.6746 |   3.00e-04 |     
   32 |     0.1153 |     0.7911 |    0.6832 |     0.1292 |     0.7794 |    0.6715 |   2.95e-04 |     
   33 |     0.1150 |     0.7921 |    0.6843 |     0.1150 |     0.8012 |    0.6967 |   2.81e-04 |     
   34 |     0.1112 |     0.7986 |    0.6925 |     0.1107 |     0.8075 |    0.7053 |   2.59e-04 |     
   35 |     0.1107 |     0.7991 |    0.6931 |     0.1144 |     0.7942 |    0.6877 |   2.31e-04 |     
   36 |     0.1077 |     0.8042 |    0.7001 |     0.1050 |     0.8097 |    0.7081 |   2.00e-04 |     
   37 |     0.1045 |     0.8089 |    0.7059 |     0.1193 |     0.7762 |    0.6666 |   1.69e-04 |     
   38 |     0.1020 |     0.8126 |    0.7104 |     0.1119 |     0.8108 |    0.7088 |   1.41e-04 |     
   39 |     0.0996 |     0.8173 |    0.7164 |     0.1080 |     0.8134 |    0.7133 |   1.19e-04 |     
   40 |     0.0989 |     0.8176 |    0.7170 |     0.1020 |     0.8155 |    0.7161 |   1.05e-04 |     
   41 |     0.1137 |     0.7945 |    0.6866 |     0.3099 |     0.6225 |    0.4941 |   3.00e-04 |     
   42 |     0.1136 |     0.7949 |    0.6879 |     0.1140 |     0.7907 |    0.6855 |   2.95e-04 |     
   43 |     0.1107 |     0.7985 |    0.6929 |     0.1100 |     0.7960 |    0.6900 |   2.81e-04 |     
   44 |     0.1067 |     0.8051 |    0.7006 |     0.1145 |     0.7889 |    0.6807 |   2.59e-04 |     
   45 |     0.1046 |     0.8089 |    0.7049 |     0.1109 |     0.7975 |    0.6921 |   2.31e-04 |     
   46 |     0.1043 |     0.8097 |    0.7062 |     0.1059 |     0.8083 |    0.7050 |   2.00e-04 |     
   47 |     0.1006 |     0.8146 |    0.7129 |     0.1071 |     0.8097 |    0.7069 |   1.69e-04 |     
   48 |     0.0987 |     0.8184 |    0.7173 |     0.1052 |     0.8093 |    0.7088 |   1.41e-04 |     
   49 |     0.0967 |     0.8222 |    0.7221 |     0.1041 |     0.8051 |    0.7025 |   1.19e-04 |     
   50 |     0.0957 |     0.8227 |    0.7229 |     0.1066 |     0.8117 |    0.7115 |   1.05e-04 |     
   51 |     0.1108 |     0.7993 |    0.6930 |     0.1240 |     0.7902 |    0.6823 |   3.00e-04 |     
   52 |     0.1137 |     0.7958 |    0.6892 |     0.1077 |     0.7969 |    0.6895 |   2.95e-04 |     
   53 |     0.1068 |     0.8050 |    0.7002 |     0.1120 |     0.7982 |    0.6946 |   2.81e-04 |     
   54 |     0.1054 |     0.8074 |    0.7040 |     0.1211 |     0.7929 |    0.6890 |   2.59e-04 |     
   55 |     0.1047 |     0.8090 |    0.7059 |     0.1051 |     0.8113 |    0.7097 |   2.31e-04 |     
   56 |     0.1020 |     0.8132 |    0.7106 |     0.1055 |     0.7994 |    0.6918 |   2.00e-04 |     
   57 |     0.0981 |     0.8203 |    0.7194 |     0.1013 |     0.8145 |    0.7134 |   1.69e-04 |     
   58 |     0.0964 |     0.8222 |    0.7217 |     0.1015 |     0.8175 |    0.7176 |   1.41e-04 |     
   59 |     0.0940 |     0.8267 |    0.7280 |     0.1005 |     0.8165 |    0.7155 |   1.19e-04 |     
   60 |     0.0920 |     0.8294 |    0.7310 |     0.1036 |     0.8130 |    0.7116 |   1.05e-04 |     
   61 |     0.1090 |     0.8024 |    0.6971 |     0.1143 |     0.7945 |    0.6901 |   3.00e-04 |     
   62 |     0.1052 |     0.8080 |    0.7040 |     0.1119 |     0.7920 |    0.6868 |   2.95e-04 |     
   63 |     0.1070 |     0.8064 |    0.7019 |     0.1052 |     0.8070 |    0.7036 |   2.81e-04 |     
   64 |     0.1006 |     0.8157 |    0.7134 |     0.1045 |     0.8126 |    0.7125 |   2.59e-04 |     
   65 |     0.1004 |     0.8165 |    0.7147 |     0.1140 |     0.8026 |    0.6987 |   2.31e-04 |     
   66 |     0.0977 |     0.8208 |    0.7198 |     0.1050 |     0.8105 |    0.7096 |   2.00e-04 |     
   67 |     0.0966 |     0.8219 |    0.7218 |     0.1059 |     0.8143 |    0.7145 |   1.69e-04 |     
   68 |     0.0946 |     0.8251 |    0.7257 |     0.1059 |     0.8140 |    0.7138 |   1.41e-04 |     
   69 |     0.0928 |     0.8291 |    0.7308 |     0.1027 |     0.8179 |    0.7193 |   1.19e-04 |    *
--- RACE-PE 80e validation screen: control validation statistics ---
up4: ca=0.8428+/-0.1138, sa=1.0090+/-0.0065, amp=0.0000, suppress=0.0000, guide_abs=0.1943
up4 residuals: local_mean=6.339e-02, global_mean=0.0159, local_strength=0.1135, global_strength=0.1171, gain=[0.9886,1.0462], saturation=0.1265, text_film=0.0266
up4 haar: reconstruction_error=9.537e-07, skip_low/high=0.7963/0.2037, plam_low/high=1.0000/0.0000
up4 strengths: plam=0.9013, region=0.1135, detail=0.1171; residual_std region/detail/refine=0.3472/0.4587/0.4009
up4 guide_mix: entropy=0.9795, raw_low=0.3486, plam_low=0.2353, decoder_low=0.2339, detail=0.1822; agreement plam/decoder=0.5060/0.3323, support=0.7801+/-0.1193
up4 adaptive_frequency: ALPF strength=0.2622, weights=0.1404/0.7201/0.1395, sum=1.0000, entropy=0.7141, delta_std=0.0649; AHPF strength=0.0713, weights=0.3512/0.4897/0.1591, sum=1.0000, entropy=0.9137, residual_std=0.0926, scaled_std=0.0066
up3: ca=0.9527+/-0.1661, sa=1.0129+/-0.0052, amp=0.0000, suppress=0.0000, guide_abs=0.2058
up3 residuals: local_mean=2.495e-02, global_mean=0.0808, local_strength=0.1165, global_strength=0.1240, gain=[0.9962,1.0420], saturation=0.0184, text_film=0.0393
up3 haar: reconstruction_error=9.537e-07, skip_low/high=0.7478/0.2522, plam_low/high=1.0000/0.0000
up3 strengths: plam=0.8705, region=0.1165, detail=0.1240; residual_std region/detail/refine=0.4002/0.4929/0.4166
up3 guide_mix: entropy=0.9810, raw_low=0.3266, plam_low=0.2007, decoder_low=0.2839, detail=0.1888; agreement plam/decoder=0.4828/0.3700, support=0.6807+/-0.1056
up3 adaptive_frequency: ALPF strength=0.2785, weights=0.0919/0.4224/0.4857, sum=1.0000, entropy=0.7216, delta_std=0.0653; AHPF strength=0.1265, weights=0.6360/0.1773/0.1867, sum=1.0000, entropy=0.7212, residual_std=0.0855, scaled_std=0.0108
up2: ca=0.8466+/-0.1565, sa=1.0050+/-0.0029, amp=0.0000, suppress=0.0000, guide_abs=0.3773
up2 residuals: local_mean=6.191e-04, global_mean=0.0429, local_strength=0.1345, global_strength=0.1152, gain=[0.9715,1.0427], saturation=0.0080, text_film=0.0709
up2 haar: reconstruction_error=1.371e-06, skip_low/high=0.8049/0.1951, plam_low/high=1.0000/0.0000
up2 strengths: plam=0.7389, region=0.1345, detail=0.1152; residual_std region/detail/refine=0.2082/0.2951/0.1408
up2 guide_mix: entropy=0.9544, raw_low=0.3403, plam_low=0.1681, decoder_low=0.3353, detail=0.1563; agreement plam/decoder=0.7679/0.2263, support=0.7649+/-0.0575
up1: ca=0.7791+/-0.1408, sa=1.0081+/-0.0104, amp=0.0000, suppress=0.0000, guide_abs=0.2068
up1 residuals: local_mean=2.848e-03, global_mean=0.0933, local_strength=0.1298, global_strength=0.0839, gain=[0.9199,1.0825], saturation=0.0000, text_film=0.0432
up1 haar: reconstruction_error=1.431e-06, skip_low/high=0.7338/0.2662, plam_low/high=1.0000/0.0000
up1 strengths: plam=0.8736, region=0.1298, detail=0.0839; residual_std region/detail/refine=0.2035/0.4253/0.2632
up1 guide_mix: entropy=0.9241, raw_low=0.3541, plam_low=0.1415, decoder_low=0.3709, detail=0.1336; agreement plam/decoder=0.2510/-0.1060, support=0.6096+/-0.0577

========= Epoch [70/80] =========
C4_Test_session_09.09_15h44
Training with batch size : 16
   [Train] Epoch: [70][20/357]  Loss:0.071 (Avg 0.0908) IoU:0.785 (Avg 0.7357) Dice:0.8727 (Avg 0.8313) LR 1.05e-04   (AvgTime 0.6)   
   [Train] Epoch: [70][40/357]  Loss:0.121 (Avg 0.0921) IoU:0.655 (Avg 0.7312) Dice:0.7714 (Avg 0.8292) LR 1.05e-04   (AvgTime 0.6)   
   [Train] Epoch: [70][60/357]  Loss:0.060 (Avg 0.0907) IoU:0.811 (Avg 0.7375) Dice:0.8922 (Avg 0.8335) LR 1.05e-04   (AvgTime 0.5)   
   [Train] Epoch: [70][80/357]  Loss:0.090 (Avg 0.0906) IoU:0.738 (Avg 0.7370) Dice:0.8404 (Avg 0.8333) LR 1.05e-04   (AvgTime 0.6)   
   [Train] Epoch: [70][100/357]  Loss:0.134 (Avg 0.0917) IoU:0.640 (Avg 0.7335) Dice:0.7372 (Avg 0.8306) LR 1.05e-04   (AvgTime 0.5)   
   [Train] Epoch: [70][120/357]  Loss:0.076 (Avg 0.0919) IoU:0.751 (Avg 0.7331) Dice:0.8497 (Avg 0.8306) LR 1.05e-04   (AvgTime 0.5)   
   [Train] Epoch: [70][140/357]  Loss:0.114 (Avg 0.0913) IoU:0.701 (Avg 0.7339) Dice:0.7995 (Avg 0.8312) LR 1.05e-04   (AvgTime 0.5)   
   [Train] Epoch: [70][160/357]  Loss:0.082 (Avg 0.0927) IoU:0.765 (Avg 0.7304) Dice:0.8546 (Avg 0.8283) LR 1.05e-04   (AvgTime 0.5)   
   [Train] Epoch: [70][180/357]  Loss:0.074 (Avg 0.0918) IoU:0.784 (Avg 0.7330) Dice:0.8634 (Avg 0.8304) LR 1.05e-04   (AvgTime 0.5)   
   [Train] Epoch: [70][200/357]  Loss:0.067 (Avg 0.0913) IoU:0.794 (Avg 0.7340) Dice:0.8798 (Avg 0.8314) LR 1.05e-04   (AvgTime 0.5)   
   [Train] Epoch: [70][220/357]  Loss:0.091 (Avg 0.0904) IoU:0.730 (Avg 0.7360) Dice:0.8266 (Avg 0.8330) LR 1.05e-04   (AvgTime 0.5)   
   [Train] Epoch: [70][240/357]  Loss:0.116 (Avg 0.0906) IoU:0.686 (Avg 0.7351) Dice:0.7936 (Avg 0.8325) LR 1.05e-04   (AvgTime 0.5)   
   [Train] Epoch: [70][260/357]  Loss:0.113 (Avg 0.0906) IoU:0.691 (Avg 0.7351) Dice:0.7949 (Avg 0.8324) LR 1.05e-04   (AvgTime 0.5)   
   [Train] Epoch: [70][280/357]  Loss:0.060 (Avg 0.0906) IoU:0.812 (Avg 0.7351) Dice:0.8934 (Avg 0.8325) LR 1.05e-04   (AvgTime 0.5)   
   [Train] Epoch: [70][300/357]  Loss:0.091 (Avg 0.0905) IoU:0.732 (Avg 0.7353) Dice:0.8303 (Avg 0.8327) LR 1.05e-04   (AvgTime 0.5)   
   [Train] Epoch: [70][320/357]  Loss:0.094 (Avg 0.0907) IoU:0.722 (Avg 0.7344) Dice:0.8208 (Avg 0.8320) LR 1.05e-04   (AvgTime 0.5)   
   [Train] Epoch: [70][340/357]  Loss:0.061 (Avg 0.0911) IoU:0.815 (Avg 0.7335) Dice:0.8908 (Avg 0.8313) LR 1.05e-04   (AvgTime 0.5)   
   [Train] Epoch: [70][357/357]  Loss:0.086 (Avg 0.0907) IoU:0.752 (Avg 0.7342) Dice:0.8351 (Avg 0.8319) LR 1.05e-04   (AvgTime 0.5)   
   [Train] Loss components: dice=0.143632, focal=0.037720, total=0.090676
Validation
   [Val] Epoch: [70][20/90]  Loss:0.121 (Avg 0.1031) IoU:0.679 (Avg 0.7234) Dice:0.7939 (Avg 0.8250) (AvgTime 0.3)   
   [Val] Epoch: [70][40/90]  Loss:0.085 (Avg 0.1075) IoU:0.737 (Avg 0.7089) Dice:0.8372 (Avg 0.8112) (AvgTime 0.2)   
   [Val] Epoch: [70][60/90]  Loss:0.131 (Avg 0.1011) IoU:0.663 (Avg 0.7199) Dice:0.7658 (Avg 0.8183) (AvgTime 0.2)   
   [Val] Epoch: [70][80/90]  Loss:0.091 (Avg 0.1001) IoU:0.725 (Avg 0.7186) Dice:0.8236 (Avg 0.8176) (AvgTime 0.2)   
   [Val] Epoch: [70][90/90]  Loss:0.129 (Avg 0.1001) IoU:0.636 (Avg 0.7186) Dice:0.7643 (Avg 0.8177) (AvgTime 0.2)   
   [Val] Loss components: dice=0.154008, focal=0.046267, total=0.100137
	 No iou improvement; selected epoch 69
	 early_stopping_count: 1/80
--- Epoch History (1..70) ---
Epoch |  TrainLoss |  TrainDice |  TrainIoU |    ValLoss |    ValDice |    ValIoU |         LR | Best
    1 |     0.2379 |     0.6073 |    0.4776 |     0.1928 |     0.6881 |    0.5656 |   3.00e-04 |     
    2 |     0.1735 |     0.6993 |    0.5754 |     0.1794 |     0.6884 |    0.5646 |   2.95e-04 |     
    3 |     0.1551 |     0.7275 |    0.6080 |     0.1434 |     0.7519 |    0.6362 |   2.81e-04 |     
    4 |     0.1433 |     0.7455 |    0.6288 |     0.1249 |     0.7776 |    0.6670 |   2.59e-04 |     
    5 |     0.1385 |     0.7532 |    0.6372 |     0.1294 |     0.7623 |    0.6477 |   2.31e-04 |     
    6 |     0.1322 |     0.7635 |    0.6498 |     0.1199 |     0.7896 |    0.6818 |   2.00e-04 |     
    7 |     0.1269 |     0.7728 |    0.6612 |     0.1228 |     0.7847 |    0.6751 |   1.69e-04 |     
    8 |     0.1217 |     0.7793 |    0.6692 |     0.1136 |     0.7979 |    0.6923 |   1.41e-04 |     
    9 |     0.1195 |     0.7835 |    0.6745 |     0.1192 |     0.7913 |    0.6831 |   1.19e-04 |     
   10 |     0.1163 |     0.7892 |    0.6813 |     0.1168 |     0.7850 |    0.6775 |   1.05e-04 |     
   11 |     0.1403 |     0.7517 |    0.6355 |     0.1291 |     0.7743 |    0.6602 |   3.00e-04 |     
   12 |     0.1316 |     0.7641 |    0.6512 |     0.1328 |     0.7636 |    0.6512 |   2.95e-04 |     
   13 |     0.1263 |     0.7730 |    0.6610 |     0.1408 |     0.7642 |    0.6509 |   2.81e-04 |     
   14 |     0.1252 |     0.7749 |    0.6635 |     0.1187 |     0.7935 |    0.6862 |   2.59e-04 |     
   15 |     0.1216 |     0.7807 |    0.6707 |     0.1123 |     0.7925 |    0.6844 |   2.31e-04 |     
   16 |     0.1180 |     0.7858 |    0.6774 |     0.1121 |     0.7992 |    0.6935 |   2.00e-04 |     
   17 |     0.1145 |     0.7921 |    0.6845 |     0.1114 |     0.7926 |    0.6854 |   1.69e-04 |     
   18 |     0.1124 |     0.7968 |    0.6900 |     0.1102 |     0.7951 |    0.6874 |   1.41e-04 |     
   19 |     0.1090 |     0.8008 |    0.6956 |     0.1142 |     0.7864 |    0.6784 |   1.19e-04 |     
   20 |     0.1076 |     0.8033 |    0.6987 |     0.1081 |     0.8027 |    0.6994 |   1.05e-04 |     
   21 |     0.1296 |     0.7684 |    0.6551 |     0.1237 |     0.7932 |    0.6871 |   3.00e-04 |     
   22 |     0.1231 |     0.7788 |    0.6680 |     0.1142 |     0.7894 |    0.6830 |   2.95e-04 |     
   23 |     0.1186 |     0.7855 |    0.6772 |     0.1121 |     0.7973 |    0.6918 |   2.81e-04 |     
   24 |     0.1175 |     0.7876 |    0.6793 |     0.1139 |     0.7888 |    0.6777 |   2.59e-04 |     
   25 |     0.1131 |     0.7947 |    0.6877 |     0.1212 |     0.7900 |    0.6812 |   2.31e-04 |     
   26 |     0.1134 |     0.7939 |    0.6870 |     0.1299 |     0.7857 |    0.6759 |   2.00e-04 |     
   27 |     0.1086 |     0.8025 |    0.6975 |     0.1125 |     0.8038 |    0.7003 |   1.69e-04 |     
   28 |     0.1069 |     0.8047 |    0.7000 |     0.1081 |     0.8043 |    0.7013 |   1.41e-04 |     
   29 |     0.1049 |     0.8077 |    0.7042 |     0.1050 |     0.8113 |    0.7096 |   1.19e-04 |     
   30 |     0.1030 |     0.8122 |    0.7095 |     0.1044 |     0.8053 |    0.7023 |   1.05e-04 |     
   31 |     0.1188 |     0.7865 |    0.6768 |     0.1150 |     0.7858 |    0.6746 |   3.00e-04 |     
   32 |     0.1153 |     0.7911 |    0.6832 |     0.1292 |     0.7794 |    0.6715 |   2.95e-04 |     
   33 |     0.1150 |     0.7921 |    0.6843 |     0.1150 |     0.8012 |    0.6967 |   2.81e-04 |     
   34 |     0.1112 |     0.7986 |    0.6925 |     0.1107 |     0.8075 |    0.7053 |   2.59e-04 |     
   35 |     0.1107 |     0.7991 |    0.6931 |     0.1144 |     0.7942 |    0.6877 |   2.31e-04 |     
   36 |     0.1077 |     0.8042 |    0.7001 |     0.1050 |     0.8097 |    0.7081 |   2.00e-04 |     
   37 |     0.1045 |     0.8089 |    0.7059 |     0.1193 |     0.7762 |    0.6666 |   1.69e-04 |     
   38 |     0.1020 |     0.8126 |    0.7104 |     0.1119 |     0.8108 |    0.7088 |   1.41e-04 |     
   39 |     0.0996 |     0.8173 |    0.7164 |     0.1080 |     0.8134 |    0.7133 |   1.19e-04 |     
   40 |     0.0989 |     0.8176 |    0.7170 |     0.1020 |     0.8155 |    0.7161 |   1.05e-04 |     
   41 |     0.1137 |     0.7945 |    0.6866 |     0.3099 |     0.6225 |    0.4941 |   3.00e-04 |     
   42 |     0.1136 |     0.7949 |    0.6879 |     0.1140 |     0.7907 |    0.6855 |   2.95e-04 |     
   43 |     0.1107 |     0.7985 |    0.6929 |     0.1100 |     0.7960 |    0.6900 |   2.81e-04 |     
   44 |     0.1067 |     0.8051 |    0.7006 |     0.1145 |     0.7889 |    0.6807 |   2.59e-04 |     
   45 |     0.1046 |     0.8089 |    0.7049 |     0.1109 |     0.7975 |    0.6921 |   2.31e-04 |     
   46 |     0.1043 |     0.8097 |    0.7062 |     0.1059 |     0.8083 |    0.7050 |   2.00e-04 |     
   47 |     0.1006 |     0.8146 |    0.7129 |     0.1071 |     0.8097 |    0.7069 |   1.69e-04 |     
   48 |     0.0987 |     0.8184 |    0.7173 |     0.1052 |     0.8093 |    0.7088 |   1.41e-04 |     
   49 |     0.0967 |     0.8222 |    0.7221 |     0.1041 |     0.8051 |    0.7025 |   1.19e-04 |     
   50 |     0.0957 |     0.8227 |    0.7229 |     0.1066 |     0.8117 |    0.7115 |   1.05e-04 |     
   51 |     0.1108 |     0.7993 |    0.6930 |     0.1240 |     0.7902 |    0.6823 |   3.00e-04 |     
   52 |     0.1137 |     0.7958 |    0.6892 |     0.1077 |     0.7969 |    0.6895 |   2.95e-04 |     
   53 |     0.1068 |     0.8050 |    0.7002 |     0.1120 |     0.7982 |    0.6946 |   2.81e-04 |     
   54 |     0.1054 |     0.8074 |    0.7040 |     0.1211 |     0.7929 |    0.6890 |   2.59e-04 |     
   55 |     0.1047 |     0.8090 |    0.7059 |     0.1051 |     0.8113 |    0.7097 |   2.31e-04 |     
   56 |     0.1020 |     0.8132 |    0.7106 |     0.1055 |     0.7994 |    0.6918 |   2.00e-04 |     
   57 |     0.0981 |     0.8203 |    0.7194 |     0.1013 |     0.8145 |    0.7134 |   1.69e-04 |     
   58 |     0.0964 |     0.8222 |    0.7217 |     0.1015 |     0.8175 |    0.7176 |   1.41e-04 |     
   59 |     0.0940 |     0.8267 |    0.7280 |     0.1005 |     0.8165 |    0.7155 |   1.19e-04 |     
   60 |     0.0920 |     0.8294 |    0.7310 |     0.1036 |     0.8130 |    0.7116 |   1.05e-04 |     
   61 |     0.1090 |     0.8024 |    0.6971 |     0.1143 |     0.7945 |    0.6901 |   3.00e-04 |     
   62 |     0.1052 |     0.8080 |    0.7040 |     0.1119 |     0.7920 |    0.6868 |   2.95e-04 |     
   63 |     0.1070 |     0.8064 |    0.7019 |     0.1052 |     0.8070 |    0.7036 |   2.81e-04 |     
   64 |     0.1006 |     0.8157 |    0.7134 |     0.1045 |     0.8126 |    0.7125 |   2.59e-04 |     
   65 |     0.1004 |     0.8165 |    0.7147 |     0.1140 |     0.8026 |    0.6987 |   2.31e-04 |     
   66 |     0.0977 |     0.8208 |    0.7198 |     0.1050 |     0.8105 |    0.7096 |   2.00e-04 |     
   67 |     0.0966 |     0.8219 |    0.7218 |     0.1059 |     0.8143 |    0.7145 |   1.69e-04 |     
   68 |     0.0946 |     0.8251 |    0.7257 |     0.1059 |     0.8140 |    0.7138 |   1.41e-04 |     
   69 |     0.0928 |     0.8291 |    0.7308 |     0.1027 |     0.8179 |    0.7193 |   1.19e-04 |    *
   70 |     0.0907 |     0.8319 |    0.7342 |     0.1001 |     0.8177 |    0.7186 |   1.05e-04 |     
--- RACE-PE 80e validation screen: control validation statistics ---
up4: ca=0.8452+/-0.1102, sa=1.0093+/-0.0065, amp=0.0000, suppress=0.0000, guide_abs=0.1915
up4 residuals: local_mean=6.548e-02, global_mean=0.0160, local_strength=0.1136, global_strength=0.1172, gain=[0.9886,1.0500], saturation=0.1316, text_film=0.0268
up4 haar: reconstruction_error=9.537e-07, skip_low/high=0.7978/0.2022, plam_low/high=1.0000/0.0000
up4 strengths: plam=0.9009, region=0.1136, detail=0.1172; residual_std region/detail/refine=0.3503/0.4520/0.3949
up4 guide_mix: entropy=0.9800, raw_low=0.3446, plam_low=0.2333, decoder_low=0.2424, detail=0.1796; agreement plam/decoder=0.4935/0.2862, support=0.7891+/-0.1153
up4 adaptive_frequency: ALPF strength=0.2625, weights=0.1388/0.7237/0.1375, sum=1.0000, entropy=0.7089, delta_std=0.0676; AHPF strength=0.0712, weights=0.3545/0.4882/0.1573, sum=1.0000, entropy=0.9100, residual_std=0.0904, scaled_std=0.0064
up3: ca=0.9461+/-0.1564, sa=1.0128+/-0.0050, amp=0.0000, suppress=0.0000, guide_abs=0.2016
up3 residuals: local_mean=2.329e-02, global_mean=0.0811, local_strength=0.1164, global_strength=0.1241, gain=[0.9956,1.0383], saturation=0.0056, text_film=0.0404
up3 haar: reconstruction_error=9.537e-07, skip_low/high=0.7449/0.2551, plam_low/high=1.0000/0.0000
up3 strengths: plam=0.8701, region=0.1164, detail=0.1241; residual_std region/detail/refine=0.3662/0.5046/0.4290
up3 guide_mix: entropy=0.9808, raw_low=0.3240, plam_low=0.1976, decoder_low=0.2884, detail=0.1900; agreement plam/decoder=0.4485/0.2903, support=0.6783+/-0.1032
up3 adaptive_frequency: ALPF strength=0.2789, weights=0.1068/0.4630/0.4303, sum=1.0000, entropy=0.7114, delta_std=0.0648; AHPF strength=0.1266, weights=0.5794/0.2078/0.2129, sum=1.0000, entropy=0.7670, residual_std=0.0972, scaled_std=0.0123
up2: ca=0.8469+/-0.1311, sa=1.0052+/-0.0027, amp=0.0000, suppress=0.0000, guide_abs=0.3704
up2 residuals: local_mean=1.219e-03, global_mean=0.0436, local_strength=0.1346, global_strength=0.1152, gain=[0.9741,1.0414], saturation=0.0053, text_film=0.0679
up2 haar: reconstruction_error=9.537e-07, skip_low/high=0.7994/0.2006, plam_low/high=1.0000/0.0000
up2 strengths: plam=0.7382, region=0.1346, detail=0.1152; residual_std region/detail/refine=0.2189/0.3003/0.1391
up2 guide_mix: entropy=0.9543, raw_low=0.3323, plam_low=0.1642, decoder_low=0.3437, detail=0.1598; agreement plam/decoder=0.7564/0.2437, support=0.7636+/-0.0564
up1: ca=0.7808+/-0.1383, sa=1.0081+/-0.0104, amp=0.0000, suppress=0.0000, guide_abs=0.1945
up1 residuals: local_mean=2.837e-03, global_mean=0.0942, local_strength=0.1298, global_strength=0.0838, gain=[0.9197,1.0828], saturation=0.0000, text_film=0.0423
up1 haar: reconstruction_error=1.907e-06, skip_low/high=0.7226/0.2774, plam_low/high=1.0000/0.0000
up1 strengths: plam=0.8730, region=0.1298, detail=0.0838; residual_std region/detail/refine=0.2091/0.4262/0.2638
up1 guide_mix: entropy=0.9308, raw_low=0.3161, plam_low=0.1637, decoder_low=0.3923, detail=0.1278; agreement plam/decoder=0.3955/0.1036, support=0.6027+/-0.0545

========= Epoch [71/80] =========
C4_Test_session_09.09_15h44
Training with batch size : 16
   [Train] Epoch: [71][20/357]  Loss:0.127 (Avg 0.0934) IoU:0.644 (Avg 0.7276) Dice:0.7571 (Avg 0.8264) LR 3.00e-04   (AvgTime 0.6)   
   [Train] Epoch: [71][40/357]  Loss:0.137 (Avg 0.0980) IoU:0.612 (Avg 0.7176) Dice:0.7331 (Avg 0.8174) LR 3.00e-04   (AvgTime 0.6)   
   [Train] Epoch: [71][60/357]  Loss:0.091 (Avg 0.0974) IoU:0.807 (Avg 0.7212) Dice:0.8903 (Avg 0.8208) LR 3.00e-04   (AvgTime 0.5)   
   [Train] Epoch: [71][80/357]  Loss:0.087 (Avg 0.0997) IoU:0.749 (Avg 0.7154) Dice:0.8501 (Avg 0.8162) LR 3.00e-04   (AvgTime 0.5)   
   [Train] Epoch: [71][100/357]  Loss:0.107 (Avg 0.1003) IoU:0.704 (Avg 0.7134) Dice:0.8067 (Avg 0.8149) LR 3.00e-04   (AvgTime 0.5)   
   [Train] Epoch: [71][120/357]  Loss:0.160 (Avg 0.1026) IoU:0.554 (Avg 0.7089) Dice:0.6992 (Avg 0.8113) LR 3.00e-04   (AvgTime 0.5)   
   [Train] Epoch: [71][140/357]  Loss:0.101 (Avg 0.1033) IoU:0.684 (Avg 0.7084) Dice:0.7991 (Avg 0.8110) LR 3.00e-04   (AvgTime 0.5)   
   [Train] Epoch: [71][160/357]  Loss:0.083 (Avg 0.1033) IoU:0.762 (Avg 0.7084) Dice:0.8567 (Avg 0.8112) LR 3.00e-04   (AvgTime 0.5)   
   [Train] Epoch: [71][180/357]  Loss:0.095 (Avg 0.1029) IoU:0.752 (Avg 0.7096) Dice:0.8484 (Avg 0.8123) LR 3.00e-04   (AvgTime 0.5)   
   [Train] Epoch: [71][200/357]  Loss:0.114 (Avg 0.1034) IoU:0.685 (Avg 0.7089) Dice:0.7855 (Avg 0.8116) LR 3.00e-04   (AvgTime 0.5)   
   [Train] Epoch: [71][220/357]  Loss:0.108 (Avg 0.1035) IoU:0.669 (Avg 0.7087) Dice:0.7848 (Avg 0.8116) LR 3.00e-04   (AvgTime 0.5)   
   [Train] Epoch: [71][240/357]  Loss:0.090 (Avg 0.1029) IoU:0.707 (Avg 0.7097) Dice:0.8181 (Avg 0.8125) LR 3.00e-04   (AvgTime 0.5)   
   [Train] Epoch: [71][260/357]  Loss:0.097 (Avg 0.1033) IoU:0.732 (Avg 0.7088) Dice:0.8252 (Avg 0.8119) LR 3.00e-04   (AvgTime 0.5)   
   [Train] Epoch: [71][280/357]  Loss:0.102 (Avg 0.1047) IoU:0.716 (Avg 0.7068) Dice:0.8240 (Avg 0.8104) LR 3.00e-04   (AvgTime 0.5)   
   [Train] Epoch: [71][300/357]  Loss:0.129 (Avg 0.1065) IoU:0.666 (Avg 0.7031) Dice:0.7773 (Avg 0.8074) LR 3.00e-04   (AvgTime 0.5)   
   [Train] Epoch: [71][320/357]  Loss:0.137 (Avg 0.1072) IoU:0.610 (Avg 0.7018) Dice:0.7394 (Avg 0.8064) LR 3.00e-04   (AvgTime 0.5)   
   [Train] Epoch: [71][340/357]  Loss:0.126 (Avg 0.1074) IoU:0.658 (Avg 0.7017) Dice:0.7647 (Avg 0.8062) LR 3.00e-04   (AvgTime 0.5)   
   [Train] Epoch: [71][357/357]  Loss:0.134 (Avg 0.1074) IoU:0.613 (Avg 0.7015) Dice:0.7327 (Avg 0.8061) LR 3.00e-04   (AvgTime 0.5)   
   [Train] Loss components: dice=0.168130, focal=0.046581, total=0.107355
Validation
   [Val] Epoch: [71][20/90]  Loss:0.128 (Avg 0.1096) IoU:0.662 (Avg 0.6989) Dice:0.7831 (Avg 0.8076) (AvgTime 0.2)   
   [Val] Epoch: [71][40/90]  Loss:0.109 (Avg 0.1161) IoU:0.676 (Avg 0.6805) Dice:0.7908 (Avg 0.7909) (AvgTime 0.2)   
   [Val] Epoch: [71][60/90]  Loss:0.151 (Avg 0.1109) IoU:0.624 (Avg 0.6885) Dice:0.7391 (Avg 0.7964) (AvgTime 0.2)   
   [Val] Epoch: [71][80/90]  Loss:0.094 (Avg 0.1104) IoU:0.714 (Avg 0.6858) Dice:0.8183 (Avg 0.7945) (AvgTime 0.2)   
   [Val] Epoch: [71][90/90]  Loss:0.126 (Avg 0.1105) IoU:0.612 (Avg 0.6857) Dice:0.7429 (Avg 0.7945) (AvgTime 0.2)   
   [Val] Loss components: dice=0.176570, focal=0.044490, total=0.110530
	 No iou improvement; selected epoch 69
	 early_stopping_count: 2/80
--- Epoch History (1..71) ---
Epoch |  TrainLoss |  TrainDice |  TrainIoU |    ValLoss |    ValDice |    ValIoU |         LR | Best
    1 |     0.2379 |     0.6073 |    0.4776 |     0.1928 |     0.6881 |    0.5656 |   3.00e-04 |     
    2 |     0.1735 |     0.6993 |    0.5754 |     0.1794 |     0.6884 |    0.5646 |   2.95e-04 |     
    3 |     0.1551 |     0.7275 |    0.6080 |     0.1434 |     0.7519 |    0.6362 |   2.81e-04 |     
    4 |     0.1433 |     0.7455 |    0.6288 |     0.1249 |     0.7776 |    0.6670 |   2.59e-04 |     
    5 |     0.1385 |     0.7532 |    0.6372 |     0.1294 |     0.7623 |    0.6477 |   2.31e-04 |     
    6 |     0.1322 |     0.7635 |    0.6498 |     0.1199 |     0.7896 |    0.6818 |   2.00e-04 |     
    7 |     0.1269 |     0.7728 |    0.6612 |     0.1228 |     0.7847 |    0.6751 |   1.69e-04 |     
    8 |     0.1217 |     0.7793 |    0.6692 |     0.1136 |     0.7979 |    0.6923 |   1.41e-04 |     
    9 |     0.1195 |     0.7835 |    0.6745 |     0.1192 |     0.7913 |    0.6831 |   1.19e-04 |     
   10 |     0.1163 |     0.7892 |    0.6813 |     0.1168 |     0.7850 |    0.6775 |   1.05e-04 |     
   11 |     0.1403 |     0.7517 |    0.6355 |     0.1291 |     0.7743 |    0.6602 |   3.00e-04 |     
   12 |     0.1316 |     0.7641 |    0.6512 |     0.1328 |     0.7636 |    0.6512 |   2.95e-04 |     
   13 |     0.1263 |     0.7730 |    0.6610 |     0.1408 |     0.7642 |    0.6509 |   2.81e-04 |     
   14 |     0.1252 |     0.7749 |    0.6635 |     0.1187 |     0.7935 |    0.6862 |   2.59e-04 |     
   15 |     0.1216 |     0.7807 |    0.6707 |     0.1123 |     0.7925 |    0.6844 |   2.31e-04 |     
   16 |     0.1180 |     0.7858 |    0.6774 |     0.1121 |     0.7992 |    0.6935 |   2.00e-04 |     
   17 |     0.1145 |     0.7921 |    0.6845 |     0.1114 |     0.7926 |    0.6854 |   1.69e-04 |     
   18 |     0.1124 |     0.7968 |    0.6900 |     0.1102 |     0.7951 |    0.6874 |   1.41e-04 |     
   19 |     0.1090 |     0.8008 |    0.6956 |     0.1142 |     0.7864 |    0.6784 |   1.19e-04 |     
   20 |     0.1076 |     0.8033 |    0.6987 |     0.1081 |     0.8027 |    0.6994 |   1.05e-04 |     
   21 |     0.1296 |     0.7684 |    0.6551 |     0.1237 |     0.7932 |    0.6871 |   3.00e-04 |     
   22 |     0.1231 |     0.7788 |    0.6680 |     0.1142 |     0.7894 |    0.6830 |   2.95e-04 |     
   23 |     0.1186 |     0.7855 |    0.6772 |     0.1121 |     0.7973 |    0.6918 |   2.81e-04 |     
   24 |     0.1175 |     0.7876 |    0.6793 |     0.1139 |     0.7888 |    0.6777 |   2.59e-04 |     
   25 |     0.1131 |     0.7947 |    0.6877 |     0.1212 |     0.7900 |    0.6812 |   2.31e-04 |     
   26 |     0.1134 |     0.7939 |    0.6870 |     0.1299 |     0.7857 |    0.6759 |   2.00e-04 |     
   27 |     0.1086 |     0.8025 |    0.6975 |     0.1125 |     0.8038 |    0.7003 |   1.69e-04 |     
   28 |     0.1069 |     0.8047 |    0.7000 |     0.1081 |     0.8043 |    0.7013 |   1.41e-04 |     
   29 |     0.1049 |     0.8077 |    0.7042 |     0.1050 |     0.8113 |    0.7096 |   1.19e-04 |     
   30 |     0.1030 |     0.8122 |    0.7095 |     0.1044 |     0.8053 |    0.7023 |   1.05e-04 |     
   31 |     0.1188 |     0.7865 |    0.6768 |     0.1150 |     0.7858 |    0.6746 |   3.00e-04 |     
   32 |     0.1153 |     0.7911 |    0.6832 |     0.1292 |     0.7794 |    0.6715 |   2.95e-04 |     
   33 |     0.1150 |     0.7921 |    0.6843 |     0.1150 |     0.8012 |    0.6967 |   2.81e-04 |     
   34 |     0.1112 |     0.7986 |    0.6925 |     0.1107 |     0.8075 |    0.7053 |   2.59e-04 |     
   35 |     0.1107 |     0.7991 |    0.6931 |     0.1144 |     0.7942 |    0.6877 |   2.31e-04 |     
   36 |     0.1077 |     0.8042 |    0.7001 |     0.1050 |     0.8097 |    0.7081 |   2.00e-04 |     
   37 |     0.1045 |     0.8089 |    0.7059 |     0.1193 |     0.7762 |    0.6666 |   1.69e-04 |     
   38 |     0.1020 |     0.8126 |    0.7104 |     0.1119 |     0.8108 |    0.7088 |   1.41e-04 |     
   39 |     0.0996 |     0.8173 |    0.7164 |     0.1080 |     0.8134 |    0.7133 |   1.19e-04 |     
   40 |     0.0989 |     0.8176 |    0.7170 |     0.1020 |     0.8155 |    0.7161 |   1.05e-04 |     
   41 |     0.1137 |     0.7945 |    0.6866 |     0.3099 |     0.6225 |    0.4941 |   3.00e-04 |     
   42 |     0.1136 |     0.7949 |    0.6879 |     0.1140 |     0.7907 |    0.6855 |   2.95e-04 |     
   43 |     0.1107 |     0.7985 |    0.6929 |     0.1100 |     0.7960 |    0.6900 |   2.81e-04 |     
   44 |     0.1067 |     0.8051 |    0.7006 |     0.1145 |     0.7889 |    0.6807 |   2.59e-04 |     
   45 |     0.1046 |     0.8089 |    0.7049 |     0.1109 |     0.7975 |    0.6921 |   2.31e-04 |     
   46 |     0.1043 |     0.8097 |    0.7062 |     0.1059 |     0.8083 |    0.7050 |   2.00e-04 |     
   47 |     0.1006 |     0.8146 |    0.7129 |     0.1071 |     0.8097 |    0.7069 |   1.69e-04 |     
   48 |     0.0987 |     0.8184 |    0.7173 |     0.1052 |     0.8093 |    0.7088 |   1.41e-04 |     
   49 |     0.0967 |     0.8222 |    0.7221 |     0.1041 |     0.8051 |    0.7025 |   1.19e-04 |     
   50 |     0.0957 |     0.8227 |    0.7229 |     0.1066 |     0.8117 |    0.7115 |   1.05e-04 |     
   51 |     0.1108 |     0.7993 |    0.6930 |     0.1240 |     0.7902 |    0.6823 |   3.00e-04 |     
   52 |     0.1137 |     0.7958 |    0.6892 |     0.1077 |     0.7969 |    0.6895 |   2.95e-04 |     
   53 |     0.1068 |     0.8050 |    0.7002 |     0.1120 |     0.7982 |    0.6946 |   2.81e-04 |     
   54 |     0.1054 |     0.8074 |    0.7040 |     0.1211 |     0.7929 |    0.6890 |   2.59e-04 |     
   55 |     0.1047 |     0.8090 |    0.7059 |     0.1051 |     0.8113 |    0.7097 |   2.31e-04 |     
   56 |     0.1020 |     0.8132 |    0.7106 |     0.1055 |     0.7994 |    0.6918 |   2.00e-04 |     
   57 |     0.0981 |     0.8203 |    0.7194 |     0.1013 |     0.8145 |    0.7134 |   1.69e-04 |     
   58 |     0.0964 |     0.8222 |    0.7217 |     0.1015 |     0.8175 |    0.7176 |   1.41e-04 |     
   59 |     0.0940 |     0.8267 |    0.7280 |     0.1005 |     0.8165 |    0.7155 |   1.19e-04 |     
   60 |     0.0920 |     0.8294 |    0.7310 |     0.1036 |     0.8130 |    0.7116 |   1.05e-04 |     
   61 |     0.1090 |     0.8024 |    0.6971 |     0.1143 |     0.7945 |    0.6901 |   3.00e-04 |     
   62 |     0.1052 |     0.8080 |    0.7040 |     0.1119 |     0.7920 |    0.6868 |   2.95e-04 |     
   63 |     0.1070 |     0.8064 |    0.7019 |     0.1052 |     0.8070 |    0.7036 |   2.81e-04 |     
   64 |     0.1006 |     0.8157 |    0.7134 |     0.1045 |     0.8126 |    0.7125 |   2.59e-04 |     
   65 |     0.1004 |     0.8165 |    0.7147 |     0.1140 |     0.8026 |    0.6987 |   2.31e-04 |     
   66 |     0.0977 |     0.8208 |    0.7198 |     0.1050 |     0.8105 |    0.7096 |   2.00e-04 |     
   67 |     0.0966 |     0.8219 |    0.7218 |     0.1059 |     0.8143 |    0.7145 |   1.69e-04 |     
   68 |     0.0946 |     0.8251 |    0.7257 |     0.1059 |     0.8140 |    0.7138 |   1.41e-04 |     
   69 |     0.0928 |     0.8291 |    0.7308 |     0.1027 |     0.8179 |    0.7193 |   1.19e-04 |    *
   70 |     0.0907 |     0.8319 |    0.7342 |     0.1001 |     0.8177 |    0.7186 |   1.05e-04 |     
   71 |     0.1074 |     0.8061 |    0.7015 |     0.1105 |     0.7945 |    0.6857 |   3.00e-04 |     
--- RACE-PE 80e validation screen: control validation statistics ---
up4: ca=0.7946+/-0.1519, sa=1.0094+/-0.0069, amp=0.0000, suppress=0.0000, guide_abs=0.2561
up4 residuals: local_mean=6.577e-02, global_mean=0.0169, local_strength=0.1139, global_strength=0.1175, gain=[0.9881,1.0517], saturation=0.1316, text_film=0.0281
up4 haar: reconstruction_error=5.364e-07, skip_low/high=0.8090/0.1910, plam_low/high=1.0000/0.0000
up4 strengths: plam=0.8970, region=0.1139, detail=0.1175; residual_std region/detail/refine=0.3582/0.4333/0.3841
up4 guide_mix: entropy=0.9805, raw_low=0.3322, plam_low=0.2479, decoder_low=0.2509, detail=0.1690; agreement plam/decoder=0.4021/0.2750, support=0.7678+/-0.1204
up4 adaptive_frequency: ALPF strength=0.2625, weights=0.1435/0.7205/0.1360, sum=1.0000, entropy=0.7128, delta_std=0.0636; AHPF strength=0.0711, weights=0.3490/0.4922/0.1587, sum=1.0000, entropy=0.9103, residual_std=0.0827, scaled_std=0.0059
up3: ca=0.8858+/-0.2115, sa=1.0133+/-0.0055, amp=0.0000, suppress=0.0000, guide_abs=0.2309
up3 residuals: local_mean=2.754e-02, global_mean=0.0815, local_strength=0.1167, global_strength=0.1240, gain=[0.9968,1.0448], saturation=0.0321, text_film=0.0431
up3 haar: reconstruction_error=9.537e-07, skip_low/high=0.7556/0.2444, plam_low/high=1.0000/0.0000
up3 strengths: plam=0.8673, region=0.1167, detail=0.1240; residual_std region/detail/refine=0.3945/0.4467/0.3694
up3 guide_mix: entropy=0.9798, raw_low=0.3269, plam_low=0.2031, decoder_low=0.2870, detail=0.1831; agreement plam/decoder=0.5055/0.2443, support=0.6914+/-0.1093
up3 adaptive_frequency: ALPF strength=0.2800, weights=0.1630/0.5309/0.3060, sum=1.0000, entropy=0.8011, delta_std=0.0554; AHPF strength=0.1291, weights=0.4509/0.2177/0.3314, sum=1.0000, entropy=0.8097, residual_std=0.1178, scaled_std=0.0152
up2: ca=0.7815+/-0.2029, sa=1.0049+/-0.0031, amp=0.0000, suppress=0.0000, guide_abs=0.3475
up2 residuals: local_mean=-2.121e-03, global_mean=0.0448, local_strength=0.1352, global_strength=0.1152, gain=[0.9752,1.0411], saturation=0.0000, text_film=0.0941
up2 haar: reconstruction_error=1.311e-06, skip_low/high=0.8217/0.1783, plam_low/high=1.0000/0.0000
up2 strengths: plam=0.7296, region=0.1352, detail=0.1152; residual_std region/detail/refine=0.1446/0.2843/0.1352
up2 guide_mix: entropy=0.9438, raw_low=0.3295, plam_low=0.1639, decoder_low=0.3633, detail=0.1432; agreement plam/decoder=0.7127/0.4053, support=0.7252+/-0.0367
up1: ca=0.7295+/-0.1810, sa=1.0086+/-0.0103, amp=0.0000, suppress=0.0000, guide_abs=0.2388
up1 residuals: local_mean=2.291e-03, global_mean=0.1020, local_strength=0.1301, global_strength=0.0828, gain=[0.9213,1.0815], saturation=0.0000, text_film=0.0400
up1 haar: reconstruction_error=1.431e-06, skip_low/high=0.7472/0.2528, plam_low/high=1.0000/0.0000
up1 strengths: plam=0.8706, region=0.1301, detail=0.0828; residual_std region/detail/refine=0.1983/0.4350/0.2698
up1 guide_mix: entropy=0.8990, raw_low=0.3715, plam_low=0.1147, decoder_low=0.3862, detail=0.1275; agreement plam/decoder=0.3513/-0.0397, support=0.6139+/-0.0564

========= Epoch [72/80] =========
C4_Test_session_09.09_15h44
Training with batch size : 16
   [Train] Epoch: [72][20/357]  Loss:0.121 (Avg 0.1077) IoU:0.676 (Avg 0.7002) Dice:0.7815 (Avg 0.8030) LR 2.95e-04   (AvgTime 0.6)   
   [Train] Epoch: [72][40/357]  Loss:0.083 (Avg 0.1055) IoU:0.775 (Avg 0.7041) Dice:0.8651 (Avg 0.8069) LR 2.95e-04   (AvgTime 0.6)   
   [Train] Epoch: [72][60/357]  Loss:0.099 (Avg 0.1047) IoU:0.689 (Avg 0.7051) Dice:0.7976 (Avg 0.8080) LR 2.95e-04   (AvgTime 0.5)   
   [Train] Epoch: [72][80/357]  Loss:0.089 (Avg 0.1026) IoU:0.740 (Avg 0.7084) Dice:0.8339 (Avg 0.8112) LR 2.95e-04   (AvgTime 0.5)   
   [Train] Epoch: [72][100/357]  Loss:0.119 (Avg 0.1033) IoU:0.662 (Avg 0.7071) Dice:0.7910 (Avg 0.8103) LR 2.95e-04   (AvgTime 0.6)   
   [Train] Epoch: [72][120/357]  Loss:0.122 (Avg 0.1029) IoU:0.681 (Avg 0.7089) Dice:0.7957 (Avg 0.8115) LR 2.95e-04   (AvgTime 0.6)   
   [Train] Epoch: [72][140/357]  Loss:0.110 (Avg 0.1032) IoU:0.666 (Avg 0.7079) Dice:0.7906 (Avg 0.8107) LR 2.95e-04   (AvgTime 0.6)   
   [Train] Epoch: [72][160/357]  Loss:0.110 (Avg 0.1029) IoU:0.670 (Avg 0.7080) Dice:0.7859 (Avg 0.8112) LR 2.95e-04   (AvgTime 0.5)   
   [Train] Epoch: [72][180/357]  Loss:0.144 (Avg 0.1032) IoU:0.594 (Avg 0.7073) Dice:0.7273 (Avg 0.8105) LR 2.95e-04   (AvgTime 0.5)   
   [Train] Epoch: [72][200/357]  Loss:0.076 (Avg 0.1036) IoU:0.783 (Avg 0.7068) Dice:0.8642 (Avg 0.8100) LR 2.95e-04   (AvgTime 0.5)   
   [Train] Epoch: [72][220/357]  Loss:0.121 (Avg 0.1041) IoU:0.647 (Avg 0.7056) Dice:0.7654 (Avg 0.8091) LR 2.95e-04   (AvgTime 0.5)   
   [Train] Epoch: [72][240/357]  Loss:0.103 (Avg 0.1039) IoU:0.705 (Avg 0.7061) Dice:0.8134 (Avg 0.8095) LR 2.95e-04   (AvgTime 0.5)   
   [Train] Epoch: [72][260/357]  Loss:0.114 (Avg 0.1040) IoU:0.653 (Avg 0.7058) Dice:0.7743 (Avg 0.8093) LR 2.95e-04   (AvgTime 0.5)   
   [Train] Epoch: [72][280/357]  Loss:0.129 (Avg 0.1043) IoU:0.659 (Avg 0.7055) Dice:0.7593 (Avg 0.8088) LR 2.95e-04   (AvgTime 0.5)   
   [Train] Epoch: [72][300/357]  Loss:0.087 (Avg 0.1036) IoU:0.748 (Avg 0.7075) Dice:0.8403 (Avg 0.8104) LR 2.95e-04   (AvgTime 0.5)   
   [Train] Epoch: [72][320/357]  Loss:0.137 (Avg 0.1040) IoU:0.615 (Avg 0.7068) Dice:0.7408 (Avg 0.8098) LR 2.95e-04   (AvgTime 0.5)   
   [Train] Epoch: [72][340/357]  Loss:0.074 (Avg 0.1039) IoU:0.800 (Avg 0.7070) Dice:0.8790 (Avg 0.8101) LR 2.95e-04   (AvgTime 0.5)   
   [Train] Epoch: [72][357/357]  Loss:0.125 (Avg 0.1041) IoU:0.691 (Avg 0.7068) Dice:0.7877 (Avg 0.8099) LR 2.95e-04   (AvgTime 0.5)   
   [Train] Loss components: dice=0.164267, focal=0.043980, total=0.104124
Validation
   [Val] Epoch: [72][20/90]  Loss:0.134 (Avg 0.1092) IoU:0.657 (Avg 0.7068) Dice:0.7761 (Avg 0.8119) (AvgTime 0.2)   
   [Val] Epoch: [72][40/90]  Loss:0.105 (Avg 0.1133) IoU:0.694 (Avg 0.6953) Dice:0.8045 (Avg 0.8006) (AvgTime 0.2)   
   [Val] Epoch: [72][60/90]  Loss:0.132 (Avg 0.1074) IoU:0.652 (Avg 0.7042) Dice:0.7571 (Avg 0.8059) (AvgTime 0.2)   
   [Val] Epoch: [72][80/90]  Loss:0.101 (Avg 0.1073) IoU:0.704 (Avg 0.7024) Dice:0.8112 (Avg 0.8046) (AvgTime 0.2)   
   [Val] Epoch: [72][90/90]  Loss:0.135 (Avg 0.1072) IoU:0.630 (Avg 0.7029) Dice:0.7567 (Avg 0.8051) (AvgTime 0.2)   
   [Val] Loss components: dice=0.169624, focal=0.044734, total=0.107179
	 No iou improvement; selected epoch 69
	 early_stopping_count: 3/80
--- Epoch History (1..72) ---
Epoch |  TrainLoss |  TrainDice |  TrainIoU |    ValLoss |    ValDice |    ValIoU |         LR | Best
    1 |     0.2379 |     0.6073 |    0.4776 |     0.1928 |     0.6881 |    0.5656 |   3.00e-04 |     
    2 |     0.1735 |     0.6993 |    0.5754 |     0.1794 |     0.6884 |    0.5646 |   2.95e-04 |     
    3 |     0.1551 |     0.7275 |    0.6080 |     0.1434 |     0.7519 |    0.6362 |   2.81e-04 |     
    4 |     0.1433 |     0.7455 |    0.6288 |     0.1249 |     0.7776 |    0.6670 |   2.59e-04 |     
    5 |     0.1385 |     0.7532 |    0.6372 |     0.1294 |     0.7623 |    0.6477 |   2.31e-04 |     
    6 |     0.1322 |     0.7635 |    0.6498 |     0.1199 |     0.7896 |    0.6818 |   2.00e-04 |     
    7 |     0.1269 |     0.7728 |    0.6612 |     0.1228 |     0.7847 |    0.6751 |   1.69e-04 |     
    8 |     0.1217 |     0.7793 |    0.6692 |     0.1136 |     0.7979 |    0.6923 |   1.41e-04 |     
    9 |     0.1195 |     0.7835 |    0.6745 |     0.1192 |     0.7913 |    0.6831 |   1.19e-04 |     
   10 |     0.1163 |     0.7892 |    0.6813 |     0.1168 |     0.7850 |    0.6775 |   1.05e-04 |     
   11 |     0.1403 |     0.7517 |    0.6355 |     0.1291 |     0.7743 |    0.6602 |   3.00e-04 |     
   12 |     0.1316 |     0.7641 |    0.6512 |     0.1328 |     0.7636 |    0.6512 |   2.95e-04 |     
   13 |     0.1263 |     0.7730 |    0.6610 |     0.1408 |     0.7642 |    0.6509 |   2.81e-04 |     
   14 |     0.1252 |     0.7749 |    0.6635 |     0.1187 |     0.7935 |    0.6862 |   2.59e-04 |     
   15 |     0.1216 |     0.7807 |    0.6707 |     0.1123 |     0.7925 |    0.6844 |   2.31e-04 |     
   16 |     0.1180 |     0.7858 |    0.6774 |     0.1121 |     0.7992 |    0.6935 |   2.00e-04 |     
   17 |     0.1145 |     0.7921 |    0.6845 |     0.1114 |     0.7926 |    0.6854 |   1.69e-04 |     
   18 |     0.1124 |     0.7968 |    0.6900 |     0.1102 |     0.7951 |    0.6874 |   1.41e-04 |     
   19 |     0.1090 |     0.8008 |    0.6956 |     0.1142 |     0.7864 |    0.6784 |   1.19e-04 |     
   20 |     0.1076 |     0.8033 |    0.6987 |     0.1081 |     0.8027 |    0.6994 |   1.05e-04 |     
   21 |     0.1296 |     0.7684 |    0.6551 |     0.1237 |     0.7932 |    0.6871 |   3.00e-04 |     
   22 |     0.1231 |     0.7788 |    0.6680 |     0.1142 |     0.7894 |    0.6830 |   2.95e-04 |     
   23 |     0.1186 |     0.7855 |    0.6772 |     0.1121 |     0.7973 |    0.6918 |   2.81e-04 |     
   24 |     0.1175 |     0.7876 |    0.6793 |     0.1139 |     0.7888 |    0.6777 |   2.59e-04 |     
   25 |     0.1131 |     0.7947 |    0.6877 |     0.1212 |     0.7900 |    0.6812 |   2.31e-04 |     
   26 |     0.1134 |     0.7939 |    0.6870 |     0.1299 |     0.7857 |    0.6759 |   2.00e-04 |     
   27 |     0.1086 |     0.8025 |    0.6975 |     0.1125 |     0.8038 |    0.7003 |   1.69e-04 |     
   28 |     0.1069 |     0.8047 |    0.7000 |     0.1081 |     0.8043 |    0.7013 |   1.41e-04 |     
   29 |     0.1049 |     0.8077 |    0.7042 |     0.1050 |     0.8113 |    0.7096 |   1.19e-04 |     
   30 |     0.1030 |     0.8122 |    0.7095 |     0.1044 |     0.8053 |    0.7023 |   1.05e-04 |     
   31 |     0.1188 |     0.7865 |    0.6768 |     0.1150 |     0.7858 |    0.6746 |   3.00e-04 |     
   32 |     0.1153 |     0.7911 |    0.6832 |     0.1292 |     0.7794 |    0.6715 |   2.95e-04 |     
   33 |     0.1150 |     0.7921 |    0.6843 |     0.1150 |     0.8012 |    0.6967 |   2.81e-04 |     
   34 |     0.1112 |     0.7986 |    0.6925 |     0.1107 |     0.8075 |    0.7053 |   2.59e-04 |     
   35 |     0.1107 |     0.7991 |    0.6931 |     0.1144 |     0.7942 |    0.6877 |   2.31e-04 |     
   36 |     0.1077 |     0.8042 |    0.7001 |     0.1050 |     0.8097 |    0.7081 |   2.00e-04 |     
   37 |     0.1045 |     0.8089 |    0.7059 |     0.1193 |     0.7762 |    0.6666 |   1.69e-04 |     
   38 |     0.1020 |     0.8126 |    0.7104 |     0.1119 |     0.8108 |    0.7088 |   1.41e-04 |     
   39 |     0.0996 |     0.8173 |    0.7164 |     0.1080 |     0.8134 |    0.7133 |   1.19e-04 |     
   40 |     0.0989 |     0.8176 |    0.7170 |     0.1020 |     0.8155 |    0.7161 |   1.05e-04 |     
   41 |     0.1137 |     0.7945 |    0.6866 |     0.3099 |     0.6225 |    0.4941 |   3.00e-04 |     
   42 |     0.1136 |     0.7949 |    0.6879 |     0.1140 |     0.7907 |    0.6855 |   2.95e-04 |     
   43 |     0.1107 |     0.7985 |    0.6929 |     0.1100 |     0.7960 |    0.6900 |   2.81e-04 |     
   44 |     0.1067 |     0.8051 |    0.7006 |     0.1145 |     0.7889 |    0.6807 |   2.59e-04 |     
   45 |     0.1046 |     0.8089 |    0.7049 |     0.1109 |     0.7975 |    0.6921 |   2.31e-04 |     
   46 |     0.1043 |     0.8097 |    0.7062 |     0.1059 |     0.8083 |    0.7050 |   2.00e-04 |     
   47 |     0.1006 |     0.8146 |    0.7129 |     0.1071 |     0.8097 |    0.7069 |   1.69e-04 |     
   48 |     0.0987 |     0.8184 |    0.7173 |     0.1052 |     0.8093 |    0.7088 |   1.41e-04 |     
   49 |     0.0967 |     0.8222 |    0.7221 |     0.1041 |     0.8051 |    0.7025 |   1.19e-04 |     
   50 |     0.0957 |     0.8227 |    0.7229 |     0.1066 |     0.8117 |    0.7115 |   1.05e-04 |     
   51 |     0.1108 |     0.7993 |    0.6930 |     0.1240 |     0.7902 |    0.6823 |   3.00e-04 |     
   52 |     0.1137 |     0.7958 |    0.6892 |     0.1077 |     0.7969 |    0.6895 |   2.95e-04 |     
   53 |     0.1068 |     0.8050 |    0.7002 |     0.1120 |     0.7982 |    0.6946 |   2.81e-04 |     
   54 |     0.1054 |     0.8074 |    0.7040 |     0.1211 |     0.7929 |    0.6890 |   2.59e-04 |     
   55 |     0.1047 |     0.8090 |    0.7059 |     0.1051 |     0.8113 |    0.7097 |   2.31e-04 |     
   56 |     0.1020 |     0.8132 |    0.7106 |     0.1055 |     0.7994 |    0.6918 |   2.00e-04 |     
   57 |     0.0981 |     0.8203 |    0.7194 |     0.1013 |     0.8145 |    0.7134 |   1.69e-04 |     
   58 |     0.0964 |     0.8222 |    0.7217 |     0.1015 |     0.8175 |    0.7176 |   1.41e-04 |     
   59 |     0.0940 |     0.8267 |    0.7280 |     0.1005 |     0.8165 |    0.7155 |   1.19e-04 |     
   60 |     0.0920 |     0.8294 |    0.7310 |     0.1036 |     0.8130 |    0.7116 |   1.05e-04 |     
   61 |     0.1090 |     0.8024 |    0.6971 |     0.1143 |     0.7945 |    0.6901 |   3.00e-04 |     
   62 |     0.1052 |     0.8080 |    0.7040 |     0.1119 |     0.7920 |    0.6868 |   2.95e-04 |     
   63 |     0.1070 |     0.8064 |    0.7019 |     0.1052 |     0.8070 |    0.7036 |   2.81e-04 |     
   64 |     0.1006 |     0.8157 |    0.7134 |     0.1045 |     0.8126 |    0.7125 |   2.59e-04 |     
   65 |     0.1004 |     0.8165 |    0.7147 |     0.1140 |     0.8026 |    0.6987 |   2.31e-04 |     
   66 |     0.0977 |     0.8208 |    0.7198 |     0.1050 |     0.8105 |    0.7096 |   2.00e-04 |     
   67 |     0.0966 |     0.8219 |    0.7218 |     0.1059 |     0.8143 |    0.7145 |   1.69e-04 |     
   68 |     0.0946 |     0.8251 |    0.7257 |     0.1059 |     0.8140 |    0.7138 |   1.41e-04 |     
   69 |     0.0928 |     0.8291 |    0.7308 |     0.1027 |     0.8179 |    0.7193 |   1.19e-04 |    *
   70 |     0.0907 |     0.8319 |    0.7342 |     0.1001 |     0.8177 |    0.7186 |   1.05e-04 |     
   71 |     0.1074 |     0.8061 |    0.7015 |     0.1105 |     0.7945 |    0.6857 |   3.00e-04 |     
   72 |     0.1041 |     0.8099 |    0.7068 |     0.1072 |     0.8051 |    0.7029 |   2.95e-04 |     
--- RACE-PE 80e validation screen: control validation statistics ---
up4: ca=0.8216+/-0.1369, sa=1.0100+/-0.0068, amp=0.0000, suppress=0.0000, guide_abs=0.1912
up4 residuals: local_mean=6.349e-02, global_mean=0.0237, local_strength=0.1141, global_strength=0.1182, gain=[0.9941,1.0540], saturation=0.1041, text_film=0.0293
up4 haar: reconstruction_error=7.153e-07, skip_low/high=0.7976/0.2024, plam_low/high=1.0000/0.0000
up4 strengths: plam=0.8971, region=0.1141, detail=0.1182; residual_std region/detail/refine=0.3531/0.4726/0.4245
up4 guide_mix: entropy=0.9801, raw_low=0.3443, plam_low=0.2394, decoder_low=0.2368, detail=0.1794; agreement plam/decoder=0.3571/0.2865, support=0.7616+/-0.1172
up4 adaptive_frequency: ALPF strength=0.2630, weights=0.1362/0.7265/0.1374, sum=1.0000, entropy=0.7032, delta_std=0.0610; AHPF strength=0.0710, weights=0.3394/0.4986/0.1620, sum=1.0000, entropy=0.9123, residual_std=0.0876, scaled_std=0.0062
up3: ca=0.9190+/-0.1821, sa=1.0137+/-0.0054, amp=0.0000, suppress=0.0000, guide_abs=0.2147
up3 residuals: local_mean=2.746e-02, global_mean=0.0842, local_strength=0.1170, global_strength=0.1245, gain=[0.9962,1.0418], saturation=0.0128, text_film=0.0433
up3 haar: reconstruction_error=9.537e-07, skip_low/high=0.7642/0.2358, plam_low/high=1.0000/0.0000
up3 strengths: plam=0.8654, region=0.1170, detail=0.1245; residual_std region/detail/refine=0.4106/0.4687/0.3964
up3 guide_mix: entropy=0.9759, raw_low=0.3277, plam_low=0.1954, decoder_low=0.2988, detail=0.1781; agreement plam/decoder=0.4809/0.3931, support=0.6947+/-0.1107
up3 adaptive_frequency: ALPF strength=0.2806, weights=0.0850/0.4023/0.5127, sum=1.0000, entropy=0.7020, delta_std=0.0654; AHPF strength=0.1305, weights=0.7400/0.1270/0.1330, sum=1.0000, entropy=0.5619, residual_std=0.0649, scaled_std=0.0085
up2: ca=0.7965+/-0.1913, sa=1.0049+/-0.0028, amp=0.0000, suppress=0.0000, guide_abs=0.3137
up2 residuals: local_mean=-6.658e-04, global_mean=0.0432, local_strength=0.1361, global_strength=0.1153, gain=[0.9726,1.0406], saturation=0.0002, text_film=0.1114
up2 haar: reconstruction_error=1.043e-06, skip_low/high=0.8179/0.1821, plam_low/high=1.0000/0.0000
up2 strengths: plam=0.7232, region=0.1361, detail=0.1153; residual_std region/detail/refine=0.1933/0.2766/0.1382
up2 guide_mix: entropy=0.9369, raw_low=0.3433, plam_low=0.1515, decoder_low=0.3623, detail=0.1430; agreement plam/decoder=0.6414/0.3194, support=0.7523+/-0.0484
up1: ca=0.7195+/-0.1623, sa=1.0086+/-0.0101, amp=0.0000, suppress=0.0000, guide_abs=0.2795
up1 residuals: local_mean=1.264e-03, global_mean=0.1053, local_strength=0.1306, global_strength=0.0819, gain=[0.9226,1.0805], saturation=0.0000, text_film=0.0422
up1 haar: reconstruction_error=1.431e-06, skip_low/high=0.7720/0.2280, plam_low/high=1.0000/0.0000
up1 strengths: plam=0.8687, region=0.1306, detail=0.0819; residual_std region/detail/refine=0.2370/0.4349/0.2734
up1 guide_mix: entropy=0.8902, raw_low=0.4176, plam_low=0.1052, decoder_low=0.3472, detail=0.1300; agreement plam/decoder=0.1778/0.0319, support=0.6185+/-0.0607

========= Epoch [73/80] =========
C4_Test_session_09.09_15h44
Training with batch size : 16
   [Train] Epoch: [73][20/357]  Loss:0.071 (Avg 0.0940) IoU:0.766 (Avg 0.7283) Dice:0.8589 (Avg 0.8273) LR 2.81e-04   (AvgTime 0.6)   
   [Train] Epoch: [73][40/357]  Loss:0.076 (Avg 0.0915) IoU:0.763 (Avg 0.7333) Dice:0.8570 (Avg 0.8320) LR 2.81e-04   (AvgTime 0.6)   
   [Train] Epoch: [73][60/357]  Loss:0.150 (Avg 0.0974) IoU:0.587 (Avg 0.7192) Dice:0.7118 (Avg 0.8207) LR 2.81e-04   (AvgTime 0.5)   
   [Train] Epoch: [73][80/357]  Loss:0.084 (Avg 0.0976) IoU:0.768 (Avg 0.7197) Dice:0.8601 (Avg 0.8210) LR 2.81e-04   (AvgTime 0.5)   
   [Train] Epoch: [73][100/357]  Loss:0.156 (Avg 0.1002) IoU:0.644 (Avg 0.7136) Dice:0.7707 (Avg 0.8162) LR 2.81e-04   (AvgTime 0.5)   
   [Train] Epoch: [73][120/357]  Loss:0.074 (Avg 0.0992) IoU:0.787 (Avg 0.7161) Dice:0.8776 (Avg 0.8180) LR 2.81e-04   (AvgTime 0.5)   
   [Train] Epoch: [73][140/357]  Loss:0.085 (Avg 0.0995) IoU:0.753 (Avg 0.7157) Dice:0.8446 (Avg 0.8174) LR 2.81e-04   (AvgTime 0.5)   
   [Train] Epoch: [73][160/357]  Loss:0.077 (Avg 0.1001) IoU:0.750 (Avg 0.7154) Dice:0.8446 (Avg 0.8169) LR 2.81e-04   (AvgTime 0.5)   
   [Train] Epoch: [73][180/357]  Loss:0.110 (Avg 0.1008) IoU:0.687 (Avg 0.7137) Dice:0.7960 (Avg 0.8155) LR 2.81e-04   (AvgTime 0.5)   
   [Train] Epoch: [73][200/357]  Loss:0.101 (Avg 0.1009) IoU:0.693 (Avg 0.7132) Dice:0.8065 (Avg 0.8151) LR 2.81e-04   (AvgTime 0.5)   
   [Train] Epoch: [73][220/357]  Loss:0.078 (Avg 0.1011) IoU:0.760 (Avg 0.7129) Dice:0.8569 (Avg 0.8150) LR 2.81e-04   (AvgTime 0.5)   
   [Train] Epoch: [73][240/357]  Loss:0.108 (Avg 0.1008) IoU:0.693 (Avg 0.7131) Dice:0.8097 (Avg 0.8152) LR 2.81e-04   (AvgTime 0.5)   
   [Train] Epoch: [73][260/357]  Loss:0.131 (Avg 0.1015) IoU:0.649 (Avg 0.7115) Dice:0.7579 (Avg 0.8140) LR 2.81e-04   (AvgTime 0.5)   
   [Train] Epoch: [73][280/357]  Loss:0.092 (Avg 0.1018) IoU:0.758 (Avg 0.7112) Dice:0.8471 (Avg 0.8137) LR 2.81e-04   (AvgTime 0.5)   
   [Train] Epoch: [73][300/357]  Loss:0.157 (Avg 0.1021) IoU:0.636 (Avg 0.7107) Dice:0.7301 (Avg 0.8134) LR 2.81e-04   (AvgTime 0.5)   
   [Train] Epoch: [73][320/357]  Loss:0.151 (Avg 0.1018) IoU:0.605 (Avg 0.7111) Dice:0.7334 (Avg 0.8138) LR 2.81e-04   (AvgTime 0.5)   
   [Train] Epoch: [73][340/357]  Loss:0.127 (Avg 0.1016) IoU:0.657 (Avg 0.7114) Dice:0.7492 (Avg 0.8140) LR 2.81e-04   (AvgTime 0.5)   
   [Train] Epoch: [73][357/357]  Loss:0.076 (Avg 0.1018) IoU:0.766 (Avg 0.7111) Dice:0.8522 (Avg 0.8138) LR 2.81e-04   (AvgTime 0.5)   
   [Train] Loss components: dice=0.160906, focal=0.042716, total=0.101811
Validation
   [Val] Epoch: [73][20/90]  Loss:0.140 (Avg 0.1099) IoU:0.645 (Avg 0.7105) Dice:0.7705 (Avg 0.8151) (AvgTime 0.3)   
   [Val] Epoch: [73][40/90]  Loss:0.094 (Avg 0.1150) IoU:0.722 (Avg 0.6951) Dice:0.8290 (Avg 0.8007) (AvgTime 0.2)   
   [Val] Epoch: [73][60/90]  Loss:0.139 (Avg 0.1095) IoU:0.638 (Avg 0.7044) Dice:0.7489 (Avg 0.8067) (AvgTime 0.2)   
   [Val] Epoch: [73][80/90]  Loss:0.098 (Avg 0.1084) IoU:0.706 (Avg 0.7033) Dice:0.8085 (Avg 0.8061) (AvgTime 0.2)   
   [Val] Epoch: [73][90/90]  Loss:0.144 (Avg 0.1084) IoU:0.599 (Avg 0.7033) Dice:0.7309 (Avg 0.8062) (AvgTime 0.2)   
   [Val] Loss components: dice=0.164655, focal=0.052202, total=0.108429
	 No iou improvement; selected epoch 69
	 early_stopping_count: 4/80
--- Epoch History (1..73) ---
Epoch |  TrainLoss |  TrainDice |  TrainIoU |    ValLoss |    ValDice |    ValIoU |         LR | Best
    1 |     0.2379 |     0.6073 |    0.4776 |     0.1928 |     0.6881 |    0.5656 |   3.00e-04 |     
    2 |     0.1735 |     0.6993 |    0.5754 |     0.1794 |     0.6884 |    0.5646 |   2.95e-04 |     
    3 |     0.1551 |     0.7275 |    0.6080 |     0.1434 |     0.7519 |    0.6362 |   2.81e-04 |     
    4 |     0.1433 |     0.7455 |    0.6288 |     0.1249 |     0.7776 |    0.6670 |   2.59e-04 |     
    5 |     0.1385 |     0.7532 |    0.6372 |     0.1294 |     0.7623 |    0.6477 |   2.31e-04 |     
    6 |     0.1322 |     0.7635 |    0.6498 |     0.1199 |     0.7896 |    0.6818 |   2.00e-04 |     
    7 |     0.1269 |     0.7728 |    0.6612 |     0.1228 |     0.7847 |    0.6751 |   1.69e-04 |     
    8 |     0.1217 |     0.7793 |    0.6692 |     0.1136 |     0.7979 |    0.6923 |   1.41e-04 |     
    9 |     0.1195 |     0.7835 |    0.6745 |     0.1192 |     0.7913 |    0.6831 |   1.19e-04 |     
   10 |     0.1163 |     0.7892 |    0.6813 |     0.1168 |     0.7850 |    0.6775 |   1.05e-04 |     
   11 |     0.1403 |     0.7517 |    0.6355 |     0.1291 |     0.7743 |    0.6602 |   3.00e-04 |     
   12 |     0.1316 |     0.7641 |    0.6512 |     0.1328 |     0.7636 |    0.6512 |   2.95e-04 |     
   13 |     0.1263 |     0.7730 |    0.6610 |     0.1408 |     0.7642 |    0.6509 |   2.81e-04 |     
   14 |     0.1252 |     0.7749 |    0.6635 |     0.1187 |     0.7935 |    0.6862 |   2.59e-04 |     
   15 |     0.1216 |     0.7807 |    0.6707 |     0.1123 |     0.7925 |    0.6844 |   2.31e-04 |     
   16 |     0.1180 |     0.7858 |    0.6774 |     0.1121 |     0.7992 |    0.6935 |   2.00e-04 |     
   17 |     0.1145 |     0.7921 |    0.6845 |     0.1114 |     0.7926 |    0.6854 |   1.69e-04 |     
   18 |     0.1124 |     0.7968 |    0.6900 |     0.1102 |     0.7951 |    0.6874 |   1.41e-04 |     
   19 |     0.1090 |     0.8008 |    0.6956 |     0.1142 |     0.7864 |    0.6784 |   1.19e-04 |     
   20 |     0.1076 |     0.8033 |    0.6987 |     0.1081 |     0.8027 |    0.6994 |   1.05e-04 |     
   21 |     0.1296 |     0.7684 |    0.6551 |     0.1237 |     0.7932 |    0.6871 |   3.00e-04 |     
   22 |     0.1231 |     0.7788 |    0.6680 |     0.1142 |     0.7894 |    0.6830 |   2.95e-04 |     
   23 |     0.1186 |     0.7855 |    0.6772 |     0.1121 |     0.7973 |    0.6918 |   2.81e-04 |     
   24 |     0.1175 |     0.7876 |    0.6793 |     0.1139 |     0.7888 |    0.6777 |   2.59e-04 |     
   25 |     0.1131 |     0.7947 |    0.6877 |     0.1212 |     0.7900 |    0.6812 |   2.31e-04 |     
   26 |     0.1134 |     0.7939 |    0.6870 |     0.1299 |     0.7857 |    0.6759 |   2.00e-04 |     
   27 |     0.1086 |     0.8025 |    0.6975 |     0.1125 |     0.8038 |    0.7003 |   1.69e-04 |     
   28 |     0.1069 |     0.8047 |    0.7000 |     0.1081 |     0.8043 |    0.7013 |   1.41e-04 |     
   29 |     0.1049 |     0.8077 |    0.7042 |     0.1050 |     0.8113 |    0.7096 |   1.19e-04 |     
   30 |     0.1030 |     0.8122 |    0.7095 |     0.1044 |     0.8053 |    0.7023 |   1.05e-04 |     
   31 |     0.1188 |     0.7865 |    0.6768 |     0.1150 |     0.7858 |    0.6746 |   3.00e-04 |     
   32 |     0.1153 |     0.7911 |    0.6832 |     0.1292 |     0.7794 |    0.6715 |   2.95e-04 |     
   33 |     0.1150 |     0.7921 |    0.6843 |     0.1150 |     0.8012 |    0.6967 |   2.81e-04 |     
   34 |     0.1112 |     0.7986 |    0.6925 |     0.1107 |     0.8075 |    0.7053 |   2.59e-04 |     
   35 |     0.1107 |     0.7991 |    0.6931 |     0.1144 |     0.7942 |    0.6877 |   2.31e-04 |     
   36 |     0.1077 |     0.8042 |    0.7001 |     0.1050 |     0.8097 |    0.7081 |   2.00e-04 |     
   37 |     0.1045 |     0.8089 |    0.7059 |     0.1193 |     0.7762 |    0.6666 |   1.69e-04 |     
   38 |     0.1020 |     0.8126 |    0.7104 |     0.1119 |     0.8108 |    0.7088 |   1.41e-04 |     
   39 |     0.0996 |     0.8173 |    0.7164 |     0.1080 |     0.8134 |    0.7133 |   1.19e-04 |     
   40 |     0.0989 |     0.8176 |    0.7170 |     0.1020 |     0.8155 |    0.7161 |   1.05e-04 |     
   41 |     0.1137 |     0.7945 |    0.6866 |     0.3099 |     0.6225 |    0.4941 |   3.00e-04 |     
   42 |     0.1136 |     0.7949 |    0.6879 |     0.1140 |     0.7907 |    0.6855 |   2.95e-04 |     
   43 |     0.1107 |     0.7985 |    0.6929 |     0.1100 |     0.7960 |    0.6900 |   2.81e-04 |     
   44 |     0.1067 |     0.8051 |    0.7006 |     0.1145 |     0.7889 |    0.6807 |   2.59e-04 |     
   45 |     0.1046 |     0.8089 |    0.7049 |     0.1109 |     0.7975 |    0.6921 |   2.31e-04 |     
   46 |     0.1043 |     0.8097 |    0.7062 |     0.1059 |     0.8083 |    0.7050 |   2.00e-04 |     
   47 |     0.1006 |     0.8146 |    0.7129 |     0.1071 |     0.8097 |    0.7069 |   1.69e-04 |     
   48 |     0.0987 |     0.8184 |    0.7173 |     0.1052 |     0.8093 |    0.7088 |   1.41e-04 |     
   49 |     0.0967 |     0.8222 |    0.7221 |     0.1041 |     0.8051 |    0.7025 |   1.19e-04 |     
   50 |     0.0957 |     0.8227 |    0.7229 |     0.1066 |     0.8117 |    0.7115 |   1.05e-04 |     
   51 |     0.1108 |     0.7993 |    0.6930 |     0.1240 |     0.7902 |    0.6823 |   3.00e-04 |     
   52 |     0.1137 |     0.7958 |    0.6892 |     0.1077 |     0.7969 |    0.6895 |   2.95e-04 |     
   53 |     0.1068 |     0.8050 |    0.7002 |     0.1120 |     0.7982 |    0.6946 |   2.81e-04 |     
   54 |     0.1054 |     0.8074 |    0.7040 |     0.1211 |     0.7929 |    0.6890 |   2.59e-04 |     
   55 |     0.1047 |     0.8090 |    0.7059 |     0.1051 |     0.8113 |    0.7097 |   2.31e-04 |     
   56 |     0.1020 |     0.8132 |    0.7106 |     0.1055 |     0.7994 |    0.6918 |   2.00e-04 |     
   57 |     0.0981 |     0.8203 |    0.7194 |     0.1013 |     0.8145 |    0.7134 |   1.69e-04 |     
   58 |     0.0964 |     0.8222 |    0.7217 |     0.1015 |     0.8175 |    0.7176 |   1.41e-04 |     
   59 |     0.0940 |     0.8267 |    0.7280 |     0.1005 |     0.8165 |    0.7155 |   1.19e-04 |     
   60 |     0.0920 |     0.8294 |    0.7310 |     0.1036 |     0.8130 |    0.7116 |   1.05e-04 |     
   61 |     0.1090 |     0.8024 |    0.6971 |     0.1143 |     0.7945 |    0.6901 |   3.00e-04 |     
   62 |     0.1052 |     0.8080 |    0.7040 |     0.1119 |     0.7920 |    0.6868 |   2.95e-04 |     
   63 |     0.1070 |     0.8064 |    0.7019 |     0.1052 |     0.8070 |    0.7036 |   2.81e-04 |     
   64 |     0.1006 |     0.8157 |    0.7134 |     0.1045 |     0.8126 |    0.7125 |   2.59e-04 |     
   65 |     0.1004 |     0.8165 |    0.7147 |     0.1140 |     0.8026 |    0.6987 |   2.31e-04 |     
   66 |     0.0977 |     0.8208 |    0.7198 |     0.1050 |     0.8105 |    0.7096 |   2.00e-04 |     
   67 |     0.0966 |     0.8219 |    0.7218 |     0.1059 |     0.8143 |    0.7145 |   1.69e-04 |     
   68 |     0.0946 |     0.8251 |    0.7257 |     0.1059 |     0.8140 |    0.7138 |   1.41e-04 |     
   69 |     0.0928 |     0.8291 |    0.7308 |     0.1027 |     0.8179 |    0.7193 |   1.19e-04 |    *
   70 |     0.0907 |     0.8319 |    0.7342 |     0.1001 |     0.8177 |    0.7186 |   1.05e-04 |     
   71 |     0.1074 |     0.8061 |    0.7015 |     0.1105 |     0.7945 |    0.6857 |   3.00e-04 |     
   72 |     0.1041 |     0.8099 |    0.7068 |     0.1072 |     0.8051 |    0.7029 |   2.95e-04 |     
   73 |     0.1018 |     0.8138 |    0.7111 |     0.1084 |     0.8062 |    0.7033 |   2.81e-04 |     
--- RACE-PE 80e validation screen: control validation statistics ---
up4: ca=0.8178+/-0.1321, sa=1.0096+/-0.0063, amp=0.0000, suppress=0.0000, guide_abs=0.2271
up4 residuals: local_mean=6.441e-02, global_mean=0.0191, local_strength=0.1142, global_strength=0.1189, gain=[0.9895,1.0563], saturation=0.0571, text_film=0.0294
up4 haar: reconstruction_error=9.537e-07, skip_low/high=0.7997/0.2003, plam_low/high=1.0000/0.0000
up4 strengths: plam=0.8956, region=0.1142, detail=0.1189; residual_std region/detail/refine=0.3455/0.4730/0.4253
up4 guide_mix: entropy=0.9799, raw_low=0.3377, plam_low=0.2282, decoder_low=0.2598, detail=0.1743; agreement plam/decoder=0.2787/0.0514, support=0.7781+/-0.0946
up4 adaptive_frequency: ALPF strength=0.2636, weights=0.1398/0.7242/0.1360, sum=1.0000, entropy=0.7069, delta_std=0.0673; AHPF strength=0.0709, weights=0.3631/0.4819/0.1549, sum=1.0000, entropy=0.9121, residual_std=0.0854, scaled_std=0.0061
up3: ca=0.9284+/-0.1860, sa=1.0142+/-0.0055, amp=0.0000, suppress=0.0000, guide_abs=0.2304
up3 residuals: local_mean=2.786e-02, global_mean=0.0880, local_strength=0.1172, global_strength=0.1248, gain=[0.9956,1.0483], saturation=0.0240, text_film=0.0467
up3 haar: reconstruction_error=9.537e-07, skip_low/high=0.7563/0.2437, plam_low/high=1.0000/0.0000
up3 strengths: plam=0.8631, region=0.1172, detail=0.1248; residual_std region/detail/refine=0.3906/0.4897/0.4076
up3 guide_mix: entropy=0.9769, raw_low=0.3231, plam_low=0.1922, decoder_low=0.3017, detail=0.1830; agreement plam/decoder=0.3143/0.2158, support=0.7107+/-0.1094
up3 adaptive_frequency: ALPF strength=0.2814, weights=0.0938/0.4350/0.4712, sum=1.0000, entropy=0.7167, delta_std=0.0672; AHPF strength=0.1315, weights=0.5936/0.1841/0.2223, sum=1.0000, entropy=0.7335, residual_std=0.0966, scaled_std=0.0127
up2: ca=0.8086+/-0.1947, sa=1.0052+/-0.0028, amp=0.0000, suppress=0.0000, guide_abs=0.3715
up2 residuals: local_mean=-5.715e-04, global_mean=0.0458, local_strength=0.1366, global_strength=0.1155, gain=[0.9758,1.0425], saturation=0.0007, text_film=0.0810
up2 haar: reconstruction_error=9.537e-07, skip_low/high=0.8153/0.1847, plam_low/high=1.0000/0.0000
up2 strengths: plam=0.7193, region=0.1366, detail=0.1155; residual_std region/detail/refine=0.1747/0.2929/0.1388
up2 guide_mix: entropy=0.9398, raw_low=0.3518, plam_low=0.1450, decoder_low=0.3493, detail=0.1538; agreement plam/decoder=0.6712/0.3184, support=0.7464+/-0.0469
up1: ca=0.7415+/-0.1590, sa=1.0095+/-0.0099, amp=0.0000, suppress=0.0000, guide_abs=0.2313
up1 residuals: local_mean=5.281e-03, global_mean=0.1097, local_strength=0.1309, global_strength=0.0815, gain=[0.9229,1.0804], saturation=0.0002, text_film=0.0464
up1 haar: reconstruction_error=1.431e-06, skip_low/high=0.7446/0.2554, plam_low/high=1.0000/0.0000
up1 strengths: plam=0.8670, region=0.1309, detail=0.0815; residual_std region/detail/refine=0.2198/0.4310/0.2785
up1 guide_mix: entropy=0.9003, raw_low=0.3706, plam_low=0.1133, decoder_low=0.3854, detail=0.1308; agreement plam/decoder=0.2258/-0.0606, support=0.6148+/-0.0563

========= Epoch [74/80] =========
C4_Test_session_09.09_15h44
Training with batch size : 16
   [Train] Epoch: [74][20/357]  Loss:0.079 (Avg 0.0920) IoU:0.764 (Avg 0.7349) Dice:0.8591 (Avg 0.8341) LR 2.59e-04   (AvgTime 0.5)   
   [Train] Epoch: [74][40/357]  Loss:0.120 (Avg 0.0955) IoU:0.655 (Avg 0.7281) Dice:0.7680 (Avg 0.8289) LR 2.59e-04   (AvgTime 0.5)   
   [Train] Epoch: [74][60/357]  Loss:0.098 (Avg 0.1002) IoU:0.720 (Avg 0.7175) Dice:0.8176 (Avg 0.8192) LR 2.59e-04   (AvgTime 0.5)   
   [Train] Epoch: [74][80/357]  Loss:0.096 (Avg 0.1025) IoU:0.708 (Avg 0.7123) Dice:0.8219 (Avg 0.8144) LR 2.59e-04   (AvgTime 0.5)   
   [Train] Epoch: [74][100/357]  Loss:0.096 (Avg 0.1034) IoU:0.722 (Avg 0.7101) Dice:0.8164 (Avg 0.8126) LR 2.59e-04   (AvgTime 0.5)   
   [Train] Epoch: [74][120/357]  Loss:0.096 (Avg 0.1026) IoU:0.721 (Avg 0.7117) Dice:0.8041 (Avg 0.8141) LR 2.59e-04   (AvgTime 0.5)   
   [Train] Epoch: [74][140/357]  Loss:0.094 (Avg 0.1031) IoU:0.727 (Avg 0.7096) Dice:0.8176 (Avg 0.8123) LR 2.59e-04   (AvgTime 0.5)   
   [Train] Epoch: [74][160/357]  Loss:0.148 (Avg 0.1030) IoU:0.589 (Avg 0.7105) Dice:0.7220 (Avg 0.8125) LR 2.59e-04   (AvgTime 0.5)   
   [Train] Epoch: [74][180/357]  Loss:0.091 (Avg 0.1027) IoU:0.731 (Avg 0.7110) Dice:0.8324 (Avg 0.8132) LR 2.59e-04   (AvgTime 0.5)   
   [Train] Epoch: [74][200/357]  Loss:0.094 (Avg 0.1029) IoU:0.741 (Avg 0.7104) Dice:0.8392 (Avg 0.8127) LR 2.59e-04   (AvgTime 0.5)   
   [Train] Epoch: [74][220/357]  Loss:0.098 (Avg 0.1028) IoU:0.730 (Avg 0.7106) Dice:0.8294 (Avg 0.8128) LR 2.59e-04   (AvgTime 0.5)   
   [Train] Epoch: [74][240/357]  Loss:0.112 (Avg 0.1025) IoU:0.686 (Avg 0.7115) Dice:0.7853 (Avg 0.8134) LR 2.59e-04   (AvgTime 0.5)   
   [Train] Epoch: [74][260/357]  Loss:0.092 (Avg 0.1025) IoU:0.743 (Avg 0.7112) Dice:0.8356 (Avg 0.8133) LR 2.59e-04   (AvgTime 0.5)   
   [Train] Epoch: [74][280/357]  Loss:0.117 (Avg 0.1023) IoU:0.673 (Avg 0.7119) Dice:0.7737 (Avg 0.8134) LR 2.59e-04   (AvgTime 0.5)   
   [Train] Epoch: [74][300/357]  Loss:0.077 (Avg 0.1023) IoU:0.749 (Avg 0.7114) Dice:0.8511 (Avg 0.8133) LR 2.59e-04   (AvgTime 0.5)   
   [Train] Epoch: [74][320/357]  Loss:0.092 (Avg 0.1023) IoU:0.709 (Avg 0.7112) Dice:0.8141 (Avg 0.8132) LR 2.59e-04   (AvgTime 0.5)   
   [Train] Epoch: [74][340/357]  Loss:0.091 (Avg 0.1019) IoU:0.730 (Avg 0.7117) Dice:0.8345 (Avg 0.8139) LR 2.59e-04   (AvgTime 0.5)   
   [Train] Epoch: [74][357/357]  Loss:0.073 (Avg 0.1011) IoU:0.773 (Avg 0.7133) Dice:0.8628 (Avg 0.8152) LR 2.59e-04   (AvgTime 0.5)   
   [Train] Loss components: dice=0.159698, focal=0.042543, total=0.101120
Validation
   [Val] Epoch: [74][20/90]  Loss:0.118 (Avg 0.1113) IoU:0.693 (Avg 0.7125) Dice:0.8028 (Avg 0.8151) (AvgTime 0.2)   
   [Val] Epoch: [74][40/90]  Loss:0.093 (Avg 0.1151) IoU:0.725 (Avg 0.6992) Dice:0.8291 (Avg 0.8023) (AvgTime 0.2)   
   [Val] Epoch: [74][60/90]  Loss:0.125 (Avg 0.1079) IoU:0.661 (Avg 0.7099) Dice:0.7645 (Avg 0.8097) (AvgTime 0.2)   
   [Val] Epoch: [74][80/90]  Loss:0.117 (Avg 0.1071) IoU:0.687 (Avg 0.7081) Dice:0.7831 (Avg 0.8087) (AvgTime 0.2)   
   [Val] Epoch: [74][90/90]  Loss:0.134 (Avg 0.1068) IoU:0.600 (Avg 0.7080) Dice:0.7273 (Avg 0.8087) (AvgTime 0.2)   
   [Val] Loss components: dice=0.164151, focal=0.049467, total=0.106809
	 No iou improvement; selected epoch 69
	 early_stopping_count: 5/80
--- Epoch History (1..74) ---
Epoch |  TrainLoss |  TrainDice |  TrainIoU |    ValLoss |    ValDice |    ValIoU |         LR | Best
    1 |     0.2379 |     0.6073 |    0.4776 |     0.1928 |     0.6881 |    0.5656 |   3.00e-04 |     
    2 |     0.1735 |     0.6993 |    0.5754 |     0.1794 |     0.6884 |    0.5646 |   2.95e-04 |     
    3 |     0.1551 |     0.7275 |    0.6080 |     0.1434 |     0.7519 |    0.6362 |   2.81e-04 |     
    4 |     0.1433 |     0.7455 |    0.6288 |     0.1249 |     0.7776 |    0.6670 |   2.59e-04 |     
    5 |     0.1385 |     0.7532 |    0.6372 |     0.1294 |     0.7623 |    0.6477 |   2.31e-04 |     
    6 |     0.1322 |     0.7635 |    0.6498 |     0.1199 |     0.7896 |    0.6818 |   2.00e-04 |     
    7 |     0.1269 |     0.7728 |    0.6612 |     0.1228 |     0.7847 |    0.6751 |   1.69e-04 |     
    8 |     0.1217 |     0.7793 |    0.6692 |     0.1136 |     0.7979 |    0.6923 |   1.41e-04 |     
    9 |     0.1195 |     0.7835 |    0.6745 |     0.1192 |     0.7913 |    0.6831 |   1.19e-04 |     
   10 |     0.1163 |     0.7892 |    0.6813 |     0.1168 |     0.7850 |    0.6775 |   1.05e-04 |     
   11 |     0.1403 |     0.7517 |    0.6355 |     0.1291 |     0.7743 |    0.6602 |   3.00e-04 |     
   12 |     0.1316 |     0.7641 |    0.6512 |     0.1328 |     0.7636 |    0.6512 |   2.95e-04 |     
   13 |     0.1263 |     0.7730 |    0.6610 |     0.1408 |     0.7642 |    0.6509 |   2.81e-04 |     
   14 |     0.1252 |     0.7749 |    0.6635 |     0.1187 |     0.7935 |    0.6862 |   2.59e-04 |     
   15 |     0.1216 |     0.7807 |    0.6707 |     0.1123 |     0.7925 |    0.6844 |   2.31e-04 |     
   16 |     0.1180 |     0.7858 |    0.6774 |     0.1121 |     0.7992 |    0.6935 |   2.00e-04 |     
   17 |     0.1145 |     0.7921 |    0.6845 |     0.1114 |     0.7926 |    0.6854 |   1.69e-04 |     
   18 |     0.1124 |     0.7968 |    0.6900 |     0.1102 |     0.7951 |    0.6874 |   1.41e-04 |     
   19 |     0.1090 |     0.8008 |    0.6956 |     0.1142 |     0.7864 |    0.6784 |   1.19e-04 |     
   20 |     0.1076 |     0.8033 |    0.6987 |     0.1081 |     0.8027 |    0.6994 |   1.05e-04 |     
   21 |     0.1296 |     0.7684 |    0.6551 |     0.1237 |     0.7932 |    0.6871 |   3.00e-04 |     
   22 |     0.1231 |     0.7788 |    0.6680 |     0.1142 |     0.7894 |    0.6830 |   2.95e-04 |     
   23 |     0.1186 |     0.7855 |    0.6772 |     0.1121 |     0.7973 |    0.6918 |   2.81e-04 |     
   24 |     0.1175 |     0.7876 |    0.6793 |     0.1139 |     0.7888 |    0.6777 |   2.59e-04 |     
   25 |     0.1131 |     0.7947 |    0.6877 |     0.1212 |     0.7900 |    0.6812 |   2.31e-04 |     
   26 |     0.1134 |     0.7939 |    0.6870 |     0.1299 |     0.7857 |    0.6759 |   2.00e-04 |     
   27 |     0.1086 |     0.8025 |    0.6975 |     0.1125 |     0.8038 |    0.7003 |   1.69e-04 |     
   28 |     0.1069 |     0.8047 |    0.7000 |     0.1081 |     0.8043 |    0.7013 |   1.41e-04 |     
   29 |     0.1049 |     0.8077 |    0.7042 |     0.1050 |     0.8113 |    0.7096 |   1.19e-04 |     
   30 |     0.1030 |     0.8122 |    0.7095 |     0.1044 |     0.8053 |    0.7023 |   1.05e-04 |     
   31 |     0.1188 |     0.7865 |    0.6768 |     0.1150 |     0.7858 |    0.6746 |   3.00e-04 |     
   32 |     0.1153 |     0.7911 |    0.6832 |     0.1292 |     0.7794 |    0.6715 |   2.95e-04 |     
   33 |     0.1150 |     0.7921 |    0.6843 |     0.1150 |     0.8012 |    0.6967 |   2.81e-04 |     
   34 |     0.1112 |     0.7986 |    0.6925 |     0.1107 |     0.8075 |    0.7053 |   2.59e-04 |     
   35 |     0.1107 |     0.7991 |    0.6931 |     0.1144 |     0.7942 |    0.6877 |   2.31e-04 |     
   36 |     0.1077 |     0.8042 |    0.7001 |     0.1050 |     0.8097 |    0.7081 |   2.00e-04 |     
   37 |     0.1045 |     0.8089 |    0.7059 |     0.1193 |     0.7762 |    0.6666 |   1.69e-04 |     
   38 |     0.1020 |     0.8126 |    0.7104 |     0.1119 |     0.8108 |    0.7088 |   1.41e-04 |     
   39 |     0.0996 |     0.8173 |    0.7164 |     0.1080 |     0.8134 |    0.7133 |   1.19e-04 |     
   40 |     0.0989 |     0.8176 |    0.7170 |     0.1020 |     0.8155 |    0.7161 |   1.05e-04 |     
   41 |     0.1137 |     0.7945 |    0.6866 |     0.3099 |     0.6225 |    0.4941 |   3.00e-04 |     
   42 |     0.1136 |     0.7949 |    0.6879 |     0.1140 |     0.7907 |    0.6855 |   2.95e-04 |     
   43 |     0.1107 |     0.7985 |    0.6929 |     0.1100 |     0.7960 |    0.6900 |   2.81e-04 |     
   44 |     0.1067 |     0.8051 |    0.7006 |     0.1145 |     0.7889 |    0.6807 |   2.59e-04 |     
   45 |     0.1046 |     0.8089 |    0.7049 |     0.1109 |     0.7975 |    0.6921 |   2.31e-04 |     
   46 |     0.1043 |     0.8097 |    0.7062 |     0.1059 |     0.8083 |    0.7050 |   2.00e-04 |     
   47 |     0.1006 |     0.8146 |    0.7129 |     0.1071 |     0.8097 |    0.7069 |   1.69e-04 |     
   48 |     0.0987 |     0.8184 |    0.7173 |     0.1052 |     0.8093 |    0.7088 |   1.41e-04 |     
   49 |     0.0967 |     0.8222 |    0.7221 |     0.1041 |     0.8051 |    0.7025 |   1.19e-04 |     
   50 |     0.0957 |     0.8227 |    0.7229 |     0.1066 |     0.8117 |    0.7115 |   1.05e-04 |     
   51 |     0.1108 |     0.7993 |    0.6930 |     0.1240 |     0.7902 |    0.6823 |   3.00e-04 |     
   52 |     0.1137 |     0.7958 |    0.6892 |     0.1077 |     0.7969 |    0.6895 |   2.95e-04 |     
   53 |     0.1068 |     0.8050 |    0.7002 |     0.1120 |     0.7982 |    0.6946 |   2.81e-04 |     
   54 |     0.1054 |     0.8074 |    0.7040 |     0.1211 |     0.7929 |    0.6890 |   2.59e-04 |     
   55 |     0.1047 |     0.8090 |    0.7059 |     0.1051 |     0.8113 |    0.7097 |   2.31e-04 |     
   56 |     0.1020 |     0.8132 |    0.7106 |     0.1055 |     0.7994 |    0.6918 |   2.00e-04 |     
   57 |     0.0981 |     0.8203 |    0.7194 |     0.1013 |     0.8145 |    0.7134 |   1.69e-04 |     
   58 |     0.0964 |     0.8222 |    0.7217 |     0.1015 |     0.8175 |    0.7176 |   1.41e-04 |     
   59 |     0.0940 |     0.8267 |    0.7280 |     0.1005 |     0.8165 |    0.7155 |   1.19e-04 |     
   60 |     0.0920 |     0.8294 |    0.7310 |     0.1036 |     0.8130 |    0.7116 |   1.05e-04 |     
   61 |     0.1090 |     0.8024 |    0.6971 |     0.1143 |     0.7945 |    0.6901 |   3.00e-04 |     
   62 |     0.1052 |     0.8080 |    0.7040 |     0.1119 |     0.7920 |    0.6868 |   2.95e-04 |     
   63 |     0.1070 |     0.8064 |    0.7019 |     0.1052 |     0.8070 |    0.7036 |   2.81e-04 |     
   64 |     0.1006 |     0.8157 |    0.7134 |     0.1045 |     0.8126 |    0.7125 |   2.59e-04 |     
   65 |     0.1004 |     0.8165 |    0.7147 |     0.1140 |     0.8026 |    0.6987 |   2.31e-04 |     
   66 |     0.0977 |     0.8208 |    0.7198 |     0.1050 |     0.8105 |    0.7096 |   2.00e-04 |     
   67 |     0.0966 |     0.8219 |    0.7218 |     0.1059 |     0.8143 |    0.7145 |   1.69e-04 |     
   68 |     0.0946 |     0.8251 |    0.7257 |     0.1059 |     0.8140 |    0.7138 |   1.41e-04 |     
   69 |     0.0928 |     0.8291 |    0.7308 |     0.1027 |     0.8179 |    0.7193 |   1.19e-04 |    *
   70 |     0.0907 |     0.8319 |    0.7342 |     0.1001 |     0.8177 |    0.7186 |   1.05e-04 |     
   71 |     0.1074 |     0.8061 |    0.7015 |     0.1105 |     0.7945 |    0.6857 |   3.00e-04 |     
   72 |     0.1041 |     0.8099 |    0.7068 |     0.1072 |     0.8051 |    0.7029 |   2.95e-04 |     
   73 |     0.1018 |     0.8138 |    0.7111 |     0.1084 |     0.8062 |    0.7033 |   2.81e-04 |     
   74 |     0.1011 |     0.8152 |    0.7133 |     0.1068 |     0.8087 |    0.7080 |   2.59e-04 |     
--- RACE-PE 80e validation screen: control validation statistics ---
up4: ca=0.8305+/-0.1238, sa=1.0105+/-0.0068, amp=0.0000, suppress=0.0000, guide_abs=0.1761
up4 residuals: local_mean=6.824e-02, global_mean=0.0233, local_strength=0.1141, global_strength=0.1191, gain=[0.9915,1.0482], saturation=0.1031, text_film=0.0291
up4 haar: reconstruction_error=4.768e-07, skip_low/high=0.8017/0.1983, plam_low/high=1.0000/0.0000
up4 strengths: plam=0.8951, region=0.1141, detail=0.1191; residual_std region/detail/refine=0.3481/0.4844/0.4385
up4 guide_mix: entropy=0.9796, raw_low=0.3456, plam_low=0.2351, decoder_low=0.2406, detail=0.1787; agreement plam/decoder=0.4175/0.1831, support=0.7584+/-0.1184
up4 adaptive_frequency: ALPF strength=0.2636, weights=0.1421/0.7214/0.1365, sum=1.0000, entropy=0.7115, delta_std=0.0634; AHPF strength=0.0708, weights=0.3453/0.4956/0.1591, sum=1.0000, entropy=0.9105, residual_std=0.0875, scaled_std=0.0062
up3: ca=0.9261+/-0.1737, sa=1.0138+/-0.0056, amp=0.0000, suppress=0.0000, guide_abs=0.2343
up3 residuals: local_mean=2.970e-02, global_mean=0.0822, local_strength=0.1173, global_strength=0.1250, gain=[0.9940,1.0435], saturation=0.0184, text_film=0.0403
up3 haar: reconstruction_error=7.153e-07, skip_low/high=0.7500/0.2500, plam_low/high=1.0000/0.0000
up3 strengths: plam=0.8616, region=0.1173, detail=0.1250; residual_std region/detail/refine=0.4115/0.4715/0.3927
up3 guide_mix: entropy=0.9810, raw_low=0.3051, plam_low=0.2126, decoder_low=0.3057, detail=0.1767; agreement plam/decoder=0.2078/0.3544, support=0.7332+/-0.1068
up3 adaptive_frequency: ALPF strength=0.2824, weights=0.0974/0.4157/0.4869, sum=1.0000, entropy=0.7014, delta_std=0.0684; AHPF strength=0.1320, weights=0.6498/0.1746/0.1756, sum=1.0000, entropy=0.6843, residual_std=0.0818, scaled_std=0.0108
up2: ca=0.8068+/-0.1822, sa=1.0061+/-0.0027, amp=0.0000, suppress=0.0000, guide_abs=0.3836
up2 residuals: local_mean=2.666e-03, global_mean=0.0495, local_strength=0.1371, global_strength=0.1157, gain=[0.9764,1.0426], saturation=0.0056, text_film=0.0755
up2 haar: reconstruction_error=9.537e-07, skip_low/high=0.8035/0.1965, plam_low/high=1.0000/0.0000
up2 strengths: plam=0.7146, region=0.1371, detail=0.1157; residual_std region/detail/refine=0.2313/0.2952/0.1492
up2 guide_mix: entropy=0.9565, raw_low=0.3314, plam_low=0.1797, decoder_low=0.3385, detail=0.1503; agreement plam/decoder=0.7396/0.3010, support=0.7665+/-0.0535
up1: ca=0.7318+/-0.1546, sa=1.0096+/-0.0097, amp=0.0000, suppress=0.0000, guide_abs=0.1983
up1 residuals: local_mean=4.608e-03, global_mean=0.1132, local_strength=0.1312, global_strength=0.0812, gain=[0.9231,1.0802], saturation=0.0002, text_film=0.0403
up1 haar: reconstruction_error=1.907e-06, skip_low/high=0.7426/0.2574, plam_low/high=1.0000/0.0000
up1 strengths: plam=0.8658, region=0.1312, detail=0.0812; residual_std region/detail/refine=0.2411/0.4355/0.2820
up1 guide_mix: entropy=0.9151, raw_low=0.3629, plam_low=0.1332, decoder_low=0.3746, detail=0.1293; agreement plam/decoder=0.3268/0.1488, support=0.6052+/-0.0541

========= Epoch [75/80] =========
C4_Test_session_09.09_15h44
Training with batch size : 16
   [Train] Epoch: [75][20/357]  Loss:0.123 (Avg 0.0967) IoU:0.684 (Avg 0.7240) Dice:0.7865 (Avg 0.8213) LR 2.31e-04   (AvgTime 0.6)   
   [Train] Epoch: [75][40/357]  Loss:0.105 (Avg 0.1011) IoU:0.721 (Avg 0.7118) Dice:0.8067 (Avg 0.8136) LR 2.31e-04   (AvgTime 0.6)   
   [Train] Epoch: [75][60/357]  Loss:0.068 (Avg 0.0986) IoU:0.805 (Avg 0.7187) Dice:0.8869 (Avg 0.8197) LR 2.31e-04   (AvgTime 0.6)   
   [Train] Epoch: [75][80/357]  Loss:0.075 (Avg 0.0985) IoU:0.785 (Avg 0.7175) Dice:0.8683 (Avg 0.8190) LR 2.31e-04   (AvgTime 0.5)   
   [Train] Epoch: [75][100/357]  Loss:0.089 (Avg 0.0987) IoU:0.762 (Avg 0.7163) Dice:0.8459 (Avg 0.8184) LR 2.31e-04   (AvgTime 0.5)   
   [Train] Epoch: [75][120/357]  Loss:0.090 (Avg 0.0979) IoU:0.713 (Avg 0.7182) Dice:0.8254 (Avg 0.8198) LR 2.31e-04   (AvgTime 0.5)   
   [Train] Epoch: [75][140/357]  Loss:0.090 (Avg 0.0985) IoU:0.721 (Avg 0.7169) Dice:0.8259 (Avg 0.8183) LR 2.31e-04   (AvgTime 0.5)   
   [Train] Epoch: [75][160/357]  Loss:0.069 (Avg 0.0980) IoU:0.785 (Avg 0.7179) Dice:0.8747 (Avg 0.8190) LR 2.31e-04   (AvgTime 0.5)   
   [Train] Epoch: [75][180/357]  Loss:0.101 (Avg 0.0989) IoU:0.727 (Avg 0.7161) Dice:0.8294 (Avg 0.8174) LR 2.31e-04   (AvgTime 0.5)   
   [Train] Epoch: [75][200/357]  Loss:0.122 (Avg 0.0989) IoU:0.674 (Avg 0.7160) Dice:0.7716 (Avg 0.8175) LR 2.31e-04   (AvgTime 0.5)   
   [Train] Epoch: [75][220/357]  Loss:0.093 (Avg 0.0990) IoU:0.731 (Avg 0.7162) Dice:0.8295 (Avg 0.8176) LR 2.31e-04   (AvgTime 0.5)   
   [Train] Epoch: [75][240/357]  Loss:0.121 (Avg 0.0988) IoU:0.675 (Avg 0.7168) Dice:0.7816 (Avg 0.8181) LR 2.31e-04   (AvgTime 0.5)   
   [Train] Epoch: [75][260/357]  Loss:0.083 (Avg 0.0990) IoU:0.742 (Avg 0.7168) Dice:0.8404 (Avg 0.8181) LR 2.31e-04   (AvgTime 0.5)   
   [Train] Epoch: [75][280/357]  Loss:0.093 (Avg 0.0991) IoU:0.733 (Avg 0.7166) Dice:0.8308 (Avg 0.8179) LR 2.31e-04   (AvgTime 0.5)   
   [Train] Epoch: [75][300/357]  Loss:0.140 (Avg 0.0999) IoU:0.642 (Avg 0.7146) Dice:0.7420 (Avg 0.8164) LR 2.31e-04   (AvgTime 0.5)   
   [Train] Epoch: [75][320/357]  Loss:0.097 (Avg 0.0992) IoU:0.711 (Avg 0.7165) Dice:0.8173 (Avg 0.8179) LR 2.31e-04   (AvgTime 0.5)   
   [Train] Epoch: [75][340/357]  Loss:0.095 (Avg 0.0995) IoU:0.731 (Avg 0.7159) Dice:0.8230 (Avg 0.8174) LR 2.31e-04   (AvgTime 0.5)   
   [Train] Epoch: [75][357/357]  Loss:0.136 (Avg 0.0995) IoU:0.658 (Avg 0.7160) Dice:0.7727 (Avg 0.8173) LR 2.31e-04   (AvgTime 0.5)   
   [Train] Loss components: dice=0.157360, focal=0.041670, total=0.099515
Validation
   [Val] Epoch: [75][20/90]  Loss:0.127 (Avg 0.1036) IoU:0.667 (Avg 0.7148) Dice:0.7846 (Avg 0.8190) (AvgTime 0.2)   
   [Val] Epoch: [75][40/90]  Loss:0.104 (Avg 0.1095) IoU:0.686 (Avg 0.6993) Dice:0.8003 (Avg 0.8046) (AvgTime 0.2)   
   [Val] Epoch: [75][60/90]  Loss:0.129 (Avg 0.1044) IoU:0.656 (Avg 0.7061) Dice:0.7625 (Avg 0.8087) (AvgTime 0.2)   
   [Val] Epoch: [75][80/90]  Loss:0.102 (Avg 0.1038) IoU:0.703 (Avg 0.7047) Dice:0.8065 (Avg 0.8076) (AvgTime 0.2)   
   [Val] Epoch: [75][90/90]  Loss:0.132 (Avg 0.1038) IoU:0.623 (Avg 0.7053) Dice:0.7551 (Avg 0.8081) (AvgTime 0.2)   
   [Val] Loss components: dice=0.165693, focal=0.041921, total=0.103807
	 No iou improvement; selected epoch 69
	 early_stopping_count: 6/80
--- Epoch History (1..75) ---
Epoch |  TrainLoss |  TrainDice |  TrainIoU |    ValLoss |    ValDice |    ValIoU |         LR | Best
    1 |     0.2379 |     0.6073 |    0.4776 |     0.1928 |     0.6881 |    0.5656 |   3.00e-04 |     
    2 |     0.1735 |     0.6993 |    0.5754 |     0.1794 |     0.6884 |    0.5646 |   2.95e-04 |     
    3 |     0.1551 |     0.7275 |    0.6080 |     0.1434 |     0.7519 |    0.6362 |   2.81e-04 |     
    4 |     0.1433 |     0.7455 |    0.6288 |     0.1249 |     0.7776 |    0.6670 |   2.59e-04 |     
    5 |     0.1385 |     0.7532 |    0.6372 |     0.1294 |     0.7623 |    0.6477 |   2.31e-04 |     
    6 |     0.1322 |     0.7635 |    0.6498 |     0.1199 |     0.7896 |    0.6818 |   2.00e-04 |     
    7 |     0.1269 |     0.7728 |    0.6612 |     0.1228 |     0.7847 |    0.6751 |   1.69e-04 |     
    8 |     0.1217 |     0.7793 |    0.6692 |     0.1136 |     0.7979 |    0.6923 |   1.41e-04 |     
    9 |     0.1195 |     0.7835 |    0.6745 |     0.1192 |     0.7913 |    0.6831 |   1.19e-04 |     
   10 |     0.1163 |     0.7892 |    0.6813 |     0.1168 |     0.7850 |    0.6775 |   1.05e-04 |     
   11 |     0.1403 |     0.7517 |    0.6355 |     0.1291 |     0.7743 |    0.6602 |   3.00e-04 |     
   12 |     0.1316 |     0.7641 |    0.6512 |     0.1328 |     0.7636 |    0.6512 |   2.95e-04 |     
   13 |     0.1263 |     0.7730 |    0.6610 |     0.1408 |     0.7642 |    0.6509 |   2.81e-04 |     
   14 |     0.1252 |     0.7749 |    0.6635 |     0.1187 |     0.7935 |    0.6862 |   2.59e-04 |     
   15 |     0.1216 |     0.7807 |    0.6707 |     0.1123 |     0.7925 |    0.6844 |   2.31e-04 |     
   16 |     0.1180 |     0.7858 |    0.6774 |     0.1121 |     0.7992 |    0.6935 |   2.00e-04 |     
   17 |     0.1145 |     0.7921 |    0.6845 |     0.1114 |     0.7926 |    0.6854 |   1.69e-04 |     
   18 |     0.1124 |     0.7968 |    0.6900 |     0.1102 |     0.7951 |    0.6874 |   1.41e-04 |     
   19 |     0.1090 |     0.8008 |    0.6956 |     0.1142 |     0.7864 |    0.6784 |   1.19e-04 |     
   20 |     0.1076 |     0.8033 |    0.6987 |     0.1081 |     0.8027 |    0.6994 |   1.05e-04 |     
   21 |     0.1296 |     0.7684 |    0.6551 |     0.1237 |     0.7932 |    0.6871 |   3.00e-04 |     
   22 |     0.1231 |     0.7788 |    0.6680 |     0.1142 |     0.7894 |    0.6830 |   2.95e-04 |     
   23 |     0.1186 |     0.7855 |    0.6772 |     0.1121 |     0.7973 |    0.6918 |   2.81e-04 |     
   24 |     0.1175 |     0.7876 |    0.6793 |     0.1139 |     0.7888 |    0.6777 |   2.59e-04 |     
   25 |     0.1131 |     0.7947 |    0.6877 |     0.1212 |     0.7900 |    0.6812 |   2.31e-04 |     
   26 |     0.1134 |     0.7939 |    0.6870 |     0.1299 |     0.7857 |    0.6759 |   2.00e-04 |     
   27 |     0.1086 |     0.8025 |    0.6975 |     0.1125 |     0.8038 |    0.7003 |   1.69e-04 |     
   28 |     0.1069 |     0.8047 |    0.7000 |     0.1081 |     0.8043 |    0.7013 |   1.41e-04 |     
   29 |     0.1049 |     0.8077 |    0.7042 |     0.1050 |     0.8113 |    0.7096 |   1.19e-04 |     
   30 |     0.1030 |     0.8122 |    0.7095 |     0.1044 |     0.8053 |    0.7023 |   1.05e-04 |     
   31 |     0.1188 |     0.7865 |    0.6768 |     0.1150 |     0.7858 |    0.6746 |   3.00e-04 |     
   32 |     0.1153 |     0.7911 |    0.6832 |     0.1292 |     0.7794 |    0.6715 |   2.95e-04 |     
   33 |     0.1150 |     0.7921 |    0.6843 |     0.1150 |     0.8012 |    0.6967 |   2.81e-04 |     
   34 |     0.1112 |     0.7986 |    0.6925 |     0.1107 |     0.8075 |    0.7053 |   2.59e-04 |     
   35 |     0.1107 |     0.7991 |    0.6931 |     0.1144 |     0.7942 |    0.6877 |   2.31e-04 |     
   36 |     0.1077 |     0.8042 |    0.7001 |     0.1050 |     0.8097 |    0.7081 |   2.00e-04 |     
   37 |     0.1045 |     0.8089 |    0.7059 |     0.1193 |     0.7762 |    0.6666 |   1.69e-04 |     
   38 |     0.1020 |     0.8126 |    0.7104 |     0.1119 |     0.8108 |    0.7088 |   1.41e-04 |     
   39 |     0.0996 |     0.8173 |    0.7164 |     0.1080 |     0.8134 |    0.7133 |   1.19e-04 |     
   40 |     0.0989 |     0.8176 |    0.7170 |     0.1020 |     0.8155 |    0.7161 |   1.05e-04 |     
   41 |     0.1137 |     0.7945 |    0.6866 |     0.3099 |     0.6225 |    0.4941 |   3.00e-04 |     
   42 |     0.1136 |     0.7949 |    0.6879 |     0.1140 |     0.7907 |    0.6855 |   2.95e-04 |     
   43 |     0.1107 |     0.7985 |    0.6929 |     0.1100 |     0.7960 |    0.6900 |   2.81e-04 |     
   44 |     0.1067 |     0.8051 |    0.7006 |     0.1145 |     0.7889 |    0.6807 |   2.59e-04 |     
   45 |     0.1046 |     0.8089 |    0.7049 |     0.1109 |     0.7975 |    0.6921 |   2.31e-04 |     
   46 |     0.1043 |     0.8097 |    0.7062 |     0.1059 |     0.8083 |    0.7050 |   2.00e-04 |     
   47 |     0.1006 |     0.8146 |    0.7129 |     0.1071 |     0.8097 |    0.7069 |   1.69e-04 |     
   48 |     0.0987 |     0.8184 |    0.7173 |     0.1052 |     0.8093 |    0.7088 |   1.41e-04 |     
   49 |     0.0967 |     0.8222 |    0.7221 |     0.1041 |     0.8051 |    0.7025 |   1.19e-04 |     
   50 |     0.0957 |     0.8227 |    0.7229 |     0.1066 |     0.8117 |    0.7115 |   1.05e-04 |     
   51 |     0.1108 |     0.7993 |    0.6930 |     0.1240 |     0.7902 |    0.6823 |   3.00e-04 |     
   52 |     0.1137 |     0.7958 |    0.6892 |     0.1077 |     0.7969 |    0.6895 |   2.95e-04 |     
   53 |     0.1068 |     0.8050 |    0.7002 |     0.1120 |     0.7982 |    0.6946 |   2.81e-04 |     
   54 |     0.1054 |     0.8074 |    0.7040 |     0.1211 |     0.7929 |    0.6890 |   2.59e-04 |     
   55 |     0.1047 |     0.8090 |    0.7059 |     0.1051 |     0.8113 |    0.7097 |   2.31e-04 |     
   56 |     0.1020 |     0.8132 |    0.7106 |     0.1055 |     0.7994 |    0.6918 |   2.00e-04 |     
   57 |     0.0981 |     0.8203 |    0.7194 |     0.1013 |     0.8145 |    0.7134 |   1.69e-04 |     
   58 |     0.0964 |     0.8222 |    0.7217 |     0.1015 |     0.8175 |    0.7176 |   1.41e-04 |     
   59 |     0.0940 |     0.8267 |    0.7280 |     0.1005 |     0.8165 |    0.7155 |   1.19e-04 |     
   60 |     0.0920 |     0.8294 |    0.7310 |     0.1036 |     0.8130 |    0.7116 |   1.05e-04 |     
   61 |     0.1090 |     0.8024 |    0.6971 |     0.1143 |     0.7945 |    0.6901 |   3.00e-04 |     
   62 |     0.1052 |     0.8080 |    0.7040 |     0.1119 |     0.7920 |    0.6868 |   2.95e-04 |     
   63 |     0.1070 |     0.8064 |    0.7019 |     0.1052 |     0.8070 |    0.7036 |   2.81e-04 |     
   64 |     0.1006 |     0.8157 |    0.7134 |     0.1045 |     0.8126 |    0.7125 |   2.59e-04 |     
   65 |     0.1004 |     0.8165 |    0.7147 |     0.1140 |     0.8026 |    0.6987 |   2.31e-04 |     
   66 |     0.0977 |     0.8208 |    0.7198 |     0.1050 |     0.8105 |    0.7096 |   2.00e-04 |     
   67 |     0.0966 |     0.8219 |    0.7218 |     0.1059 |     0.8143 |    0.7145 |   1.69e-04 |     
   68 |     0.0946 |     0.8251 |    0.7257 |     0.1059 |     0.8140 |    0.7138 |   1.41e-04 |     
   69 |     0.0928 |     0.8291 |    0.7308 |     0.1027 |     0.8179 |    0.7193 |   1.19e-04 |    *
   70 |     0.0907 |     0.8319 |    0.7342 |     0.1001 |     0.8177 |    0.7186 |   1.05e-04 |     
   71 |     0.1074 |     0.8061 |    0.7015 |     0.1105 |     0.7945 |    0.6857 |   3.00e-04 |     
   72 |     0.1041 |     0.8099 |    0.7068 |     0.1072 |     0.8051 |    0.7029 |   2.95e-04 |     
   73 |     0.1018 |     0.8138 |    0.7111 |     0.1084 |     0.8062 |    0.7033 |   2.81e-04 |     
   74 |     0.1011 |     0.8152 |    0.7133 |     0.1068 |     0.8087 |    0.7080 |   2.59e-04 |     
   75 |     0.0995 |     0.8173 |    0.7160 |     0.1038 |     0.8081 |    0.7053 |   2.31e-04 |     
--- RACE-PE 80e validation screen: control validation statistics ---
up4: ca=0.8208+/-0.1306, sa=1.0093+/-0.0066, amp=0.0000, suppress=0.0000, guide_abs=0.1740
up4 residuals: local_mean=6.404e-02, global_mean=0.0167, local_strength=0.1142, global_strength=0.1194, gain=[0.9859,1.0484], saturation=0.1051, text_film=0.0287
up4 haar: reconstruction_error=5.960e-07, skip_low/high=0.7930/0.2070, plam_low/high=1.0000/0.0000
up4 strengths: plam=0.8944, region=0.1142, detail=0.1194; residual_std region/detail/refine=0.3476/0.4680/0.4194
up4 guide_mix: entropy=0.9797, raw_low=0.3414, plam_low=0.2192, decoder_low=0.2600, detail=0.1794; agreement plam/decoder=0.4379/0.1394, support=0.7627+/-0.1148
up4 adaptive_frequency: ALPF strength=0.2638, weights=0.1392/0.7239/0.1369, sum=1.0000, entropy=0.7080, delta_std=0.0661; AHPF strength=0.0707, weights=0.3542/0.4895/0.1563, sum=1.0000, entropy=0.9116, residual_std=0.0864, scaled_std=0.0061
up3: ca=0.9416+/-0.1709, sa=1.0141+/-0.0052, amp=0.0000, suppress=0.0000, guide_abs=0.1998
up3 residuals: local_mean=2.803e-02, global_mean=0.0869, local_strength=0.1174, global_strength=0.1253, gain=[0.9990,1.0407], saturation=0.0145, text_film=0.0410
up3 haar: reconstruction_error=9.537e-07, skip_low/high=0.7561/0.2439, plam_low/high=1.0000/0.0000
up3 strengths: plam=0.8600, region=0.1174, detail=0.1253; residual_std region/detail/refine=0.4119/0.4876/0.4230
up3 guide_mix: entropy=0.9742, raw_low=0.3173, plam_low=0.1866, decoder_low=0.3154, detail=0.1807; agreement plam/decoder=0.3714/0.3320, support=0.6923+/-0.1034
up3 adaptive_frequency: ALPF strength=0.2831, weights=0.0957/0.3975/0.5068, sum=1.0000, entropy=0.7242, delta_std=0.0648; AHPF strength=0.1326, weights=0.7056/0.1536/0.1408, sum=1.0000, entropy=0.6363, residual_std=0.0670, scaled_std=0.0089
up2: ca=0.8038+/-0.1486, sa=1.0065+/-0.0030, amp=0.0000, suppress=0.0000, guide_abs=0.3797
up2 residuals: local_mean=3.395e-03, global_mean=0.0519, local_strength=0.1375, global_strength=0.1159, gain=[0.9784,1.0404], saturation=0.0045, text_film=0.0712
up2 haar: reconstruction_error=9.537e-07, skip_low/high=0.8049/0.1951, plam_low/high=1.0000/0.0000
up2 strengths: plam=0.7115, region=0.1375, detail=0.1159; residual_std region/detail/refine=0.2103/0.2920/0.1567
up2 guide_mix: entropy=0.9386, raw_low=0.3286, plam_low=0.1484, decoder_low=0.3731, detail=0.1499; agreement plam/decoder=0.6852/0.3293, support=0.7623+/-0.0550
up1: ca=0.7374+/-0.1641, sa=1.0101+/-0.0097, amp=0.0000, suppress=0.0000, guide_abs=0.1876
up1 residuals: local_mean=6.204e-03, global_mean=0.1166, local_strength=0.1314, global_strength=0.0809, gain=[0.9232,1.0802], saturation=0.0000, text_film=0.0423
up1 haar: reconstruction_error=1.431e-06, skip_low/high=0.7408/0.2592, plam_low/high=1.0000/0.0000
up1 strengths: plam=0.8643, region=0.1314, detail=0.0809; residual_std region/detail/refine=0.2033/0.4344/0.2850
up1 guide_mix: entropy=0.8905, raw_low=0.3642, plam_low=0.1019, decoder_low=0.4016, detail=0.1323; agreement plam/decoder=0.2617/-0.0748, support=0.6154+/-0.0552

========= Epoch [76/80] =========
C4_Test_session_09.09_15h44
Training with batch size : 16
   [Train] Epoch: [76][20/357]  Loss:0.106 (Avg 0.0967) IoU:0.726 (Avg 0.7257) Dice:0.8067 (Avg 0.8260) LR 2.00e-04   (AvgTime 0.6)   
   [Train] Epoch: [76][40/357]  Loss:0.109 (Avg 0.0951) IoU:0.670 (Avg 0.7271) Dice:0.7801 (Avg 0.8277) LR 2.00e-04   (AvgTime 0.5)   
   [Train] Epoch: [76][60/357]  Loss:0.099 (Avg 0.0953) IoU:0.728 (Avg 0.7260) Dice:0.8287 (Avg 0.8266) LR 2.00e-04   (AvgTime 0.5)   
   [Train] Epoch: [76][80/357]  Loss:0.090 (Avg 0.0960) IoU:0.737 (Avg 0.7235) Dice:0.8266 (Avg 0.8241) LR 2.00e-04   (AvgTime 0.5)   
   [Train] Epoch: [76][100/357]  Loss:0.087 (Avg 0.0961) IoU:0.739 (Avg 0.7235) Dice:0.8355 (Avg 0.8239) LR 2.00e-04   (AvgTime 0.5)   
   [Train] Epoch: [76][120/357]  Loss:0.117 (Avg 0.0958) IoU:0.675 (Avg 0.7247) Dice:0.7898 (Avg 0.8242) LR 2.00e-04   (AvgTime 0.5)   
   [Train] Epoch: [76][140/357]  Loss:0.097 (Avg 0.0969) IoU:0.715 (Avg 0.7226) Dice:0.8117 (Avg 0.8220) LR 2.00e-04   (AvgTime 0.5)   
   [Train] Epoch: [76][160/357]  Loss:0.104 (Avg 0.0974) IoU:0.685 (Avg 0.7216) Dice:0.7934 (Avg 0.8210) LR 2.00e-04   (AvgTime 0.5)   
   [Train] Epoch: [76][180/357]  Loss:0.097 (Avg 0.0968) IoU:0.696 (Avg 0.7229) Dice:0.8137 (Avg 0.8223) LR 2.00e-04   (AvgTime 0.5)   
   [Train] Epoch: [76][200/357]  Loss:0.082 (Avg 0.0967) IoU:0.756 (Avg 0.7228) Dice:0.8508 (Avg 0.8224) LR 2.00e-04   (AvgTime 0.5)   
   [Train] Epoch: [76][220/357]  Loss:0.077 (Avg 0.0966) IoU:0.777 (Avg 0.7232) Dice:0.8665 (Avg 0.8225) LR 2.00e-04   (AvgTime 0.5)   
   [Train] Epoch: [76][240/357]  Loss:0.118 (Avg 0.0966) IoU:0.683 (Avg 0.7232) Dice:0.7921 (Avg 0.8227) LR 2.00e-04   (AvgTime 0.5)   
   [Train] Epoch: [76][260/357]  Loss:0.082 (Avg 0.0964) IoU:0.772 (Avg 0.7236) Dice:0.8547 (Avg 0.8231) LR 2.00e-04   (AvgTime 0.5)   
   [Train] Epoch: [76][280/357]  Loss:0.136 (Avg 0.0967) IoU:0.621 (Avg 0.7224) Dice:0.7518 (Avg 0.8225) LR 2.00e-04   (AvgTime 0.5)   
   [Train] Epoch: [76][300/357]  Loss:0.085 (Avg 0.0968) IoU:0.768 (Avg 0.7224) Dice:0.8555 (Avg 0.8225) LR 2.00e-04   (AvgTime 0.5)   
   [Train] Epoch: [76][320/357]  Loss:0.085 (Avg 0.0967) IoU:0.756 (Avg 0.7228) Dice:0.8405 (Avg 0.8228) LR 2.00e-04   (AvgTime 0.5)   
   [Train] Epoch: [76][340/357]  Loss:0.070 (Avg 0.0967) IoU:0.780 (Avg 0.7223) Dice:0.8689 (Avg 0.8224) LR 2.00e-04   (AvgTime 0.5)   
   [Train] Epoch: [76][357/357]  Loss:0.113 (Avg 0.0968) IoU:0.683 (Avg 0.7223) Dice:0.7896 (Avg 0.8224) LR 2.00e-04   (AvgTime 0.5)   
   [Train] Loss components: dice=0.152901, focal=0.040672, total=0.096787
Validation
   [Val] Epoch: [76][20/90]  Loss:0.132 (Avg 0.1076) IoU:0.663 (Avg 0.7163) Dice:0.7819 (Avg 0.8199) (AvgTime 0.3)   
   [Val] Epoch: [76][40/90]  Loss:0.104 (Avg 0.1118) IoU:0.694 (Avg 0.7036) Dice:0.8096 (Avg 0.8077) (AvgTime 0.2)   
   [Val] Epoch: [76][60/90]  Loss:0.153 (Avg 0.1067) IoU:0.628 (Avg 0.7117) Dice:0.7421 (Avg 0.8128) (AvgTime 0.2)   
   [Val] Epoch: [76][80/90]  Loss:0.084 (Avg 0.1055) IoU:0.741 (Avg 0.7115) Dice:0.8383 (Avg 0.8128) (AvgTime 0.2)   
   [Val] Epoch: [76][90/90]  Loss:0.133 (Avg 0.1057) IoU:0.623 (Avg 0.7111) Dice:0.7498 (Avg 0.8124) (AvgTime 0.2)   
   [Val] Loss components: dice=0.159301, focal=0.052095, total=0.105698
	 No iou improvement; selected epoch 69
	 early_stopping_count: 7/80
--- Epoch History (1..76) ---
Epoch |  TrainLoss |  TrainDice |  TrainIoU |    ValLoss |    ValDice |    ValIoU |         LR | Best
    1 |     0.2379 |     0.6073 |    0.4776 |     0.1928 |     0.6881 |    0.5656 |   3.00e-04 |     
    2 |     0.1735 |     0.6993 |    0.5754 |     0.1794 |     0.6884 |    0.5646 |   2.95e-04 |     
    3 |     0.1551 |     0.7275 |    0.6080 |     0.1434 |     0.7519 |    0.6362 |   2.81e-04 |     
    4 |     0.1433 |     0.7455 |    0.6288 |     0.1249 |     0.7776 |    0.6670 |   2.59e-04 |     
    5 |     0.1385 |     0.7532 |    0.6372 |     0.1294 |     0.7623 |    0.6477 |   2.31e-04 |     
    6 |     0.1322 |     0.7635 |    0.6498 |     0.1199 |     0.7896 |    0.6818 |   2.00e-04 |     
    7 |     0.1269 |     0.7728 |    0.6612 |     0.1228 |     0.7847 |    0.6751 |   1.69e-04 |     
    8 |     0.1217 |     0.7793 |    0.6692 |     0.1136 |     0.7979 |    0.6923 |   1.41e-04 |     
    9 |     0.1195 |     0.7835 |    0.6745 |     0.1192 |     0.7913 |    0.6831 |   1.19e-04 |     
   10 |     0.1163 |     0.7892 |    0.6813 |     0.1168 |     0.7850 |    0.6775 |   1.05e-04 |     
   11 |     0.1403 |     0.7517 |    0.6355 |     0.1291 |     0.7743 |    0.6602 |   3.00e-04 |     
   12 |     0.1316 |     0.7641 |    0.6512 |     0.1328 |     0.7636 |    0.6512 |   2.95e-04 |     
   13 |     0.1263 |     0.7730 |    0.6610 |     0.1408 |     0.7642 |    0.6509 |   2.81e-04 |     
   14 |     0.1252 |     0.7749 |    0.6635 |     0.1187 |     0.7935 |    0.6862 |   2.59e-04 |     
   15 |     0.1216 |     0.7807 |    0.6707 |     0.1123 |     0.7925 |    0.6844 |   2.31e-04 |     
   16 |     0.1180 |     0.7858 |    0.6774 |     0.1121 |     0.7992 |    0.6935 |   2.00e-04 |     
   17 |     0.1145 |     0.7921 |    0.6845 |     0.1114 |     0.7926 |    0.6854 |   1.69e-04 |     
   18 |     0.1124 |     0.7968 |    0.6900 |     0.1102 |     0.7951 |    0.6874 |   1.41e-04 |     
   19 |     0.1090 |     0.8008 |    0.6956 |     0.1142 |     0.7864 |    0.6784 |   1.19e-04 |     
   20 |     0.1076 |     0.8033 |    0.6987 |     0.1081 |     0.8027 |    0.6994 |   1.05e-04 |     
   21 |     0.1296 |     0.7684 |    0.6551 |     0.1237 |     0.7932 |    0.6871 |   3.00e-04 |     
   22 |     0.1231 |     0.7788 |    0.6680 |     0.1142 |     0.7894 |    0.6830 |   2.95e-04 |     
   23 |     0.1186 |     0.7855 |    0.6772 |     0.1121 |     0.7973 |    0.6918 |   2.81e-04 |     
   24 |     0.1175 |     0.7876 |    0.6793 |     0.1139 |     0.7888 |    0.6777 |   2.59e-04 |     
   25 |     0.1131 |     0.7947 |    0.6877 |     0.1212 |     0.7900 |    0.6812 |   2.31e-04 |     
   26 |     0.1134 |     0.7939 |    0.6870 |     0.1299 |     0.7857 |    0.6759 |   2.00e-04 |     
   27 |     0.1086 |     0.8025 |    0.6975 |     0.1125 |     0.8038 |    0.7003 |   1.69e-04 |     
   28 |     0.1069 |     0.8047 |    0.7000 |     0.1081 |     0.8043 |    0.7013 |   1.41e-04 |     
   29 |     0.1049 |     0.8077 |    0.7042 |     0.1050 |     0.8113 |    0.7096 |   1.19e-04 |     
   30 |     0.1030 |     0.8122 |    0.7095 |     0.1044 |     0.8053 |    0.7023 |   1.05e-04 |     
   31 |     0.1188 |     0.7865 |    0.6768 |     0.1150 |     0.7858 |    0.6746 |   3.00e-04 |     
   32 |     0.1153 |     0.7911 |    0.6832 |     0.1292 |     0.7794 |    0.6715 |   2.95e-04 |     
   33 |     0.1150 |     0.7921 |    0.6843 |     0.1150 |     0.8012 |    0.6967 |   2.81e-04 |     
   34 |     0.1112 |     0.7986 |    0.6925 |     0.1107 |     0.8075 |    0.7053 |   2.59e-04 |     
   35 |     0.1107 |     0.7991 |    0.6931 |     0.1144 |     0.7942 |    0.6877 |   2.31e-04 |     
   36 |     0.1077 |     0.8042 |    0.7001 |     0.1050 |     0.8097 |    0.7081 |   2.00e-04 |     
   37 |     0.1045 |     0.8089 |    0.7059 |     0.1193 |     0.7762 |    0.6666 |   1.69e-04 |     
   38 |     0.1020 |     0.8126 |    0.7104 |     0.1119 |     0.8108 |    0.7088 |   1.41e-04 |     
   39 |     0.0996 |     0.8173 |    0.7164 |     0.1080 |     0.8134 |    0.7133 |   1.19e-04 |     
   40 |     0.0989 |     0.8176 |    0.7170 |     0.1020 |     0.8155 |    0.7161 |   1.05e-04 |     
   41 |     0.1137 |     0.7945 |    0.6866 |     0.3099 |     0.6225 |    0.4941 |   3.00e-04 |     
   42 |     0.1136 |     0.7949 |    0.6879 |     0.1140 |     0.7907 |    0.6855 |   2.95e-04 |     
   43 |     0.1107 |     0.7985 |    0.6929 |     0.1100 |     0.7960 |    0.6900 |   2.81e-04 |     
   44 |     0.1067 |     0.8051 |    0.7006 |     0.1145 |     0.7889 |    0.6807 |   2.59e-04 |     
   45 |     0.1046 |     0.8089 |    0.7049 |     0.1109 |     0.7975 |    0.6921 |   2.31e-04 |     
   46 |     0.1043 |     0.8097 |    0.7062 |     0.1059 |     0.8083 |    0.7050 |   2.00e-04 |     
   47 |     0.1006 |     0.8146 |    0.7129 |     0.1071 |     0.8097 |    0.7069 |   1.69e-04 |     
   48 |     0.0987 |     0.8184 |    0.7173 |     0.1052 |     0.8093 |    0.7088 |   1.41e-04 |     
   49 |     0.0967 |     0.8222 |    0.7221 |     0.1041 |     0.8051 |    0.7025 |   1.19e-04 |     
   50 |     0.0957 |     0.8227 |    0.7229 |     0.1066 |     0.8117 |    0.7115 |   1.05e-04 |     
   51 |     0.1108 |     0.7993 |    0.6930 |     0.1240 |     0.7902 |    0.6823 |   3.00e-04 |     
   52 |     0.1137 |     0.7958 |    0.6892 |     0.1077 |     0.7969 |    0.6895 |   2.95e-04 |     
   53 |     0.1068 |     0.8050 |    0.7002 |     0.1120 |     0.7982 |    0.6946 |   2.81e-04 |     
   54 |     0.1054 |     0.8074 |    0.7040 |     0.1211 |     0.7929 |    0.6890 |   2.59e-04 |     
   55 |     0.1047 |     0.8090 |    0.7059 |     0.1051 |     0.8113 |    0.7097 |   2.31e-04 |     
   56 |     0.1020 |     0.8132 |    0.7106 |     0.1055 |     0.7994 |    0.6918 |   2.00e-04 |     
   57 |     0.0981 |     0.8203 |    0.7194 |     0.1013 |     0.8145 |    0.7134 |   1.69e-04 |     
   58 |     0.0964 |     0.8222 |    0.7217 |     0.1015 |     0.8175 |    0.7176 |   1.41e-04 |     
   59 |     0.0940 |     0.8267 |    0.7280 |     0.1005 |     0.8165 |    0.7155 |   1.19e-04 |     
   60 |     0.0920 |     0.8294 |    0.7310 |     0.1036 |     0.8130 |    0.7116 |   1.05e-04 |     
   61 |     0.1090 |     0.8024 |    0.6971 |     0.1143 |     0.7945 |    0.6901 |   3.00e-04 |     
   62 |     0.1052 |     0.8080 |    0.7040 |     0.1119 |     0.7920 |    0.6868 |   2.95e-04 |     
   63 |     0.1070 |     0.8064 |    0.7019 |     0.1052 |     0.8070 |    0.7036 |   2.81e-04 |     
   64 |     0.1006 |     0.8157 |    0.7134 |     0.1045 |     0.8126 |    0.7125 |   2.59e-04 |     
   65 |     0.1004 |     0.8165 |    0.7147 |     0.1140 |     0.8026 |    0.6987 |   2.31e-04 |     
   66 |     0.0977 |     0.8208 |    0.7198 |     0.1050 |     0.8105 |    0.7096 |   2.00e-04 |     
   67 |     0.0966 |     0.8219 |    0.7218 |     0.1059 |     0.8143 |    0.7145 |   1.69e-04 |     
   68 |     0.0946 |     0.8251 |    0.7257 |     0.1059 |     0.8140 |    0.7138 |   1.41e-04 |     
   69 |     0.0928 |     0.8291 |    0.7308 |     0.1027 |     0.8179 |    0.7193 |   1.19e-04 |    *
   70 |     0.0907 |     0.8319 |    0.7342 |     0.1001 |     0.8177 |    0.7186 |   1.05e-04 |     
   71 |     0.1074 |     0.8061 |    0.7015 |     0.1105 |     0.7945 |    0.6857 |   3.00e-04 |     
   72 |     0.1041 |     0.8099 |    0.7068 |     0.1072 |     0.8051 |    0.7029 |   2.95e-04 |     
   73 |     0.1018 |     0.8138 |    0.7111 |     0.1084 |     0.8062 |    0.7033 |   2.81e-04 |     
   74 |     0.1011 |     0.8152 |    0.7133 |     0.1068 |     0.8087 |    0.7080 |   2.59e-04 |     
   75 |     0.0995 |     0.8173 |    0.7160 |     0.1038 |     0.8081 |    0.7053 |   2.31e-04 |     
   76 |     0.0968 |     0.8224 |    0.7223 |     0.1057 |     0.8124 |    0.7111 |   2.00e-04 |     
--- RACE-PE 80e validation screen: control validation statistics ---
up4: ca=0.8244+/-0.1221, sa=1.0092+/-0.0062, amp=0.0000, suppress=0.0000, guide_abs=0.1922
up4 residuals: local_mean=6.362e-02, global_mean=0.0168, local_strength=0.1143, global_strength=0.1196, gain=[0.9884,1.0498], saturation=0.1020, text_film=0.0298
up4 haar: reconstruction_error=9.537e-07, skip_low/high=0.7971/0.2029, plam_low/high=1.0000/0.0000
up4 strengths: plam=0.8944, region=0.1143, detail=0.1196; residual_std region/detail/refine=0.3448/0.4706/0.4240
up4 guide_mix: entropy=0.9808, raw_low=0.3362, plam_low=0.2296, decoder_low=0.2582, detail=0.1760; agreement plam/decoder=0.2880/0.1585, support=0.7703+/-0.1099
up4 adaptive_frequency: ALPF strength=0.2642, weights=0.1386/0.7245/0.1370, sum=1.0000, entropy=0.7074, delta_std=0.0661; AHPF strength=0.0707, weights=0.3497/0.4929/0.1574, sum=1.0000, entropy=0.9106, residual_std=0.0857, scaled_std=0.0061
up3: ca=0.9350+/-0.1688, sa=1.0141+/-0.0051, amp=0.0000, suppress=0.0000, guide_abs=0.2099
up3 residuals: local_mean=2.842e-02, global_mean=0.0863, local_strength=0.1174, global_strength=0.1254, gain=[0.9978,1.0445], saturation=0.0329, text_film=0.0445
up3 haar: reconstruction_error=9.537e-07, skip_low/high=0.7551/0.2449, plam_low/high=1.0000/0.0000
up3 strengths: plam=0.8590, region=0.1174, detail=0.1254; residual_std region/detail/refine=0.4056/0.4763/0.4060
up3 guide_mix: entropy=0.9752, raw_low=0.3183, plam_low=0.1888, decoder_low=0.3118, detail=0.1812; agreement plam/decoder=0.4786/0.4521, support=0.7030+/-0.1032
up3 adaptive_frequency: ALPF strength=0.2839, weights=0.1045/0.4186/0.4769, sum=1.0000, entropy=0.7078, delta_std=0.0656; AHPF strength=0.1330, weights=0.6577/0.1708/0.1715, sum=1.0000, entropy=0.6697, residual_std=0.0770, scaled_std=0.0102
up2: ca=0.8227+/-0.1588, sa=1.0059+/-0.0029, amp=0.0000, suppress=0.0000, guide_abs=0.3594
up2 residuals: local_mean=1.488e-03, global_mean=0.0493, local_strength=0.1378, global_strength=0.1159, gain=[0.9794,1.0373], saturation=0.0059, text_film=0.0737
up2 haar: reconstruction_error=9.537e-07, skip_low/high=0.8046/0.1954, plam_low/high=1.0000/0.0000
up2 strengths: plam=0.7091, region=0.1378, detail=0.1159; residual_std region/detail/refine=0.1766/0.2864/0.1474
up2 guide_mix: entropy=0.9392, raw_low=0.3280, plam_low=0.1470, decoder_low=0.3726, detail=0.1524; agreement plam/decoder=0.6754/0.2328, support=0.7644+/-0.0537
up1: ca=0.7465+/-0.1493, sa=1.0102+/-0.0098, amp=0.0000, suppress=0.0000, guide_abs=0.1872
up1 residuals: local_mean=6.569e-03, global_mean=0.1183, local_strength=0.1315, global_strength=0.0808, gain=[0.9237,1.0799], saturation=0.0000, text_film=0.0450
up1 haar: reconstruction_error=1.907e-06, skip_low/high=0.7399/0.2601, plam_low/high=1.0000/0.0000
up1 strengths: plam=0.8635, region=0.1315, detail=0.0808; residual_std region/detail/refine=0.2214/0.4367/0.2882
up1 guide_mix: entropy=0.8972, raw_low=0.3654, plam_low=0.1103, decoder_low=0.3938, detail=0.1305; agreement plam/decoder=0.3887/0.0096, support=0.6105+/-0.0544

========= Epoch [77/80] =========
C4_Test_session_09.09_15h44
Training with batch size : 16
   [Train] Epoch: [77][20/357]  Loss:0.101 (Avg 0.0959) IoU:0.725 (Avg 0.7241) Dice:0.8281 (Avg 0.8257) LR 1.69e-04   (AvgTime 0.6)   
   [Train] Epoch: [77][40/357]  Loss:0.093 (Avg 0.0976) IoU:0.745 (Avg 0.7187) Dice:0.8476 (Avg 0.8208) LR 1.69e-04   (AvgTime 0.6)   
   [Train] Epoch: [77][60/357]  Loss:0.075 (Avg 0.0949) IoU:0.797 (Avg 0.7250) Dice:0.8796 (Avg 0.8260) LR 1.69e-04   (AvgTime 0.6)   
   [Train] Epoch: [77][80/357]  Loss:0.107 (Avg 0.0948) IoU:0.697 (Avg 0.7255) Dice:0.7961 (Avg 0.8258) LR 1.69e-04   (AvgTime 0.6)   
   [Train] Epoch: [77][100/357]  Loss:0.080 (Avg 0.0951) IoU:0.780 (Avg 0.7245) Dice:0.8622 (Avg 0.8250) LR 1.69e-04   (AvgTime 0.6)   
   [Train] Epoch: [77][120/357]  Loss:0.104 (Avg 0.0955) IoU:0.706 (Avg 0.7234) Dice:0.8169 (Avg 0.8242) LR 1.69e-04   (AvgTime 0.5)   
   [Train] Epoch: [77][140/357]  Loss:0.087 (Avg 0.0962) IoU:0.737 (Avg 0.7217) Dice:0.8383 (Avg 0.8227) LR 1.69e-04   (AvgTime 0.5)   
   [Train] Epoch: [77][160/357]  Loss:0.102 (Avg 0.0959) IoU:0.705 (Avg 0.7226) Dice:0.8015 (Avg 0.8232) LR 1.69e-04   (AvgTime 0.5)   
   [Train] Epoch: [77][180/357]  Loss:0.067 (Avg 0.0951) IoU:0.814 (Avg 0.7252) Dice:0.8946 (Avg 0.8251) LR 1.69e-04   (AvgTime 0.5)   
   [Train] Epoch: [77][200/357]  Loss:0.075 (Avg 0.0949) IoU:0.757 (Avg 0.7250) Dice:0.8577 (Avg 0.8252) LR 1.69e-04   (AvgTime 0.5)   
   [Train] Epoch: [77][220/357]  Loss:0.112 (Avg 0.0948) IoU:0.686 (Avg 0.7253) Dice:0.7942 (Avg 0.8253) LR 1.69e-04   (AvgTime 0.5)   
   [Train] Epoch: [77][240/357]  Loss:0.086 (Avg 0.0943) IoU:0.745 (Avg 0.7266) Dice:0.8354 (Avg 0.8261) LR 1.69e-04   (AvgTime 0.5)   
   [Train] Epoch: [77][260/357]  Loss:0.081 (Avg 0.0944) IoU:0.787 (Avg 0.7264) Dice:0.8751 (Avg 0.8259) LR 1.69e-04   (AvgTime 0.5)   
   [Train] Epoch: [77][280/357]  Loss:0.076 (Avg 0.0944) IoU:0.756 (Avg 0.7261) Dice:0.8458 (Avg 0.8257) LR 1.69e-04   (AvgTime 0.5)   
   [Train] Epoch: [77][300/357]  Loss:0.099 (Avg 0.0941) IoU:0.728 (Avg 0.7267) Dice:0.8344 (Avg 0.8263) LR 1.69e-04   (AvgTime 0.5)   
   [Train] Epoch: [77][320/357]  Loss:0.147 (Avg 0.0941) IoU:0.642 (Avg 0.7268) Dice:0.7624 (Avg 0.8263) LR 1.69e-04   (AvgTime 0.5)   
   [Train] Epoch: [77][340/357]  Loss:0.087 (Avg 0.0945) IoU:0.724 (Avg 0.7259) Dice:0.8279 (Avg 0.8256) LR 1.69e-04   (AvgTime 0.5)   
   [Train] Epoch: [77][357/357]  Loss:0.072 (Avg 0.0943) IoU:0.780 (Avg 0.7263) Dice:0.8640 (Avg 0.8258) LR 1.69e-04   (AvgTime 0.5)   
   [Train] Loss components: dice=0.149320, focal=0.039378, total=0.094349
Validation
   [Val] Epoch: [77][20/90]  Loss:0.129 (Avg 0.1081) IoU:0.676 (Avg 0.7119) Dice:0.7875 (Avg 0.8154) (AvgTime 0.2)   
   [Val] Epoch: [77][40/90]  Loss:0.092 (Avg 0.1137) IoU:0.729 (Avg 0.6975) Dice:0.8311 (Avg 0.8015) (AvgTime 0.2)   
   [Val] Epoch: [77][60/90]  Loss:0.131 (Avg 0.1064) IoU:0.659 (Avg 0.7090) Dice:0.7634 (Avg 0.8093) (AvgTime 0.2)   
   [Val] Epoch: [77][80/90]  Loss:0.109 (Avg 0.1052) IoU:0.685 (Avg 0.7086) Dice:0.7904 (Avg 0.8094) (AvgTime 0.2)   
   [Val] Epoch: [77][90/90]  Loss:0.124 (Avg 0.1050) IoU:0.651 (Avg 0.7086) Dice:0.7734 (Avg 0.8096) (AvgTime 0.2)   
   [Val] Loss components: dice=0.161719, focal=0.048236, total=0.104977
	 No iou improvement; selected epoch 69
	 early_stopping_count: 8/80
--- Epoch History (1..77) ---
Epoch |  TrainLoss |  TrainDice |  TrainIoU |    ValLoss |    ValDice |    ValIoU |         LR | Best
    1 |     0.2379 |     0.6073 |    0.4776 |     0.1928 |     0.6881 |    0.5656 |   3.00e-04 |     
    2 |     0.1735 |     0.6993 |    0.5754 |     0.1794 |     0.6884 |    0.5646 |   2.95e-04 |     
    3 |     0.1551 |     0.7275 |    0.6080 |     0.1434 |     0.7519 |    0.6362 |   2.81e-04 |     
    4 |     0.1433 |     0.7455 |    0.6288 |     0.1249 |     0.7776 |    0.6670 |   2.59e-04 |     
    5 |     0.1385 |     0.7532 |    0.6372 |     0.1294 |     0.7623 |    0.6477 |   2.31e-04 |     
    6 |     0.1322 |     0.7635 |    0.6498 |     0.1199 |     0.7896 |    0.6818 |   2.00e-04 |     
    7 |     0.1269 |     0.7728 |    0.6612 |     0.1228 |     0.7847 |    0.6751 |   1.69e-04 |     
    8 |     0.1217 |     0.7793 |    0.6692 |     0.1136 |     0.7979 |    0.6923 |   1.41e-04 |     
    9 |     0.1195 |     0.7835 |    0.6745 |     0.1192 |     0.7913 |    0.6831 |   1.19e-04 |     
   10 |     0.1163 |     0.7892 |    0.6813 |     0.1168 |     0.7850 |    0.6775 |   1.05e-04 |     
   11 |     0.1403 |     0.7517 |    0.6355 |     0.1291 |     0.7743 |    0.6602 |   3.00e-04 |     
   12 |     0.1316 |     0.7641 |    0.6512 |     0.1328 |     0.7636 |    0.6512 |   2.95e-04 |     
   13 |     0.1263 |     0.7730 |    0.6610 |     0.1408 |     0.7642 |    0.6509 |   2.81e-04 |     
   14 |     0.1252 |     0.7749 |    0.6635 |     0.1187 |     0.7935 |    0.6862 |   2.59e-04 |     
   15 |     0.1216 |     0.7807 |    0.6707 |     0.1123 |     0.7925 |    0.6844 |   2.31e-04 |     
   16 |     0.1180 |     0.7858 |    0.6774 |     0.1121 |     0.7992 |    0.6935 |   2.00e-04 |     
   17 |     0.1145 |     0.7921 |    0.6845 |     0.1114 |     0.7926 |    0.6854 |   1.69e-04 |     
   18 |     0.1124 |     0.7968 |    0.6900 |     0.1102 |     0.7951 |    0.6874 |   1.41e-04 |     
   19 |     0.1090 |     0.8008 |    0.6956 |     0.1142 |     0.7864 |    0.6784 |   1.19e-04 |     
   20 |     0.1076 |     0.8033 |    0.6987 |     0.1081 |     0.8027 |    0.6994 |   1.05e-04 |     
   21 |     0.1296 |     0.7684 |    0.6551 |     0.1237 |     0.7932 |    0.6871 |   3.00e-04 |     
   22 |     0.1231 |     0.7788 |    0.6680 |     0.1142 |     0.7894 |    0.6830 |   2.95e-04 |     
   23 |     0.1186 |     0.7855 |    0.6772 |     0.1121 |     0.7973 |    0.6918 |   2.81e-04 |     
   24 |     0.1175 |     0.7876 |    0.6793 |     0.1139 |     0.7888 |    0.6777 |   2.59e-04 |     
   25 |     0.1131 |     0.7947 |    0.6877 |     0.1212 |     0.7900 |    0.6812 |   2.31e-04 |     
   26 |     0.1134 |     0.7939 |    0.6870 |     0.1299 |     0.7857 |    0.6759 |   2.00e-04 |     
   27 |     0.1086 |     0.8025 |    0.6975 |     0.1125 |     0.8038 |    0.7003 |   1.69e-04 |     
   28 |     0.1069 |     0.8047 |    0.7000 |     0.1081 |     0.8043 |    0.7013 |   1.41e-04 |     
   29 |     0.1049 |     0.8077 |    0.7042 |     0.1050 |     0.8113 |    0.7096 |   1.19e-04 |     
   30 |     0.1030 |     0.8122 |    0.7095 |     0.1044 |     0.8053 |    0.7023 |   1.05e-04 |     
   31 |     0.1188 |     0.7865 |    0.6768 |     0.1150 |     0.7858 |    0.6746 |   3.00e-04 |     
   32 |     0.1153 |     0.7911 |    0.6832 |     0.1292 |     0.7794 |    0.6715 |   2.95e-04 |     
   33 |     0.1150 |     0.7921 |    0.6843 |     0.1150 |     0.8012 |    0.6967 |   2.81e-04 |     
   34 |     0.1112 |     0.7986 |    0.6925 |     0.1107 |     0.8075 |    0.7053 |   2.59e-04 |     
   35 |     0.1107 |     0.7991 |    0.6931 |     0.1144 |     0.7942 |    0.6877 |   2.31e-04 |     
   36 |     0.1077 |     0.8042 |    0.7001 |     0.1050 |     0.8097 |    0.7081 |   2.00e-04 |     
   37 |     0.1045 |     0.8089 |    0.7059 |     0.1193 |     0.7762 |    0.6666 |   1.69e-04 |     
   38 |     0.1020 |     0.8126 |    0.7104 |     0.1119 |     0.8108 |    0.7088 |   1.41e-04 |     
   39 |     0.0996 |     0.8173 |    0.7164 |     0.1080 |     0.8134 |    0.7133 |   1.19e-04 |     
   40 |     0.0989 |     0.8176 |    0.7170 |     0.1020 |     0.8155 |    0.7161 |   1.05e-04 |     
   41 |     0.1137 |     0.7945 |    0.6866 |     0.3099 |     0.6225 |    0.4941 |   3.00e-04 |     
   42 |     0.1136 |     0.7949 |    0.6879 |     0.1140 |     0.7907 |    0.6855 |   2.95e-04 |     
   43 |     0.1107 |     0.7985 |    0.6929 |     0.1100 |     0.7960 |    0.6900 |   2.81e-04 |     
   44 |     0.1067 |     0.8051 |    0.7006 |     0.1145 |     0.7889 |    0.6807 |   2.59e-04 |     
   45 |     0.1046 |     0.8089 |    0.7049 |     0.1109 |     0.7975 |    0.6921 |   2.31e-04 |     
   46 |     0.1043 |     0.8097 |    0.7062 |     0.1059 |     0.8083 |    0.7050 |   2.00e-04 |     
   47 |     0.1006 |     0.8146 |    0.7129 |     0.1071 |     0.8097 |    0.7069 |   1.69e-04 |     
   48 |     0.0987 |     0.8184 |    0.7173 |     0.1052 |     0.8093 |    0.7088 |   1.41e-04 |     
   49 |     0.0967 |     0.8222 |    0.7221 |     0.1041 |     0.8051 |    0.7025 |   1.19e-04 |     
   50 |     0.0957 |     0.8227 |    0.7229 |     0.1066 |     0.8117 |    0.7115 |   1.05e-04 |     
   51 |     0.1108 |     0.7993 |    0.6930 |     0.1240 |     0.7902 |    0.6823 |   3.00e-04 |     
   52 |     0.1137 |     0.7958 |    0.6892 |     0.1077 |     0.7969 |    0.6895 |   2.95e-04 |     
   53 |     0.1068 |     0.8050 |    0.7002 |     0.1120 |     0.7982 |    0.6946 |   2.81e-04 |     
   54 |     0.1054 |     0.8074 |    0.7040 |     0.1211 |     0.7929 |    0.6890 |   2.59e-04 |     
   55 |     0.1047 |     0.8090 |    0.7059 |     0.1051 |     0.8113 |    0.7097 |   2.31e-04 |     
   56 |     0.1020 |     0.8132 |    0.7106 |     0.1055 |     0.7994 |    0.6918 |   2.00e-04 |     
   57 |     0.0981 |     0.8203 |    0.7194 |     0.1013 |     0.8145 |    0.7134 |   1.69e-04 |     
   58 |     0.0964 |     0.8222 |    0.7217 |     0.1015 |     0.8175 |    0.7176 |   1.41e-04 |     
   59 |     0.0940 |     0.8267 |    0.7280 |     0.1005 |     0.8165 |    0.7155 |   1.19e-04 |     
   60 |     0.0920 |     0.8294 |    0.7310 |     0.1036 |     0.8130 |    0.7116 |   1.05e-04 |     
   61 |     0.1090 |     0.8024 |    0.6971 |     0.1143 |     0.7945 |    0.6901 |   3.00e-04 |     
   62 |     0.1052 |     0.8080 |    0.7040 |     0.1119 |     0.7920 |    0.6868 |   2.95e-04 |     
   63 |     0.1070 |     0.8064 |    0.7019 |     0.1052 |     0.8070 |    0.7036 |   2.81e-04 |     
   64 |     0.1006 |     0.8157 |    0.7134 |     0.1045 |     0.8126 |    0.7125 |   2.59e-04 |     
   65 |     0.1004 |     0.8165 |    0.7147 |     0.1140 |     0.8026 |    0.6987 |   2.31e-04 |     
   66 |     0.0977 |     0.8208 |    0.7198 |     0.1050 |     0.8105 |    0.7096 |   2.00e-04 |     
   67 |     0.0966 |     0.8219 |    0.7218 |     0.1059 |     0.8143 |    0.7145 |   1.69e-04 |     
   68 |     0.0946 |     0.8251 |    0.7257 |     0.1059 |     0.8140 |    0.7138 |   1.41e-04 |     
   69 |     0.0928 |     0.8291 |    0.7308 |     0.1027 |     0.8179 |    0.7193 |   1.19e-04 |    *
   70 |     0.0907 |     0.8319 |    0.7342 |     0.1001 |     0.8177 |    0.7186 |   1.05e-04 |     
   71 |     0.1074 |     0.8061 |    0.7015 |     0.1105 |     0.7945 |    0.6857 |   3.00e-04 |     
   72 |     0.1041 |     0.8099 |    0.7068 |     0.1072 |     0.8051 |    0.7029 |   2.95e-04 |     
   73 |     0.1018 |     0.8138 |    0.7111 |     0.1084 |     0.8062 |    0.7033 |   2.81e-04 |     
   74 |     0.1011 |     0.8152 |    0.7133 |     0.1068 |     0.8087 |    0.7080 |   2.59e-04 |     
   75 |     0.0995 |     0.8173 |    0.7160 |     0.1038 |     0.8081 |    0.7053 |   2.31e-04 |     
   76 |     0.0968 |     0.8224 |    0.7223 |     0.1057 |     0.8124 |    0.7111 |   2.00e-04 |     
   77 |     0.0943 |     0.8258 |    0.7263 |     0.1050 |     0.8096 |    0.7086 |   1.69e-04 |     
--- RACE-PE 80e validation screen: control validation statistics ---
up4: ca=0.8342+/-0.1178, sa=1.0092+/-0.0063, amp=0.0000, suppress=0.0000, guide_abs=0.2131
up4 residuals: local_mean=6.600e-02, global_mean=0.0143, local_strength=0.1143, global_strength=0.1199, gain=[0.9865,1.0444], saturation=0.1143, text_film=0.0293
up4 haar: reconstruction_error=4.917e-07, skip_low/high=0.7906/0.2094, plam_low/high=1.0000/0.0000
up4 strengths: plam=0.8939, region=0.1143, detail=0.1199; residual_std region/detail/refine=0.3406/0.4890/0.4352
up4 guide_mix: entropy=0.9807, raw_low=0.3423, plam_low=0.2278, decoder_low=0.2488, detail=0.1811; agreement plam/decoder=0.4421/0.2181, support=0.8033+/-0.0971
up4 adaptive_frequency: ALPF strength=0.2644, weights=0.1386/0.7264/0.1350, sum=1.0000, entropy=0.7041, delta_std=0.0658; AHPF strength=0.0707, weights=0.3479/0.4945/0.1576, sum=1.0000, entropy=0.9096, residual_std=0.0915, scaled_std=0.0065
up3: ca=0.9426+/-0.1618, sa=1.0144+/-0.0053, amp=0.0000, suppress=0.0000, guide_abs=0.2085
up3 residuals: local_mean=2.882e-02, global_mean=0.0878, local_strength=0.1174, global_strength=0.1256, gain=[0.9977,1.0497], saturation=0.0339, text_film=0.0409
up3 haar: reconstruction_error=9.537e-07, skip_low/high=0.7496/0.2504, plam_low/high=1.0000/0.0000
up3 strengths: plam=0.8580, region=0.1174, detail=0.1256; residual_std region/detail/refine=0.4233/0.5036/0.4291
up3 guide_mix: entropy=0.9802, raw_low=0.3210, plam_low=0.1981, decoder_low=0.2940, detail=0.1869; agreement plam/decoder=0.4504/0.4463, support=0.7099+/-0.1107
up3 adaptive_frequency: ALPF strength=0.2844, weights=0.1081/0.4523/0.4396, sum=1.0000, entropy=0.7220, delta_std=0.0655; AHPF strength=0.1335, weights=0.5597/0.1890/0.2513, sum=1.0000, entropy=0.7564, residual_std=0.1027, scaled_std=0.0137
up2: ca=0.8275+/-0.1474, sa=1.0060+/-0.0030, amp=0.0000, suppress=0.0000, guide_abs=0.3963
up2 residuals: local_mean=2.354e-03, global_mean=0.0487, local_strength=0.1381, global_strength=0.1159, gain=[0.9773,1.0401], saturation=0.0096, text_film=0.0743
up2 haar: reconstruction_error=1.252e-06, skip_low/high=0.7928/0.2072, plam_low/high=1.0000/0.0000
up2 strengths: plam=0.7070, region=0.1381, detail=0.1159; residual_std region/detail/refine=0.1905/0.2955/0.1419
up2 guide_mix: entropy=0.9470, raw_low=0.3266, plam_low=0.1576, decoder_low=0.3615, detail=0.1543; agreement plam/decoder=0.6682/0.2686, support=0.7779+/-0.0539
up1: ca=0.7593+/-0.1547, sa=1.0103+/-0.0098, amp=0.0000, suppress=0.0000, guide_abs=0.1780
up1 residuals: local_mean=6.260e-03, global_mean=0.1204, local_strength=0.1316, global_strength=0.0807, gain=[0.9241,1.0796], saturation=0.0000, text_film=0.0405
up1 haar: reconstruction_error=1.431e-06, skip_low/high=0.7345/0.2655, plam_low/high=1.0000/0.0000
up1 strengths: plam=0.8625, region=0.1316, detail=0.0807; residual_std region/detail/refine=0.2152/0.4377/0.2905
up1 guide_mix: entropy=0.9159, raw_low=0.3459, plam_low=0.1365, decoder_low=0.3894, detail=0.1283; agreement plam/decoder=0.2216/-0.0649, support=0.6134+/-0.0546

========= Epoch [78/80] =========
C4_Test_session_09.09_15h44
Training with batch size : 16
   [Train] Epoch: [78][20/357]  Loss:0.099 (Avg 0.0958) IoU:0.701 (Avg 0.7228) Dice:0.8096 (Avg 0.8231) LR 1.41e-04   (AvgTime 0.6)   
   [Train] Epoch: [78][40/357]  Loss:0.094 (Avg 0.0930) IoU:0.720 (Avg 0.7275) Dice:0.8218 (Avg 0.8277) LR 1.41e-04   (AvgTime 0.5)   
   [Train] Epoch: [78][60/357]  Loss:0.078 (Avg 0.0925) IoU:0.769 (Avg 0.7283) Dice:0.8630 (Avg 0.8286) LR 1.41e-04   (AvgTime 0.5)   
   [Train] Epoch: [78][80/357]  Loss:0.101 (Avg 0.0938) IoU:0.739 (Avg 0.7257) Dice:0.8324 (Avg 0.8262) LR 1.41e-04   (AvgTime 0.5)   
   [Train] Epoch: [78][100/357]  Loss:0.105 (Avg 0.0929) IoU:0.708 (Avg 0.7281) Dice:0.8103 (Avg 0.8277) LR 1.41e-04   (AvgTime 0.5)   
   [Train] Epoch: [78][120/357]  Loss:0.095 (Avg 0.0931) IoU:0.728 (Avg 0.7283) Dice:0.8312 (Avg 0.8279) LR 1.41e-04   (AvgTime 0.5)   
   [Train] Epoch: [78][140/357]  Loss:0.070 (Avg 0.0938) IoU:0.782 (Avg 0.7267) Dice:0.8718 (Avg 0.8267) LR 1.41e-04   (AvgTime 0.5)   
   [Train] Epoch: [78][160/357]  Loss:0.079 (Avg 0.0932) IoU:0.759 (Avg 0.7283) Dice:0.8543 (Avg 0.8277) LR 1.41e-04   (AvgTime 0.5)   
   [Train] Epoch: [78][180/357]  Loss:0.072 (Avg 0.0925) IoU:0.778 (Avg 0.7300) Dice:0.8694 (Avg 0.8290) LR 1.41e-04   (AvgTime 0.5)   
   [Train] Epoch: [78][200/357]  Loss:0.121 (Avg 0.0929) IoU:0.655 (Avg 0.7296) Dice:0.7704 (Avg 0.8285) LR 1.41e-04   (AvgTime 0.5)   
   [Train] Epoch: [78][220/357]  Loss:0.075 (Avg 0.0923) IoU:0.797 (Avg 0.7316) Dice:0.8839 (Avg 0.8301) LR 1.41e-04   (AvgTime 0.5)   
   [Train] Epoch: [78][240/357]  Loss:0.056 (Avg 0.0917) IoU:0.822 (Avg 0.7328) Dice:0.8969 (Avg 0.8310) LR 1.41e-04   (AvgTime 0.5)   
   [Train] Epoch: [78][260/357]  Loss:0.138 (Avg 0.0918) IoU:0.660 (Avg 0.7329) Dice:0.7677 (Avg 0.8311) LR 1.41e-04   (AvgTime 0.5)   
   [Train] Epoch: [78][280/357]  Loss:0.065 (Avg 0.0916) IoU:0.803 (Avg 0.7336) Dice:0.8819 (Avg 0.8315) LR 1.41e-04   (AvgTime 0.5)   
   [Train] Epoch: [78][300/357]  Loss:0.069 (Avg 0.0919) IoU:0.792 (Avg 0.7331) Dice:0.8775 (Avg 0.8309) LR 1.41e-04   (AvgTime 0.5)   
   [Train] Epoch: [78][320/357]  Loss:0.076 (Avg 0.0921) IoU:0.755 (Avg 0.7322) Dice:0.8535 (Avg 0.8302) LR 1.41e-04   (AvgTime 0.5)   
   [Train] Epoch: [78][340/357]  Loss:0.088 (Avg 0.0927) IoU:0.735 (Avg 0.7309) Dice:0.8355 (Avg 0.8293) LR 1.41e-04   (AvgTime 0.5)   
   [Train] Epoch: [78][357/357]  Loss:0.060 (Avg 0.0929) IoU:0.795 (Avg 0.7300) Dice:0.8809 (Avg 0.8286) LR 1.41e-04   (AvgTime 0.5)   
   [Train] Loss components: dice=0.146940, focal=0.038871, total=0.092905
Validation
   [Val] Epoch: [78][20/90]  Loss:0.124 (Avg 0.1100) IoU:0.671 (Avg 0.7079) Dice:0.7900 (Avg 0.8128) (AvgTime 0.3)   
   [Val] Epoch: [78][40/90]  Loss:0.097 (Avg 0.1141) IoU:0.717 (Avg 0.6956) Dice:0.8213 (Avg 0.8008) (AvgTime 0.2)   
   [Val] Epoch: [78][60/90]  Loss:0.149 (Avg 0.1081) IoU:0.627 (Avg 0.7065) Dice:0.7372 (Avg 0.8080) (AvgTime 0.2)   
   [Val] Epoch: [78][80/90]  Loss:0.108 (Avg 0.1087) IoU:0.684 (Avg 0.7041) Dice:0.7853 (Avg 0.8055) (AvgTime 0.2)   
   [Val] Epoch: [78][90/90]  Loss:0.144 (Avg 0.1089) IoU:0.595 (Avg 0.7043) Dice:0.7296 (Avg 0.8057) (AvgTime 0.2)   
   [Val] Loss components: dice=0.165109, focal=0.052620, total=0.108865
	 No iou improvement; selected epoch 69
	 early_stopping_count: 9/80
--- Epoch History (1..78) ---
Epoch |  TrainLoss |  TrainDice |  TrainIoU |    ValLoss |    ValDice |    ValIoU |         LR | Best
    1 |     0.2379 |     0.6073 |    0.4776 |     0.1928 |     0.6881 |    0.5656 |   3.00e-04 |     
    2 |     0.1735 |     0.6993 |    0.5754 |     0.1794 |     0.6884 |    0.5646 |   2.95e-04 |     
    3 |     0.1551 |     0.7275 |    0.6080 |     0.1434 |     0.7519 |    0.6362 |   2.81e-04 |     
    4 |     0.1433 |     0.7455 |    0.6288 |     0.1249 |     0.7776 |    0.6670 |   2.59e-04 |     
    5 |     0.1385 |     0.7532 |    0.6372 |     0.1294 |     0.7623 |    0.6477 |   2.31e-04 |     
    6 |     0.1322 |     0.7635 |    0.6498 |     0.1199 |     0.7896 |    0.6818 |   2.00e-04 |     
    7 |     0.1269 |     0.7728 |    0.6612 |     0.1228 |     0.7847 |    0.6751 |   1.69e-04 |     
    8 |     0.1217 |     0.7793 |    0.6692 |     0.1136 |     0.7979 |    0.6923 |   1.41e-04 |     
    9 |     0.1195 |     0.7835 |    0.6745 |     0.1192 |     0.7913 |    0.6831 |   1.19e-04 |     
   10 |     0.1163 |     0.7892 |    0.6813 |     0.1168 |     0.7850 |    0.6775 |   1.05e-04 |     
   11 |     0.1403 |     0.7517 |    0.6355 |     0.1291 |     0.7743 |    0.6602 |   3.00e-04 |     
   12 |     0.1316 |     0.7641 |    0.6512 |     0.1328 |     0.7636 |    0.6512 |   2.95e-04 |     
   13 |     0.1263 |     0.7730 |    0.6610 |     0.1408 |     0.7642 |    0.6509 |   2.81e-04 |     
   14 |     0.1252 |     0.7749 |    0.6635 |     0.1187 |     0.7935 |    0.6862 |   2.59e-04 |     
   15 |     0.1216 |     0.7807 |    0.6707 |     0.1123 |     0.7925 |    0.6844 |   2.31e-04 |     
   16 |     0.1180 |     0.7858 |    0.6774 |     0.1121 |     0.7992 |    0.6935 |   2.00e-04 |     
   17 |     0.1145 |     0.7921 |    0.6845 |     0.1114 |     0.7926 |    0.6854 |   1.69e-04 |     
   18 |     0.1124 |     0.7968 |    0.6900 |     0.1102 |     0.7951 |    0.6874 |   1.41e-04 |     
   19 |     0.1090 |     0.8008 |    0.6956 |     0.1142 |     0.7864 |    0.6784 |   1.19e-04 |     
   20 |     0.1076 |     0.8033 |    0.6987 |     0.1081 |     0.8027 |    0.6994 |   1.05e-04 |     
   21 |     0.1296 |     0.7684 |    0.6551 |     0.1237 |     0.7932 |    0.6871 |   3.00e-04 |     
   22 |     0.1231 |     0.7788 |    0.6680 |     0.1142 |     0.7894 |    0.6830 |   2.95e-04 |     
   23 |     0.1186 |     0.7855 |    0.6772 |     0.1121 |     0.7973 |    0.6918 |   2.81e-04 |     
   24 |     0.1175 |     0.7876 |    0.6793 |     0.1139 |     0.7888 |    0.6777 |   2.59e-04 |     
   25 |     0.1131 |     0.7947 |    0.6877 |     0.1212 |     0.7900 |    0.6812 |   2.31e-04 |     
   26 |     0.1134 |     0.7939 |    0.6870 |     0.1299 |     0.7857 |    0.6759 |   2.00e-04 |     
   27 |     0.1086 |     0.8025 |    0.6975 |     0.1125 |     0.8038 |    0.7003 |   1.69e-04 |     
   28 |     0.1069 |     0.8047 |    0.7000 |     0.1081 |     0.8043 |    0.7013 |   1.41e-04 |     
   29 |     0.1049 |     0.8077 |    0.7042 |     0.1050 |     0.8113 |    0.7096 |   1.19e-04 |     
   30 |     0.1030 |     0.8122 |    0.7095 |     0.1044 |     0.8053 |    0.7023 |   1.05e-04 |     
   31 |     0.1188 |     0.7865 |    0.6768 |     0.1150 |     0.7858 |    0.6746 |   3.00e-04 |     
   32 |     0.1153 |     0.7911 |    0.6832 |     0.1292 |     0.7794 |    0.6715 |   2.95e-04 |     
   33 |     0.1150 |     0.7921 |    0.6843 |     0.1150 |     0.8012 |    0.6967 |   2.81e-04 |     
   34 |     0.1112 |     0.7986 |    0.6925 |     0.1107 |     0.8075 |    0.7053 |   2.59e-04 |     
   35 |     0.1107 |     0.7991 |    0.6931 |     0.1144 |     0.7942 |    0.6877 |   2.31e-04 |     
   36 |     0.1077 |     0.8042 |    0.7001 |     0.1050 |     0.8097 |    0.7081 |   2.00e-04 |     
   37 |     0.1045 |     0.8089 |    0.7059 |     0.1193 |     0.7762 |    0.6666 |   1.69e-04 |     
   38 |     0.1020 |     0.8126 |    0.7104 |     0.1119 |     0.8108 |    0.7088 |   1.41e-04 |     
   39 |     0.0996 |     0.8173 |    0.7164 |     0.1080 |     0.8134 |    0.7133 |   1.19e-04 |     
   40 |     0.0989 |     0.8176 |    0.7170 |     0.1020 |     0.8155 |    0.7161 |   1.05e-04 |     
   41 |     0.1137 |     0.7945 |    0.6866 |     0.3099 |     0.6225 |    0.4941 |   3.00e-04 |     
   42 |     0.1136 |     0.7949 |    0.6879 |     0.1140 |     0.7907 |    0.6855 |   2.95e-04 |     
   43 |     0.1107 |     0.7985 |    0.6929 |     0.1100 |     0.7960 |    0.6900 |   2.81e-04 |     
   44 |     0.1067 |     0.8051 |    0.7006 |     0.1145 |     0.7889 |    0.6807 |   2.59e-04 |     
   45 |     0.1046 |     0.8089 |    0.7049 |     0.1109 |     0.7975 |    0.6921 |   2.31e-04 |     
   46 |     0.1043 |     0.8097 |    0.7062 |     0.1059 |     0.8083 |    0.7050 |   2.00e-04 |     
   47 |     0.1006 |     0.8146 |    0.7129 |     0.1071 |     0.8097 |    0.7069 |   1.69e-04 |     
   48 |     0.0987 |     0.8184 |    0.7173 |     0.1052 |     0.8093 |    0.7088 |   1.41e-04 |     
   49 |     0.0967 |     0.8222 |    0.7221 |     0.1041 |     0.8051 |    0.7025 |   1.19e-04 |     
   50 |     0.0957 |     0.8227 |    0.7229 |     0.1066 |     0.8117 |    0.7115 |   1.05e-04 |     
   51 |     0.1108 |     0.7993 |    0.6930 |     0.1240 |     0.7902 |    0.6823 |   3.00e-04 |     
   52 |     0.1137 |     0.7958 |    0.6892 |     0.1077 |     0.7969 |    0.6895 |   2.95e-04 |     
   53 |     0.1068 |     0.8050 |    0.7002 |     0.1120 |     0.7982 |    0.6946 |   2.81e-04 |     
   54 |     0.1054 |     0.8074 |    0.7040 |     0.1211 |     0.7929 |    0.6890 |   2.59e-04 |     
   55 |     0.1047 |     0.8090 |    0.7059 |     0.1051 |     0.8113 |    0.7097 |   2.31e-04 |     
   56 |     0.1020 |     0.8132 |    0.7106 |     0.1055 |     0.7994 |    0.6918 |   2.00e-04 |     
   57 |     0.0981 |     0.8203 |    0.7194 |     0.1013 |     0.8145 |    0.7134 |   1.69e-04 |     
   58 |     0.0964 |     0.8222 |    0.7217 |     0.1015 |     0.8175 |    0.7176 |   1.41e-04 |     
   59 |     0.0940 |     0.8267 |    0.7280 |     0.1005 |     0.8165 |    0.7155 |   1.19e-04 |     
   60 |     0.0920 |     0.8294 |    0.7310 |     0.1036 |     0.8130 |    0.7116 |   1.05e-04 |     
   61 |     0.1090 |     0.8024 |    0.6971 |     0.1143 |     0.7945 |    0.6901 |   3.00e-04 |     
   62 |     0.1052 |     0.8080 |    0.7040 |     0.1119 |     0.7920 |    0.6868 |   2.95e-04 |     
   63 |     0.1070 |     0.8064 |    0.7019 |     0.1052 |     0.8070 |    0.7036 |   2.81e-04 |     
   64 |     0.1006 |     0.8157 |    0.7134 |     0.1045 |     0.8126 |    0.7125 |   2.59e-04 |     
   65 |     0.1004 |     0.8165 |    0.7147 |     0.1140 |     0.8026 |    0.6987 |   2.31e-04 |     
   66 |     0.0977 |     0.8208 |    0.7198 |     0.1050 |     0.8105 |    0.7096 |   2.00e-04 |     
   67 |     0.0966 |     0.8219 |    0.7218 |     0.1059 |     0.8143 |    0.7145 |   1.69e-04 |     
   68 |     0.0946 |     0.8251 |    0.7257 |     0.1059 |     0.8140 |    0.7138 |   1.41e-04 |     
   69 |     0.0928 |     0.8291 |    0.7308 |     0.1027 |     0.8179 |    0.7193 |   1.19e-04 |    *
   70 |     0.0907 |     0.8319 |    0.7342 |     0.1001 |     0.8177 |    0.7186 |   1.05e-04 |     
   71 |     0.1074 |     0.8061 |    0.7015 |     0.1105 |     0.7945 |    0.6857 |   3.00e-04 |     
   72 |     0.1041 |     0.8099 |    0.7068 |     0.1072 |     0.8051 |    0.7029 |   2.95e-04 |     
   73 |     0.1018 |     0.8138 |    0.7111 |     0.1084 |     0.8062 |    0.7033 |   2.81e-04 |     
   74 |     0.1011 |     0.8152 |    0.7133 |     0.1068 |     0.8087 |    0.7080 |   2.59e-04 |     
   75 |     0.0995 |     0.8173 |    0.7160 |     0.1038 |     0.8081 |    0.7053 |   2.31e-04 |     
   76 |     0.0968 |     0.8224 |    0.7223 |     0.1057 |     0.8124 |    0.7111 |   2.00e-04 |     
   77 |     0.0943 |     0.8258 |    0.7263 |     0.1050 |     0.8096 |    0.7086 |   1.69e-04 |     
   78 |     0.0929 |     0.8286 |    0.7300 |     0.1089 |     0.8057 |    0.7043 |   1.41e-04 |     
--- RACE-PE 80e validation screen: control validation statistics ---
up4: ca=0.8310+/-0.1189, sa=1.0091+/-0.0061, amp=0.0000, suppress=0.0000, guide_abs=0.2395
up4 residuals: local_mean=6.621e-02, global_mean=0.0128, local_strength=0.1143, global_strength=0.1201, gain=[0.9868,1.0421], saturation=0.0327, text_film=0.0334
up4 haar: reconstruction_error=5.960e-07, skip_low/high=0.7915/0.2085, plam_low/high=1.0000/0.0000
up4 strengths: plam=0.8936, region=0.1143, detail=0.1201; residual_std region/detail/refine=0.3271/0.5001/0.4438
up4 guide_mix: entropy=0.9811, raw_low=0.3400, plam_low=0.2400, decoder_low=0.2411, detail=0.1789; agreement plam/decoder=0.3705/0.0620, support=0.7546+/-0.0995
up4 adaptive_frequency: ALPF strength=0.2642, weights=0.1438/0.7200/0.1362, sum=1.0000, entropy=0.7136, delta_std=0.0657; AHPF strength=0.0706, weights=0.3522/0.4914/0.1564, sum=1.0000, entropy=0.9089, residual_std=0.0986, scaled_std=0.0070
up3: ca=0.9439+/-0.1597, sa=1.0141+/-0.0051, amp=0.0000, suppress=0.0000, guide_abs=0.2005
up3 residuals: local_mean=2.723e-02, global_mean=0.0866, local_strength=0.1175, global_strength=0.1256, gain=[0.9945,1.0471], saturation=0.0074, text_film=0.0419
up3 haar: reconstruction_error=9.537e-07, skip_low/high=0.7538/0.2462, plam_low/high=1.0000/0.0000
up3 strengths: plam=0.8576, region=0.1175, detail=0.1256; residual_std region/detail/refine=0.3750/0.4955/0.4128
up3 guide_mix: entropy=0.9827, raw_low=0.3231, plam_low=0.2147, decoder_low=0.2793, detail=0.1829; agreement plam/decoder=0.3460/0.3858, support=0.6988+/-0.1024
up3 adaptive_frequency: ALPF strength=0.2850, weights=0.1056/0.4171/0.4773, sum=1.0000, entropy=0.7026, delta_std=0.0687; AHPF strength=0.1338, weights=0.5996/0.1877/0.2127, sum=1.0000, entropy=0.7398, residual_std=0.1025, scaled_std=0.0137
up2: ca=0.8240+/-0.1283, sa=1.0062+/-0.0032, amp=0.0000, suppress=0.0000, guide_abs=0.4113
up2 residuals: local_mean=4.282e-03, global_mean=0.0486, local_strength=0.1385, global_strength=0.1159, gain=[0.9797,1.0415], saturation=0.0127, text_film=0.0759
up2 haar: reconstruction_error=1.371e-06, skip_low/high=0.7901/0.2099, plam_low/high=1.0000/0.0000
up2 strengths: plam=0.7058, region=0.1385, detail=0.1159; residual_std region/detail/refine=0.1981/0.3160/0.1417
up2 guide_mix: entropy=0.9594, raw_low=0.3408, plam_low=0.1791, decoder_low=0.3239, detail=0.1562; agreement plam/decoder=0.6966/0.2935, support=0.7879+/-0.0516
up1: ca=0.7630+/-0.1541, sa=1.0104+/-0.0097, amp=0.0000, suppress=0.0000, guide_abs=0.1757
up1 residuals: local_mean=5.980e-03, global_mean=0.1219, local_strength=0.1318, global_strength=0.0806, gain=[0.9240,1.0797], saturation=0.0000, text_film=0.0408
up1 haar: reconstruction_error=1.431e-06, skip_low/high=0.7089/0.2911, plam_low/high=1.0000/0.0000
up1 strengths: plam=0.8616, region=0.1318, detail=0.0806; residual_std region/detail/refine=0.2116/0.4304/0.2922
up1 guide_mix: entropy=0.9337, raw_low=0.2745, plam_low=0.2052, decoder_low=0.4055, detail=0.1148; agreement plam/decoder=0.1559/-0.1118, support=0.6145+/-0.0538

========= Epoch [79/80] =========
C4_Test_session_09.09_15h44
Training with batch size : 16
   [Train] Epoch: [79][20/357]  Loss:0.093 (Avg 0.0956) IoU:0.729 (Avg 0.7216) Dice:0.8245 (Avg 0.8253) LR 1.19e-04   (AvgTime 0.6)   
   [Train] Epoch: [79][40/357]  Loss:0.087 (Avg 0.0943) IoU:0.740 (Avg 0.7265) Dice:0.8393 (Avg 0.8283) LR 1.19e-04   (AvgTime 0.5)   
   [Train] Epoch: [79][60/357]  Loss:0.069 (Avg 0.0925) IoU:0.794 (Avg 0.7311) Dice:0.8789 (Avg 0.8306) LR 1.19e-04   (AvgTime 0.5)   
   [Train] Epoch: [79][80/357]  Loss:0.134 (Avg 0.0929) IoU:0.690 (Avg 0.7322) Dice:0.8027 (Avg 0.8308) LR 1.19e-04   (AvgTime 0.5)   
   [Train] Epoch: [79][100/357]  Loss:0.099 (Avg 0.0925) IoU:0.734 (Avg 0.7322) Dice:0.8299 (Avg 0.8307) LR 1.19e-04   (AvgTime 0.5)   
   [Train] Epoch: [79][120/357]  Loss:0.085 (Avg 0.0928) IoU:0.744 (Avg 0.7318) Dice:0.8426 (Avg 0.8303) LR 1.19e-04   (AvgTime 0.5)   
   [Train] Epoch: [79][140/357]  Loss:0.098 (Avg 0.0925) IoU:0.710 (Avg 0.7317) Dice:0.8167 (Avg 0.8304) LR 1.19e-04   (AvgTime 0.5)   
   [Train] Epoch: [79][160/357]  Loss:0.085 (Avg 0.0923) IoU:0.721 (Avg 0.7319) Dice:0.8311 (Avg 0.8306) LR 1.19e-04   (AvgTime 0.5)   
   [Train] Epoch: [79][180/357]  Loss:0.102 (Avg 0.0923) IoU:0.734 (Avg 0.7322) Dice:0.8303 (Avg 0.8306) LR 1.19e-04   (AvgTime 0.5)   
   [Train] Epoch: [79][200/357]  Loss:0.065 (Avg 0.0914) IoU:0.805 (Avg 0.7344) Dice:0.8852 (Avg 0.8322) LR 1.19e-04   (AvgTime 0.5)   
   [Train] Epoch: [79][220/357]  Loss:0.079 (Avg 0.0904) IoU:0.760 (Avg 0.7366) Dice:0.8535 (Avg 0.8339) LR 1.19e-04   (AvgTime 0.5)   
   [Train] Epoch: [79][240/357]  Loss:0.099 (Avg 0.0912) IoU:0.724 (Avg 0.7348) Dice:0.8210 (Avg 0.8322) LR 1.19e-04   (AvgTime 0.5)   
   [Train] Epoch: [79][260/357]  Loss:0.079 (Avg 0.0915) IoU:0.763 (Avg 0.7340) Dice:0.8533 (Avg 0.8315) LR 1.19e-04   (AvgTime 0.5)   
   [Train] Epoch: [79][280/357]  Loss:0.124 (Avg 0.0918) IoU:0.702 (Avg 0.7331) Dice:0.7939 (Avg 0.8309) LR 1.19e-04   (AvgTime 0.5)   
   [Train] Epoch: [79][300/357]  Loss:0.083 (Avg 0.0919) IoU:0.753 (Avg 0.7327) Dice:0.8515 (Avg 0.8306) LR 1.19e-04   (AvgTime 0.5)   
   [Train] Epoch: [79][320/357]  Loss:0.072 (Avg 0.0916) IoU:0.768 (Avg 0.7333) Dice:0.8621 (Avg 0.8312) LR 1.19e-04   (AvgTime 0.5)   
   [Train] Epoch: [79][340/357]  Loss:0.094 (Avg 0.0913) IoU:0.709 (Avg 0.7339) Dice:0.8168 (Avg 0.8316) LR 1.19e-04   (AvgTime 0.5)   
   [Train] Epoch: [79][357/357]  Loss:0.114 (Avg 0.0918) IoU:0.658 (Avg 0.7321) Dice:0.7660 (Avg 0.8302) LR 1.19e-04   (AvgTime 0.5)   
   [Train] Loss components: dice=0.145233, focal=0.038395, total=0.091814
Validation
   [Val] Epoch: [79][20/90]  Loss:0.128 (Avg 0.1040) IoU:0.675 (Avg 0.7245) Dice:0.7925 (Avg 0.8250) (AvgTime 0.2)   
   [Val] Epoch: [79][40/90]  Loss:0.092 (Avg 0.1086) IoU:0.727 (Avg 0.7103) Dice:0.8294 (Avg 0.8121) (AvgTime 0.2)   
   [Val] Epoch: [79][60/90]  Loss:0.135 (Avg 0.1024) IoU:0.651 (Avg 0.7209) Dice:0.7570 (Avg 0.8189) (AvgTime 0.2)   
   [Val] Epoch: [79][80/90]  Loss:0.097 (Avg 0.1011) IoU:0.716 (Avg 0.7207) Dice:0.8165 (Avg 0.8191) (AvgTime 0.2)   
   [Val] Epoch: [79][90/90]  Loss:0.145 (Avg 0.1013) IoU:0.615 (Avg 0.7203) Dice:0.7437 (Avg 0.8189) (AvgTime 0.2)   
   [Val] Loss components: dice=0.154328, focal=0.048258, total=0.101293
	 Saving best model by iou: 0.720314
	 Saving to Covid19/BetterLViT/c4_race_pe_control/C4_Test_session_09.09_15h44/models//best_model-BetterLViT.pth.tar
	 early_stopping_count: 0/80
--- Epoch History (1..79) ---
Epoch |  TrainLoss |  TrainDice |  TrainIoU |    ValLoss |    ValDice |    ValIoU |         LR | Best
    1 |     0.2379 |     0.6073 |    0.4776 |     0.1928 |     0.6881 |    0.5656 |   3.00e-04 |     
    2 |     0.1735 |     0.6993 |    0.5754 |     0.1794 |     0.6884 |    0.5646 |   2.95e-04 |     
    3 |     0.1551 |     0.7275 |    0.6080 |     0.1434 |     0.7519 |    0.6362 |   2.81e-04 |     
    4 |     0.1433 |     0.7455 |    0.6288 |     0.1249 |     0.7776 |    0.6670 |   2.59e-04 |     
    5 |     0.1385 |     0.7532 |    0.6372 |     0.1294 |     0.7623 |    0.6477 |   2.31e-04 |     
    6 |     0.1322 |     0.7635 |    0.6498 |     0.1199 |     0.7896 |    0.6818 |   2.00e-04 |     
    7 |     0.1269 |     0.7728 |    0.6612 |     0.1228 |     0.7847 |    0.6751 |   1.69e-04 |     
    8 |     0.1217 |     0.7793 |    0.6692 |     0.1136 |     0.7979 |    0.6923 |   1.41e-04 |     
    9 |     0.1195 |     0.7835 |    0.6745 |     0.1192 |     0.7913 |    0.6831 |   1.19e-04 |     
   10 |     0.1163 |     0.7892 |    0.6813 |     0.1168 |     0.7850 |    0.6775 |   1.05e-04 |     
   11 |     0.1403 |     0.7517 |    0.6355 |     0.1291 |     0.7743 |    0.6602 |   3.00e-04 |     
   12 |     0.1316 |     0.7641 |    0.6512 |     0.1328 |     0.7636 |    0.6512 |   2.95e-04 |     
   13 |     0.1263 |     0.7730 |    0.6610 |     0.1408 |     0.7642 |    0.6509 |   2.81e-04 |     
   14 |     0.1252 |     0.7749 |    0.6635 |     0.1187 |     0.7935 |    0.6862 |   2.59e-04 |     
   15 |     0.1216 |     0.7807 |    0.6707 |     0.1123 |     0.7925 |    0.6844 |   2.31e-04 |     
   16 |     0.1180 |     0.7858 |    0.6774 |     0.1121 |     0.7992 |    0.6935 |   2.00e-04 |     
   17 |     0.1145 |     0.7921 |    0.6845 |     0.1114 |     0.7926 |    0.6854 |   1.69e-04 |     
   18 |     0.1124 |     0.7968 |    0.6900 |     0.1102 |     0.7951 |    0.6874 |   1.41e-04 |     
   19 |     0.1090 |     0.8008 |    0.6956 |     0.1142 |     0.7864 |    0.6784 |   1.19e-04 |     
   20 |     0.1076 |     0.8033 |    0.6987 |     0.1081 |     0.8027 |    0.6994 |   1.05e-04 |     
   21 |     0.1296 |     0.7684 |    0.6551 |     0.1237 |     0.7932 |    0.6871 |   3.00e-04 |     
   22 |     0.1231 |     0.7788 |    0.6680 |     0.1142 |     0.7894 |    0.6830 |   2.95e-04 |     
   23 |     0.1186 |     0.7855 |    0.6772 |     0.1121 |     0.7973 |    0.6918 |   2.81e-04 |     
   24 |     0.1175 |     0.7876 |    0.6793 |     0.1139 |     0.7888 |    0.6777 |   2.59e-04 |     
   25 |     0.1131 |     0.7947 |    0.6877 |     0.1212 |     0.7900 |    0.6812 |   2.31e-04 |     
   26 |     0.1134 |     0.7939 |    0.6870 |     0.1299 |     0.7857 |    0.6759 |   2.00e-04 |     
   27 |     0.1086 |     0.8025 |    0.6975 |     0.1125 |     0.8038 |    0.7003 |   1.69e-04 |     
   28 |     0.1069 |     0.8047 |    0.7000 |     0.1081 |     0.8043 |    0.7013 |   1.41e-04 |     
   29 |     0.1049 |     0.8077 |    0.7042 |     0.1050 |     0.8113 |    0.7096 |   1.19e-04 |     
   30 |     0.1030 |     0.8122 |    0.7095 |     0.1044 |     0.8053 |    0.7023 |   1.05e-04 |     
   31 |     0.1188 |     0.7865 |    0.6768 |     0.1150 |     0.7858 |    0.6746 |   3.00e-04 |     
   32 |     0.1153 |     0.7911 |    0.6832 |     0.1292 |     0.7794 |    0.6715 |   2.95e-04 |     
   33 |     0.1150 |     0.7921 |    0.6843 |     0.1150 |     0.8012 |    0.6967 |   2.81e-04 |     
   34 |     0.1112 |     0.7986 |    0.6925 |     0.1107 |     0.8075 |    0.7053 |   2.59e-04 |     
   35 |     0.1107 |     0.7991 |    0.6931 |     0.1144 |     0.7942 |    0.6877 |   2.31e-04 |     
   36 |     0.1077 |     0.8042 |    0.7001 |     0.1050 |     0.8097 |    0.7081 |   2.00e-04 |     
   37 |     0.1045 |     0.8089 |    0.7059 |     0.1193 |     0.7762 |    0.6666 |   1.69e-04 |     
   38 |     0.1020 |     0.8126 |    0.7104 |     0.1119 |     0.8108 |    0.7088 |   1.41e-04 |     
   39 |     0.0996 |     0.8173 |    0.7164 |     0.1080 |     0.8134 |    0.7133 |   1.19e-04 |     
   40 |     0.0989 |     0.8176 |    0.7170 |     0.1020 |     0.8155 |    0.7161 |   1.05e-04 |     
   41 |     0.1137 |     0.7945 |    0.6866 |     0.3099 |     0.6225 |    0.4941 |   3.00e-04 |     
   42 |     0.1136 |     0.7949 |    0.6879 |     0.1140 |     0.7907 |    0.6855 |   2.95e-04 |     
   43 |     0.1107 |     0.7985 |    0.6929 |     0.1100 |     0.7960 |    0.6900 |   2.81e-04 |     
   44 |     0.1067 |     0.8051 |    0.7006 |     0.1145 |     0.7889 |    0.6807 |   2.59e-04 |     
   45 |     0.1046 |     0.8089 |    0.7049 |     0.1109 |     0.7975 |    0.6921 |   2.31e-04 |     
   46 |     0.1043 |     0.8097 |    0.7062 |     0.1059 |     0.8083 |    0.7050 |   2.00e-04 |     
   47 |     0.1006 |     0.8146 |    0.7129 |     0.1071 |     0.8097 |    0.7069 |   1.69e-04 |     
   48 |     0.0987 |     0.8184 |    0.7173 |     0.1052 |     0.8093 |    0.7088 |   1.41e-04 |     
   49 |     0.0967 |     0.8222 |    0.7221 |     0.1041 |     0.8051 |    0.7025 |   1.19e-04 |     
   50 |     0.0957 |     0.8227 |    0.7229 |     0.1066 |     0.8117 |    0.7115 |   1.05e-04 |     
   51 |     0.1108 |     0.7993 |    0.6930 |     0.1240 |     0.7902 |    0.6823 |   3.00e-04 |     
   52 |     0.1137 |     0.7958 |    0.6892 |     0.1077 |     0.7969 |    0.6895 |   2.95e-04 |     
   53 |     0.1068 |     0.8050 |    0.7002 |     0.1120 |     0.7982 |    0.6946 |   2.81e-04 |     
   54 |     0.1054 |     0.8074 |    0.7040 |     0.1211 |     0.7929 |    0.6890 |   2.59e-04 |     
   55 |     0.1047 |     0.8090 |    0.7059 |     0.1051 |     0.8113 |    0.7097 |   2.31e-04 |     
   56 |     0.1020 |     0.8132 |    0.7106 |     0.1055 |     0.7994 |    0.6918 |   2.00e-04 |     
   57 |     0.0981 |     0.8203 |    0.7194 |     0.1013 |     0.8145 |    0.7134 |   1.69e-04 |     
   58 |     0.0964 |     0.8222 |    0.7217 |     0.1015 |     0.8175 |    0.7176 |   1.41e-04 |     
   59 |     0.0940 |     0.8267 |    0.7280 |     0.1005 |     0.8165 |    0.7155 |   1.19e-04 |     
   60 |     0.0920 |     0.8294 |    0.7310 |     0.1036 |     0.8130 |    0.7116 |   1.05e-04 |     
   61 |     0.1090 |     0.8024 |    0.6971 |     0.1143 |     0.7945 |    0.6901 |   3.00e-04 |     
   62 |     0.1052 |     0.8080 |    0.7040 |     0.1119 |     0.7920 |    0.6868 |   2.95e-04 |     
   63 |     0.1070 |     0.8064 |    0.7019 |     0.1052 |     0.8070 |    0.7036 |   2.81e-04 |     
   64 |     0.1006 |     0.8157 |    0.7134 |     0.1045 |     0.8126 |    0.7125 |   2.59e-04 |     
   65 |     0.1004 |     0.8165 |    0.7147 |     0.1140 |     0.8026 |    0.6987 |   2.31e-04 |     
   66 |     0.0977 |     0.8208 |    0.7198 |     0.1050 |     0.8105 |    0.7096 |   2.00e-04 |     
   67 |     0.0966 |     0.8219 |    0.7218 |     0.1059 |     0.8143 |    0.7145 |   1.69e-04 |     
   68 |     0.0946 |     0.8251 |    0.7257 |     0.1059 |     0.8140 |    0.7138 |   1.41e-04 |     
   69 |     0.0928 |     0.8291 |    0.7308 |     0.1027 |     0.8179 |    0.7193 |   1.19e-04 |     
   70 |     0.0907 |     0.8319 |    0.7342 |     0.1001 |     0.8177 |    0.7186 |   1.05e-04 |     
   71 |     0.1074 |     0.8061 |    0.7015 |     0.1105 |     0.7945 |    0.6857 |   3.00e-04 |     
   72 |     0.1041 |     0.8099 |    0.7068 |     0.1072 |     0.8051 |    0.7029 |   2.95e-04 |     
   73 |     0.1018 |     0.8138 |    0.7111 |     0.1084 |     0.8062 |    0.7033 |   2.81e-04 |     
   74 |     0.1011 |     0.8152 |    0.7133 |     0.1068 |     0.8087 |    0.7080 |   2.59e-04 |     
   75 |     0.0995 |     0.8173 |    0.7160 |     0.1038 |     0.8081 |    0.7053 |   2.31e-04 |     
   76 |     0.0968 |     0.8224 |    0.7223 |     0.1057 |     0.8124 |    0.7111 |   2.00e-04 |     
   77 |     0.0943 |     0.8258 |    0.7263 |     0.1050 |     0.8096 |    0.7086 |   1.69e-04 |     
   78 |     0.0929 |     0.8286 |    0.7300 |     0.1089 |     0.8057 |    0.7043 |   1.41e-04 |     
   79 |     0.0918 |     0.8302 |    0.7321 |     0.1013 |     0.8189 |    0.7203 |   1.19e-04 |    *
--- RACE-PE 80e validation screen: control validation statistics ---
up4: ca=0.8351+/-0.1143, sa=1.0088+/-0.0061, amp=0.0000, suppress=0.0000, guide_abs=0.2396
up4 residuals: local_mean=6.195e-02, global_mean=0.0143, local_strength=0.1144, global_strength=0.1203, gain=[0.9872,1.0423], saturation=0.0112, text_film=0.0295
up4 haar: reconstruction_error=6.817e-07, skip_low/high=0.7857/0.2143, plam_low/high=1.0000/0.0000
up4 strengths: plam=0.8936, region=0.1144, detail=0.1203; residual_std region/detail/refine=0.3240/0.4930/0.4470
up4 guide_mix: entropy=0.9813, raw_low=0.3434, plam_low=0.2346, decoder_low=0.2379, detail=0.1840; agreement plam/decoder=0.2416/0.0112, support=0.7384+/-0.0910
up4 adaptive_frequency: ALPF strength=0.2643, weights=0.1378/0.7263/0.1359, sum=1.0000, entropy=0.7044, delta_std=0.0666; AHPF strength=0.0705, weights=0.3525/0.4906/0.1569, sum=1.0000, entropy=0.9102, residual_std=0.0909, scaled_std=0.0064
up3: ca=0.9426+/-0.1558, sa=1.0140+/-0.0051, amp=0.0000, suppress=0.0000, guide_abs=0.1910
up3 residuals: local_mean=2.660e-02, global_mean=0.0864, local_strength=0.1175, global_strength=0.1257, gain=[0.9961,1.0428], saturation=0.0059, text_film=0.0440
up3 haar: reconstruction_error=9.537e-07, skip_low/high=0.7413/0.2587, plam_low/high=1.0000/0.0000
up3 strengths: plam=0.8574, region=0.1175, detail=0.1257; residual_std region/detail/refine=0.3751/0.4846/0.4089
up3 guide_mix: entropy=0.9789, raw_low=0.3180, plam_low=0.1915, decoder_low=0.3018, detail=0.1888; agreement plam/decoder=0.4052/0.4072, support=0.6735+/-0.0967
up3 adaptive_frequency: ALPF strength=0.2854, weights=0.0905/0.4017/0.5079, sum=1.0000, entropy=0.6755, delta_std=0.0697; AHPF strength=0.1341, weights=0.6099/0.1757/0.2144, sum=1.0000, entropy=0.7268, residual_std=0.0909, scaled_std=0.0122
up2: ca=0.8339+/-0.1331, sa=1.0065+/-0.0032, amp=0.0000, suppress=0.0000, guide_abs=0.3846
up2 residuals: local_mean=4.735e-03, global_mean=0.0505, local_strength=0.1386, global_strength=0.1159, gain=[0.9750,1.0403], saturation=0.0086, text_film=0.0741
up2 haar: reconstruction_error=1.132e-06, skip_low/high=0.7804/0.2196, plam_low/high=1.0000/0.0000
up2 strengths: plam=0.7046, region=0.1386, detail=0.1159; residual_std region/detail/refine=0.2159/0.3129/0.1384
up2 guide_mix: entropy=0.9480, raw_low=0.3358, plam_low=0.1478, decoder_low=0.3508, detail=0.1655; agreement plam/decoder=0.7015/0.3228, support=0.7794+/-0.0517
up1: ca=0.7622+/-0.1502, sa=1.0108+/-0.0098, amp=0.0000, suppress=0.0000, guide_abs=0.1713
up1 residuals: local_mean=8.178e-03, global_mean=0.1233, local_strength=0.1317, global_strength=0.0806, gain=[0.9235,1.0801], saturation=0.0000, text_film=0.0410
up1 haar: reconstruction_error=1.431e-06, skip_low/high=0.7199/0.2801, plam_low/high=1.0000/0.0000
up1 strengths: plam=0.8612, region=0.1317, detail=0.0806; residual_std region/detail/refine=0.1957/0.4412/0.2936
up1 guide_mix: entropy=0.9217, raw_low=0.3323, plam_low=0.1389, decoder_low=0.3937, detail=0.1350; agreement plam/decoder=0.2098/-0.0107, support=0.6101+/-0.0507

========= Epoch [80/80] =========
C4_Test_session_09.09_15h44
Training with batch size : 16
   [Train] Epoch: [80][20/357]  Loss:0.126 (Avg 0.0864) IoU:0.634 (Avg 0.7460) Dice:0.7561 (Avg 0.8415) LR 1.05e-04   (AvgTime 0.5)   
   [Train] Epoch: [80][40/357]  Loss:0.104 (Avg 0.0898) IoU:0.689 (Avg 0.7387) Dice:0.7994 (Avg 0.8361) LR 1.05e-04   (AvgTime 0.5)   
   [Train] Epoch: [80][60/357]  Loss:0.102 (Avg 0.0865) IoU:0.723 (Avg 0.7455) Dice:0.8190 (Avg 0.8417) LR 1.05e-04   (AvgTime 0.5)   
   [Train] Epoch: [80][80/357]  Loss:0.073 (Avg 0.0866) IoU:0.754 (Avg 0.7448) Dice:0.8547 (Avg 0.8408) LR 1.05e-04   (AvgTime 0.5)   
   [Train] Epoch: [80][100/357]  Loss:0.078 (Avg 0.0868) IoU:0.767 (Avg 0.7440) Dice:0.8581 (Avg 0.8403) LR 1.05e-04   (AvgTime 0.5)   
   [Train] Epoch: [80][120/357]  Loss:0.106 (Avg 0.0868) IoU:0.689 (Avg 0.7433) Dice:0.8073 (Avg 0.8400) LR 1.05e-04   (AvgTime 0.5)   
   [Train] Epoch: [80][140/357]  Loss:0.054 (Avg 0.0873) IoU:0.830 (Avg 0.7419) Dice:0.9034 (Avg 0.8385) LR 1.05e-04   (AvgTime 0.5)   
   [Train] Epoch: [80][160/357]  Loss:0.075 (Avg 0.0872) IoU:0.765 (Avg 0.7423) Dice:0.8541 (Avg 0.8387) LR 1.05e-04   (AvgTime 0.5)   
   [Train] Epoch: [80][180/357]  Loss:0.088 (Avg 0.0875) IoU:0.715 (Avg 0.7417) Dice:0.8247 (Avg 0.8383) LR 1.05e-04   (AvgTime 0.5)   
   [Train] Epoch: [80][200/357]  Loss:0.092 (Avg 0.0872) IoU:0.711 (Avg 0.7424) Dice:0.8135 (Avg 0.8387) LR 1.05e-04   (AvgTime 0.5)   
   [Train] Epoch: [80][220/357]  Loss:0.088 (Avg 0.0872) IoU:0.728 (Avg 0.7423) Dice:0.8327 (Avg 0.8387) LR 1.05e-04   (AvgTime 0.5)   
   [Train] Epoch: [80][240/357]  Loss:0.106 (Avg 0.0878) IoU:0.705 (Avg 0.7413) Dice:0.8144 (Avg 0.8377) LR 1.05e-04   (AvgTime 0.5)   
   [Train] Epoch: [80][260/357]  Loss:0.093 (Avg 0.0881) IoU:0.723 (Avg 0.7410) Dice:0.8251 (Avg 0.8373) LR 1.05e-04   (AvgTime 0.5)   
   [Train] Epoch: [80][280/357]  Loss:0.091 (Avg 0.0882) IoU:0.728 (Avg 0.7408) Dice:0.8241 (Avg 0.8372) LR 1.05e-04   (AvgTime 0.5)   
   [Train] Epoch: [80][300/357]  Loss:0.113 (Avg 0.0883) IoU:0.696 (Avg 0.7406) Dice:0.7998 (Avg 0.8370) LR 1.05e-04   (AvgTime 0.5)   
   [Train] Epoch: [80][320/357]  Loss:0.075 (Avg 0.0887) IoU:0.771 (Avg 0.7394) Dice:0.8666 (Avg 0.8361) LR 1.05e-04   (AvgTime 0.5)   
   [Train] Epoch: [80][340/357]  Loss:0.089 (Avg 0.0888) IoU:0.769 (Avg 0.7393) Dice:0.8361 (Avg 0.8360) LR 1.05e-04   (AvgTime 0.5)   
   [Train] Epoch: [80][357/357]  Loss:0.098 (Avg 0.0886) IoU:0.739 (Avg 0.7395) Dice:0.8266 (Avg 0.8361) LR 1.05e-04   (AvgTime 0.5)   
   [Train] Loss components: dice=0.140019, focal=0.037237, total=0.088628
Validation
   [Val] Epoch: [80][20/90]  Loss:0.127 (Avg 0.1059) IoU:0.678 (Avg 0.7166) Dice:0.7925 (Avg 0.8187) (AvgTime 0.2)   
   [Val] Epoch: [80][40/90]  Loss:0.091 (Avg 0.1100) IoU:0.722 (Avg 0.7037) Dice:0.8246 (Avg 0.8066) (AvgTime 0.2)   
   [Val] Epoch: [80][60/90]  Loss:0.132 (Avg 0.1032) IoU:0.661 (Avg 0.7150) Dice:0.7628 (Avg 0.8146) (AvgTime 0.2)   
   [Val] Epoch: [80][80/90]  Loss:0.096 (Avg 0.1017) IoU:0.719 (Avg 0.7154) Dice:0.8222 (Avg 0.8151) (AvgTime 0.2)   
   [Val] Epoch: [80][90/90]  Loss:0.133 (Avg 0.1019) IoU:0.602 (Avg 0.7147) Dice:0.7323 (Avg 0.8147) (AvgTime 0.2)   
   [Val] Loss components: dice=0.156151, focal=0.047693, total=0.101922
	 No iou improvement; selected epoch 79
	 early_stopping_count: 1/80
--- Epoch History (1..80) ---
Epoch |  TrainLoss |  TrainDice |  TrainIoU |    ValLoss |    ValDice |    ValIoU |         LR | Best
    1 |     0.2379 |     0.6073 |    0.4776 |     0.1928 |     0.6881 |    0.5656 |   3.00e-04 |     
    2 |     0.1735 |     0.6993 |    0.5754 |     0.1794 |     0.6884 |    0.5646 |   2.95e-04 |     
    3 |     0.1551 |     0.7275 |    0.6080 |     0.1434 |     0.7519 |    0.6362 |   2.81e-04 |     
    4 |     0.1433 |     0.7455 |    0.6288 |     0.1249 |     0.7776 |    0.6670 |   2.59e-04 |     
    5 |     0.1385 |     0.7532 |    0.6372 |     0.1294 |     0.7623 |    0.6477 |   2.31e-04 |     
    6 |     0.1322 |     0.7635 |    0.6498 |     0.1199 |     0.7896 |    0.6818 |   2.00e-04 |     
    7 |     0.1269 |     0.7728 |    0.6612 |     0.1228 |     0.7847 |    0.6751 |   1.69e-04 |     
    8 |     0.1217 |     0.7793 |    0.6692 |     0.1136 |     0.7979 |    0.6923 |   1.41e-04 |     
    9 |     0.1195 |     0.7835 |    0.6745 |     0.1192 |     0.7913 |    0.6831 |   1.19e-04 |     
   10 |     0.1163 |     0.7892 |    0.6813 |     0.1168 |     0.7850 |    0.6775 |   1.05e-04 |     
   11 |     0.1403 |     0.7517 |    0.6355 |     0.1291 |     0.7743 |    0.6602 |   3.00e-04 |     
   12 |     0.1316 |     0.7641 |    0.6512 |     0.1328 |     0.7636 |    0.6512 |   2.95e-04 |     
   13 |     0.1263 |     0.7730 |    0.6610 |     0.1408 |     0.7642 |    0.6509 |   2.81e-04 |     
   14 |     0.1252 |     0.7749 |    0.6635 |     0.1187 |     0.7935 |    0.6862 |   2.59e-04 |     
   15 |     0.1216 |     0.7807 |    0.6707 |     0.1123 |     0.7925 |    0.6844 |   2.31e-04 |     
   16 |     0.1180 |     0.7858 |    0.6774 |     0.1121 |     0.7992 |    0.6935 |   2.00e-04 |     
   17 |     0.1145 |     0.7921 |    0.6845 |     0.1114 |     0.7926 |    0.6854 |   1.69e-04 |     
   18 |     0.1124 |     0.7968 |    0.6900 |     0.1102 |     0.7951 |    0.6874 |   1.41e-04 |     
   19 |     0.1090 |     0.8008 |    0.6956 |     0.1142 |     0.7864 |    0.6784 |   1.19e-04 |     
   20 |     0.1076 |     0.8033 |    0.6987 |     0.1081 |     0.8027 |    0.6994 |   1.05e-04 |     
   21 |     0.1296 |     0.7684 |    0.6551 |     0.1237 |     0.7932 |    0.6871 |   3.00e-04 |     
   22 |     0.1231 |     0.7788 |    0.6680 |     0.1142 |     0.7894 |    0.6830 |   2.95e-04 |     
   23 |     0.1186 |     0.7855 |    0.6772 |     0.1121 |     0.7973 |    0.6918 |   2.81e-04 |     
   24 |     0.1175 |     0.7876 |    0.6793 |     0.1139 |     0.7888 |    0.6777 |   2.59e-04 |     
   25 |     0.1131 |     0.7947 |    0.6877 |     0.1212 |     0.7900 |    0.6812 |   2.31e-04 |     
   26 |     0.1134 |     0.7939 |    0.6870 |     0.1299 |     0.7857 |    0.6759 |   2.00e-04 |     
   27 |     0.1086 |     0.8025 |    0.6975 |     0.1125 |     0.8038 |    0.7003 |   1.69e-04 |     
   28 |     0.1069 |     0.8047 |    0.7000 |     0.1081 |     0.8043 |    0.7013 |   1.41e-04 |     
   29 |     0.1049 |     0.8077 |    0.7042 |     0.1050 |     0.8113 |    0.7096 |   1.19e-04 |     
   30 |     0.1030 |     0.8122 |    0.7095 |     0.1044 |     0.8053 |    0.7023 |   1.05e-04 |     
   31 |     0.1188 |     0.7865 |    0.6768 |     0.1150 |     0.7858 |    0.6746 |   3.00e-04 |     
   32 |     0.1153 |     0.7911 |    0.6832 |     0.1292 |     0.7794 |    0.6715 |   2.95e-04 |     
   33 |     0.1150 |     0.7921 |    0.6843 |     0.1150 |     0.8012 |    0.6967 |   2.81e-04 |     
   34 |     0.1112 |     0.7986 |    0.6925 |     0.1107 |     0.8075 |    0.7053 |   2.59e-04 |     
   35 |     0.1107 |     0.7991 |    0.6931 |     0.1144 |     0.7942 |    0.6877 |   2.31e-04 |     
   36 |     0.1077 |     0.8042 |    0.7001 |     0.1050 |     0.8097 |    0.7081 |   2.00e-04 |     
   37 |     0.1045 |     0.8089 |    0.7059 |     0.1193 |     0.7762 |    0.6666 |   1.69e-04 |     
   38 |     0.1020 |     0.8126 |    0.7104 |     0.1119 |     0.8108 |    0.7088 |   1.41e-04 |     
   39 |     0.0996 |     0.8173 |    0.7164 |     0.1080 |     0.8134 |    0.7133 |   1.19e-04 |     
   40 |     0.0989 |     0.8176 |    0.7170 |     0.1020 |     0.8155 |    0.7161 |   1.05e-04 |     
   41 |     0.1137 |     0.7945 |    0.6866 |     0.3099 |     0.6225 |    0.4941 |   3.00e-04 |     
   42 |     0.1136 |     0.7949 |    0.6879 |     0.1140 |     0.7907 |    0.6855 |   2.95e-04 |     
   43 |     0.1107 |     0.7985 |    0.6929 |     0.1100 |     0.7960 |    0.6900 |   2.81e-04 |     
   44 |     0.1067 |     0.8051 |    0.7006 |     0.1145 |     0.7889 |    0.6807 |   2.59e-04 |     
   45 |     0.1046 |     0.8089 |    0.7049 |     0.1109 |     0.7975 |    0.6921 |   2.31e-04 |     
   46 |     0.1043 |     0.8097 |    0.7062 |     0.1059 |     0.8083 |    0.7050 |   2.00e-04 |     
   47 |     0.1006 |     0.8146 |    0.7129 |     0.1071 |     0.8097 |    0.7069 |   1.69e-04 |     
   48 |     0.0987 |     0.8184 |    0.7173 |     0.1052 |     0.8093 |    0.7088 |   1.41e-04 |     
   49 |     0.0967 |     0.8222 |    0.7221 |     0.1041 |     0.8051 |    0.7025 |   1.19e-04 |     
   50 |     0.0957 |     0.8227 |    0.7229 |     0.1066 |     0.8117 |    0.7115 |   1.05e-04 |     
   51 |     0.1108 |     0.7993 |    0.6930 |     0.1240 |     0.7902 |    0.6823 |   3.00e-04 |     
   52 |     0.1137 |     0.7958 |    0.6892 |     0.1077 |     0.7969 |    0.6895 |   2.95e-04 |     
   53 |     0.1068 |     0.8050 |    0.7002 |     0.1120 |     0.7982 |    0.6946 |   2.81e-04 |     
   54 |     0.1054 |     0.8074 |    0.7040 |     0.1211 |     0.7929 |    0.6890 |   2.59e-04 |     
   55 |     0.1047 |     0.8090 |    0.7059 |     0.1051 |     0.8113 |    0.7097 |   2.31e-04 |     
   56 |     0.1020 |     0.8132 |    0.7106 |     0.1055 |     0.7994 |    0.6918 |   2.00e-04 |     
   57 |     0.0981 |     0.8203 |    0.7194 |     0.1013 |     0.8145 |    0.7134 |   1.69e-04 |     
   58 |     0.0964 |     0.8222 |    0.7217 |     0.1015 |     0.8175 |    0.7176 |   1.41e-04 |     
   59 |     0.0940 |     0.8267 |    0.7280 |     0.1005 |     0.8165 |    0.7155 |   1.19e-04 |     
   60 |     0.0920 |     0.8294 |    0.7310 |     0.1036 |     0.8130 |    0.7116 |   1.05e-04 |     
   61 |     0.1090 |     0.8024 |    0.6971 |     0.1143 |     0.7945 |    0.6901 |   3.00e-04 |     
   62 |     0.1052 |     0.8080 |    0.7040 |     0.1119 |     0.7920 |    0.6868 |   2.95e-04 |     
   63 |     0.1070 |     0.8064 |    0.7019 |     0.1052 |     0.8070 |    0.7036 |   2.81e-04 |     
   64 |     0.1006 |     0.8157 |    0.7134 |     0.1045 |     0.8126 |    0.7125 |   2.59e-04 |     
   65 |     0.1004 |     0.8165 |    0.7147 |     0.1140 |     0.8026 |    0.6987 |   2.31e-04 |     
   66 |     0.0977 |     0.8208 |    0.7198 |     0.1050 |     0.8105 |    0.7096 |   2.00e-04 |     
   67 |     0.0966 |     0.8219 |    0.7218 |     0.1059 |     0.8143 |    0.7145 |   1.69e-04 |     
   68 |     0.0946 |     0.8251 |    0.7257 |     0.1059 |     0.8140 |    0.7138 |   1.41e-04 |     
   69 |     0.0928 |     0.8291 |    0.7308 |     0.1027 |     0.8179 |    0.7193 |   1.19e-04 |     
   70 |     0.0907 |     0.8319 |    0.7342 |     0.1001 |     0.8177 |    0.7186 |   1.05e-04 |     
   71 |     0.1074 |     0.8061 |    0.7015 |     0.1105 |     0.7945 |    0.6857 |   3.00e-04 |     
   72 |     0.1041 |     0.8099 |    0.7068 |     0.1072 |     0.8051 |    0.7029 |   2.95e-04 |     
   73 |     0.1018 |     0.8138 |    0.7111 |     0.1084 |     0.8062 |    0.7033 |   2.81e-04 |     
   74 |     0.1011 |     0.8152 |    0.7133 |     0.1068 |     0.8087 |    0.7080 |   2.59e-04 |     
   75 |     0.0995 |     0.8173 |    0.7160 |     0.1038 |     0.8081 |    0.7053 |   2.31e-04 |     
   76 |     0.0968 |     0.8224 |    0.7223 |     0.1057 |     0.8124 |    0.7111 |   2.00e-04 |     
   77 |     0.0943 |     0.8258 |    0.7263 |     0.1050 |     0.8096 |    0.7086 |   1.69e-04 |     
   78 |     0.0929 |     0.8286 |    0.7300 |     0.1089 |     0.8057 |    0.7043 |   1.41e-04 |     
   79 |     0.0918 |     0.8302 |    0.7321 |     0.1013 |     0.8189 |    0.7203 |   1.19e-04 |    *
   80 |     0.0886 |     0.8361 |    0.7395 |     0.1019 |     0.8147 |    0.7147 |   1.05e-04 |     
--- RACE-PE 80e validation screen: control validation statistics ---
up4: ca=0.8395+/-0.1102, sa=1.0088+/-0.0060, amp=0.0000, suppress=0.0000, guide_abs=0.2397
up4 residuals: local_mean=6.448e-02, global_mean=0.0123, local_strength=0.1143, global_strength=0.1203, gain=[0.9880,1.0401], saturation=0.0173, text_film=0.0294
up4 haar: reconstruction_error=9.537e-07, skip_low/high=0.7841/0.2159, plam_low/high=1.0000/0.0000
up4 strengths: plam=0.8934, region=0.1143, detail=0.1203; residual_std region/detail/refine=0.3252/0.4855/0.4371
up4 guide_mix: entropy=0.9814, raw_low=0.3434, plam_low=0.2298, decoder_low=0.2414, detail=0.1854; agreement plam/decoder=0.2946/0.0330, support=0.7569+/-0.0905
up4 adaptive_frequency: ALPF strength=0.2647, weights=0.1361/0.7264/0.1376, sum=1.0000, entropy=0.7046, delta_std=0.0667; AHPF strength=0.0705, weights=0.3463/0.4964/0.1573, sum=1.0000, entropy=0.9092, residual_std=0.0920, scaled_std=0.0065
up3: ca=0.9480+/-0.1513, sa=1.0142+/-0.0053, amp=0.0000, suppress=0.0000, guide_abs=0.1964
up3 residuals: local_mean=2.796e-02, global_mean=0.0866, local_strength=0.1176, global_strength=0.1258, gain=[0.9956,1.0432], saturation=0.0048, text_film=0.0435
up3 haar: reconstruction_error=9.537e-07, skip_low/high=0.7397/0.2603, plam_low/high=1.0000/0.0000
up3 strengths: plam=0.8569, region=0.1176, detail=0.1258; residual_std region/detail/refine=0.3947/0.4939/0.4170
up3 guide_mix: entropy=0.9785, raw_low=0.3203, plam_low=0.1881, decoder_low=0.3005, detail=0.1911; agreement plam/decoder=0.4539/0.4186, support=0.6823+/-0.0976
up3 adaptive_frequency: ALPF strength=0.2859, weights=0.1021/0.4152/0.4826, sum=1.0000, entropy=0.7042, delta_std=0.0692; AHPF strength=0.1343, weights=0.6325/0.1774/0.1902, sum=1.0000, entropy=0.7182, residual_std=0.0857, scaled_std=0.0115
up2: ca=0.8351+/-0.1338, sa=1.0063+/-0.0032, amp=0.0000, suppress=0.0000, guide_abs=0.4017
up2 residuals: local_mean=5.179e-03, global_mean=0.0479, local_strength=0.1387, global_strength=0.1159, gain=[0.9745,1.0417], saturation=0.0088, text_film=0.0736
up2 haar: reconstruction_error=9.537e-07, skip_low/high=0.7773/0.2227, plam_low/high=1.0000/0.0000
up2 strengths: plam=0.7039, region=0.1387, detail=0.1159; residual_std region/detail/refine=0.2300/0.3140/0.1351
up2 guide_mix: entropy=0.9489, raw_low=0.3335, plam_low=0.1481, decoder_low=0.3515, detail=0.1669; agreement plam/decoder=0.6765/0.3390, support=0.7817+/-0.0513
up1: ca=0.7675+/-0.1398, sa=1.0107+/-0.0097, amp=0.0000, suppress=0.0000, guide_abs=0.1658
up1 residuals: local_mean=6.774e-03, global_mean=0.1241, local_strength=0.1318, global_strength=0.0805, gain=[0.9239,1.0799], saturation=0.0000, text_film=0.0393
up1 haar: reconstruction_error=1.907e-06, skip_low/high=0.7204/0.2796, plam_low/high=1.0000/0.0000
up1 strengths: plam=0.8607, region=0.1318, detail=0.0805; residual_std region/detail/refine=0.2138/0.4395/0.2943
up1 guide_mix: entropy=0.9202, raw_low=0.3216, plam_low=0.1448, decoder_low=0.4040, detail=0.1297; agreement plam/decoder=0.2541/0.1144, support=0.6076+/-0.0517
